2025-05-20 08:27:20,533 [INFO] BC_ExperimentRunner: Starting All Breast Cancer Experiments...
2025-05-20 08:27:20,533 [INFO] BC_ExperimentRunner: ========== Starting BC_MLP_FedAvg_IID_FullFeat ==========
2025-05-20 08:27:20,533 [INFO] BC_ExperimentRunner: --- Setting up experiment: BC_MLP_FedAvg_IID_FullFeat for dataset breast_cancer ---
2025-05-20 08:27:21,895 [INFO] src.utils.data_utils: Set all random seeds to 42
2025-05-20 08:27:21,895 [INFO] BC_ExperimentRunner: Experiment 'BC_MLP_FedAvg_IID_FullFeat' will use tensor_dtype: torch.float32
2025-05-20 08:27:21,896 [INFO] src.utils.data_utils: Loading dataset: breast_cancer, PCA features=None, Scaling=standard, Subset size=None, Dtype=torch.float32
2025-05-20 08:27:21,896 [INFO] src.utils.data_utils: Set all random seeds to 42
2025-05-20 08:27:21,904 [INFO] src.utils.data_utils: Data preparation complete for 'breast_cancer'. Train size: 455, Test size: 114, Features: 30, Classes: 2
2025-05-20 08:27:21,907 [INFO] BC_ExperimentRunner: Successfully loaded configuration from /home/dhanraj/quantum_federated_simulator/configs/federated/server_config.yaml
2025-05-20 08:27:21,910 [INFO] BC_ExperimentRunner: Successfully loaded configuration from /home/dhanraj/quantum_federated_simulator/configs/federated/client_config.yaml
2025-05-20 08:27:21,912 [INFO] BC_ExperimentRunner: Successfully loaded configuration from /home/dhanraj/quantum_federated_simulator/configs/federated/default_aggregation.yaml
2025-05-20 08:27:21,913 [INFO] BC_ExperimentRunner: Creating model of type: classical_mlp with n_features=30, n_classes=2, initial_dtype_request=torch.float32
2025-05-20 08:27:21,914 [INFO] BC_ExperimentRunner: Model 'classical_mlp' parameters set to dtype: torch.float32
2025-05-20 08:27:21,914 [INFO] src.federated.aggregation: Creating aggregation strategy of type: fedavg
2025-05-20 08:27:21,914 [INFO] BC_ExperimentRunner: Using aggregation strategy: FedAvg (base: FedAvg)
2025-05-20 08:27:22,225 [INFO] src.federated.server: Federated server initialized on device 'cuda' with aggregation strategy: FedAvg
2025-05-20 08:27:22,225 [INFO] BC_ExperimentRunner: Creating model of type: classical_mlp with n_features=30, n_classes=2, initial_dtype_request=torch.float32
2025-05-20 08:27:22,225 [INFO] BC_ExperimentRunner: Model 'classical_mlp' parameters set to dtype: torch.float32
2025-05-20 08:27:23,052 [INFO] src.federated.client: Client classical_mlp_client_0 initialized on device 'cuda' with 91 samples.
2025-05-20 08:27:23,052 [INFO] BC_ExperimentRunner: Creating model of type: classical_mlp with n_features=30, n_classes=2, initial_dtype_request=torch.float32
2025-05-20 08:27:23,053 [INFO] BC_ExperimentRunner: Model 'classical_mlp' parameters set to dtype: torch.float32
2025-05-20 08:27:23,055 [INFO] src.federated.client: Client classical_mlp_client_1 initialized on device 'cuda' with 91 samples.
2025-05-20 08:27:23,055 [INFO] BC_ExperimentRunner: Creating model of type: classical_mlp with n_features=30, n_classes=2, initial_dtype_request=torch.float32
2025-05-20 08:27:23,056 [INFO] BC_ExperimentRunner: Model 'classical_mlp' parameters set to dtype: torch.float32
2025-05-20 08:27:23,056 [INFO] src.federated.client: Client classical_mlp_client_2 initialized on device 'cuda' with 91 samples.
2025-05-20 08:27:23,056 [INFO] BC_ExperimentRunner: Creating model of type: classical_mlp with n_features=30, n_classes=2, initial_dtype_request=torch.float32
2025-05-20 08:27:23,057 [INFO] BC_ExperimentRunner: Model 'classical_mlp' parameters set to dtype: torch.float32
2025-05-20 08:27:23,057 [INFO] src.federated.client: Client classical_mlp_client_3 initialized on device 'cuda' with 91 samples.
2025-05-20 08:27:23,058 [INFO] BC_ExperimentRunner: Creating model of type: classical_mlp with n_features=30, n_classes=2, initial_dtype_request=torch.float32
2025-05-20 08:27:23,058 [INFO] BC_ExperimentRunner: Model 'classical_mlp' parameters set to dtype: torch.float32
2025-05-20 08:27:23,059 [INFO] src.federated.client: Client classical_mlp_client_4 initialized on device 'cuda' with 91 samples.
2025-05-20 08:27:23,059 [INFO] src.federated.server: Registered client 'classical_mlp_client_0'. Total clients: 1.
2025-05-20 08:27:23,059 [INFO] src.federated.server: Registered client 'classical_mlp_client_1'. Total clients: 2.
2025-05-20 08:27:23,059 [INFO] src.federated.server: Registered client 'classical_mlp_client_2'. Total clients: 3.
2025-05-20 08:27:23,059 [INFO] src.federated.server: Registered client 'classical_mlp_client_3'. Total clients: 4.
2025-05-20 08:27:23,059 [INFO] src.federated.server: Registered client 'classical_mlp_client_4'. Total clients: 5.
2025-05-20 08:27:23,059 [INFO] BC_ExperimentRunner: --- Scenario setup complete for BC_MLP_FedAvg_IID_FullFeat ---
2025-05-20 08:27:23,059 [INFO] src.federated.server: Starting federated training process for 5 rounds.
2025-05-20 08:27:23,059 [INFO] src.federated.server: Config: local_epochs=3, client_fraction=0.1, min_clients=3, FedProx mu=0.0
2025-05-20 08:27:23,059 [INFO] src.federated.server: Performing initial evaluation of global model...
2025-05-20 08:27:23,215 [INFO] src.federated.server: Initial Evaluation Metrics: {'loss': 0.7119773626327515, 'accuracy': 0.3684210526315789}
2025-05-20 08:27:23,216 [INFO] src.federated.server: ===== Starting Round 1/5 =====
2025-05-20 08:27:23,216 [INFO] src.federated.server: Starting federated training round...
2025-05-20 08:27:23,216 [INFO] src.federated.server: Selected 3 clients out of 5 available (fraction=0.1, min_clients=3): ['classical_mlp_client_0', 'classical_mlp_client_4', 'classical_mlp_client_2']
2025-05-20 08:27:23,217 [INFO] src.federated.client: Client classical_mlp_client_0: Starting local training for 3 epochs. Proximal term mu=0.0.
2025-05-20 08:27:23,315 [INFO] src.federated.client: Client classical_mlp_client_0 - Epoch 1/3 completed. Average Loss: 0.7019
2025-05-20 08:27:23,321 [INFO] src.federated.client: Client classical_mlp_client_0 - Epoch 2/3 completed. Average Loss: 0.6574
2025-05-20 08:27:23,327 [INFO] src.federated.client: Client classical_mlp_client_0 - Epoch 3/3 completed. Average Loss: 0.6177
2025-05-20 08:27:23,328 [INFO] src.federated.client: Client classical_mlp_client_0: Local training finished. Processed 273 samples.
2025-05-20 08:27:23,328 [INFO] src.federated.client: Client classical_mlp_client_4: Starting local training for 3 epochs. Proximal term mu=0.0.
2025-05-20 08:27:23,336 [INFO] src.federated.client: Client classical_mlp_client_4 - Epoch 1/3 completed. Average Loss: 0.7091
2025-05-20 08:27:23,342 [INFO] src.federated.client: Client classical_mlp_client_4 - Epoch 2/3 completed. Average Loss: 0.6556
2025-05-20 08:27:23,351 [INFO] src.federated.client: Client classical_mlp_client_4 - Epoch 3/3 completed. Average Loss: 0.6103
2025-05-20 08:27:23,352 [INFO] src.federated.client: Client classical_mlp_client_4: Local training finished. Processed 273 samples.
2025-05-20 08:27:23,353 [INFO] src.federated.client: Client classical_mlp_client_2: Starting local training for 3 epochs. Proximal term mu=0.0.
2025-05-20 08:27:23,361 [INFO] src.federated.client: Client classical_mlp_client_2 - Epoch 1/3 completed. Average Loss: 0.7050
2025-05-20 08:27:23,368 [INFO] src.federated.client: Client classical_mlp_client_2 - Epoch 2/3 completed. Average Loss: 0.6537
2025-05-20 08:27:23,376 [INFO] src.federated.client: Client classical_mlp_client_2 - Epoch 3/3 completed. Average Loss: 0.6103
2025-05-20 08:27:23,377 [INFO] src.federated.client: Client classical_mlp_client_2: Local training finished. Processed 273 samples.
2025-05-20 08:27:23,377 [INFO] src.federated.server: Aggregating updates from 3 clients using FedAvg.
2025-05-20 08:27:23,377 [INFO] src.federated.aggregation: FedAvg: Aggregating updates from 3 clients.
2025-05-20 08:27:23,378 [INFO] src.federated.aggregation: FedAvg: Aggregation complete.
2025-05-20 08:27:23,378 [INFO] src.federated.server: Global model updated with aggregated parameters.
2025-05-20 08:27:23,379 [INFO] src.federated.server: Evaluating updated global model...
2025-05-20 08:27:23,381 [INFO] src.federated.server: Round 1 completed in 0.17s. Eval Metrics: {'loss': 0.5987380743026733, 'accuracy': 0.8596491228070176}
2025-05-20 08:27:23,382 [INFO] src.federated.server: ===== Starting Round 2/5 =====
2025-05-20 08:27:23,382 [INFO] src.federated.server: Starting federated training round...
2025-05-20 08:27:23,382 [INFO] src.federated.server: Selected 3 clients out of 5 available (fraction=0.1, min_clients=3): ['classical_mlp_client_2', 'classical_mlp_client_1', 'classical_mlp_client_0']
2025-05-20 08:27:23,383 [INFO] src.federated.client: Client classical_mlp_client_2: Starting local training for 3 epochs. Proximal term mu=0.0.
2025-05-20 08:27:23,392 [INFO] src.federated.client: Client classical_mlp_client_2 - Epoch 1/3 completed. Average Loss: 0.5683
2025-05-20 08:27:23,399 [INFO] src.federated.client: Client classical_mlp_client_2 - Epoch 2/3 completed. Average Loss: 0.5224
2025-05-20 08:27:23,407 [INFO] src.federated.client: Client classical_mlp_client_2 - Epoch 3/3 completed. Average Loss: 0.4750
2025-05-20 08:27:23,408 [INFO] src.federated.client: Client classical_mlp_client_2: Local training finished. Processed 273 samples.
2025-05-20 08:27:23,409 [INFO] src.federated.client: Client classical_mlp_client_1: Starting local training for 3 epochs. Proximal term mu=0.0.
2025-05-20 08:27:23,418 [INFO] src.federated.client: Client classical_mlp_client_1 - Epoch 1/3 completed. Average Loss: 0.5870
2025-05-20 08:27:23,427 [INFO] src.federated.client: Client classical_mlp_client_1 - Epoch 2/3 completed. Average Loss: 0.5385
2025-05-20 08:27:23,436 [INFO] src.federated.client: Client classical_mlp_client_1 - Epoch 3/3 completed. Average Loss: 0.4919
2025-05-20 08:27:23,437 [INFO] src.federated.client: Client classical_mlp_client_1: Local training finished. Processed 273 samples.
2025-05-20 08:27:23,437 [INFO] src.federated.client: Client classical_mlp_client_0: Starting local training for 3 epochs. Proximal term mu=0.0.
2025-05-20 08:27:23,445 [INFO] src.federated.client: Client classical_mlp_client_0 - Epoch 1/3 completed. Average Loss: 0.5817
2025-05-20 08:27:23,454 [INFO] src.federated.client: Client classical_mlp_client_0 - Epoch 2/3 completed. Average Loss: 0.5398
2025-05-20 08:27:23,463 [INFO] src.federated.client: Client classical_mlp_client_0 - Epoch 3/3 completed. Average Loss: 0.4949
2025-05-20 08:27:23,463 [INFO] src.federated.client: Client classical_mlp_client_0: Local training finished. Processed 273 samples.
2025-05-20 08:27:23,464 [INFO] src.federated.server: Aggregating updates from 3 clients using FedAvg.
2025-05-20 08:27:23,464 [INFO] src.federated.aggregation: FedAvg: Aggregating updates from 3 clients.
2025-05-20 08:27:23,465 [INFO] src.federated.aggregation: FedAvg: Aggregation complete.
2025-05-20 08:27:23,465 [INFO] src.federated.server: Global model updated with aggregated parameters.
2025-05-20 08:27:23,465 [INFO] src.federated.server: Evaluating updated global model...
2025-05-20 08:27:23,467 [INFO] src.federated.server: Round 2 completed in 0.09s. Eval Metrics: {'loss': 0.4760989546775818, 'accuracy': 0.9385964912280702}
2025-05-20 08:27:23,468 [INFO] src.federated.server: ===== Starting Round 3/5 =====
2025-05-20 08:27:23,468 [INFO] src.federated.server: Starting federated training round...
2025-05-20 08:27:23,468 [INFO] src.federated.server: Selected 3 clients out of 5 available (fraction=0.1, min_clients=3): ['classical_mlp_client_1', 'classical_mlp_client_0', 'classical_mlp_client_2']
2025-05-20 08:27:23,469 [INFO] src.federated.client: Client classical_mlp_client_1: Starting local training for 3 epochs. Proximal term mu=0.0.
2025-05-20 08:27:23,477 [INFO] src.federated.client: Client classical_mlp_client_1 - Epoch 1/3 completed. Average Loss: 0.4500
2025-05-20 08:27:23,504 [INFO] src.federated.client: Client classical_mlp_client_1 - Epoch 2/3 completed. Average Loss: 0.4017
2025-05-20 08:27:23,523 [INFO] src.federated.client: Client classical_mlp_client_1 - Epoch 3/3 completed. Average Loss: 0.3535
2025-05-20 08:27:23,524 [INFO] src.federated.client: Client classical_mlp_client_1: Local training finished. Processed 273 samples.
2025-05-20 08:27:23,525 [INFO] src.federated.client: Client classical_mlp_client_0: Starting local training for 3 epochs. Proximal term mu=0.0.
2025-05-20 08:27:23,540 [INFO] src.federated.client: Client classical_mlp_client_0 - Epoch 1/3 completed. Average Loss: 0.4523
2025-05-20 08:27:23,549 [INFO] src.federated.client: Client classical_mlp_client_0 - Epoch 2/3 completed. Average Loss: 0.4039
2025-05-20 08:27:23,564 [INFO] src.federated.client: Client classical_mlp_client_0 - Epoch 3/3 completed. Average Loss: 0.3564
2025-05-20 08:27:23,565 [INFO] src.federated.client: Client classical_mlp_client_0: Local training finished. Processed 273 samples.
2025-05-20 08:27:23,566 [INFO] src.federated.client: Client classical_mlp_client_2: Starting local training for 3 epochs. Proximal term mu=0.0.
2025-05-20 08:27:23,581 [INFO] src.federated.client: Client classical_mlp_client_2 - Epoch 1/3 completed. Average Loss: 0.4239
2025-05-20 08:27:23,592 [INFO] src.federated.client: Client classical_mlp_client_2 - Epoch 2/3 completed. Average Loss: 0.3727
2025-05-20 08:27:23,601 [INFO] src.federated.client: Client classical_mlp_client_2 - Epoch 3/3 completed. Average Loss: 0.3231
2025-05-20 08:27:23,601 [INFO] src.federated.client: Client classical_mlp_client_2: Local training finished. Processed 273 samples.
2025-05-20 08:27:23,602 [INFO] src.federated.server: Aggregating updates from 3 clients using FedAvg.
2025-05-20 08:27:23,602 [INFO] src.federated.aggregation: FedAvg: Aggregating updates from 3 clients.
2025-05-20 08:27:23,602 [INFO] src.federated.aggregation: FedAvg: Aggregation complete.
2025-05-20 08:27:23,603 [INFO] src.federated.server: Global model updated with aggregated parameters.
2025-05-20 08:27:23,604 [INFO] src.federated.server: Evaluating updated global model...
2025-05-20 08:27:23,606 [INFO] src.federated.server: Round 3 completed in 0.14s. Eval Metrics: {'loss': 0.34171128273010254, 'accuracy': 0.956140350877193}
2025-05-20 08:27:23,606 [INFO] src.federated.server: ===== Starting Round 4/5 =====
2025-05-20 08:27:23,606 [INFO] src.federated.server: Starting federated training round...
2025-05-20 08:27:23,607 [INFO] src.federated.server: Selected 3 clients out of 5 available (fraction=0.1, min_clients=3): ['classical_mlp_client_4', 'classical_mlp_client_0', 'classical_mlp_client_2']
2025-05-20 08:27:23,608 [INFO] src.federated.client: Client classical_mlp_client_4: Starting local training for 3 epochs. Proximal term mu=0.0.
2025-05-20 08:27:23,618 [INFO] src.federated.client: Client classical_mlp_client_4 - Epoch 1/3 completed. Average Loss: 0.2831
2025-05-20 08:27:23,631 [INFO] src.federated.client: Client classical_mlp_client_4 - Epoch 2/3 completed. Average Loss: 0.2416
2025-05-20 08:27:23,641 [INFO] src.federated.client: Client classical_mlp_client_4 - Epoch 3/3 completed. Average Loss: 0.2029
2025-05-20 08:27:23,642 [INFO] src.federated.client: Client classical_mlp_client_4: Local training finished. Processed 273 samples.
2025-05-20 08:27:23,643 [INFO] src.federated.client: Client classical_mlp_client_0: Starting local training for 3 epochs. Proximal term mu=0.0.
2025-05-20 08:27:23,655 [INFO] src.federated.client: Client classical_mlp_client_0 - Epoch 1/3 completed. Average Loss: 0.3158
2025-05-20 08:27:23,666 [INFO] src.federated.client: Client classical_mlp_client_0 - Epoch 2/3 completed. Average Loss: 0.2729
2025-05-20 08:27:23,674 [INFO] src.federated.client: Client classical_mlp_client_0 - Epoch 3/3 completed. Average Loss: 0.2354
2025-05-20 08:27:23,675 [INFO] src.federated.client: Client classical_mlp_client_0: Local training finished. Processed 273 samples.
2025-05-20 08:27:23,676 [INFO] src.federated.client: Client classical_mlp_client_2: Starting local training for 3 epochs. Proximal term mu=0.0.
2025-05-20 08:27:23,686 [INFO] src.federated.client: Client classical_mlp_client_2 - Epoch 1/3 completed. Average Loss: 0.2782
2025-05-20 08:27:23,697 [INFO] src.federated.client: Client classical_mlp_client_2 - Epoch 2/3 completed. Average Loss: 0.2342
2025-05-20 08:27:23,705 [INFO] src.federated.client: Client classical_mlp_client_2 - Epoch 3/3 completed. Average Loss: 0.1974
2025-05-20 08:27:23,706 [INFO] src.federated.client: Client classical_mlp_client_2: Local training finished. Processed 273 samples.
2025-05-20 08:27:23,706 [INFO] src.federated.server: Aggregating updates from 3 clients using FedAvg.
2025-05-20 08:27:23,706 [INFO] src.federated.aggregation: FedAvg: Aggregating updates from 3 clients.
2025-05-20 08:27:23,707 [INFO] src.federated.aggregation: FedAvg: Aggregation complete.
2025-05-20 08:27:23,708 [INFO] src.federated.server: Global model updated with aggregated parameters.
2025-05-20 08:27:23,708 [INFO] src.federated.server: Evaluating updated global model...
2025-05-20 08:27:23,711 [INFO] src.federated.server: Round 4 completed in 0.10s. Eval Metrics: {'loss': 0.23601482808589935, 'accuracy': 0.956140350877193}
2025-05-20 08:27:23,711 [INFO] src.federated.server: ===== Starting Round 5/5 =====
2025-05-20 08:27:23,711 [INFO] src.federated.server: Starting federated training round...
2025-05-20 08:27:23,711 [INFO] src.federated.server: Selected 3 clients out of 5 available (fraction=0.1, min_clients=3): ['classical_mlp_client_3', 'classical_mlp_client_0', 'classical_mlp_client_4']
2025-05-20 08:27:23,712 [INFO] src.federated.client: Client classical_mlp_client_3: Starting local training for 3 epochs. Proximal term mu=0.0.
2025-05-20 08:27:23,726 [INFO] src.federated.client: Client classical_mlp_client_3 - Epoch 1/3 completed. Average Loss: 0.2553
2025-05-20 08:27:23,737 [INFO] src.federated.client: Client classical_mlp_client_3 - Epoch 2/3 completed. Average Loss: 0.2230
2025-05-20 08:27:23,749 [INFO] src.federated.client: Client classical_mlp_client_3 - Epoch 3/3 completed. Average Loss: 0.2000
2025-05-20 08:27:23,750 [INFO] src.federated.client: Client classical_mlp_client_3: Local training finished. Processed 273 samples.
2025-05-20 08:27:23,751 [INFO] src.federated.client: Client classical_mlp_client_0: Starting local training for 3 epochs. Proximal term mu=0.0.
2025-05-20 08:27:23,761 [INFO] src.federated.client: Client classical_mlp_client_0 - Epoch 1/3 completed. Average Loss: 0.2127
2025-05-20 08:27:23,772 [INFO] src.federated.client: Client classical_mlp_client_0 - Epoch 2/3 completed. Average Loss: 0.1849
2025-05-20 08:27:23,779 [INFO] src.federated.client: Client classical_mlp_client_0 - Epoch 3/3 completed. Average Loss: 0.1611
2025-05-20 08:27:23,780 [INFO] src.federated.client: Client classical_mlp_client_0: Local training finished. Processed 273 samples.
2025-05-20 08:27:23,781 [INFO] src.federated.client: Client classical_mlp_client_4: Starting local training for 3 epochs. Proximal term mu=0.0.
2025-05-20 08:27:23,793 [INFO] src.federated.client: Client classical_mlp_client_4 - Epoch 1/3 completed. Average Loss: 0.1644
2025-05-20 08:27:23,803 [INFO] src.federated.client: Client classical_mlp_client_4 - Epoch 2/3 completed. Average Loss: 0.1357
2025-05-20 08:27:23,813 [INFO] src.federated.client: Client classical_mlp_client_4 - Epoch 3/3 completed. Average Loss: 0.1104
2025-05-20 08:27:23,813 [INFO] src.federated.client: Client classical_mlp_client_4: Local training finished. Processed 273 samples.
2025-05-20 08:27:23,814 [INFO] src.federated.server: Aggregating updates from 3 clients using FedAvg.
2025-05-20 08:27:23,814 [INFO] src.federated.aggregation: FedAvg: Aggregating updates from 3 clients.
2025-05-20 08:27:23,815 [INFO] src.federated.aggregation: FedAvg: Aggregation complete.
2025-05-20 08:27:23,815 [INFO] src.federated.server: Global model updated with aggregated parameters.
2025-05-20 08:27:23,815 [INFO] src.federated.server: Evaluating updated global model...
2025-05-20 08:27:23,817 [INFO] src.federated.server: Round 5 completed in 0.11s. Eval Metrics: {'loss': 0.17213810980319977, 'accuracy': 0.9649122807017544}
2025-05-20 08:27:23,817 [INFO] src.federated.server: Federated training process completed after 5 rounds.
2025-05-20 08:27:23,817 [INFO] BC_ExperimentRunner: ========== Finished BC_MLP_FedAvg_IID_FullFeat ==========

2025-05-20 08:27:23,818 [INFO] BC_ExperimentRunner: ========== Starting BC_MLP_FedAvg_NonIID_a0.3_FullFeat ==========
2025-05-20 08:27:23,818 [INFO] BC_ExperimentRunner: --- Setting up experiment: BC_MLP_FedAvg_NonIID_a0.3_FullFeat for dataset breast_cancer ---
2025-05-20 08:27:23,819 [INFO] src.utils.data_utils: Set all random seeds to 42
2025-05-20 08:27:23,819 [INFO] BC_ExperimentRunner: Experiment 'BC_MLP_FedAvg_NonIID_a0.3_FullFeat' will use tensor_dtype: torch.float32
2025-05-20 08:27:23,819 [INFO] src.utils.data_utils: Loading dataset: breast_cancer, PCA features=None, Scaling=standard, Subset size=None, Dtype=torch.float32
2025-05-20 08:27:23,819 [INFO] src.utils.data_utils: Set all random seeds to 42
2025-05-20 08:27:23,827 [INFO] src.utils.data_utils: Data preparation complete for 'breast_cancer'. Train size: 455, Test size: 114, Features: 30, Classes: 2
2025-05-20 08:27:23,831 [INFO] BC_ExperimentRunner: Successfully loaded configuration from /home/dhanraj/quantum_federated_simulator/configs/federated/server_config.yaml
2025-05-20 08:27:23,833 [INFO] BC_ExperimentRunner: Successfully loaded configuration from /home/dhanraj/quantum_federated_simulator/configs/federated/client_config.yaml
2025-05-20 08:27:23,836 [INFO] BC_ExperimentRunner: Successfully loaded configuration from /home/dhanraj/quantum_federated_simulator/configs/federated/default_aggregation.yaml
2025-05-20 08:27:23,838 [INFO] BC_ExperimentRunner: Creating model of type: classical_mlp with n_features=30, n_classes=2, initial_dtype_request=torch.float32
2025-05-20 08:27:23,838 [INFO] BC_ExperimentRunner: Model 'classical_mlp' parameters set to dtype: torch.float32
2025-05-20 08:27:23,839 [INFO] src.federated.aggregation: Creating aggregation strategy of type: fedavg
2025-05-20 08:27:23,839 [INFO] BC_ExperimentRunner: Using aggregation strategy: FedAvg (base: FedAvg)
2025-05-20 08:27:23,840 [INFO] src.federated.server: Federated server initialized on device 'cuda' with aggregation strategy: FedAvg
2025-05-20 08:27:23,840 [INFO] BC_ExperimentRunner: Creating model of type: classical_mlp with n_features=30, n_classes=2, initial_dtype_request=torch.float32
2025-05-20 08:27:23,841 [INFO] BC_ExperimentRunner: Model 'classical_mlp' parameters set to dtype: torch.float32
2025-05-20 08:27:23,842 [INFO] src.federated.client: Client classical_mlp_client_0 initialized on device 'cuda' with 11 samples.
2025-05-20 08:27:23,842 [INFO] BC_ExperimentRunner: Creating model of type: classical_mlp with n_features=30, n_classes=2, initial_dtype_request=torch.float32
2025-05-20 08:27:23,843 [INFO] BC_ExperimentRunner: Model 'classical_mlp' parameters set to dtype: torch.float32
2025-05-20 08:27:23,844 [INFO] src.federated.client: Client classical_mlp_client_1 initialized on device 'cuda' with 357 samples.
2025-05-20 08:27:23,844 [INFO] BC_ExperimentRunner: Creating model of type: classical_mlp with n_features=30, n_classes=2, initial_dtype_request=torch.float32
2025-05-20 08:27:23,845 [INFO] BC_ExperimentRunner: Model 'classical_mlp' parameters set to dtype: torch.float32
2025-05-20 08:27:23,846 [INFO] src.federated.client: Client classical_mlp_client_2 initialized on device 'cuda' with 2 samples.
2025-05-20 08:27:23,846 [INFO] BC_ExperimentRunner: Creating model of type: classical_mlp with n_features=30, n_classes=2, initial_dtype_request=torch.float32
2025-05-20 08:27:23,847 [INFO] BC_ExperimentRunner: Model 'classical_mlp' parameters set to dtype: torch.float32
2025-05-20 08:27:23,848 [INFO] src.federated.client: Client classical_mlp_client_3 initialized on device 'cuda' with 7 samples.
2025-05-20 08:27:23,848 [INFO] BC_ExperimentRunner: Creating model of type: classical_mlp with n_features=30, n_classes=2, initial_dtype_request=torch.float32
2025-05-20 08:27:23,848 [INFO] BC_ExperimentRunner: Model 'classical_mlp' parameters set to dtype: torch.float32
2025-05-20 08:27:23,849 [INFO] src.federated.client: Client classical_mlp_client_4 initialized on device 'cuda' with 78 samples.
2025-05-20 08:27:23,850 [INFO] src.federated.server: Registered client 'classical_mlp_client_0'. Total clients: 1.
2025-05-20 08:27:23,850 [INFO] src.federated.server: Registered client 'classical_mlp_client_1'. Total clients: 2.
2025-05-20 08:27:23,850 [INFO] src.federated.server: Registered client 'classical_mlp_client_2'. Total clients: 3.
2025-05-20 08:27:23,850 [INFO] src.federated.server: Registered client 'classical_mlp_client_3'. Total clients: 4.
2025-05-20 08:27:23,850 [INFO] src.federated.server: Registered client 'classical_mlp_client_4'. Total clients: 5.
2025-05-20 08:27:23,850 [INFO] BC_ExperimentRunner: --- Scenario setup complete for BC_MLP_FedAvg_NonIID_a0.3_FullFeat ---
2025-05-20 08:27:23,851 [INFO] src.federated.server: Starting federated training process for 5 rounds.
2025-05-20 08:27:23,851 [INFO] src.federated.server: Config: local_epochs=3, client_fraction=0.1, min_clients=3, FedProx mu=0.0
2025-05-20 08:27:23,851 [INFO] src.federated.server: Performing initial evaluation of global model...
2025-05-20 08:27:23,855 [INFO] src.federated.server: Initial Evaluation Metrics: {'loss': 0.7107932567596436, 'accuracy': 0.40350877192982454}
2025-05-20 08:27:23,855 [INFO] src.federated.server: ===== Starting Round 1/5 =====
2025-05-20 08:27:23,855 [INFO] src.federated.server: Starting federated training round...
2025-05-20 08:27:23,855 [INFO] src.federated.server: Selected 3 clients out of 5 available (fraction=0.1, min_clients=3): ['classical_mlp_client_1', 'classical_mlp_client_4', 'classical_mlp_client_3']
2025-05-20 08:27:23,857 [INFO] src.federated.client: Client classical_mlp_client_1: Starting local training for 3 epochs. Proximal term mu=0.0.
2025-05-20 08:27:23,900 [INFO] src.federated.client: Client classical_mlp_client_1 - Epoch 1/3 completed. Average Loss: 0.6472
2025-05-20 08:27:23,932 [INFO] src.federated.client: Client classical_mlp_client_1 - Epoch 2/3 completed. Average Loss: 0.5018
2025-05-20 08:27:23,958 [INFO] src.federated.client: Client classical_mlp_client_1 - Epoch 3/3 completed. Average Loss: 0.3288
2025-05-20 08:27:23,958 [INFO] src.federated.client: Client classical_mlp_client_1: Local training finished. Processed 1071 samples.
2025-05-20 08:27:23,959 [INFO] src.federated.client: Client classical_mlp_client_4: Starting local training for 3 epochs. Proximal term mu=0.0.
2025-05-20 08:27:23,966 [INFO] src.federated.client: Client classical_mlp_client_4 - Epoch 1/3 completed. Average Loss: 0.7094
2025-05-20 08:27:23,974 [INFO] src.federated.client: Client classical_mlp_client_4 - Epoch 2/3 completed. Average Loss: 0.6597
2025-05-20 08:27:23,980 [INFO] src.federated.client: Client classical_mlp_client_4 - Epoch 3/3 completed. Average Loss: 0.6198
2025-05-20 08:27:23,981 [INFO] src.federated.client: Client classical_mlp_client_4: Local training finished. Processed 234 samples.
2025-05-20 08:27:23,982 [INFO] src.federated.client: Client classical_mlp_client_3: Starting local training for 3 epochs. Proximal term mu=0.0.
2025-05-20 08:27:23,985 [INFO] src.federated.client: Client classical_mlp_client_3 - Epoch 1/3 completed. Average Loss: 0.6567
2025-05-20 08:27:23,988 [INFO] src.federated.client: Client classical_mlp_client_3 - Epoch 2/3 completed. Average Loss: 0.6351
2025-05-20 08:27:23,991 [INFO] src.federated.client: Client classical_mlp_client_3 - Epoch 3/3 completed. Average Loss: 0.6149
2025-05-20 08:27:23,991 [INFO] src.federated.client: Client classical_mlp_client_3: Local training finished. Processed 21 samples.
2025-05-20 08:27:23,992 [INFO] src.federated.server: Aggregating updates from 3 clients using FedAvg.
2025-05-20 08:27:23,992 [INFO] src.federated.aggregation: FedAvg: Aggregating updates from 3 clients.
2025-05-20 08:27:23,992 [INFO] src.federated.aggregation: FedAvg: Aggregation complete.
2025-05-20 08:27:23,993 [INFO] src.federated.server: Global model updated with aggregated parameters.
2025-05-20 08:27:23,993 [INFO] src.federated.server: Evaluating updated global model...
2025-05-20 08:27:23,996 [INFO] src.federated.server: Round 1 completed in 0.14s. Eval Metrics: {'loss': 0.3359237015247345, 'accuracy': 0.9385964912280702}
2025-05-20 08:27:23,996 [INFO] src.federated.server: ===== Starting Round 2/5 =====
2025-05-20 08:27:23,996 [INFO] src.federated.server: Starting federated training round...
2025-05-20 08:27:23,996 [INFO] src.federated.server: Selected 3 clients out of 5 available (fraction=0.1, min_clients=3): ['classical_mlp_client_2', 'classical_mlp_client_4', 'classical_mlp_client_0']
2025-05-20 08:27:23,998 [INFO] src.federated.client: Client classical_mlp_client_2: Starting local training for 3 epochs. Proximal term mu=0.0.
2025-05-20 08:27:24,001 [INFO] src.federated.client: Client classical_mlp_client_2 - Epoch 1/3 completed. Average Loss: 0.6679
2025-05-20 08:27:24,005 [INFO] src.federated.client: Client classical_mlp_client_2 - Epoch 2/3 completed. Average Loss: 0.6453
2025-05-20 08:27:24,008 [INFO] src.federated.client: Client classical_mlp_client_2 - Epoch 3/3 completed. Average Loss: 0.6238
2025-05-20 08:27:24,008 [INFO] src.federated.client: Client classical_mlp_client_2: Local training finished. Processed 6 samples.
2025-05-20 08:27:24,009 [INFO] src.federated.client: Client classical_mlp_client_4: Starting local training for 3 epochs. Proximal term mu=0.0.
2025-05-20 08:27:24,018 [INFO] src.federated.client: Client classical_mlp_client_4 - Epoch 1/3 completed. Average Loss: 0.3650
2025-05-20 08:27:24,025 [INFO] src.federated.client: Client classical_mlp_client_4 - Epoch 2/3 completed. Average Loss: 0.3298
2025-05-20 08:27:24,032 [INFO] src.federated.client: Client classical_mlp_client_4 - Epoch 3/3 completed. Average Loss: 0.2937
2025-05-20 08:27:24,033 [INFO] src.federated.client: Client classical_mlp_client_4: Local training finished. Processed 234 samples.
2025-05-20 08:27:24,033 [INFO] src.federated.client: Client classical_mlp_client_0: Starting local training for 3 epochs. Proximal term mu=0.0.
2025-05-20 08:27:24,036 [INFO] src.federated.client: Client classical_mlp_client_0 - Epoch 1/3 completed. Average Loss: 0.3234
2025-05-20 08:27:24,039 [INFO] src.federated.client: Client classical_mlp_client_0 - Epoch 2/3 completed. Average Loss: 0.2965
2025-05-20 08:27:24,041 [INFO] src.federated.client: Client classical_mlp_client_0 - Epoch 3/3 completed. Average Loss: 0.2723
2025-05-20 08:27:24,042 [INFO] src.federated.client: Client classical_mlp_client_0: Local training finished. Processed 33 samples.
2025-05-20 08:27:24,042 [INFO] src.federated.server: Aggregating updates from 3 clients using FedAvg.
2025-05-20 08:27:24,042 [INFO] src.federated.aggregation: FedAvg: Aggregating updates from 3 clients.
2025-05-20 08:27:24,043 [INFO] src.federated.aggregation: FedAvg: Aggregation complete.
2025-05-20 08:27:24,043 [INFO] src.federated.server: Global model updated with aggregated parameters.
2025-05-20 08:27:24,043 [INFO] src.federated.server: Evaluating updated global model...
2025-05-20 08:27:24,045 [INFO] src.federated.server: Round 2 completed in 0.05s. Eval Metrics: {'loss': 0.2865592837333679, 'accuracy': 0.9210526315789473}
2025-05-20 08:27:24,045 [INFO] src.federated.server: ===== Starting Round 3/5 =====
2025-05-20 08:27:24,045 [INFO] src.federated.server: Starting federated training round...
2025-05-20 08:27:24,045 [INFO] src.federated.server: Selected 3 clients out of 5 available (fraction=0.1, min_clients=3): ['classical_mlp_client_1', 'classical_mlp_client_0', 'classical_mlp_client_2']
2025-05-20 08:27:24,046 [INFO] src.federated.client: Client classical_mlp_client_1: Starting local training for 3 epochs. Proximal term mu=0.0.
2025-05-20 08:27:24,075 [INFO] src.federated.client: Client classical_mlp_client_1 - Epoch 1/3 completed. Average Loss: 0.2064
2025-05-20 08:27:24,101 [INFO] src.federated.client: Client classical_mlp_client_1 - Epoch 2/3 completed. Average Loss: 0.1251
2025-05-20 08:27:24,128 [INFO] src.federated.client: Client classical_mlp_client_1 - Epoch 3/3 completed. Average Loss: 0.0925
2025-05-20 08:27:24,128 [INFO] src.federated.client: Client classical_mlp_client_1: Local training finished. Processed 1071 samples.
2025-05-20 08:27:24,129 [INFO] src.federated.client: Client classical_mlp_client_0: Starting local training for 3 epochs. Proximal term mu=0.0.
2025-05-20 08:27:24,131 [INFO] src.federated.client: Client classical_mlp_client_0 - Epoch 1/3 completed. Average Loss: 0.1903
2025-05-20 08:27:24,134 [INFO] src.federated.client: Client classical_mlp_client_0 - Epoch 2/3 completed. Average Loss: 0.1741
2025-05-20 08:27:24,137 [INFO] src.federated.client: Client classical_mlp_client_0 - Epoch 3/3 completed. Average Loss: 0.1596
2025-05-20 08:27:24,138 [INFO] src.federated.client: Client classical_mlp_client_0: Local training finished. Processed 33 samples.
2025-05-20 08:27:24,138 [INFO] src.federated.client: Client classical_mlp_client_2: Starting local training for 3 epochs. Proximal term mu=0.0.
2025-05-20 08:27:24,142 [INFO] src.federated.client: Client classical_mlp_client_2 - Epoch 1/3 completed. Average Loss: 0.7245
2025-05-20 08:27:24,145 [INFO] src.federated.client: Client classical_mlp_client_2 - Epoch 2/3 completed. Average Loss: 0.7003
2025-05-20 08:27:24,149 [INFO] src.federated.client: Client classical_mlp_client_2 - Epoch 3/3 completed. Average Loss: 0.6749
2025-05-20 08:27:24,150 [INFO] src.federated.client: Client classical_mlp_client_2: Local training finished. Processed 6 samples.
2025-05-20 08:27:24,150 [INFO] src.federated.server: Aggregating updates from 3 clients using FedAvg.
2025-05-20 08:27:24,150 [INFO] src.federated.aggregation: FedAvg: Aggregating updates from 3 clients.
2025-05-20 08:27:24,151 [INFO] src.federated.aggregation: FedAvg: Aggregation complete.
2025-05-20 08:27:24,152 [INFO] src.federated.server: Global model updated with aggregated parameters.
2025-05-20 08:27:24,152 [INFO] src.federated.server: Evaluating updated global model...
2025-05-20 08:27:24,155 [INFO] src.federated.server: Round 3 completed in 0.11s. Eval Metrics: {'loss': 0.11201547086238861, 'accuracy': 0.956140350877193}
2025-05-20 08:27:24,155 [INFO] src.federated.server: ===== Starting Round 4/5 =====
2025-05-20 08:27:24,155 [INFO] src.federated.server: Starting federated training round...
2025-05-20 08:27:24,155 [INFO] src.federated.server: Selected 3 clients out of 5 available (fraction=0.1, min_clients=3): ['classical_mlp_client_1', 'classical_mlp_client_3', 'classical_mlp_client_4']
2025-05-20 08:27:24,156 [INFO] src.federated.client: Client classical_mlp_client_1: Starting local training for 3 epochs. Proximal term mu=0.0.
2025-05-20 08:27:24,189 [INFO] src.federated.client: Client classical_mlp_client_1 - Epoch 1/3 completed. Average Loss: 0.0788
2025-05-20 08:27:24,220 [INFO] src.federated.client: Client classical_mlp_client_1 - Epoch 2/3 completed. Average Loss: 0.0673
2025-05-20 08:27:24,251 [INFO] src.federated.client: Client classical_mlp_client_1 - Epoch 3/3 completed. Average Loss: 0.0598
2025-05-20 08:27:24,251 [INFO] src.federated.client: Client classical_mlp_client_1: Local training finished. Processed 1071 samples.
2025-05-20 08:27:24,252 [INFO] src.federated.client: Client classical_mlp_client_3: Starting local training for 3 epochs. Proximal term mu=0.0.
2025-05-20 08:27:24,254 [INFO] src.federated.client: Client classical_mlp_client_3 - Epoch 1/3 completed. Average Loss: 0.0215
2025-05-20 08:27:24,256 [INFO] src.federated.client: Client classical_mlp_client_3 - Epoch 2/3 completed. Average Loss: 0.0176
2025-05-20 08:27:24,259 [INFO] src.federated.client: Client classical_mlp_client_3 - Epoch 3/3 completed. Average Loss: 0.0145
2025-05-20 08:27:24,260 [INFO] src.federated.client: Client classical_mlp_client_3: Local training finished. Processed 21 samples.
2025-05-20 08:27:24,261 [INFO] src.federated.client: Client classical_mlp_client_4: Starting local training for 3 epochs. Proximal term mu=0.0.
2025-05-20 08:27:24,270 [INFO] src.federated.client: Client classical_mlp_client_4 - Epoch 1/3 completed. Average Loss: 0.1790
2025-05-20 08:27:24,280 [INFO] src.federated.client: Client classical_mlp_client_4 - Epoch 2/3 completed. Average Loss: 0.1561
2025-05-20 08:27:24,289 [INFO] src.federated.client: Client classical_mlp_client_4 - Epoch 3/3 completed. Average Loss: 0.1338
2025-05-20 08:27:24,290 [INFO] src.federated.client: Client classical_mlp_client_4: Local training finished. Processed 234 samples.
2025-05-20 08:27:24,290 [INFO] src.federated.server: Aggregating updates from 3 clients using FedAvg.
2025-05-20 08:27:24,290 [INFO] src.federated.aggregation: FedAvg: Aggregating updates from 3 clients.
2025-05-20 08:27:24,291 [INFO] src.federated.aggregation: FedAvg: Aggregation complete.
2025-05-20 08:27:24,291 [INFO] src.federated.server: Global model updated with aggregated parameters.
2025-05-20 08:27:24,291 [INFO] src.federated.server: Evaluating updated global model...
2025-05-20 08:27:24,294 [INFO] src.federated.server: Round 4 completed in 0.14s. Eval Metrics: {'loss': 0.09110914915800095, 'accuracy': 0.9649122807017544}
2025-05-20 08:27:24,294 [INFO] src.federated.server: ===== Starting Round 5/5 =====
2025-05-20 08:27:24,294 [INFO] src.federated.server: Starting federated training round...
2025-05-20 08:27:24,294 [INFO] src.federated.server: Selected 3 clients out of 5 available (fraction=0.1, min_clients=3): ['classical_mlp_client_2', 'classical_mlp_client_0', 'classical_mlp_client_1']
2025-05-20 08:27:24,295 [INFO] src.federated.client: Client classical_mlp_client_2: Starting local training for 3 epochs. Proximal term mu=0.0.
2025-05-20 08:27:24,298 [INFO] src.federated.client: Client classical_mlp_client_2 - Epoch 1/3 completed. Average Loss: 0.5259
2025-05-20 08:27:24,301 [INFO] src.federated.client: Client classical_mlp_client_2 - Epoch 2/3 completed. Average Loss: 0.4709
2025-05-20 08:27:24,304 [INFO] src.federated.client: Client classical_mlp_client_2 - Epoch 3/3 completed. Average Loss: 0.4168
2025-05-20 08:27:24,305 [INFO] src.federated.client: Client classical_mlp_client_2: Local training finished. Processed 6 samples.
2025-05-20 08:27:24,306 [INFO] src.federated.client: Client classical_mlp_client_0: Starting local training for 3 epochs. Proximal term mu=0.0.
2025-05-20 08:27:24,311 [INFO] src.federated.client: Client classical_mlp_client_0 - Epoch 1/3 completed. Average Loss: 0.0662
2025-05-20 08:27:24,316 [INFO] src.federated.client: Client classical_mlp_client_0 - Epoch 2/3 completed. Average Loss: 0.0524
2025-05-20 08:27:24,320 [INFO] src.federated.client: Client classical_mlp_client_0 - Epoch 3/3 completed. Average Loss: 0.0411
2025-05-20 08:27:24,321 [INFO] src.federated.client: Client classical_mlp_client_0: Local training finished. Processed 33 samples.
2025-05-20 08:27:24,322 [INFO] src.federated.client: Client classical_mlp_client_1: Starting local training for 3 epochs. Proximal term mu=0.0.
2025-05-20 08:27:24,348 [INFO] src.federated.client: Client classical_mlp_client_1 - Epoch 1/3 completed. Average Loss: 0.0566
2025-05-20 08:27:24,374 [INFO] src.federated.client: Client classical_mlp_client_1 - Epoch 2/3 completed. Average Loss: 0.0528
2025-05-20 08:27:24,398 [INFO] src.federated.client: Client classical_mlp_client_1 - Epoch 3/3 completed. Average Loss: 0.0473
2025-05-20 08:27:24,399 [INFO] src.federated.client: Client classical_mlp_client_1: Local training finished. Processed 1071 samples.
2025-05-20 08:27:24,399 [INFO] src.federated.server: Aggregating updates from 3 clients using FedAvg.
2025-05-20 08:27:24,399 [INFO] src.federated.aggregation: FedAvg: Aggregating updates from 3 clients.
2025-05-20 08:27:24,399 [INFO] src.federated.aggregation: FedAvg: Aggregation complete.
2025-05-20 08:27:24,400 [INFO] src.federated.server: Global model updated with aggregated parameters.
2025-05-20 08:27:24,400 [INFO] src.federated.server: Evaluating updated global model...
2025-05-20 08:27:24,402 [INFO] src.federated.server: Round 5 completed in 0.11s. Eval Metrics: {'loss': 0.08188345283269882, 'accuracy': 0.956140350877193}
2025-05-20 08:27:24,402 [INFO] src.federated.server: Federated training process completed after 5 rounds.
2025-05-20 08:27:24,402 [INFO] BC_ExperimentRunner: ========== Finished BC_MLP_FedAvg_NonIID_a0.3_FullFeat ==========

2025-05-20 08:27:24,402 [INFO] BC_ExperimentRunner: ========== Starting BC_MLP_FedProx_NonIID_a0.3_FullFeat ==========
2025-05-20 08:27:24,402 [INFO] BC_ExperimentRunner: --- Setting up experiment: BC_MLP_FedProx_NonIID_a0.3_FullFeat for dataset breast_cancer ---
2025-05-20 08:27:24,403 [INFO] src.utils.data_utils: Set all random seeds to 42
2025-05-20 08:27:24,403 [INFO] BC_ExperimentRunner: Experiment 'BC_MLP_FedProx_NonIID_a0.3_FullFeat' will use tensor_dtype: torch.float32
2025-05-20 08:27:24,403 [INFO] src.utils.data_utils: Loading dataset: breast_cancer, PCA features=None, Scaling=standard, Subset size=None, Dtype=torch.float32
2025-05-20 08:27:24,403 [INFO] src.utils.data_utils: Set all random seeds to 42
2025-05-20 08:27:24,409 [INFO] src.utils.data_utils: Data preparation complete for 'breast_cancer'. Train size: 455, Test size: 114, Features: 30, Classes: 2
2025-05-20 08:27:24,413 [INFO] BC_ExperimentRunner: Successfully loaded configuration from /home/dhanraj/quantum_federated_simulator/configs/federated/server_config.yaml
2025-05-20 08:27:24,416 [INFO] BC_ExperimentRunner: Successfully loaded configuration from /home/dhanraj/quantum_federated_simulator/configs/federated/client_config.yaml
2025-05-20 08:27:24,419 [INFO] BC_ExperimentRunner: Successfully loaded configuration from /home/dhanraj/quantum_federated_simulator/configs/federated/default_aggregation.yaml
2025-05-20 08:27:24,420 [INFO] BC_ExperimentRunner: Creating model of type: classical_mlp with n_features=30, n_classes=2, initial_dtype_request=torch.float32
2025-05-20 08:27:24,420 [INFO] BC_ExperimentRunner: Model 'classical_mlp' parameters set to dtype: torch.float32
2025-05-20 08:27:24,420 [INFO] src.federated.aggregation: Creating aggregation strategy of type: fedavg
2025-05-20 08:27:24,420 [INFO] BC_ExperimentRunner: Using aggregation strategy: FedAvg (base: FedAvg)
2025-05-20 08:27:24,421 [INFO] src.federated.server: Federated server initialized on device 'cuda' with aggregation strategy: FedAvg
2025-05-20 08:27:24,421 [INFO] BC_ExperimentRunner: Creating model of type: classical_mlp with n_features=30, n_classes=2, initial_dtype_request=torch.float32
2025-05-20 08:27:24,422 [INFO] BC_ExperimentRunner: Model 'classical_mlp' parameters set to dtype: torch.float32
2025-05-20 08:27:24,423 [INFO] src.federated.client: Client classical_mlp_client_0 initialized on device 'cuda' with 11 samples.
2025-05-20 08:27:24,423 [INFO] BC_ExperimentRunner: Creating model of type: classical_mlp with n_features=30, n_classes=2, initial_dtype_request=torch.float32
2025-05-20 08:27:24,423 [INFO] BC_ExperimentRunner: Model 'classical_mlp' parameters set to dtype: torch.float32
2025-05-20 08:27:24,424 [INFO] src.federated.client: Client classical_mlp_client_1 initialized on device 'cuda' with 357 samples.
2025-05-20 08:27:24,424 [INFO] BC_ExperimentRunner: Creating model of type: classical_mlp with n_features=30, n_classes=2, initial_dtype_request=torch.float32
2025-05-20 08:27:24,424 [INFO] BC_ExperimentRunner: Model 'classical_mlp' parameters set to dtype: torch.float32
2025-05-20 08:27:24,425 [INFO] src.federated.client: Client classical_mlp_client_2 initialized on device 'cuda' with 2 samples.
2025-05-20 08:27:24,425 [INFO] BC_ExperimentRunner: Creating model of type: classical_mlp with n_features=30, n_classes=2, initial_dtype_request=torch.float32
2025-05-20 08:27:24,425 [INFO] BC_ExperimentRunner: Model 'classical_mlp' parameters set to dtype: torch.float32
2025-05-20 08:27:24,426 [INFO] src.federated.client: Client classical_mlp_client_3 initialized on device 'cuda' with 7 samples.
2025-05-20 08:27:24,426 [INFO] BC_ExperimentRunner: Creating model of type: classical_mlp with n_features=30, n_classes=2, initial_dtype_request=torch.float32
2025-05-20 08:27:24,426 [INFO] BC_ExperimentRunner: Model 'classical_mlp' parameters set to dtype: torch.float32
2025-05-20 08:27:24,427 [INFO] src.federated.client: Client classical_mlp_client_4 initialized on device 'cuda' with 78 samples.
2025-05-20 08:27:24,427 [INFO] src.federated.server: Registered client 'classical_mlp_client_0'. Total clients: 1.
2025-05-20 08:27:24,427 [INFO] src.federated.server: Registered client 'classical_mlp_client_1'. Total clients: 2.
2025-05-20 08:27:24,427 [INFO] src.federated.server: Registered client 'classical_mlp_client_2'. Total clients: 3.
2025-05-20 08:27:24,427 [INFO] src.federated.server: Registered client 'classical_mlp_client_3'. Total clients: 4.
2025-05-20 08:27:24,427 [INFO] src.federated.server: Registered client 'classical_mlp_client_4'. Total clients: 5.
2025-05-20 08:27:24,427 [INFO] BC_ExperimentRunner: --- Scenario setup complete for BC_MLP_FedProx_NonIID_a0.3_FullFeat ---
2025-05-20 08:27:24,428 [INFO] src.federated.server: Starting federated training process for 5 rounds.
2025-05-20 08:27:24,428 [INFO] src.federated.server: Config: local_epochs=3, client_fraction=0.1, min_clients=3, FedProx mu=0.01
2025-05-20 08:27:24,428 [INFO] src.federated.server: Performing initial evaluation of global model...
2025-05-20 08:27:24,430 [INFO] src.federated.server: Initial Evaluation Metrics: {'loss': 0.7107932567596436, 'accuracy': 0.40350877192982454}
2025-05-20 08:27:24,430 [INFO] src.federated.server: ===== Starting Round 1/5 =====
2025-05-20 08:27:24,430 [INFO] src.federated.server: Starting federated training round...
2025-05-20 08:27:24,430 [INFO] src.federated.server: Selected 3 clients out of 5 available (fraction=0.1, min_clients=3): ['classical_mlp_client_1', 'classical_mlp_client_4', 'classical_mlp_client_3']
2025-05-20 08:27:24,431 [INFO] src.federated.client: Client classical_mlp_client_1: Starting local training for 3 epochs. Proximal term mu=0.01.
2025-05-20 08:27:24,516 [INFO] src.federated.client: Client classical_mlp_client_1 - Epoch 1/3 completed. Average Loss: 0.6477
2025-05-20 08:27:24,558 [INFO] src.federated.client: Client classical_mlp_client_1 - Epoch 2/3 completed. Average Loss: 0.5052
2025-05-20 08:27:24,602 [INFO] src.federated.client: Client classical_mlp_client_1 - Epoch 3/3 completed. Average Loss: 0.3377
2025-05-20 08:27:24,602 [INFO] src.federated.client: Client classical_mlp_client_1: Local training finished. Processed 1071 samples.
2025-05-20 08:27:24,603 [INFO] src.federated.client: Client classical_mlp_client_4: Starting local training for 3 epochs. Proximal term mu=0.01.
2025-05-20 08:27:24,616 [INFO] src.federated.client: Client classical_mlp_client_4 - Epoch 1/3 completed. Average Loss: 0.7094
2025-05-20 08:27:24,632 [INFO] src.federated.client: Client classical_mlp_client_4 - Epoch 2/3 completed. Average Loss: 0.6599
2025-05-20 08:27:24,646 [INFO] src.federated.client: Client classical_mlp_client_4 - Epoch 3/3 completed. Average Loss: 0.6204
2025-05-20 08:27:24,646 [INFO] src.federated.client: Client classical_mlp_client_4: Local training finished. Processed 234 samples.
2025-05-20 08:27:24,647 [INFO] src.federated.client: Client classical_mlp_client_3: Starting local training for 3 epochs. Proximal term mu=0.01.
2025-05-20 08:27:24,652 [INFO] src.federated.client: Client classical_mlp_client_3 - Epoch 1/3 completed. Average Loss: 0.6567
2025-05-20 08:27:24,657 [INFO] src.federated.client: Client classical_mlp_client_3 - Epoch 2/3 completed. Average Loss: 0.6351
2025-05-20 08:27:24,662 [INFO] src.federated.client: Client classical_mlp_client_3 - Epoch 3/3 completed. Average Loss: 0.6149
2025-05-20 08:27:24,662 [INFO] src.federated.client: Client classical_mlp_client_3: Local training finished. Processed 21 samples.
2025-05-20 08:27:24,663 [INFO] src.federated.server: Aggregating updates from 3 clients using FedAvg.
2025-05-20 08:27:24,663 [INFO] src.federated.aggregation: FedAvg: Aggregating updates from 3 clients.
2025-05-20 08:27:24,664 [INFO] src.federated.aggregation: FedAvg: Aggregation complete.
2025-05-20 08:27:24,665 [INFO] src.federated.server: Global model updated with aggregated parameters.
2025-05-20 08:27:24,665 [INFO] src.federated.server: Evaluating updated global model...
2025-05-20 08:27:24,668 [INFO] src.federated.server: Round 1 completed in 0.24s. Eval Metrics: {'loss': 0.3380158543586731, 'accuracy': 0.9385964912280702}
2025-05-20 08:27:24,668 [INFO] src.federated.server: ===== Starting Round 2/5 =====
2025-05-20 08:27:24,668 [INFO] src.federated.server: Starting federated training round...
2025-05-20 08:27:24,668 [INFO] src.federated.server: Selected 3 clients out of 5 available (fraction=0.1, min_clients=3): ['classical_mlp_client_2', 'classical_mlp_client_4', 'classical_mlp_client_0']
2025-05-20 08:27:24,670 [INFO] src.federated.client: Client classical_mlp_client_2: Starting local training for 3 epochs. Proximal term mu=0.01.
2025-05-20 08:27:24,675 [INFO] src.federated.client: Client classical_mlp_client_2 - Epoch 1/3 completed. Average Loss: 0.6666
2025-05-20 08:27:24,680 [INFO] src.federated.client: Client classical_mlp_client_2 - Epoch 2/3 completed. Average Loss: 0.6441
2025-05-20 08:27:24,684 [INFO] src.federated.client: Client classical_mlp_client_2 - Epoch 3/3 completed. Average Loss: 0.6225
2025-05-20 08:27:24,685 [INFO] src.federated.client: Client classical_mlp_client_2: Local training finished. Processed 6 samples.
2025-05-20 08:27:24,686 [INFO] src.federated.client: Client classical_mlp_client_4: Starting local training for 3 epochs. Proximal term mu=0.01.
2025-05-20 08:27:24,697 [INFO] src.federated.client: Client classical_mlp_client_4 - Epoch 1/3 completed. Average Loss: 0.3671
2025-05-20 08:27:24,710 [INFO] src.federated.client: Client classical_mlp_client_4 - Epoch 2/3 completed. Average Loss: 0.3317
2025-05-20 08:27:24,722 [INFO] src.federated.client: Client classical_mlp_client_4 - Epoch 3/3 completed. Average Loss: 0.2956
2025-05-20 08:27:24,723 [INFO] src.federated.client: Client classical_mlp_client_4: Local training finished. Processed 234 samples.
2025-05-20 08:27:24,723 [INFO] src.federated.client: Client classical_mlp_client_0: Starting local training for 3 epochs. Proximal term mu=0.01.
2025-05-20 08:27:24,730 [INFO] src.federated.client: Client classical_mlp_client_0 - Epoch 1/3 completed. Average Loss: 0.3264
2025-05-20 08:27:24,735 [INFO] src.federated.client: Client classical_mlp_client_0 - Epoch 2/3 completed. Average Loss: 0.2994
2025-05-20 08:27:24,739 [INFO] src.federated.client: Client classical_mlp_client_0 - Epoch 3/3 completed. Average Loss: 0.2750
2025-05-20 08:27:24,740 [INFO] src.federated.client: Client classical_mlp_client_0: Local training finished. Processed 33 samples.
2025-05-20 08:27:24,740 [INFO] src.federated.server: Aggregating updates from 3 clients using FedAvg.
2025-05-20 08:27:24,741 [INFO] src.federated.aggregation: FedAvg: Aggregating updates from 3 clients.
2025-05-20 08:27:24,741 [INFO] src.federated.aggregation: FedAvg: Aggregation complete.
2025-05-20 08:27:24,742 [INFO] src.federated.server: Global model updated with aggregated parameters.
2025-05-20 08:27:24,742 [INFO] src.federated.server: Evaluating updated global model...
2025-05-20 08:27:24,744 [INFO] src.federated.server: Round 2 completed in 0.08s. Eval Metrics: {'loss': 0.28787994384765625, 'accuracy': 0.9210526315789473}
2025-05-20 08:27:24,745 [INFO] src.federated.server: ===== Starting Round 3/5 =====
2025-05-20 08:27:24,745 [INFO] src.federated.server: Starting federated training round...
2025-05-20 08:27:24,745 [INFO] src.federated.server: Selected 3 clients out of 5 available (fraction=0.1, min_clients=3): ['classical_mlp_client_1', 'classical_mlp_client_0', 'classical_mlp_client_2']
2025-05-20 08:27:24,746 [INFO] src.federated.client: Client classical_mlp_client_1: Starting local training for 3 epochs. Proximal term mu=0.01.
2025-05-20 08:27:24,792 [INFO] src.federated.client: Client classical_mlp_client_1 - Epoch 1/3 completed. Average Loss: 0.2082
2025-05-20 08:27:24,835 [INFO] src.federated.client: Client classical_mlp_client_1 - Epoch 2/3 completed. Average Loss: 0.1284
2025-05-20 08:27:24,881 [INFO] src.federated.client: Client classical_mlp_client_1 - Epoch 3/3 completed. Average Loss: 0.0983
2025-05-20 08:27:24,882 [INFO] src.federated.client: Client classical_mlp_client_1: Local training finished. Processed 1071 samples.
2025-05-20 08:27:24,882 [INFO] src.federated.client: Client classical_mlp_client_0: Starting local training for 3 epochs. Proximal term mu=0.01.
2025-05-20 08:27:24,886 [INFO] src.federated.client: Client classical_mlp_client_0 - Epoch 1/3 completed. Average Loss: 0.1922
2025-05-20 08:27:24,890 [INFO] src.federated.client: Client classical_mlp_client_0 - Epoch 2/3 completed. Average Loss: 0.1759
2025-05-20 08:27:24,894 [INFO] src.federated.client: Client classical_mlp_client_0 - Epoch 3/3 completed. Average Loss: 0.1613
2025-05-20 08:27:24,895 [INFO] src.federated.client: Client classical_mlp_client_0: Local training finished. Processed 33 samples.
2025-05-20 08:27:24,895 [INFO] src.federated.client: Client classical_mlp_client_2: Starting local training for 3 epochs. Proximal term mu=0.01.
2025-05-20 08:27:24,900 [INFO] src.federated.client: Client classical_mlp_client_2 - Epoch 1/3 completed. Average Loss: 0.7224
2025-05-20 08:27:24,904 [INFO] src.federated.client: Client classical_mlp_client_2 - Epoch 2/3 completed. Average Loss: 0.6985
2025-05-20 08:27:24,909 [INFO] src.federated.client: Client classical_mlp_client_2 - Epoch 3/3 completed. Average Loss: 0.6734
2025-05-20 08:27:24,910 [INFO] src.federated.client: Client classical_mlp_client_2: Local training finished. Processed 6 samples.
2025-05-20 08:27:24,910 [INFO] src.federated.server: Aggregating updates from 3 clients using FedAvg.
2025-05-20 08:27:24,910 [INFO] src.federated.aggregation: FedAvg: Aggregating updates from 3 clients.
2025-05-20 08:27:24,911 [INFO] src.federated.aggregation: FedAvg: Aggregation complete.
2025-05-20 08:27:24,912 [INFO] src.federated.server: Global model updated with aggregated parameters.
2025-05-20 08:27:24,912 [INFO] src.federated.server: Evaluating updated global model...
2025-05-20 08:27:24,914 [INFO] src.federated.server: Round 3 completed in 0.17s. Eval Metrics: {'loss': 0.11337793618440628, 'accuracy': 0.956140350877193}
2025-05-20 08:27:24,914 [INFO] src.federated.server: ===== Starting Round 4/5 =====
2025-05-20 08:27:24,914 [INFO] src.federated.server: Starting federated training round...
2025-05-20 08:27:24,914 [INFO] src.federated.server: Selected 3 clients out of 5 available (fraction=0.1, min_clients=3): ['classical_mlp_client_1', 'classical_mlp_client_3', 'classical_mlp_client_4']
2025-05-20 08:27:24,915 [INFO] src.federated.client: Client classical_mlp_client_1: Starting local training for 3 epochs. Proximal term mu=0.01.
2025-05-20 08:27:24,959 [INFO] src.federated.client: Client classical_mlp_client_1 - Epoch 1/3 completed. Average Loss: 0.0803
2025-05-20 08:27:25,002 [INFO] src.federated.client: Client classical_mlp_client_1 - Epoch 2/3 completed. Average Loss: 0.0691
2025-05-20 08:27:25,043 [INFO] src.federated.client: Client classical_mlp_client_1 - Epoch 3/3 completed. Average Loss: 0.0622
2025-05-20 08:27:25,044 [INFO] src.federated.client: Client classical_mlp_client_1: Local training finished. Processed 1071 samples.
2025-05-20 08:27:25,045 [INFO] src.federated.client: Client classical_mlp_client_3: Starting local training for 3 epochs. Proximal term mu=0.01.
2025-05-20 08:27:25,049 [INFO] src.federated.client: Client classical_mlp_client_3 - Epoch 1/3 completed. Average Loss: 0.0232
2025-05-20 08:27:25,053 [INFO] src.federated.client: Client classical_mlp_client_3 - Epoch 2/3 completed. Average Loss: 0.0190
2025-05-20 08:27:25,059 [INFO] src.federated.client: Client classical_mlp_client_3 - Epoch 3/3 completed. Average Loss: 0.0157
2025-05-20 08:27:25,060 [INFO] src.federated.client: Client classical_mlp_client_3: Local training finished. Processed 21 samples.
2025-05-20 08:27:25,061 [INFO] src.federated.client: Client classical_mlp_client_4: Starting local training for 3 epochs. Proximal term mu=0.01.
2025-05-20 08:27:25,075 [INFO] src.federated.client: Client classical_mlp_client_4 - Epoch 1/3 completed. Average Loss: 0.1790
2025-05-20 08:27:25,089 [INFO] src.federated.client: Client classical_mlp_client_4 - Epoch 2/3 completed. Average Loss: 0.1560
2025-05-20 08:27:25,103 [INFO] src.federated.client: Client classical_mlp_client_4 - Epoch 3/3 completed. Average Loss: 0.1340
2025-05-20 08:27:25,104 [INFO] src.federated.client: Client classical_mlp_client_4: Local training finished. Processed 234 samples.
2025-05-20 08:27:25,104 [INFO] src.federated.server: Aggregating updates from 3 clients using FedAvg.
2025-05-20 08:27:25,104 [INFO] src.federated.aggregation: FedAvg: Aggregating updates from 3 clients.
2025-05-20 08:27:25,105 [INFO] src.federated.aggregation: FedAvg: Aggregation complete.
2025-05-20 08:27:25,105 [INFO] src.federated.server: Global model updated with aggregated parameters.
2025-05-20 08:27:25,106 [INFO] src.federated.server: Evaluating updated global model...
2025-05-20 08:27:25,108 [INFO] src.federated.server: Round 4 completed in 0.19s. Eval Metrics: {'loss': 0.0924500972032547, 'accuracy': 0.9649122807017544}
2025-05-20 08:27:25,108 [INFO] src.federated.server: ===== Starting Round 5/5 =====
2025-05-20 08:27:25,109 [INFO] src.federated.server: Starting federated training round...
2025-05-20 08:27:25,109 [INFO] src.federated.server: Selected 3 clients out of 5 available (fraction=0.1, min_clients=3): ['classical_mlp_client_2', 'classical_mlp_client_0', 'classical_mlp_client_1']
2025-05-20 08:27:25,110 [INFO] src.federated.client: Client classical_mlp_client_2: Starting local training for 3 epochs. Proximal term mu=0.01.
2025-05-20 08:27:25,115 [INFO] src.federated.client: Client classical_mlp_client_2 - Epoch 1/3 completed. Average Loss: 0.5276
2025-05-20 08:27:25,120 [INFO] src.federated.client: Client classical_mlp_client_2 - Epoch 2/3 completed. Average Loss: 0.4741
2025-05-20 08:27:25,125 [INFO] src.federated.client: Client classical_mlp_client_2 - Epoch 3/3 completed. Average Loss: 0.4214
2025-05-20 08:27:25,126 [INFO] src.federated.client: Client classical_mlp_client_2: Local training finished. Processed 6 samples.
2025-05-20 08:27:25,127 [INFO] src.federated.client: Client classical_mlp_client_0: Starting local training for 3 epochs. Proximal term mu=0.01.
2025-05-20 08:27:25,131 [INFO] src.federated.client: Client classical_mlp_client_0 - Epoch 1/3 completed. Average Loss: 0.0682
2025-05-20 08:27:25,136 [INFO] src.federated.client: Client classical_mlp_client_0 - Epoch 2/3 completed. Average Loss: 0.0547
2025-05-20 08:27:25,141 [INFO] src.federated.client: Client classical_mlp_client_0 - Epoch 3/3 completed. Average Loss: 0.0434
2025-05-20 08:27:25,142 [INFO] src.federated.client: Client classical_mlp_client_0: Local training finished. Processed 33 samples.
2025-05-20 08:27:25,142 [INFO] src.federated.client: Client classical_mlp_client_1: Starting local training for 3 epochs. Proximal term mu=0.01.
2025-05-20 08:27:25,186 [INFO] src.federated.client: Client classical_mlp_client_1 - Epoch 1/3 completed. Average Loss: 0.0581
2025-05-20 08:27:25,229 [INFO] src.federated.client: Client classical_mlp_client_1 - Epoch 2/3 completed. Average Loss: 0.0544
2025-05-20 08:27:25,272 [INFO] src.federated.client: Client classical_mlp_client_1 - Epoch 3/3 completed. Average Loss: 0.0493
2025-05-20 08:27:25,273 [INFO] src.federated.client: Client classical_mlp_client_1: Local training finished. Processed 1071 samples.
2025-05-20 08:27:25,273 [INFO] src.federated.server: Aggregating updates from 3 clients using FedAvg.
2025-05-20 08:27:25,273 [INFO] src.federated.aggregation: FedAvg: Aggregating updates from 3 clients.
2025-05-20 08:27:25,274 [INFO] src.federated.aggregation: FedAvg: Aggregation complete.
2025-05-20 08:27:25,274 [INFO] src.federated.server: Global model updated with aggregated parameters.
2025-05-20 08:27:25,275 [INFO] src.federated.server: Evaluating updated global model...
2025-05-20 08:27:25,276 [INFO] src.federated.server: Round 5 completed in 0.17s. Eval Metrics: {'loss': 0.08309243619441986, 'accuracy': 0.956140350877193}
2025-05-20 08:27:25,277 [INFO] src.federated.server: Federated training process completed after 5 rounds.
2025-05-20 08:27:25,277 [INFO] BC_ExperimentRunner: ========== Finished BC_MLP_FedProx_NonIID_a0.3_FullFeat ==========

2025-05-20 08:27:25,277 [INFO] BC_ExperimentRunner: ========== Starting BC_MLP_FedDive_IID_FullFeat ==========
2025-05-20 08:27:25,277 [INFO] BC_ExperimentRunner: --- Setting up experiment: BC_MLP_FedDive_IID_FullFeat for dataset breast_cancer ---
2025-05-20 08:27:25,277 [INFO] src.utils.data_utils: Set all random seeds to 42
2025-05-20 08:27:25,277 [INFO] BC_ExperimentRunner: Experiment 'BC_MLP_FedDive_IID_FullFeat' will use tensor_dtype: torch.float32
2025-05-20 08:27:25,277 [INFO] src.utils.data_utils: Loading dataset: breast_cancer, PCA features=None, Scaling=standard, Subset size=None, Dtype=torch.float32
2025-05-20 08:27:25,277 [INFO] src.utils.data_utils: Set all random seeds to 42
2025-05-20 08:27:25,284 [INFO] src.utils.data_utils: Data preparation complete for 'breast_cancer'. Train size: 455, Test size: 114, Features: 30, Classes: 2
2025-05-20 08:27:25,287 [INFO] BC_ExperimentRunner: Successfully loaded configuration from /home/dhanraj/quantum_federated_simulator/configs/federated/server_config.yaml
2025-05-20 08:27:25,290 [INFO] BC_ExperimentRunner: Successfully loaded configuration from /home/dhanraj/quantum_federated_simulator/configs/federated/client_config.yaml
2025-05-20 08:27:25,293 [INFO] BC_ExperimentRunner: Successfully loaded configuration from /home/dhanraj/quantum_federated_simulator/configs/federated/default_aggregation.yaml
2025-05-20 08:27:25,293 [INFO] BC_ExperimentRunner: Creating model of type: classical_mlp with n_features=30, n_classes=2, initial_dtype_request=torch.float32
2025-05-20 08:27:25,294 [INFO] BC_ExperimentRunner: Model 'classical_mlp' parameters set to dtype: torch.float32
2025-05-20 08:27:25,294 [INFO] src.federated.aggregation: Creating aggregation strategy of type: feddive
2025-05-20 08:27:25,294 [INFO] src.federated.aggregation: FedDive parameters: momentum=0.9, epsilon=1e-08, temperature=1.0, normalize_distances=True
2025-05-20 08:27:25,294 [INFO] BC_ExperimentRunner: Using aggregation strategy: FedDive (base: FedDive)
2025-05-20 08:27:25,295 [INFO] src.federated.server: Federated server initialized on device 'cuda' with aggregation strategy: FedDive
2025-05-20 08:27:25,295 [INFO] BC_ExperimentRunner: Creating model of type: classical_mlp with n_features=30, n_classes=2, initial_dtype_request=torch.float32
2025-05-20 08:27:25,295 [INFO] BC_ExperimentRunner: Model 'classical_mlp' parameters set to dtype: torch.float32
2025-05-20 08:27:25,296 [INFO] src.federated.client: Client classical_mlp_client_0 initialized on device 'cuda' with 91 samples.
2025-05-20 08:27:25,296 [INFO] BC_ExperimentRunner: Creating model of type: classical_mlp with n_features=30, n_classes=2, initial_dtype_request=torch.float32
2025-05-20 08:27:25,296 [INFO] BC_ExperimentRunner: Model 'classical_mlp' parameters set to dtype: torch.float32
2025-05-20 08:27:25,297 [INFO] src.federated.client: Client classical_mlp_client_1 initialized on device 'cuda' with 91 samples.
2025-05-20 08:27:25,297 [INFO] BC_ExperimentRunner: Creating model of type: classical_mlp with n_features=30, n_classes=2, initial_dtype_request=torch.float32
2025-05-20 08:27:25,298 [INFO] BC_ExperimentRunner: Model 'classical_mlp' parameters set to dtype: torch.float32
2025-05-20 08:27:25,298 [INFO] src.federated.client: Client classical_mlp_client_2 initialized on device 'cuda' with 91 samples.
2025-05-20 08:27:25,299 [INFO] BC_ExperimentRunner: Creating model of type: classical_mlp with n_features=30, n_classes=2, initial_dtype_request=torch.float32
2025-05-20 08:27:25,299 [INFO] BC_ExperimentRunner: Model 'classical_mlp' parameters set to dtype: torch.float32
2025-05-20 08:27:25,300 [INFO] src.federated.client: Client classical_mlp_client_3 initialized on device 'cuda' with 91 samples.
2025-05-20 08:27:25,300 [INFO] BC_ExperimentRunner: Creating model of type: classical_mlp with n_features=30, n_classes=2, initial_dtype_request=torch.float32
2025-05-20 08:27:25,300 [INFO] BC_ExperimentRunner: Model 'classical_mlp' parameters set to dtype: torch.float32
2025-05-20 08:27:25,301 [INFO] src.federated.client: Client classical_mlp_client_4 initialized on device 'cuda' with 91 samples.
2025-05-20 08:27:25,301 [INFO] src.federated.server: Registered client 'classical_mlp_client_0'. Total clients: 1.
2025-05-20 08:27:25,301 [INFO] src.federated.server: Registered client 'classical_mlp_client_1'. Total clients: 2.
2025-05-20 08:27:25,301 [INFO] src.federated.server: Registered client 'classical_mlp_client_2'. Total clients: 3.
2025-05-20 08:27:25,301 [INFO] src.federated.server: Registered client 'classical_mlp_client_3'. Total clients: 4.
2025-05-20 08:27:25,301 [INFO] src.federated.server: Registered client 'classical_mlp_client_4'. Total clients: 5.
2025-05-20 08:27:25,301 [INFO] BC_ExperimentRunner: --- Scenario setup complete for BC_MLP_FedDive_IID_FullFeat ---
2025-05-20 08:27:25,301 [INFO] src.federated.server: Starting federated training process for 5 rounds.
2025-05-20 08:27:25,302 [INFO] src.federated.server: Config: local_epochs=3, client_fraction=0.1, min_clients=3, FedProx mu=0.0
2025-05-20 08:27:25,302 [INFO] src.federated.server: Performing initial evaluation of global model...
2025-05-20 08:27:25,304 [INFO] src.federated.server: Initial Evaluation Metrics: {'loss': 0.7119773626327515, 'accuracy': 0.3684210526315789}
2025-05-20 08:27:25,304 [INFO] src.federated.server: ===== Starting Round 1/5 =====
2025-05-20 08:27:25,304 [INFO] src.federated.server: Starting federated training round...
2025-05-20 08:27:25,304 [INFO] src.federated.server: Selected 3 clients out of 5 available (fraction=0.1, min_clients=3): ['classical_mlp_client_0', 'classical_mlp_client_4', 'classical_mlp_client_2']
2025-05-20 08:27:25,306 [INFO] src.federated.client: Client classical_mlp_client_0: Starting local training for 3 epochs. Proximal term mu=0.0.
2025-05-20 08:27:25,314 [INFO] src.federated.client: Client classical_mlp_client_0 - Epoch 1/3 completed. Average Loss: 0.7019
2025-05-20 08:27:25,322 [INFO] src.federated.client: Client classical_mlp_client_0 - Epoch 2/3 completed. Average Loss: 0.6574
2025-05-20 08:27:25,330 [INFO] src.federated.client: Client classical_mlp_client_0 - Epoch 3/3 completed. Average Loss: 0.6177
2025-05-20 08:27:25,331 [INFO] src.federated.client: Client classical_mlp_client_0: Local training finished. Processed 273 samples.
2025-05-20 08:27:25,332 [INFO] src.federated.client: Client classical_mlp_client_4: Starting local training for 3 epochs. Proximal term mu=0.0.
2025-05-20 08:27:25,341 [INFO] src.federated.client: Client classical_mlp_client_4 - Epoch 1/3 completed. Average Loss: 0.7091
2025-05-20 08:27:25,350 [INFO] src.federated.client: Client classical_mlp_client_4 - Epoch 2/3 completed. Average Loss: 0.6556
2025-05-20 08:27:25,358 [INFO] src.federated.client: Client classical_mlp_client_4 - Epoch 3/3 completed. Average Loss: 0.6103
2025-05-20 08:27:25,359 [INFO] src.federated.client: Client classical_mlp_client_4: Local training finished. Processed 273 samples.
2025-05-20 08:27:25,360 [INFO] src.federated.client: Client classical_mlp_client_2: Starting local training for 3 epochs. Proximal term mu=0.0.
2025-05-20 08:27:25,370 [INFO] src.federated.client: Client classical_mlp_client_2 - Epoch 1/3 completed. Average Loss: 0.7050
2025-05-20 08:27:25,377 [INFO] src.federated.client: Client classical_mlp_client_2 - Epoch 2/3 completed. Average Loss: 0.6537
2025-05-20 08:27:25,385 [INFO] src.federated.client: Client classical_mlp_client_2 - Epoch 3/3 completed. Average Loss: 0.6103
2025-05-20 08:27:25,386 [INFO] src.federated.client: Client classical_mlp_client_2: Local training finished. Processed 273 samples.
2025-05-20 08:27:25,386 [INFO] src.federated.server: Aggregating updates from 3 clients using FedDive.
2025-05-20 08:27:25,386 [INFO] src.federated.aggregation: FedDive: Aggregating updates from 3 clients (momentum=0.9).
2025-05-20 08:27:25,386 [INFO] src.federated.aggregation: FedDive: Initializing velocity and previous parameters.
2025-05-20 08:27:25,389 [INFO] src.federated.aggregation: FedDive: Aggregation complete.
2025-05-20 08:27:25,389 [INFO] src.federated.server: Global model updated with aggregated parameters.
2025-05-20 08:27:25,389 [INFO] src.federated.server: Evaluating updated global model...
2025-05-20 08:27:25,392 [INFO] src.federated.server: Round 1 completed in 0.09s. Eval Metrics: {'loss': 0.5971572995185852, 'accuracy': 0.8596491228070176}
2025-05-20 08:27:25,392 [INFO] src.federated.server: ===== Starting Round 2/5 =====
2025-05-20 08:27:25,392 [INFO] src.federated.server: Starting federated training round...
2025-05-20 08:27:25,392 [INFO] src.federated.server: Selected 3 clients out of 5 available (fraction=0.1, min_clients=3): ['classical_mlp_client_2', 'classical_mlp_client_1', 'classical_mlp_client_0']
2025-05-20 08:27:25,393 [INFO] src.federated.client: Client classical_mlp_client_2: Starting local training for 3 epochs. Proximal term mu=0.0.
2025-05-20 08:27:25,404 [INFO] src.federated.client: Client classical_mlp_client_2 - Epoch 1/3 completed. Average Loss: 0.5685
2025-05-20 08:27:25,412 [INFO] src.federated.client: Client classical_mlp_client_2 - Epoch 2/3 completed. Average Loss: 0.5221
2025-05-20 08:27:25,421 [INFO] src.federated.client: Client classical_mlp_client_2 - Epoch 3/3 completed. Average Loss: 0.4743
2025-05-20 08:27:25,422 [INFO] src.federated.client: Client classical_mlp_client_2: Local training finished. Processed 273 samples.
2025-05-20 08:27:25,423 [INFO] src.federated.client: Client classical_mlp_client_1: Starting local training for 3 epochs. Proximal term mu=0.0.
2025-05-20 08:27:25,432 [INFO] src.federated.client: Client classical_mlp_client_1 - Epoch 1/3 completed. Average Loss: 0.5848
2025-05-20 08:27:25,440 [INFO] src.federated.client: Client classical_mlp_client_1 - Epoch 2/3 completed. Average Loss: 0.5365
2025-05-20 08:27:25,450 [INFO] src.federated.client: Client classical_mlp_client_1 - Epoch 3/3 completed. Average Loss: 0.4899
2025-05-20 08:27:25,451 [INFO] src.federated.client: Client classical_mlp_client_1: Local training finished. Processed 273 samples.
2025-05-20 08:27:25,452 [INFO] src.federated.client: Client classical_mlp_client_0: Starting local training for 3 epochs. Proximal term mu=0.0.
2025-05-20 08:27:25,460 [INFO] src.federated.client: Client classical_mlp_client_0 - Epoch 1/3 completed. Average Loss: 0.5786
2025-05-20 08:27:25,468 [INFO] src.federated.client: Client classical_mlp_client_0 - Epoch 2/3 completed. Average Loss: 0.5364
2025-05-20 08:27:25,480 [INFO] src.federated.client: Client classical_mlp_client_0 - Epoch 3/3 completed. Average Loss: 0.4914
2025-05-20 08:27:25,480 [INFO] src.federated.client: Client classical_mlp_client_0: Local training finished. Processed 273 samples.
2025-05-20 08:27:25,481 [INFO] src.federated.server: Aggregating updates from 3 clients using FedDive.
2025-05-20 08:27:25,481 [INFO] src.federated.aggregation: FedDive: Aggregating updates from 3 clients (momentum=0.9).
2025-05-20 08:27:25,482 [INFO] src.federated.aggregation: FedDive: Aggregation complete.
2025-05-20 08:27:25,482 [INFO] src.federated.server: Global model updated with aggregated parameters.
2025-05-20 08:27:25,483 [INFO] src.federated.server: Evaluating updated global model...
2025-05-20 08:27:25,485 [INFO] src.federated.server: Round 2 completed in 0.09s. Eval Metrics: {'loss': 0.47280073165893555, 'accuracy': 0.9385964912280702}
2025-05-20 08:27:25,485 [INFO] src.federated.server: ===== Starting Round 3/5 =====
2025-05-20 08:27:25,485 [INFO] src.federated.server: Starting federated training round...
2025-05-20 08:27:25,485 [INFO] src.federated.server: Selected 3 clients out of 5 available (fraction=0.1, min_clients=3): ['classical_mlp_client_1', 'classical_mlp_client_0', 'classical_mlp_client_2']
2025-05-20 08:27:25,486 [INFO] src.federated.client: Client classical_mlp_client_1: Starting local training for 3 epochs. Proximal term mu=0.0.
2025-05-20 08:27:25,498 [INFO] src.federated.client: Client classical_mlp_client_1 - Epoch 1/3 completed. Average Loss: 0.4466
2025-05-20 08:27:25,506 [INFO] src.federated.client: Client classical_mlp_client_1 - Epoch 2/3 completed. Average Loss: 0.3979
2025-05-20 08:27:25,515 [INFO] src.federated.client: Client classical_mlp_client_1 - Epoch 3/3 completed. Average Loss: 0.3495
2025-05-20 08:27:25,516 [INFO] src.federated.client: Client classical_mlp_client_1: Local training finished. Processed 273 samples.
2025-05-20 08:27:25,516 [INFO] src.federated.client: Client classical_mlp_client_0: Starting local training for 3 epochs. Proximal term mu=0.0.
2025-05-20 08:27:25,526 [INFO] src.federated.client: Client classical_mlp_client_0 - Epoch 1/3 completed. Average Loss: 0.4463
2025-05-20 08:27:25,536 [INFO] src.federated.client: Client classical_mlp_client_0 - Epoch 2/3 completed. Average Loss: 0.3978
2025-05-20 08:27:25,544 [INFO] src.federated.client: Client classical_mlp_client_0 - Epoch 3/3 completed. Average Loss: 0.3504
2025-05-20 08:27:25,545 [INFO] src.federated.client: Client classical_mlp_client_0: Local training finished. Processed 273 samples.
2025-05-20 08:27:25,546 [INFO] src.federated.client: Client classical_mlp_client_2: Starting local training for 3 epochs. Proximal term mu=0.0.
2025-05-20 08:27:25,555 [INFO] src.federated.client: Client classical_mlp_client_2 - Epoch 1/3 completed. Average Loss: 0.4221
2025-05-20 08:27:25,565 [INFO] src.federated.client: Client classical_mlp_client_2 - Epoch 2/3 completed. Average Loss: 0.3700
2025-05-20 08:27:25,579 [INFO] src.federated.client: Client classical_mlp_client_2 - Epoch 3/3 completed. Average Loss: 0.3200
2025-05-20 08:27:25,580 [INFO] src.federated.client: Client classical_mlp_client_2: Local training finished. Processed 273 samples.
2025-05-20 08:27:25,580 [INFO] src.federated.server: Aggregating updates from 3 clients using FedDive.
2025-05-20 08:27:25,580 [INFO] src.federated.aggregation: FedDive: Aggregating updates from 3 clients (momentum=0.9).
2025-05-20 08:27:25,581 [INFO] src.federated.aggregation: FedDive: Aggregation complete.
2025-05-20 08:27:25,582 [INFO] src.federated.server: Global model updated with aggregated parameters.
2025-05-20 08:27:25,582 [INFO] src.federated.server: Evaluating updated global model...
2025-05-20 08:27:25,586 [INFO] src.federated.server: Round 3 completed in 0.10s. Eval Metrics: {'loss': 0.3371048867702484, 'accuracy': 0.9473684210526315}
2025-05-20 08:27:25,586 [INFO] src.federated.server: ===== Starting Round 4/5 =====
2025-05-20 08:27:25,586 [INFO] src.federated.server: Starting federated training round...
2025-05-20 08:27:25,587 [INFO] src.federated.server: Selected 3 clients out of 5 available (fraction=0.1, min_clients=3): ['classical_mlp_client_4', 'classical_mlp_client_0', 'classical_mlp_client_2']
2025-05-20 08:27:25,588 [INFO] src.federated.client: Client classical_mlp_client_4: Starting local training for 3 epochs. Proximal term mu=0.0.
2025-05-20 08:27:25,599 [INFO] src.federated.client: Client classical_mlp_client_4 - Epoch 1/3 completed. Average Loss: 0.2796
2025-05-20 08:27:25,608 [INFO] src.federated.client: Client classical_mlp_client_4 - Epoch 2/3 completed. Average Loss: 0.2381
2025-05-20 08:27:25,620 [INFO] src.federated.client: Client classical_mlp_client_4 - Epoch 3/3 completed. Average Loss: 0.1997
2025-05-20 08:27:25,621 [INFO] src.federated.client: Client classical_mlp_client_4: Local training finished. Processed 273 samples.
2025-05-20 08:27:25,622 [INFO] src.federated.client: Client classical_mlp_client_0: Starting local training for 3 epochs. Proximal term mu=0.0.
2025-05-20 08:27:25,638 [INFO] src.federated.client: Client classical_mlp_client_0 - Epoch 1/3 completed. Average Loss: 0.3068
2025-05-20 08:27:25,654 [INFO] src.federated.client: Client classical_mlp_client_0 - Epoch 2/3 completed. Average Loss: 0.2645
2025-05-20 08:27:25,665 [INFO] src.federated.client: Client classical_mlp_client_0 - Epoch 3/3 completed. Average Loss: 0.2277
2025-05-20 08:27:25,666 [INFO] src.federated.client: Client classical_mlp_client_0: Local training finished. Processed 273 samples.
2025-05-20 08:27:25,667 [INFO] src.federated.client: Client classical_mlp_client_2: Starting local training for 3 epochs. Proximal term mu=0.0.
2025-05-20 08:27:25,679 [INFO] src.federated.client: Client classical_mlp_client_2 - Epoch 1/3 completed. Average Loss: 0.2742
2025-05-20 08:27:25,689 [INFO] src.federated.client: Client classical_mlp_client_2 - Epoch 2/3 completed. Average Loss: 0.2302
2025-05-20 08:27:25,699 [INFO] src.federated.client: Client classical_mlp_client_2 - Epoch 3/3 completed. Average Loss: 0.1936
2025-05-20 08:27:25,700 [INFO] src.federated.client: Client classical_mlp_client_2: Local training finished. Processed 273 samples.
2025-05-20 08:27:25,700 [INFO] src.federated.server: Aggregating updates from 3 clients using FedDive.
2025-05-20 08:27:25,700 [INFO] src.federated.aggregation: FedDive: Aggregating updates from 3 clients (momentum=0.9).
2025-05-20 08:27:25,701 [INFO] src.federated.aggregation: FedDive: Aggregation complete.
2025-05-20 08:27:25,703 [INFO] src.federated.server: Global model updated with aggregated parameters.
2025-05-20 08:27:25,703 [INFO] src.federated.server: Evaluating updated global model...
2025-05-20 08:27:25,705 [INFO] src.federated.server: Round 4 completed in 0.12s. Eval Metrics: {'loss': 0.22923533618450165, 'accuracy': 0.956140350877193}
2025-05-20 08:27:25,706 [INFO] src.federated.server: ===== Starting Round 5/5 =====
2025-05-20 08:27:25,706 [INFO] src.federated.server: Starting federated training round...
2025-05-20 08:27:25,706 [INFO] src.federated.server: Selected 3 clients out of 5 available (fraction=0.1, min_clients=3): ['classical_mlp_client_3', 'classical_mlp_client_0', 'classical_mlp_client_4']
2025-05-20 08:27:25,708 [INFO] src.federated.client: Client classical_mlp_client_3: Starting local training for 3 epochs. Proximal term mu=0.0.
2025-05-20 08:27:25,722 [INFO] src.federated.client: Client classical_mlp_client_3 - Epoch 1/3 completed. Average Loss: 0.2414
2025-05-20 08:27:25,733 [INFO] src.federated.client: Client classical_mlp_client_3 - Epoch 2/3 completed. Average Loss: 0.2099
2025-05-20 08:27:25,743 [INFO] src.federated.client: Client classical_mlp_client_3 - Epoch 3/3 completed. Average Loss: 0.1876
2025-05-20 08:27:25,744 [INFO] src.federated.client: Client classical_mlp_client_3: Local training finished. Processed 273 samples.
2025-05-20 08:27:25,744 [INFO] src.federated.client: Client classical_mlp_client_0: Starting local training for 3 epochs. Proximal term mu=0.0.
2025-05-20 08:27:25,753 [INFO] src.federated.client: Client classical_mlp_client_0 - Epoch 1/3 completed. Average Loss: 0.1990
2025-05-20 08:27:25,761 [INFO] src.federated.client: Client classical_mlp_client_0 - Epoch 2/3 completed. Average Loss: 0.1722
2025-05-20 08:27:25,772 [INFO] src.federated.client: Client classical_mlp_client_0 - Epoch 3/3 completed. Average Loss: 0.1490
2025-05-20 08:27:25,772 [INFO] src.federated.client: Client classical_mlp_client_0: Local training finished. Processed 273 samples.
2025-05-20 08:27:25,773 [INFO] src.federated.client: Client classical_mlp_client_4: Starting local training for 3 epochs. Proximal term mu=0.0.
2025-05-20 08:27:25,784 [INFO] src.federated.client: Client classical_mlp_client_4 - Epoch 1/3 completed. Average Loss: 0.1605
2025-05-20 08:27:25,795 [INFO] src.federated.client: Client classical_mlp_client_4 - Epoch 2/3 completed. Average Loss: 0.1323
2025-05-20 08:27:25,804 [INFO] src.federated.client: Client classical_mlp_client_4 - Epoch 3/3 completed. Average Loss: 0.1074
2025-05-20 08:27:25,804 [INFO] src.federated.client: Client classical_mlp_client_4: Local training finished. Processed 273 samples.
2025-05-20 08:27:25,805 [INFO] src.federated.server: Aggregating updates from 3 clients using FedDive.
2025-05-20 08:27:25,805 [INFO] src.federated.aggregation: FedDive: Aggregating updates from 3 clients (momentum=0.9).
2025-05-20 08:27:25,806 [INFO] src.federated.aggregation: FedDive: Aggregation complete.
2025-05-20 08:27:25,807 [INFO] src.federated.server: Global model updated with aggregated parameters.
2025-05-20 08:27:25,807 [INFO] src.federated.server: Evaluating updated global model...
2025-05-20 08:27:25,810 [INFO] src.federated.server: Round 5 completed in 0.10s. Eval Metrics: {'loss': 0.16557800769805908, 'accuracy': 0.956140350877193}
2025-05-20 08:27:25,810 [INFO] src.federated.server: Federated training process completed after 5 rounds.
2025-05-20 08:27:25,810 [INFO] BC_ExperimentRunner: ========== Finished BC_MLP_FedDive_IID_FullFeat ==========

2025-05-20 08:27:25,810 [INFO] BC_ExperimentRunner: ========== Starting BC_MLP_FedDive_NonIID_a0.3_FullFeat ==========
2025-05-20 08:27:25,810 [INFO] BC_ExperimentRunner: --- Setting up experiment: BC_MLP_FedDive_NonIID_a0.3_FullFeat for dataset breast_cancer ---
2025-05-20 08:27:25,811 [INFO] src.utils.data_utils: Set all random seeds to 42
2025-05-20 08:27:25,811 [INFO] BC_ExperimentRunner: Experiment 'BC_MLP_FedDive_NonIID_a0.3_FullFeat' will use tensor_dtype: torch.float32
2025-05-20 08:27:25,811 [INFO] src.utils.data_utils: Loading dataset: breast_cancer, PCA features=None, Scaling=standard, Subset size=None, Dtype=torch.float32
2025-05-20 08:27:25,811 [INFO] src.utils.data_utils: Set all random seeds to 42
2025-05-20 08:27:25,818 [INFO] src.utils.data_utils: Data preparation complete for 'breast_cancer'. Train size: 455, Test size: 114, Features: 30, Classes: 2
2025-05-20 08:27:25,822 [INFO] BC_ExperimentRunner: Successfully loaded configuration from /home/dhanraj/quantum_federated_simulator/configs/federated/server_config.yaml
2025-05-20 08:27:25,825 [INFO] BC_ExperimentRunner: Successfully loaded configuration from /home/dhanraj/quantum_federated_simulator/configs/federated/client_config.yaml
2025-05-20 08:27:25,828 [INFO] BC_ExperimentRunner: Successfully loaded configuration from /home/dhanraj/quantum_federated_simulator/configs/federated/default_aggregation.yaml
2025-05-20 08:27:25,829 [INFO] BC_ExperimentRunner: Creating model of type: classical_mlp with n_features=30, n_classes=2, initial_dtype_request=torch.float32
2025-05-20 08:27:25,830 [INFO] BC_ExperimentRunner: Model 'classical_mlp' parameters set to dtype: torch.float32
2025-05-20 08:27:25,830 [INFO] src.federated.aggregation: Creating aggregation strategy of type: feddive
2025-05-20 08:27:25,830 [INFO] src.federated.aggregation: FedDive parameters: momentum=0.9, epsilon=1e-08, temperature=1.0, normalize_distances=True
2025-05-20 08:27:25,831 [INFO] BC_ExperimentRunner: Using aggregation strategy: FedDive (base: FedDive)
2025-05-20 08:27:25,831 [INFO] src.federated.server: Federated server initialized on device 'cuda' with aggregation strategy: FedDive
2025-05-20 08:27:25,832 [INFO] BC_ExperimentRunner: Creating model of type: classical_mlp with n_features=30, n_classes=2, initial_dtype_request=torch.float32
2025-05-20 08:27:25,832 [INFO] BC_ExperimentRunner: Model 'classical_mlp' parameters set to dtype: torch.float32
2025-05-20 08:27:25,833 [INFO] src.federated.client: Client classical_mlp_client_0 initialized on device 'cuda' with 11 samples.
2025-05-20 08:27:25,833 [INFO] BC_ExperimentRunner: Creating model of type: classical_mlp with n_features=30, n_classes=2, initial_dtype_request=torch.float32
2025-05-20 08:27:25,834 [INFO] BC_ExperimentRunner: Model 'classical_mlp' parameters set to dtype: torch.float32
2025-05-20 08:27:25,834 [INFO] src.federated.client: Client classical_mlp_client_1 initialized on device 'cuda' with 357 samples.
2025-05-20 08:27:25,834 [INFO] BC_ExperimentRunner: Creating model of type: classical_mlp with n_features=30, n_classes=2, initial_dtype_request=torch.float32
2025-05-20 08:27:25,835 [INFO] BC_ExperimentRunner: Model 'classical_mlp' parameters set to dtype: torch.float32
2025-05-20 08:27:25,836 [INFO] src.federated.client: Client classical_mlp_client_2 initialized on device 'cuda' with 2 samples.
2025-05-20 08:27:25,836 [INFO] BC_ExperimentRunner: Creating model of type: classical_mlp with n_features=30, n_classes=2, initial_dtype_request=torch.float32
2025-05-20 08:27:25,836 [INFO] BC_ExperimentRunner: Model 'classical_mlp' parameters set to dtype: torch.float32
2025-05-20 08:27:25,837 [INFO] src.federated.client: Client classical_mlp_client_3 initialized on device 'cuda' with 7 samples.
2025-05-20 08:27:25,838 [INFO] BC_ExperimentRunner: Creating model of type: classical_mlp with n_features=30, n_classes=2, initial_dtype_request=torch.float32
2025-05-20 08:27:25,838 [INFO] BC_ExperimentRunner: Model 'classical_mlp' parameters set to dtype: torch.float32
2025-05-20 08:27:25,839 [INFO] src.federated.client: Client classical_mlp_client_4 initialized on device 'cuda' with 78 samples.
2025-05-20 08:27:25,839 [INFO] src.federated.server: Registered client 'classical_mlp_client_0'. Total clients: 1.
2025-05-20 08:27:25,839 [INFO] src.federated.server: Registered client 'classical_mlp_client_1'. Total clients: 2.
2025-05-20 08:27:25,839 [INFO] src.federated.server: Registered client 'classical_mlp_client_2'. Total clients: 3.
2025-05-20 08:27:25,839 [INFO] src.federated.server: Registered client 'classical_mlp_client_3'. Total clients: 4.
2025-05-20 08:27:25,839 [INFO] src.federated.server: Registered client 'classical_mlp_client_4'. Total clients: 5.
2025-05-20 08:27:25,839 [INFO] BC_ExperimentRunner: --- Scenario setup complete for BC_MLP_FedDive_NonIID_a0.3_FullFeat ---
2025-05-20 08:27:25,840 [INFO] src.federated.server: Starting federated training process for 5 rounds.
2025-05-20 08:27:25,840 [INFO] src.federated.server: Config: local_epochs=3, client_fraction=0.1, min_clients=3, FedProx mu=0.0
2025-05-20 08:27:25,840 [INFO] src.federated.server: Performing initial evaluation of global model...
2025-05-20 08:27:25,843 [INFO] src.federated.server: Initial Evaluation Metrics: {'loss': 0.7107932567596436, 'accuracy': 0.40350877192982454}
2025-05-20 08:27:25,844 [INFO] src.federated.server: ===== Starting Round 1/5 =====
2025-05-20 08:27:25,844 [INFO] src.federated.server: Starting federated training round...
2025-05-20 08:27:25,844 [INFO] src.federated.server: Selected 3 clients out of 5 available (fraction=0.1, min_clients=3): ['classical_mlp_client_1', 'classical_mlp_client_4', 'classical_mlp_client_3']
2025-05-20 08:27:25,845 [INFO] src.federated.client: Client classical_mlp_client_1: Starting local training for 3 epochs. Proximal term mu=0.0.
2025-05-20 08:27:25,874 [INFO] src.federated.client: Client classical_mlp_client_1 - Epoch 1/3 completed. Average Loss: 0.6472
2025-05-20 08:27:25,898 [INFO] src.federated.client: Client classical_mlp_client_1 - Epoch 2/3 completed. Average Loss: 0.5018
2025-05-20 08:27:25,922 [INFO] src.federated.client: Client classical_mlp_client_1 - Epoch 3/3 completed. Average Loss: 0.3288
2025-05-20 08:27:25,922 [INFO] src.federated.client: Client classical_mlp_client_1: Local training finished. Processed 1071 samples.
2025-05-20 08:27:25,923 [INFO] src.federated.client: Client classical_mlp_client_4: Starting local training for 3 epochs. Proximal term mu=0.0.
2025-05-20 08:27:25,929 [INFO] src.federated.client: Client classical_mlp_client_4 - Epoch 1/3 completed. Average Loss: 0.7094
2025-05-20 08:27:25,936 [INFO] src.federated.client: Client classical_mlp_client_4 - Epoch 2/3 completed. Average Loss: 0.6597
2025-05-20 08:27:25,943 [INFO] src.federated.client: Client classical_mlp_client_4 - Epoch 3/3 completed. Average Loss: 0.6198
2025-05-20 08:27:25,943 [INFO] src.federated.client: Client classical_mlp_client_4: Local training finished. Processed 234 samples.
2025-05-20 08:27:25,944 [INFO] src.federated.client: Client classical_mlp_client_3: Starting local training for 3 epochs. Proximal term mu=0.0.
2025-05-20 08:27:25,947 [INFO] src.federated.client: Client classical_mlp_client_3 - Epoch 1/3 completed. Average Loss: 0.6567
2025-05-20 08:27:25,949 [INFO] src.federated.client: Client classical_mlp_client_3 - Epoch 2/3 completed. Average Loss: 0.6351
2025-05-20 08:27:25,951 [INFO] src.federated.client: Client classical_mlp_client_3 - Epoch 3/3 completed. Average Loss: 0.6149
2025-05-20 08:27:25,952 [INFO] src.federated.client: Client classical_mlp_client_3: Local training finished. Processed 21 samples.
2025-05-20 08:27:25,952 [INFO] src.federated.server: Aggregating updates from 3 clients using FedDive.
2025-05-20 08:27:25,952 [INFO] src.federated.aggregation: FedDive: Aggregating updates from 3 clients (momentum=0.9).
2025-05-20 08:27:25,953 [INFO] src.federated.aggregation: FedDive: Initializing velocity and previous parameters.
2025-05-20 08:27:25,954 [INFO] src.federated.aggregation: FedDive: Aggregation complete.
2025-05-20 08:27:25,955 [INFO] src.federated.server: Global model updated with aggregated parameters.
2025-05-20 08:27:25,955 [INFO] src.federated.server: Evaluating updated global model...
2025-05-20 08:27:25,957 [INFO] src.federated.server: Round 1 completed in 0.11s. Eval Metrics: {'loss': 0.33950769901275635, 'accuracy': 0.9385964912280702}
2025-05-20 08:27:25,957 [INFO] src.federated.server: ===== Starting Round 2/5 =====
2025-05-20 08:27:25,957 [INFO] src.federated.server: Starting federated training round...
2025-05-20 08:27:25,957 [INFO] src.federated.server: Selected 3 clients out of 5 available (fraction=0.1, min_clients=3): ['classical_mlp_client_2', 'classical_mlp_client_4', 'classical_mlp_client_0']
2025-05-20 08:27:25,958 [INFO] src.federated.client: Client classical_mlp_client_2: Starting local training for 3 epochs. Proximal term mu=0.0.
2025-05-20 08:27:25,961 [INFO] src.federated.client: Client classical_mlp_client_2 - Epoch 1/3 completed. Average Loss: 0.6618
2025-05-20 08:27:25,963 [INFO] src.federated.client: Client classical_mlp_client_2 - Epoch 2/3 completed. Average Loss: 0.6395
2025-05-20 08:27:25,966 [INFO] src.federated.client: Client classical_mlp_client_2 - Epoch 3/3 completed. Average Loss: 0.6180
2025-05-20 08:27:25,966 [INFO] src.federated.client: Client classical_mlp_client_2: Local training finished. Processed 6 samples.
2025-05-20 08:27:25,967 [INFO] src.federated.client: Client classical_mlp_client_4: Starting local training for 3 epochs. Proximal term mu=0.0.
2025-05-20 08:27:25,976 [INFO] src.federated.client: Client classical_mlp_client_4 - Epoch 1/3 completed. Average Loss: 0.3739
2025-05-20 08:27:25,983 [INFO] src.federated.client: Client classical_mlp_client_4 - Epoch 2/3 completed. Average Loss: 0.3373
2025-05-20 08:27:25,990 [INFO] src.federated.client: Client classical_mlp_client_4 - Epoch 3/3 completed. Average Loss: 0.3001
2025-05-20 08:27:25,991 [INFO] src.federated.client: Client classical_mlp_client_4: Local training finished. Processed 234 samples.
2025-05-20 08:27:25,991 [INFO] src.federated.client: Client classical_mlp_client_0: Starting local training for 3 epochs. Proximal term mu=0.0.
2025-05-20 08:27:25,994 [INFO] src.federated.client: Client classical_mlp_client_0 - Epoch 1/3 completed. Average Loss: 0.3387
2025-05-20 08:27:25,997 [INFO] src.federated.client: Client classical_mlp_client_0 - Epoch 2/3 completed. Average Loss: 0.3106
2025-05-20 08:27:26,000 [INFO] src.federated.client: Client classical_mlp_client_0 - Epoch 3/3 completed. Average Loss: 0.2853
2025-05-20 08:27:26,001 [INFO] src.federated.client: Client classical_mlp_client_0: Local training finished. Processed 33 samples.
2025-05-20 08:27:26,001 [INFO] src.federated.server: Aggregating updates from 3 clients using FedDive.
2025-05-20 08:27:26,001 [INFO] src.federated.aggregation: FedDive: Aggregating updates from 3 clients (momentum=0.9).
2025-05-20 08:27:26,003 [INFO] src.federated.aggregation: FedDive: Aggregation complete.
2025-05-20 08:27:26,003 [INFO] src.federated.server: Global model updated with aggregated parameters.
2025-05-20 08:27:26,003 [INFO] src.federated.server: Evaluating updated global model...
2025-05-20 08:27:26,006 [INFO] src.federated.server: Round 2 completed in 0.05s. Eval Metrics: {'loss': 0.29483333230018616, 'accuracy': 0.9210526315789473}
2025-05-20 08:27:26,006 [INFO] src.federated.server: ===== Starting Round 3/5 =====
2025-05-20 08:27:26,006 [INFO] src.federated.server: Starting federated training round...
2025-05-20 08:27:26,006 [INFO] src.federated.server: Selected 3 clients out of 5 available (fraction=0.1, min_clients=3): ['classical_mlp_client_1', 'classical_mlp_client_0', 'classical_mlp_client_2']
2025-05-20 08:27:26,007 [INFO] src.federated.client: Client classical_mlp_client_1: Starting local training for 3 epochs. Proximal term mu=0.0.
2025-05-20 08:27:26,035 [INFO] src.federated.client: Client classical_mlp_client_1 - Epoch 1/3 completed. Average Loss: 0.2129
2025-05-20 08:27:26,063 [INFO] src.federated.client: Client classical_mlp_client_1 - Epoch 2/3 completed. Average Loss: 0.1282
2025-05-20 08:27:26,090 [INFO] src.federated.client: Client classical_mlp_client_1 - Epoch 3/3 completed. Average Loss: 0.0938
2025-05-20 08:27:26,090 [INFO] src.federated.client: Client classical_mlp_client_1: Local training finished. Processed 1071 samples.
2025-05-20 08:27:26,091 [INFO] src.federated.client: Client classical_mlp_client_0: Starting local training for 3 epochs. Proximal term mu=0.0.
2025-05-20 08:27:26,093 [INFO] src.federated.client: Client classical_mlp_client_0 - Epoch 1/3 completed. Average Loss: 0.2097
2025-05-20 08:27:26,095 [INFO] src.federated.client: Client classical_mlp_client_0 - Epoch 2/3 completed. Average Loss: 0.1919
2025-05-20 08:27:26,097 [INFO] src.federated.client: Client classical_mlp_client_0 - Epoch 3/3 completed. Average Loss: 0.1761
2025-05-20 08:27:26,098 [INFO] src.federated.client: Client classical_mlp_client_0: Local training finished. Processed 33 samples.
2025-05-20 08:27:26,098 [INFO] src.federated.client: Client classical_mlp_client_2: Starting local training for 3 epochs. Proximal term mu=0.0.
2025-05-20 08:27:26,102 [INFO] src.federated.client: Client classical_mlp_client_2 - Epoch 1/3 completed. Average Loss: 0.7098
2025-05-20 08:27:26,106 [INFO] src.federated.client: Client classical_mlp_client_2 - Epoch 2/3 completed. Average Loss: 0.6856
2025-05-20 08:27:26,109 [INFO] src.federated.client: Client classical_mlp_client_2 - Epoch 3/3 completed. Average Loss: 0.6612
2025-05-20 08:27:26,109 [INFO] src.federated.client: Client classical_mlp_client_2: Local training finished. Processed 6 samples.
2025-05-20 08:27:26,110 [INFO] src.federated.server: Aggregating updates from 3 clients using FedDive.
2025-05-20 08:27:26,110 [INFO] src.federated.aggregation: FedDive: Aggregating updates from 3 clients (momentum=0.9).
2025-05-20 08:27:26,111 [INFO] src.federated.aggregation: FedDive: Aggregation complete.
2025-05-20 08:27:26,111 [INFO] src.federated.server: Global model updated with aggregated parameters.
2025-05-20 08:27:26,112 [INFO] src.federated.server: Evaluating updated global model...
2025-05-20 08:27:26,114 [INFO] src.federated.server: Round 3 completed in 0.11s. Eval Metrics: {'loss': 0.12787452340126038, 'accuracy': 0.956140350877193}
2025-05-20 08:27:26,114 [INFO] src.federated.server: ===== Starting Round 4/5 =====
2025-05-20 08:27:26,114 [INFO] src.federated.server: Starting federated training round...
2025-05-20 08:27:26,114 [INFO] src.federated.server: Selected 3 clients out of 5 available (fraction=0.1, min_clients=3): ['classical_mlp_client_1', 'classical_mlp_client_3', 'classical_mlp_client_4']
2025-05-20 08:27:26,115 [INFO] src.federated.client: Client classical_mlp_client_1: Starting local training for 3 epochs. Proximal term mu=0.0.
2025-05-20 08:27:26,143 [INFO] src.federated.client: Client classical_mlp_client_1 - Epoch 1/3 completed. Average Loss: 0.0909
2025-05-20 08:27:26,168 [INFO] src.federated.client: Client classical_mlp_client_1 - Epoch 2/3 completed. Average Loss: 0.0746
2025-05-20 08:27:26,192 [INFO] src.federated.client: Client classical_mlp_client_1 - Epoch 3/3 completed. Average Loss: 0.0646
2025-05-20 08:27:26,192 [INFO] src.federated.client: Client classical_mlp_client_1: Local training finished. Processed 1071 samples.
2025-05-20 08:27:26,193 [INFO] src.federated.client: Client classical_mlp_client_3: Starting local training for 3 epochs. Proximal term mu=0.0.
2025-05-20 08:27:26,195 [INFO] src.federated.client: Client classical_mlp_client_3 - Epoch 1/3 completed. Average Loss: 0.0430
2025-05-20 08:27:26,196 [INFO] src.federated.client: Client classical_mlp_client_3 - Epoch 2/3 completed. Average Loss: 0.0354
2025-05-20 08:27:26,199 [INFO] src.federated.client: Client classical_mlp_client_3 - Epoch 3/3 completed. Average Loss: 0.0290
2025-05-20 08:27:26,199 [INFO] src.federated.client: Client classical_mlp_client_3: Local training finished. Processed 21 samples.
2025-05-20 08:27:26,200 [INFO] src.federated.client: Client classical_mlp_client_4: Starting local training for 3 epochs. Proximal term mu=0.0.
2025-05-20 08:27:26,207 [INFO] src.federated.client: Client classical_mlp_client_4 - Epoch 1/3 completed. Average Loss: 0.1803
2025-05-20 08:27:26,214 [INFO] src.federated.client: Client classical_mlp_client_4 - Epoch 2/3 completed. Average Loss: 0.1572
2025-05-20 08:27:26,222 [INFO] src.federated.client: Client classical_mlp_client_4 - Epoch 3/3 completed. Average Loss: 0.1356
2025-05-20 08:27:26,222 [INFO] src.federated.client: Client classical_mlp_client_4: Local training finished. Processed 234 samples.
2025-05-20 08:27:26,222 [INFO] src.federated.server: Aggregating updates from 3 clients using FedDive.
2025-05-20 08:27:26,222 [INFO] src.federated.aggregation: FedDive: Aggregating updates from 3 clients (momentum=0.9).
2025-05-20 08:27:26,224 [INFO] src.federated.aggregation: FedDive: Aggregation complete.
2025-05-20 08:27:26,224 [INFO] src.federated.server: Global model updated with aggregated parameters.
2025-05-20 08:27:26,224 [INFO] src.federated.server: Evaluating updated global model...
2025-05-20 08:27:26,227 [INFO] src.federated.server: Round 4 completed in 0.11s. Eval Metrics: {'loss': 0.09547439217567444, 'accuracy': 0.9649122807017544}
2025-05-20 08:27:26,227 [INFO] src.federated.server: ===== Starting Round 5/5 =====
2025-05-20 08:27:26,227 [INFO] src.federated.server: Starting federated training round...
2025-05-20 08:27:26,227 [INFO] src.federated.server: Selected 3 clients out of 5 available (fraction=0.1, min_clients=3): ['classical_mlp_client_2', 'classical_mlp_client_0', 'classical_mlp_client_1']
2025-05-20 08:27:26,228 [INFO] src.federated.client: Client classical_mlp_client_2: Starting local training for 3 epochs. Proximal term mu=0.0.
2025-05-20 08:27:26,231 [INFO] src.federated.client: Client classical_mlp_client_2 - Epoch 1/3 completed. Average Loss: 0.5212
2025-05-20 08:27:26,234 [INFO] src.federated.client: Client classical_mlp_client_2 - Epoch 2/3 completed. Average Loss: 0.4685
2025-05-20 08:27:26,236 [INFO] src.federated.client: Client classical_mlp_client_2 - Epoch 3/3 completed. Average Loss: 0.4172
2025-05-20 08:27:26,237 [INFO] src.federated.client: Client classical_mlp_client_2: Local training finished. Processed 6 samples.
2025-05-20 08:27:26,238 [INFO] src.federated.client: Client classical_mlp_client_0: Starting local training for 3 epochs. Proximal term mu=0.0.
2025-05-20 08:27:26,240 [INFO] src.federated.client: Client classical_mlp_client_0 - Epoch 1/3 completed. Average Loss: 0.0737
2025-05-20 08:27:26,243 [INFO] src.federated.client: Client classical_mlp_client_0 - Epoch 2/3 completed. Average Loss: 0.0595
2025-05-20 08:27:26,245 [INFO] src.federated.client: Client classical_mlp_client_0 - Epoch 3/3 completed. Average Loss: 0.0476
2025-05-20 08:27:26,245 [INFO] src.federated.client: Client classical_mlp_client_0: Local training finished. Processed 33 samples.
2025-05-20 08:27:26,246 [INFO] src.federated.client: Client classical_mlp_client_1: Starting local training for 3 epochs. Proximal term mu=0.0.
2025-05-20 08:27:26,275 [INFO] src.federated.client: Client classical_mlp_client_1 - Epoch 1/3 completed. Average Loss: 0.0611
2025-05-20 08:27:26,299 [INFO] src.federated.client: Client classical_mlp_client_1 - Epoch 2/3 completed. Average Loss: 0.0560
2025-05-20 08:27:26,323 [INFO] src.federated.client: Client classical_mlp_client_1 - Epoch 3/3 completed. Average Loss: 0.0498
2025-05-20 08:27:26,324 [INFO] src.federated.client: Client classical_mlp_client_1: Local training finished. Processed 1071 samples.
2025-05-20 08:27:26,324 [INFO] src.federated.server: Aggregating updates from 3 clients using FedDive.
2025-05-20 08:27:26,324 [INFO] src.federated.aggregation: FedDive: Aggregating updates from 3 clients (momentum=0.9).
2025-05-20 08:27:26,325 [INFO] src.federated.aggregation: FedDive: Aggregation complete.
2025-05-20 08:27:26,326 [INFO] src.federated.server: Global model updated with aggregated parameters.
2025-05-20 08:27:26,326 [INFO] src.federated.server: Evaluating updated global model...
2025-05-20 08:27:26,328 [INFO] src.federated.server: Round 5 completed in 0.10s. Eval Metrics: {'loss': 0.08516411483287811, 'accuracy': 0.956140350877193}
2025-05-20 08:27:26,328 [INFO] src.federated.server: Federated training process completed after 5 rounds.
2025-05-20 08:27:26,328 [INFO] BC_ExperimentRunner: ========== Finished BC_MLP_FedDive_NonIID_a0.3_FullFeat ==========

2025-05-20 08:27:26,328 [INFO] BC_ExperimentRunner: ========== Starting BC_VQC_FedAvg_IID_PCA4_L2_Basic ==========
2025-05-20 08:27:26,328 [INFO] BC_ExperimentRunner: --- Setting up experiment: BC_VQC_FedAvg_IID_PCA4_L2_Basic for dataset breast_cancer ---
2025-05-20 08:27:26,329 [INFO] src.utils.data_utils: Set all random seeds to 42
2025-05-20 08:27:26,329 [INFO] BC_ExperimentRunner: Experiment 'BC_VQC_FedAvg_IID_PCA4_L2_Basic' will use tensor_dtype: torch.float32
2025-05-20 08:27:26,329 [INFO] src.utils.data_utils: Loading dataset: breast_cancer, PCA features=4, Scaling=minmax, Subset size=None, Dtype=torch.float32
2025-05-20 08:27:26,329 [INFO] src.utils.data_utils: Set all random seeds to 42
2025-05-20 08:27:26,335 [INFO] src.utils.data_utils: Applying PCA to reduce features to 4
2025-05-20 08:27:26,337 [INFO] src.utils.data_utils: PCA applied. New feature count: 4. Explained variance: 0.8393
2025-05-20 08:27:26,337 [INFO] src.utils.data_utils: Data preparation complete for 'breast_cancer'. Train size: 455, Test size: 114, Features: 4, Classes: 2
2025-05-20 08:27:26,341 [INFO] BC_ExperimentRunner: Successfully loaded configuration from /home/dhanraj/quantum_federated_simulator/configs/federated/server_config.yaml
2025-05-20 08:27:26,343 [INFO] BC_ExperimentRunner: Successfully loaded configuration from /home/dhanraj/quantum_federated_simulator/configs/federated/client_config.yaml
2025-05-20 08:27:26,346 [INFO] BC_ExperimentRunner: Successfully loaded configuration from /home/dhanraj/quantum_federated_simulator/configs/federated/default_aggregation.yaml
2025-05-20 08:27:26,346 [INFO] BC_ExperimentRunner: Creating model of type: vqc with n_features=4, n_classes=2, initial_dtype_request=torch.float32
2025-05-20 08:27:26,346 [INFO] src.quantum.models: Initializing VQC (TorchLayer): qubits=4, layers=2, circuit='basic', device='lightning.qubit', shots=None, diff_method='best'
2025-05-20 08:27:26,378 [INFO] src.quantum.circuits: Creating basic circuit with 4 qubits, 2 layers.
2025-05-20 08:27:26,378 [INFO] src.quantum.circuits: Basic circuit expects 24 trainable parameters.
2025-05-20 08:27:26,378 [INFO] src.quantum.models: VQC circuit requires 24 parameters.
2025-05-20 08:27:26,378 [INFO] src.quantum.models: VariationalQuantumClassifier: Using 'lightning.qubit' with no shots. Defaulting to 'adjoint'.
2025-05-20 08:27:26,378 [INFO] src.quantum.models: VariationalQuantumClassifier attempting to use differentiation method: adjoint
2025-05-20 08:27:26,387 [INFO] src.quantum.models: VQC raw circuit output dimension: 4
2025-05-20 08:27:26,388 [INFO] src.quantum.models: VQC: Added Linear head: 4 -> 2 logits for CrossEntropyLoss.
2025-05-20 08:27:26,388 [INFO] src.federated.aggregation: Creating aggregation strategy of type: fedavg
2025-05-20 08:27:26,388 [INFO] BC_ExperimentRunner: Using aggregation strategy: QuantumAggregationStrategy (base: FedAvg)
2025-05-20 08:27:26,388 [INFO] src.core.quantum_manager: QuantumServer: Initializing with global model type 'vqc'.
2025-05-20 08:27:26,389 [INFO] src.federated.server: Federated server initialized on device 'cuda' with aggregation strategy: QuantumAggregationStrategy
2025-05-20 08:27:26,389 [INFO] BC_ExperimentRunner: Creating model of type: vqc with n_features=4, n_classes=2, initial_dtype_request=torch.float32
2025-05-20 08:27:26,389 [INFO] src.quantum.models: Initializing VQC (TorchLayer): qubits=4, layers=2, circuit='basic', device='lightning.qubit', shots=None, diff_method='best'
2025-05-20 08:27:26,389 [INFO] src.quantum.circuits: Creating basic circuit with 4 qubits, 2 layers.
2025-05-20 08:27:26,389 [INFO] src.quantum.circuits: Basic circuit expects 24 trainable parameters.
2025-05-20 08:27:26,389 [INFO] src.quantum.models: VQC circuit requires 24 parameters.
2025-05-20 08:27:26,389 [INFO] src.quantum.models: VariationalQuantumClassifier: Using 'lightning.qubit' with no shots. Defaulting to 'adjoint'.
2025-05-20 08:27:26,389 [INFO] src.quantum.models: VariationalQuantumClassifier attempting to use differentiation method: adjoint
2025-05-20 08:27:26,394 [INFO] src.quantum.models: VQC raw circuit output dimension: 4
2025-05-20 08:27:26,395 [INFO] src.quantum.models: VQC: Added Linear head: 4 -> 2 logits for CrossEntropyLoss.
2025-05-20 08:27:26,395 [INFO] src.core.quantum_client: QuantumClient vqc_client_0: Initializing with model type 'vqc'.
2025-05-20 08:27:26,396 [INFO] src.federated.client: Client vqc_client_0 initialized on device 'cuda' with 151 samples.
2025-05-20 08:27:26,396 [INFO] BC_ExperimentRunner: Creating model of type: vqc with n_features=4, n_classes=2, initial_dtype_request=torch.float32
2025-05-20 08:27:26,396 [INFO] src.quantum.models: Initializing VQC (TorchLayer): qubits=4, layers=2, circuit='basic', device='lightning.qubit', shots=None, diff_method='best'
2025-05-20 08:27:26,397 [INFO] src.quantum.circuits: Creating basic circuit with 4 qubits, 2 layers.
2025-05-20 08:27:26,397 [INFO] src.quantum.circuits: Basic circuit expects 24 trainable parameters.
2025-05-20 08:27:26,397 [INFO] src.quantum.models: VQC circuit requires 24 parameters.
2025-05-20 08:27:26,397 [INFO] src.quantum.models: VariationalQuantumClassifier: Using 'lightning.qubit' with no shots. Defaulting to 'adjoint'.
2025-05-20 08:27:26,397 [INFO] src.quantum.models: VariationalQuantumClassifier attempting to use differentiation method: adjoint
2025-05-20 08:27:26,403 [INFO] src.quantum.models: VQC raw circuit output dimension: 4
2025-05-20 08:27:26,404 [INFO] src.quantum.models: VQC: Added Linear head: 4 -> 2 logits for CrossEntropyLoss.
2025-05-20 08:27:26,404 [INFO] src.core.quantum_client: QuantumClient vqc_client_1: Initializing with model type 'vqc'.
2025-05-20 08:27:26,405 [INFO] src.federated.client: Client vqc_client_1 initialized on device 'cuda' with 151 samples.
2025-05-20 08:27:26,405 [INFO] BC_ExperimentRunner: Creating model of type: vqc with n_features=4, n_classes=2, initial_dtype_request=torch.float32
2025-05-20 08:27:26,405 [INFO] src.quantum.models: Initializing VQC (TorchLayer): qubits=4, layers=2, circuit='basic', device='lightning.qubit', shots=None, diff_method='best'
2025-05-20 08:27:26,406 [INFO] src.quantum.circuits: Creating basic circuit with 4 qubits, 2 layers.
2025-05-20 08:27:26,406 [INFO] src.quantum.circuits: Basic circuit expects 24 trainable parameters.
2025-05-20 08:27:26,406 [INFO] src.quantum.models: VQC circuit requires 24 parameters.
2025-05-20 08:27:26,406 [INFO] src.quantum.models: VariationalQuantumClassifier: Using 'lightning.qubit' with no shots. Defaulting to 'adjoint'.
2025-05-20 08:27:26,406 [INFO] src.quantum.models: VariationalQuantumClassifier attempting to use differentiation method: adjoint
2025-05-20 08:27:26,412 [INFO] src.quantum.models: VQC raw circuit output dimension: 4
2025-05-20 08:27:26,413 [INFO] src.quantum.models: VQC: Added Linear head: 4 -> 2 logits for CrossEntropyLoss.
2025-05-20 08:27:26,413 [INFO] src.core.quantum_client: QuantumClient vqc_client_2: Initializing with model type 'vqc'.
2025-05-20 08:27:26,414 [INFO] src.federated.client: Client vqc_client_2 initialized on device 'cuda' with 153 samples.
2025-05-20 08:27:26,414 [INFO] src.federated.server: Registered client 'vqc_client_0'. Total clients: 1.
2025-05-20 08:27:26,414 [INFO] src.federated.server: Registered client 'vqc_client_1'. Total clients: 2.
2025-05-20 08:27:26,415 [INFO] src.federated.server: Registered client 'vqc_client_2'. Total clients: 3.
2025-05-20 08:27:26,415 [INFO] BC_ExperimentRunner: --- Scenario setup complete for BC_VQC_FedAvg_IID_PCA4_L2_Basic ---
2025-05-20 08:27:26,416 [INFO] src.federated.server: Starting federated training process for 5 rounds.
2025-05-20 08:27:26,416 [INFO] src.federated.server: Config: local_epochs=3, client_fraction=0.1, min_clients=3, FedProx mu=0.0
2025-05-20 08:27:26,416 [INFO] src.federated.server: Performing initial evaluation of global model...
2025-05-20 08:27:26,416 [INFO] src.core.quantum_manager: Server: Starting evaluation of global model (type: vqc).
2025-05-20 08:27:26,952 [INFO] src.core.quantum_manager: Evaluation results: Loss=0.6952, Accuracy=0.4298
2025-05-20 08:27:26,952 [INFO] src.federated.server: Initial Evaluation Metrics: {'loss': 0.6951935155349865, 'accuracy': 0.4298245614035088}
2025-05-20 08:27:26,952 [INFO] src.federated.server: ===== Starting Round 1/5 =====
2025-05-20 08:27:26,952 [INFO] src.federated.server: Starting federated training round...
2025-05-20 08:27:26,952 [INFO] src.federated.server: Selected 3 clients out of 3 available (fraction=0.1, min_clients=3): ['vqc_client_2', 'vqc_client_0', 'vqc_client_1']
2025-05-20 08:27:26,953 [INFO] src.core.quantum_client: Client vqc_client_2: Starting local training for 3 epochs (model type: vqc). Proximal term mu=0.0.
2025-05-20 08:27:26,953 [INFO] src.federated.client: Client vqc_client_2: Starting local training for 3 epochs. Proximal term mu=0.0.
2025-05-20 08:27:32,781 [INFO] src.federated.client: Client vqc_client_2 - Epoch 1/3 completed. Average Loss: 0.6858
2025-05-20 08:27:38,933 [INFO] src.federated.client: Client vqc_client_2 - Epoch 2/3 completed. Average Loss: 0.6605
2025-05-20 08:27:44,075 [INFO] src.federated.client: Client vqc_client_2 - Epoch 3/3 completed. Average Loss: 0.6349
2025-05-20 08:27:44,076 [INFO] src.federated.client: Client vqc_client_2: Local training finished. Processed 459 samples.
2025-05-20 08:27:44,078 [INFO] src.core.quantum_client: Client vqc_client_0: Starting local training for 3 epochs (model type: vqc). Proximal term mu=0.0.
2025-05-20 08:27:44,078 [INFO] src.federated.client: Client vqc_client_0: Starting local training for 3 epochs. Proximal term mu=0.0.
2025-05-20 08:27:49,178 [INFO] src.federated.client: Client vqc_client_0 - Epoch 1/3 completed. Average Loss: 0.6855
2025-05-20 08:27:54,555 [INFO] src.federated.client: Client vqc_client_0 - Epoch 2/3 completed. Average Loss: 0.6584
2025-05-20 08:28:00,111 [INFO] src.federated.client: Client vqc_client_0 - Epoch 3/3 completed. Average Loss: 0.6362
2025-05-20 08:28:00,111 [INFO] src.federated.client: Client vqc_client_0: Local training finished. Processed 453 samples.
2025-05-20 08:28:00,113 [INFO] src.core.quantum_client: Client vqc_client_1: Starting local training for 3 epochs (model type: vqc). Proximal term mu=0.0.
2025-05-20 08:28:00,114 [INFO] src.federated.client: Client vqc_client_1: Starting local training for 3 epochs. Proximal term mu=0.0.
2025-05-20 08:28:05,397 [INFO] src.federated.client: Client vqc_client_1 - Epoch 1/3 completed. Average Loss: 0.6850
2025-05-20 08:28:10,897 [INFO] src.federated.client: Client vqc_client_1 - Epoch 2/3 completed. Average Loss: 0.6633
2025-05-20 08:28:16,077 [INFO] src.federated.client: Client vqc_client_1 - Epoch 3/3 completed. Average Loss: 0.6450
2025-05-20 08:28:16,077 [INFO] src.federated.client: Client vqc_client_1: Local training finished. Processed 453 samples.
2025-05-20 08:28:16,079 [INFO] src.federated.server: Aggregating updates from 3 clients using QuantumAggregationStrategy.
2025-05-20 08:28:16,079 [INFO] src.core.quantum_manager: QuantumAggregationStrategy: Detected nn.Module (QNN/VQC/Hybrid) state_dict. Delegating to base strategy: FedAvg
2025-05-20 08:28:16,079 [INFO] src.federated.aggregation: FedAvg: Aggregating updates from 3 clients.
2025-05-20 08:28:16,080 [INFO] src.federated.aggregation: FedAvg: Aggregation complete.
2025-05-20 08:28:16,080 [INFO] src.federated.server: Global model updated with aggregated parameters.
2025-05-20 08:28:16,080 [INFO] src.federated.server: Evaluating updated global model...
2025-05-20 08:28:16,080 [INFO] src.core.quantum_manager: Server: Starting evaluation of global model (type: vqc).
2025-05-20 08:28:16,700 [INFO] src.core.quantum_manager: Evaluation results: Loss=0.6235, Accuracy=0.6404
2025-05-20 08:28:16,700 [INFO] src.federated.server: Round 1 completed in 49.75s. Eval Metrics: {'loss': 0.6234722628928068, 'accuracy': 0.6403508771929824}
2025-05-20 08:28:16,700 [INFO] src.federated.server: ===== Starting Round 2/5 =====
2025-05-20 08:28:16,701 [INFO] src.federated.server: Starting federated training round...
2025-05-20 08:28:16,701 [INFO] src.federated.server: Selected 3 clients out of 3 available (fraction=0.1, min_clients=3): ['vqc_client_2', 'vqc_client_1', 'vqc_client_0']
2025-05-20 08:28:16,702 [INFO] src.core.quantum_client: Client vqc_client_2: Starting local training for 3 epochs (model type: vqc). Proximal term mu=0.0.
2025-05-20 08:28:16,702 [INFO] src.federated.client: Client vqc_client_2: Starting local training for 3 epochs. Proximal term mu=0.0.
2025-05-20 08:28:22,242 [INFO] src.federated.client: Client vqc_client_2 - Epoch 1/3 completed. Average Loss: 0.6202
2025-05-20 08:28:28,154 [INFO] src.federated.client: Client vqc_client_2 - Epoch 2/3 completed. Average Loss: 0.6043
2025-05-20 08:28:33,528 [INFO] src.federated.client: Client vqc_client_2 - Epoch 3/3 completed. Average Loss: 0.5865
2025-05-20 08:28:33,529 [INFO] src.federated.client: Client vqc_client_2: Local training finished. Processed 459 samples.
2025-05-20 08:28:33,531 [INFO] src.core.quantum_client: Client vqc_client_1: Starting local training for 3 epochs (model type: vqc). Proximal term mu=0.0.
2025-05-20 08:28:33,531 [INFO] src.federated.client: Client vqc_client_1: Starting local training for 3 epochs. Proximal term mu=0.0.
2025-05-20 08:28:38,754 [INFO] src.federated.client: Client vqc_client_1 - Epoch 1/3 completed. Average Loss: 0.6268
2025-05-20 08:28:43,867 [INFO] src.federated.client: Client vqc_client_1 - Epoch 2/3 completed. Average Loss: 0.6117
2025-05-20 08:28:49,032 [INFO] src.federated.client: Client vqc_client_1 - Epoch 3/3 completed. Average Loss: 0.5970
2025-05-20 08:28:49,032 [INFO] src.federated.client: Client vqc_client_1: Local training finished. Processed 453 samples.
2025-05-20 08:28:49,034 [INFO] src.core.quantum_client: Client vqc_client_0: Starting local training for 3 epochs (model type: vqc). Proximal term mu=0.0.
2025-05-20 08:28:49,034 [INFO] src.federated.client: Client vqc_client_0: Starting local training for 3 epochs. Proximal term mu=0.0.
2025-05-20 08:28:54,373 [INFO] src.federated.client: Client vqc_client_0 - Epoch 1/3 completed. Average Loss: 0.6201
2025-05-20 08:28:59,544 [INFO] src.federated.client: Client vqc_client_0 - Epoch 2/3 completed. Average Loss: 0.6029
2025-05-20 08:29:04,927 [INFO] src.federated.client: Client vqc_client_0 - Epoch 3/3 completed. Average Loss: 0.5858
2025-05-20 08:29:04,927 [INFO] src.federated.client: Client vqc_client_0: Local training finished. Processed 453 samples.
2025-05-20 08:29:04,929 [INFO] src.federated.server: Aggregating updates from 3 clients using QuantumAggregationStrategy.
2025-05-20 08:29:04,929 [INFO] src.core.quantum_manager: QuantumAggregationStrategy: Detected nn.Module (QNN/VQC/Hybrid) state_dict. Delegating to base strategy: FedAvg
2025-05-20 08:29:04,929 [INFO] src.federated.aggregation: FedAvg: Aggregating updates from 3 clients.
2025-05-20 08:29:04,930 [INFO] src.federated.aggregation: FedAvg: Aggregation complete.
2025-05-20 08:29:04,931 [INFO] src.federated.server: Global model updated with aggregated parameters.
2025-05-20 08:29:04,931 [INFO] src.federated.server: Evaluating updated global model...
2025-05-20 08:29:04,931 [INFO] src.core.quantum_manager: Server: Starting evaluation of global model (type: vqc).
2025-05-20 08:29:05,411 [INFO] src.core.quantum_manager: Evaluation results: Loss=0.5722, Accuracy=0.6491
2025-05-20 08:29:05,412 [INFO] src.federated.server: Round 2 completed in 48.71s. Eval Metrics: {'loss': 0.5721591292766103, 'accuracy': 0.6491228070175439}
2025-05-20 08:29:05,412 [INFO] src.federated.server: ===== Starting Round 3/5 =====
2025-05-20 08:29:05,412 [INFO] src.federated.server: Starting federated training round...
2025-05-20 08:29:05,412 [INFO] src.federated.server: Selected 3 clients out of 3 available (fraction=0.1, min_clients=3): ['vqc_client_0', 'vqc_client_2', 'vqc_client_1']
2025-05-20 08:29:05,413 [INFO] src.core.quantum_client: Client vqc_client_0: Starting local training for 3 epochs (model type: vqc). Proximal term mu=0.0.
2025-05-20 08:29:05,413 [INFO] src.federated.client: Client vqc_client_0: Starting local training for 3 epochs. Proximal term mu=0.0.
2025-05-20 08:29:10,648 [INFO] src.federated.client: Client vqc_client_0 - Epoch 1/3 completed. Average Loss: 0.5714
2025-05-20 08:29:15,748 [INFO] src.federated.client: Client vqc_client_0 - Epoch 2/3 completed. Average Loss: 0.5563
2025-05-20 08:29:21,002 [INFO] src.federated.client: Client vqc_client_0 - Epoch 3/3 completed. Average Loss: 0.5405
2025-05-20 08:29:21,002 [INFO] src.federated.client: Client vqc_client_0: Local training finished. Processed 453 samples.
2025-05-20 08:29:21,004 [INFO] src.core.quantum_client: Client vqc_client_2: Starting local training for 3 epochs (model type: vqc). Proximal term mu=0.0.
2025-05-20 08:29:21,005 [INFO] src.federated.client: Client vqc_client_2: Starting local training for 3 epochs. Proximal term mu=0.0.
2025-05-20 08:29:26,403 [INFO] src.federated.client: Client vqc_client_2 - Epoch 1/3 completed. Average Loss: 0.5723
2025-05-20 08:29:31,655 [INFO] src.federated.client: Client vqc_client_2 - Epoch 2/3 completed. Average Loss: 0.5586
2025-05-20 08:29:37,172 [INFO] src.federated.client: Client vqc_client_2 - Epoch 3/3 completed. Average Loss: 0.5433
2025-05-20 08:29:37,173 [INFO] src.federated.client: Client vqc_client_2: Local training finished. Processed 459 samples.
2025-05-20 08:29:37,175 [INFO] src.core.quantum_client: Client vqc_client_1: Starting local training for 3 epochs (model type: vqc). Proximal term mu=0.0.
2025-05-20 08:29:37,176 [INFO] src.federated.client: Client vqc_client_1: Starting local training for 3 epochs. Proximal term mu=0.0.
2025-05-20 08:29:42,174 [INFO] src.federated.client: Client vqc_client_1 - Epoch 1/3 completed. Average Loss: 0.5831
2025-05-20 08:29:48,027 [INFO] src.federated.client: Client vqc_client_1 - Epoch 2/3 completed. Average Loss: 0.5658
2025-05-20 08:29:53,240 [INFO] src.federated.client: Client vqc_client_1 - Epoch 3/3 completed. Average Loss: 0.5465
2025-05-20 08:29:53,240 [INFO] src.federated.client: Client vqc_client_1: Local training finished. Processed 453 samples.
2025-05-20 08:29:53,242 [INFO] src.federated.server: Aggregating updates from 3 clients using QuantumAggregationStrategy.
2025-05-20 08:29:53,242 [INFO] src.core.quantum_manager: QuantumAggregationStrategy: Detected nn.Module (QNN/VQC/Hybrid) state_dict. Delegating to base strategy: FedAvg
2025-05-20 08:29:53,242 [INFO] src.federated.aggregation: FedAvg: Aggregating updates from 3 clients.
2025-05-20 08:29:53,243 [INFO] src.federated.aggregation: FedAvg: Aggregation complete.
2025-05-20 08:29:53,243 [INFO] src.federated.server: Global model updated with aggregated parameters.
2025-05-20 08:29:53,243 [INFO] src.federated.server: Evaluating updated global model...
2025-05-20 08:29:53,243 [INFO] src.core.quantum_manager: Server: Starting evaluation of global model (type: vqc).
2025-05-20 08:29:53,749 [INFO] src.core.quantum_manager: Evaluation results: Loss=0.5221, Accuracy=0.7105
2025-05-20 08:29:53,749 [INFO] src.federated.server: Round 3 completed in 48.34s. Eval Metrics: {'loss': 0.5221387513896876, 'accuracy': 0.7105263157894737}
2025-05-20 08:29:53,750 [INFO] src.federated.server: ===== Starting Round 4/5 =====
2025-05-20 08:29:53,750 [INFO] src.federated.server: Starting federated training round...
2025-05-20 08:29:53,750 [INFO] src.federated.server: Selected 3 clients out of 3 available (fraction=0.1, min_clients=3): ['vqc_client_2', 'vqc_client_0', 'vqc_client_1']
2025-05-20 08:29:53,751 [INFO] src.core.quantum_client: Client vqc_client_2: Starting local training for 3 epochs (model type: vqc). Proximal term mu=0.0.
2025-05-20 08:29:53,751 [INFO] src.federated.client: Client vqc_client_2: Starting local training for 3 epochs. Proximal term mu=0.0.
2025-05-20 08:29:58,944 [INFO] src.federated.client: Client vqc_client_2 - Epoch 1/3 completed. Average Loss: 0.5265
2025-05-20 08:30:04,512 [INFO] src.federated.client: Client vqc_client_2 - Epoch 2/3 completed. Average Loss: 0.5095
2025-05-20 08:30:09,636 [INFO] src.federated.client: Client vqc_client_2 - Epoch 3/3 completed. Average Loss: 0.4915
2025-05-20 08:30:09,636 [INFO] src.federated.client: Client vqc_client_2: Local training finished. Processed 459 samples.
2025-05-20 08:30:09,638 [INFO] src.core.quantum_client: Client vqc_client_0: Starting local training for 3 epochs (model type: vqc). Proximal term mu=0.0.
2025-05-20 08:30:09,638 [INFO] src.federated.client: Client vqc_client_0: Starting local training for 3 epochs. Proximal term mu=0.0.
2025-05-20 08:30:14,876 [INFO] src.federated.client: Client vqc_client_0 - Epoch 1/3 completed. Average Loss: 0.5237
2025-05-20 08:30:20,519 [INFO] src.federated.client: Client vqc_client_0 - Epoch 2/3 completed. Average Loss: 0.5060
2025-05-20 08:30:25,745 [INFO] src.federated.client: Client vqc_client_0 - Epoch 3/3 completed. Average Loss: 0.4869
2025-05-20 08:30:25,745 [INFO] src.federated.client: Client vqc_client_0: Local training finished. Processed 453 samples.
2025-05-20 08:30:25,748 [INFO] src.core.quantum_client: Client vqc_client_1: Starting local training for 3 epochs (model type: vqc). Proximal term mu=0.0.
2025-05-20 08:30:25,748 [INFO] src.federated.client: Client vqc_client_1: Starting local training for 3 epochs. Proximal term mu=0.0.
2025-05-20 08:30:31,556 [INFO] src.federated.client: Client vqc_client_1 - Epoch 1/3 completed. Average Loss: 0.5316
2025-05-20 08:30:37,120 [INFO] src.federated.client: Client vqc_client_1 - Epoch 2/3 completed. Average Loss: 0.5100
2025-05-20 08:30:43,613 [INFO] src.federated.client: Client vqc_client_1 - Epoch 3/3 completed. Average Loss: 0.4880
2025-05-20 08:30:43,613 [INFO] src.federated.client: Client vqc_client_1: Local training finished. Processed 453 samples.
2025-05-20 08:30:43,615 [INFO] src.federated.server: Aggregating updates from 3 clients using QuantumAggregationStrategy.
2025-05-20 08:30:43,615 [INFO] src.core.quantum_manager: QuantumAggregationStrategy: Detected nn.Module (QNN/VQC/Hybrid) state_dict. Delegating to base strategy: FedAvg
2025-05-20 08:30:43,616 [INFO] src.federated.aggregation: FedAvg: Aggregating updates from 3 clients.
2025-05-20 08:30:43,616 [INFO] src.federated.aggregation: FedAvg: Aggregation complete.
2025-05-20 08:30:43,617 [INFO] src.federated.server: Global model updated with aggregated parameters.
2025-05-20 08:30:43,617 [INFO] src.federated.server: Evaluating updated global model...
2025-05-20 08:30:43,617 [INFO] src.core.quantum_manager: Server: Starting evaluation of global model (type: vqc).
2025-05-20 08:30:44,135 [INFO] src.core.quantum_manager: Evaluation results: Loss=0.4638, Accuracy=0.8421
2025-05-20 08:30:44,135 [INFO] src.federated.server: Round 4 completed in 50.39s. Eval Metrics: {'loss': 0.46382435372001246, 'accuracy': 0.8421052631578947}
2025-05-20 08:30:44,135 [INFO] src.federated.server: ===== Starting Round 5/5 =====
2025-05-20 08:30:44,135 [INFO] src.federated.server: Starting federated training round...
2025-05-20 08:30:44,135 [INFO] src.federated.server: Selected 3 clients out of 3 available (fraction=0.1, min_clients=3): ['vqc_client_0', 'vqc_client_2', 'vqc_client_1']
2025-05-20 08:30:44,136 [INFO] src.core.quantum_client: Client vqc_client_0: Starting local training for 3 epochs (model type: vqc). Proximal term mu=0.0.
2025-05-20 08:30:44,136 [INFO] src.federated.client: Client vqc_client_0: Starting local training for 3 epochs. Proximal term mu=0.0.
2025-05-20 08:30:49,639 [INFO] src.federated.client: Client vqc_client_0 - Epoch 1/3 completed. Average Loss: 0.4651
2025-05-20 08:30:55,118 [INFO] src.federated.client: Client vqc_client_0 - Epoch 2/3 completed. Average Loss: 0.4438
2025-05-20 08:31:00,393 [INFO] src.federated.client: Client vqc_client_0 - Epoch 3/3 completed. Average Loss: 0.4209
2025-05-20 08:31:00,394 [INFO] src.federated.client: Client vqc_client_0: Local training finished. Processed 453 samples.
2025-05-20 08:31:00,396 [INFO] src.core.quantum_client: Client vqc_client_2: Starting local training for 3 epochs (model type: vqc). Proximal term mu=0.0.
2025-05-20 08:31:00,396 [INFO] src.federated.client: Client vqc_client_2: Starting local training for 3 epochs. Proximal term mu=0.0.
2025-05-20 08:31:05,829 [INFO] src.federated.client: Client vqc_client_2 - Epoch 1/3 completed. Average Loss: 0.4708
2025-05-20 08:31:11,157 [INFO] src.federated.client: Client vqc_client_2 - Epoch 2/3 completed. Average Loss: 0.4516
2025-05-20 08:31:16,278 [INFO] src.federated.client: Client vqc_client_2 - Epoch 3/3 completed. Average Loss: 0.4304
2025-05-20 08:31:16,278 [INFO] src.federated.client: Client vqc_client_2: Local training finished. Processed 459 samples.
2025-05-20 08:31:16,280 [INFO] src.core.quantum_client: Client vqc_client_1: Starting local training for 3 epochs (model type: vqc). Proximal term mu=0.0.
2025-05-20 08:31:16,281 [INFO] src.federated.client: Client vqc_client_1: Starting local training for 3 epochs. Proximal term mu=0.0.
2025-05-20 08:31:21,607 [INFO] src.federated.client: Client vqc_client_1 - Epoch 1/3 completed. Average Loss: 0.4696
2025-05-20 08:31:26,768 [INFO] src.federated.client: Client vqc_client_1 - Epoch 2/3 completed. Average Loss: 0.4443
2025-05-20 08:31:32,324 [INFO] src.federated.client: Client vqc_client_1 - Epoch 3/3 completed. Average Loss: 0.4207
2025-05-20 08:31:32,325 [INFO] src.federated.client: Client vqc_client_1: Local training finished. Processed 453 samples.
2025-05-20 08:31:32,327 [INFO] src.federated.server: Aggregating updates from 3 clients using QuantumAggregationStrategy.
2025-05-20 08:31:32,327 [INFO] src.core.quantum_manager: QuantumAggregationStrategy: Detected nn.Module (QNN/VQC/Hybrid) state_dict. Delegating to base strategy: FedAvg
2025-05-20 08:31:32,327 [INFO] src.federated.aggregation: FedAvg: Aggregating updates from 3 clients.
2025-05-20 08:31:32,328 [INFO] src.federated.aggregation: FedAvg: Aggregation complete.
2025-05-20 08:31:32,329 [INFO] src.federated.server: Global model updated with aggregated parameters.
2025-05-20 08:31:32,329 [INFO] src.federated.server: Evaluating updated global model...
2025-05-20 08:31:32,329 [INFO] src.core.quantum_manager: Server: Starting evaluation of global model (type: vqc).
2025-05-20 08:31:32,826 [INFO] src.core.quantum_manager: Evaluation results: Loss=0.3988, Accuracy=0.8860
2025-05-20 08:31:32,826 [INFO] src.federated.server: Round 5 completed in 48.69s. Eval Metrics: {'loss': 0.3988393409210339, 'accuracy': 0.8859649122807017}
2025-05-20 08:31:32,826 [INFO] src.federated.server: Federated training process completed after 5 rounds.
2025-05-20 08:31:32,826 [INFO] BC_ExperimentRunner: ========== Finished BC_VQC_FedAvg_IID_PCA4_L2_Basic ==========

2025-05-20 08:31:32,826 [INFO] BC_ExperimentRunner: ========== Starting BC_VQC_FedAvg_NonIID_a0.5_PCA4_L2_Complex ==========
2025-05-20 08:31:32,826 [INFO] BC_ExperimentRunner: --- Setting up experiment: BC_VQC_FedAvg_NonIID_a0.5_PCA4_L2_Complex for dataset breast_cancer ---
2025-05-20 08:31:32,826 [INFO] src.utils.data_utils: Set all random seeds to 42
2025-05-20 08:31:32,827 [INFO] BC_ExperimentRunner: Experiment 'BC_VQC_FedAvg_NonIID_a0.5_PCA4_L2_Complex' will use tensor_dtype: torch.float32
2025-05-20 08:31:32,827 [INFO] src.utils.data_utils: Loading dataset: breast_cancer, PCA features=4, Scaling=minmax, Subset size=None, Dtype=torch.float32
2025-05-20 08:31:32,827 [INFO] src.utils.data_utils: Set all random seeds to 42
2025-05-20 08:31:32,832 [INFO] src.utils.data_utils: Applying PCA to reduce features to 4
2025-05-20 08:31:32,833 [INFO] src.utils.data_utils: PCA applied. New feature count: 4. Explained variance: 0.8393
2025-05-20 08:31:32,834 [INFO] src.utils.data_utils: Data preparation complete for 'breast_cancer'. Train size: 455, Test size: 114, Features: 4, Classes: 2
2025-05-20 08:31:32,837 [INFO] BC_ExperimentRunner: Successfully loaded configuration from /home/dhanraj/quantum_federated_simulator/configs/federated/server_config.yaml
2025-05-20 08:31:32,839 [INFO] BC_ExperimentRunner: Successfully loaded configuration from /home/dhanraj/quantum_federated_simulator/configs/federated/client_config.yaml
2025-05-20 08:31:32,841 [INFO] BC_ExperimentRunner: Successfully loaded configuration from /home/dhanraj/quantum_federated_simulator/configs/federated/default_aggregation.yaml
2025-05-20 08:31:32,842 [INFO] BC_ExperimentRunner: Creating model of type: vqc with n_features=4, n_classes=2, initial_dtype_request=torch.float32
2025-05-20 08:31:32,842 [INFO] src.quantum.models: Initializing VQC (TorchLayer): qubits=4, layers=2, circuit='complex', device='lightning.qubit', shots=None, diff_method='best'
2025-05-20 08:31:32,843 [INFO] src.quantum.circuits: Creating complex circuit with 4 qubits, 2 layers.
2025-05-20 08:31:32,843 [INFO] src.quantum.circuits: Complex circuit expects 48 trainable parameters.
2025-05-20 08:31:32,843 [INFO] src.quantum.models: VQC circuit requires 48 parameters.
2025-05-20 08:31:32,843 [INFO] src.quantum.models: VariationalQuantumClassifier: Using 'lightning.qubit' with no shots. Defaulting to 'adjoint'.
2025-05-20 08:31:32,843 [INFO] src.quantum.models: VariationalQuantumClassifier attempting to use differentiation method: adjoint
2025-05-20 08:31:32,854 [INFO] src.quantum.models: VQC raw circuit output dimension: 6
2025-05-20 08:31:32,854 [INFO] src.quantum.models: VQC: Added Linear head: 6 -> 2 logits for CrossEntropyLoss.
2025-05-20 08:31:32,854 [INFO] src.federated.aggregation: Creating aggregation strategy of type: fedavg
2025-05-20 08:31:32,854 [INFO] BC_ExperimentRunner: Using aggregation strategy: QuantumAggregationStrategy (base: FedAvg)
2025-05-20 08:31:32,854 [INFO] src.core.quantum_manager: QuantumServer: Initializing with global model type 'vqc'.
2025-05-20 08:31:32,855 [INFO] src.federated.server: Federated server initialized on device 'cuda' with aggregation strategy: QuantumAggregationStrategy
2025-05-20 08:31:32,855 [INFO] BC_ExperimentRunner: Creating model of type: vqc with n_features=4, n_classes=2, initial_dtype_request=torch.float32
2025-05-20 08:31:32,855 [INFO] src.quantum.models: Initializing VQC (TorchLayer): qubits=4, layers=2, circuit='complex', device='lightning.qubit', shots=None, diff_method='best'
2025-05-20 08:31:32,855 [INFO] src.quantum.circuits: Creating complex circuit with 4 qubits, 2 layers.
2025-05-20 08:31:32,856 [INFO] src.quantum.circuits: Complex circuit expects 48 trainable parameters.
2025-05-20 08:31:32,856 [INFO] src.quantum.models: VQC circuit requires 48 parameters.
2025-05-20 08:31:32,856 [INFO] src.quantum.models: VariationalQuantumClassifier: Using 'lightning.qubit' with no shots. Defaulting to 'adjoint'.
2025-05-20 08:31:32,856 [INFO] src.quantum.models: VariationalQuantumClassifier attempting to use differentiation method: adjoint
2025-05-20 08:31:32,863 [INFO] src.quantum.models: VQC raw circuit output dimension: 6
2025-05-20 08:31:32,863 [INFO] src.quantum.models: VQC: Added Linear head: 6 -> 2 logits for CrossEntropyLoss.
2025-05-20 08:31:32,863 [INFO] src.core.quantum_client: QuantumClient vqc_client_0: Initializing with model type 'vqc'.
2025-05-20 08:31:32,864 [INFO] src.federated.client: Client vqc_client_0 initialized on device 'cuda' with 32 samples.
2025-05-20 08:31:32,864 [INFO] BC_ExperimentRunner: Creating model of type: vqc with n_features=4, n_classes=2, initial_dtype_request=torch.float32
2025-05-20 08:31:32,864 [INFO] src.quantum.models: Initializing VQC (TorchLayer): qubits=4, layers=2, circuit='complex', device='lightning.qubit', shots=None, diff_method='best'
2025-05-20 08:31:32,865 [INFO] src.quantum.circuits: Creating complex circuit with 4 qubits, 2 layers.
2025-05-20 08:31:32,865 [INFO] src.quantum.circuits: Complex circuit expects 48 trainable parameters.
2025-05-20 08:31:32,865 [INFO] src.quantum.models: VQC circuit requires 48 parameters.
2025-05-20 08:31:32,865 [INFO] src.quantum.models: VariationalQuantumClassifier: Using 'lightning.qubit' with no shots. Defaulting to 'adjoint'.
2025-05-20 08:31:32,865 [INFO] src.quantum.models: VariationalQuantumClassifier attempting to use differentiation method: adjoint
2025-05-20 08:31:32,873 [INFO] src.quantum.models: VQC raw circuit output dimension: 6
2025-05-20 08:31:32,873 [INFO] src.quantum.models: VQC: Added Linear head: 6 -> 2 logits for CrossEntropyLoss.
2025-05-20 08:31:32,873 [INFO] src.core.quantum_client: QuantumClient vqc_client_1: Initializing with model type 'vqc'.
2025-05-20 08:31:32,874 [INFO] src.federated.client: Client vqc_client_1 initialized on device 'cuda' with 418 samples.
2025-05-20 08:31:32,874 [INFO] BC_ExperimentRunner: Creating model of type: vqc with n_features=4, n_classes=2, initial_dtype_request=torch.float32
2025-05-20 08:31:32,874 [INFO] src.quantum.models: Initializing VQC (TorchLayer): qubits=4, layers=2, circuit='complex', device='lightning.qubit', shots=None, diff_method='best'
2025-05-20 08:31:32,875 [INFO] src.quantum.circuits: Creating complex circuit with 4 qubits, 2 layers.
2025-05-20 08:31:32,875 [INFO] src.quantum.circuits: Complex circuit expects 48 trainable parameters.
2025-05-20 08:31:32,875 [INFO] src.quantum.models: VQC circuit requires 48 parameters.
2025-05-20 08:31:32,875 [INFO] src.quantum.models: VariationalQuantumClassifier: Using 'lightning.qubit' with no shots. Defaulting to 'adjoint'.
2025-05-20 08:31:32,875 [INFO] src.quantum.models: VariationalQuantumClassifier attempting to use differentiation method: adjoint
2025-05-20 08:31:32,883 [INFO] src.quantum.models: VQC raw circuit output dimension: 6
2025-05-20 08:31:32,884 [INFO] src.quantum.models: VQC: Added Linear head: 6 -> 2 logits for CrossEntropyLoss.
2025-05-20 08:31:32,884 [INFO] src.core.quantum_client: QuantumClient vqc_client_2: Initializing with model type 'vqc'.
2025-05-20 08:31:32,884 [INFO] src.federated.client: Client vqc_client_2 initialized on device 'cuda' with 5 samples.
2025-05-20 08:31:32,885 [INFO] src.federated.server: Registered client 'vqc_client_0'. Total clients: 1.
2025-05-20 08:31:32,885 [INFO] src.federated.server: Registered client 'vqc_client_1'. Total clients: 2.
2025-05-20 08:31:32,885 [INFO] src.federated.server: Registered client 'vqc_client_2'. Total clients: 3.
2025-05-20 08:31:32,885 [INFO] BC_ExperimentRunner: --- Scenario setup complete for BC_VQC_FedAvg_NonIID_a0.5_PCA4_L2_Complex ---
2025-05-20 08:31:32,885 [INFO] src.federated.server: Starting federated training process for 5 rounds.
2025-05-20 08:31:32,885 [INFO] src.federated.server: Config: local_epochs=3, client_fraction=0.1, min_clients=3, FedProx mu=0.0
2025-05-20 08:31:32,885 [INFO] src.federated.server: Performing initial evaluation of global model...
2025-05-20 08:31:32,885 [INFO] src.core.quantum_manager: Server: Starting evaluation of global model (type: vqc).
2025-05-20 08:31:33,852 [INFO] src.core.quantum_manager: Evaluation results: Loss=0.8873, Accuracy=0.2895
2025-05-20 08:31:33,853 [INFO] src.federated.server: Initial Evaluation Metrics: {'loss': 0.8872619344477068, 'accuracy': 0.2894736842105263}
2025-05-20 08:31:33,853 [INFO] src.federated.server: ===== Starting Round 1/5 =====
2025-05-20 08:31:33,853 [INFO] src.federated.server: Starting federated training round...
2025-05-20 08:31:33,853 [INFO] src.federated.server: Selected 3 clients out of 3 available (fraction=0.1, min_clients=3): ['vqc_client_0', 'vqc_client_2', 'vqc_client_1']
2025-05-20 08:31:33,854 [INFO] src.core.quantum_client: Client vqc_client_0: Starting local training for 3 epochs (model type: vqc). Proximal term mu=0.0.
2025-05-20 08:31:33,854 [INFO] src.federated.client: Client vqc_client_0: Starting local training for 3 epochs. Proximal term mu=0.0.
2025-05-20 08:31:37,070 [INFO] src.federated.client: Client vqc_client_0 - Epoch 1/3 completed. Average Loss: 0.6286
2025-05-20 08:31:39,894 [INFO] src.federated.client: Client vqc_client_0 - Epoch 2/3 completed. Average Loss: 0.6156
2025-05-20 08:31:42,713 [INFO] src.federated.client: Client vqc_client_0 - Epoch 3/3 completed. Average Loss: 0.6031
2025-05-20 08:31:42,713 [INFO] src.federated.client: Client vqc_client_0: Local training finished. Processed 96 samples.
2025-05-20 08:31:42,718 [INFO] src.core.quantum_client: Client vqc_client_2: Starting local training for 3 epochs (model type: vqc). Proximal term mu=0.0.
2025-05-20 08:31:42,718 [INFO] src.federated.client: Client vqc_client_2: Starting local training for 3 epochs. Proximal term mu=0.0.
2025-05-20 08:31:43,173 [INFO] src.federated.client: Client vqc_client_2 - Epoch 1/3 completed. Average Loss: 0.5583
2025-05-20 08:31:43,635 [INFO] src.federated.client: Client vqc_client_2 - Epoch 2/3 completed. Average Loss: 0.5433
2025-05-20 08:31:44,322 [INFO] src.federated.client: Client vqc_client_2 - Epoch 3/3 completed. Average Loss: 0.5287
2025-05-20 08:31:44,322 [INFO] src.federated.client: Client vqc_client_2: Local training finished. Processed 15 samples.
2025-05-20 08:31:44,324 [INFO] src.core.quantum_client: Client vqc_client_1: Starting local training for 3 epochs (model type: vqc). Proximal term mu=0.0.
2025-05-20 08:31:44,324 [INFO] src.federated.client: Client vqc_client_1: Starting local training for 3 epochs. Proximal term mu=0.0.
2025-05-20 08:32:22,740 [INFO] src.federated.client: Client vqc_client_1 - Epoch 1/3 completed. Average Loss: 0.8360
2025-05-20 08:33:01,563 [INFO] src.federated.client: Client vqc_client_1 - Epoch 2/3 completed. Average Loss: 0.7132
2025-05-20 08:33:40,850 [INFO] src.federated.client: Client vqc_client_1 - Epoch 3/3 completed. Average Loss: 0.6443
2025-05-20 08:33:40,851 [INFO] src.federated.client: Client vqc_client_1: Local training finished. Processed 1254 samples.
2025-05-20 08:33:40,851 [INFO] src.federated.server: Aggregating updates from 3 clients using QuantumAggregationStrategy.
2025-05-20 08:33:40,851 [INFO] src.core.quantum_manager: QuantumAggregationStrategy: Detected nn.Module (QNN/VQC/Hybrid) state_dict. Delegating to base strategy: FedAvg
2025-05-20 08:33:40,852 [INFO] src.federated.aggregation: FedAvg: Aggregating updates from 3 clients.
2025-05-20 08:33:40,852 [INFO] src.federated.aggregation: FedAvg: Aggregation complete.
2025-05-20 08:33:40,852 [INFO] src.federated.server: Global model updated with aggregated parameters.
2025-05-20 08:33:40,852 [INFO] src.federated.server: Evaluating updated global model...
2025-05-20 08:33:40,852 [INFO] src.core.quantum_manager: Server: Starting evaluation of global model (type: vqc).
2025-05-20 08:33:41,828 [INFO] src.core.quantum_manager: Evaluation results: Loss=0.6354, Accuracy=0.6579
2025-05-20 08:33:41,828 [INFO] src.federated.server: Round 1 completed in 127.98s. Eval Metrics: {'loss': 0.6354403485331619, 'accuracy': 0.6578947368421053}
2025-05-20 08:33:41,828 [INFO] src.federated.server: ===== Starting Round 2/5 =====
2025-05-20 08:33:41,829 [INFO] src.federated.server: Starting federated training round...
2025-05-20 08:33:41,829 [INFO] src.federated.server: Selected 3 clients out of 3 available (fraction=0.1, min_clients=3): ['vqc_client_1', 'vqc_client_2', 'vqc_client_0']
2025-05-20 08:33:41,830 [INFO] src.core.quantum_client: Client vqc_client_1: Starting local training for 3 epochs (model type: vqc). Proximal term mu=0.0.
2025-05-20 08:33:41,830 [INFO] src.federated.client: Client vqc_client_1: Starting local training for 3 epochs. Proximal term mu=0.0.
2025-05-20 08:34:21,935 [INFO] src.federated.client: Client vqc_client_1 - Epoch 1/3 completed. Average Loss: 0.6018
2025-05-20 08:35:01,311 [INFO] src.federated.client: Client vqc_client_1 - Epoch 2/3 completed. Average Loss: 0.5412
2025-05-20 08:35:40,299 [INFO] src.federated.client: Client vqc_client_1 - Epoch 3/3 completed. Average Loss: 0.4790
2025-05-20 08:35:40,300 [INFO] src.federated.client: Client vqc_client_1: Local training finished. Processed 1254 samples.
2025-05-20 08:35:40,300 [INFO] src.core.quantum_client: Client vqc_client_2: Starting local training for 3 epochs (model type: vqc). Proximal term mu=0.0.
2025-05-20 08:35:40,300 [INFO] src.federated.client: Client vqc_client_2: Starting local training for 3 epochs. Proximal term mu=0.0.
2025-05-20 08:35:40,746 [INFO] src.federated.client: Client vqc_client_2 - Epoch 1/3 completed. Average Loss: 0.7649
2025-05-20 08:35:41,192 [INFO] src.federated.client: Client vqc_client_2 - Epoch 2/3 completed. Average Loss: 0.7488
2025-05-20 08:35:41,637 [INFO] src.federated.client: Client vqc_client_2 - Epoch 3/3 completed. Average Loss: 0.7325
2025-05-20 08:35:41,637 [INFO] src.federated.client: Client vqc_client_2: Local training finished. Processed 15 samples.
2025-05-20 08:35:41,639 [INFO] src.core.quantum_client: Client vqc_client_0: Starting local training for 3 epochs (model type: vqc). Proximal term mu=0.0.
2025-05-20 08:35:41,639 [INFO] src.federated.client: Client vqc_client_0: Starting local training for 3 epochs. Proximal term mu=0.0.
2025-05-20 08:35:44,820 [INFO] src.federated.client: Client vqc_client_0 - Epoch 1/3 completed. Average Loss: 0.7709
2025-05-20 08:35:47,816 [INFO] src.federated.client: Client vqc_client_0 - Epoch 2/3 completed. Average Loss: 0.7571
2025-05-20 08:35:50,731 [INFO] src.federated.client: Client vqc_client_0 - Epoch 3/3 completed. Average Loss: 0.7432
2025-05-20 08:35:50,732 [INFO] src.federated.client: Client vqc_client_0: Local training finished. Processed 96 samples.
2025-05-20 08:35:50,736 [INFO] src.federated.server: Aggregating updates from 3 clients using QuantumAggregationStrategy.
2025-05-20 08:35:50,736 [INFO] src.core.quantum_manager: QuantumAggregationStrategy: Detected nn.Module (QNN/VQC/Hybrid) state_dict. Delegating to base strategy: FedAvg
2025-05-20 08:35:50,736 [INFO] src.federated.aggregation: FedAvg: Aggregating updates from 3 clients.
2025-05-20 08:35:50,737 [INFO] src.federated.aggregation: FedAvg: Aggregation complete.
2025-05-20 08:35:50,737 [INFO] src.federated.server: Global model updated with aggregated parameters.
2025-05-20 08:35:50,737 [INFO] src.federated.server: Evaluating updated global model...
2025-05-20 08:35:50,737 [INFO] src.core.quantum_manager: Server: Starting evaluation of global model (type: vqc).
2025-05-20 08:35:51,655 [INFO] src.core.quantum_manager: Evaluation results: Loss=0.4723, Accuracy=0.9035
2025-05-20 08:35:51,655 [INFO] src.federated.server: Round 2 completed in 129.83s. Eval Metrics: {'loss': 0.472258096201378, 'accuracy': 0.9035087719298246}
2025-05-20 08:35:51,655 [INFO] src.federated.server: ===== Starting Round 3/5 =====
2025-05-20 08:35:51,655 [INFO] src.federated.server: Starting federated training round...
2025-05-20 08:35:51,655 [INFO] src.federated.server: Selected 3 clients out of 3 available (fraction=0.1, min_clients=3): ['vqc_client_0', 'vqc_client_2', 'vqc_client_1']
2025-05-20 08:35:51,657 [INFO] src.core.quantum_client: Client vqc_client_0: Starting local training for 3 epochs (model type: vqc). Proximal term mu=0.0.
2025-05-20 08:35:51,657 [INFO] src.federated.client: Client vqc_client_0: Starting local training for 3 epochs. Proximal term mu=0.0.
2025-05-20 08:35:54,589 [INFO] src.federated.client: Client vqc_client_0 - Epoch 1/3 completed. Average Loss: 0.7222
2025-05-20 08:35:57,655 [INFO] src.federated.client: Client vqc_client_0 - Epoch 2/3 completed. Average Loss: 0.7077
2025-05-20 08:36:00,602 [INFO] src.federated.client: Client vqc_client_0 - Epoch 3/3 completed. Average Loss: 0.6930
2025-05-20 08:36:00,602 [INFO] src.federated.client: Client vqc_client_0: Local training finished. Processed 96 samples.
2025-05-20 08:36:00,607 [INFO] src.core.quantum_client: Client vqc_client_2: Starting local training for 3 epochs (model type: vqc). Proximal term mu=0.0.
2025-05-20 08:36:00,607 [INFO] src.federated.client: Client vqc_client_2: Starting local training for 3 epochs. Proximal term mu=0.0.
2025-05-20 08:36:01,079 [INFO] src.federated.client: Client vqc_client_2 - Epoch 1/3 completed. Average Loss: 0.8155
2025-05-20 08:36:01,551 [INFO] src.federated.client: Client vqc_client_2 - Epoch 2/3 completed. Average Loss: 0.7966
2025-05-20 08:36:02,019 [INFO] src.federated.client: Client vqc_client_2 - Epoch 3/3 completed. Average Loss: 0.7770
2025-05-20 08:36:02,019 [INFO] src.federated.client: Client vqc_client_2: Local training finished. Processed 15 samples.
2025-05-20 08:36:02,021 [INFO] src.core.quantum_client: Client vqc_client_1: Starting local training for 3 epochs (model type: vqc). Proximal term mu=0.0.
2025-05-20 08:36:02,021 [INFO] src.federated.client: Client vqc_client_1: Starting local training for 3 epochs. Proximal term mu=0.0.
2025-05-20 08:36:40,935 [INFO] src.federated.client: Client vqc_client_1 - Epoch 1/3 completed. Average Loss: 0.4272
2025-05-20 08:37:19,799 [INFO] src.federated.client: Client vqc_client_1 - Epoch 2/3 completed. Average Loss: 0.3703
2025-05-20 08:37:59,772 [INFO] src.federated.client: Client vqc_client_1 - Epoch 3/3 completed. Average Loss: 0.3228
2025-05-20 08:37:59,773 [INFO] src.federated.client: Client vqc_client_1: Local training finished. Processed 1254 samples.
2025-05-20 08:37:59,773 [INFO] src.federated.server: Aggregating updates from 3 clients using QuantumAggregationStrategy.
2025-05-20 08:37:59,773 [INFO] src.core.quantum_manager: QuantumAggregationStrategy: Detected nn.Module (QNN/VQC/Hybrid) state_dict. Delegating to base strategy: FedAvg
2025-05-20 08:37:59,773 [INFO] src.federated.aggregation: FedAvg: Aggregating updates from 3 clients.
2025-05-20 08:37:59,774 [INFO] src.federated.aggregation: FedAvg: Aggregation complete.
2025-05-20 08:37:59,774 [INFO] src.federated.server: Global model updated with aggregated parameters.
2025-05-20 08:37:59,774 [INFO] src.federated.server: Evaluating updated global model...
2025-05-20 08:37:59,774 [INFO] src.core.quantum_manager: Server: Starting evaluation of global model (type: vqc).
2025-05-20 08:38:00,725 [INFO] src.core.quantum_manager: Evaluation results: Loss=0.3295, Accuracy=0.9211
2025-05-20 08:38:00,725 [INFO] src.federated.server: Round 3 completed in 129.07s. Eval Metrics: {'loss': 0.3295052950842339, 'accuracy': 0.9210526315789473}
2025-05-20 08:38:00,725 [INFO] src.federated.server: ===== Starting Round 4/5 =====
2025-05-20 08:38:00,726 [INFO] src.federated.server: Starting federated training round...
2025-05-20 08:38:00,726 [INFO] src.federated.server: Selected 3 clients out of 3 available (fraction=0.1, min_clients=3): ['vqc_client_1', 'vqc_client_2', 'vqc_client_0']
2025-05-20 08:38:00,726 [INFO] src.core.quantum_client: Client vqc_client_1: Starting local training for 3 epochs (model type: vqc). Proximal term mu=0.0.
2025-05-20 08:38:00,726 [INFO] src.federated.client: Client vqc_client_1: Starting local training for 3 epochs. Proximal term mu=0.0.
2025-05-20 08:38:41,904 [INFO] src.federated.client: Client vqc_client_1 - Epoch 1/3 completed. Average Loss: 0.2976
2025-05-20 08:39:22,777 [INFO] src.federated.client: Client vqc_client_1 - Epoch 2/3 completed. Average Loss: 0.2710
2025-05-20 08:40:02,109 [INFO] src.federated.client: Client vqc_client_1 - Epoch 3/3 completed. Average Loss: 0.2532
2025-05-20 08:40:02,109 [INFO] src.federated.client: Client vqc_client_1: Local training finished. Processed 1254 samples.
2025-05-20 08:40:02,110 [INFO] src.core.quantum_client: Client vqc_client_2: Starting local training for 3 epochs (model type: vqc). Proximal term mu=0.0.
2025-05-20 08:40:02,111 [INFO] src.federated.client: Client vqc_client_2: Starting local training for 3 epochs. Proximal term mu=0.0.
2025-05-20 08:40:02,587 [INFO] src.federated.client: Client vqc_client_2 - Epoch 1/3 completed. Average Loss: 0.8991
2025-05-20 08:40:03,073 [INFO] src.federated.client: Client vqc_client_2 - Epoch 2/3 completed. Average Loss: 0.8754
2025-05-20 08:40:03,532 [INFO] src.federated.client: Client vqc_client_2 - Epoch 3/3 completed. Average Loss: 0.8507
2025-05-20 08:40:03,533 [INFO] src.federated.client: Client vqc_client_2: Local training finished. Processed 15 samples.
2025-05-20 08:40:03,534 [INFO] src.core.quantum_client: Client vqc_client_0: Starting local training for 3 epochs (model type: vqc). Proximal term mu=0.0.
2025-05-20 08:40:03,535 [INFO] src.federated.client: Client vqc_client_0: Starting local training for 3 epochs. Proximal term mu=0.0.
2025-05-20 08:40:06,583 [INFO] src.federated.client: Client vqc_client_0 - Epoch 1/3 completed. Average Loss: 0.5539
2025-05-20 08:40:09,456 [INFO] src.federated.client: Client vqc_client_0 - Epoch 2/3 completed. Average Loss: 0.5437
2025-05-20 08:40:12,318 [INFO] src.federated.client: Client vqc_client_0 - Epoch 3/3 completed. Average Loss: 0.5337
2025-05-20 08:40:12,319 [INFO] src.federated.client: Client vqc_client_0: Local training finished. Processed 96 samples.
2025-05-20 08:40:12,323 [INFO] src.federated.server: Aggregating updates from 3 clients using QuantumAggregationStrategy.
2025-05-20 08:40:12,324 [INFO] src.core.quantum_manager: QuantumAggregationStrategy: Detected nn.Module (QNN/VQC/Hybrid) state_dict. Delegating to base strategy: FedAvg
2025-05-20 08:40:12,324 [INFO] src.federated.aggregation: FedAvg: Aggregating updates from 3 clients.
2025-05-20 08:40:12,324 [INFO] src.federated.aggregation: FedAvg: Aggregation complete.
2025-05-20 08:40:12,325 [INFO] src.federated.server: Global model updated with aggregated parameters.
2025-05-20 08:40:12,325 [INFO] src.federated.server: Evaluating updated global model...
2025-05-20 08:40:12,325 [INFO] src.core.quantum_manager: Server: Starting evaluation of global model (type: vqc).
2025-05-20 08:40:13,287 [INFO] src.core.quantum_manager: Evaluation results: Loss=0.2629, Accuracy=0.9298
2025-05-20 08:40:13,287 [INFO] src.federated.server: Round 4 completed in 132.56s. Eval Metrics: {'loss': 0.26286514809257105, 'accuracy': 0.9298245614035088}
2025-05-20 08:40:13,287 [INFO] src.federated.server: ===== Starting Round 5/5 =====
2025-05-20 08:40:13,287 [INFO] src.federated.server: Starting federated training round...
2025-05-20 08:40:13,287 [INFO] src.federated.server: Selected 3 clients out of 3 available (fraction=0.1, min_clients=3): ['vqc_client_0', 'vqc_client_1', 'vqc_client_2']
2025-05-20 08:40:13,288 [INFO] src.core.quantum_client: Client vqc_client_0: Starting local training for 3 epochs (model type: vqc). Proximal term mu=0.0.
2025-05-20 08:40:13,288 [INFO] src.federated.client: Client vqc_client_0: Starting local training for 3 epochs. Proximal term mu=0.0.
2025-05-20 08:40:16,254 [INFO] src.federated.client: Client vqc_client_0 - Epoch 1/3 completed. Average Loss: 0.4515
2025-05-20 08:40:19,198 [INFO] src.federated.client: Client vqc_client_0 - Epoch 2/3 completed. Average Loss: 0.4435
2025-05-20 08:40:22,246 [INFO] src.federated.client: Client vqc_client_0 - Epoch 3/3 completed. Average Loss: 0.4353
2025-05-20 08:40:22,246 [INFO] src.federated.client: Client vqc_client_0: Local training finished. Processed 96 samples.
2025-05-20 08:40:22,251 [INFO] src.core.quantum_client: Client vqc_client_1: Starting local training for 3 epochs (model type: vqc). Proximal term mu=0.0.
2025-05-20 08:40:22,251 [INFO] src.federated.client: Client vqc_client_1: Starting local training for 3 epochs. Proximal term mu=0.0.
2025-05-20 08:41:03,742 [INFO] src.federated.client: Client vqc_client_1 - Epoch 1/3 completed. Average Loss: 0.2407
2025-05-20 08:41:47,560 [INFO] src.federated.client: Client vqc_client_1 - Epoch 2/3 completed. Average Loss: 0.2283
2025-05-20 08:42:30,206 [INFO] src.federated.client: Client vqc_client_1 - Epoch 3/3 completed. Average Loss: 0.2150
2025-05-20 08:42:30,207 [INFO] src.federated.client: Client vqc_client_1: Local training finished. Processed 1254 samples.
2025-05-20 08:42:30,207 [INFO] src.core.quantum_client: Client vqc_client_2: Starting local training for 3 epochs (model type: vqc). Proximal term mu=0.0.
2025-05-20 08:42:30,208 [INFO] src.federated.client: Client vqc_client_2: Starting local training for 3 epochs. Proximal term mu=0.0.
2025-05-20 08:42:30,802 [INFO] src.federated.client: Client vqc_client_2 - Epoch 1/3 completed. Average Loss: 0.9585
2025-05-20 08:42:31,348 [INFO] src.federated.client: Client vqc_client_2 - Epoch 2/3 completed. Average Loss: 0.9267
2025-05-20 08:42:31,857 [INFO] src.federated.client: Client vqc_client_2 - Epoch 3/3 completed. Average Loss: 0.8937
2025-05-20 08:42:31,858 [INFO] src.federated.client: Client vqc_client_2: Local training finished. Processed 15 samples.
2025-05-20 08:42:31,859 [INFO] src.federated.server: Aggregating updates from 3 clients using QuantumAggregationStrategy.
2025-05-20 08:42:31,860 [INFO] src.core.quantum_manager: QuantumAggregationStrategy: Detected nn.Module (QNN/VQC/Hybrid) state_dict. Delegating to base strategy: FedAvg
2025-05-20 08:42:31,860 [INFO] src.federated.aggregation: FedAvg: Aggregating updates from 3 clients.
2025-05-20 08:42:31,860 [INFO] src.federated.aggregation: FedAvg: Aggregation complete.
2025-05-20 08:42:31,861 [INFO] src.federated.server: Global model updated with aggregated parameters.
2025-05-20 08:42:31,862 [INFO] src.federated.server: Evaluating updated global model...
2025-05-20 08:42:31,862 [INFO] src.core.quantum_manager: Server: Starting evaluation of global model (type: vqc).
2025-05-20 08:42:33,084 [INFO] src.core.quantum_manager: Evaluation results: Loss=0.2273, Accuracy=0.9123
2025-05-20 08:42:33,085 [INFO] src.federated.server: Round 5 completed in 139.80s. Eval Metrics: {'loss': 0.22725117363427816, 'accuracy': 0.9122807017543859}
2025-05-20 08:42:33,085 [INFO] src.federated.server: Federated training process completed after 5 rounds.
2025-05-20 08:42:33,085 [INFO] BC_ExperimentRunner: ========== Finished BC_VQC_FedAvg_NonIID_a0.5_PCA4_L2_Complex ==========

2025-05-20 08:42:33,085 [INFO] BC_ExperimentRunner: ========== Starting BC_VQC_FedProx_IID_PCA4_L2_Basic ==========
2025-05-20 08:42:33,085 [INFO] BC_ExperimentRunner: --- Setting up experiment: BC_VQC_FedProx_IID_PCA4_L2_Basic for dataset breast_cancer ---
2025-05-20 08:42:33,086 [INFO] src.utils.data_utils: Set all random seeds to 42
2025-05-20 08:42:33,086 [INFO] BC_ExperimentRunner: Experiment 'BC_VQC_FedProx_IID_PCA4_L2_Basic' will use tensor_dtype: torch.float32
2025-05-20 08:42:33,086 [INFO] src.utils.data_utils: Loading dataset: breast_cancer, PCA features=4, Scaling=minmax, Subset size=None, Dtype=torch.float32
2025-05-20 08:42:33,086 [INFO] src.utils.data_utils: Set all random seeds to 42
2025-05-20 08:42:33,092 [INFO] src.utils.data_utils: Applying PCA to reduce features to 4
2025-05-20 08:42:33,093 [INFO] src.utils.data_utils: PCA applied. New feature count: 4. Explained variance: 0.8393
2025-05-20 08:42:33,093 [INFO] src.utils.data_utils: Data preparation complete for 'breast_cancer'. Train size: 455, Test size: 114, Features: 4, Classes: 2
2025-05-20 08:42:33,096 [INFO] BC_ExperimentRunner: Successfully loaded configuration from /home/dhanraj/quantum_federated_simulator/configs/federated/server_config.yaml
2025-05-20 08:42:33,099 [INFO] BC_ExperimentRunner: Successfully loaded configuration from /home/dhanraj/quantum_federated_simulator/configs/federated/client_config.yaml
2025-05-20 08:42:33,101 [INFO] BC_ExperimentRunner: Successfully loaded configuration from /home/dhanraj/quantum_federated_simulator/configs/federated/default_aggregation.yaml
2025-05-20 08:42:33,101 [INFO] BC_ExperimentRunner: Creating model of type: vqc with n_features=4, n_classes=2, initial_dtype_request=torch.float32
2025-05-20 08:42:33,102 [INFO] src.quantum.models: Initializing VQC (TorchLayer): qubits=4, layers=2, circuit='basic', device='lightning.qubit', shots=None, diff_method='best'
2025-05-20 08:42:33,102 [INFO] src.quantum.circuits: Creating basic circuit with 4 qubits, 2 layers.
2025-05-20 08:42:33,102 [INFO] src.quantum.circuits: Basic circuit expects 24 trainable parameters.
2025-05-20 08:42:33,102 [INFO] src.quantum.models: VQC circuit requires 24 parameters.
2025-05-20 08:42:33,102 [INFO] src.quantum.models: VariationalQuantumClassifier: Using 'lightning.qubit' with no shots. Defaulting to 'adjoint'.
2025-05-20 08:42:33,102 [INFO] src.quantum.models: VariationalQuantumClassifier attempting to use differentiation method: adjoint
2025-05-20 08:42:33,108 [INFO] src.quantum.models: VQC raw circuit output dimension: 4
2025-05-20 08:42:33,108 [INFO] src.quantum.models: VQC: Added Linear head: 4 -> 2 logits for CrossEntropyLoss.
2025-05-20 08:42:33,108 [INFO] src.federated.aggregation: Creating aggregation strategy of type: fedavg
2025-05-20 08:42:33,109 [INFO] BC_ExperimentRunner: Using aggregation strategy: QuantumAggregationStrategy (base: FedAvg)
2025-05-20 08:42:33,109 [INFO] src.core.quantum_manager: QuantumServer: Initializing with global model type 'vqc'.
2025-05-20 08:42:33,110 [INFO] src.federated.server: Federated server initialized on device 'cuda' with aggregation strategy: QuantumAggregationStrategy
2025-05-20 08:42:33,110 [INFO] BC_ExperimentRunner: Creating model of type: vqc with n_features=4, n_classes=2, initial_dtype_request=torch.float32
2025-05-20 08:42:33,110 [INFO] src.quantum.models: Initializing VQC (TorchLayer): qubits=4, layers=2, circuit='basic', device='lightning.qubit', shots=None, diff_method='best'
2025-05-20 08:42:33,111 [INFO] src.quantum.circuits: Creating basic circuit with 4 qubits, 2 layers.
2025-05-20 08:42:33,111 [INFO] src.quantum.circuits: Basic circuit expects 24 trainable parameters.
2025-05-20 08:42:33,111 [INFO] src.quantum.models: VQC circuit requires 24 parameters.
2025-05-20 08:42:33,111 [INFO] src.quantum.models: VariationalQuantumClassifier: Using 'lightning.qubit' with no shots. Defaulting to 'adjoint'.
2025-05-20 08:42:33,111 [INFO] src.quantum.models: VariationalQuantumClassifier attempting to use differentiation method: adjoint
2025-05-20 08:42:33,117 [INFO] src.quantum.models: VQC raw circuit output dimension: 4
2025-05-20 08:42:33,118 [INFO] src.quantum.models: VQC: Added Linear head: 4 -> 2 logits for CrossEntropyLoss.
2025-05-20 08:42:33,118 [INFO] src.core.quantum_client: QuantumClient vqc_client_0: Initializing with model type 'vqc'.
2025-05-20 08:42:33,120 [INFO] src.federated.client: Client vqc_client_0 initialized on device 'cuda' with 151 samples.
2025-05-20 08:42:33,121 [INFO] BC_ExperimentRunner: Creating model of type: vqc with n_features=4, n_classes=2, initial_dtype_request=torch.float32
2025-05-20 08:42:33,121 [INFO] src.quantum.models: Initializing VQC (TorchLayer): qubits=4, layers=2, circuit='basic', device='lightning.qubit', shots=None, diff_method='best'
2025-05-20 08:42:33,121 [INFO] src.quantum.circuits: Creating basic circuit with 4 qubits, 2 layers.
2025-05-20 08:42:33,121 [INFO] src.quantum.circuits: Basic circuit expects 24 trainable parameters.
2025-05-20 08:42:33,121 [INFO] src.quantum.models: VQC circuit requires 24 parameters.
2025-05-20 08:42:33,121 [INFO] src.quantum.models: VariationalQuantumClassifier: Using 'lightning.qubit' with no shots. Defaulting to 'adjoint'.
2025-05-20 08:42:33,122 [INFO] src.quantum.models: VariationalQuantumClassifier attempting to use differentiation method: adjoint
2025-05-20 08:42:33,128 [INFO] src.quantum.models: VQC raw circuit output dimension: 4
2025-05-20 08:42:33,128 [INFO] src.quantum.models: VQC: Added Linear head: 4 -> 2 logits for CrossEntropyLoss.
2025-05-20 08:42:33,128 [INFO] src.core.quantum_client: QuantumClient vqc_client_1: Initializing with model type 'vqc'.
2025-05-20 08:42:33,131 [INFO] src.federated.client: Client vqc_client_1 initialized on device 'cuda' with 151 samples.
2025-05-20 08:42:33,131 [INFO] BC_ExperimentRunner: Creating model of type: vqc with n_features=4, n_classes=2, initial_dtype_request=torch.float32
2025-05-20 08:42:33,131 [INFO] src.quantum.models: Initializing VQC (TorchLayer): qubits=4, layers=2, circuit='basic', device='lightning.qubit', shots=None, diff_method='best'
2025-05-20 08:42:33,131 [INFO] src.quantum.circuits: Creating basic circuit with 4 qubits, 2 layers.
2025-05-20 08:42:33,131 [INFO] src.quantum.circuits: Basic circuit expects 24 trainable parameters.
2025-05-20 08:42:33,132 [INFO] src.quantum.models: VQC circuit requires 24 parameters.
2025-05-20 08:42:33,132 [INFO] src.quantum.models: VariationalQuantumClassifier: Using 'lightning.qubit' with no shots. Defaulting to 'adjoint'.
2025-05-20 08:42:33,132 [INFO] src.quantum.models: VariationalQuantumClassifier attempting to use differentiation method: adjoint
2025-05-20 08:42:33,139 [INFO] src.quantum.models: VQC raw circuit output dimension: 4
2025-05-20 08:42:33,139 [INFO] src.quantum.models: VQC: Added Linear head: 4 -> 2 logits for CrossEntropyLoss.
2025-05-20 08:42:33,139 [INFO] src.core.quantum_client: QuantumClient vqc_client_2: Initializing with model type 'vqc'.
2025-05-20 08:42:33,141 [INFO] src.federated.client: Client vqc_client_2 initialized on device 'cuda' with 153 samples.
2025-05-20 08:42:33,141 [INFO] src.federated.server: Registered client 'vqc_client_0'. Total clients: 1.
2025-05-20 08:42:33,141 [INFO] src.federated.server: Registered client 'vqc_client_1'. Total clients: 2.
2025-05-20 08:42:33,141 [INFO] src.federated.server: Registered client 'vqc_client_2'. Total clients: 3.
2025-05-20 08:42:33,141 [INFO] BC_ExperimentRunner: --- Scenario setup complete for BC_VQC_FedProx_IID_PCA4_L2_Basic ---
2025-05-20 08:42:33,142 [INFO] src.federated.server: Starting federated training process for 5 rounds.
2025-05-20 08:42:33,142 [INFO] src.federated.server: Config: local_epochs=3, client_fraction=0.1, min_clients=3, FedProx mu=0.01
2025-05-20 08:42:33,142 [INFO] src.federated.server: Performing initial evaluation of global model...
2025-05-20 08:42:33,142 [INFO] src.core.quantum_manager: Server: Starting evaluation of global model (type: vqc).
2025-05-20 08:42:33,777 [INFO] src.core.quantum_manager: Evaluation results: Loss=0.6952, Accuracy=0.4298
2025-05-20 08:42:33,778 [INFO] src.federated.server: Initial Evaluation Metrics: {'loss': 0.6951935155349865, 'accuracy': 0.4298245614035088}
2025-05-20 08:42:33,778 [INFO] src.federated.server: ===== Starting Round 1/5 =====
2025-05-20 08:42:33,778 [INFO] src.federated.server: Starting federated training round...
2025-05-20 08:42:33,778 [INFO] src.federated.server: Selected 3 clients out of 3 available (fraction=0.1, min_clients=3): ['vqc_client_2', 'vqc_client_0', 'vqc_client_1']
2025-05-20 08:42:33,780 [INFO] src.core.quantum_client: Client vqc_client_2: Starting local training for 3 epochs (model type: vqc). Proximal term mu=0.01.
2025-05-20 08:42:33,780 [INFO] src.federated.client: Client vqc_client_2: Starting local training for 3 epochs. Proximal term mu=0.01.
2025-05-20 08:42:40,358 [INFO] src.federated.client: Client vqc_client_2 - Epoch 1/3 completed. Average Loss: 0.6859
2025-05-20 08:42:46,561 [INFO] src.federated.client: Client vqc_client_2 - Epoch 2/3 completed. Average Loss: 0.6607
2025-05-20 08:42:52,307 [INFO] src.federated.client: Client vqc_client_2 - Epoch 3/3 completed. Average Loss: 0.6355
2025-05-20 08:42:52,307 [INFO] src.federated.client: Client vqc_client_2: Local training finished. Processed 459 samples.
2025-05-20 08:42:52,310 [INFO] src.core.quantum_client: Client vqc_client_0: Starting local training for 3 epochs (model type: vqc). Proximal term mu=0.01.
2025-05-20 08:42:52,311 [INFO] src.federated.client: Client vqc_client_0: Starting local training for 3 epochs. Proximal term mu=0.01.
2025-05-20 08:42:57,959 [INFO] src.federated.client: Client vqc_client_0 - Epoch 1/3 completed. Average Loss: 0.6855
2025-05-20 08:43:03,211 [INFO] src.federated.client: Client vqc_client_0 - Epoch 2/3 completed. Average Loss: 0.6586
2025-05-20 08:43:08,634 [INFO] src.federated.client: Client vqc_client_0 - Epoch 3/3 completed. Average Loss: 0.6367
2025-05-20 08:43:08,635 [INFO] src.federated.client: Client vqc_client_0: Local training finished. Processed 453 samples.
2025-05-20 08:43:08,637 [INFO] src.core.quantum_client: Client vqc_client_1: Starting local training for 3 epochs (model type: vqc). Proximal term mu=0.01.
2025-05-20 08:43:08,637 [INFO] src.federated.client: Client vqc_client_1: Starting local training for 3 epochs. Proximal term mu=0.01.
2025-05-20 08:43:14,324 [INFO] src.federated.client: Client vqc_client_1 - Epoch 1/3 completed. Average Loss: 0.6850
2025-05-20 08:43:19,701 [INFO] src.federated.client: Client vqc_client_1 - Epoch 2/3 completed. Average Loss: 0.6635
2025-05-20 08:43:25,671 [INFO] src.federated.client: Client vqc_client_1 - Epoch 3/3 completed. Average Loss: 0.6454
2025-05-20 08:43:25,672 [INFO] src.federated.client: Client vqc_client_1: Local training finished. Processed 453 samples.
2025-05-20 08:43:25,674 [INFO] src.federated.server: Aggregating updates from 3 clients using QuantumAggregationStrategy.
2025-05-20 08:43:25,674 [INFO] src.core.quantum_manager: QuantumAggregationStrategy: Detected nn.Module (QNN/VQC/Hybrid) state_dict. Delegating to base strategy: FedAvg
2025-05-20 08:43:25,675 [INFO] src.federated.aggregation: FedAvg: Aggregating updates from 3 clients.
2025-05-20 08:43:25,675 [INFO] src.federated.aggregation: FedAvg: Aggregation complete.
2025-05-20 08:43:25,676 [INFO] src.federated.server: Global model updated with aggregated parameters.
2025-05-20 08:43:25,676 [INFO] src.federated.server: Evaluating updated global model...
2025-05-20 08:43:25,676 [INFO] src.core.quantum_manager: Server: Starting evaluation of global model (type: vqc).
2025-05-20 08:43:26,207 [INFO] src.core.quantum_manager: Evaluation results: Loss=0.6235, Accuracy=0.6404
2025-05-20 08:43:26,207 [INFO] src.federated.server: Round 1 completed in 52.43s. Eval Metrics: {'loss': 0.6235448205680177, 'accuracy': 0.6403508771929824}
2025-05-20 08:43:26,207 [INFO] src.federated.server: ===== Starting Round 2/5 =====
2025-05-20 08:43:26,207 [INFO] src.federated.server: Starting federated training round...
2025-05-20 08:43:26,207 [INFO] src.federated.server: Selected 3 clients out of 3 available (fraction=0.1, min_clients=3): ['vqc_client_2', 'vqc_client_1', 'vqc_client_0']
2025-05-20 08:43:26,208 [INFO] src.core.quantum_client: Client vqc_client_2: Starting local training for 3 epochs (model type: vqc). Proximal term mu=0.01.
2025-05-20 08:43:26,209 [INFO] src.federated.client: Client vqc_client_2: Starting local training for 3 epochs. Proximal term mu=0.01.
2025-05-20 08:43:32,159 [INFO] src.federated.client: Client vqc_client_2 - Epoch 1/3 completed. Average Loss: 0.6203
2025-05-20 08:43:37,638 [INFO] src.federated.client: Client vqc_client_2 - Epoch 2/3 completed. Average Loss: 0.6045
2025-05-20 08:43:43,161 [INFO] src.federated.client: Client vqc_client_2 - Epoch 3/3 completed. Average Loss: 0.5869
2025-05-20 08:43:43,162 [INFO] src.federated.client: Client vqc_client_2: Local training finished. Processed 459 samples.
2025-05-20 08:43:43,164 [INFO] src.core.quantum_client: Client vqc_client_1: Starting local training for 3 epochs (model type: vqc). Proximal term mu=0.01.
2025-05-20 08:43:43,164 [INFO] src.federated.client: Client vqc_client_1: Starting local training for 3 epochs. Proximal term mu=0.01.
2025-05-20 08:43:48,851 [INFO] src.federated.client: Client vqc_client_1 - Epoch 1/3 completed. Average Loss: 0.6268
2025-05-20 08:43:54,246 [INFO] src.federated.client: Client vqc_client_1 - Epoch 2/3 completed. Average Loss: 0.6118
2025-05-20 08:43:59,749 [INFO] src.federated.client: Client vqc_client_1 - Epoch 3/3 completed. Average Loss: 0.5973
2025-05-20 08:43:59,750 [INFO] src.federated.client: Client vqc_client_1: Local training finished. Processed 453 samples.
2025-05-20 08:43:59,752 [INFO] src.core.quantum_client: Client vqc_client_0: Starting local training for 3 epochs (model type: vqc). Proximal term mu=0.01.
2025-05-20 08:43:59,752 [INFO] src.federated.client: Client vqc_client_0: Starting local training for 3 epochs. Proximal term mu=0.01.
2025-05-20 08:44:05,098 [INFO] src.federated.client: Client vqc_client_0 - Epoch 1/3 completed. Average Loss: 0.6202
2025-05-20 08:44:10,380 [INFO] src.federated.client: Client vqc_client_0 - Epoch 2/3 completed. Average Loss: 0.6031
2025-05-20 08:44:15,705 [INFO] src.federated.client: Client vqc_client_0 - Epoch 3/3 completed. Average Loss: 0.5862
2025-05-20 08:44:15,705 [INFO] src.federated.client: Client vqc_client_0: Local training finished. Processed 453 samples.
2025-05-20 08:44:15,707 [INFO] src.federated.server: Aggregating updates from 3 clients using QuantumAggregationStrategy.
2025-05-20 08:44:15,707 [INFO] src.core.quantum_manager: QuantumAggregationStrategy: Detected nn.Module (QNN/VQC/Hybrid) state_dict. Delegating to base strategy: FedAvg
2025-05-20 08:44:15,707 [INFO] src.federated.aggregation: FedAvg: Aggregating updates from 3 clients.
2025-05-20 08:44:15,708 [INFO] src.federated.aggregation: FedAvg: Aggregation complete.
2025-05-20 08:44:15,708 [INFO] src.federated.server: Global model updated with aggregated parameters.
2025-05-20 08:44:15,708 [INFO] src.federated.server: Evaluating updated global model...
2025-05-20 08:44:15,708 [INFO] src.core.quantum_manager: Server: Starting evaluation of global model (type: vqc).
2025-05-20 08:44:16,201 [INFO] src.core.quantum_manager: Evaluation results: Loss=0.5722, Accuracy=0.6491
2025-05-20 08:44:16,201 [INFO] src.federated.server: Round 2 completed in 49.99s. Eval Metrics: {'loss': 0.5721953584436785, 'accuracy': 0.6491228070175439}
2025-05-20 08:44:16,201 [INFO] src.federated.server: ===== Starting Round 3/5 =====
2025-05-20 08:44:16,201 [INFO] src.federated.server: Starting federated training round...
2025-05-20 08:44:16,201 [INFO] src.federated.server: Selected 3 clients out of 3 available (fraction=0.1, min_clients=3): ['vqc_client_0', 'vqc_client_2', 'vqc_client_1']
2025-05-20 08:44:16,202 [INFO] src.core.quantum_client: Client vqc_client_0: Starting local training for 3 epochs (model type: vqc). Proximal term mu=0.01.
2025-05-20 08:44:16,202 [INFO] src.federated.client: Client vqc_client_0: Starting local training for 3 epochs. Proximal term mu=0.01.
2025-05-20 08:44:21,552 [INFO] src.federated.client: Client vqc_client_0 - Epoch 1/3 completed. Average Loss: 0.5714
2025-05-20 08:44:27,678 [INFO] src.federated.client: Client vqc_client_0 - Epoch 2/3 completed. Average Loss: 0.5564
2025-05-20 08:44:33,247 [INFO] src.federated.client: Client vqc_client_0 - Epoch 3/3 completed. Average Loss: 0.5407
2025-05-20 08:44:33,247 [INFO] src.federated.client: Client vqc_client_0: Local training finished. Processed 453 samples.
2025-05-20 08:44:33,250 [INFO] src.core.quantum_client: Client vqc_client_2: Starting local training for 3 epochs (model type: vqc). Proximal term mu=0.01.
2025-05-20 08:44:33,250 [INFO] src.federated.client: Client vqc_client_2: Starting local training for 3 epochs. Proximal term mu=0.01.
2025-05-20 08:44:38,734 [INFO] src.federated.client: Client vqc_client_2 - Epoch 1/3 completed. Average Loss: 0.5723
2025-05-20 08:44:44,754 [INFO] src.federated.client: Client vqc_client_2 - Epoch 2/3 completed. Average Loss: 0.5586
2025-05-20 08:44:50,361 [INFO] src.federated.client: Client vqc_client_2 - Epoch 3/3 completed. Average Loss: 0.5435
2025-05-20 08:44:50,362 [INFO] src.federated.client: Client vqc_client_2: Local training finished. Processed 459 samples.
2025-05-20 08:44:50,364 [INFO] src.core.quantum_client: Client vqc_client_1: Starting local training for 3 epochs (model type: vqc). Proximal term mu=0.01.
2025-05-20 08:44:50,364 [INFO] src.federated.client: Client vqc_client_1: Starting local training for 3 epochs. Proximal term mu=0.01.
2025-05-20 08:44:56,153 [INFO] src.federated.client: Client vqc_client_1 - Epoch 1/3 completed. Average Loss: 0.5830
2025-05-20 08:45:01,831 [INFO] src.federated.client: Client vqc_client_1 - Epoch 2/3 completed. Average Loss: 0.5658
2025-05-20 08:45:07,156 [INFO] src.federated.client: Client vqc_client_1 - Epoch 3/3 completed. Average Loss: 0.5467
2025-05-20 08:45:07,157 [INFO] src.federated.client: Client vqc_client_1: Local training finished. Processed 453 samples.
2025-05-20 08:45:07,159 [INFO] src.federated.server: Aggregating updates from 3 clients using QuantumAggregationStrategy.
2025-05-20 08:45:07,159 [INFO] src.core.quantum_manager: QuantumAggregationStrategy: Detected nn.Module (QNN/VQC/Hybrid) state_dict. Delegating to base strategy: FedAvg
2025-05-20 08:45:07,159 [INFO] src.federated.aggregation: FedAvg: Aggregating updates from 3 clients.
2025-05-20 08:45:07,160 [INFO] src.federated.aggregation: FedAvg: Aggregation complete.
2025-05-20 08:45:07,160 [INFO] src.federated.server: Global model updated with aggregated parameters.
2025-05-20 08:45:07,160 [INFO] src.federated.server: Evaluating updated global model...
2025-05-20 08:45:07,160 [INFO] src.core.quantum_manager: Server: Starting evaluation of global model (type: vqc).
2025-05-20 08:45:07,660 [INFO] src.core.quantum_manager: Evaluation results: Loss=0.5220, Accuracy=0.7193
2025-05-20 08:45:07,660 [INFO] src.federated.server: Round 3 completed in 51.46s. Eval Metrics: {'loss': 0.5220318206569605, 'accuracy': 0.7192982456140351}
2025-05-20 08:45:07,660 [INFO] src.federated.server: ===== Starting Round 4/5 =====
2025-05-20 08:45:07,660 [INFO] src.federated.server: Starting federated training round...
2025-05-20 08:45:07,661 [INFO] src.federated.server: Selected 3 clients out of 3 available (fraction=0.1, min_clients=3): ['vqc_client_2', 'vqc_client_0', 'vqc_client_1']
2025-05-20 08:45:07,661 [INFO] src.core.quantum_client: Client vqc_client_2: Starting local training for 3 epochs (model type: vqc). Proximal term mu=0.01.
2025-05-20 08:45:07,661 [INFO] src.federated.client: Client vqc_client_2: Starting local training for 3 epochs. Proximal term mu=0.01.
2025-05-20 08:45:13,117 [INFO] src.federated.client: Client vqc_client_2 - Epoch 1/3 completed. Average Loss: 0.5263
2025-05-20 08:45:18,952 [INFO] src.federated.client: Client vqc_client_2 - Epoch 2/3 completed. Average Loss: 0.5094
2025-05-20 08:45:24,323 [INFO] src.federated.client: Client vqc_client_2 - Epoch 3/3 completed. Average Loss: 0.4916
2025-05-20 08:45:24,324 [INFO] src.federated.client: Client vqc_client_2: Local training finished. Processed 459 samples.
2025-05-20 08:45:24,326 [INFO] src.core.quantum_client: Client vqc_client_0: Starting local training for 3 epochs (model type: vqc). Proximal term mu=0.01.
2025-05-20 08:45:24,326 [INFO] src.federated.client: Client vqc_client_0: Starting local training for 3 epochs. Proximal term mu=0.01.
2025-05-20 08:45:29,751 [INFO] src.federated.client: Client vqc_client_0 - Epoch 1/3 completed. Average Loss: 0.5236
2025-05-20 08:45:35,004 [INFO] src.federated.client: Client vqc_client_0 - Epoch 2/3 completed. Average Loss: 0.5059
2025-05-20 08:45:40,239 [INFO] src.federated.client: Client vqc_client_0 - Epoch 3/3 completed. Average Loss: 0.4869
2025-05-20 08:45:40,240 [INFO] src.federated.client: Client vqc_client_0: Local training finished. Processed 453 samples.
2025-05-20 08:45:40,242 [INFO] src.core.quantum_client: Client vqc_client_1: Starting local training for 3 epochs (model type: vqc). Proximal term mu=0.01.
2025-05-20 08:45:40,242 [INFO] src.federated.client: Client vqc_client_1: Starting local training for 3 epochs. Proximal term mu=0.01.
2025-05-20 08:45:45,696 [INFO] src.federated.client: Client vqc_client_1 - Epoch 1/3 completed. Average Loss: 0.5313
2025-05-20 08:45:51,177 [INFO] src.federated.client: Client vqc_client_1 - Epoch 2/3 completed. Average Loss: 0.5098
2025-05-20 08:45:57,476 [INFO] src.federated.client: Client vqc_client_1 - Epoch 3/3 completed. Average Loss: 0.4880
2025-05-20 08:45:57,477 [INFO] src.federated.client: Client vqc_client_1: Local training finished. Processed 453 samples.
2025-05-20 08:45:57,479 [INFO] src.federated.server: Aggregating updates from 3 clients using QuantumAggregationStrategy.
2025-05-20 08:45:57,479 [INFO] src.core.quantum_manager: QuantumAggregationStrategy: Detected nn.Module (QNN/VQC/Hybrid) state_dict. Delegating to base strategy: FedAvg
2025-05-20 08:45:57,479 [INFO] src.federated.aggregation: FedAvg: Aggregating updates from 3 clients.
2025-05-20 08:45:57,480 [INFO] src.federated.aggregation: FedAvg: Aggregation complete.
2025-05-20 08:45:57,481 [INFO] src.federated.server: Global model updated with aggregated parameters.
2025-05-20 08:45:57,482 [INFO] src.federated.server: Evaluating updated global model...
2025-05-20 08:45:57,482 [INFO] src.core.quantum_manager: Server: Starting evaluation of global model (type: vqc).
2025-05-20 08:45:58,050 [INFO] src.core.quantum_manager: Evaluation results: Loss=0.4635, Accuracy=0.8421
2025-05-20 08:45:58,050 [INFO] src.federated.server: Round 4 completed in 50.39s. Eval Metrics: {'loss': 0.46352268415584896, 'accuracy': 0.8421052631578947}
2025-05-20 08:45:58,050 [INFO] src.federated.server: ===== Starting Round 5/5 =====
2025-05-20 08:45:58,050 [INFO] src.federated.server: Starting federated training round...
2025-05-20 08:45:58,050 [INFO] src.federated.server: Selected 3 clients out of 3 available (fraction=0.1, min_clients=3): ['vqc_client_0', 'vqc_client_2', 'vqc_client_1']
2025-05-20 08:45:58,051 [INFO] src.core.quantum_client: Client vqc_client_0: Starting local training for 3 epochs (model type: vqc). Proximal term mu=0.01.
2025-05-20 08:45:58,051 [INFO] src.federated.client: Client vqc_client_0: Starting local training for 3 epochs. Proximal term mu=0.01.
2025-05-20 08:46:03,665 [INFO] src.federated.client: Client vqc_client_0 - Epoch 1/3 completed. Average Loss: 0.4648
2025-05-20 08:46:08,996 [INFO] src.federated.client: Client vqc_client_0 - Epoch 2/3 completed. Average Loss: 0.4435
2025-05-20 08:46:14,718 [INFO] src.federated.client: Client vqc_client_0 - Epoch 3/3 completed. Average Loss: 0.4210
2025-05-20 08:46:14,718 [INFO] src.federated.client: Client vqc_client_0: Local training finished. Processed 453 samples.
2025-05-20 08:46:14,721 [INFO] src.core.quantum_client: Client vqc_client_2: Starting local training for 3 epochs (model type: vqc). Proximal term mu=0.01.
2025-05-20 08:46:14,722 [INFO] src.federated.client: Client vqc_client_2: Starting local training for 3 epochs. Proximal term mu=0.01.
2025-05-20 08:46:21,146 [INFO] src.federated.client: Client vqc_client_2 - Epoch 1/3 completed. Average Loss: 0.4704
2025-05-20 08:46:27,120 [INFO] src.federated.client: Client vqc_client_2 - Epoch 2/3 completed. Average Loss: 0.4513
2025-05-20 08:46:33,235 [INFO] src.federated.client: Client vqc_client_2 - Epoch 3/3 completed. Average Loss: 0.4304
2025-05-20 08:46:33,236 [INFO] src.federated.client: Client vqc_client_2: Local training finished. Processed 459 samples.
2025-05-20 08:46:33,238 [INFO] src.core.quantum_client: Client vqc_client_1: Starting local training for 3 epochs (model type: vqc). Proximal term mu=0.01.
2025-05-20 08:46:33,238 [INFO] src.federated.client: Client vqc_client_1: Starting local training for 3 epochs. Proximal term mu=0.01.
2025-05-20 08:46:38,845 [INFO] src.federated.client: Client vqc_client_1 - Epoch 1/3 completed. Average Loss: 0.4693
2025-05-20 08:46:44,257 [INFO] src.federated.client: Client vqc_client_1 - Epoch 2/3 completed. Average Loss: 0.4440
2025-05-20 08:46:49,672 [INFO] src.federated.client: Client vqc_client_1 - Epoch 3/3 completed. Average Loss: 0.4207
2025-05-20 08:46:49,673 [INFO] src.federated.client: Client vqc_client_1: Local training finished. Processed 453 samples.
2025-05-20 08:46:49,675 [INFO] src.federated.server: Aggregating updates from 3 clients using QuantumAggregationStrategy.
2025-05-20 08:46:49,675 [INFO] src.core.quantum_manager: QuantumAggregationStrategy: Detected nn.Module (QNN/VQC/Hybrid) state_dict. Delegating to base strategy: FedAvg
2025-05-20 08:46:49,675 [INFO] src.federated.aggregation: FedAvg: Aggregating updates from 3 clients.
2025-05-20 08:46:49,676 [INFO] src.federated.aggregation: FedAvg: Aggregation complete.
2025-05-20 08:46:49,676 [INFO] src.federated.server: Global model updated with aggregated parameters.
2025-05-20 08:46:49,676 [INFO] src.federated.server: Evaluating updated global model...
2025-05-20 08:46:49,676 [INFO] src.core.quantum_manager: Server: Starting evaluation of global model (type: vqc).
2025-05-20 08:46:50,161 [INFO] src.core.quantum_manager: Evaluation results: Loss=0.3985, Accuracy=0.8860
2025-05-20 08:46:50,161 [INFO] src.federated.server: Round 5 completed in 52.11s. Eval Metrics: {'loss': 0.3984732204361966, 'accuracy': 0.8859649122807017}
2025-05-20 08:46:50,161 [INFO] src.federated.server: Federated training process completed after 5 rounds.
2025-05-20 08:46:50,161 [INFO] BC_ExperimentRunner: ========== Finished BC_VQC_FedProx_IID_PCA4_L2_Basic ==========

2025-05-20 08:46:50,161 [INFO] BC_ExperimentRunner: ========== Starting BC_VQC_FedAvg_IID_PCA4_L2_Basic ==========
2025-05-20 08:46:50,161 [INFO] BC_ExperimentRunner: --- Setting up experiment: BC_VQC_FedAvg_IID_PCA4_L2_Basic for dataset breast_cancer ---
2025-05-20 08:46:50,162 [INFO] src.utils.data_utils: Set all random seeds to 42
2025-05-20 08:46:50,162 [INFO] BC_ExperimentRunner: Experiment 'BC_VQC_FedAvg_IID_PCA4_L2_Basic' will use tensor_dtype: torch.float32
2025-05-20 08:46:50,162 [INFO] src.utils.data_utils: Loading dataset: breast_cancer, PCA features=4, Scaling=minmax, Subset size=None, Dtype=torch.float32
2025-05-20 08:46:50,162 [INFO] src.utils.data_utils: Set all random seeds to 42
2025-05-20 08:46:50,167 [INFO] src.utils.data_utils: Applying PCA to reduce features to 4
2025-05-20 08:46:50,168 [INFO] src.utils.data_utils: PCA applied. New feature count: 4. Explained variance: 0.8393
2025-05-20 08:46:50,169 [INFO] src.utils.data_utils: Data preparation complete for 'breast_cancer'. Train size: 455, Test size: 114, Features: 4, Classes: 2
2025-05-20 08:46:50,172 [INFO] BC_ExperimentRunner: Successfully loaded configuration from /home/dhanraj/quantum_federated_simulator/configs/federated/server_config.yaml
2025-05-20 08:46:50,174 [INFO] BC_ExperimentRunner: Successfully loaded configuration from /home/dhanraj/quantum_federated_simulator/configs/federated/client_config.yaml
2025-05-20 08:46:50,176 [INFO] BC_ExperimentRunner: Successfully loaded configuration from /home/dhanraj/quantum_federated_simulator/configs/federated/default_aggregation.yaml
2025-05-20 08:46:50,176 [INFO] BC_ExperimentRunner: Creating model of type: vqc with n_features=4, n_classes=2, initial_dtype_request=torch.float32
2025-05-20 08:46:50,176 [INFO] src.quantum.models: Initializing VQC (TorchLayer): qubits=4, layers=2, circuit='basic', device='lightning.qubit', shots=None, diff_method='best'
2025-05-20 08:46:50,177 [INFO] src.quantum.circuits: Creating basic circuit with 4 qubits, 2 layers.
2025-05-20 08:46:50,177 [INFO] src.quantum.circuits: Basic circuit expects 24 trainable parameters.
2025-05-20 08:46:50,177 [INFO] src.quantum.models: VQC circuit requires 24 parameters.
2025-05-20 08:46:50,177 [INFO] src.quantum.models: VariationalQuantumClassifier: Using 'lightning.qubit' with no shots. Defaulting to 'adjoint'.
2025-05-20 08:46:50,177 [INFO] src.quantum.models: VariationalQuantumClassifier attempting to use differentiation method: adjoint
2025-05-20 08:46:50,182 [INFO] src.quantum.models: VQC raw circuit output dimension: 4
2025-05-20 08:46:50,182 [INFO] src.quantum.models: VQC: Added Linear head: 4 -> 2 logits for CrossEntropyLoss.
2025-05-20 08:46:50,182 [INFO] src.federated.aggregation: Creating aggregation strategy of type: feddive
2025-05-20 08:46:50,183 [INFO] src.federated.aggregation: FedDive parameters: momentum=0.9, epsilon=1e-08, temperature=1.0, normalize_distances=True
2025-05-20 08:46:50,183 [INFO] BC_ExperimentRunner: Using aggregation strategy: QuantumAggregationStrategy (base: FedDive)
2025-05-20 08:46:50,183 [INFO] src.core.quantum_manager: QuantumServer: Initializing with global model type 'vqc'.
2025-05-20 08:46:50,183 [INFO] src.federated.server: Federated server initialized on device 'cuda' with aggregation strategy: QuantumAggregationStrategy
2025-05-20 08:46:50,184 [INFO] BC_ExperimentRunner: Creating model of type: vqc with n_features=4, n_classes=2, initial_dtype_request=torch.float32
2025-05-20 08:46:50,184 [INFO] src.quantum.models: Initializing VQC (TorchLayer): qubits=4, layers=2, circuit='basic', device='lightning.qubit', shots=None, diff_method='best'
2025-05-20 08:46:50,184 [INFO] src.quantum.circuits: Creating basic circuit with 4 qubits, 2 layers.
2025-05-20 08:46:50,184 [INFO] src.quantum.circuits: Basic circuit expects 24 trainable parameters.
2025-05-20 08:46:50,184 [INFO] src.quantum.models: VQC circuit requires 24 parameters.
2025-05-20 08:46:50,184 [INFO] src.quantum.models: VariationalQuantumClassifier: Using 'lightning.qubit' with no shots. Defaulting to 'adjoint'.
2025-05-20 08:46:50,184 [INFO] src.quantum.models: VariationalQuantumClassifier attempting to use differentiation method: adjoint
2025-05-20 08:46:50,189 [INFO] src.quantum.models: VQC raw circuit output dimension: 4
2025-05-20 08:46:50,189 [INFO] src.quantum.models: VQC: Added Linear head: 4 -> 2 logits for CrossEntropyLoss.
2025-05-20 08:46:50,189 [INFO] src.core.quantum_client: QuantumClient vqc_client_0: Initializing with model type 'vqc'.
2025-05-20 08:46:50,190 [INFO] src.federated.client: Client vqc_client_0 initialized on device 'cuda' with 151 samples.
2025-05-20 08:46:50,190 [INFO] BC_ExperimentRunner: Creating model of type: vqc with n_features=4, n_classes=2, initial_dtype_request=torch.float32
2025-05-20 08:46:50,191 [INFO] src.quantum.models: Initializing VQC (TorchLayer): qubits=4, layers=2, circuit='basic', device='lightning.qubit', shots=None, diff_method='best'
2025-05-20 08:46:50,191 [INFO] src.quantum.circuits: Creating basic circuit with 4 qubits, 2 layers.
2025-05-20 08:46:50,191 [INFO] src.quantum.circuits: Basic circuit expects 24 trainable parameters.
2025-05-20 08:46:50,192 [INFO] src.quantum.models: VQC circuit requires 24 parameters.
2025-05-20 08:46:50,192 [INFO] src.quantum.models: VariationalQuantumClassifier: Using 'lightning.qubit' with no shots. Defaulting to 'adjoint'.
2025-05-20 08:46:50,192 [INFO] src.quantum.models: VariationalQuantumClassifier attempting to use differentiation method: adjoint
2025-05-20 08:46:50,197 [INFO] src.quantum.models: VQC raw circuit output dimension: 4
2025-05-20 08:46:50,198 [INFO] src.quantum.models: VQC: Added Linear head: 4 -> 2 logits for CrossEntropyLoss.
2025-05-20 08:46:50,198 [INFO] src.core.quantum_client: QuantumClient vqc_client_1: Initializing with model type 'vqc'.
2025-05-20 08:46:50,199 [INFO] src.federated.client: Client vqc_client_1 initialized on device 'cuda' with 151 samples.
2025-05-20 08:46:50,199 [INFO] BC_ExperimentRunner: Creating model of type: vqc with n_features=4, n_classes=2, initial_dtype_request=torch.float32
2025-05-20 08:46:50,199 [INFO] src.quantum.models: Initializing VQC (TorchLayer): qubits=4, layers=2, circuit='basic', device='lightning.qubit', shots=None, diff_method='best'
2025-05-20 08:46:50,199 [INFO] src.quantum.circuits: Creating basic circuit with 4 qubits, 2 layers.
2025-05-20 08:46:50,199 [INFO] src.quantum.circuits: Basic circuit expects 24 trainable parameters.
2025-05-20 08:46:50,200 [INFO] src.quantum.models: VQC circuit requires 24 parameters.
2025-05-20 08:46:50,200 [INFO] src.quantum.models: VariationalQuantumClassifier: Using 'lightning.qubit' with no shots. Defaulting to 'adjoint'.
2025-05-20 08:46:50,200 [INFO] src.quantum.models: VariationalQuantumClassifier attempting to use differentiation method: adjoint
2025-05-20 08:46:50,205 [INFO] src.quantum.models: VQC raw circuit output dimension: 4
2025-05-20 08:46:50,206 [INFO] src.quantum.models: VQC: Added Linear head: 4 -> 2 logits for CrossEntropyLoss.
2025-05-20 08:46:50,206 [INFO] src.core.quantum_client: QuantumClient vqc_client_2: Initializing with model type 'vqc'.
2025-05-20 08:46:50,207 [INFO] src.federated.client: Client vqc_client_2 initialized on device 'cuda' with 153 samples.
2025-05-20 08:46:50,207 [INFO] src.federated.server: Registered client 'vqc_client_0'. Total clients: 1.
2025-05-20 08:46:50,207 [INFO] src.federated.server: Registered client 'vqc_client_1'. Total clients: 2.
2025-05-20 08:46:50,207 [INFO] src.federated.server: Registered client 'vqc_client_2'. Total clients: 3.
2025-05-20 08:46:50,207 [INFO] BC_ExperimentRunner: --- Scenario setup complete for BC_VQC_FedAvg_IID_PCA4_L2_Basic ---
2025-05-20 08:46:50,207 [INFO] src.federated.server: Starting federated training process for 5 rounds.
2025-05-20 08:46:50,207 [INFO] src.federated.server: Config: local_epochs=3, client_fraction=0.1, min_clients=3, FedProx mu=0.0
2025-05-20 08:46:50,207 [INFO] src.federated.server: Performing initial evaluation of global model...
2025-05-20 08:46:50,207 [INFO] src.core.quantum_manager: Server: Starting evaluation of global model (type: vqc).
2025-05-20 08:46:50,690 [INFO] src.core.quantum_manager: Evaluation results: Loss=0.6952, Accuracy=0.4298
2025-05-20 08:46:50,690 [INFO] src.federated.server: Initial Evaluation Metrics: {'loss': 0.6951935155349865, 'accuracy': 0.4298245614035088}
2025-05-20 08:46:50,690 [INFO] src.federated.server: ===== Starting Round 1/5 =====
2025-05-20 08:46:50,690 [INFO] src.federated.server: Starting federated training round...
2025-05-20 08:46:50,690 [INFO] src.federated.server: Selected 3 clients out of 3 available (fraction=0.1, min_clients=3): ['vqc_client_2', 'vqc_client_0', 'vqc_client_1']
2025-05-20 08:46:50,692 [INFO] src.core.quantum_client: Client vqc_client_2: Starting local training for 3 epochs (model type: vqc). Proximal term mu=0.0.
2025-05-20 08:46:50,692 [INFO] src.federated.client: Client vqc_client_2: Starting local training for 3 epochs. Proximal term mu=0.0.
2025-05-20 08:46:56,070 [INFO] src.federated.client: Client vqc_client_2 - Epoch 1/3 completed. Average Loss: 0.6858
2025-05-20 08:47:01,594 [INFO] src.federated.client: Client vqc_client_2 - Epoch 2/3 completed. Average Loss: 0.6605
2025-05-20 08:47:07,586 [INFO] src.federated.client: Client vqc_client_2 - Epoch 3/3 completed. Average Loss: 0.6349
2025-05-20 08:47:07,587 [INFO] src.federated.client: Client vqc_client_2: Local training finished. Processed 459 samples.
2025-05-20 08:47:07,591 [INFO] src.core.quantum_client: Client vqc_client_0: Starting local training for 3 epochs (model type: vqc). Proximal term mu=0.0.
2025-05-20 08:47:07,591 [INFO] src.federated.client: Client vqc_client_0: Starting local training for 3 epochs. Proximal term mu=0.0.
2025-05-20 08:47:13,208 [INFO] src.federated.client: Client vqc_client_0 - Epoch 1/3 completed. Average Loss: 0.6855
2025-05-20 08:47:18,766 [INFO] src.federated.client: Client vqc_client_0 - Epoch 2/3 completed. Average Loss: 0.6584
2025-05-20 08:47:24,042 [INFO] src.federated.client: Client vqc_client_0 - Epoch 3/3 completed. Average Loss: 0.6362
2025-05-20 08:47:24,043 [INFO] src.federated.client: Client vqc_client_0: Local training finished. Processed 453 samples.
2025-05-20 08:47:24,045 [INFO] src.core.quantum_client: Client vqc_client_1: Starting local training for 3 epochs (model type: vqc). Proximal term mu=0.0.
2025-05-20 08:47:24,045 [INFO] src.federated.client: Client vqc_client_1: Starting local training for 3 epochs. Proximal term mu=0.0.
2025-05-20 08:47:29,667 [INFO] src.federated.client: Client vqc_client_1 - Epoch 1/3 completed. Average Loss: 0.6850
2025-05-20 08:47:35,399 [INFO] src.federated.client: Client vqc_client_1 - Epoch 2/3 completed. Average Loss: 0.6633
2025-05-20 08:47:41,073 [INFO] src.federated.client: Client vqc_client_1 - Epoch 3/3 completed. Average Loss: 0.6450
2025-05-20 08:47:41,073 [INFO] src.federated.client: Client vqc_client_1: Local training finished. Processed 453 samples.
2025-05-20 08:47:41,075 [INFO] src.federated.server: Aggregating updates from 3 clients using QuantumAggregationStrategy.
2025-05-20 08:47:41,075 [INFO] src.core.quantum_manager: QuantumAggregationStrategy: Detected nn.Module (QNN/VQC/Hybrid) state_dict. Delegating to base strategy: FedDive
2025-05-20 08:47:41,075 [INFO] src.federated.aggregation: FedDive: Aggregating updates from 3 clients (momentum=0.9).
2025-05-20 08:47:41,076 [INFO] src.federated.aggregation: FedDive: Initializing velocity and previous parameters.
2025-05-20 08:47:41,078 [INFO] src.federated.aggregation: FedDive: Aggregation complete.
2025-05-20 08:47:41,078 [INFO] src.federated.server: Global model updated with aggregated parameters.
2025-05-20 08:47:41,078 [INFO] src.federated.server: Evaluating updated global model...
2025-05-20 08:47:41,078 [INFO] src.core.quantum_manager: Server: Starting evaluation of global model (type: vqc).
2025-05-20 08:47:41,612 [INFO] src.core.quantum_manager: Evaluation results: Loss=0.6216, Accuracy=0.6491
2025-05-20 08:47:41,613 [INFO] src.federated.server: Round 1 completed in 50.92s. Eval Metrics: {'loss': 0.6216186933350145, 'accuracy': 0.6491228070175439}
2025-05-20 08:47:41,613 [INFO] src.federated.server: ===== Starting Round 2/5 =====
2025-05-20 08:47:41,613 [INFO] src.federated.server: Starting federated training round...
2025-05-20 08:47:41,613 [INFO] src.federated.server: Selected 3 clients out of 3 available (fraction=0.1, min_clients=3): ['vqc_client_2', 'vqc_client_1', 'vqc_client_0']
2025-05-20 08:47:41,613 [INFO] src.core.quantum_client: Client vqc_client_2: Starting local training for 3 epochs (model type: vqc). Proximal term mu=0.0.
2025-05-20 08:47:41,614 [INFO] src.federated.client: Client vqc_client_2: Starting local training for 3 epochs. Proximal term mu=0.0.
2025-05-20 08:47:47,226 [INFO] src.federated.client: Client vqc_client_2 - Epoch 1/3 completed. Average Loss: 0.6184
2025-05-20 08:47:52,720 [INFO] src.federated.client: Client vqc_client_2 - Epoch 2/3 completed. Average Loss: 0.6031
2025-05-20 08:47:57,926 [INFO] src.federated.client: Client vqc_client_2 - Epoch 3/3 completed. Average Loss: 0.5860
2025-05-20 08:47:57,926 [INFO] src.federated.client: Client vqc_client_2: Local training finished. Processed 459 samples.
2025-05-20 08:47:57,929 [INFO] src.core.quantum_client: Client vqc_client_1: Starting local training for 3 epochs (model type: vqc). Proximal term mu=0.0.
2025-05-20 08:47:57,929 [INFO] src.federated.client: Client vqc_client_1: Starting local training for 3 epochs. Proximal term mu=0.0.
2025-05-20 08:48:03,436 [INFO] src.federated.client: Client vqc_client_1 - Epoch 1/3 completed. Average Loss: 0.6261
2025-05-20 08:48:08,793 [INFO] src.federated.client: Client vqc_client_1 - Epoch 2/3 completed. Average Loss: 0.6113
2025-05-20 08:48:13,959 [INFO] src.federated.client: Client vqc_client_1 - Epoch 3/3 completed. Average Loss: 0.5968
2025-05-20 08:48:13,960 [INFO] src.federated.client: Client vqc_client_1: Local training finished. Processed 453 samples.
2025-05-20 08:48:13,962 [INFO] src.core.quantum_client: Client vqc_client_0: Starting local training for 3 epochs (model type: vqc). Proximal term mu=0.0.
2025-05-20 08:48:13,962 [INFO] src.federated.client: Client vqc_client_0: Starting local training for 3 epochs. Proximal term mu=0.0.
2025-05-20 08:48:19,419 [INFO] src.federated.client: Client vqc_client_0 - Epoch 1/3 completed. Average Loss: 0.6183
2025-05-20 08:48:24,688 [INFO] src.federated.client: Client vqc_client_0 - Epoch 2/3 completed. Average Loss: 0.6017
2025-05-20 08:48:30,081 [INFO] src.federated.client: Client vqc_client_0 - Epoch 3/3 completed. Average Loss: 0.5852
2025-05-20 08:48:30,081 [INFO] src.federated.client: Client vqc_client_0: Local training finished. Processed 453 samples.
2025-05-20 08:48:30,083 [INFO] src.federated.server: Aggregating updates from 3 clients using QuantumAggregationStrategy.
2025-05-20 08:48:30,083 [INFO] src.core.quantum_manager: QuantumAggregationStrategy: Detected nn.Module (QNN/VQC/Hybrid) state_dict. Delegating to base strategy: FedDive
2025-05-20 08:48:30,083 [INFO] src.federated.aggregation: FedDive: Aggregating updates from 3 clients (momentum=0.9).
2025-05-20 08:48:30,084 [INFO] src.federated.aggregation: FedDive: Aggregation complete.
2025-05-20 08:48:30,085 [INFO] src.federated.server: Global model updated with aggregated parameters.
2025-05-20 08:48:30,085 [INFO] src.federated.server: Evaluating updated global model...
2025-05-20 08:48:30,085 [INFO] src.core.quantum_manager: Server: Starting evaluation of global model (type: vqc).
2025-05-20 08:48:30,578 [INFO] src.core.quantum_manager: Evaluation results: Loss=0.5724, Accuracy=0.6491
2025-05-20 08:48:30,579 [INFO] src.federated.server: Round 2 completed in 48.97s. Eval Metrics: {'loss': 0.5724462657644037, 'accuracy': 0.6491228070175439}
2025-05-20 08:48:30,579 [INFO] src.federated.server: ===== Starting Round 3/5 =====
2025-05-20 08:48:30,579 [INFO] src.federated.server: Starting federated training round...
2025-05-20 08:48:30,579 [INFO] src.federated.server: Selected 3 clients out of 3 available (fraction=0.1, min_clients=3): ['vqc_client_0', 'vqc_client_2', 'vqc_client_1']
2025-05-20 08:48:30,580 [INFO] src.core.quantum_client: Client vqc_client_0: Starting local training for 3 epochs (model type: vqc). Proximal term mu=0.0.
2025-05-20 08:48:30,580 [INFO] src.federated.client: Client vqc_client_0: Starting local training for 3 epochs. Proximal term mu=0.0.
2025-05-20 08:48:35,620 [INFO] src.federated.client: Client vqc_client_0 - Epoch 1/3 completed. Average Loss: 0.5716
2025-05-20 08:48:40,774 [INFO] src.federated.client: Client vqc_client_0 - Epoch 2/3 completed. Average Loss: 0.5571
2025-05-20 08:48:46,066 [INFO] src.federated.client: Client vqc_client_0 - Epoch 3/3 completed. Average Loss: 0.5414
2025-05-20 08:48:46,067 [INFO] src.federated.client: Client vqc_client_0: Local training finished. Processed 453 samples.
2025-05-20 08:48:46,071 [INFO] src.core.quantum_client: Client vqc_client_2: Starting local training for 3 epochs (model type: vqc). Proximal term mu=0.0.
2025-05-20 08:48:46,071 [INFO] src.federated.client: Client vqc_client_2: Starting local training for 3 epochs. Proximal term mu=0.0.
2025-05-20 08:48:51,343 [INFO] src.federated.client: Client vqc_client_2 - Epoch 1/3 completed. Average Loss: 0.5722
2025-05-20 08:48:56,827 [INFO] src.federated.client: Client vqc_client_2 - Epoch 2/3 completed. Average Loss: 0.5589
2025-05-20 08:49:02,251 [INFO] src.federated.client: Client vqc_client_2 - Epoch 3/3 completed. Average Loss: 0.5440
2025-05-20 08:49:02,251 [INFO] src.federated.client: Client vqc_client_2: Local training finished. Processed 459 samples.
2025-05-20 08:49:02,253 [INFO] src.core.quantum_client: Client vqc_client_1: Starting local training for 3 epochs (model type: vqc). Proximal term mu=0.0.
2025-05-20 08:49:02,253 [INFO] src.federated.client: Client vqc_client_1: Starting local training for 3 epochs. Proximal term mu=0.0.
2025-05-20 08:49:07,293 [INFO] src.federated.client: Client vqc_client_1 - Epoch 1/3 completed. Average Loss: 0.5850
2025-05-20 08:49:12,707 [INFO] src.federated.client: Client vqc_client_1 - Epoch 2/3 completed. Average Loss: 0.5678
2025-05-20 08:49:17,860 [INFO] src.federated.client: Client vqc_client_1 - Epoch 3/3 completed. Average Loss: 0.5480
2025-05-20 08:49:17,860 [INFO] src.federated.client: Client vqc_client_1: Local training finished. Processed 453 samples.
2025-05-20 08:49:17,862 [INFO] src.federated.server: Aggregating updates from 3 clients using QuantumAggregationStrategy.
2025-05-20 08:49:17,862 [INFO] src.core.quantum_manager: QuantumAggregationStrategy: Detected nn.Module (QNN/VQC/Hybrid) state_dict. Delegating to base strategy: FedDive
2025-05-20 08:49:17,862 [INFO] src.federated.aggregation: FedDive: Aggregating updates from 3 clients (momentum=0.9).
2025-05-20 08:49:17,863 [INFO] src.federated.aggregation: FedDive: Aggregation complete.
2025-05-20 08:49:17,863 [INFO] src.federated.server: Global model updated with aggregated parameters.
2025-05-20 08:49:17,863 [INFO] src.federated.server: Evaluating updated global model...
2025-05-20 08:49:17,863 [INFO] src.core.quantum_manager: Server: Starting evaluation of global model (type: vqc).
2025-05-20 08:49:18,372 [INFO] src.core.quantum_manager: Evaluation results: Loss=0.5249, Accuracy=0.6930
2025-05-20 08:49:18,372 [INFO] src.federated.server: Round 3 completed in 47.79s. Eval Metrics: {'loss': 0.5249170211323521, 'accuracy': 0.6929824561403509}
2025-05-20 08:49:18,372 [INFO] src.federated.server: ===== Starting Round 4/5 =====
2025-05-20 08:49:18,372 [INFO] src.federated.server: Starting federated training round...
2025-05-20 08:49:18,372 [INFO] src.federated.server: Selected 3 clients out of 3 available (fraction=0.1, min_clients=3): ['vqc_client_2', 'vqc_client_0', 'vqc_client_1']
2025-05-20 08:49:18,373 [INFO] src.core.quantum_client: Client vqc_client_2: Starting local training for 3 epochs (model type: vqc). Proximal term mu=0.0.
2025-05-20 08:49:18,373 [INFO] src.federated.client: Client vqc_client_2: Starting local training for 3 epochs. Proximal term mu=0.0.
2025-05-20 08:49:23,678 [INFO] src.federated.client: Client vqc_client_2 - Epoch 1/3 completed. Average Loss: 0.5282
2025-05-20 08:49:29,218 [INFO] src.federated.client: Client vqc_client_2 - Epoch 2/3 completed. Average Loss: 0.5115
2025-05-20 08:49:34,343 [INFO] src.federated.client: Client vqc_client_2 - Epoch 3/3 completed. Average Loss: 0.4936
2025-05-20 08:49:34,344 [INFO] src.federated.client: Client vqc_client_2: Local training finished. Processed 459 samples.
2025-05-20 08:49:34,346 [INFO] src.core.quantum_client: Client vqc_client_0: Starting local training for 3 epochs (model type: vqc). Proximal term mu=0.0.
2025-05-20 08:49:34,346 [INFO] src.federated.client: Client vqc_client_0: Starting local training for 3 epochs. Proximal term mu=0.0.
2025-05-20 08:49:39,419 [INFO] src.federated.client: Client vqc_client_0 - Epoch 1/3 completed. Average Loss: 0.5260
2025-05-20 08:49:45,126 [INFO] src.federated.client: Client vqc_client_0 - Epoch 2/3 completed. Average Loss: 0.5085
2025-05-20 08:49:50,284 [INFO] src.federated.client: Client vqc_client_0 - Epoch 3/3 completed. Average Loss: 0.4893
2025-05-20 08:49:50,284 [INFO] src.federated.client: Client vqc_client_0: Local training finished. Processed 453 samples.
2025-05-20 08:49:50,287 [INFO] src.core.quantum_client: Client vqc_client_1: Starting local training for 3 epochs (model type: vqc). Proximal term mu=0.0.
2025-05-20 08:49:50,287 [INFO] src.federated.client: Client vqc_client_1: Starting local training for 3 epochs. Proximal term mu=0.0.
2025-05-20 08:49:55,586 [INFO] src.federated.client: Client vqc_client_1 - Epoch 1/3 completed. Average Loss: 0.5359
2025-05-20 08:50:00,961 [INFO] src.federated.client: Client vqc_client_1 - Epoch 2/3 completed. Average Loss: 0.5138
2025-05-20 08:50:06,204 [INFO] src.federated.client: Client vqc_client_1 - Epoch 3/3 completed. Average Loss: 0.4915
2025-05-20 08:50:06,205 [INFO] src.federated.client: Client vqc_client_1: Local training finished. Processed 453 samples.
2025-05-20 08:50:06,206 [INFO] src.federated.server: Aggregating updates from 3 clients using QuantumAggregationStrategy.
2025-05-20 08:50:06,207 [INFO] src.core.quantum_manager: QuantumAggregationStrategy: Detected nn.Module (QNN/VQC/Hybrid) state_dict. Delegating to base strategy: FedDive
2025-05-20 08:50:06,207 [INFO] src.federated.aggregation: FedDive: Aggregating updates from 3 clients (momentum=0.9).
2025-05-20 08:50:06,207 [INFO] src.federated.aggregation: FedDive: Aggregation complete.
2025-05-20 08:50:06,208 [INFO] src.federated.server: Global model updated with aggregated parameters.
2025-05-20 08:50:06,208 [INFO] src.federated.server: Evaluating updated global model...
2025-05-20 08:50:06,208 [INFO] src.core.quantum_manager: Server: Starting evaluation of global model (type: vqc).
2025-05-20 08:50:06,683 [INFO] src.core.quantum_manager: Evaluation results: Loss=0.4687, Accuracy=0.8158
2025-05-20 08:50:06,683 [INFO] src.federated.server: Round 4 completed in 48.31s. Eval Metrics: {'loss': 0.46865546703338623, 'accuracy': 0.8157894736842105}
2025-05-20 08:50:06,683 [INFO] src.federated.server: ===== Starting Round 5/5 =====
2025-05-20 08:50:06,683 [INFO] src.federated.server: Starting federated training round...
2025-05-20 08:50:06,683 [INFO] src.federated.server: Selected 3 clients out of 3 available (fraction=0.1, min_clients=3): ['vqc_client_0', 'vqc_client_2', 'vqc_client_1']
2025-05-20 08:50:06,684 [INFO] src.core.quantum_client: Client vqc_client_0: Starting local training for 3 epochs (model type: vqc). Proximal term mu=0.0.
2025-05-20 08:50:06,684 [INFO] src.federated.client: Client vqc_client_0: Starting local training for 3 epochs. Proximal term mu=0.0.
2025-05-20 08:50:12,273 [INFO] src.federated.client: Client vqc_client_0 - Epoch 1/3 completed. Average Loss: 0.4693
2025-05-20 08:50:17,582 [INFO] src.federated.client: Client vqc_client_0 - Epoch 2/3 completed. Average Loss: 0.4480
2025-05-20 08:50:23,296 [INFO] src.federated.client: Client vqc_client_0 - Epoch 3/3 completed. Average Loss: 0.4249
2025-05-20 08:50:23,296 [INFO] src.federated.client: Client vqc_client_0: Local training finished. Processed 453 samples.
2025-05-20 08:50:23,298 [INFO] src.core.quantum_client: Client vqc_client_2: Starting local training for 3 epochs (model type: vqc). Proximal term mu=0.0.
2025-05-20 08:50:23,298 [INFO] src.federated.client: Client vqc_client_2: Starting local training for 3 epochs. Proximal term mu=0.0.
2025-05-20 08:50:28,945 [INFO] src.federated.client: Client vqc_client_2 - Epoch 1/3 completed. Average Loss: 0.4741
2025-05-20 08:50:34,287 [INFO] src.federated.client: Client vqc_client_2 - Epoch 2/3 completed. Average Loss: 0.4551
2025-05-20 08:50:39,432 [INFO] src.federated.client: Client vqc_client_2 - Epoch 3/3 completed. Average Loss: 0.4338
2025-05-20 08:50:39,432 [INFO] src.federated.client: Client vqc_client_2: Local training finished. Processed 459 samples.
2025-05-20 08:50:39,434 [INFO] src.core.quantum_client: Client vqc_client_1: Starting local training for 3 epochs (model type: vqc). Proximal term mu=0.0.
2025-05-20 08:50:39,435 [INFO] src.federated.client: Client vqc_client_1: Starting local training for 3 epochs. Proximal term mu=0.0.
2025-05-20 08:50:44,809 [INFO] src.federated.client: Client vqc_client_1 - Epoch 1/3 completed. Average Loss: 0.4759
2025-05-20 08:50:49,958 [INFO] src.federated.client: Client vqc_client_1 - Epoch 2/3 completed. Average Loss: 0.4500
2025-05-20 08:50:55,348 [INFO] src.federated.client: Client vqc_client_1 - Epoch 3/3 completed. Average Loss: 0.4259
2025-05-20 08:50:55,348 [INFO] src.federated.client: Client vqc_client_1: Local training finished. Processed 453 samples.
2025-05-20 08:50:55,350 [INFO] src.federated.server: Aggregating updates from 3 clients using QuantumAggregationStrategy.
2025-05-20 08:50:55,350 [INFO] src.core.quantum_manager: QuantumAggregationStrategy: Detected nn.Module (QNN/VQC/Hybrid) state_dict. Delegating to base strategy: FedDive
2025-05-20 08:50:55,350 [INFO] src.federated.aggregation: FedDive: Aggregating updates from 3 clients (momentum=0.9).
2025-05-20 08:50:55,351 [INFO] src.federated.aggregation: FedDive: Aggregation complete.
2025-05-20 08:50:55,351 [INFO] src.federated.server: Global model updated with aggregated parameters.
2025-05-20 08:50:55,351 [INFO] src.federated.server: Evaluating updated global model...
2025-05-20 08:50:55,352 [INFO] src.core.quantum_manager: Server: Starting evaluation of global model (type: vqc).
2025-05-20 08:50:55,844 [INFO] src.core.quantum_manager: Evaluation results: Loss=0.4040, Accuracy=0.8684
2025-05-20 08:50:55,845 [INFO] src.federated.server: Round 5 completed in 49.16s. Eval Metrics: {'loss': 0.40399905934668423, 'accuracy': 0.868421052631579}
2025-05-20 08:50:55,845 [INFO] src.federated.server: Federated training process completed after 5 rounds.
2025-05-20 08:50:55,845 [INFO] BC_ExperimentRunner: ========== Finished BC_VQC_FedAvg_IID_PCA4_L2_Basic ==========

2025-05-20 08:50:55,845 [INFO] BC_ExperimentRunner: ========== Starting BC_VQC_FedAvg_NonIID_a0.5_PCA4_L2_Complex ==========
2025-05-20 08:50:55,845 [INFO] BC_ExperimentRunner: --- Setting up experiment: BC_VQC_FedAvg_NonIID_a0.5_PCA4_L2_Complex for dataset breast_cancer ---
2025-05-20 08:50:55,846 [INFO] src.utils.data_utils: Set all random seeds to 42
2025-05-20 08:50:55,846 [INFO] BC_ExperimentRunner: Experiment 'BC_VQC_FedAvg_NonIID_a0.5_PCA4_L2_Complex' will use tensor_dtype: torch.float32
2025-05-20 08:50:55,846 [INFO] src.utils.data_utils: Loading dataset: breast_cancer, PCA features=4, Scaling=minmax, Subset size=None, Dtype=torch.float32
2025-05-20 08:50:55,846 [INFO] src.utils.data_utils: Set all random seeds to 42
2025-05-20 08:50:55,851 [INFO] src.utils.data_utils: Applying PCA to reduce features to 4
2025-05-20 08:50:55,852 [INFO] src.utils.data_utils: PCA applied. New feature count: 4. Explained variance: 0.8393
2025-05-20 08:50:55,853 [INFO] src.utils.data_utils: Data preparation complete for 'breast_cancer'. Train size: 455, Test size: 114, Features: 4, Classes: 2
2025-05-20 08:50:55,856 [INFO] BC_ExperimentRunner: Successfully loaded configuration from /home/dhanraj/quantum_federated_simulator/configs/federated/server_config.yaml
2025-05-20 08:50:55,858 [INFO] BC_ExperimentRunner: Successfully loaded configuration from /home/dhanraj/quantum_federated_simulator/configs/federated/client_config.yaml
2025-05-20 08:50:55,861 [INFO] BC_ExperimentRunner: Successfully loaded configuration from /home/dhanraj/quantum_federated_simulator/configs/federated/default_aggregation.yaml
2025-05-20 08:50:55,862 [INFO] BC_ExperimentRunner: Creating model of type: vqc with n_features=4, n_classes=2, initial_dtype_request=torch.float32
2025-05-20 08:50:55,862 [INFO] src.quantum.models: Initializing VQC (TorchLayer): qubits=4, layers=2, circuit='complex', device='lightning.qubit', shots=None, diff_method='best'
2025-05-20 08:50:55,863 [INFO] src.quantum.circuits: Creating complex circuit with 4 qubits, 2 layers.
2025-05-20 08:50:55,863 [INFO] src.quantum.circuits: Complex circuit expects 48 trainable parameters.
2025-05-20 08:50:55,863 [INFO] src.quantum.models: VQC circuit requires 48 parameters.
2025-05-20 08:50:55,863 [INFO] src.quantum.models: VariationalQuantumClassifier: Using 'lightning.qubit' with no shots. Defaulting to 'adjoint'.
2025-05-20 08:50:55,863 [INFO] src.quantum.models: VariationalQuantumClassifier attempting to use differentiation method: adjoint
2025-05-20 08:50:55,871 [INFO] src.quantum.models: VQC raw circuit output dimension: 6
2025-05-20 08:50:55,872 [INFO] src.quantum.models: VQC: Added Linear head: 6 -> 2 logits for CrossEntropyLoss.
2025-05-20 08:50:55,872 [INFO] src.federated.aggregation: Creating aggregation strategy of type: feddive
2025-05-20 08:50:55,872 [INFO] src.federated.aggregation: FedDive parameters: momentum=0.9, epsilon=1e-08, temperature=1.0, normalize_distances=True
2025-05-20 08:50:55,872 [INFO] BC_ExperimentRunner: Using aggregation strategy: QuantumAggregationStrategy (base: FedDive)
2025-05-20 08:50:55,872 [INFO] src.core.quantum_manager: QuantumServer: Initializing with global model type 'vqc'.
2025-05-20 08:50:55,874 [INFO] src.federated.server: Federated server initialized on device 'cuda' with aggregation strategy: QuantumAggregationStrategy
2025-05-20 08:50:55,874 [INFO] BC_ExperimentRunner: Creating model of type: vqc with n_features=4, n_classes=2, initial_dtype_request=torch.float32
2025-05-20 08:50:55,874 [INFO] src.quantum.models: Initializing VQC (TorchLayer): qubits=4, layers=2, circuit='complex', device='lightning.qubit', shots=None, diff_method='best'
2025-05-20 08:50:55,875 [INFO] src.quantum.circuits: Creating complex circuit with 4 qubits, 2 layers.
2025-05-20 08:50:55,875 [INFO] src.quantum.circuits: Complex circuit expects 48 trainable parameters.
2025-05-20 08:50:55,875 [INFO] src.quantum.models: VQC circuit requires 48 parameters.
2025-05-20 08:50:55,875 [INFO] src.quantum.models: VariationalQuantumClassifier: Using 'lightning.qubit' with no shots. Defaulting to 'adjoint'.
2025-05-20 08:50:55,875 [INFO] src.quantum.models: VariationalQuantumClassifier attempting to use differentiation method: adjoint
2025-05-20 08:50:55,883 [INFO] src.quantum.models: VQC raw circuit output dimension: 6
2025-05-20 08:50:55,884 [INFO] src.quantum.models: VQC: Added Linear head: 6 -> 2 logits for CrossEntropyLoss.
2025-05-20 08:50:55,884 [INFO] src.core.quantum_client: QuantumClient vqc_client_0: Initializing with model type 'vqc'.
2025-05-20 08:50:55,885 [INFO] src.federated.client: Client vqc_client_0 initialized on device 'cuda' with 32 samples.
2025-05-20 08:50:55,885 [INFO] BC_ExperimentRunner: Creating model of type: vqc with n_features=4, n_classes=2, initial_dtype_request=torch.float32
2025-05-20 08:50:55,885 [INFO] src.quantum.models: Initializing VQC (TorchLayer): qubits=4, layers=2, circuit='complex', device='lightning.qubit', shots=None, diff_method='best'
2025-05-20 08:50:55,886 [INFO] src.quantum.circuits: Creating complex circuit with 4 qubits, 2 layers.
2025-05-20 08:50:55,886 [INFO] src.quantum.circuits: Complex circuit expects 48 trainable parameters.
2025-05-20 08:50:55,886 [INFO] src.quantum.models: VQC circuit requires 48 parameters.
2025-05-20 08:50:55,886 [INFO] src.quantum.models: VariationalQuantumClassifier: Using 'lightning.qubit' with no shots. Defaulting to 'adjoint'.
2025-05-20 08:50:55,886 [INFO] src.quantum.models: VariationalQuantumClassifier attempting to use differentiation method: adjoint
2025-05-20 08:50:55,894 [INFO] src.quantum.models: VQC raw circuit output dimension: 6
2025-05-20 08:50:55,894 [INFO] src.quantum.models: VQC: Added Linear head: 6 -> 2 logits for CrossEntropyLoss.
2025-05-20 08:50:55,894 [INFO] src.core.quantum_client: QuantumClient vqc_client_1: Initializing with model type 'vqc'.
2025-05-20 08:50:55,896 [INFO] src.federated.client: Client vqc_client_1 initialized on device 'cuda' with 418 samples.
2025-05-20 08:50:55,896 [INFO] BC_ExperimentRunner: Creating model of type: vqc with n_features=4, n_classes=2, initial_dtype_request=torch.float32
2025-05-20 08:50:55,896 [INFO] src.quantum.models: Initializing VQC (TorchLayer): qubits=4, layers=2, circuit='complex', device='lightning.qubit', shots=None, diff_method='best'
2025-05-20 08:50:55,896 [INFO] src.quantum.circuits: Creating complex circuit with 4 qubits, 2 layers.
2025-05-20 08:50:55,896 [INFO] src.quantum.circuits: Complex circuit expects 48 trainable parameters.
2025-05-20 08:50:55,896 [INFO] src.quantum.models: VQC circuit requires 48 parameters.
2025-05-20 08:50:55,897 [INFO] src.quantum.models: VariationalQuantumClassifier: Using 'lightning.qubit' with no shots. Defaulting to 'adjoint'.
2025-05-20 08:50:55,897 [INFO] src.quantum.models: VariationalQuantumClassifier attempting to use differentiation method: adjoint
2025-05-20 08:50:55,905 [INFO] src.quantum.models: VQC raw circuit output dimension: 6
2025-05-20 08:50:55,906 [INFO] src.quantum.models: VQC: Added Linear head: 6 -> 2 logits for CrossEntropyLoss.
2025-05-20 08:50:55,906 [INFO] src.core.quantum_client: QuantumClient vqc_client_2: Initializing with model type 'vqc'.
2025-05-20 08:50:55,907 [INFO] src.federated.client: Client vqc_client_2 initialized on device 'cuda' with 5 samples.
2025-05-20 08:50:55,907 [INFO] src.federated.server: Registered client 'vqc_client_0'. Total clients: 1.
2025-05-20 08:50:55,908 [INFO] src.federated.server: Registered client 'vqc_client_1'. Total clients: 2.
2025-05-20 08:50:55,908 [INFO] src.federated.server: Registered client 'vqc_client_2'. Total clients: 3.
2025-05-20 08:50:55,908 [INFO] BC_ExperimentRunner: --- Scenario setup complete for BC_VQC_FedAvg_NonIID_a0.5_PCA4_L2_Complex ---
2025-05-20 08:50:55,908 [INFO] src.federated.server: Starting federated training process for 5 rounds.
2025-05-20 08:50:55,908 [INFO] src.federated.server: Config: local_epochs=3, client_fraction=0.1, min_clients=3, FedProx mu=0.0
2025-05-20 08:50:55,908 [INFO] src.federated.server: Performing initial evaluation of global model...
2025-05-20 08:50:55,908 [INFO] src.core.quantum_manager: Server: Starting evaluation of global model (type: vqc).
2025-05-20 08:50:56,843 [INFO] src.core.quantum_manager: Evaluation results: Loss=0.8873, Accuracy=0.2895
2025-05-20 08:50:56,843 [INFO] src.federated.server: Initial Evaluation Metrics: {'loss': 0.8872619344477068, 'accuracy': 0.2894736842105263}
2025-05-20 08:50:56,843 [INFO] src.federated.server: ===== Starting Round 1/5 =====
2025-05-20 08:50:56,843 [INFO] src.federated.server: Starting federated training round...
2025-05-20 08:50:56,843 [INFO] src.federated.server: Selected 3 clients out of 3 available (fraction=0.1, min_clients=3): ['vqc_client_0', 'vqc_client_2', 'vqc_client_1']
2025-05-20 08:50:56,845 [INFO] src.core.quantum_client: Client vqc_client_0: Starting local training for 3 epochs (model type: vqc). Proximal term mu=0.0.
2025-05-20 08:50:56,845 [INFO] src.federated.client: Client vqc_client_0: Starting local training for 3 epochs. Proximal term mu=0.0.
2025-05-20 08:51:00,029 [INFO] src.federated.client: Client vqc_client_0 - Epoch 1/3 completed. Average Loss: 0.6286
2025-05-20 08:51:02,942 [INFO] src.federated.client: Client vqc_client_0 - Epoch 2/3 completed. Average Loss: 0.6156
2025-05-20 08:51:05,755 [INFO] src.federated.client: Client vqc_client_0 - Epoch 3/3 completed. Average Loss: 0.6031
2025-05-20 08:51:05,756 [INFO] src.federated.client: Client vqc_client_0: Local training finished. Processed 96 samples.
2025-05-20 08:51:05,760 [INFO] src.core.quantum_client: Client vqc_client_2: Starting local training for 3 epochs (model type: vqc). Proximal term mu=0.0.
2025-05-20 08:51:05,760 [INFO] src.federated.client: Client vqc_client_2: Starting local training for 3 epochs. Proximal term mu=0.0.
2025-05-20 08:51:06,208 [INFO] src.federated.client: Client vqc_client_2 - Epoch 1/3 completed. Average Loss: 0.5583
2025-05-20 08:51:06,700 [INFO] src.federated.client: Client vqc_client_2 - Epoch 2/3 completed. Average Loss: 0.5433
2025-05-20 08:51:07,162 [INFO] src.federated.client: Client vqc_client_2 - Epoch 3/3 completed. Average Loss: 0.5287
2025-05-20 08:51:07,163 [INFO] src.federated.client: Client vqc_client_2: Local training finished. Processed 15 samples.
2025-05-20 08:51:07,164 [INFO] src.core.quantum_client: Client vqc_client_1: Starting local training for 3 epochs (model type: vqc). Proximal term mu=0.0.
2025-05-20 08:51:07,164 [INFO] src.federated.client: Client vqc_client_1: Starting local training for 3 epochs. Proximal term mu=0.0.
2025-05-20 08:51:46,457 [INFO] src.federated.client: Client vqc_client_1 - Epoch 1/3 completed. Average Loss: 0.8360
2025-05-20 08:52:26,720 [INFO] src.federated.client: Client vqc_client_1 - Epoch 2/3 completed. Average Loss: 0.7132
2025-05-20 08:53:05,361 [INFO] src.federated.client: Client vqc_client_1 - Epoch 3/3 completed. Average Loss: 0.6443
2025-05-20 08:53:05,362 [INFO] src.federated.client: Client vqc_client_1: Local training finished. Processed 1254 samples.
2025-05-20 08:53:05,362 [INFO] src.federated.server: Aggregating updates from 3 clients using QuantumAggregationStrategy.
2025-05-20 08:53:05,363 [INFO] src.core.quantum_manager: QuantumAggregationStrategy: Detected nn.Module (QNN/VQC/Hybrid) state_dict. Delegating to base strategy: FedDive
2025-05-20 08:53:05,363 [INFO] src.federated.aggregation: FedDive: Aggregating updates from 3 clients (momentum=0.9).
2025-05-20 08:53:05,363 [INFO] src.federated.aggregation: FedDive: Initializing velocity and previous parameters.
2025-05-20 08:53:05,364 [INFO] src.federated.aggregation: FedDive: Aggregation complete.
2025-05-20 08:53:05,364 [INFO] src.federated.server: Global model updated with aggregated parameters.
2025-05-20 08:53:05,364 [INFO] src.federated.server: Evaluating updated global model...
2025-05-20 08:53:05,364 [INFO] src.core.quantum_manager: Server: Starting evaluation of global model (type: vqc).
2025-05-20 08:53:06,296 [INFO] src.core.quantum_manager: Evaluation results: Loss=0.8307, Accuracy=0.3070
2025-05-20 08:53:06,296 [INFO] src.federated.server: Round 1 completed in 129.45s. Eval Metrics: {'loss': 0.8307373711937353, 'accuracy': 0.30701754385964913}
2025-05-20 08:53:06,296 [INFO] src.federated.server: ===== Starting Round 2/5 =====
2025-05-20 08:53:06,296 [INFO] src.federated.server: Starting federated training round...
2025-05-20 08:53:06,296 [INFO] src.federated.server: Selected 3 clients out of 3 available (fraction=0.1, min_clients=3): ['vqc_client_1', 'vqc_client_2', 'vqc_client_0']
2025-05-20 08:53:06,298 [INFO] src.core.quantum_client: Client vqc_client_1: Starting local training for 3 epochs (model type: vqc). Proximal term mu=0.0.
2025-05-20 08:53:06,298 [INFO] src.federated.client: Client vqc_client_1: Starting local training for 3 epochs. Proximal term mu=0.0.
2025-05-20 08:53:45,200 [INFO] src.federated.client: Client vqc_client_1 - Epoch 1/3 completed. Average Loss: 0.7916
2025-05-20 08:54:25,410 [INFO] src.federated.client: Client vqc_client_1 - Epoch 2/3 completed. Average Loss: 0.6616
2025-05-20 08:55:03,878 [INFO] src.federated.client: Client vqc_client_1 - Epoch 3/3 completed. Average Loss: 0.5762
2025-05-20 08:55:03,878 [INFO] src.federated.client: Client vqc_client_1: Local training finished. Processed 1254 samples.
2025-05-20 08:55:03,879 [INFO] src.core.quantum_client: Client vqc_client_2: Starting local training for 3 epochs (model type: vqc). Proximal term mu=0.0.
2025-05-20 08:55:03,879 [INFO] src.federated.client: Client vqc_client_2: Starting local training for 3 epochs. Proximal term mu=0.0.
2025-05-20 08:55:04,333 [INFO] src.federated.client: Client vqc_client_2 - Epoch 1/3 completed. Average Loss: 0.5745
2025-05-20 08:55:04,777 [INFO] src.federated.client: Client vqc_client_2 - Epoch 2/3 completed. Average Loss: 0.5598
2025-05-20 08:55:05,223 [INFO] src.federated.client: Client vqc_client_2 - Epoch 3/3 completed. Average Loss: 0.5455
2025-05-20 08:55:05,223 [INFO] src.federated.client: Client vqc_client_2: Local training finished. Processed 15 samples.
2025-05-20 08:55:05,225 [INFO] src.core.quantum_client: Client vqc_client_0: Starting local training for 3 epochs (model type: vqc). Proximal term mu=0.0.
2025-05-20 08:55:05,225 [INFO] src.federated.client: Client vqc_client_0: Starting local training for 3 epochs. Proximal term mu=0.0.
2025-05-20 08:55:08,105 [INFO] src.federated.client: Client vqc_client_0 - Epoch 1/3 completed. Average Loss: 0.6320
2025-05-20 08:55:10,927 [INFO] src.federated.client: Client vqc_client_0 - Epoch 2/3 completed. Average Loss: 0.6195
2025-05-20 08:55:13,747 [INFO] src.federated.client: Client vqc_client_0 - Epoch 3/3 completed. Average Loss: 0.6074
2025-05-20 08:55:13,748 [INFO] src.federated.client: Client vqc_client_0: Local training finished. Processed 96 samples.
2025-05-20 08:55:13,752 [INFO] src.federated.server: Aggregating updates from 3 clients using QuantumAggregationStrategy.
2025-05-20 08:55:13,752 [INFO] src.core.quantum_manager: QuantumAggregationStrategy: Detected nn.Module (QNN/VQC/Hybrid) state_dict. Delegating to base strategy: FedDive
2025-05-20 08:55:13,753 [INFO] src.federated.aggregation: FedDive: Aggregating updates from 3 clients (momentum=0.9).
2025-05-20 08:55:13,753 [INFO] src.federated.aggregation: FedDive: Aggregation complete.
2025-05-20 08:55:13,754 [INFO] src.federated.server: Global model updated with aggregated parameters.
2025-05-20 08:55:13,754 [INFO] src.federated.server: Evaluating updated global model...
2025-05-20 08:55:13,754 [INFO] src.core.quantum_manager: Server: Starting evaluation of global model (type: vqc).
2025-05-20 08:55:14,695 [INFO] src.core.quantum_manager: Evaluation results: Loss=0.5814, Accuracy=0.8684
2025-05-20 08:55:14,695 [INFO] src.federated.server: Round 2 completed in 128.40s. Eval Metrics: {'loss': 0.5813966257530346, 'accuracy': 0.868421052631579}
2025-05-20 08:55:14,696 [INFO] src.federated.server: ===== Starting Round 3/5 =====
2025-05-20 08:55:14,696 [INFO] src.federated.server: Starting federated training round...
2025-05-20 08:55:14,696 [INFO] src.federated.server: Selected 3 clients out of 3 available (fraction=0.1, min_clients=3): ['vqc_client_0', 'vqc_client_2', 'vqc_client_1']
2025-05-20 08:55:14,697 [INFO] src.core.quantum_client: Client vqc_client_0: Starting local training for 3 epochs (model type: vqc). Proximal term mu=0.0.
2025-05-20 08:55:14,697 [INFO] src.federated.client: Client vqc_client_0: Starting local training for 3 epochs. Proximal term mu=0.0.
2025-05-20 08:55:17,601 [INFO] src.federated.client: Client vqc_client_0 - Epoch 1/3 completed. Average Loss: 0.7047
2025-05-20 08:55:20,472 [INFO] src.federated.client: Client vqc_client_0 - Epoch 2/3 completed. Average Loss: 0.6914
2025-05-20 08:55:24,221 [INFO] src.federated.client: Client vqc_client_0 - Epoch 3/3 completed. Average Loss: 0.6781
2025-05-20 08:55:24,221 [INFO] src.federated.client: Client vqc_client_0: Local training finished. Processed 96 samples.
2025-05-20 08:55:24,225 [INFO] src.core.quantum_client: Client vqc_client_2: Starting local training for 3 epochs (model type: vqc). Proximal term mu=0.0.
2025-05-20 08:55:24,226 [INFO] src.federated.client: Client vqc_client_2: Starting local training for 3 epochs. Proximal term mu=0.0.
2025-05-20 08:55:24,675 [INFO] src.federated.client: Client vqc_client_2 - Epoch 1/3 completed. Average Loss: 0.7375
2025-05-20 08:55:25,125 [INFO] src.federated.client: Client vqc_client_2 - Epoch 2/3 completed. Average Loss: 0.7223
2025-05-20 08:55:25,613 [INFO] src.federated.client: Client vqc_client_2 - Epoch 3/3 completed. Average Loss: 0.7067
2025-05-20 08:55:25,614 [INFO] src.federated.client: Client vqc_client_2: Local training finished. Processed 15 samples.
2025-05-20 08:55:25,615 [INFO] src.core.quantum_client: Client vqc_client_1: Starting local training for 3 epochs (model type: vqc). Proximal term mu=0.0.
2025-05-20 08:55:25,616 [INFO] src.federated.client: Client vqc_client_1: Starting local training for 3 epochs. Proximal term mu=0.0.
2025-05-20 08:56:04,650 [INFO] src.federated.client: Client vqc_client_1 - Epoch 1/3 completed. Average Loss: 0.5361
2025-05-20 08:56:43,014 [INFO] src.federated.client: Client vqc_client_1 - Epoch 2/3 completed. Average Loss: 0.4582
2025-05-20 08:57:21,038 [INFO] src.federated.client: Client vqc_client_1 - Epoch 3/3 completed. Average Loss: 0.3926
2025-05-20 08:57:21,039 [INFO] src.federated.client: Client vqc_client_1: Local training finished. Processed 1254 samples.
2025-05-20 08:57:21,039 [INFO] src.federated.server: Aggregating updates from 3 clients using QuantumAggregationStrategy.
2025-05-20 08:57:21,040 [INFO] src.core.quantum_manager: QuantumAggregationStrategy: Detected nn.Module (QNN/VQC/Hybrid) state_dict. Delegating to base strategy: FedDive
2025-05-20 08:57:21,040 [INFO] src.federated.aggregation: FedDive: Aggregating updates from 3 clients (momentum=0.9).
2025-05-20 08:57:21,040 [INFO] src.federated.aggregation: FedDive: Aggregation complete.
2025-05-20 08:57:21,041 [INFO] src.federated.server: Global model updated with aggregated parameters.
2025-05-20 08:57:21,041 [INFO] src.federated.server: Evaluating updated global model...
2025-05-20 08:57:21,041 [INFO] src.core.quantum_manager: Server: Starting evaluation of global model (type: vqc).
2025-05-20 08:57:21,952 [INFO] src.core.quantum_manager: Evaluation results: Loss=0.4121, Accuracy=0.9123
2025-05-20 08:57:21,953 [INFO] src.federated.server: Round 3 completed in 127.26s. Eval Metrics: {'loss': 0.412094535534842, 'accuracy': 0.9122807017543859}
2025-05-20 08:57:21,953 [INFO] src.federated.server: ===== Starting Round 4/5 =====
2025-05-20 08:57:21,953 [INFO] src.federated.server: Starting federated training round...
2025-05-20 08:57:21,953 [INFO] src.federated.server: Selected 3 clients out of 3 available (fraction=0.1, min_clients=3): ['vqc_client_1', 'vqc_client_2', 'vqc_client_0']
2025-05-20 08:57:21,954 [INFO] src.core.quantum_client: Client vqc_client_1: Starting local training for 3 epochs (model type: vqc). Proximal term mu=0.0.
2025-05-20 08:57:21,954 [INFO] src.federated.client: Client vqc_client_1: Starting local training for 3 epochs. Proximal term mu=0.0.
2025-05-20 08:58:00,450 [INFO] src.federated.client: Client vqc_client_1 - Epoch 1/3 completed. Average Loss: 0.3722
2025-05-20 08:58:38,866 [INFO] src.federated.client: Client vqc_client_1 - Epoch 2/3 completed. Average Loss: 0.3288
2025-05-20 08:59:18,273 [INFO] src.federated.client: Client vqc_client_1 - Epoch 3/3 completed. Average Loss: 0.2998
2025-05-20 08:59:18,273 [INFO] src.federated.client: Client vqc_client_1: Local training finished. Processed 1254 samples.
2025-05-20 08:59:18,274 [INFO] src.core.quantum_client: Client vqc_client_2: Starting local training for 3 epochs (model type: vqc). Proximal term mu=0.0.
2025-05-20 08:59:18,274 [INFO] src.federated.client: Client vqc_client_2: Starting local training for 3 epochs. Proximal term mu=0.0.
2025-05-20 08:59:18,727 [INFO] src.federated.client: Client vqc_client_2 - Epoch 1/3 completed. Average Loss: 0.8526
2025-05-20 08:59:19,185 [INFO] src.federated.client: Client vqc_client_2 - Epoch 2/3 completed. Average Loss: 0.8344
2025-05-20 08:59:19,638 [INFO] src.federated.client: Client vqc_client_2 - Epoch 3/3 completed. Average Loss: 0.8149
2025-05-20 08:59:19,639 [INFO] src.federated.client: Client vqc_client_2: Local training finished. Processed 15 samples.
2025-05-20 08:59:19,641 [INFO] src.core.quantum_client: Client vqc_client_0: Starting local training for 3 epochs (model type: vqc). Proximal term mu=0.0.
2025-05-20 08:59:19,641 [INFO] src.federated.client: Client vqc_client_0: Starting local training for 3 epochs. Proximal term mu=0.0.
2025-05-20 08:59:22,606 [INFO] src.federated.client: Client vqc_client_0 - Epoch 1/3 completed. Average Loss: 0.6198
2025-05-20 08:59:25,655 [INFO] src.federated.client: Client vqc_client_0 - Epoch 2/3 completed. Average Loss: 0.6081
2025-05-20 08:59:28,655 [INFO] src.federated.client: Client vqc_client_0 - Epoch 3/3 completed. Average Loss: 0.5963
2025-05-20 08:59:28,656 [INFO] src.federated.client: Client vqc_client_0: Local training finished. Processed 96 samples.
2025-05-20 08:59:28,660 [INFO] src.federated.server: Aggregating updates from 3 clients using QuantumAggregationStrategy.
2025-05-20 08:59:28,660 [INFO] src.core.quantum_manager: QuantumAggregationStrategy: Detected nn.Module (QNN/VQC/Hybrid) state_dict. Delegating to base strategy: FedDive
2025-05-20 08:59:28,660 [INFO] src.federated.aggregation: FedDive: Aggregating updates from 3 clients (momentum=0.9).
2025-05-20 08:59:28,661 [INFO] src.federated.aggregation: FedDive: Aggregation complete.
2025-05-20 08:59:28,662 [INFO] src.federated.server: Global model updated with aggregated parameters.
2025-05-20 08:59:28,662 [INFO] src.federated.server: Evaluating updated global model...
2025-05-20 08:59:28,662 [INFO] src.core.quantum_manager: Server: Starting evaluation of global model (type: vqc).
2025-05-20 08:59:29,599 [INFO] src.core.quantum_manager: Evaluation results: Loss=0.3185, Accuracy=0.9211
2025-05-20 08:59:29,599 [INFO] src.federated.server: Round 4 completed in 127.65s. Eval Metrics: {'loss': 0.3184608048514316, 'accuracy': 0.9210526315789473}
2025-05-20 08:59:29,599 [INFO] src.federated.server: ===== Starting Round 5/5 =====
2025-05-20 08:59:29,599 [INFO] src.federated.server: Starting federated training round...
2025-05-20 08:59:29,599 [INFO] src.federated.server: Selected 3 clients out of 3 available (fraction=0.1, min_clients=3): ['vqc_client_0', 'vqc_client_1', 'vqc_client_2']
2025-05-20 08:59:29,601 [INFO] src.core.quantum_client: Client vqc_client_0: Starting local training for 3 epochs (model type: vqc). Proximal term mu=0.0.
2025-05-20 08:59:29,601 [INFO] src.federated.client: Client vqc_client_0: Starting local training for 3 epochs. Proximal term mu=0.0.
2025-05-20 08:59:32,439 [INFO] src.federated.client: Client vqc_client_0 - Epoch 1/3 completed. Average Loss: 0.5133
2025-05-20 08:59:35,402 [INFO] src.federated.client: Client vqc_client_0 - Epoch 2/3 completed. Average Loss: 0.5041
2025-05-20 08:59:38,308 [INFO] src.federated.client: Client vqc_client_0 - Epoch 3/3 completed. Average Loss: 0.4949
2025-05-20 08:59:38,309 [INFO] src.federated.client: Client vqc_client_0: Local training finished. Processed 96 samples.
2025-05-20 08:59:38,313 [INFO] src.core.quantum_client: Client vqc_client_1: Starting local training for 3 epochs (model type: vqc). Proximal term mu=0.0.
2025-05-20 08:59:38,313 [INFO] src.federated.client: Client vqc_client_1: Starting local training for 3 epochs. Proximal term mu=0.0.
2025-05-20 09:00:16,675 [INFO] src.federated.client: Client vqc_client_1 - Epoch 1/3 completed. Average Loss: 0.2913
2025-05-20 09:00:54,946 [INFO] src.federated.client: Client vqc_client_1 - Epoch 2/3 completed. Average Loss: 0.2713
2025-05-20 09:01:32,926 [INFO] src.federated.client: Client vqc_client_1 - Epoch 3/3 completed. Average Loss: 0.2533
2025-05-20 09:01:32,926 [INFO] src.federated.client: Client vqc_client_1: Local training finished. Processed 1254 samples.
2025-05-20 09:01:32,927 [INFO] src.core.quantum_client: Client vqc_client_2: Starting local training for 3 epochs (model type: vqc). Proximal term mu=0.0.
2025-05-20 09:01:32,927 [INFO] src.federated.client: Client vqc_client_2: Starting local training for 3 epochs. Proximal term mu=0.0.
2025-05-20 09:01:33,374 [INFO] src.federated.client: Client vqc_client_2 - Epoch 1/3 completed. Average Loss: 0.9409
2025-05-20 09:01:33,848 [INFO] src.federated.client: Client vqc_client_2 - Epoch 2/3 completed. Average Loss: 0.9161
2025-05-20 09:01:34,295 [INFO] src.federated.client: Client vqc_client_2 - Epoch 3/3 completed. Average Loss: 0.8902
2025-05-20 09:01:34,295 [INFO] src.federated.client: Client vqc_client_2: Local training finished. Processed 15 samples.
2025-05-20 09:01:34,296 [INFO] src.federated.server: Aggregating updates from 3 clients using QuantumAggregationStrategy.
2025-05-20 09:01:34,296 [INFO] src.core.quantum_manager: QuantumAggregationStrategy: Detected nn.Module (QNN/VQC/Hybrid) state_dict. Delegating to base strategy: FedDive
2025-05-20 09:01:34,296 [INFO] src.federated.aggregation: FedDive: Aggregating updates from 3 clients (momentum=0.9).
2025-05-20 09:01:34,297 [INFO] src.federated.aggregation: FedDive: Aggregation complete.
2025-05-20 09:01:34,298 [INFO] src.federated.server: Global model updated with aggregated parameters.
2025-05-20 09:01:34,299 [INFO] src.federated.server: Evaluating updated global model...
2025-05-20 09:01:34,299 [INFO] src.core.quantum_manager: Server: Starting evaluation of global model (type: vqc).
2025-05-20 09:01:35,222 [INFO] src.core.quantum_manager: Evaluation results: Loss=0.2717, Accuracy=0.9298
2025-05-20 09:01:35,222 [INFO] src.federated.server: Round 5 completed in 125.62s. Eval Metrics: {'loss': 0.2717387738980745, 'accuracy': 0.9298245614035088}
2025-05-20 09:01:35,223 [INFO] src.federated.server: Federated training process completed after 5 rounds.
2025-05-20 09:01:35,223 [INFO] BC_ExperimentRunner: ========== Finished BC_VQC_FedAvg_NonIID_a0.5_PCA4_L2_Complex ==========

2025-05-20 09:01:35,223 [INFO] BC_ExperimentRunner: ========== Starting BC_Hybrid_FedAvg_IID_PCA8_Q4L2_Basic ==========
2025-05-20 09:01:35,223 [INFO] BC_ExperimentRunner: --- Setting up experiment: BC_Hybrid_FedAvg_IID_PCA8_Q4L2_Basic for dataset breast_cancer ---
2025-05-20 09:01:35,223 [INFO] src.utils.data_utils: Set all random seeds to 42
2025-05-20 09:01:35,223 [INFO] BC_ExperimentRunner: Experiment 'BC_Hybrid_FedAvg_IID_PCA8_Q4L2_Basic' will use tensor_dtype: torch.float64
2025-05-20 09:01:35,223 [INFO] src.utils.data_utils: Loading dataset: breast_cancer, PCA features=8, Scaling=standard, Subset size=None, Dtype=torch.float64
2025-05-20 09:01:35,224 [INFO] src.utils.data_utils: Set all random seeds to 42
2025-05-20 09:01:35,231 [INFO] src.utils.data_utils: Applying PCA to reduce features to 8
2025-05-20 09:01:35,232 [INFO] src.utils.data_utils: PCA applied. New feature count: 8. Explained variance: 0.9284
2025-05-20 09:01:35,232 [INFO] src.utils.data_utils: Data preparation complete for 'breast_cancer'. Train size: 455, Test size: 114, Features: 8, Classes: 2
2025-05-20 09:01:35,235 [INFO] BC_ExperimentRunner: Successfully loaded configuration from /home/dhanraj/quantum_federated_simulator/configs/federated/server_config.yaml
2025-05-20 09:01:35,237 [INFO] BC_ExperimentRunner: Successfully loaded configuration from /home/dhanraj/quantum_federated_simulator/configs/federated/client_config.yaml
2025-05-20 09:01:35,240 [INFO] BC_ExperimentRunner: Successfully loaded configuration from /home/dhanraj/quantum_federated_simulator/configs/federated/default_aggregation.yaml
2025-05-20 09:01:35,240 [INFO] BC_ExperimentRunner: Creating model of type: hybrid with n_features=8, n_classes=2, initial_dtype_request=torch.float64
2025-05-20 09:01:35,240 [INFO] src.quantum.models: Initializing HybridQuantumModel: Input=8, Hidden=16, FinalOutput=2, Qubits=4, QCircuit='basic', QDiff='best'
2025-05-20 09:01:35,240 [INFO] src.quantum.models: Initializing QNN Layer: qubits=4, layers=2, circuit='basic', device='lightning.qubit', shots=None, diff_method='best'
2025-05-20 09:01:35,241 [INFO] src.quantum.circuits: Creating basic circuit with 4 qubits, 2 layers.
2025-05-20 09:01:35,241 [INFO] src.quantum.circuits: Basic circuit expects 24 trainable parameters.
2025-05-20 09:01:35,241 [INFO] src.quantum.models: QNN circuit requires 24 parameters.
2025-05-20 09:01:35,241 [INFO] src.quantum.models: QuantumNeuralNetwork: Using 'lightning.qubit' with no shots. Defaulting to 'adjoint'.
2025-05-20 09:01:35,241 [INFO] src.quantum.models: QuantumNeuralNetwork attempting to use differentiation method: adjoint
2025-05-20 09:01:35,245 [INFO] src.quantum.models: QNN raw circuit output dimension: 4
2025-05-20 09:01:35,245 [INFO] src.quantum.models: QNN module's final output dimension (after head): 4
2025-05-20 09:01:35,246 [INFO] src.federated.aggregation: Creating aggregation strategy of type: fedavg
2025-05-20 09:01:35,246 [INFO] BC_ExperimentRunner: Using aggregation strategy: FedAvg (base: FedAvg)
2025-05-20 09:01:35,246 [INFO] src.core.quantum_manager: QuantumServer: Initializing with global model type 'hybrid'.
2025-05-20 09:01:35,248 [INFO] src.federated.server: Federated server initialized on device 'cuda' with aggregation strategy: FedAvg
2025-05-20 09:01:35,248 [INFO] BC_ExperimentRunner: Creating model of type: hybrid with n_features=8, n_classes=2, initial_dtype_request=torch.float64
2025-05-20 09:01:35,248 [INFO] src.quantum.models: Initializing HybridQuantumModel: Input=8, Hidden=16, FinalOutput=2, Qubits=4, QCircuit='basic', QDiff='best'
2025-05-20 09:01:35,249 [INFO] src.quantum.models: Initializing QNN Layer: qubits=4, layers=2, circuit='basic', device='lightning.qubit', shots=None, diff_method='best'
2025-05-20 09:01:35,249 [INFO] src.quantum.circuits: Creating basic circuit with 4 qubits, 2 layers.
2025-05-20 09:01:35,249 [INFO] src.quantum.circuits: Basic circuit expects 24 trainable parameters.
2025-05-20 09:01:35,249 [INFO] src.quantum.models: QNN circuit requires 24 parameters.
2025-05-20 09:01:35,249 [INFO] src.quantum.models: QuantumNeuralNetwork: Using 'lightning.qubit' with no shots. Defaulting to 'adjoint'.
2025-05-20 09:01:35,250 [INFO] src.quantum.models: QuantumNeuralNetwork attempting to use differentiation method: adjoint
2025-05-20 09:01:35,254 [INFO] src.quantum.models: QNN raw circuit output dimension: 4
2025-05-20 09:01:35,254 [INFO] src.quantum.models: QNN module's final output dimension (after head): 4
2025-05-20 09:01:35,255 [INFO] src.core.quantum_client: QuantumClient hybrid_client_0: Initializing with model type 'hybrid'.
2025-05-20 09:01:35,257 [INFO] src.federated.client: Client hybrid_client_0 initialized on device 'cuda' with 151 samples.
2025-05-20 09:01:35,257 [INFO] BC_ExperimentRunner: Creating model of type: hybrid with n_features=8, n_classes=2, initial_dtype_request=torch.float64
2025-05-20 09:01:35,257 [INFO] src.quantum.models: Initializing HybridQuantumModel: Input=8, Hidden=16, FinalOutput=2, Qubits=4, QCircuit='basic', QDiff='best'
2025-05-20 09:01:35,257 [INFO] src.quantum.models: Initializing QNN Layer: qubits=4, layers=2, circuit='basic', device='lightning.qubit', shots=None, diff_method='best'
2025-05-20 09:01:35,257 [INFO] src.quantum.circuits: Creating basic circuit with 4 qubits, 2 layers.
2025-05-20 09:01:35,258 [INFO] src.quantum.circuits: Basic circuit expects 24 trainable parameters.
2025-05-20 09:01:35,258 [INFO] src.quantum.models: QNN circuit requires 24 parameters.
2025-05-20 09:01:35,258 [INFO] src.quantum.models: QuantumNeuralNetwork: Using 'lightning.qubit' with no shots. Defaulting to 'adjoint'.
2025-05-20 09:01:35,258 [INFO] src.quantum.models: QuantumNeuralNetwork attempting to use differentiation method: adjoint
2025-05-20 09:01:35,263 [INFO] src.quantum.models: QNN raw circuit output dimension: 4
2025-05-20 09:01:35,264 [INFO] src.quantum.models: QNN module's final output dimension (after head): 4
2025-05-20 09:01:35,264 [INFO] src.core.quantum_client: QuantumClient hybrid_client_1: Initializing with model type 'hybrid'.
2025-05-20 09:01:35,266 [INFO] src.federated.client: Client hybrid_client_1 initialized on device 'cuda' with 151 samples.
2025-05-20 09:01:35,266 [INFO] BC_ExperimentRunner: Creating model of type: hybrid with n_features=8, n_classes=2, initial_dtype_request=torch.float64
2025-05-20 09:01:35,266 [INFO] src.quantum.models: Initializing HybridQuantumModel: Input=8, Hidden=16, FinalOutput=2, Qubits=4, QCircuit='basic', QDiff='best'
2025-05-20 09:01:35,266 [INFO] src.quantum.models: Initializing QNN Layer: qubits=4, layers=2, circuit='basic', device='lightning.qubit', shots=None, diff_method='best'
2025-05-20 09:01:35,267 [INFO] src.quantum.circuits: Creating basic circuit with 4 qubits, 2 layers.
2025-05-20 09:01:35,267 [INFO] src.quantum.circuits: Basic circuit expects 24 trainable parameters.
2025-05-20 09:01:35,267 [INFO] src.quantum.models: QNN circuit requires 24 parameters.
2025-05-20 09:01:35,267 [INFO] src.quantum.models: QuantumNeuralNetwork: Using 'lightning.qubit' with no shots. Defaulting to 'adjoint'.
2025-05-20 09:01:35,267 [INFO] src.quantum.models: QuantumNeuralNetwork attempting to use differentiation method: adjoint
2025-05-20 09:01:35,272 [INFO] src.quantum.models: QNN raw circuit output dimension: 4
2025-05-20 09:01:35,272 [INFO] src.quantum.models: QNN module's final output dimension (after head): 4
2025-05-20 09:01:35,273 [INFO] src.core.quantum_client: QuantumClient hybrid_client_2: Initializing with model type 'hybrid'.
2025-05-20 09:01:35,274 [INFO] src.federated.client: Client hybrid_client_2 initialized on device 'cuda' with 153 samples.
2025-05-20 09:01:35,275 [INFO] src.federated.server: Registered client 'hybrid_client_0'. Total clients: 1.
2025-05-20 09:01:35,275 [INFO] src.federated.server: Registered client 'hybrid_client_1'. Total clients: 2.
2025-05-20 09:01:35,275 [INFO] src.federated.server: Registered client 'hybrid_client_2'. Total clients: 3.
2025-05-20 09:01:35,275 [INFO] BC_ExperimentRunner: --- Scenario setup complete for BC_Hybrid_FedAvg_IID_PCA8_Q4L2_Basic ---
2025-05-20 09:01:35,275 [INFO] src.federated.server: Starting federated training process for 5 rounds.
2025-05-20 09:01:35,275 [INFO] src.federated.server: Config: local_epochs=3, client_fraction=0.1, min_clients=3, FedProx mu=0.0
2025-05-20 09:01:35,276 [INFO] src.federated.server: Performing initial evaluation of global model...
2025-05-20 09:01:35,276 [INFO] src.core.quantum_manager: Server: Starting evaluation of global model (type: hybrid).
2025-05-20 09:01:35,779 [INFO] src.core.quantum_manager: Evaluation results: Loss=0.6530, Accuracy=0.6316
2025-05-20 09:01:35,779 [INFO] src.federated.server: Initial Evaluation Metrics: {'loss': 0.6529945762533891, 'accuracy': 0.631578947368421}
2025-05-20 09:01:35,779 [INFO] src.federated.server: ===== Starting Round 1/5 =====
2025-05-20 09:01:35,779 [INFO] src.federated.server: Starting federated training round...
2025-05-20 09:01:35,779 [INFO] src.federated.server: Selected 3 clients out of 3 available (fraction=0.1, min_clients=3): ['hybrid_client_2', 'hybrid_client_0', 'hybrid_client_1']
2025-05-20 09:01:35,781 [INFO] src.core.quantum_client: Client hybrid_client_2: Starting local training for 3 epochs (model type: hybrid). Proximal term mu=0.0.
2025-05-20 09:01:35,781 [INFO] src.federated.client: Client hybrid_client_2: Starting local training for 3 epochs. Proximal term mu=0.0.
2025-05-20 09:01:41,769 [INFO] src.federated.client: Client hybrid_client_2 - Epoch 1/3 completed. Average Loss: 0.6388
2025-05-20 09:01:48,068 [INFO] src.federated.client: Client hybrid_client_2 - Epoch 2/3 completed. Average Loss: 0.6371
2025-05-20 09:01:54,243 [INFO] src.federated.client: Client hybrid_client_2 - Epoch 3/3 completed. Average Loss: 0.6355
2025-05-20 09:01:54,244 [INFO] src.federated.client: Client hybrid_client_2: Local training finished. Processed 459 samples.
2025-05-20 09:01:54,246 [INFO] src.core.quantum_client: Client hybrid_client_0: Starting local training for 3 epochs (model type: hybrid). Proximal term mu=0.0.
2025-05-20 09:01:54,247 [INFO] src.federated.client: Client hybrid_client_0: Starting local training for 3 epochs. Proximal term mu=0.0.
2025-05-20 09:02:00,383 [INFO] src.federated.client: Client hybrid_client_0 - Epoch 1/3 completed. Average Loss: 0.6446
2025-05-20 09:02:06,094 [INFO] src.federated.client: Client hybrid_client_0 - Epoch 2/3 completed. Average Loss: 0.6429
2025-05-20 09:02:11,954 [INFO] src.federated.client: Client hybrid_client_0 - Epoch 3/3 completed. Average Loss: 0.6408
2025-05-20 09:02:11,955 [INFO] src.federated.client: Client hybrid_client_0: Local training finished. Processed 453 samples.
2025-05-20 09:02:11,958 [INFO] src.core.quantum_client: Client hybrid_client_1: Starting local training for 3 epochs (model type: hybrid). Proximal term mu=0.0.
2025-05-20 09:02:11,958 [INFO] src.federated.client: Client hybrid_client_1: Starting local training for 3 epochs. Proximal term mu=0.0.
2025-05-20 09:02:18,003 [INFO] src.federated.client: Client hybrid_client_1 - Epoch 1/3 completed. Average Loss: 0.6823
2025-05-20 09:02:23,952 [INFO] src.federated.client: Client hybrid_client_1 - Epoch 2/3 completed. Average Loss: 0.6782
2025-05-20 09:02:29,925 [INFO] src.federated.client: Client hybrid_client_1 - Epoch 3/3 completed. Average Loss: 0.6751
2025-05-20 09:02:29,925 [INFO] src.federated.client: Client hybrid_client_1: Local training finished. Processed 453 samples.
2025-05-20 09:02:29,927 [INFO] src.federated.server: Aggregating updates from 3 clients using FedAvg.
2025-05-20 09:02:29,927 [INFO] src.federated.aggregation: FedAvg: Aggregating updates from 3 clients.
2025-05-20 09:02:29,928 [INFO] src.federated.aggregation: FedAvg: Aggregation complete.
2025-05-20 09:02:29,929 [INFO] src.federated.server: Global model updated with aggregated parameters.
2025-05-20 09:02:29,929 [INFO] src.federated.server: Evaluating updated global model...
2025-05-20 09:02:29,929 [INFO] src.core.quantum_manager: Server: Starting evaluation of global model (type: hybrid).
2025-05-20 09:02:30,408 [INFO] src.core.quantum_manager: Evaluation results: Loss=0.6477, Accuracy=0.6316
2025-05-20 09:02:30,409 [INFO] src.federated.server: Round 1 completed in 54.63s. Eval Metrics: {'loss': 0.6476856741988868, 'accuracy': 0.631578947368421}
2025-05-20 09:02:30,409 [INFO] src.federated.server: ===== Starting Round 2/5 =====
2025-05-20 09:02:30,409 [INFO] src.federated.server: Starting federated training round...
2025-05-20 09:02:30,409 [INFO] src.federated.server: Selected 3 clients out of 3 available (fraction=0.1, min_clients=3): ['hybrid_client_2', 'hybrid_client_1', 'hybrid_client_0']
2025-05-20 09:02:30,410 [INFO] src.core.quantum_client: Client hybrid_client_2: Starting local training for 3 epochs (model type: hybrid). Proximal term mu=0.0.
2025-05-20 09:02:30,410 [INFO] src.federated.client: Client hybrid_client_2: Starting local training for 3 epochs. Proximal term mu=0.0.
2025-05-20 09:02:36,730 [INFO] src.federated.client: Client hybrid_client_2 - Epoch 1/3 completed. Average Loss: 0.6340
2025-05-20 09:02:42,600 [INFO] src.federated.client: Client hybrid_client_2 - Epoch 2/3 completed. Average Loss: 0.6320
2025-05-20 09:02:48,653 [INFO] src.federated.client: Client hybrid_client_2 - Epoch 3/3 completed. Average Loss: 0.6294
2025-05-20 09:02:48,654 [INFO] src.federated.client: Client hybrid_client_2: Local training finished. Processed 459 samples.
2025-05-20 09:02:48,657 [INFO] src.core.quantum_client: Client hybrid_client_1: Starting local training for 3 epochs (model type: hybrid). Proximal term mu=0.0.
2025-05-20 09:02:48,657 [INFO] src.federated.client: Client hybrid_client_1: Starting local training for 3 epochs. Proximal term mu=0.0.
2025-05-20 09:02:54,846 [INFO] src.federated.client: Client hybrid_client_1 - Epoch 1/3 completed. Average Loss: 0.6746
2025-05-20 09:03:00,969 [INFO] src.federated.client: Client hybrid_client_1 - Epoch 2/3 completed. Average Loss: 0.6707
2025-05-20 09:03:07,266 [INFO] src.federated.client: Client hybrid_client_1 - Epoch 3/3 completed. Average Loss: 0.6669
2025-05-20 09:03:07,267 [INFO] src.federated.client: Client hybrid_client_1: Local training finished. Processed 453 samples.
2025-05-20 09:03:07,270 [INFO] src.core.quantum_client: Client hybrid_client_0: Starting local training for 3 epochs (model type: hybrid). Proximal term mu=0.0.
2025-05-20 09:03:07,271 [INFO] src.federated.client: Client hybrid_client_0: Starting local training for 3 epochs. Proximal term mu=0.0.
2025-05-20 09:03:13,356 [INFO] src.federated.client: Client hybrid_client_0 - Epoch 1/3 completed. Average Loss: 0.6396
2025-05-20 09:03:19,614 [INFO] src.federated.client: Client hybrid_client_0 - Epoch 2/3 completed. Average Loss: 0.6370
2025-05-20 09:03:25,940 [INFO] src.federated.client: Client hybrid_client_0 - Epoch 3/3 completed. Average Loss: 0.6341
2025-05-20 09:03:25,941 [INFO] src.federated.client: Client hybrid_client_0: Local training finished. Processed 453 samples.
2025-05-20 09:03:25,943 [INFO] src.federated.server: Aggregating updates from 3 clients using FedAvg.
2025-05-20 09:03:25,943 [INFO] src.federated.aggregation: FedAvg: Aggregating updates from 3 clients.
2025-05-20 09:03:25,944 [INFO] src.federated.aggregation: FedAvg: Aggregation complete.
2025-05-20 09:03:25,944 [INFO] src.federated.server: Global model updated with aggregated parameters.
2025-05-20 09:03:25,944 [INFO] src.federated.server: Evaluating updated global model...
2025-05-20 09:03:25,945 [INFO] src.core.quantum_manager: Server: Starting evaluation of global model (type: hybrid).
2025-05-20 09:03:26,502 [INFO] src.core.quantum_manager: Evaluation results: Loss=0.6406, Accuracy=0.6316
2025-05-20 09:03:26,502 [INFO] src.federated.server: Round 2 completed in 56.09s. Eval Metrics: {'loss': 0.6405517730796546, 'accuracy': 0.631578947368421}
2025-05-20 09:03:26,502 [INFO] src.federated.server: ===== Starting Round 3/5 =====
2025-05-20 09:03:26,502 [INFO] src.federated.server: Starting federated training round...
2025-05-20 09:03:26,502 [INFO] src.federated.server: Selected 3 clients out of 3 available (fraction=0.1, min_clients=3): ['hybrid_client_0', 'hybrid_client_2', 'hybrid_client_1']
2025-05-20 09:03:26,504 [INFO] src.core.quantum_client: Client hybrid_client_0: Starting local training for 3 epochs (model type: hybrid). Proximal term mu=0.0.
2025-05-20 09:03:26,504 [INFO] src.federated.client: Client hybrid_client_0: Starting local training for 3 epochs. Proximal term mu=0.0.
2025-05-20 09:03:32,326 [INFO] src.federated.client: Client hybrid_client_0 - Epoch 1/3 completed. Average Loss: 0.6317
2025-05-20 09:03:38,118 [INFO] src.federated.client: Client hybrid_client_0 - Epoch 2/3 completed. Average Loss: 0.6267
2025-05-20 09:03:44,602 [INFO] src.federated.client: Client hybrid_client_0 - Epoch 3/3 completed. Average Loss: 0.6209
2025-05-20 09:03:44,603 [INFO] src.federated.client: Client hybrid_client_0: Local training finished. Processed 453 samples.
2025-05-20 09:03:44,605 [INFO] src.core.quantum_client: Client hybrid_client_2: Starting local training for 3 epochs (model type: hybrid). Proximal term mu=0.0.
2025-05-20 09:03:44,605 [INFO] src.federated.client: Client hybrid_client_2: Starting local training for 3 epochs. Proximal term mu=0.0.
2025-05-20 09:03:50,623 [INFO] src.federated.client: Client hybrid_client_2 - Epoch 1/3 completed. Average Loss: 0.6266
2025-05-20 09:03:56,846 [INFO] src.federated.client: Client hybrid_client_2 - Epoch 2/3 completed. Average Loss: 0.6224
2025-05-20 09:04:02,828 [INFO] src.federated.client: Client hybrid_client_2 - Epoch 3/3 completed. Average Loss: 0.6172
2025-05-20 09:04:02,830 [INFO] src.federated.client: Client hybrid_client_2: Local training finished. Processed 459 samples.
2025-05-20 09:04:02,833 [INFO] src.core.quantum_client: Client hybrid_client_1: Starting local training for 3 epochs (model type: hybrid). Proximal term mu=0.0.
2025-05-20 09:04:02,833 [INFO] src.federated.client: Client hybrid_client_1: Starting local training for 3 epochs. Proximal term mu=0.0.
2025-05-20 09:04:08,655 [INFO] src.federated.client: Client hybrid_client_1 - Epoch 1/3 completed. Average Loss: 0.6639
2025-05-20 09:04:14,747 [INFO] src.federated.client: Client hybrid_client_1 - Epoch 2/3 completed. Average Loss: 0.6578
2025-05-20 09:04:20,663 [INFO] src.federated.client: Client hybrid_client_1 - Epoch 3/3 completed. Average Loss: 0.6507
2025-05-20 09:04:20,664 [INFO] src.federated.client: Client hybrid_client_1: Local training finished. Processed 453 samples.
2025-05-20 09:04:20,665 [INFO] src.federated.server: Aggregating updates from 3 clients using FedAvg.
2025-05-20 09:04:20,666 [INFO] src.federated.aggregation: FedAvg: Aggregating updates from 3 clients.
2025-05-20 09:04:20,666 [INFO] src.federated.aggregation: FedAvg: Aggregation complete.
2025-05-20 09:04:20,667 [INFO] src.federated.server: Global model updated with aggregated parameters.
2025-05-20 09:04:20,667 [INFO] src.federated.server: Evaluating updated global model...
2025-05-20 09:04:20,667 [INFO] src.core.quantum_manager: Server: Starting evaluation of global model (type: hybrid).
2025-05-20 09:04:21,162 [INFO] src.core.quantum_manager: Evaluation results: Loss=0.6263, Accuracy=0.6316
2025-05-20 09:04:21,162 [INFO] src.federated.server: Round 3 completed in 54.66s. Eval Metrics: {'loss': 0.6262509916958056, 'accuracy': 0.631578947368421}
2025-05-20 09:04:21,162 [INFO] src.federated.server: ===== Starting Round 4/5 =====
2025-05-20 09:04:21,162 [INFO] src.federated.server: Starting federated training round...
2025-05-20 09:04:21,162 [INFO] src.federated.server: Selected 3 clients out of 3 available (fraction=0.1, min_clients=3): ['hybrid_client_2', 'hybrid_client_0', 'hybrid_client_1']
2025-05-20 09:04:21,164 [INFO] src.core.quantum_client: Client hybrid_client_2: Starting local training for 3 epochs (model type: hybrid). Proximal term mu=0.0.
2025-05-20 09:04:21,164 [INFO] src.federated.client: Client hybrid_client_2: Starting local training for 3 epochs. Proximal term mu=0.0.
2025-05-20 09:04:27,217 [INFO] src.federated.client: Client hybrid_client_2 - Epoch 1/3 completed. Average Loss: 0.6110
2025-05-20 09:04:33,275 [INFO] src.federated.client: Client hybrid_client_2 - Epoch 2/3 completed. Average Loss: 0.6037
2025-05-20 09:04:39,231 [INFO] src.federated.client: Client hybrid_client_2 - Epoch 3/3 completed. Average Loss: 0.5948
2025-05-20 09:04:39,231 [INFO] src.federated.client: Client hybrid_client_2: Local training finished. Processed 459 samples.
2025-05-20 09:04:39,234 [INFO] src.core.quantum_client: Client hybrid_client_0: Starting local training for 3 epochs (model type: hybrid). Proximal term mu=0.0.
2025-05-20 09:04:39,234 [INFO] src.federated.client: Client hybrid_client_0: Starting local training for 3 epochs. Proximal term mu=0.0.
2025-05-20 09:04:45,433 [INFO] src.federated.client: Client hybrid_client_0 - Epoch 1/3 completed. Average Loss: 0.6156
2025-05-20 09:04:51,283 [INFO] src.federated.client: Client hybrid_client_0 - Epoch 2/3 completed. Average Loss: 0.6079
2025-05-20 09:04:57,347 [INFO] src.federated.client: Client hybrid_client_0 - Epoch 3/3 completed. Average Loss: 0.5992
2025-05-20 09:04:57,348 [INFO] src.federated.client: Client hybrid_client_0: Local training finished. Processed 453 samples.
2025-05-20 09:04:57,351 [INFO] src.core.quantum_client: Client hybrid_client_1: Starting local training for 3 epochs (model type: hybrid). Proximal term mu=0.0.
2025-05-20 09:04:57,351 [INFO] src.federated.client: Client hybrid_client_1: Starting local training for 3 epochs. Proximal term mu=0.0.
2025-05-20 09:05:03,500 [INFO] src.federated.client: Client hybrid_client_1 - Epoch 1/3 completed. Average Loss: 0.6446
2025-05-20 09:05:09,322 [INFO] src.federated.client: Client hybrid_client_1 - Epoch 2/3 completed. Average Loss: 0.6354
2025-05-20 09:05:15,148 [INFO] src.federated.client: Client hybrid_client_1 - Epoch 3/3 completed. Average Loss: 0.6246
2025-05-20 09:05:15,149 [INFO] src.federated.client: Client hybrid_client_1: Local training finished. Processed 453 samples.
2025-05-20 09:05:15,151 [INFO] src.federated.server: Aggregating updates from 3 clients using FedAvg.
2025-05-20 09:05:15,151 [INFO] src.federated.aggregation: FedAvg: Aggregating updates from 3 clients.
2025-05-20 09:05:15,152 [INFO] src.federated.aggregation: FedAvg: Aggregation complete.
2025-05-20 09:05:15,153 [INFO] src.federated.server: Global model updated with aggregated parameters.
2025-05-20 09:05:15,153 [INFO] src.federated.server: Evaluating updated global model...
2025-05-20 09:05:15,153 [INFO] src.core.quantum_manager: Server: Starting evaluation of global model (type: hybrid).
2025-05-20 09:05:15,627 [INFO] src.core.quantum_manager: Evaluation results: Loss=0.6034, Accuracy=0.6316
2025-05-20 09:05:15,628 [INFO] src.federated.server: Round 4 completed in 54.47s. Eval Metrics: {'loss': 0.6034006152236671, 'accuracy': 0.631578947368421}
2025-05-20 09:05:15,628 [INFO] src.federated.server: ===== Starting Round 5/5 =====
2025-05-20 09:05:15,628 [INFO] src.federated.server: Starting federated training round...
2025-05-20 09:05:15,628 [INFO] src.federated.server: Selected 3 clients out of 3 available (fraction=0.1, min_clients=3): ['hybrid_client_0', 'hybrid_client_2', 'hybrid_client_1']
2025-05-20 09:05:15,630 [INFO] src.core.quantum_client: Client hybrid_client_0: Starting local training for 3 epochs (model type: hybrid). Proximal term mu=0.0.
2025-05-20 09:05:15,630 [INFO] src.federated.client: Client hybrid_client_0: Starting local training for 3 epochs. Proximal term mu=0.0.
2025-05-20 09:05:21,622 [INFO] src.federated.client: Client hybrid_client_0 - Epoch 1/3 completed. Average Loss: 0.5899
2025-05-20 09:05:28,074 [INFO] src.federated.client: Client hybrid_client_0 - Epoch 2/3 completed. Average Loss: 0.5788
2025-05-20 09:05:33,772 [INFO] src.federated.client: Client hybrid_client_0 - Epoch 3/3 completed. Average Loss: 0.5661
2025-05-20 09:05:33,773 [INFO] src.federated.client: Client hybrid_client_0: Local training finished. Processed 453 samples.
2025-05-20 09:05:33,775 [INFO] src.core.quantum_client: Client hybrid_client_2: Starting local training for 3 epochs (model type: hybrid). Proximal term mu=0.0.
2025-05-20 09:05:33,775 [INFO] src.federated.client: Client hybrid_client_2: Starting local training for 3 epochs. Proximal term mu=0.0.
2025-05-20 09:05:39,948 [INFO] src.federated.client: Client hybrid_client_2 - Epoch 1/3 completed. Average Loss: 0.5859
2025-05-20 09:05:45,834 [INFO] src.federated.client: Client hybrid_client_2 - Epoch 2/3 completed. Average Loss: 0.5743
2025-05-20 09:05:52,039 [INFO] src.federated.client: Client hybrid_client_2 - Epoch 3/3 completed. Average Loss: 0.5619
2025-05-20 09:05:52,040 [INFO] src.federated.client: Client hybrid_client_2: Local training finished. Processed 459 samples.
2025-05-20 09:05:52,042 [INFO] src.core.quantum_client: Client hybrid_client_1: Starting local training for 3 epochs (model type: hybrid). Proximal term mu=0.0.
2025-05-20 09:05:52,043 [INFO] src.federated.client: Client hybrid_client_1: Starting local training for 3 epochs. Proximal term mu=0.0.
2025-05-20 09:05:57,945 [INFO] src.federated.client: Client hybrid_client_1 - Epoch 1/3 completed. Average Loss: 0.6158
2025-05-20 09:06:03,794 [INFO] src.federated.client: Client hybrid_client_1 - Epoch 2/3 completed. Average Loss: 0.6032
2025-05-20 09:06:09,921 [INFO] src.federated.client: Client hybrid_client_1 - Epoch 3/3 completed. Average Loss: 0.5891
2025-05-20 09:06:09,922 [INFO] src.federated.client: Client hybrid_client_1: Local training finished. Processed 453 samples.
2025-05-20 09:06:09,924 [INFO] src.federated.server: Aggregating updates from 3 clients using FedAvg.
2025-05-20 09:06:09,924 [INFO] src.federated.aggregation: FedAvg: Aggregating updates from 3 clients.
2025-05-20 09:06:09,925 [INFO] src.federated.aggregation: FedAvg: Aggregation complete.
2025-05-20 09:06:09,925 [INFO] src.federated.server: Global model updated with aggregated parameters.
2025-05-20 09:06:09,926 [INFO] src.federated.server: Evaluating updated global model...
2025-05-20 09:06:09,926 [INFO] src.core.quantum_manager: Server: Starting evaluation of global model (type: hybrid).
2025-05-20 09:06:10,401 [INFO] src.core.quantum_manager: Evaluation results: Loss=0.5709, Accuracy=0.6316
2025-05-20 09:06:10,401 [INFO] src.federated.server: Round 5 completed in 54.77s. Eval Metrics: {'loss': 0.5708661539512768, 'accuracy': 0.631578947368421}
2025-05-20 09:06:10,402 [INFO] src.federated.server: Federated training process completed after 5 rounds.
2025-05-20 09:06:10,402 [INFO] BC_ExperimentRunner: ========== Finished BC_Hybrid_FedAvg_IID_PCA8_Q4L2_Basic ==========

2025-05-20 09:06:10,402 [INFO] BC_ExperimentRunner: ========== Starting BC_QNN_FedAvg_IID_PCA4_L2_Basic ==========
2025-05-20 09:06:10,402 [INFO] BC_ExperimentRunner: --- Setting up experiment: BC_QNN_FedAvg_IID_PCA4_L2_Basic for dataset breast_cancer ---
2025-05-20 09:06:10,402 [INFO] src.utils.data_utils: Set all random seeds to 42
2025-05-20 09:06:10,402 [INFO] BC_ExperimentRunner: Experiment 'BC_QNN_FedAvg_IID_PCA4_L2_Basic' will use tensor_dtype: torch.float64
2025-05-20 09:06:10,402 [INFO] src.utils.data_utils: Loading dataset: breast_cancer, PCA features=4, Scaling=minmax, Subset size=None, Dtype=torch.float64
2025-05-20 09:06:10,403 [INFO] src.utils.data_utils: Set all random seeds to 42
2025-05-20 09:06:10,408 [INFO] src.utils.data_utils: Applying PCA to reduce features to 4
2025-05-20 09:06:10,408 [INFO] src.utils.data_utils: PCA applied. New feature count: 4. Explained variance: 0.8393
2025-05-20 09:06:10,409 [INFO] src.utils.data_utils: Data preparation complete for 'breast_cancer'. Train size: 455, Test size: 114, Features: 4, Classes: 2
2025-05-20 09:06:10,412 [INFO] BC_ExperimentRunner: Successfully loaded configuration from /home/dhanraj/quantum_federated_simulator/configs/federated/server_config.yaml
2025-05-20 09:06:10,414 [INFO] BC_ExperimentRunner: Successfully loaded configuration from /home/dhanraj/quantum_federated_simulator/configs/federated/client_config.yaml
2025-05-20 09:06:10,416 [INFO] BC_ExperimentRunner: Successfully loaded configuration from /home/dhanraj/quantum_federated_simulator/configs/federated/default_aggregation.yaml
2025-05-20 09:06:10,416 [INFO] BC_ExperimentRunner: Creating model of type: qnn with n_features=4, n_classes=2, initial_dtype_request=torch.float64
2025-05-20 09:06:10,417 [INFO] src.quantum.models: Initializing QNN Layer: qubits=4, layers=2, circuit='basic', device='lightning.qubit', shots=None, diff_method='best'
2025-05-20 09:06:10,417 [INFO] src.quantum.circuits: Creating basic circuit with 4 qubits, 2 layers.
2025-05-20 09:06:10,417 [INFO] src.quantum.circuits: Basic circuit expects 24 trainable parameters.
2025-05-20 09:06:10,417 [INFO] src.quantum.models: QNN circuit requires 24 parameters.
2025-05-20 09:06:10,417 [INFO] src.quantum.models: QuantumNeuralNetwork: Using 'lightning.qubit' with no shots. Defaulting to 'adjoint'.
2025-05-20 09:06:10,417 [INFO] src.quantum.models: QuantumNeuralNetwork attempting to use differentiation method: adjoint
2025-05-20 09:06:10,422 [INFO] src.quantum.models: QNN raw circuit output dimension: 4
2025-05-20 09:06:10,422 [INFO] src.quantum.models: QNN: Added Linear head: 4 -> 2
2025-05-20 09:06:10,422 [INFO] src.quantum.models: QNN module's final output dimension (after head): 2
2025-05-20 09:06:10,423 [INFO] src.federated.aggregation: Creating aggregation strategy of type: fedavg
2025-05-20 09:06:10,423 [INFO] BC_ExperimentRunner: Using aggregation strategy: FedAvg (base: FedAvg)
2025-05-20 09:06:10,423 [INFO] src.core.quantum_manager: QuantumServer: Initializing with global model type 'qnn'.
2025-05-20 09:06:10,423 [INFO] src.federated.server: Federated server initialized on device 'cuda' with aggregation strategy: FedAvg
2025-05-20 09:06:10,423 [INFO] BC_ExperimentRunner: Creating model of type: qnn with n_features=4, n_classes=2, initial_dtype_request=torch.float64
2025-05-20 09:06:10,424 [INFO] src.quantum.models: Initializing QNN Layer: qubits=4, layers=2, circuit='basic', device='lightning.qubit', shots=None, diff_method='best'
2025-05-20 09:06:10,424 [INFO] src.quantum.circuits: Creating basic circuit with 4 qubits, 2 layers.
2025-05-20 09:06:10,424 [INFO] src.quantum.circuits: Basic circuit expects 24 trainable parameters.
2025-05-20 09:06:10,424 [INFO] src.quantum.models: QNN circuit requires 24 parameters.
2025-05-20 09:06:10,424 [INFO] src.quantum.models: QuantumNeuralNetwork: Using 'lightning.qubit' with no shots. Defaulting to 'adjoint'.
2025-05-20 09:06:10,424 [INFO] src.quantum.models: QuantumNeuralNetwork attempting to use differentiation method: adjoint
2025-05-20 09:06:10,429 [INFO] src.quantum.models: QNN raw circuit output dimension: 4
2025-05-20 09:06:10,429 [INFO] src.quantum.models: QNN: Added Linear head: 4 -> 2
2025-05-20 09:06:10,429 [INFO] src.quantum.models: QNN module's final output dimension (after head): 2
2025-05-20 09:06:10,429 [INFO] src.core.quantum_client: QuantumClient qnn_client_0: Initializing with model type 'qnn'.
2025-05-20 09:06:10,430 [INFO] src.federated.client: Client qnn_client_0 initialized on device 'cuda' with 151 samples.
2025-05-20 09:06:10,430 [INFO] BC_ExperimentRunner: Creating model of type: qnn with n_features=4, n_classes=2, initial_dtype_request=torch.float64
2025-05-20 09:06:10,430 [INFO] src.quantum.models: Initializing QNN Layer: qubits=4, layers=2, circuit='basic', device='lightning.qubit', shots=None, diff_method='best'
2025-05-20 09:06:10,430 [INFO] src.quantum.circuits: Creating basic circuit with 4 qubits, 2 layers.
2025-05-20 09:06:10,431 [INFO] src.quantum.circuits: Basic circuit expects 24 trainable parameters.
2025-05-20 09:06:10,431 [INFO] src.quantum.models: QNN circuit requires 24 parameters.
2025-05-20 09:06:10,431 [INFO] src.quantum.models: QuantumNeuralNetwork: Using 'lightning.qubit' with no shots. Defaulting to 'adjoint'.
2025-05-20 09:06:10,431 [INFO] src.quantum.models: QuantumNeuralNetwork attempting to use differentiation method: adjoint
2025-05-20 09:06:10,436 [INFO] src.quantum.models: QNN raw circuit output dimension: 4
2025-05-20 09:06:10,437 [INFO] src.quantum.models: QNN: Added Linear head: 4 -> 2
2025-05-20 09:06:10,437 [INFO] src.quantum.models: QNN module's final output dimension (after head): 2
2025-05-20 09:06:10,437 [INFO] src.core.quantum_client: QuantumClient qnn_client_1: Initializing with model type 'qnn'.
2025-05-20 09:06:10,438 [INFO] src.federated.client: Client qnn_client_1 initialized on device 'cuda' with 151 samples.
2025-05-20 09:06:10,438 [INFO] BC_ExperimentRunner: Creating model of type: qnn with n_features=4, n_classes=2, initial_dtype_request=torch.float64
2025-05-20 09:06:10,438 [INFO] src.quantum.models: Initializing QNN Layer: qubits=4, layers=2, circuit='basic', device='lightning.qubit', shots=None, diff_method='best'
2025-05-20 09:06:10,438 [INFO] src.quantum.circuits: Creating basic circuit with 4 qubits, 2 layers.
2025-05-20 09:06:10,438 [INFO] src.quantum.circuits: Basic circuit expects 24 trainable parameters.
2025-05-20 09:06:10,438 [INFO] src.quantum.models: QNN circuit requires 24 parameters.
2025-05-20 09:06:10,438 [INFO] src.quantum.models: QuantumNeuralNetwork: Using 'lightning.qubit' with no shots. Defaulting to 'adjoint'.
2025-05-20 09:06:10,438 [INFO] src.quantum.models: QuantumNeuralNetwork attempting to use differentiation method: adjoint
2025-05-20 09:06:10,443 [INFO] src.quantum.models: QNN raw circuit output dimension: 4
2025-05-20 09:06:10,444 [INFO] src.quantum.models: QNN: Added Linear head: 4 -> 2
2025-05-20 09:06:10,444 [INFO] src.quantum.models: QNN module's final output dimension (after head): 2
2025-05-20 09:06:10,444 [INFO] src.core.quantum_client: QuantumClient qnn_client_2: Initializing with model type 'qnn'.
2025-05-20 09:06:10,445 [INFO] src.federated.client: Client qnn_client_2 initialized on device 'cuda' with 153 samples.
2025-05-20 09:06:10,445 [INFO] src.federated.server: Registered client 'qnn_client_0'. Total clients: 1.
2025-05-20 09:06:10,445 [INFO] src.federated.server: Registered client 'qnn_client_1'. Total clients: 2.
2025-05-20 09:06:10,445 [INFO] src.federated.server: Registered client 'qnn_client_2'. Total clients: 3.
2025-05-20 09:06:10,445 [INFO] BC_ExperimentRunner: --- Scenario setup complete for BC_QNN_FedAvg_IID_PCA4_L2_Basic ---
2025-05-20 09:06:10,446 [INFO] src.federated.server: Starting federated training process for 5 rounds.
2025-05-20 09:06:10,446 [INFO] src.federated.server: Config: local_epochs=3, client_fraction=0.1, min_clients=3, FedProx mu=0.0
2025-05-20 09:06:10,446 [INFO] src.federated.server: Performing initial evaluation of global model...
2025-05-20 09:06:10,446 [INFO] src.core.quantum_manager: Server: Starting evaluation of global model (type: qnn).
2025-05-20 09:06:10,931 [INFO] src.core.quantum_manager: Evaluation results: Loss=0.6952, Accuracy=0.4298
2025-05-20 09:06:10,931 [INFO] src.federated.server: Initial Evaluation Metrics: {'loss': 0.6951935155349865, 'accuracy': 0.4298245614035088}
2025-05-20 09:06:10,931 [INFO] src.federated.server: ===== Starting Round 1/5 =====
2025-05-20 09:06:10,931 [INFO] src.federated.server: Starting federated training round...
2025-05-20 09:06:10,931 [INFO] src.federated.server: Selected 3 clients out of 3 available (fraction=0.1, min_clients=3): ['qnn_client_2', 'qnn_client_0', 'qnn_client_1']
2025-05-20 09:06:10,932 [INFO] src.core.quantum_client: Client qnn_client_2: Starting local training for 3 epochs (model type: qnn). Proximal term mu=0.0.
2025-05-20 09:06:10,932 [INFO] src.federated.client: Client qnn_client_2: Starting local training for 3 epochs. Proximal term mu=0.0.
2025-05-20 09:06:16,221 [INFO] src.federated.client: Client qnn_client_2 - Epoch 1/3 completed. Average Loss: 0.6858
2025-05-20 09:06:21,467 [INFO] src.federated.client: Client qnn_client_2 - Epoch 2/3 completed. Average Loss: 0.6605
2025-05-20 09:06:27,547 [INFO] src.federated.client: Client qnn_client_2 - Epoch 3/3 completed. Average Loss: 0.6349
2025-05-20 09:06:27,547 [INFO] src.federated.client: Client qnn_client_2: Local training finished. Processed 459 samples.
2025-05-20 09:06:27,550 [INFO] src.core.quantum_client: Client qnn_client_0: Starting local training for 3 epochs (model type: qnn). Proximal term mu=0.0.
2025-05-20 09:06:27,550 [INFO] src.federated.client: Client qnn_client_0: Starting local training for 3 epochs. Proximal term mu=0.0.
2025-05-20 09:06:32,791 [INFO] src.federated.client: Client qnn_client_0 - Epoch 1/3 completed. Average Loss: 0.6855
2025-05-20 09:06:38,372 [INFO] src.federated.client: Client qnn_client_0 - Epoch 2/3 completed. Average Loss: 0.6584
2025-05-20 09:06:43,498 [INFO] src.federated.client: Client qnn_client_0 - Epoch 3/3 completed. Average Loss: 0.6362
2025-05-20 09:06:43,498 [INFO] src.federated.client: Client qnn_client_0: Local training finished. Processed 453 samples.
2025-05-20 09:06:43,500 [INFO] src.core.quantum_client: Client qnn_client_1: Starting local training for 3 epochs (model type: qnn). Proximal term mu=0.0.
2025-05-20 09:06:43,501 [INFO] src.federated.client: Client qnn_client_1: Starting local training for 3 epochs. Proximal term mu=0.0.
2025-05-20 09:06:48,724 [INFO] src.federated.client: Client qnn_client_1 - Epoch 1/3 completed. Average Loss: 0.6850
2025-05-20 09:06:54,123 [INFO] src.federated.client: Client qnn_client_1 - Epoch 2/3 completed. Average Loss: 0.6633
2025-05-20 09:06:59,365 [INFO] src.federated.client: Client qnn_client_1 - Epoch 3/3 completed. Average Loss: 0.6450
2025-05-20 09:06:59,365 [INFO] src.federated.client: Client qnn_client_1: Local training finished. Processed 453 samples.
2025-05-20 09:06:59,367 [INFO] src.federated.server: Aggregating updates from 3 clients using FedAvg.
2025-05-20 09:06:59,367 [INFO] src.federated.aggregation: FedAvg: Aggregating updates from 3 clients.
2025-05-20 09:06:59,367 [INFO] src.federated.aggregation: FedAvg: Aggregation complete.
2025-05-20 09:06:59,368 [INFO] src.federated.server: Global model updated with aggregated parameters.
2025-05-20 09:06:59,368 [INFO] src.federated.server: Evaluating updated global model...
2025-05-20 09:06:59,368 [INFO] src.core.quantum_manager: Server: Starting evaluation of global model (type: qnn).
2025-05-20 09:06:59,849 [INFO] src.core.quantum_manager: Evaluation results: Loss=0.6235, Accuracy=0.6404
2025-05-20 09:06:59,849 [INFO] src.federated.server: Round 1 completed in 48.92s. Eval Metrics: {'loss': 0.6234722628928068, 'accuracy': 0.6403508771929824}
2025-05-20 09:06:59,849 [INFO] src.federated.server: ===== Starting Round 2/5 =====
2025-05-20 09:06:59,849 [INFO] src.federated.server: Starting federated training round...
2025-05-20 09:06:59,850 [INFO] src.federated.server: Selected 3 clients out of 3 available (fraction=0.1, min_clients=3): ['qnn_client_2', 'qnn_client_1', 'qnn_client_0']
2025-05-20 09:06:59,851 [INFO] src.core.quantum_client: Client qnn_client_2: Starting local training for 3 epochs (model type: qnn). Proximal term mu=0.0.
2025-05-20 09:06:59,851 [INFO] src.federated.client: Client qnn_client_2: Starting local training for 3 epochs. Proximal term mu=0.0.
2025-05-20 09:07:04,954 [INFO] src.federated.client: Client qnn_client_2 - Epoch 1/3 completed. Average Loss: 0.6202
2025-05-20 09:07:10,978 [INFO] src.federated.client: Client qnn_client_2 - Epoch 2/3 completed. Average Loss: 0.6043
2025-05-20 09:07:16,137 [INFO] src.federated.client: Client qnn_client_2 - Epoch 3/3 completed. Average Loss: 0.5865
2025-05-20 09:07:16,137 [INFO] src.federated.client: Client qnn_client_2: Local training finished. Processed 459 samples.
2025-05-20 09:07:16,140 [INFO] src.core.quantum_client: Client qnn_client_1: Starting local training for 3 epochs (model type: qnn). Proximal term mu=0.0.
2025-05-20 09:07:16,140 [INFO] src.federated.client: Client qnn_client_1: Starting local training for 3 epochs. Proximal term mu=0.0.
2025-05-20 09:07:21,931 [INFO] src.federated.client: Client qnn_client_1 - Epoch 1/3 completed. Average Loss: 0.6268
2025-05-20 09:07:27,472 [INFO] src.federated.client: Client qnn_client_1 - Epoch 2/3 completed. Average Loss: 0.6117
2025-05-20 09:07:32,489 [INFO] src.federated.client: Client qnn_client_1 - Epoch 3/3 completed. Average Loss: 0.5970
2025-05-20 09:07:32,489 [INFO] src.federated.client: Client qnn_client_1: Local training finished. Processed 453 samples.
2025-05-20 09:07:32,491 [INFO] src.core.quantum_client: Client qnn_client_0: Starting local training for 3 epochs (model type: qnn). Proximal term mu=0.0.
2025-05-20 09:07:32,491 [INFO] src.federated.client: Client qnn_client_0: Starting local training for 3 epochs. Proximal term mu=0.0.
2025-05-20 09:07:37,956 [INFO] src.federated.client: Client qnn_client_0 - Epoch 1/3 completed. Average Loss: 0.6201
2025-05-20 09:07:43,288 [INFO] src.federated.client: Client qnn_client_0 - Epoch 2/3 completed. Average Loss: 0.6029
2025-05-20 09:07:48,883 [INFO] src.federated.client: Client qnn_client_0 - Epoch 3/3 completed. Average Loss: 0.5858
2025-05-20 09:07:48,884 [INFO] src.federated.client: Client qnn_client_0: Local training finished. Processed 453 samples.
2025-05-20 09:07:48,885 [INFO] src.federated.server: Aggregating updates from 3 clients using FedAvg.
2025-05-20 09:07:48,885 [INFO] src.federated.aggregation: FedAvg: Aggregating updates from 3 clients.
2025-05-20 09:07:48,886 [INFO] src.federated.aggregation: FedAvg: Aggregation complete.
2025-05-20 09:07:48,887 [INFO] src.federated.server: Global model updated with aggregated parameters.
2025-05-20 09:07:48,887 [INFO] src.federated.server: Evaluating updated global model...
2025-05-20 09:07:48,887 [INFO] src.core.quantum_manager: Server: Starting evaluation of global model (type: qnn).
2025-05-20 09:07:49,355 [INFO] src.core.quantum_manager: Evaluation results: Loss=0.5722, Accuracy=0.6491
2025-05-20 09:07:49,355 [INFO] src.federated.server: Round 2 completed in 49.51s. Eval Metrics: {'loss': 0.5721591292766103, 'accuracy': 0.6491228070175439}
2025-05-20 09:07:49,355 [INFO] src.federated.server: ===== Starting Round 3/5 =====
2025-05-20 09:07:49,355 [INFO] src.federated.server: Starting federated training round...
2025-05-20 09:07:49,355 [INFO] src.federated.server: Selected 3 clients out of 3 available (fraction=0.1, min_clients=3): ['qnn_client_0', 'qnn_client_2', 'qnn_client_1']
2025-05-20 09:07:49,356 [INFO] src.core.quantum_client: Client qnn_client_0: Starting local training for 3 epochs (model type: qnn). Proximal term mu=0.0.
2025-05-20 09:07:49,356 [INFO] src.federated.client: Client qnn_client_0: Starting local training for 3 epochs. Proximal term mu=0.0.
2025-05-20 09:07:54,664 [INFO] src.federated.client: Client qnn_client_0 - Epoch 1/3 completed. Average Loss: 0.5714
2025-05-20 09:07:59,828 [INFO] src.federated.client: Client qnn_client_0 - Epoch 2/3 completed. Average Loss: 0.5563
2025-05-20 09:08:04,741 [INFO] src.federated.client: Client qnn_client_0 - Epoch 3/3 completed. Average Loss: 0.5405
2025-05-20 09:08:04,742 [INFO] src.federated.client: Client qnn_client_0: Local training finished. Processed 453 samples.
2025-05-20 09:08:04,744 [INFO] src.core.quantum_client: Client qnn_client_2: Starting local training for 3 epochs (model type: qnn). Proximal term mu=0.0.
2025-05-20 09:08:04,744 [INFO] src.federated.client: Client qnn_client_2: Starting local training for 3 epochs. Proximal term mu=0.0.
2025-05-20 09:08:10,261 [INFO] src.federated.client: Client qnn_client_2 - Epoch 1/3 completed. Average Loss: 0.5723
2025-05-20 09:08:15,473 [INFO] src.federated.client: Client qnn_client_2 - Epoch 2/3 completed. Average Loss: 0.5586
2025-05-20 09:08:20,949 [INFO] src.federated.client: Client qnn_client_2 - Epoch 3/3 completed. Average Loss: 0.5433
2025-05-20 09:08:20,949 [INFO] src.federated.client: Client qnn_client_2: Local training finished. Processed 459 samples.
2025-05-20 09:08:20,951 [INFO] src.core.quantum_client: Client qnn_client_1: Starting local training for 3 epochs (model type: qnn). Proximal term mu=0.0.
2025-05-20 09:08:20,952 [INFO] src.federated.client: Client qnn_client_1: Starting local training for 3 epochs. Proximal term mu=0.0.
2025-05-20 09:08:26,106 [INFO] src.federated.client: Client qnn_client_1 - Epoch 1/3 completed. Average Loss: 0.5831
2025-05-20 09:08:31,074 [INFO] src.federated.client: Client qnn_client_1 - Epoch 2/3 completed. Average Loss: 0.5658
2025-05-20 09:08:36,355 [INFO] src.federated.client: Client qnn_client_1 - Epoch 3/3 completed. Average Loss: 0.5465
2025-05-20 09:08:36,356 [INFO] src.federated.client: Client qnn_client_1: Local training finished. Processed 453 samples.
2025-05-20 09:08:36,358 [INFO] src.federated.server: Aggregating updates from 3 clients using FedAvg.
2025-05-20 09:08:36,358 [INFO] src.federated.aggregation: FedAvg: Aggregating updates from 3 clients.
2025-05-20 09:08:36,359 [INFO] src.federated.aggregation: FedAvg: Aggregation complete.
2025-05-20 09:08:36,359 [INFO] src.federated.server: Global model updated with aggregated parameters.
2025-05-20 09:08:36,359 [INFO] src.federated.server: Evaluating updated global model...
2025-05-20 09:08:36,359 [INFO] src.core.quantum_manager: Server: Starting evaluation of global model (type: qnn).
2025-05-20 09:08:36,875 [INFO] src.core.quantum_manager: Evaluation results: Loss=0.5221, Accuracy=0.7105
2025-05-20 09:08:36,876 [INFO] src.federated.server: Round 3 completed in 47.52s. Eval Metrics: {'loss': 0.522138794263204, 'accuracy': 0.7105263157894737}
2025-05-20 09:08:36,876 [INFO] src.federated.server: ===== Starting Round 4/5 =====
2025-05-20 09:08:36,876 [INFO] src.federated.server: Starting federated training round...
2025-05-20 09:08:36,876 [INFO] src.federated.server: Selected 3 clients out of 3 available (fraction=0.1, min_clients=3): ['qnn_client_2', 'qnn_client_0', 'qnn_client_1']
2025-05-20 09:08:36,877 [INFO] src.core.quantum_client: Client qnn_client_2: Starting local training for 3 epochs (model type: qnn). Proximal term mu=0.0.
2025-05-20 09:08:36,877 [INFO] src.federated.client: Client qnn_client_2: Starting local training for 3 epochs. Proximal term mu=0.0.
2025-05-20 09:08:42,034 [INFO] src.federated.client: Client qnn_client_2 - Epoch 1/3 completed. Average Loss: 0.5265
2025-05-20 09:08:47,276 [INFO] src.federated.client: Client qnn_client_2 - Epoch 2/3 completed. Average Loss: 0.5095
2025-05-20 09:08:52,718 [INFO] src.federated.client: Client qnn_client_2 - Epoch 3/3 completed. Average Loss: 0.4915
2025-05-20 09:08:52,718 [INFO] src.federated.client: Client qnn_client_2: Local training finished. Processed 459 samples.
2025-05-20 09:08:52,721 [INFO] src.core.quantum_client: Client qnn_client_0: Starting local training for 3 epochs (model type: qnn). Proximal term mu=0.0.
2025-05-20 09:08:52,721 [INFO] src.federated.client: Client qnn_client_0: Starting local training for 3 epochs. Proximal term mu=0.0.
2025-05-20 09:08:57,828 [INFO] src.federated.client: Client qnn_client_0 - Epoch 1/3 completed. Average Loss: 0.5237
2025-05-20 09:09:03,080 [INFO] src.federated.client: Client qnn_client_0 - Epoch 2/3 completed. Average Loss: 0.5060
2025-05-20 09:09:08,465 [INFO] src.federated.client: Client qnn_client_0 - Epoch 3/3 completed. Average Loss: 0.4869
2025-05-20 09:09:08,466 [INFO] src.federated.client: Client qnn_client_0: Local training finished. Processed 453 samples.
2025-05-20 09:09:08,468 [INFO] src.core.quantum_client: Client qnn_client_1: Starting local training for 3 epochs (model type: qnn). Proximal term mu=0.0.
2025-05-20 09:09:08,468 [INFO] src.federated.client: Client qnn_client_1: Starting local training for 3 epochs. Proximal term mu=0.0.
2025-05-20 09:09:13,767 [INFO] src.federated.client: Client qnn_client_1 - Epoch 1/3 completed. Average Loss: 0.5316
2025-05-20 09:09:19,284 [INFO] src.federated.client: Client qnn_client_1 - Epoch 2/3 completed. Average Loss: 0.5100
2025-05-20 09:09:24,726 [INFO] src.federated.client: Client qnn_client_1 - Epoch 3/3 completed. Average Loss: 0.4880
2025-05-20 09:09:24,726 [INFO] src.federated.client: Client qnn_client_1: Local training finished. Processed 453 samples.
2025-05-20 09:09:24,728 [INFO] src.federated.server: Aggregating updates from 3 clients using FedAvg.
2025-05-20 09:09:24,728 [INFO] src.federated.aggregation: FedAvg: Aggregating updates from 3 clients.
2025-05-20 09:09:24,728 [INFO] src.federated.aggregation: FedAvg: Aggregation complete.
2025-05-20 09:09:24,729 [INFO] src.federated.server: Global model updated with aggregated parameters.
2025-05-20 09:09:24,729 [INFO] src.federated.server: Evaluating updated global model...
2025-05-20 09:09:24,729 [INFO] src.core.quantum_manager: Server: Starting evaluation of global model (type: qnn).
2025-05-20 09:09:25,206 [INFO] src.core.quantum_manager: Evaluation results: Loss=0.4638, Accuracy=0.8421
2025-05-20 09:09:25,206 [INFO] src.federated.server: Round 4 completed in 48.33s. Eval Metrics: {'loss': 0.46382435372001246, 'accuracy': 0.8421052631578947}
2025-05-20 09:09:25,207 [INFO] src.federated.server: ===== Starting Round 5/5 =====
2025-05-20 09:09:25,207 [INFO] src.federated.server: Starting federated training round...
2025-05-20 09:09:25,207 [INFO] src.federated.server: Selected 3 clients out of 3 available (fraction=0.1, min_clients=3): ['qnn_client_0', 'qnn_client_2', 'qnn_client_1']
2025-05-20 09:09:25,208 [INFO] src.core.quantum_client: Client qnn_client_0: Starting local training for 3 epochs (model type: qnn). Proximal term mu=0.0.
2025-05-20 09:09:25,208 [INFO] src.federated.client: Client qnn_client_0: Starting local training for 3 epochs. Proximal term mu=0.0.
2025-05-20 09:09:30,481 [INFO] src.federated.client: Client qnn_client_0 - Epoch 1/3 completed. Average Loss: 0.4651
2025-05-20 09:09:35,728 [INFO] src.federated.client: Client qnn_client_0 - Epoch 2/3 completed. Average Loss: 0.4438
2025-05-20 09:09:40,985 [INFO] src.federated.client: Client qnn_client_0 - Epoch 3/3 completed. Average Loss: 0.4209
2025-05-20 09:09:40,986 [INFO] src.federated.client: Client qnn_client_0: Local training finished. Processed 453 samples.
2025-05-20 09:09:40,988 [INFO] src.core.quantum_client: Client qnn_client_2: Starting local training for 3 epochs (model type: qnn). Proximal term mu=0.0.
2025-05-20 09:09:40,988 [INFO] src.federated.client: Client qnn_client_2: Starting local training for 3 epochs. Proximal term mu=0.0.
2025-05-20 09:09:46,440 [INFO] src.federated.client: Client qnn_client_2 - Epoch 1/3 completed. Average Loss: 0.4708
2025-05-20 09:09:52,435 [INFO] src.federated.client: Client qnn_client_2 - Epoch 2/3 completed. Average Loss: 0.4516
2025-05-20 09:09:57,690 [INFO] src.federated.client: Client qnn_client_2 - Epoch 3/3 completed. Average Loss: 0.4304
2025-05-20 09:09:57,690 [INFO] src.federated.client: Client qnn_client_2: Local training finished. Processed 459 samples.
2025-05-20 09:09:57,693 [INFO] src.core.quantum_client: Client qnn_client_1: Starting local training for 3 epochs (model type: qnn). Proximal term mu=0.0.
2025-05-20 09:09:57,693 [INFO] src.federated.client: Client qnn_client_1: Starting local training for 3 epochs. Proximal term mu=0.0.
2025-05-20 09:10:02,981 [INFO] src.federated.client: Client qnn_client_1 - Epoch 1/3 completed. Average Loss: 0.4696
2025-05-20 09:10:09,101 [INFO] src.federated.client: Client qnn_client_1 - Epoch 2/3 completed. Average Loss: 0.4443
2025-05-20 09:10:14,345 [INFO] src.federated.client: Client qnn_client_1 - Epoch 3/3 completed. Average Loss: 0.4207
2025-05-20 09:10:14,345 [INFO] src.federated.client: Client qnn_client_1: Local training finished. Processed 453 samples.
2025-05-20 09:10:14,347 [INFO] src.federated.server: Aggregating updates from 3 clients using FedAvg.
2025-05-20 09:10:14,347 [INFO] src.federated.aggregation: FedAvg: Aggregating updates from 3 clients.
2025-05-20 09:10:14,347 [INFO] src.federated.aggregation: FedAvg: Aggregation complete.
2025-05-20 09:10:14,348 [INFO] src.federated.server: Global model updated with aggregated parameters.
2025-05-20 09:10:14,348 [INFO] src.federated.server: Evaluating updated global model...
2025-05-20 09:10:14,348 [INFO] src.core.quantum_manager: Server: Starting evaluation of global model (type: qnn).
2025-05-20 09:10:14,877 [INFO] src.core.quantum_manager: Evaluation results: Loss=0.3988, Accuracy=0.8860
2025-05-20 09:10:14,877 [INFO] src.federated.server: Round 5 completed in 49.67s. Eval Metrics: {'loss': 0.3988393409210339, 'accuracy': 0.8859649122807017}
2025-05-20 09:10:14,877 [INFO] src.federated.server: Federated training process completed after 5 rounds.
2025-05-20 09:10:14,877 [INFO] BC_ExperimentRunner: ========== Finished BC_QNN_FedAvg_IID_PCA4_L2_Basic ==========

2025-05-20 09:10:14,910 [INFO] BC_ExperimentRunner: All BC experiment results saved to /home/dhanraj/quantum_federated_simulator/experiments/results_bc/bc_experiment_results_20250520-091014.csv
2025-05-20 09:10:14,910 [INFO] BC_ExperimentRunner: All Breast Cancer Experiments Finished.
2025-05-20 09:10:14,912 [INFO] VisualizationIntegration: Generating advanced visualizations for BC experiments...
2025-05-20 09:10:14,913 [INFO] AdvancedVisualization: Advanced visualization initialized with output directory: /home/dhanraj/quantum_federated_simulator/experiments/advanced_vis_bc
2025-05-20 09:10:14,914 [ERROR] VisualizationIntegration: Error generating advanced visualizations: 'AdvancedVisualization' object has no attribute 'generate_all_visualizations'
2025-05-20 09:10:14,914 [INFO] VisualizationIntegration: Falling back to basic visualizations...
2025-05-20 09:10:14,914 [INFO] BC_ExperimentRunner: Generating comparison plots for Breast Cancer experiments...
2025-05-20 09:10:15,652 [INFO] BC_ExperimentRunner: BC Plot saved to /home/dhanraj/quantum_federated_simulator/experiments/visualizations_bc/accuracy_curves/bc_accuracy_vs_round.png
2025-05-20 09:10:16,227 [INFO] BC_ExperimentRunner: BC Plot saved to /home/dhanraj/quantum_federated_simulator/experiments/visualizations_bc/loss_curves/bc_loss_vs_round.png
2025-05-20 09:10:16,689 [INFO] BC_ExperimentRunner: BC Plot saved to /home/dhanraj/quantum_federated_simulator/experiments/visualizations_bc/resource_usage/bc_accuracy_vs_time.png
2025-05-20 09:10:17,410 [INFO] BC_ExperimentRunner: BC Plot saved to /home/dhanraj/quantum_federated_simulator/experiments/visualizations_bc/resource_usage/bc_accuracy_vs_comm_upload.png
2025-05-20 09:10:17,737 [INFO] BC_ExperimentRunner: BC Plot saved to /home/dhanraj/quantum_federated_simulator/experiments/visualizations_bc/comparisons/bc_final_accuracy_comparison.png
2025-05-20 09:10:18,056 [INFO] BC_ExperimentRunner: BC Plot saved to /home/dhanraj/quantum_federated_simulator/experiments/visualizations_bc/comparisons/bc_total_time_comparison.png
2025-05-20 09:10:18,368 [INFO] BC_ExperimentRunner: BC Plot saved to /home/dhanraj/quantum_federated_simulator/experiments/visualizations_bc/comparisons/bc_total_comm_comparison.png
2025-05-20 09:10:18,368 [INFO] BC_ExperimentRunner: Script for Breast Cancer experiments finished.
