2025-06-09 07:45:18,214 [INFO] BC_ExperimentRunner: Starting All Breast Cancer Experiments...
2025-06-09 07:45:18,214 [INFO] BC_ExperimentRunner: ========== Starting VQC_Analysis_FedAvg_NonIID_Complex ==========
2025-06-09 07:45:18,214 [INFO] BC_ExperimentRunner: --- Setting up experiment: VQC_Analysis_FedAvg_NonIID_Complex for dataset breast_cancer ---
2025-06-09 07:45:19,494 [INFO] src.utils.data_utils: Set all random seeds to 42
2025-06-09 07:45:19,494 [INFO] BC_ExperimentRunner: Experiment 'VQC_Analysis_FedAvg_NonIID_Complex' will use tensor_dtype: torch.float32
2025-06-09 07:45:19,494 [INFO] src.utils.data_utils: Loading dataset: breast_cancer, PCA features=4, Scaling=minmax, Subset size=None, Dtype=torch.float32
2025-06-09 07:45:19,495 [INFO] src.utils.data_utils: Set all random seeds to 42
2025-06-09 07:45:19,504 [INFO] src.utils.data_utils: Applying PCA to reduce features to 4
2025-06-09 07:45:19,507 [INFO] src.utils.data_utils: PCA applied. New feature count: 4. Explained variance: 0.8393
2025-06-09 07:45:19,518 [INFO] src.utils.data_utils: Data preparation complete for 'breast_cancer'. Train size: 455, Test size: 114, Features: 4, Classes: 2
2025-06-09 07:45:19,522 [INFO] BC_ExperimentRunner: Successfully loaded configuration from /home/dhanraj/quantum_federated_simulator/configs/federated/server_config.yaml
2025-06-09 07:45:19,524 [INFO] BC_ExperimentRunner: Successfully loaded configuration from /home/dhanraj/quantum_federated_simulator/configs/federated/client_config.yaml
2025-06-09 07:45:19,526 [INFO] BC_ExperimentRunner: Successfully loaded configuration from /home/dhanraj/quantum_federated_simulator/configs/federated/default_aggregation.yaml
2025-06-09 07:45:19,531 [INFO] BC_ExperimentRunner: Creating model of type: vqc with n_features=4, n_classes=2, initial_dtype_request=torch.float32
2025-06-09 07:45:19,532 [INFO] src.quantum.models: Initializing VQC (TorchLayer): qubits=4, layers=2, circuit='complex', device='lightning.qubit', shots=None, diff_method='best'
2025-06-09 07:45:19,569 [INFO] src.quantum.circuits: Creating complex circuit with 4 qubits, 2 layers.
2025-06-09 07:45:19,570 [INFO] src.quantum.circuits: Complex circuit expects 48 trainable parameters.
2025-06-09 07:45:19,570 [INFO] src.quantum.models: VQC circuit requires 48 parameters.
2025-06-09 07:45:19,570 [INFO] src.quantum.models: VariationalQuantumClassifier: Using 'lightning.qubit' with no shots. Defaulting to 'adjoint'.
2025-06-09 07:45:19,570 [INFO] src.quantum.models: VariationalQuantumClassifier attempting to use differentiation method: adjoint
2025-06-09 07:45:19,594 [INFO] src.quantum.models: VQC raw circuit output dimension: 6
2025-06-09 07:45:19,594 [INFO] src.quantum.models: VQC: Added Linear head: 6 -> 2 logits for CrossEntropyLoss.
2025-06-09 07:45:19,595 [INFO] src.federated.aggregation: Creating aggregation strategy of type: fedavg
2025-06-09 07:45:19,595 [INFO] BC_ExperimentRunner: Using aggregation strategy: QuantumAggregationStrategy (base: FedAvg)
2025-06-09 07:45:19,595 [INFO] src.core.quantum_manager: QuantumServer: Initializing with global model type 'vqc'.
2025-06-09 07:45:19,995 [INFO] src.federated.server: Federated server initialized on device 'cuda' with aggregation strategy: QuantumAggregationStrategy
2025-06-09 07:45:19,996 [INFO] BC_ExperimentRunner: Creating model of type: vqc with n_features=4, n_classes=2, initial_dtype_request=torch.float32
2025-06-09 07:45:19,996 [INFO] src.quantum.models: Initializing VQC (TorchLayer): qubits=4, layers=2, circuit='complex', device='lightning.qubit', shots=None, diff_method='best'
2025-06-09 07:45:19,996 [INFO] src.quantum.circuits: Creating complex circuit with 4 qubits, 2 layers.
2025-06-09 07:45:19,996 [INFO] src.quantum.circuits: Complex circuit expects 48 trainable parameters.
2025-06-09 07:45:19,996 [INFO] src.quantum.models: VQC circuit requires 48 parameters.
2025-06-09 07:45:19,996 [INFO] src.quantum.models: VariationalQuantumClassifier: Using 'lightning.qubit' with no shots. Defaulting to 'adjoint'.
2025-06-09 07:45:19,996 [INFO] src.quantum.models: VariationalQuantumClassifier attempting to use differentiation method: adjoint
2025-06-09 07:45:20,003 [INFO] src.quantum.models: VQC raw circuit output dimension: 6
2025-06-09 07:45:20,003 [INFO] src.quantum.models: VQC: Added Linear head: 6 -> 2 logits for CrossEntropyLoss.
2025-06-09 07:45:20,003 [INFO] src.core.quantum_client: QuantumClient vqc_client_0: Initializing with model type 'vqc'.
2025-06-09 07:45:20,967 [INFO] src.federated.client: Client vqc_client_0 initialized on device 'cuda' with 11 samples.
2025-06-09 07:45:20,967 [INFO] BC_ExperimentRunner: Creating model of type: vqc with n_features=4, n_classes=2, initial_dtype_request=torch.float32
2025-06-09 07:45:20,967 [INFO] src.quantum.models: Initializing VQC (TorchLayer): qubits=4, layers=2, circuit='complex', device='lightning.qubit', shots=None, diff_method='best'
2025-06-09 07:45:20,967 [INFO] src.quantum.circuits: Creating complex circuit with 4 qubits, 2 layers.
2025-06-09 07:45:20,968 [INFO] src.quantum.circuits: Complex circuit expects 48 trainable parameters.
2025-06-09 07:45:20,968 [INFO] src.quantum.models: VQC circuit requires 48 parameters.
2025-06-09 07:45:20,968 [INFO] src.quantum.models: VariationalQuantumClassifier: Using 'lightning.qubit' with no shots. Defaulting to 'adjoint'.
2025-06-09 07:45:20,968 [INFO] src.quantum.models: VariationalQuantumClassifier attempting to use differentiation method: adjoint
2025-06-09 07:45:20,974 [INFO] src.quantum.models: VQC raw circuit output dimension: 6
2025-06-09 07:45:20,975 [INFO] src.quantum.models: VQC: Added Linear head: 6 -> 2 logits for CrossEntropyLoss.
2025-06-09 07:45:20,975 [INFO] src.core.quantum_client: QuantumClient vqc_client_1: Initializing with model type 'vqc'.
2025-06-09 07:45:20,976 [INFO] src.federated.client: Client vqc_client_1 initialized on device 'cuda' with 357 samples.
2025-06-09 07:45:20,976 [INFO] BC_ExperimentRunner: Creating model of type: vqc with n_features=4, n_classes=2, initial_dtype_request=torch.float32
2025-06-09 07:45:20,976 [INFO] src.quantum.models: Initializing VQC (TorchLayer): qubits=4, layers=2, circuit='complex', device='lightning.qubit', shots=None, diff_method='best'
2025-06-09 07:45:20,976 [INFO] src.quantum.circuits: Creating complex circuit with 4 qubits, 2 layers.
2025-06-09 07:45:20,976 [INFO] src.quantum.circuits: Complex circuit expects 48 trainable parameters.
2025-06-09 07:45:20,976 [INFO] src.quantum.models: VQC circuit requires 48 parameters.
2025-06-09 07:45:20,976 [INFO] src.quantum.models: VariationalQuantumClassifier: Using 'lightning.qubit' with no shots. Defaulting to 'adjoint'.
2025-06-09 07:45:20,977 [INFO] src.quantum.models: VariationalQuantumClassifier attempting to use differentiation method: adjoint
2025-06-09 07:45:20,983 [INFO] src.quantum.models: VQC raw circuit output dimension: 6
2025-06-09 07:45:20,983 [INFO] src.quantum.models: VQC: Added Linear head: 6 -> 2 logits for CrossEntropyLoss.
2025-06-09 07:45:20,983 [INFO] src.core.quantum_client: QuantumClient vqc_client_2: Initializing with model type 'vqc'.
2025-06-09 07:45:20,984 [INFO] src.federated.client: Client vqc_client_2 initialized on device 'cuda' with 2 samples.
2025-06-09 07:45:20,984 [INFO] BC_ExperimentRunner: Creating model of type: vqc with n_features=4, n_classes=2, initial_dtype_request=torch.float32
2025-06-09 07:45:20,984 [INFO] src.quantum.models: Initializing VQC (TorchLayer): qubits=4, layers=2, circuit='complex', device='lightning.qubit', shots=None, diff_method='best'
2025-06-09 07:45:20,985 [INFO] src.quantum.circuits: Creating complex circuit with 4 qubits, 2 layers.
2025-06-09 07:45:20,985 [INFO] src.quantum.circuits: Complex circuit expects 48 trainable parameters.
2025-06-09 07:45:20,985 [INFO] src.quantum.models: VQC circuit requires 48 parameters.
2025-06-09 07:45:20,985 [INFO] src.quantum.models: VariationalQuantumClassifier: Using 'lightning.qubit' with no shots. Defaulting to 'adjoint'.
2025-06-09 07:45:20,985 [INFO] src.quantum.models: VariationalQuantumClassifier attempting to use differentiation method: adjoint
2025-06-09 07:45:20,991 [INFO] src.quantum.models: VQC raw circuit output dimension: 6
2025-06-09 07:45:20,992 [INFO] src.quantum.models: VQC: Added Linear head: 6 -> 2 logits for CrossEntropyLoss.
2025-06-09 07:45:20,992 [INFO] src.core.quantum_client: QuantumClient vqc_client_3: Initializing with model type 'vqc'.
2025-06-09 07:45:20,992 [INFO] src.federated.client: Client vqc_client_3 initialized on device 'cuda' with 7 samples.
2025-06-09 07:45:20,992 [INFO] BC_ExperimentRunner: Creating model of type: vqc with n_features=4, n_classes=2, initial_dtype_request=torch.float32
2025-06-09 07:45:20,992 [INFO] src.quantum.models: Initializing VQC (TorchLayer): qubits=4, layers=2, circuit='complex', device='lightning.qubit', shots=None, diff_method='best'
2025-06-09 07:45:20,993 [INFO] src.quantum.circuits: Creating complex circuit with 4 qubits, 2 layers.
2025-06-09 07:45:20,993 [INFO] src.quantum.circuits: Complex circuit expects 48 trainable parameters.
2025-06-09 07:45:20,993 [INFO] src.quantum.models: VQC circuit requires 48 parameters.
2025-06-09 07:45:20,993 [INFO] src.quantum.models: VariationalQuantumClassifier: Using 'lightning.qubit' with no shots. Defaulting to 'adjoint'.
2025-06-09 07:45:20,993 [INFO] src.quantum.models: VariationalQuantumClassifier attempting to use differentiation method: adjoint
2025-06-09 07:45:21,000 [INFO] src.quantum.models: VQC raw circuit output dimension: 6
2025-06-09 07:45:21,000 [INFO] src.quantum.models: VQC: Added Linear head: 6 -> 2 logits for CrossEntropyLoss.
2025-06-09 07:45:21,000 [INFO] src.core.quantum_client: QuantumClient vqc_client_4: Initializing with model type 'vqc'.
2025-06-09 07:45:21,001 [INFO] src.federated.client: Client vqc_client_4 initialized on device 'cuda' with 78 samples.
2025-06-09 07:45:21,001 [INFO] src.federated.server: Registered client 'vqc_client_0'. Total clients: 1.
2025-06-09 07:45:21,001 [INFO] src.federated.server: Registered client 'vqc_client_1'. Total clients: 2.
2025-06-09 07:45:21,001 [INFO] src.federated.server: Registered client 'vqc_client_2'. Total clients: 3.
2025-06-09 07:45:21,001 [INFO] src.federated.server: Registered client 'vqc_client_3'. Total clients: 4.
2025-06-09 07:45:21,001 [INFO] src.federated.server: Registered client 'vqc_client_4'. Total clients: 5.
2025-06-09 07:45:21,001 [INFO] BC_ExperimentRunner: --- Scenario setup complete for VQC_Analysis_FedAvg_NonIID_Complex ---
2025-06-09 07:45:21,001 [INFO] src.federated.server: Starting federated training process for 10 rounds.
2025-06-09 07:45:21,001 [INFO] src.federated.server: Config: local_epochs=3, client_fraction=0.1, min_clients=3, FedProx mu=0.0
2025-06-09 07:45:21,001 [INFO] src.federated.server: Performing initial evaluation of global model...
2025-06-09 07:45:21,001 [INFO] src.core.quantum_manager: Server: Starting evaluation of global model (type: vqc).
2025-06-09 07:45:22,167 [INFO] src.core.quantum_manager: Evaluation results: Loss=0.8873, Accuracy=0.2895
2025-06-09 07:45:22,168 [INFO] src.federated.server: Initial Evaluation Metrics: {'loss': 0.8872619344477068, 'accuracy': 0.2894736842105263}
2025-06-09 07:45:22,168 [INFO] src.federated.server: ===== Starting Round 1/10 =====
2025-06-09 07:45:22,168 [INFO] src.federated.server: Starting federated training round...
2025-06-09 07:45:22,168 [INFO] src.federated.server: Selected 3 clients out of 5 available (fraction=0.1, min_clients=3): ['vqc_client_1', 'vqc_client_4', 'vqc_client_3']
2025-06-09 07:45:22,169 [INFO] src.core.quantum_client: Client vqc_client_1: Starting local training for 3 epochs (model type: vqc). Proximal term mu=0.0.
2025-06-09 07:45:22,169 [INFO] src.federated.client: Client vqc_client_1: Starting local training for 3 epochs. Proximal term mu=0.0.
2025-06-09 07:45:57,817 [INFO] src.federated.client: Client vqc_client_1 - Epoch 1/3 completed. Average Loss: 0.8599
2025-06-09 07:46:39,672 [INFO] src.federated.client: Client vqc_client_1 - Epoch 2/3 completed. Average Loss: 0.7341
2025-06-09 07:47:22,124 [INFO] src.federated.client: Client vqc_client_1 - Epoch 3/3 completed. Average Loss: 0.6544
2025-06-09 07:47:22,125 [INFO] src.federated.client: Client vqc_client_1: Local training finished. Processed 1071 samples.
2025-06-09 07:47:22,126 [INFO] src.core.quantum_client: Client vqc_client_4: Starting local training for 3 epochs (model type: vqc). Proximal term mu=0.0.
2025-06-09 07:47:22,126 [INFO] src.federated.client: Client vqc_client_4: Starting local training for 3 epochs. Proximal term mu=0.0.
2025-06-09 07:47:31,157 [INFO] src.federated.client: Client vqc_client_4 - Epoch 1/3 completed. Average Loss: 0.7363
2025-06-09 07:47:39,697 [INFO] src.federated.client: Client vqc_client_4 - Epoch 2/3 completed. Average Loss: 0.7114
2025-06-09 07:47:50,969 [INFO] src.federated.client: Client vqc_client_4 - Epoch 3/3 completed. Average Loss: 0.6895
2025-06-09 07:47:50,969 [INFO] src.federated.client: Client vqc_client_4: Local training finished. Processed 234 samples.
2025-06-09 07:47:50,972 [INFO] src.core.quantum_client: Client vqc_client_3: Starting local training for 3 epochs (model type: vqc). Proximal term mu=0.0.
2025-06-09 07:47:50,972 [INFO] src.federated.client: Client vqc_client_3: Starting local training for 3 epochs. Proximal term mu=0.0.
2025-06-09 07:47:51,701 [INFO] src.federated.client: Client vqc_client_3 - Epoch 1/3 completed. Average Loss: 1.0603
2025-06-09 07:47:52,463 [INFO] src.federated.client: Client vqc_client_3 - Epoch 2/3 completed. Average Loss: 1.0355
2025-06-09 07:47:53,213 [INFO] src.federated.client: Client vqc_client_3 - Epoch 3/3 completed. Average Loss: 1.0111
2025-06-09 07:47:53,213 [INFO] src.federated.client: Client vqc_client_3: Local training finished. Processed 21 samples.
2025-06-09 07:47:53,214 [INFO] src.federated.server: Aggregating updates from 3 clients using QuantumAggregationStrategy.
2025-06-09 07:47:53,215 [INFO] src.core.quantum_manager: QuantumAggregationStrategy: Detected nn.Module (QNN/VQC/Hybrid) state_dict. Delegating to base strategy: FedAvg
2025-06-09 07:47:53,215 [INFO] src.federated.aggregation: FedAvg: Aggregating updates from 3 clients.
2025-06-09 07:47:53,215 [INFO] src.federated.aggregation: FedAvg: Aggregation complete.
2025-06-09 07:47:53,216 [INFO] src.federated.server: Global model updated with aggregated parameters.
2025-06-09 07:47:53,216 [INFO] src.federated.server: Evaluating updated global model...
2025-06-09 07:47:53,216 [INFO] src.core.quantum_manager: Server: Starting evaluation of global model (type: vqc).
2025-06-09 07:47:54,279 [INFO] src.core.quantum_manager: Evaluation results: Loss=0.6637, Accuracy=0.6491
2025-06-09 07:47:54,279 [INFO] src.federated.server: Round 1 completed in 152.11s. Eval Metrics: {'loss': 0.6636503286529005, 'accuracy': 0.6491228070175439}
2025-06-09 07:47:54,279 [INFO] src.federated.server: ===== Starting Round 2/10 =====
2025-06-09 07:47:54,280 [INFO] src.federated.server: Starting federated training round...
2025-06-09 07:47:54,280 [INFO] src.federated.server: Selected 3 clients out of 5 available (fraction=0.1, min_clients=3): ['vqc_client_2', 'vqc_client_4', 'vqc_client_0']
2025-06-09 07:47:54,281 [INFO] src.core.quantum_client: Client vqc_client_2: Starting local training for 3 epochs (model type: vqc). Proximal term mu=0.0.
2025-06-09 07:47:54,281 [INFO] src.federated.client: Client vqc_client_2: Starting local training for 3 epochs. Proximal term mu=0.0.
2025-06-09 07:47:54,527 [INFO] src.federated.client: Client vqc_client_2 - Epoch 1/3 completed. Average Loss: 0.7098
2025-06-09 07:47:54,784 [INFO] src.federated.client: Client vqc_client_2 - Epoch 2/3 completed. Average Loss: 0.7056
2025-06-09 07:47:55,001 [INFO] src.federated.client: Client vqc_client_2 - Epoch 3/3 completed. Average Loss: 0.7016
2025-06-09 07:47:55,002 [INFO] src.federated.client: Client vqc_client_2: Local training finished. Processed 6 samples.
2025-06-09 07:47:55,003 [INFO] src.core.quantum_client: Client vqc_client_4: Starting local training for 3 epochs (model type: vqc). Proximal term mu=0.0.
2025-06-09 07:47:55,003 [INFO] src.federated.client: Client vqc_client_4: Starting local training for 3 epochs. Proximal term mu=0.0.
2025-06-09 07:48:03,765 [INFO] src.federated.client: Client vqc_client_4 - Epoch 1/3 completed. Average Loss: 0.6974
2025-06-09 07:48:12,560 [INFO] src.federated.client: Client vqc_client_4 - Epoch 2/3 completed. Average Loss: 0.6757
2025-06-09 07:48:21,157 [INFO] src.federated.client: Client vqc_client_4 - Epoch 3/3 completed. Average Loss: 0.6539
2025-06-09 07:48:21,158 [INFO] src.federated.client: Client vqc_client_4: Local training finished. Processed 234 samples.
2025-06-09 07:48:21,160 [INFO] src.core.quantum_client: Client vqc_client_0: Starting local training for 3 epochs (model type: vqc). Proximal term mu=0.0.
2025-06-09 07:48:21,161 [INFO] src.federated.client: Client vqc_client_0: Starting local training for 3 epochs. Proximal term mu=0.0.
2025-06-09 07:48:25,315 [INFO] src.federated.client: Client vqc_client_0 - Epoch 1/3 completed. Average Loss: 0.7926
2025-06-09 07:48:26,609 [INFO] src.federated.client: Client vqc_client_0 - Epoch 2/3 completed. Average Loss: 0.7731
2025-06-09 07:48:27,956 [INFO] src.federated.client: Client vqc_client_0 - Epoch 3/3 completed. Average Loss: 0.7542
2025-06-09 07:48:27,956 [INFO] src.federated.client: Client vqc_client_0: Local training finished. Processed 33 samples.
2025-06-09 07:48:27,958 [INFO] src.federated.server: Aggregating updates from 3 clients using QuantumAggregationStrategy.
2025-06-09 07:48:27,959 [INFO] src.core.quantum_manager: QuantumAggregationStrategy: Detected nn.Module (QNN/VQC/Hybrid) state_dict. Delegating to base strategy: FedAvg
2025-06-09 07:48:27,959 [INFO] src.federated.aggregation: FedAvg: Aggregating updates from 3 clients.
2025-06-09 07:48:27,959 [INFO] src.federated.aggregation: FedAvg: Aggregation complete.
2025-06-09 07:48:27,960 [INFO] src.federated.server: Global model updated with aggregated parameters.
2025-06-09 07:48:27,960 [INFO] src.federated.server: Evaluating updated global model...
2025-06-09 07:48:27,960 [INFO] src.core.quantum_manager: Server: Starting evaluation of global model (type: vqc).
2025-06-09 07:48:29,478 [INFO] src.core.quantum_manager: Evaluation results: Loss=0.6663, Accuracy=0.7018
2025-06-09 07:48:29,479 [INFO] src.federated.server: Round 2 completed in 35.20s. Eval Metrics: {'loss': 0.6663043540820741, 'accuracy': 0.7017543859649122}
2025-06-09 07:48:29,479 [INFO] src.federated.server: ===== Starting Round 3/10 =====
2025-06-09 07:48:29,479 [INFO] src.federated.server: Starting federated training round...
2025-06-09 07:48:29,479 [INFO] src.federated.server: Selected 3 clients out of 5 available (fraction=0.1, min_clients=3): ['vqc_client_1', 'vqc_client_0', 'vqc_client_2']
2025-06-09 07:48:29,481 [INFO] src.core.quantum_client: Client vqc_client_1: Starting local training for 3 epochs (model type: vqc). Proximal term mu=0.0.
2025-06-09 07:48:29,481 [INFO] src.federated.client: Client vqc_client_1: Starting local training for 3 epochs. Proximal term mu=0.0.
2025-06-09 07:49:12,620 [INFO] src.federated.client: Client vqc_client_1 - Epoch 1/3 completed. Average Loss: 0.6421
2025-06-09 07:49:55,358 [INFO] src.federated.client: Client vqc_client_1 - Epoch 2/3 completed. Average Loss: 0.5788
2025-06-09 07:50:38,100 [INFO] src.federated.client: Client vqc_client_1 - Epoch 3/3 completed. Average Loss: 0.5246
2025-06-09 07:50:38,101 [INFO] src.federated.client: Client vqc_client_1: Local training finished. Processed 1071 samples.
2025-06-09 07:50:38,102 [INFO] src.core.quantum_client: Client vqc_client_0: Starting local training for 3 epochs (model type: vqc). Proximal term mu=0.0.
2025-06-09 07:50:38,102 [INFO] src.federated.client: Client vqc_client_0: Starting local training for 3 epochs. Proximal term mu=0.0.
2025-06-09 07:50:39,475 [INFO] src.federated.client: Client vqc_client_0 - Epoch 1/3 completed. Average Loss: 0.6889
2025-06-09 07:50:40,685 [INFO] src.federated.client: Client vqc_client_0 - Epoch 2/3 completed. Average Loss: 0.6737
2025-06-09 07:50:41,841 [INFO] src.federated.client: Client vqc_client_0 - Epoch 3/3 completed. Average Loss: 0.6589
2025-06-09 07:50:41,841 [INFO] src.federated.client: Client vqc_client_0: Local training finished. Processed 33 samples.
2025-06-09 07:50:41,844 [INFO] src.core.quantum_client: Client vqc_client_2: Starting local training for 3 epochs (model type: vqc). Proximal term mu=0.0.
2025-06-09 07:50:41,844 [INFO] src.federated.client: Client vqc_client_2: Starting local training for 3 epochs. Proximal term mu=0.0.
2025-06-09 07:50:42,081 [INFO] src.federated.client: Client vqc_client_2 - Epoch 1/3 completed. Average Loss: 0.7031
2025-06-09 07:50:45,225 [INFO] src.federated.client: Client vqc_client_2 - Epoch 2/3 completed. Average Loss: 0.6998
2025-06-09 07:50:45,462 [INFO] src.federated.client: Client vqc_client_2 - Epoch 3/3 completed. Average Loss: 0.6963
2025-06-09 07:50:45,463 [INFO] src.federated.client: Client vqc_client_2: Local training finished. Processed 6 samples.
2025-06-09 07:50:45,463 [INFO] src.federated.server: Aggregating updates from 3 clients using QuantumAggregationStrategy.
2025-06-09 07:50:45,464 [INFO] src.core.quantum_manager: QuantumAggregationStrategy: Detected nn.Module (QNN/VQC/Hybrid) state_dict. Delegating to base strategy: FedAvg
2025-06-09 07:50:45,464 [INFO] src.federated.aggregation: FedAvg: Aggregating updates from 3 clients.
2025-06-09 07:50:45,464 [INFO] src.federated.aggregation: FedAvg: Aggregation complete.
2025-06-09 07:50:45,465 [INFO] src.federated.server: Global model updated with aggregated parameters.
2025-06-09 07:50:45,465 [INFO] src.federated.server: Evaluating updated global model...
2025-06-09 07:50:45,465 [INFO] src.core.quantum_manager: Server: Starting evaluation of global model (type: vqc).
2025-06-09 07:50:46,541 [INFO] src.core.quantum_manager: Evaluation results: Loss=0.5210, Accuracy=0.7368
2025-06-09 07:50:46,541 [INFO] src.federated.server: Round 3 completed in 137.06s. Eval Metrics: {'loss': 0.520996330077188, 'accuracy': 0.7368421052631579}
2025-06-09 07:50:46,541 [INFO] src.federated.server: ===== Starting Round 4/10 =====
2025-06-09 07:50:46,541 [INFO] src.federated.server: Starting federated training round...
2025-06-09 07:50:46,541 [INFO] src.federated.server: Selected 3 clients out of 5 available (fraction=0.1, min_clients=3): ['vqc_client_1', 'vqc_client_3', 'vqc_client_4']
2025-06-09 07:50:46,542 [INFO] src.core.quantum_client: Client vqc_client_1: Starting local training for 3 epochs (model type: vqc). Proximal term mu=0.0.
2025-06-09 07:50:46,543 [INFO] src.federated.client: Client vqc_client_1: Starting local training for 3 epochs. Proximal term mu=0.0.
2025-06-09 07:51:29,642 [INFO] src.federated.client: Client vqc_client_1 - Epoch 1/3 completed. Average Loss: 0.4732
2025-06-09 07:52:13,061 [INFO] src.federated.client: Client vqc_client_1 - Epoch 2/3 completed. Average Loss: 0.4215
2025-06-09 07:52:56,459 [INFO] src.federated.client: Client vqc_client_1 - Epoch 3/3 completed. Average Loss: 0.3727
2025-06-09 07:52:56,460 [INFO] src.federated.client: Client vqc_client_1: Local training finished. Processed 1071 samples.
2025-06-09 07:52:56,461 [INFO] src.core.quantum_client: Client vqc_client_3: Starting local training for 3 epochs (model type: vqc). Proximal term mu=0.0.
2025-06-09 07:52:56,462 [INFO] src.federated.client: Client vqc_client_3: Starting local training for 3 epochs. Proximal term mu=0.0.
2025-06-09 07:52:57,253 [INFO] src.federated.client: Client vqc_client_3 - Epoch 1/3 completed. Average Loss: 0.4305
2025-06-09 07:52:58,005 [INFO] src.federated.client: Client vqc_client_3 - Epoch 2/3 completed. Average Loss: 0.4250
2025-06-09 07:52:58,761 [INFO] src.federated.client: Client vqc_client_3 - Epoch 3/3 completed. Average Loss: 0.4190
2025-06-09 07:52:58,761 [INFO] src.federated.client: Client vqc_client_3: Local training finished. Processed 21 samples.
2025-06-09 07:52:58,763 [INFO] src.core.quantum_client: Client vqc_client_4: Starting local training for 3 epochs (model type: vqc). Proximal term mu=0.0.
2025-06-09 07:52:58,763 [INFO] src.federated.client: Client vqc_client_4: Starting local training for 3 epochs. Proximal term mu=0.0.
2025-06-09 07:53:10,384 [INFO] src.federated.client: Client vqc_client_4 - Epoch 1/3 completed. Average Loss: 0.6240
2025-06-09 07:53:19,009 [INFO] src.federated.client: Client vqc_client_4 - Epoch 2/3 completed. Average Loss: 0.5941
2025-06-09 07:53:27,486 [INFO] src.federated.client: Client vqc_client_4 - Epoch 3/3 completed. Average Loss: 0.5644
2025-06-09 07:53:27,487 [INFO] src.federated.client: Client vqc_client_4: Local training finished. Processed 234 samples.
2025-06-09 07:53:27,489 [INFO] src.federated.server: Aggregating updates from 3 clients using QuantumAggregationStrategy.
2025-06-09 07:53:27,489 [INFO] src.core.quantum_manager: QuantumAggregationStrategy: Detected nn.Module (QNN/VQC/Hybrid) state_dict. Delegating to base strategy: FedAvg
2025-06-09 07:53:27,489 [INFO] src.federated.aggregation: FedAvg: Aggregating updates from 3 clients.
2025-06-09 07:53:27,490 [INFO] src.federated.aggregation: FedAvg: Aggregation complete.
2025-06-09 07:53:27,490 [INFO] src.federated.server: Global model updated with aggregated parameters.
2025-06-09 07:53:27,491 [INFO] src.federated.server: Evaluating updated global model...
2025-06-09 07:53:27,491 [INFO] src.core.quantum_manager: Server: Starting evaluation of global model (type: vqc).
2025-06-09 07:53:28,940 [INFO] src.core.quantum_manager: Evaluation results: Loss=0.3980, Accuracy=0.9123
2025-06-09 07:53:28,940 [INFO] src.federated.server: Round 4 completed in 162.40s. Eval Metrics: {'loss': 0.39797284101185043, 'accuracy': 0.9122807017543859}
2025-06-09 07:53:28,941 [INFO] src.federated.server: ===== Starting Round 5/10 =====
2025-06-09 07:53:28,941 [INFO] src.federated.server: Starting federated training round...
2025-06-09 07:53:28,941 [INFO] src.federated.server: Selected 3 clients out of 5 available (fraction=0.1, min_clients=3): ['vqc_client_2', 'vqc_client_0', 'vqc_client_1']
2025-06-09 07:53:28,942 [INFO] src.core.quantum_client: Client vqc_client_2: Starting local training for 3 epochs (model type: vqc). Proximal term mu=0.0.
2025-06-09 07:53:28,942 [INFO] src.federated.client: Client vqc_client_2: Starting local training for 3 epochs. Proximal term mu=0.0.
2025-06-09 07:53:29,190 [INFO] src.federated.client: Client vqc_client_2 - Epoch 1/3 completed. Average Loss: 0.5863
2025-06-09 07:53:29,432 [INFO] src.federated.client: Client vqc_client_2 - Epoch 2/3 completed. Average Loss: 0.5826
2025-06-09 07:53:29,846 [INFO] src.federated.client: Client vqc_client_2 - Epoch 3/3 completed. Average Loss: 0.5784
2025-06-09 07:53:29,846 [INFO] src.federated.client: Client vqc_client_2: Local training finished. Processed 6 samples.
2025-06-09 07:53:29,848 [INFO] src.core.quantum_client: Client vqc_client_0: Starting local training for 3 epochs (model type: vqc). Proximal term mu=0.0.
2025-06-09 07:53:29,848 [INFO] src.federated.client: Client vqc_client_0: Starting local training for 3 epochs. Proximal term mu=0.0.
2025-06-09 07:53:31,037 [INFO] src.federated.client: Client vqc_client_0 - Epoch 1/3 completed. Average Loss: 0.7463
2025-06-09 07:53:32,227 [INFO] src.federated.client: Client vqc_client_0 - Epoch 2/3 completed. Average Loss: 0.7301
2025-06-09 07:53:33,870 [INFO] src.federated.client: Client vqc_client_0 - Epoch 3/3 completed. Average Loss: 0.7135
2025-06-09 07:53:33,870 [INFO] src.federated.client: Client vqc_client_0: Local training finished. Processed 33 samples.
2025-06-09 07:53:33,872 [INFO] src.core.quantum_client: Client vqc_client_1: Starting local training for 3 epochs (model type: vqc). Proximal term mu=0.0.
2025-06-09 07:53:33,873 [INFO] src.federated.client: Client vqc_client_1: Starting local training for 3 epochs. Proximal term mu=0.0.
2025-06-09 07:54:18,826 [INFO] src.federated.client: Client vqc_client_1 - Epoch 1/3 completed. Average Loss: 0.3514
2025-06-09 07:55:03,847 [INFO] src.federated.client: Client vqc_client_1 - Epoch 2/3 completed. Average Loss: 0.3132
2025-06-09 07:55:48,130 [INFO] src.federated.client: Client vqc_client_1 - Epoch 3/3 completed. Average Loss: 0.2835
2025-06-09 07:55:48,131 [INFO] src.federated.client: Client vqc_client_1: Local training finished. Processed 1071 samples.
2025-06-09 07:55:48,132 [INFO] src.federated.server: Aggregating updates from 3 clients using QuantumAggregationStrategy.
2025-06-09 07:55:48,132 [INFO] src.core.quantum_manager: QuantumAggregationStrategy: Detected nn.Module (QNN/VQC/Hybrid) state_dict. Delegating to base strategy: FedAvg
2025-06-09 07:55:48,132 [INFO] src.federated.aggregation: FedAvg: Aggregating updates from 3 clients.
2025-06-09 07:55:48,132 [INFO] src.federated.aggregation: FedAvg: Aggregation complete.
2025-06-09 07:55:48,133 [INFO] src.federated.server: Global model updated with aggregated parameters.
2025-06-09 07:55:48,133 [INFO] src.federated.server: Evaluating updated global model...
2025-06-09 07:55:48,133 [INFO] src.core.quantum_manager: Server: Starting evaluation of global model (type: vqc).
2025-06-09 07:55:49,226 [INFO] src.core.quantum_manager: Evaluation results: Loss=0.3010, Accuracy=0.9123
2025-06-09 07:55:49,227 [INFO] src.federated.server: Round 5 completed in 140.29s. Eval Metrics: {'loss': 0.3009861529919139, 'accuracy': 0.9122807017543859}
2025-06-09 07:55:49,227 [INFO] src.federated.server: ===== Starting Round 6/10 =====
2025-06-09 07:55:49,227 [INFO] src.federated.server: Starting federated training round...
2025-06-09 07:55:49,227 [INFO] src.federated.server: Selected 3 clients out of 5 available (fraction=0.1, min_clients=3): ['vqc_client_2', 'vqc_client_3', 'vqc_client_4']
2025-06-09 07:55:49,229 [INFO] src.core.quantum_client: Client vqc_client_2: Starting local training for 3 epochs (model type: vqc). Proximal term mu=0.0.
2025-06-09 07:55:49,229 [INFO] src.federated.client: Client vqc_client_2: Starting local training for 3 epochs. Proximal term mu=0.0.
2025-06-09 07:55:49,599 [INFO] src.federated.client: Client vqc_client_2 - Epoch 1/3 completed. Average Loss: 0.5215
2025-06-09 07:55:49,827 [INFO] src.federated.client: Client vqc_client_2 - Epoch 2/3 completed. Average Loss: 0.5163
2025-06-09 07:55:50,072 [INFO] src.federated.client: Client vqc_client_2 - Epoch 3/3 completed. Average Loss: 0.5108
2025-06-09 07:55:50,073 [INFO] src.federated.client: Client vqc_client_2: Local training finished. Processed 6 samples.
2025-06-09 07:55:50,074 [INFO] src.core.quantum_client: Client vqc_client_3: Starting local training for 3 epochs (model type: vqc). Proximal term mu=0.0.
2025-06-09 07:55:50,074 [INFO] src.federated.client: Client vqc_client_3: Starting local training for 3 epochs. Proximal term mu=0.0.
2025-06-09 07:55:50,822 [INFO] src.federated.client: Client vqc_client_3 - Epoch 1/3 completed. Average Loss: 0.2398
2025-06-09 07:55:51,592 [INFO] src.federated.client: Client vqc_client_3 - Epoch 2/3 completed. Average Loss: 0.2357
2025-06-09 07:55:52,353 [INFO] src.federated.client: Client vqc_client_3 - Epoch 3/3 completed. Average Loss: 0.2314
2025-06-09 07:55:52,354 [INFO] src.federated.client: Client vqc_client_3: Local training finished. Processed 21 samples.
2025-06-09 07:55:52,355 [INFO] src.core.quantum_client: Client vqc_client_4: Starting local training for 3 epochs (model type: vqc). Proximal term mu=0.0.
2025-06-09 07:55:52,355 [INFO] src.federated.client: Client vqc_client_4: Starting local training for 3 epochs. Proximal term mu=0.0.
2025-06-09 07:56:02,608 [INFO] src.federated.client: Client vqc_client_4 - Epoch 1/3 completed. Average Loss: 0.4328
2025-06-09 07:56:11,166 [INFO] src.federated.client: Client vqc_client_4 - Epoch 2/3 completed. Average Loss: 0.4106
2025-06-09 07:56:20,221 [INFO] src.federated.client: Client vqc_client_4 - Epoch 3/3 completed. Average Loss: 0.3856
2025-06-09 07:56:20,222 [INFO] src.federated.client: Client vqc_client_4: Local training finished. Processed 234 samples.
2025-06-09 07:56:20,224 [INFO] src.federated.server: Aggregating updates from 3 clients using QuantumAggregationStrategy.
2025-06-09 07:56:20,225 [INFO] src.core.quantum_manager: QuantumAggregationStrategy: Detected nn.Module (QNN/VQC/Hybrid) state_dict. Delegating to base strategy: FedAvg
2025-06-09 07:56:20,225 [INFO] src.federated.aggregation: FedAvg: Aggregating updates from 3 clients.
2025-06-09 07:56:20,225 [INFO] src.federated.aggregation: FedAvg: Aggregation complete.
2025-06-09 07:56:20,226 [INFO] src.federated.server: Global model updated with aggregated parameters.
2025-06-09 07:56:20,226 [INFO] src.federated.server: Evaluating updated global model...
2025-06-09 07:56:20,226 [INFO] src.core.quantum_manager: Server: Starting evaluation of global model (type: vqc).
2025-06-09 07:56:21,291 [INFO] src.core.quantum_manager: Evaluation results: Loss=0.2940, Accuracy=0.9123
2025-06-09 07:56:21,291 [INFO] src.federated.server: Round 6 completed in 32.06s. Eval Metrics: {'loss': 0.29399489990451877, 'accuracy': 0.9122807017543859}
2025-06-09 07:56:21,291 [INFO] src.federated.server: ===== Starting Round 7/10 =====
2025-06-09 07:56:21,291 [INFO] src.federated.server: Starting federated training round...
2025-06-09 07:56:21,291 [INFO] src.federated.server: Selected 3 clients out of 5 available (fraction=0.1, min_clients=3): ['vqc_client_4', 'vqc_client_2', 'vqc_client_0']
2025-06-09 07:56:21,293 [INFO] src.core.quantum_client: Client vqc_client_4: Starting local training for 3 epochs (model type: vqc). Proximal term mu=0.0.
2025-06-09 07:56:21,293 [INFO] src.federated.client: Client vqc_client_4: Starting local training for 3 epochs. Proximal term mu=0.0.
2025-06-09 07:56:30,123 [INFO] src.federated.client: Client vqc_client_4 - Epoch 1/3 completed. Average Loss: 0.3725
2025-06-09 07:56:41,429 [INFO] src.federated.client: Client vqc_client_4 - Epoch 2/3 completed. Average Loss: 0.3510
2025-06-09 07:56:50,314 [INFO] src.federated.client: Client vqc_client_4 - Epoch 3/3 completed. Average Loss: 0.3327
2025-06-09 07:56:50,314 [INFO] src.federated.client: Client vqc_client_4: Local training finished. Processed 234 samples.
2025-06-09 07:56:50,316 [INFO] src.core.quantum_client: Client vqc_client_2: Starting local training for 3 epochs (model type: vqc). Proximal term mu=0.0.
2025-06-09 07:56:50,317 [INFO] src.federated.client: Client vqc_client_2: Starting local training for 3 epochs. Proximal term mu=0.0.
2025-06-09 07:56:50,532 [INFO] src.federated.client: Client vqc_client_2 - Epoch 1/3 completed. Average Loss: 0.5470
2025-06-09 07:56:50,780 [INFO] src.federated.client: Client vqc_client_2 - Epoch 2/3 completed. Average Loss: 0.5381
2025-06-09 07:56:50,998 [INFO] src.federated.client: Client vqc_client_2 - Epoch 3/3 completed. Average Loss: 0.5289
2025-06-09 07:56:50,999 [INFO] src.federated.client: Client vqc_client_2: Local training finished. Processed 6 samples.
2025-06-09 07:56:51,000 [INFO] src.core.quantum_client: Client vqc_client_0: Starting local training for 3 epochs (model type: vqc). Proximal term mu=0.0.
2025-06-09 07:56:51,000 [INFO] src.federated.client: Client vqc_client_0: Starting local training for 3 epochs. Proximal term mu=0.0.
2025-06-09 07:56:52,212 [INFO] src.federated.client: Client vqc_client_0 - Epoch 1/3 completed. Average Loss: 0.5480
2025-06-09 07:56:53,402 [INFO] src.federated.client: Client vqc_client_0 - Epoch 2/3 completed. Average Loss: 0.5373
2025-06-09 07:56:54,603 [INFO] src.federated.client: Client vqc_client_0 - Epoch 3/3 completed. Average Loss: 0.5266
2025-06-09 07:56:54,604 [INFO] src.federated.client: Client vqc_client_0: Local training finished. Processed 33 samples.
2025-06-09 07:56:54,606 [INFO] src.federated.server: Aggregating updates from 3 clients using QuantumAggregationStrategy.
2025-06-09 07:56:54,606 [INFO] src.core.quantum_manager: QuantumAggregationStrategy: Detected nn.Module (QNN/VQC/Hybrid) state_dict. Delegating to base strategy: FedAvg
2025-06-09 07:56:54,606 [INFO] src.federated.aggregation: FedAvg: Aggregating updates from 3 clients.
2025-06-09 07:56:54,607 [INFO] src.federated.aggregation: FedAvg: Aggregation complete.
2025-06-09 07:56:54,607 [INFO] src.federated.server: Global model updated with aggregated parameters.
2025-06-09 07:56:54,607 [INFO] src.federated.server: Evaluating updated global model...
2025-06-09 07:56:54,607 [INFO] src.core.quantum_manager: Server: Starting evaluation of global model (type: vqc).
2025-06-09 07:56:55,987 [INFO] src.core.quantum_manager: Evaluation results: Loss=0.3074, Accuracy=0.9035
2025-06-09 07:56:55,987 [INFO] src.federated.server: Round 7 completed in 34.70s. Eval Metrics: {'loss': 0.3074165880680084, 'accuracy': 0.9035087719298246}
2025-06-09 07:56:55,987 [INFO] src.federated.server: ===== Starting Round 8/10 =====
2025-06-09 07:56:55,987 [INFO] src.federated.server: Starting federated training round...
2025-06-09 07:56:55,987 [INFO] src.federated.server: Selected 3 clients out of 5 available (fraction=0.1, min_clients=3): ['vqc_client_0', 'vqc_client_2', 'vqc_client_4']
2025-06-09 07:56:55,989 [INFO] src.core.quantum_client: Client vqc_client_0: Starting local training for 3 epochs (model type: vqc). Proximal term mu=0.0.
2025-06-09 07:56:55,989 [INFO] src.federated.client: Client vqc_client_0: Starting local training for 3 epochs. Proximal term mu=0.0.
2025-06-09 07:56:57,296 [INFO] src.federated.client: Client vqc_client_0 - Epoch 1/3 completed. Average Loss: 0.4864
2025-06-09 07:56:58,468 [INFO] src.federated.client: Client vqc_client_0 - Epoch 2/3 completed. Average Loss: 0.4761
2025-06-09 07:56:59,699 [INFO] src.federated.client: Client vqc_client_0 - Epoch 3/3 completed. Average Loss: 0.4658
2025-06-09 07:56:59,700 [INFO] src.federated.client: Client vqc_client_0: Local training finished. Processed 33 samples.
2025-06-09 07:56:59,701 [INFO] src.core.quantum_client: Client vqc_client_2: Starting local training for 3 epochs (model type: vqc). Proximal term mu=0.0.
2025-06-09 07:56:59,702 [INFO] src.federated.client: Client vqc_client_2: Starting local training for 3 epochs. Proximal term mu=0.0.
2025-06-09 07:56:59,950 [INFO] src.federated.client: Client vqc_client_2 - Epoch 1/3 completed. Average Loss: 0.6010
2025-06-09 07:57:00,164 [INFO] src.federated.client: Client vqc_client_2 - Epoch 2/3 completed. Average Loss: 0.5870
2025-06-09 07:57:00,379 [INFO] src.federated.client: Client vqc_client_2 - Epoch 3/3 completed. Average Loss: 0.5725
2025-06-09 07:57:00,380 [INFO] src.federated.client: Client vqc_client_2: Local training finished. Processed 6 samples.
2025-06-09 07:57:00,380 [INFO] src.core.quantum_client: Client vqc_client_4: Starting local training for 3 epochs (model type: vqc). Proximal term mu=0.0.
2025-06-09 07:57:00,381 [INFO] src.federated.client: Client vqc_client_4: Starting local training for 3 epochs. Proximal term mu=0.0.
2025-06-09 07:57:11,713 [INFO] src.federated.client: Client vqc_client_4 - Epoch 1/3 completed. Average Loss: 0.3260
2025-06-09 07:57:20,571 [INFO] src.federated.client: Client vqc_client_4 - Epoch 2/3 completed. Average Loss: 0.3121
2025-06-09 07:57:29,189 [INFO] src.federated.client: Client vqc_client_4 - Epoch 3/3 completed. Average Loss: 0.3012
2025-06-09 07:57:29,189 [INFO] src.federated.client: Client vqc_client_4: Local training finished. Processed 234 samples.
2025-06-09 07:57:29,192 [INFO] src.federated.server: Aggregating updates from 3 clients using QuantumAggregationStrategy.
2025-06-09 07:57:29,192 [INFO] src.core.quantum_manager: QuantumAggregationStrategy: Detected nn.Module (QNN/VQC/Hybrid) state_dict. Delegating to base strategy: FedAvg
2025-06-09 07:57:29,192 [INFO] src.federated.aggregation: FedAvg: Aggregating updates from 3 clients.
2025-06-09 07:57:29,193 [INFO] src.federated.aggregation: FedAvg: Aggregation complete.
2025-06-09 07:57:29,193 [INFO] src.federated.server: Global model updated with aggregated parameters.
2025-06-09 07:57:29,193 [INFO] src.federated.server: Evaluating updated global model...
2025-06-09 07:57:29,193 [INFO] src.core.quantum_manager: Server: Starting evaluation of global model (type: vqc).
2025-06-09 07:57:30,517 [INFO] src.core.quantum_manager: Evaluation results: Loss=0.3274, Accuracy=0.8772
2025-06-09 07:57:30,517 [INFO] src.federated.server: Round 8 completed in 34.53s. Eval Metrics: {'loss': 0.32741803349110116, 'accuracy': 0.8771929824561403}
2025-06-09 07:57:30,517 [INFO] src.federated.server: ===== Starting Round 9/10 =====
2025-06-09 07:57:30,517 [INFO] src.federated.server: Starting federated training round...
2025-06-09 07:57:30,517 [INFO] src.federated.server: Selected 3 clients out of 5 available (fraction=0.1, min_clients=3): ['vqc_client_4', 'vqc_client_2', 'vqc_client_0']
2025-06-09 07:57:30,519 [INFO] src.core.quantum_client: Client vqc_client_4: Starting local training for 3 epochs (model type: vqc). Proximal term mu=0.0.
2025-06-09 07:57:30,519 [INFO] src.federated.client: Client vqc_client_4: Starting local training for 3 epochs. Proximal term mu=0.0.
2025-06-09 07:57:40,623 [INFO] src.federated.client: Client vqc_client_4 - Epoch 1/3 completed. Average Loss: 0.2950
2025-06-09 07:57:51,926 [INFO] src.federated.client: Client vqc_client_4 - Epoch 2/3 completed. Average Loss: 0.2860
2025-06-09 07:58:00,446 [INFO] src.federated.client: Client vqc_client_4 - Epoch 3/3 completed. Average Loss: 0.2779
2025-06-09 07:58:00,447 [INFO] src.federated.client: Client vqc_client_4: Local training finished. Processed 234 samples.
2025-06-09 07:58:00,449 [INFO] src.core.quantum_client: Client vqc_client_2: Starting local training for 3 epochs (model type: vqc). Proximal term mu=0.0.
2025-06-09 07:58:00,450 [INFO] src.federated.client: Client vqc_client_2: Starting local training for 3 epochs. Proximal term mu=0.0.
2025-06-09 07:58:00,665 [INFO] src.federated.client: Client vqc_client_2 - Epoch 1/3 completed. Average Loss: 0.6593
2025-06-09 07:58:00,888 [INFO] src.federated.client: Client vqc_client_2 - Epoch 2/3 completed. Average Loss: 0.6398
2025-06-09 07:58:01,127 [INFO] src.federated.client: Client vqc_client_2 - Epoch 3/3 completed. Average Loss: 0.6200
2025-06-09 07:58:01,127 [INFO] src.federated.client: Client vqc_client_2: Local training finished. Processed 6 samples.
2025-06-09 07:58:01,128 [INFO] src.core.quantum_client: Client vqc_client_0: Starting local training for 3 epochs (model type: vqc). Proximal term mu=0.0.
2025-06-09 07:58:01,128 [INFO] src.federated.client: Client vqc_client_0: Starting local training for 3 epochs. Proximal term mu=0.0.
2025-06-09 07:58:02,356 [INFO] src.federated.client: Client vqc_client_0 - Epoch 1/3 completed. Average Loss: 0.4445
2025-06-09 07:58:03,579 [INFO] src.federated.client: Client vqc_client_0 - Epoch 2/3 completed. Average Loss: 0.4339
2025-06-09 07:58:04,858 [INFO] src.federated.client: Client vqc_client_0 - Epoch 3/3 completed. Average Loss: 0.4235
2025-06-09 07:58:04,859 [INFO] src.federated.client: Client vqc_client_0: Local training finished. Processed 33 samples.
2025-06-09 07:58:04,860 [INFO] src.federated.server: Aggregating updates from 3 clients using QuantumAggregationStrategy.
2025-06-09 07:58:04,861 [INFO] src.core.quantum_manager: QuantumAggregationStrategy: Detected nn.Module (QNN/VQC/Hybrid) state_dict. Delegating to base strategy: FedAvg
2025-06-09 07:58:04,861 [INFO] src.federated.aggregation: FedAvg: Aggregating updates from 3 clients.
2025-06-09 07:58:04,861 [INFO] src.federated.aggregation: FedAvg: Aggregation complete.
2025-06-09 07:58:04,862 [INFO] src.federated.server: Global model updated with aggregated parameters.
2025-06-09 07:58:04,862 [INFO] src.federated.server: Evaluating updated global model...
2025-06-09 07:58:04,862 [INFO] src.core.quantum_manager: Server: Starting evaluation of global model (type: vqc).
2025-06-09 07:58:05,957 [INFO] src.core.quantum_manager: Evaluation results: Loss=0.3373, Accuracy=0.8509
2025-06-09 07:58:05,957 [INFO] src.federated.server: Round 9 completed in 35.44s. Eval Metrics: {'loss': 0.33725210867430033, 'accuracy': 0.8508771929824561}
2025-06-09 07:58:05,958 [INFO] src.federated.server: ===== Starting Round 10/10 =====
2025-06-09 07:58:05,958 [INFO] src.federated.server: Starting federated training round...
2025-06-09 07:58:05,958 [INFO] src.federated.server: Selected 3 clients out of 5 available (fraction=0.1, min_clients=3): ['vqc_client_0', 'vqc_client_3', 'vqc_client_1']
2025-06-09 07:58:05,959 [INFO] src.core.quantum_client: Client vqc_client_0: Starting local training for 3 epochs (model type: vqc). Proximal term mu=0.0.
2025-06-09 07:58:05,959 [INFO] src.federated.client: Client vqc_client_0: Starting local training for 3 epochs. Proximal term mu=0.0.
2025-06-09 07:58:07,147 [INFO] src.federated.client: Client vqc_client_0 - Epoch 1/3 completed. Average Loss: 0.4081
2025-06-09 07:58:08,466 [INFO] src.federated.client: Client vqc_client_0 - Epoch 2/3 completed. Average Loss: 0.3976
2025-06-09 07:58:09,690 [INFO] src.federated.client: Client vqc_client_0 - Epoch 3/3 completed. Average Loss: 0.3872
2025-06-09 07:58:09,690 [INFO] src.federated.client: Client vqc_client_0: Local training finished. Processed 33 samples.
2025-06-09 07:58:09,692 [INFO] src.core.quantum_client: Client vqc_client_3: Starting local training for 3 epochs (model type: vqc). Proximal term mu=0.0.
2025-06-09 07:58:09,692 [INFO] src.federated.client: Client vqc_client_3: Starting local training for 3 epochs. Proximal term mu=0.0.
2025-06-09 07:58:10,449 [INFO] src.federated.client: Client vqc_client_3 - Epoch 1/3 completed. Average Loss: 0.3962
2025-06-09 07:58:11,199 [INFO] src.federated.client: Client vqc_client_3 - Epoch 2/3 completed. Average Loss: 0.3879
2025-06-09 07:58:12,256 [INFO] src.federated.client: Client vqc_client_3 - Epoch 3/3 completed. Average Loss: 0.3786
2025-06-09 07:58:12,257 [INFO] src.federated.client: Client vqc_client_3: Local training finished. Processed 21 samples.
2025-06-09 07:58:12,258 [INFO] src.core.quantum_client: Client vqc_client_1: Starting local training for 3 epochs (model type: vqc). Proximal term mu=0.0.
2025-06-09 07:58:12,259 [INFO] src.federated.client: Client vqc_client_1: Starting local training for 3 epochs. Proximal term mu=0.0.
2025-06-09 07:58:58,579 [INFO] src.federated.client: Client vqc_client_1 - Epoch 1/3 completed. Average Loss: 0.2808
2025-06-09 07:59:40,110 [INFO] src.federated.client: Client vqc_client_1 - Epoch 2/3 completed. Average Loss: 0.2302
2025-06-09 08:00:21,937 [INFO] src.federated.client: Client vqc_client_1 - Epoch 3/3 completed. Average Loss: 0.2139
2025-06-09 08:00:21,938 [INFO] src.federated.client: Client vqc_client_1: Local training finished. Processed 1071 samples.
2025-06-09 08:00:21,939 [INFO] src.federated.server: Aggregating updates from 3 clients using QuantumAggregationStrategy.
2025-06-09 08:00:21,939 [INFO] src.core.quantum_manager: QuantumAggregationStrategy: Detected nn.Module (QNN/VQC/Hybrid) state_dict. Delegating to base strategy: FedAvg
2025-06-09 08:00:21,939 [INFO] src.federated.aggregation: FedAvg: Aggregating updates from 3 clients.
2025-06-09 08:00:21,939 [INFO] src.federated.aggregation: FedAvg: Aggregation complete.
2025-06-09 08:00:21,940 [INFO] src.federated.server: Global model updated with aggregated parameters.
2025-06-09 08:00:21,940 [INFO] src.federated.server: Evaluating updated global model...
2025-06-09 08:00:21,940 [INFO] src.core.quantum_manager: Server: Starting evaluation of global model (type: vqc).
2025-06-09 08:00:23,057 [INFO] src.core.quantum_manager: Evaluation results: Loss=0.2300, Accuracy=0.9298
2025-06-09 08:00:23,057 [INFO] src.federated.server: Round 10 completed in 137.10s. Eval Metrics: {'loss': 0.2300236585893129, 'accuracy': 0.9298245614035088}
2025-06-09 08:00:23,057 [INFO] src.federated.server: Federated training process completed after 10 rounds.
2025-06-09 08:00:23,057 [INFO] BC_ExperimentRunner: ========== Finished VQC_Analysis_FedAvg_NonIID_Complex ==========

2025-06-09 08:00:23,057 [INFO] BC_ExperimentRunner: ========== Starting VQC_Analysis_FedDive_NonIID_Complex ==========
2025-06-09 08:00:23,057 [INFO] BC_ExperimentRunner: --- Setting up experiment: VQC_Analysis_FedDive_NonIID_Complex for dataset breast_cancer ---
2025-06-09 08:00:23,061 [INFO] src.utils.data_utils: Set all random seeds to 42
2025-06-09 08:00:23,061 [INFO] BC_ExperimentRunner: Experiment 'VQC_Analysis_FedDive_NonIID_Complex' will use tensor_dtype: torch.float32
2025-06-09 08:00:23,061 [INFO] src.utils.data_utils: Loading dataset: breast_cancer, PCA features=4, Scaling=minmax, Subset size=None, Dtype=torch.float32
2025-06-09 08:00:23,062 [INFO] src.utils.data_utils: Set all random seeds to 42
2025-06-09 08:00:23,068 [INFO] src.utils.data_utils: Applying PCA to reduce features to 4
2025-06-09 08:00:23,070 [INFO] src.utils.data_utils: PCA applied. New feature count: 4. Explained variance: 0.8393
2025-06-09 08:00:23,070 [INFO] src.utils.data_utils: Data preparation complete for 'breast_cancer'. Train size: 455, Test size: 114, Features: 4, Classes: 2
2025-06-09 08:00:23,074 [INFO] BC_ExperimentRunner: Successfully loaded configuration from /home/dhanraj/quantum_federated_simulator/configs/federated/server_config.yaml
2025-06-09 08:00:23,076 [INFO] BC_ExperimentRunner: Successfully loaded configuration from /home/dhanraj/quantum_federated_simulator/configs/federated/client_config.yaml
2025-06-09 08:00:23,079 [INFO] BC_ExperimentRunner: Successfully loaded configuration from /home/dhanraj/quantum_federated_simulator/configs/federated/default_aggregation.yaml
2025-06-09 08:00:23,081 [INFO] BC_ExperimentRunner: Creating model of type: vqc with n_features=4, n_classes=2, initial_dtype_request=torch.float32
2025-06-09 08:00:23,081 [INFO] src.quantum.models: Initializing VQC (TorchLayer): qubits=4, layers=2, circuit='complex', device='lightning.qubit', shots=None, diff_method='best'
2025-06-09 08:00:23,081 [INFO] src.quantum.circuits: Creating complex circuit with 4 qubits, 2 layers.
2025-06-09 08:00:23,081 [INFO] src.quantum.circuits: Complex circuit expects 48 trainable parameters.
2025-06-09 08:00:23,081 [INFO] src.quantum.models: VQC circuit requires 48 parameters.
2025-06-09 08:00:23,082 [INFO] src.quantum.models: VariationalQuantumClassifier: Using 'lightning.qubit' with no shots. Defaulting to 'adjoint'.
2025-06-09 08:00:23,082 [INFO] src.quantum.models: VariationalQuantumClassifier attempting to use differentiation method: adjoint
2025-06-09 08:00:23,091 [INFO] src.quantum.models: VQC raw circuit output dimension: 6
2025-06-09 08:00:23,091 [INFO] src.quantum.models: VQC: Added Linear head: 6 -> 2 logits for CrossEntropyLoss.
2025-06-09 08:00:23,092 [INFO] src.federated.aggregation: Creating aggregation strategy of type: feddive
2025-06-09 08:00:23,092 [INFO] src.federated.aggregation: FedDive parameters: momentum=0.9, epsilon=1e-08, temperature=1.0, normalize_distances=True
2025-06-09 08:00:23,092 [INFO] BC_ExperimentRunner: Using aggregation strategy: QuantumAggregationStrategy (base: FedDive)
2025-06-09 08:00:23,092 [INFO] src.core.quantum_manager: QuantumServer: Initializing with global model type 'vqc'.
2025-06-09 08:00:23,093 [INFO] src.federated.server: Federated server initialized on device 'cuda' with aggregation strategy: QuantumAggregationStrategy
2025-06-09 08:00:23,094 [INFO] BC_ExperimentRunner: Creating model of type: vqc with n_features=4, n_classes=2, initial_dtype_request=torch.float32
2025-06-09 08:00:23,094 [INFO] src.quantum.models: Initializing VQC (TorchLayer): qubits=4, layers=2, circuit='complex', device='lightning.qubit', shots=None, diff_method='best'
2025-06-09 08:00:23,094 [INFO] src.quantum.circuits: Creating complex circuit with 4 qubits, 2 layers.
2025-06-09 08:00:23,094 [INFO] src.quantum.circuits: Complex circuit expects 48 trainable parameters.
2025-06-09 08:00:23,095 [INFO] src.quantum.models: VQC circuit requires 48 parameters.
2025-06-09 08:00:23,095 [INFO] src.quantum.models: VariationalQuantumClassifier: Using 'lightning.qubit' with no shots. Defaulting to 'adjoint'.
2025-06-09 08:00:23,095 [INFO] src.quantum.models: VariationalQuantumClassifier attempting to use differentiation method: adjoint
2025-06-09 08:00:23,106 [INFO] src.quantum.models: VQC raw circuit output dimension: 6
2025-06-09 08:00:23,106 [INFO] src.quantum.models: VQC: Added Linear head: 6 -> 2 logits for CrossEntropyLoss.
2025-06-09 08:00:23,107 [INFO] src.core.quantum_client: QuantumClient vqc_client_0: Initializing with model type 'vqc'.
2025-06-09 08:00:23,108 [INFO] src.federated.client: Client vqc_client_0 initialized on device 'cuda' with 11 samples.
2025-06-09 08:00:23,108 [INFO] BC_ExperimentRunner: Creating model of type: vqc with n_features=4, n_classes=2, initial_dtype_request=torch.float32
2025-06-09 08:00:23,108 [INFO] src.quantum.models: Initializing VQC (TorchLayer): qubits=4, layers=2, circuit='complex', device='lightning.qubit', shots=None, diff_method='best'
2025-06-09 08:00:23,109 [INFO] src.quantum.circuits: Creating complex circuit with 4 qubits, 2 layers.
2025-06-09 08:00:23,109 [INFO] src.quantum.circuits: Complex circuit expects 48 trainable parameters.
2025-06-09 08:00:23,109 [INFO] src.quantum.models: VQC circuit requires 48 parameters.
2025-06-09 08:00:23,109 [INFO] src.quantum.models: VariationalQuantumClassifier: Using 'lightning.qubit' with no shots. Defaulting to 'adjoint'.
2025-06-09 08:00:23,109 [INFO] src.quantum.models: VariationalQuantumClassifier attempting to use differentiation method: adjoint
2025-06-09 08:00:23,122 [INFO] src.quantum.models: VQC raw circuit output dimension: 6
2025-06-09 08:00:23,122 [INFO] src.quantum.models: VQC: Added Linear head: 6 -> 2 logits for CrossEntropyLoss.
2025-06-09 08:00:23,122 [INFO] src.core.quantum_client: QuantumClient vqc_client_1: Initializing with model type 'vqc'.
2025-06-09 08:00:23,124 [INFO] src.federated.client: Client vqc_client_1 initialized on device 'cuda' with 357 samples.
2025-06-09 08:00:23,124 [INFO] BC_ExperimentRunner: Creating model of type: vqc with n_features=4, n_classes=2, initial_dtype_request=torch.float32
2025-06-09 08:00:23,124 [INFO] src.quantum.models: Initializing VQC (TorchLayer): qubits=4, layers=2, circuit='complex', device='lightning.qubit', shots=None, diff_method='best'
2025-06-09 08:00:23,125 [INFO] src.quantum.circuits: Creating complex circuit with 4 qubits, 2 layers.
2025-06-09 08:00:23,125 [INFO] src.quantum.circuits: Complex circuit expects 48 trainable parameters.
2025-06-09 08:00:23,125 [INFO] src.quantum.models: VQC circuit requires 48 parameters.
2025-06-09 08:00:23,126 [INFO] src.quantum.models: VariationalQuantumClassifier: Using 'lightning.qubit' with no shots. Defaulting to 'adjoint'.
2025-06-09 08:00:23,126 [INFO] src.quantum.models: VariationalQuantumClassifier attempting to use differentiation method: adjoint
2025-06-09 08:00:23,136 [INFO] src.quantum.models: VQC raw circuit output dimension: 6
2025-06-09 08:00:23,137 [INFO] src.quantum.models: VQC: Added Linear head: 6 -> 2 logits for CrossEntropyLoss.
2025-06-09 08:00:23,137 [INFO] src.core.quantum_client: QuantumClient vqc_client_2: Initializing with model type 'vqc'.
2025-06-09 08:00:23,139 [INFO] src.federated.client: Client vqc_client_2 initialized on device 'cuda' with 2 samples.
2025-06-09 08:00:23,140 [INFO] BC_ExperimentRunner: Creating model of type: vqc with n_features=4, n_classes=2, initial_dtype_request=torch.float32
2025-06-09 08:00:23,140 [INFO] src.quantum.models: Initializing VQC (TorchLayer): qubits=4, layers=2, circuit='complex', device='lightning.qubit', shots=None, diff_method='best'
2025-06-09 08:00:23,140 [INFO] src.quantum.circuits: Creating complex circuit with 4 qubits, 2 layers.
2025-06-09 08:00:23,140 [INFO] src.quantum.circuits: Complex circuit expects 48 trainable parameters.
2025-06-09 08:00:23,141 [INFO] src.quantum.models: VQC circuit requires 48 parameters.
2025-06-09 08:00:23,141 [INFO] src.quantum.models: VariationalQuantumClassifier: Using 'lightning.qubit' with no shots. Defaulting to 'adjoint'.
2025-06-09 08:00:23,141 [INFO] src.quantum.models: VariationalQuantumClassifier attempting to use differentiation method: adjoint
2025-06-09 08:00:23,153 [INFO] src.quantum.models: VQC raw circuit output dimension: 6
2025-06-09 08:00:23,154 [INFO] src.quantum.models: VQC: Added Linear head: 6 -> 2 logits for CrossEntropyLoss.
2025-06-09 08:00:23,154 [INFO] src.core.quantum_client: QuantumClient vqc_client_3: Initializing with model type 'vqc'.
2025-06-09 08:00:23,156 [INFO] src.federated.client: Client vqc_client_3 initialized on device 'cuda' with 7 samples.
2025-06-09 08:00:23,156 [INFO] BC_ExperimentRunner: Creating model of type: vqc with n_features=4, n_classes=2, initial_dtype_request=torch.float32
2025-06-09 08:00:23,156 [INFO] src.quantum.models: Initializing VQC (TorchLayer): qubits=4, layers=2, circuit='complex', device='lightning.qubit', shots=None, diff_method='best'
2025-06-09 08:00:23,157 [INFO] src.quantum.circuits: Creating complex circuit with 4 qubits, 2 layers.
2025-06-09 08:00:23,157 [INFO] src.quantum.circuits: Complex circuit expects 48 trainable parameters.
2025-06-09 08:00:23,157 [INFO] src.quantum.models: VQC circuit requires 48 parameters.
2025-06-09 08:00:23,157 [INFO] src.quantum.models: VariationalQuantumClassifier: Using 'lightning.qubit' with no shots. Defaulting to 'adjoint'.
2025-06-09 08:00:23,157 [INFO] src.quantum.models: VariationalQuantumClassifier attempting to use differentiation method: adjoint
2025-06-09 08:00:23,170 [INFO] src.quantum.models: VQC raw circuit output dimension: 6
2025-06-09 08:00:23,170 [INFO] src.quantum.models: VQC: Added Linear head: 6 -> 2 logits for CrossEntropyLoss.
2025-06-09 08:00:23,170 [INFO] src.core.quantum_client: QuantumClient vqc_client_4: Initializing with model type 'vqc'.
2025-06-09 08:00:23,172 [INFO] src.federated.client: Client vqc_client_4 initialized on device 'cuda' with 78 samples.
2025-06-09 08:00:23,172 [INFO] src.federated.server: Registered client 'vqc_client_0'. Total clients: 1.
2025-06-09 08:00:23,172 [INFO] src.federated.server: Registered client 'vqc_client_1'. Total clients: 2.
2025-06-09 08:00:23,172 [INFO] src.federated.server: Registered client 'vqc_client_2'. Total clients: 3.
2025-06-09 08:00:23,173 [INFO] src.federated.server: Registered client 'vqc_client_3'. Total clients: 4.
2025-06-09 08:00:23,173 [INFO] src.federated.server: Registered client 'vqc_client_4'. Total clients: 5.
2025-06-09 08:00:23,173 [INFO] BC_ExperimentRunner: --- Scenario setup complete for VQC_Analysis_FedDive_NonIID_Complex ---
2025-06-09 08:00:23,173 [INFO] src.federated.server: Starting federated training process for 10 rounds.
2025-06-09 08:00:23,173 [INFO] src.federated.server: Config: local_epochs=3, client_fraction=0.1, min_clients=3, FedProx mu=0.0
2025-06-09 08:00:23,174 [INFO] src.federated.server: Performing initial evaluation of global model...
2025-06-09 08:00:23,174 [INFO] src.core.quantum_manager: Server: Starting evaluation of global model (type: vqc).
2025-06-09 08:00:24,335 [INFO] src.core.quantum_manager: Evaluation results: Loss=0.8873, Accuracy=0.2895
2025-06-09 08:00:24,335 [INFO] src.federated.server: Initial Evaluation Metrics: {'loss': 0.8872619344477068, 'accuracy': 0.2894736842105263}
2025-06-09 08:00:24,335 [INFO] src.federated.server: ===== Starting Round 1/10 =====
2025-06-09 08:00:24,335 [INFO] src.federated.server: Starting federated training round...
2025-06-09 08:00:24,336 [INFO] src.federated.server: Selected 3 clients out of 5 available (fraction=0.1, min_clients=3): ['vqc_client_1', 'vqc_client_4', 'vqc_client_3']
2025-06-09 08:00:24,337 [INFO] src.core.quantum_client: Client vqc_client_1: Starting local training for 3 epochs (model type: vqc). Proximal term mu=0.0.
2025-06-09 08:00:24,337 [INFO] src.federated.client: Client vqc_client_1: Starting local training for 3 epochs. Proximal term mu=0.0.
2025-06-09 08:01:31,896 [INFO] src.federated.client: Client vqc_client_1 - Epoch 1/3 completed. Average Loss: 0.8599
2025-06-09 08:03:10,347 [INFO] src.federated.client: Client vqc_client_1 - Epoch 2/3 completed. Average Loss: 0.7341
2025-06-09 08:04:50,006 [INFO] src.federated.client: Client vqc_client_1 - Epoch 3/3 completed. Average Loss: 0.6544
2025-06-09 08:04:50,007 [INFO] src.federated.client: Client vqc_client_1: Local training finished. Processed 1071 samples.
2025-06-09 08:04:50,008 [INFO] src.core.quantum_client: Client vqc_client_4: Starting local training for 3 epochs (model type: vqc). Proximal term mu=0.0.
2025-06-09 08:04:50,009 [INFO] src.federated.client: Client vqc_client_4: Starting local training for 3 epochs. Proximal term mu=0.0.
2025-06-09 08:05:09,210 [INFO] src.federated.client: Client vqc_client_4 - Epoch 1/3 completed. Average Loss: 0.7363
2025-06-09 08:05:31,392 [INFO] src.federated.client: Client vqc_client_4 - Epoch 2/3 completed. Average Loss: 0.7114
2025-06-09 08:05:50,158 [INFO] src.federated.client: Client vqc_client_4 - Epoch 3/3 completed. Average Loss: 0.6895
2025-06-09 08:05:50,159 [INFO] src.federated.client: Client vqc_client_4: Local training finished. Processed 234 samples.
2025-06-09 08:05:50,163 [INFO] src.core.quantum_client: Client vqc_client_3: Starting local training for 3 epochs (model type: vqc). Proximal term mu=0.0.
2025-06-09 08:05:50,163 [INFO] src.federated.client: Client vqc_client_3: Starting local training for 3 epochs. Proximal term mu=0.0.
2025-06-09 08:05:51,861 [INFO] src.federated.client: Client vqc_client_3 - Epoch 1/3 completed. Average Loss: 1.0603
2025-06-09 08:05:53,544 [INFO] src.federated.client: Client vqc_client_3 - Epoch 2/3 completed. Average Loss: 1.0355
2025-06-09 08:05:55,193 [INFO] src.federated.client: Client vqc_client_3 - Epoch 3/3 completed. Average Loss: 1.0111
2025-06-09 08:05:55,194 [INFO] src.federated.client: Client vqc_client_3: Local training finished. Processed 21 samples.
2025-06-09 08:05:55,196 [INFO] src.federated.server: Aggregating updates from 3 clients using QuantumAggregationStrategy.
2025-06-09 08:05:55,196 [INFO] src.core.quantum_manager: QuantumAggregationStrategy: Detected nn.Module (QNN/VQC/Hybrid) state_dict. Delegating to base strategy: FedDive
2025-06-09 08:05:55,196 [INFO] src.federated.aggregation: FedDive: Aggregating updates from 3 clients (momentum=0.9).
2025-06-09 08:05:55,197 [INFO] src.federated.aggregation: FedDive: Initializing velocity and previous parameters.
2025-06-09 08:05:55,202 [INFO] src.federated.aggregation: FedDive: Aggregation complete.
2025-06-09 08:05:55,203 [INFO] src.federated.server: Global model updated with aggregated parameters.
2025-06-09 08:05:55,203 [INFO] src.federated.server: Evaluating updated global model...
2025-06-09 08:05:55,204 [INFO] src.core.quantum_manager: Server: Starting evaluation of global model (type: vqc).
2025-06-09 08:06:01,678 [INFO] src.core.quantum_manager: Evaluation results: Loss=0.6761, Accuracy=0.6228
2025-06-09 08:06:01,679 [INFO] src.federated.server: Round 1 completed in 337.34s. Eval Metrics: {'loss': 0.6760880905285216, 'accuracy': 0.6228070175438597}
2025-06-09 08:06:01,679 [INFO] src.federated.server: ===== Starting Round 2/10 =====
2025-06-09 08:06:01,679 [INFO] src.federated.server: Starting federated training round...
2025-06-09 08:06:01,679 [INFO] src.federated.server: Selected 3 clients out of 5 available (fraction=0.1, min_clients=3): ['vqc_client_2', 'vqc_client_4', 'vqc_client_0']
2025-06-09 08:06:01,681 [INFO] src.core.quantum_client: Client vqc_client_2: Starting local training for 3 epochs (model type: vqc). Proximal term mu=0.0.
2025-06-09 08:06:01,681 [INFO] src.federated.client: Client vqc_client_2: Starting local training for 3 epochs. Proximal term mu=0.0.
2025-06-09 08:06:02,190 [INFO] src.federated.client: Client vqc_client_2 - Epoch 1/3 completed. Average Loss: 0.7125
2025-06-09 08:06:02,646 [INFO] src.federated.client: Client vqc_client_2 - Epoch 2/3 completed. Average Loss: 0.7082
2025-06-09 08:06:03,131 [INFO] src.federated.client: Client vqc_client_2 - Epoch 3/3 completed. Average Loss: 0.7041
2025-06-09 08:06:03,132 [INFO] src.federated.client: Client vqc_client_2: Local training finished. Processed 6 samples.
2025-06-09 08:06:03,135 [INFO] src.core.quantum_client: Client vqc_client_4: Starting local training for 3 epochs (model type: vqc). Proximal term mu=0.0.
2025-06-09 08:06:03,135 [INFO] src.federated.client: Client vqc_client_4: Starting local training for 3 epochs. Proximal term mu=0.0.
2025-06-09 08:06:21,874 [INFO] src.federated.client: Client vqc_client_4 - Epoch 1/3 completed. Average Loss: 0.7058
2025-06-09 08:06:44,791 [INFO] src.federated.client: Client vqc_client_4 - Epoch 2/3 completed. Average Loss: 0.6834
2025-06-09 08:07:03,514 [INFO] src.federated.client: Client vqc_client_4 - Epoch 3/3 completed. Average Loss: 0.6610
2025-06-09 08:07:03,515 [INFO] src.federated.client: Client vqc_client_4: Local training finished. Processed 234 samples.
2025-06-09 08:07:03,519 [INFO] src.core.quantum_client: Client vqc_client_0: Starting local training for 3 epochs (model type: vqc). Proximal term mu=0.0.
2025-06-09 08:07:03,519 [INFO] src.federated.client: Client vqc_client_0: Starting local training for 3 epochs. Proximal term mu=0.0.
2025-06-09 08:07:06,224 [INFO] src.federated.client: Client vqc_client_0 - Epoch 1/3 completed. Average Loss: 0.7868
2025-06-09 08:07:08,833 [INFO] src.federated.client: Client vqc_client_0 - Epoch 2/3 completed. Average Loss: 0.7670
2025-06-09 08:07:15,147 [INFO] src.federated.client: Client vqc_client_0 - Epoch 3/3 completed. Average Loss: 0.7479
2025-06-09 08:07:15,148 [INFO] src.federated.client: Client vqc_client_0: Local training finished. Processed 33 samples.
2025-06-09 08:07:15,150 [INFO] src.federated.server: Aggregating updates from 3 clients using QuantumAggregationStrategy.
2025-06-09 08:07:15,150 [INFO] src.core.quantum_manager: QuantumAggregationStrategy: Detected nn.Module (QNN/VQC/Hybrid) state_dict. Delegating to base strategy: FedDive
2025-06-09 08:07:15,150 [INFO] src.federated.aggregation: FedDive: Aggregating updates from 3 clients (momentum=0.9).
2025-06-09 08:07:15,152 [INFO] src.federated.aggregation: FedDive: Aggregation complete.
2025-06-09 08:07:15,153 [INFO] src.federated.server: Global model updated with aggregated parameters.
2025-06-09 08:07:15,153 [INFO] src.federated.server: Evaluating updated global model...
2025-06-09 08:07:15,154 [INFO] src.core.quantum_manager: Server: Starting evaluation of global model (type: vqc).
2025-06-09 08:07:18,470 [INFO] src.core.quantum_manager: Evaluation results: Loss=0.6792, Accuracy=0.5877
2025-06-09 08:07:18,471 [INFO] src.federated.server: Round 2 completed in 76.79s. Eval Metrics: {'loss': 0.6792286017484832, 'accuracy': 0.5877192982456141}
2025-06-09 08:07:18,471 [INFO] src.federated.server: ===== Starting Round 3/10 =====
2025-06-09 08:07:18,471 [INFO] src.federated.server: Starting federated training round...
2025-06-09 08:07:18,472 [INFO] src.federated.server: Selected 3 clients out of 5 available (fraction=0.1, min_clients=3): ['vqc_client_1', 'vqc_client_0', 'vqc_client_2']
2025-06-09 08:07:18,473 [INFO] src.core.quantum_client: Client vqc_client_1: Starting local training for 3 epochs (model type: vqc). Proximal term mu=0.0.
2025-06-09 08:07:18,474 [INFO] src.federated.client: Client vqc_client_1: Starting local training for 3 epochs. Proximal term mu=0.0.
2025-06-09 08:08:56,229 [INFO] src.federated.client: Client vqc_client_1 - Epoch 1/3 completed. Average Loss: 0.6520
2025-06-09 08:10:35,890 [INFO] src.federated.client: Client vqc_client_1 - Epoch 2/3 completed. Average Loss: 0.5884
2025-06-09 08:12:15,437 [INFO] src.federated.client: Client vqc_client_1 - Epoch 3/3 completed. Average Loss: 0.5388
2025-06-09 08:12:15,438 [INFO] src.federated.client: Client vqc_client_1: Local training finished. Processed 1071 samples.
2025-06-09 08:12:15,441 [INFO] src.core.quantum_client: Client vqc_client_0: Starting local training for 3 epochs (model type: vqc). Proximal term mu=0.0.
2025-06-09 08:12:15,441 [INFO] src.federated.client: Client vqc_client_0: Starting local training for 3 epochs. Proximal term mu=0.0.
2025-06-09 08:12:18,238 [INFO] src.federated.client: Client vqc_client_0 - Epoch 1/3 completed. Average Loss: 0.7264
2025-06-09 08:12:20,966 [INFO] src.federated.client: Client vqc_client_0 - Epoch 2/3 completed. Average Loss: 0.7087
2025-06-09 08:12:23,691 [INFO] src.federated.client: Client vqc_client_0 - Epoch 3/3 completed. Average Loss: 0.6917
2025-06-09 08:12:23,693 [INFO] src.federated.client: Client vqc_client_0: Local training finished. Processed 33 samples.
2025-06-09 08:12:23,696 [INFO] src.core.quantum_client: Client vqc_client_2: Starting local training for 3 epochs (model type: vqc). Proximal term mu=0.0.
2025-06-09 08:12:23,697 [INFO] src.federated.client: Client vqc_client_2: Starting local training for 3 epochs. Proximal term mu=0.0.
2025-06-09 08:12:24,188 [INFO] src.federated.client: Client vqc_client_2 - Epoch 1/3 completed. Average Loss: 0.7083
2025-06-09 08:12:24,639 [INFO] src.federated.client: Client vqc_client_2 - Epoch 2/3 completed. Average Loss: 0.7050
2025-06-09 08:12:25,118 [INFO] src.federated.client: Client vqc_client_2 - Epoch 3/3 completed. Average Loss: 0.7016
2025-06-09 08:12:25,119 [INFO] src.federated.client: Client vqc_client_2: Local training finished. Processed 6 samples.
2025-06-09 08:12:25,120 [INFO] src.federated.server: Aggregating updates from 3 clients using QuantumAggregationStrategy.
2025-06-09 08:12:25,121 [INFO] src.core.quantum_manager: QuantumAggregationStrategy: Detected nn.Module (QNN/VQC/Hybrid) state_dict. Delegating to base strategy: FedDive
2025-06-09 08:12:25,121 [INFO] src.federated.aggregation: FedDive: Aggregating updates from 3 clients (momentum=0.9).
2025-06-09 08:12:25,122 [INFO] src.federated.aggregation: FedDive: Aggregation complete.
2025-06-09 08:12:25,124 [INFO] src.federated.server: Global model updated with aggregated parameters.
2025-06-09 08:12:25,125 [INFO] src.federated.server: Evaluating updated global model...
2025-06-09 08:12:25,125 [INFO] src.core.quantum_manager: Server: Starting evaluation of global model (type: vqc).
2025-06-09 08:12:28,364 [INFO] src.core.quantum_manager: Evaluation results: Loss=0.5556, Accuracy=0.6754
2025-06-09 08:12:28,365 [INFO] src.federated.server: Round 3 completed in 309.89s. Eval Metrics: {'loss': 0.5555526959268671, 'accuracy': 0.6754385964912281}
2025-06-09 08:12:28,365 [INFO] src.federated.server: ===== Starting Round 4/10 =====
2025-06-09 08:12:28,365 [INFO] src.federated.server: Starting federated training round...
2025-06-09 08:12:28,366 [INFO] src.federated.server: Selected 3 clients out of 5 available (fraction=0.1, min_clients=3): ['vqc_client_1', 'vqc_client_3', 'vqc_client_4']
2025-06-09 08:12:28,369 [INFO] src.core.quantum_client: Client vqc_client_1: Starting local training for 3 epochs (model type: vqc). Proximal term mu=0.0.
2025-06-09 08:12:28,369 [INFO] src.federated.client: Client vqc_client_1: Starting local training for 3 epochs. Proximal term mu=0.0.
2025-06-09 08:14:07,074 [INFO] src.federated.client: Client vqc_client_1 - Epoch 1/3 completed. Average Loss: 0.5108
2025-06-09 08:15:45,780 [INFO] src.federated.client: Client vqc_client_1 - Epoch 2/3 completed. Average Loss: 0.4572
2025-06-09 08:17:24,196 [INFO] src.federated.client: Client vqc_client_1 - Epoch 3/3 completed. Average Loss: 0.4059
2025-06-09 08:17:24,197 [INFO] src.federated.client: Client vqc_client_1: Local training finished. Processed 1071 samples.
2025-06-09 08:17:24,200 [INFO] src.core.quantum_client: Client vqc_client_3: Starting local training for 3 epochs (model type: vqc). Proximal term mu=0.0.
2025-06-09 08:17:24,200 [INFO] src.federated.client: Client vqc_client_3: Starting local training for 3 epochs. Proximal term mu=0.0.
2025-06-09 08:17:25,824 [INFO] src.federated.client: Client vqc_client_3 - Epoch 1/3 completed. Average Loss: 0.4642
2025-06-09 08:17:27,531 [INFO] src.federated.client: Client vqc_client_3 - Epoch 2/3 completed. Average Loss: 0.4572
2025-06-09 08:17:29,199 [INFO] src.federated.client: Client vqc_client_3 - Epoch 3/3 completed. Average Loss: 0.4498
2025-06-09 08:17:29,200 [INFO] src.federated.client: Client vqc_client_3: Local training finished. Processed 21 samples.
2025-06-09 08:17:29,203 [INFO] src.core.quantum_client: Client vqc_client_4: Starting local training for 3 epochs (model type: vqc). Proximal term mu=0.0.
2025-06-09 08:17:29,203 [INFO] src.federated.client: Client vqc_client_4: Starting local training for 3 epochs. Proximal term mu=0.0.
2025-06-09 08:17:48,568 [INFO] src.federated.client: Client vqc_client_4 - Epoch 1/3 completed. Average Loss: 0.6595
2025-06-09 08:18:11,141 [INFO] src.federated.client: Client vqc_client_4 - Epoch 2/3 completed. Average Loss: 0.6290
2025-06-09 08:18:33,945 [INFO] src.federated.client: Client vqc_client_4 - Epoch 3/3 completed. Average Loss: 0.5983
2025-06-09 08:18:33,946 [INFO] src.federated.client: Client vqc_client_4: Local training finished. Processed 234 samples.
2025-06-09 08:18:33,950 [INFO] src.federated.server: Aggregating updates from 3 clients using QuantumAggregationStrategy.
2025-06-09 08:18:33,950 [INFO] src.core.quantum_manager: QuantumAggregationStrategy: Detected nn.Module (QNN/VQC/Hybrid) state_dict. Delegating to base strategy: FedDive
2025-06-09 08:18:33,951 [INFO] src.federated.aggregation: FedDive: Aggregating updates from 3 clients (momentum=0.9).
2025-06-09 08:18:33,952 [INFO] src.federated.aggregation: FedDive: Aggregation complete.
2025-06-09 08:18:33,953 [INFO] src.federated.server: Global model updated with aggregated parameters.
2025-06-09 08:18:33,954 [INFO] src.federated.server: Evaluating updated global model...
2025-06-09 08:18:33,954 [INFO] src.core.quantum_manager: Server: Starting evaluation of global model (type: vqc).
2025-06-09 08:18:37,085 [INFO] src.core.quantum_manager: Evaluation results: Loss=0.4305, Accuracy=0.8947
2025-06-09 08:18:37,085 [INFO] src.federated.server: Round 4 completed in 368.72s. Eval Metrics: {'loss': 0.430510960127178, 'accuracy': 0.8947368421052632}
2025-06-09 08:18:37,085 [INFO] src.federated.server: ===== Starting Round 5/10 =====
2025-06-09 08:18:37,086 [INFO] src.federated.server: Starting federated training round...
2025-06-09 08:18:37,086 [INFO] src.federated.server: Selected 3 clients out of 5 available (fraction=0.1, min_clients=3): ['vqc_client_2', 'vqc_client_0', 'vqc_client_1']
2025-06-09 08:18:37,089 [INFO] src.core.quantum_client: Client vqc_client_2: Starting local training for 3 epochs (model type: vqc). Proximal term mu=0.0.
2025-06-09 08:18:37,089 [INFO] src.federated.client: Client vqc_client_2: Starting local training for 3 epochs. Proximal term mu=0.0.
2025-06-09 08:18:37,649 [INFO] src.federated.client: Client vqc_client_2 - Epoch 1/3 completed. Average Loss: 0.6060
2025-06-09 08:18:38,165 [INFO] src.federated.client: Client vqc_client_2 - Epoch 2/3 completed. Average Loss: 0.6021
2025-06-09 08:18:38,660 [INFO] src.federated.client: Client vqc_client_2 - Epoch 3/3 completed. Average Loss: 0.5976
2025-06-09 08:18:38,661 [INFO] src.federated.client: Client vqc_client_2: Local training finished. Processed 6 samples.
2025-06-09 08:18:38,662 [INFO] src.core.quantum_client: Client vqc_client_0: Starting local training for 3 epochs (model type: vqc). Proximal term mu=0.0.
2025-06-09 08:18:38,662 [INFO] src.federated.client: Client vqc_client_0: Starting local training for 3 epochs. Proximal term mu=0.0.
2025-06-09 08:18:41,210 [INFO] src.federated.client: Client vqc_client_0 - Epoch 1/3 completed. Average Loss: 0.7664
2025-06-09 08:18:43,861 [INFO] src.federated.client: Client vqc_client_0 - Epoch 2/3 completed. Average Loss: 0.7490
2025-06-09 08:18:46,558 [INFO] src.federated.client: Client vqc_client_0 - Epoch 3/3 completed. Average Loss: 0.7312
2025-06-09 08:18:46,560 [INFO] src.federated.client: Client vqc_client_0: Local training finished. Processed 33 samples.
2025-06-09 08:18:46,564 [INFO] src.core.quantum_client: Client vqc_client_1: Starting local training for 3 epochs (model type: vqc). Proximal term mu=0.0.
2025-06-09 08:18:46,564 [INFO] src.federated.client: Client vqc_client_1: Starting local training for 3 epochs. Proximal term mu=0.0.
2025-06-09 08:20:24,688 [INFO] src.federated.client: Client vqc_client_1 - Epoch 1/3 completed. Average Loss: 0.3850
2025-06-09 08:22:00,653 [INFO] src.federated.client: Client vqc_client_1 - Epoch 2/3 completed. Average Loss: 0.3418
2025-06-09 08:23:39,740 [INFO] src.federated.client: Client vqc_client_1 - Epoch 3/3 completed. Average Loss: 0.3070
2025-06-09 08:23:39,741 [INFO] src.federated.client: Client vqc_client_1: Local training finished. Processed 1071 samples.
2025-06-09 08:23:39,743 [INFO] src.federated.server: Aggregating updates from 3 clients using QuantumAggregationStrategy.
2025-06-09 08:23:39,743 [INFO] src.core.quantum_manager: QuantumAggregationStrategy: Detected nn.Module (QNN/VQC/Hybrid) state_dict. Delegating to base strategy: FedDive
2025-06-09 08:23:39,743 [INFO] src.federated.aggregation: FedDive: Aggregating updates from 3 clients (momentum=0.9).
2025-06-09 08:23:39,745 [INFO] src.federated.aggregation: FedDive: Aggregation complete.
2025-06-09 08:23:39,746 [INFO] src.federated.server: Global model updated with aggregated parameters.
2025-06-09 08:23:39,747 [INFO] src.federated.server: Evaluating updated global model...
2025-06-09 08:23:39,748 [INFO] src.core.quantum_manager: Server: Starting evaluation of global model (type: vqc).
2025-06-09 08:23:42,695 [INFO] src.core.quantum_manager: Evaluation results: Loss=0.3344, Accuracy=0.9211
2025-06-09 08:23:42,695 [INFO] src.federated.server: Round 5 completed in 305.61s. Eval Metrics: {'loss': 0.33441742836383354, 'accuracy': 0.9210526315789473}
2025-06-09 08:23:42,695 [INFO] src.federated.server: ===== Starting Round 6/10 =====
2025-06-09 08:23:42,696 [INFO] src.federated.server: Starting federated training round...
2025-06-09 08:23:42,696 [INFO] src.federated.server: Selected 3 clients out of 5 available (fraction=0.1, min_clients=3): ['vqc_client_2', 'vqc_client_3', 'vqc_client_4']
2025-06-09 08:23:42,699 [INFO] src.core.quantum_client: Client vqc_client_2: Starting local training for 3 epochs (model type: vqc). Proximal term mu=0.0.
2025-06-09 08:23:42,699 [INFO] src.federated.client: Client vqc_client_2: Starting local training for 3 epochs. Proximal term mu=0.0.
2025-06-09 08:23:43,259 [INFO] src.federated.client: Client vqc_client_2 - Epoch 1/3 completed. Average Loss: 0.5402
2025-06-09 08:23:43,824 [INFO] src.federated.client: Client vqc_client_2 - Epoch 2/3 completed. Average Loss: 0.5356
2025-06-09 08:23:44,319 [INFO] src.federated.client: Client vqc_client_2 - Epoch 3/3 completed. Average Loss: 0.5306
2025-06-09 08:23:44,320 [INFO] src.federated.client: Client vqc_client_2: Local training finished. Processed 6 samples.
2025-06-09 08:23:44,321 [INFO] src.core.quantum_client: Client vqc_client_3: Starting local training for 3 epochs (model type: vqc). Proximal term mu=0.0.
2025-06-09 08:23:44,322 [INFO] src.federated.client: Client vqc_client_3: Starting local training for 3 epochs. Proximal term mu=0.0.
2025-06-09 08:23:46,173 [INFO] src.federated.client: Client vqc_client_3 - Epoch 1/3 completed. Average Loss: 0.2750
2025-06-09 08:23:47,852 [INFO] src.federated.client: Client vqc_client_3 - Epoch 2/3 completed. Average Loss: 0.2705
2025-06-09 08:23:49,850 [INFO] src.federated.client: Client vqc_client_3 - Epoch 3/3 completed. Average Loss: 0.2658
2025-06-09 08:23:49,850 [INFO] src.federated.client: Client vqc_client_3: Local training finished. Processed 21 samples.
2025-06-09 08:23:49,853 [INFO] src.core.quantum_client: Client vqc_client_4: Starting local training for 3 epochs (model type: vqc). Proximal term mu=0.0.
2025-06-09 08:23:49,853 [INFO] src.federated.client: Client vqc_client_4: Starting local training for 3 epochs. Proximal term mu=0.0.
2025-06-09 08:24:12,296 [INFO] src.federated.client: Client vqc_client_4 - Epoch 1/3 completed. Average Loss: 0.4601
2025-06-09 08:24:34,679 [INFO] src.federated.client: Client vqc_client_4 - Epoch 2/3 completed. Average Loss: 0.4358
2025-06-09 08:24:55,288 [INFO] src.federated.client: Client vqc_client_4 - Epoch 3/3 completed. Average Loss: 0.4103
2025-06-09 08:24:55,289 [INFO] src.federated.client: Client vqc_client_4: Local training finished. Processed 234 samples.
2025-06-09 08:24:55,292 [INFO] src.federated.server: Aggregating updates from 3 clients using QuantumAggregationStrategy.
2025-06-09 08:24:55,293 [INFO] src.core.quantum_manager: QuantumAggregationStrategy: Detected nn.Module (QNN/VQC/Hybrid) state_dict. Delegating to base strategy: FedDive
2025-06-09 08:24:55,293 [INFO] src.federated.aggregation: FedDive: Aggregating updates from 3 clients (momentum=0.9).
2025-06-09 08:24:55,295 [INFO] src.federated.aggregation: FedDive: Aggregation complete.
2025-06-09 08:24:55,296 [INFO] src.federated.server: Global model updated with aggregated parameters.
2025-06-09 08:24:55,296 [INFO] src.federated.server: Evaluating updated global model...
2025-06-09 08:24:55,296 [INFO] src.core.quantum_manager: Server: Starting evaluation of global model (type: vqc).
2025-06-09 08:24:58,588 [INFO] src.core.quantum_manager: Evaluation results: Loss=0.3265, Accuracy=0.9123
2025-06-09 08:24:58,589 [INFO] src.federated.server: Round 6 completed in 75.89s. Eval Metrics: {'loss': 0.32650223478936313, 'accuracy': 0.9122807017543859}
2025-06-09 08:24:58,589 [INFO] src.federated.server: ===== Starting Round 7/10 =====
2025-06-09 08:24:58,589 [INFO] src.federated.server: Starting federated training round...
2025-06-09 08:24:58,589 [INFO] src.federated.server: Selected 3 clients out of 5 available (fraction=0.1, min_clients=3): ['vqc_client_4', 'vqc_client_2', 'vqc_client_0']
2025-06-09 08:24:58,592 [INFO] src.core.quantum_client: Client vqc_client_4: Starting local training for 3 epochs (model type: vqc). Proximal term mu=0.0.
2025-06-09 08:24:58,592 [INFO] src.federated.client: Client vqc_client_4: Starting local training for 3 epochs. Proximal term mu=0.0.
2025-06-09 08:25:22,205 [INFO] src.federated.client: Client vqc_client_4 - Epoch 1/3 completed. Average Loss: 0.4024
2025-06-09 08:25:45,186 [INFO] src.federated.client: Client vqc_client_4 - Epoch 2/3 completed. Average Loss: 0.3808
2025-06-09 08:26:05,820 [INFO] src.federated.client: Client vqc_client_4 - Epoch 3/3 completed. Average Loss: 0.3632
2025-06-09 08:26:05,821 [INFO] src.federated.client: Client vqc_client_4: Local training finished. Processed 234 samples.
2025-06-09 08:26:05,825 [INFO] src.core.quantum_client: Client vqc_client_2: Starting local training for 3 epochs (model type: vqc). Proximal term mu=0.0.
2025-06-09 08:26:05,825 [INFO] src.federated.client: Client vqc_client_2: Starting local training for 3 epochs. Proximal term mu=0.0.
2025-06-09 08:26:06,348 [INFO] src.federated.client: Client vqc_client_2 - Epoch 1/3 completed. Average Loss: 0.5563
2025-06-09 08:26:06,860 [INFO] src.federated.client: Client vqc_client_2 - Epoch 2/3 completed. Average Loss: 0.5496
2025-06-09 08:26:07,382 [INFO] src.federated.client: Client vqc_client_2 - Epoch 3/3 completed. Average Loss: 0.5424
2025-06-09 08:26:07,383 [INFO] src.federated.client: Client vqc_client_2: Local training finished. Processed 6 samples.
2025-06-09 08:26:07,385 [INFO] src.core.quantum_client: Client vqc_client_0: Starting local training for 3 epochs (model type: vqc). Proximal term mu=0.0.
2025-06-09 08:26:07,385 [INFO] src.federated.client: Client vqc_client_0: Starting local training for 3 epochs. Proximal term mu=0.0.
2025-06-09 08:26:10,189 [INFO] src.federated.client: Client vqc_client_0 - Epoch 1/3 completed. Average Loss: 0.5599
2025-06-09 08:26:12,892 [INFO] src.federated.client: Client vqc_client_0 - Epoch 2/3 completed. Average Loss: 0.5482
2025-06-09 08:26:15,649 [INFO] src.federated.client: Client vqc_client_0 - Epoch 3/3 completed. Average Loss: 0.5367
2025-06-09 08:26:15,650 [INFO] src.federated.client: Client vqc_client_0: Local training finished. Processed 33 samples.
2025-06-09 08:26:15,652 [INFO] src.federated.server: Aggregating updates from 3 clients using QuantumAggregationStrategy.
2025-06-09 08:26:15,653 [INFO] src.core.quantum_manager: QuantumAggregationStrategy: Detected nn.Module (QNN/VQC/Hybrid) state_dict. Delegating to base strategy: FedDive
2025-06-09 08:26:15,653 [INFO] src.federated.aggregation: FedDive: Aggregating updates from 3 clients (momentum=0.9).
2025-06-09 08:26:15,654 [INFO] src.federated.aggregation: FedDive: Aggregation complete.
2025-06-09 08:26:15,656 [INFO] src.federated.server: Global model updated with aggregated parameters.
2025-06-09 08:26:15,656 [INFO] src.federated.server: Evaluating updated global model...
2025-06-09 08:26:15,656 [INFO] src.core.quantum_manager: Server: Starting evaluation of global model (type: vqc).
2025-06-09 08:26:22,413 [INFO] src.core.quantum_manager: Evaluation results: Loss=0.3351, Accuracy=0.8947
2025-06-09 08:26:22,413 [INFO] src.federated.server: Round 7 completed in 83.82s. Eval Metrics: {'loss': 0.33509065184676856, 'accuracy': 0.8947368421052632}
2025-06-09 08:26:22,414 [INFO] src.federated.server: ===== Starting Round 8/10 =====
2025-06-09 08:26:22,414 [INFO] src.federated.server: Starting federated training round...
2025-06-09 08:26:22,415 [INFO] src.federated.server: Selected 3 clients out of 5 available (fraction=0.1, min_clients=3): ['vqc_client_0', 'vqc_client_2', 'vqc_client_4']
2025-06-09 08:26:22,418 [INFO] src.core.quantum_client: Client vqc_client_0: Starting local training for 3 epochs (model type: vqc). Proximal term mu=0.0.
2025-06-09 08:26:22,419 [INFO] src.federated.client: Client vqc_client_0: Starting local training for 3 epochs. Proximal term mu=0.0.
2025-06-09 08:26:25,567 [INFO] src.federated.client: Client vqc_client_0 - Epoch 1/3 completed. Average Loss: 0.4945
2025-06-09 08:26:28,440 [INFO] src.federated.client: Client vqc_client_0 - Epoch 2/3 completed. Average Loss: 0.4842
2025-06-09 08:26:31,262 [INFO] src.federated.client: Client vqc_client_0 - Epoch 3/3 completed. Average Loss: 0.4741
2025-06-09 08:26:31,263 [INFO] src.federated.client: Client vqc_client_0: Local training finished. Processed 33 samples.
2025-06-09 08:26:31,267 [INFO] src.core.quantum_client: Client vqc_client_2: Starting local training for 3 epochs (model type: vqc). Proximal term mu=0.0.
2025-06-09 08:26:31,268 [INFO] src.federated.client: Client vqc_client_2: Starting local training for 3 epochs. Proximal term mu=0.0.
2025-06-09 08:26:31,749 [INFO] src.federated.client: Client vqc_client_2 - Epoch 1/3 completed. Average Loss: 0.5986
2025-06-09 08:26:32,271 [INFO] src.federated.client: Client vqc_client_2 - Epoch 2/3 completed. Average Loss: 0.5875
2025-06-09 08:26:32,815 [INFO] src.federated.client: Client vqc_client_2 - Epoch 3/3 completed. Average Loss: 0.5760
2025-06-09 08:26:32,816 [INFO] src.federated.client: Client vqc_client_2: Local training finished. Processed 6 samples.
2025-06-09 08:26:32,818 [INFO] src.core.quantum_client: Client vqc_client_4: Starting local training for 3 epochs (model type: vqc). Proximal term mu=0.0.
2025-06-09 08:26:32,818 [INFO] src.federated.client: Client vqc_client_4: Starting local training for 3 epochs. Proximal term mu=0.0.
2025-06-09 08:26:56,473 [INFO] src.federated.client: Client vqc_client_4 - Epoch 1/3 completed. Average Loss: 0.3589
2025-06-09 08:27:15,898 [INFO] src.federated.client: Client vqc_client_4 - Epoch 2/3 completed. Average Loss: 0.3448
2025-06-09 08:27:38,313 [INFO] src.federated.client: Client vqc_client_4 - Epoch 3/3 completed. Average Loss: 0.3332
2025-06-09 08:27:38,315 [INFO] src.federated.client: Client vqc_client_4: Local training finished. Processed 234 samples.
2025-06-09 08:27:38,319 [INFO] src.federated.server: Aggregating updates from 3 clients using QuantumAggregationStrategy.
2025-06-09 08:27:38,319 [INFO] src.core.quantum_manager: QuantumAggregationStrategy: Detected nn.Module (QNN/VQC/Hybrid) state_dict. Delegating to base strategy: FedDive
2025-06-09 08:27:38,319 [INFO] src.federated.aggregation: FedDive: Aggregating updates from 3 clients (momentum=0.9).
2025-06-09 08:27:38,322 [INFO] src.federated.aggregation: FedDive: Aggregation complete.
2025-06-09 08:27:38,323 [INFO] src.federated.server: Global model updated with aggregated parameters.
2025-06-09 08:27:38,323 [INFO] src.federated.server: Evaluating updated global model...
2025-06-09 08:27:38,323 [INFO] src.core.quantum_manager: Server: Starting evaluation of global model (type: vqc).
2025-06-09 08:27:41,220 [INFO] src.core.quantum_manager: Evaluation results: Loss=0.3445, Accuracy=0.9035
2025-06-09 08:27:41,220 [INFO] src.federated.server: Round 8 completed in 78.81s. Eval Metrics: {'loss': 0.34454939292188275, 'accuracy': 0.9035087719298246}
2025-06-09 08:27:41,220 [INFO] src.federated.server: ===== Starting Round 9/10 =====
2025-06-09 08:27:41,221 [INFO] src.federated.server: Starting federated training round...
2025-06-09 08:27:41,221 [INFO] src.federated.server: Selected 3 clients out of 5 available (fraction=0.1, min_clients=3): ['vqc_client_4', 'vqc_client_2', 'vqc_client_0']
2025-06-09 08:27:41,225 [INFO] src.core.quantum_client: Client vqc_client_4: Starting local training for 3 epochs (model type: vqc). Proximal term mu=0.0.
2025-06-09 08:27:41,225 [INFO] src.federated.client: Client vqc_client_4: Starting local training for 3 epochs. Proximal term mu=0.0.
2025-06-09 08:28:00,519 [INFO] src.federated.client: Client vqc_client_4 - Epoch 1/3 completed. Average Loss: 0.3293
2025-06-09 08:28:23,438 [INFO] src.federated.client: Client vqc_client_4 - Epoch 2/3 completed. Average Loss: 0.3195
2025-06-09 08:28:45,756 [INFO] src.federated.client: Client vqc_client_4 - Epoch 3/3 completed. Average Loss: 0.3105
2025-06-09 08:28:45,757 [INFO] src.federated.client: Client vqc_client_4: Local training finished. Processed 234 samples.
2025-06-09 08:28:45,761 [INFO] src.core.quantum_client: Client vqc_client_2: Starting local training for 3 epochs (model type: vqc). Proximal term mu=0.0.
2025-06-09 08:28:45,762 [INFO] src.federated.client: Client vqc_client_2: Starting local training for 3 epochs. Proximal term mu=0.0.
2025-06-09 08:28:46,221 [INFO] src.federated.client: Client vqc_client_2 - Epoch 1/3 completed. Average Loss: 0.6388
2025-06-09 08:28:46,755 [INFO] src.federated.client: Client vqc_client_2 - Epoch 2/3 completed. Average Loss: 0.6229
2025-06-09 08:28:47,336 [INFO] src.federated.client: Client vqc_client_2 - Epoch 3/3 completed. Average Loss: 0.6069
2025-06-09 08:28:47,336 [INFO] src.federated.client: Client vqc_client_2: Local training finished. Processed 6 samples.
2025-06-09 08:28:47,339 [INFO] src.core.quantum_client: Client vqc_client_0: Starting local training for 3 epochs (model type: vqc). Proximal term mu=0.0.
2025-06-09 08:28:47,339 [INFO] src.federated.client: Client vqc_client_0: Starting local training for 3 epochs. Proximal term mu=0.0.
2025-06-09 08:28:49,993 [INFO] src.federated.client: Client vqc_client_0 - Epoch 1/3 completed. Average Loss: 0.4496
2025-06-09 08:28:52,573 [INFO] src.federated.client: Client vqc_client_0 - Epoch 2/3 completed. Average Loss: 0.4399
2025-06-09 08:28:55,202 [INFO] src.federated.client: Client vqc_client_0 - Epoch 3/3 completed. Average Loss: 0.4305
2025-06-09 08:28:55,203 [INFO] src.federated.client: Client vqc_client_0: Local training finished. Processed 33 samples.
2025-06-09 08:28:55,207 [INFO] src.federated.server: Aggregating updates from 3 clients using QuantumAggregationStrategy.
2025-06-09 08:28:55,207 [INFO] src.core.quantum_manager: QuantumAggregationStrategy: Detected nn.Module (QNN/VQC/Hybrid) state_dict. Delegating to base strategy: FedDive
2025-06-09 08:28:55,207 [INFO] src.federated.aggregation: FedDive: Aggregating updates from 3 clients (momentum=0.9).
2025-06-09 08:28:55,209 [INFO] src.federated.aggregation: FedDive: Aggregation complete.
2025-06-09 08:28:55,210 [INFO] src.federated.server: Global model updated with aggregated parameters.
2025-06-09 08:28:55,210 [INFO] src.federated.server: Evaluating updated global model...
2025-06-09 08:28:55,210 [INFO] src.core.quantum_manager: Server: Starting evaluation of global model (type: vqc).
2025-06-09 08:28:58,424 [INFO] src.core.quantum_manager: Evaluation results: Loss=0.3452, Accuracy=0.8772
2025-06-09 08:28:58,425 [INFO] src.federated.server: Round 9 completed in 77.20s. Eval Metrics: {'loss': 0.34519294061158834, 'accuracy': 0.8771929824561403}
2025-06-09 08:28:58,425 [INFO] src.federated.server: ===== Starting Round 10/10 =====
2025-06-09 08:28:58,425 [INFO] src.federated.server: Starting federated training round...
2025-06-09 08:28:58,425 [INFO] src.federated.server: Selected 3 clients out of 5 available (fraction=0.1, min_clients=3): ['vqc_client_0', 'vqc_client_3', 'vqc_client_1']
2025-06-09 08:28:58,428 [INFO] src.core.quantum_client: Client vqc_client_0: Starting local training for 3 epochs (model type: vqc). Proximal term mu=0.0.
2025-06-09 08:28:58,428 [INFO] src.federated.client: Client vqc_client_0: Starting local training for 3 epochs. Proximal term mu=0.0.
2025-06-09 08:29:01,035 [INFO] src.federated.client: Client vqc_client_0 - Epoch 1/3 completed. Average Loss: 0.4120
2025-06-09 08:29:03,626 [INFO] src.federated.client: Client vqc_client_0 - Epoch 2/3 completed. Average Loss: 0.4029
2025-06-09 08:29:06,309 [INFO] src.federated.client: Client vqc_client_0 - Epoch 3/3 completed. Average Loss: 0.3940
2025-06-09 08:29:06,310 [INFO] src.federated.client: Client vqc_client_0: Local training finished. Processed 33 samples.
2025-06-09 08:29:06,313 [INFO] src.core.quantum_client: Client vqc_client_3: Starting local training for 3 epochs (model type: vqc). Proximal term mu=0.0.
2025-06-09 08:29:06,314 [INFO] src.federated.client: Client vqc_client_3: Starting local training for 3 epochs. Proximal term mu=0.0.
2025-06-09 08:29:08,016 [INFO] src.federated.client: Client vqc_client_3 - Epoch 1/3 completed. Average Loss: 0.4070
2025-06-09 08:29:09,772 [INFO] src.federated.client: Client vqc_client_3 - Epoch 2/3 completed. Average Loss: 0.3989
2025-06-09 08:29:11,451 [INFO] src.federated.client: Client vqc_client_3 - Epoch 3/3 completed. Average Loss: 0.3899
2025-06-09 08:29:11,452 [INFO] src.federated.client: Client vqc_client_3: Local training finished. Processed 21 samples.
2025-06-09 08:29:11,454 [INFO] src.core.quantum_client: Client vqc_client_1: Starting local training for 3 epochs (model type: vqc). Proximal term mu=0.0.
2025-06-09 08:29:11,455 [INFO] src.federated.client: Client vqc_client_1: Starting local training for 3 epochs. Proximal term mu=0.0.
2025-06-09 08:30:49,210 [INFO] src.federated.client: Client vqc_client_1 - Epoch 1/3 completed. Average Loss: 0.2994
2025-06-09 08:32:27,802 [INFO] src.federated.client: Client vqc_client_1 - Epoch 2/3 completed. Average Loss: 0.2526
2025-06-09 08:34:02,037 [INFO] src.federated.client: Client vqc_client_1 - Epoch 3/3 completed. Average Loss: 0.2329
2025-06-09 08:34:02,037 [INFO] src.federated.client: Client vqc_client_1: Local training finished. Processed 1071 samples.
2025-06-09 08:34:02,039 [INFO] src.federated.server: Aggregating updates from 3 clients using QuantumAggregationStrategy.
2025-06-09 08:34:02,039 [INFO] src.core.quantum_manager: QuantumAggregationStrategy: Detected nn.Module (QNN/VQC/Hybrid) state_dict. Delegating to base strategy: FedDive
2025-06-09 08:34:02,040 [INFO] src.federated.aggregation: FedDive: Aggregating updates from 3 clients (momentum=0.9).
2025-06-09 08:34:02,041 [INFO] src.federated.aggregation: FedDive: Aggregation complete.
2025-06-09 08:34:02,042 [INFO] src.federated.server: Global model updated with aggregated parameters.
2025-06-09 08:34:02,042 [INFO] src.federated.server: Evaluating updated global model...
2025-06-09 08:34:02,042 [INFO] src.core.quantum_manager: Server: Starting evaluation of global model (type: vqc).
2025-06-09 08:34:08,596 [INFO] src.core.quantum_manager: Evaluation results: Loss=0.3290, Accuracy=0.8947
2025-06-09 08:34:08,597 [INFO] src.federated.server: Round 10 completed in 310.17s. Eval Metrics: {'loss': 0.32897591747735677, 'accuracy': 0.8947368421052632}
2025-06-09 08:34:08,597 [INFO] src.federated.server: Federated training process completed after 10 rounds.
2025-06-09 08:34:08,597 [INFO] BC_ExperimentRunner: ========== Finished VQC_Analysis_FedDive_NonIID_Complex ==========

2025-06-09 08:34:08,598 [INFO] BC_ExperimentRunner: ========== Starting VQC_Analysis_FedAvg_NonIID_Basic ==========
2025-06-09 08:34:08,598 [INFO] BC_ExperimentRunner: --- Setting up experiment: VQC_Analysis_FedAvg_NonIID_Basic for dataset breast_cancer ---
2025-06-09 08:34:08,599 [INFO] src.utils.data_utils: Set all random seeds to 42
2025-06-09 08:34:08,599 [INFO] BC_ExperimentRunner: Experiment 'VQC_Analysis_FedAvg_NonIID_Basic' will use tensor_dtype: torch.float32
2025-06-09 08:34:08,600 [INFO] src.utils.data_utils: Loading dataset: breast_cancer, PCA features=4, Scaling=minmax, Subset size=None, Dtype=torch.float32
2025-06-09 08:34:08,600 [INFO] src.utils.data_utils: Set all random seeds to 42
2025-06-09 08:34:08,616 [INFO] src.utils.data_utils: Applying PCA to reduce features to 4
2025-06-09 08:34:08,619 [INFO] src.utils.data_utils: PCA applied. New feature count: 4. Explained variance: 0.8393
2025-06-09 08:34:08,620 [INFO] src.utils.data_utils: Data preparation complete for 'breast_cancer'. Train size: 455, Test size: 114, Features: 4, Classes: 2
2025-06-09 08:34:08,627 [INFO] BC_ExperimentRunner: Successfully loaded configuration from /home/dhanraj/quantum_federated_simulator/configs/federated/server_config.yaml
2025-06-09 08:34:08,632 [INFO] BC_ExperimentRunner: Successfully loaded configuration from /home/dhanraj/quantum_federated_simulator/configs/federated/client_config.yaml
2025-06-09 08:34:08,639 [INFO] BC_ExperimentRunner: Successfully loaded configuration from /home/dhanraj/quantum_federated_simulator/configs/federated/default_aggregation.yaml
2025-06-09 08:34:08,641 [INFO] BC_ExperimentRunner: Creating model of type: vqc with n_features=4, n_classes=2, initial_dtype_request=torch.float32
2025-06-09 08:34:08,642 [INFO] src.quantum.models: Initializing VQC (TorchLayer): qubits=4, layers=2, circuit='basic', device='lightning.qubit', shots=None, diff_method='best'
2025-06-09 08:34:08,643 [INFO] src.quantum.circuits: Creating basic circuit with 4 qubits, 2 layers.
2025-06-09 08:34:08,643 [INFO] src.quantum.circuits: Basic circuit expects 24 trainable parameters.
2025-06-09 08:34:08,643 [INFO] src.quantum.models: VQC circuit requires 24 parameters.
2025-06-09 08:34:08,643 [INFO] src.quantum.models: VariationalQuantumClassifier: Using 'lightning.qubit' with no shots. Defaulting to 'adjoint'.
2025-06-09 08:34:08,644 [INFO] src.quantum.models: VariationalQuantumClassifier attempting to use differentiation method: adjoint
2025-06-09 08:34:08,655 [INFO] src.quantum.models: VQC raw circuit output dimension: 4
2025-06-09 08:34:08,655 [INFO] src.quantum.models: VQC: Added Linear head: 4 -> 2 logits for CrossEntropyLoss.
2025-06-09 08:34:08,656 [INFO] src.federated.aggregation: Creating aggregation strategy of type: fedavg
2025-06-09 08:34:08,656 [INFO] BC_ExperimentRunner: Using aggregation strategy: QuantumAggregationStrategy (base: FedAvg)
2025-06-09 08:34:08,656 [INFO] src.core.quantum_manager: QuantumServer: Initializing with global model type 'vqc'.
2025-06-09 08:34:08,660 [INFO] src.federated.server: Federated server initialized on device 'cuda' with aggregation strategy: QuantumAggregationStrategy
2025-06-09 08:34:08,660 [INFO] BC_ExperimentRunner: Creating model of type: vqc with n_features=4, n_classes=2, initial_dtype_request=torch.float32
2025-06-09 08:34:08,661 [INFO] src.quantum.models: Initializing VQC (TorchLayer): qubits=4, layers=2, circuit='basic', device='lightning.qubit', shots=None, diff_method='best'
2025-06-09 08:34:08,661 [INFO] src.quantum.circuits: Creating basic circuit with 4 qubits, 2 layers.
2025-06-09 08:34:08,661 [INFO] src.quantum.circuits: Basic circuit expects 24 trainable parameters.
2025-06-09 08:34:08,662 [INFO] src.quantum.models: VQC circuit requires 24 parameters.
2025-06-09 08:34:08,662 [INFO] src.quantum.models: VariationalQuantumClassifier: Using 'lightning.qubit' with no shots. Defaulting to 'adjoint'.
2025-06-09 08:34:08,662 [INFO] src.quantum.models: VariationalQuantumClassifier attempting to use differentiation method: adjoint
2025-06-09 08:34:08,717 [INFO] src.quantum.models: VQC raw circuit output dimension: 4
2025-06-09 08:34:08,719 [INFO] src.quantum.models: VQC: Added Linear head: 4 -> 2 logits for CrossEntropyLoss.
2025-06-09 08:34:08,719 [INFO] src.core.quantum_client: QuantumClient vqc_client_0: Initializing with model type 'vqc'.
2025-06-09 08:34:08,723 [INFO] src.federated.client: Client vqc_client_0 initialized on device 'cuda' with 11 samples.
2025-06-09 08:34:08,724 [INFO] BC_ExperimentRunner: Creating model of type: vqc with n_features=4, n_classes=2, initial_dtype_request=torch.float32
2025-06-09 08:34:08,724 [INFO] src.quantum.models: Initializing VQC (TorchLayer): qubits=4, layers=2, circuit='basic', device='lightning.qubit', shots=None, diff_method='best'
2025-06-09 08:34:08,725 [INFO] src.quantum.circuits: Creating basic circuit with 4 qubits, 2 layers.
2025-06-09 08:34:08,725 [INFO] src.quantum.circuits: Basic circuit expects 24 trainable parameters.
2025-06-09 08:34:08,725 [INFO] src.quantum.models: VQC circuit requires 24 parameters.
2025-06-09 08:34:08,726 [INFO] src.quantum.models: VariationalQuantumClassifier: Using 'lightning.qubit' with no shots. Defaulting to 'adjoint'.
2025-06-09 08:34:08,726 [INFO] src.quantum.models: VariationalQuantumClassifier attempting to use differentiation method: adjoint
2025-06-09 08:34:08,740 [INFO] src.quantum.models: VQC raw circuit output dimension: 4
2025-06-09 08:34:08,741 [INFO] src.quantum.models: VQC: Added Linear head: 4 -> 2 logits for CrossEntropyLoss.
2025-06-09 08:34:08,741 [INFO] src.core.quantum_client: QuantumClient vqc_client_1: Initializing with model type 'vqc'.
2025-06-09 08:34:08,743 [INFO] src.federated.client: Client vqc_client_1 initialized on device 'cuda' with 357 samples.
2025-06-09 08:34:08,743 [INFO] BC_ExperimentRunner: Creating model of type: vqc with n_features=4, n_classes=2, initial_dtype_request=torch.float32
2025-06-09 08:34:08,743 [INFO] src.quantum.models: Initializing VQC (TorchLayer): qubits=4, layers=2, circuit='basic', device='lightning.qubit', shots=None, diff_method='best'
2025-06-09 08:34:08,744 [INFO] src.quantum.circuits: Creating basic circuit with 4 qubits, 2 layers.
2025-06-09 08:34:08,744 [INFO] src.quantum.circuits: Basic circuit expects 24 trainable parameters.
2025-06-09 08:34:08,744 [INFO] src.quantum.models: VQC circuit requires 24 parameters.
2025-06-09 08:34:08,744 [INFO] src.quantum.models: VariationalQuantumClassifier: Using 'lightning.qubit' with no shots. Defaulting to 'adjoint'.
2025-06-09 08:34:08,744 [INFO] src.quantum.models: VariationalQuantumClassifier attempting to use differentiation method: adjoint
2025-06-09 08:34:08,760 [INFO] src.quantum.models: VQC raw circuit output dimension: 4
2025-06-09 08:34:08,760 [INFO] src.quantum.models: VQC: Added Linear head: 4 -> 2 logits for CrossEntropyLoss.
2025-06-09 08:34:08,761 [INFO] src.core.quantum_client: QuantumClient vqc_client_2: Initializing with model type 'vqc'.
2025-06-09 08:34:08,764 [INFO] src.federated.client: Client vqc_client_2 initialized on device 'cuda' with 2 samples.
2025-06-09 08:34:08,764 [INFO] BC_ExperimentRunner: Creating model of type: vqc with n_features=4, n_classes=2, initial_dtype_request=torch.float32
2025-06-09 08:34:08,765 [INFO] src.quantum.models: Initializing VQC (TorchLayer): qubits=4, layers=2, circuit='basic', device='lightning.qubit', shots=None, diff_method='best'
2025-06-09 08:34:08,765 [INFO] src.quantum.circuits: Creating basic circuit with 4 qubits, 2 layers.
2025-06-09 08:34:08,765 [INFO] src.quantum.circuits: Basic circuit expects 24 trainable parameters.
2025-06-09 08:34:08,765 [INFO] src.quantum.models: VQC circuit requires 24 parameters.
2025-06-09 08:34:08,766 [INFO] src.quantum.models: VariationalQuantumClassifier: Using 'lightning.qubit' with no shots. Defaulting to 'adjoint'.
2025-06-09 08:34:08,766 [INFO] src.quantum.models: VariationalQuantumClassifier attempting to use differentiation method: adjoint
2025-06-09 08:34:08,781 [INFO] src.quantum.models: VQC raw circuit output dimension: 4
2025-06-09 08:34:08,781 [INFO] src.quantum.models: VQC: Added Linear head: 4 -> 2 logits for CrossEntropyLoss.
2025-06-09 08:34:08,782 [INFO] src.core.quantum_client: QuantumClient vqc_client_3: Initializing with model type 'vqc'.
2025-06-09 08:34:08,784 [INFO] src.federated.client: Client vqc_client_3 initialized on device 'cuda' with 7 samples.
2025-06-09 08:34:08,784 [INFO] BC_ExperimentRunner: Creating model of type: vqc with n_features=4, n_classes=2, initial_dtype_request=torch.float32
2025-06-09 08:34:08,784 [INFO] src.quantum.models: Initializing VQC (TorchLayer): qubits=4, layers=2, circuit='basic', device='lightning.qubit', shots=None, diff_method='best'
2025-06-09 08:34:08,785 [INFO] src.quantum.circuits: Creating basic circuit with 4 qubits, 2 layers.
2025-06-09 08:34:08,785 [INFO] src.quantum.circuits: Basic circuit expects 24 trainable parameters.
2025-06-09 08:34:08,785 [INFO] src.quantum.models: VQC circuit requires 24 parameters.
2025-06-09 08:34:08,785 [INFO] src.quantum.models: VariationalQuantumClassifier: Using 'lightning.qubit' with no shots. Defaulting to 'adjoint'.
2025-06-09 08:34:08,786 [INFO] src.quantum.models: VariationalQuantumClassifier attempting to use differentiation method: adjoint
2025-06-09 08:34:08,798 [INFO] src.quantum.models: VQC raw circuit output dimension: 4
2025-06-09 08:34:08,800 [INFO] src.quantum.models: VQC: Added Linear head: 4 -> 2 logits for CrossEntropyLoss.
2025-06-09 08:34:08,800 [INFO] src.core.quantum_client: QuantumClient vqc_client_4: Initializing with model type 'vqc'.
2025-06-09 08:34:08,805 [INFO] src.federated.client: Client vqc_client_4 initialized on device 'cuda' with 78 samples.
2025-06-09 08:34:08,805 [INFO] src.federated.server: Registered client 'vqc_client_0'. Total clients: 1.
2025-06-09 08:34:08,806 [INFO] src.federated.server: Registered client 'vqc_client_1'. Total clients: 2.
2025-06-09 08:34:08,806 [INFO] src.federated.server: Registered client 'vqc_client_2'. Total clients: 3.
2025-06-09 08:34:08,806 [INFO] src.federated.server: Registered client 'vqc_client_3'. Total clients: 4.
2025-06-09 08:34:08,806 [INFO] src.federated.server: Registered client 'vqc_client_4'. Total clients: 5.
2025-06-09 08:34:08,806 [INFO] BC_ExperimentRunner: --- Scenario setup complete for VQC_Analysis_FedAvg_NonIID_Basic ---
2025-06-09 08:34:08,807 [INFO] src.federated.server: Starting federated training process for 10 rounds.
2025-06-09 08:34:08,807 [INFO] src.federated.server: Config: local_epochs=3, client_fraction=0.1, min_clients=3, FedProx mu=0.0
2025-06-09 08:34:08,807 [INFO] src.federated.server: Performing initial evaluation of global model...
2025-06-09 08:34:08,809 [INFO] src.core.quantum_manager: Server: Starting evaluation of global model (type: vqc).
2025-06-09 08:34:10,392 [INFO] src.core.quantum_manager: Evaluation results: Loss=0.7520, Accuracy=0.3684
2025-06-09 08:34:10,392 [INFO] src.federated.server: Initial Evaluation Metrics: {'loss': 0.7520355456753781, 'accuracy': 0.3684210526315789}
2025-06-09 08:34:10,392 [INFO] src.federated.server: ===== Starting Round 1/10 =====
2025-06-09 08:34:10,392 [INFO] src.federated.server: Starting federated training round...
2025-06-09 08:34:10,393 [INFO] src.federated.server: Selected 3 clients out of 5 available (fraction=0.1, min_clients=3): ['vqc_client_1', 'vqc_client_4', 'vqc_client_3']
2025-06-09 08:34:10,394 [INFO] src.core.quantum_client: Client vqc_client_1: Starting local training for 3 epochs (model type: vqc). Proximal term mu=0.0.
2025-06-09 08:34:10,395 [INFO] src.federated.client: Client vqc_client_1: Starting local training for 3 epochs. Proximal term mu=0.0.
2025-06-09 08:34:46,524 [INFO] src.federated.client: Client vqc_client_1 - Epoch 1/3 completed. Average Loss: 0.7307
2025-06-09 08:35:22,211 [INFO] src.federated.client: Client vqc_client_1 - Epoch 2/3 completed. Average Loss: 0.6399
2025-06-09 08:35:57,395 [INFO] src.federated.client: Client vqc_client_1 - Epoch 3/3 completed. Average Loss: 0.5635
2025-06-09 08:35:57,396 [INFO] src.federated.client: Client vqc_client_1: Local training finished. Processed 1071 samples.
2025-06-09 08:35:57,398 [INFO] src.core.quantum_client: Client vqc_client_4: Starting local training for 3 epochs (model type: vqc). Proximal term mu=0.0.
2025-06-09 08:35:57,398 [INFO] src.federated.client: Client vqc_client_4: Starting local training for 3 epochs. Proximal term mu=0.0.
2025-06-09 08:36:04,623 [INFO] src.federated.client: Client vqc_client_4 - Epoch 1/3 completed. Average Loss: 0.5833
2025-06-09 08:36:11,847 [INFO] src.federated.client: Client vqc_client_4 - Epoch 2/3 completed. Average Loss: 0.5758
2025-06-09 08:36:19,135 [INFO] src.federated.client: Client vqc_client_4 - Epoch 3/3 completed. Average Loss: 0.5679
2025-06-09 08:36:19,136 [INFO] src.federated.client: Client vqc_client_4: Local training finished. Processed 234 samples.
2025-06-09 08:36:19,138 [INFO] src.core.quantum_client: Client vqc_client_3: Starting local training for 3 epochs (model type: vqc). Proximal term mu=0.0.
2025-06-09 08:36:19,139 [INFO] src.federated.client: Client vqc_client_3: Starting local training for 3 epochs. Proximal term mu=0.0.
2025-06-09 08:36:19,819 [INFO] src.federated.client: Client vqc_client_3 - Epoch 1/3 completed. Average Loss: 0.9145
2025-06-09 08:36:20,434 [INFO] src.federated.client: Client vqc_client_3 - Epoch 2/3 completed. Average Loss: 0.8999
2025-06-09 08:36:21,112 [INFO] src.federated.client: Client vqc_client_3 - Epoch 3/3 completed. Average Loss: 0.8855
2025-06-09 08:36:21,113 [INFO] src.federated.client: Client vqc_client_3: Local training finished. Processed 21 samples.
2025-06-09 08:36:21,115 [INFO] src.federated.server: Aggregating updates from 3 clients using QuantumAggregationStrategy.
2025-06-09 08:36:21,115 [INFO] src.core.quantum_manager: QuantumAggregationStrategy: Detected nn.Module (QNN/VQC/Hybrid) state_dict. Delegating to base strategy: FedAvg
2025-06-09 08:36:21,115 [INFO] src.federated.aggregation: FedAvg: Aggregating updates from 3 clients.
2025-06-09 08:36:21,116 [INFO] src.federated.aggregation: FedAvg: Aggregation complete.
2025-06-09 08:36:21,118 [INFO] src.federated.server: Global model updated with aggregated parameters.
2025-06-09 08:36:21,118 [INFO] src.federated.server: Evaluating updated global model...
2025-06-09 08:36:21,118 [INFO] src.core.quantum_manager: Server: Starting evaluation of global model (type: vqc).
2025-06-09 08:36:22,556 [INFO] src.core.quantum_manager: Evaluation results: Loss=0.5733, Accuracy=0.8947
2025-06-09 08:36:22,556 [INFO] src.federated.server: Round 1 completed in 132.16s. Eval Metrics: {'loss': 0.5732854688376711, 'accuracy': 0.8947368421052632}
2025-06-09 08:36:22,556 [INFO] src.federated.server: ===== Starting Round 2/10 =====
2025-06-09 08:36:22,557 [INFO] src.federated.server: Starting federated training round...
2025-06-09 08:36:22,557 [INFO] src.federated.server: Selected 3 clients out of 5 available (fraction=0.1, min_clients=3): ['vqc_client_2', 'vqc_client_4', 'vqc_client_0']
2025-06-09 08:36:22,560 [INFO] src.core.quantum_client: Client vqc_client_2: Starting local training for 3 epochs (model type: vqc). Proximal term mu=0.0.
2025-06-09 08:36:22,560 [INFO] src.federated.client: Client vqc_client_2: Starting local training for 3 epochs. Proximal term mu=0.0.
2025-06-09 08:36:22,848 [INFO] src.federated.client: Client vqc_client_2 - Epoch 1/3 completed. Average Loss: 0.7186
2025-06-09 08:36:23,062 [INFO] src.federated.client: Client vqc_client_2 - Epoch 2/3 completed. Average Loss: 0.7153
2025-06-09 08:36:23,258 [INFO] src.federated.client: Client vqc_client_2 - Epoch 3/3 completed. Average Loss: 0.7122
2025-06-09 08:36:23,259 [INFO] src.federated.client: Client vqc_client_2: Local training finished. Processed 6 samples.
2025-06-09 08:36:23,260 [INFO] src.core.quantum_client: Client vqc_client_4: Starting local training for 3 epochs (model type: vqc). Proximal term mu=0.0.
2025-06-09 08:36:23,260 [INFO] src.federated.client: Client vqc_client_4: Starting local training for 3 epochs. Proximal term mu=0.0.
2025-06-09 08:36:33,720 [INFO] src.federated.client: Client vqc_client_4 - Epoch 1/3 completed. Average Loss: 0.5621
2025-06-09 08:36:40,764 [INFO] src.federated.client: Client vqc_client_4 - Epoch 2/3 completed. Average Loss: 0.5507
2025-06-09 08:36:47,973 [INFO] src.federated.client: Client vqc_client_4 - Epoch 3/3 completed. Average Loss: 0.5368
2025-06-09 08:36:47,974 [INFO] src.federated.client: Client vqc_client_4: Local training finished. Processed 234 samples.
2025-06-09 08:36:47,976 [INFO] src.core.quantum_client: Client vqc_client_0: Starting local training for 3 epochs (model type: vqc). Proximal term mu=0.0.
2025-06-09 08:36:47,977 [INFO] src.federated.client: Client vqc_client_0: Starting local training for 3 epochs. Proximal term mu=0.0.
2025-06-09 08:36:48,958 [INFO] src.federated.client: Client vqc_client_0 - Epoch 1/3 completed. Average Loss: 0.5476
2025-06-09 08:36:49,970 [INFO] src.federated.client: Client vqc_client_0 - Epoch 2/3 completed. Average Loss: 0.5371
2025-06-09 08:36:50,912 [INFO] src.federated.client: Client vqc_client_0 - Epoch 3/3 completed. Average Loss: 0.5266
2025-06-09 08:36:50,913 [INFO] src.federated.client: Client vqc_client_0: Local training finished. Processed 33 samples.
2025-06-09 08:36:50,916 [INFO] src.federated.server: Aggregating updates from 3 clients using QuantumAggregationStrategy.
2025-06-09 08:36:50,916 [INFO] src.core.quantum_manager: QuantumAggregationStrategy: Detected nn.Module (QNN/VQC/Hybrid) state_dict. Delegating to base strategy: FedAvg
2025-06-09 08:36:50,917 [INFO] src.federated.aggregation: FedAvg: Aggregating updates from 3 clients.
2025-06-09 08:36:50,918 [INFO] src.federated.aggregation: FedAvg: Aggregation complete.
2025-06-09 08:36:50,919 [INFO] src.federated.server: Global model updated with aggregated parameters.
2025-06-09 08:36:50,919 [INFO] src.federated.server: Evaluating updated global model...
2025-06-09 08:36:50,919 [INFO] src.core.quantum_manager: Server: Starting evaluation of global model (type: vqc).
2025-06-09 08:36:52,327 [INFO] src.core.quantum_manager: Evaluation results: Loss=0.5673, Accuracy=0.8333
2025-06-09 08:36:52,327 [INFO] src.federated.server: Round 2 completed in 29.77s. Eval Metrics: {'loss': 0.567292216577028, 'accuracy': 0.8333333333333334}
2025-06-09 08:36:52,328 [INFO] src.federated.server: ===== Starting Round 3/10 =====
2025-06-09 08:36:52,328 [INFO] src.federated.server: Starting federated training round...
2025-06-09 08:36:52,328 [INFO] src.federated.server: Selected 3 clients out of 5 available (fraction=0.1, min_clients=3): ['vqc_client_1', 'vqc_client_0', 'vqc_client_2']
2025-06-09 08:36:52,331 [INFO] src.core.quantum_client: Client vqc_client_1: Starting local training for 3 epochs (model type: vqc). Proximal term mu=0.0.
2025-06-09 08:36:52,331 [INFO] src.federated.client: Client vqc_client_1: Starting local training for 3 epochs. Proximal term mu=0.0.
2025-06-09 08:37:28,165 [INFO] src.federated.client: Client vqc_client_1 - Epoch 1/3 completed. Average Loss: 0.5251
2025-06-09 08:38:03,598 [INFO] src.federated.client: Client vqc_client_1 - Epoch 2/3 completed. Average Loss: 0.4620
2025-06-09 08:38:39,642 [INFO] src.federated.client: Client vqc_client_1 - Epoch 3/3 completed. Average Loss: 0.4190
2025-06-09 08:38:39,643 [INFO] src.federated.client: Client vqc_client_1: Local training finished. Processed 1071 samples.
2025-06-09 08:38:39,644 [INFO] src.core.quantum_client: Client vqc_client_0: Starting local training for 3 epochs (model type: vqc). Proximal term mu=0.0.
2025-06-09 08:38:39,645 [INFO] src.federated.client: Client vqc_client_0: Starting local training for 3 epochs. Proximal term mu=0.0.
2025-06-09 08:38:40,603 [INFO] src.federated.client: Client vqc_client_0 - Epoch 1/3 completed. Average Loss: 0.4894
2025-06-09 08:38:41,621 [INFO] src.federated.client: Client vqc_client_0 - Epoch 2/3 completed. Average Loss: 0.4794
2025-06-09 08:38:42,597 [INFO] src.federated.client: Client vqc_client_0 - Epoch 3/3 completed. Average Loss: 0.4696
2025-06-09 08:38:42,598 [INFO] src.federated.client: Client vqc_client_0: Local training finished. Processed 33 samples.
2025-06-09 08:38:42,600 [INFO] src.core.quantum_client: Client vqc_client_2: Starting local training for 3 epochs (model type: vqc). Proximal term mu=0.0.
2025-06-09 08:38:42,601 [INFO] src.federated.client: Client vqc_client_2: Starting local training for 3 epochs. Proximal term mu=0.0.
2025-06-09 08:38:42,809 [INFO] src.federated.client: Client vqc_client_2 - Epoch 1/3 completed. Average Loss: 0.7250
2025-06-09 08:38:42,977 [INFO] src.federated.client: Client vqc_client_2 - Epoch 2/3 completed. Average Loss: 0.7214
2025-06-09 08:38:43,200 [INFO] src.federated.client: Client vqc_client_2 - Epoch 3/3 completed. Average Loss: 0.7179
2025-06-09 08:38:43,201 [INFO] src.federated.client: Client vqc_client_2: Local training finished. Processed 6 samples.
2025-06-09 08:38:43,201 [INFO] src.federated.server: Aggregating updates from 3 clients using QuantumAggregationStrategy.
2025-06-09 08:38:43,201 [INFO] src.core.quantum_manager: QuantumAggregationStrategy: Detected nn.Module (QNN/VQC/Hybrid) state_dict. Delegating to base strategy: FedAvg
2025-06-09 08:38:43,201 [INFO] src.federated.aggregation: FedAvg: Aggregating updates from 3 clients.
2025-06-09 08:38:43,202 [INFO] src.federated.aggregation: FedAvg: Aggregation complete.
2025-06-09 08:38:43,204 [INFO] src.federated.server: Global model updated with aggregated parameters.
2025-06-09 08:38:43,204 [INFO] src.federated.server: Evaluating updated global model...
2025-06-09 08:38:43,204 [INFO] src.core.quantum_manager: Server: Starting evaluation of global model (type: vqc).
2025-06-09 08:38:44,872 [INFO] src.core.quantum_manager: Evaluation results: Loss=0.4387, Accuracy=0.8684
2025-06-09 08:38:44,873 [INFO] src.federated.server: Round 3 completed in 112.54s. Eval Metrics: {'loss': 0.4387061543631972, 'accuracy': 0.868421052631579}
2025-06-09 08:38:44,873 [INFO] src.federated.server: ===== Starting Round 4/10 =====
2025-06-09 08:38:44,873 [INFO] src.federated.server: Starting federated training round...
2025-06-09 08:38:44,874 [INFO] src.federated.server: Selected 3 clients out of 5 available (fraction=0.1, min_clients=3): ['vqc_client_1', 'vqc_client_3', 'vqc_client_4']
2025-06-09 08:38:44,877 [INFO] src.core.quantum_client: Client vqc_client_1: Starting local training for 3 epochs (model type: vqc). Proximal term mu=0.0.
2025-06-09 08:38:44,877 [INFO] src.federated.client: Client vqc_client_1: Starting local training for 3 epochs. Proximal term mu=0.0.
2025-06-09 08:39:20,789 [INFO] src.federated.client: Client vqc_client_1 - Epoch 1/3 completed. Average Loss: 0.3932
2025-06-09 08:39:56,873 [INFO] src.federated.client: Client vqc_client_1 - Epoch 2/3 completed. Average Loss: 0.3711
2025-06-09 08:40:32,887 [INFO] src.federated.client: Client vqc_client_1 - Epoch 3/3 completed. Average Loss: 0.3536
2025-06-09 08:40:32,888 [INFO] src.federated.client: Client vqc_client_1: Local training finished. Processed 1071 samples.
2025-06-09 08:40:32,890 [INFO] src.core.quantum_client: Client vqc_client_3: Starting local training for 3 epochs (model type: vqc). Proximal term mu=0.0.
2025-06-09 08:40:32,890 [INFO] src.federated.client: Client vqc_client_3: Starting local training for 3 epochs. Proximal term mu=0.0.
2025-06-09 08:40:33,604 [INFO] src.federated.client: Client vqc_client_3 - Epoch 1/3 completed. Average Loss: 0.3571
2025-06-09 08:40:34,317 [INFO] src.federated.client: Client vqc_client_3 - Epoch 2/3 completed. Average Loss: 0.3507
2025-06-09 08:40:34,961 [INFO] src.federated.client: Client vqc_client_3 - Epoch 3/3 completed. Average Loss: 0.3442
2025-06-09 08:40:34,961 [INFO] src.federated.client: Client vqc_client_3: Local training finished. Processed 21 samples.
2025-06-09 08:40:34,964 [INFO] src.core.quantum_client: Client vqc_client_4: Starting local training for 3 epochs (model type: vqc). Proximal term mu=0.0.
2025-06-09 08:40:34,964 [INFO] src.federated.client: Client vqc_client_4: Starting local training for 3 epochs. Proximal term mu=0.0.
2025-06-09 08:40:45,683 [INFO] src.federated.client: Client vqc_client_4 - Epoch 1/3 completed. Average Loss: 0.5481
2025-06-09 08:40:53,030 [INFO] src.federated.client: Client vqc_client_4 - Epoch 2/3 completed. Average Loss: 0.5249
2025-06-09 08:41:00,203 [INFO] src.federated.client: Client vqc_client_4 - Epoch 3/3 completed. Average Loss: 0.5008
2025-06-09 08:41:00,204 [INFO] src.federated.client: Client vqc_client_4: Local training finished. Processed 234 samples.
2025-06-09 08:41:00,206 [INFO] src.federated.server: Aggregating updates from 3 clients using QuantumAggregationStrategy.
2025-06-09 08:41:00,206 [INFO] src.core.quantum_manager: QuantumAggregationStrategy: Detected nn.Module (QNN/VQC/Hybrid) state_dict. Delegating to base strategy: FedAvg
2025-06-09 08:41:00,206 [INFO] src.federated.aggregation: FedAvg: Aggregating updates from 3 clients.
2025-06-09 08:41:00,207 [INFO] src.federated.aggregation: FedAvg: Aggregation complete.
2025-06-09 08:41:00,208 [INFO] src.federated.server: Global model updated with aggregated parameters.
2025-06-09 08:41:00,208 [INFO] src.federated.server: Evaluating updated global model...
2025-06-09 08:41:00,209 [INFO] src.core.quantum_manager: Server: Starting evaluation of global model (type: vqc).
2025-06-09 08:41:01,767 [INFO] src.core.quantum_manager: Evaluation results: Loss=0.3873, Accuracy=0.8860
2025-06-09 08:41:01,768 [INFO] src.federated.server: Round 4 completed in 136.89s. Eval Metrics: {'loss': 0.38725892284460234, 'accuracy': 0.8859649122807017}
2025-06-09 08:41:01,768 [INFO] src.federated.server: ===== Starting Round 5/10 =====
2025-06-09 08:41:01,768 [INFO] src.federated.server: Starting federated training round...
2025-06-09 08:41:01,769 [INFO] src.federated.server: Selected 3 clients out of 5 available (fraction=0.1, min_clients=3): ['vqc_client_2', 'vqc_client_0', 'vqc_client_1']
2025-06-09 08:41:01,771 [INFO] src.core.quantum_client: Client vqc_client_2: Starting local training for 3 epochs (model type: vqc). Proximal term mu=0.0.
2025-06-09 08:41:01,771 [INFO] src.federated.client: Client vqc_client_2: Starting local training for 3 epochs. Proximal term mu=0.0.
2025-06-09 08:41:02,054 [INFO] src.federated.client: Client vqc_client_2 - Epoch 1/3 completed. Average Loss: 0.7226
2025-06-09 08:41:02,245 [INFO] src.federated.client: Client vqc_client_2 - Epoch 2/3 completed. Average Loss: 0.7189
2025-06-09 08:41:02,455 [INFO] src.federated.client: Client vqc_client_2 - Epoch 3/3 completed. Average Loss: 0.7149
2025-06-09 08:41:02,456 [INFO] src.federated.client: Client vqc_client_2: Local training finished. Processed 6 samples.
2025-06-09 08:41:02,458 [INFO] src.core.quantum_client: Client vqc_client_0: Starting local training for 3 epochs (model type: vqc). Proximal term mu=0.0.
2025-06-09 08:41:02,458 [INFO] src.federated.client: Client vqc_client_0: Starting local training for 3 epochs. Proximal term mu=0.0.
2025-06-09 08:41:03,466 [INFO] src.federated.client: Client vqc_client_0 - Epoch 1/3 completed. Average Loss: 0.6074
2025-06-09 08:41:04,485 [INFO] src.federated.client: Client vqc_client_0 - Epoch 2/3 completed. Average Loss: 0.5948
2025-06-09 08:41:05,450 [INFO] src.federated.client: Client vqc_client_0 - Epoch 3/3 completed. Average Loss: 0.5821
2025-06-09 08:41:05,451 [INFO] src.federated.client: Client vqc_client_0: Local training finished. Processed 33 samples.
2025-06-09 08:41:05,453 [INFO] src.core.quantum_client: Client vqc_client_1: Starting local training for 3 epochs (model type: vqc). Proximal term mu=0.0.
2025-06-09 08:41:05,453 [INFO] src.federated.client: Client vqc_client_1: Starting local training for 3 epochs. Proximal term mu=0.0.
2025-06-09 08:41:41,653 [INFO] src.federated.client: Client vqc_client_1 - Epoch 1/3 completed. Average Loss: 0.3448
2025-06-09 08:42:17,923 [INFO] src.federated.client: Client vqc_client_1 - Epoch 2/3 completed. Average Loss: 0.3298
2025-06-09 08:42:54,095 [INFO] src.federated.client: Client vqc_client_1 - Epoch 3/3 completed. Average Loss: 0.3162
2025-06-09 08:42:54,096 [INFO] src.federated.client: Client vqc_client_1: Local training finished. Processed 1071 samples.
2025-06-09 08:42:54,097 [INFO] src.federated.server: Aggregating updates from 3 clients using QuantumAggregationStrategy.
2025-06-09 08:42:54,097 [INFO] src.core.quantum_manager: QuantumAggregationStrategy: Detected nn.Module (QNN/VQC/Hybrid) state_dict. Delegating to base strategy: FedAvg
2025-06-09 08:42:54,098 [INFO] src.federated.aggregation: FedAvg: Aggregating updates from 3 clients.
2025-06-09 08:42:54,099 [INFO] src.federated.aggregation: FedAvg: Aggregation complete.
2025-06-09 08:42:54,099 [INFO] src.federated.server: Global model updated with aggregated parameters.
2025-06-09 08:42:54,100 [INFO] src.federated.server: Evaluating updated global model...
2025-06-09 08:42:54,100 [INFO] src.core.quantum_manager: Server: Starting evaluation of global model (type: vqc).
2025-06-09 08:42:55,675 [INFO] src.core.quantum_manager: Evaluation results: Loss=0.3463, Accuracy=0.9123
2025-06-09 08:42:55,675 [INFO] src.federated.server: Round 5 completed in 113.91s. Eval Metrics: {'loss': 0.3463414583289832, 'accuracy': 0.9122807017543859}
2025-06-09 08:42:55,675 [INFO] src.federated.server: ===== Starting Round 6/10 =====
2025-06-09 08:42:55,676 [INFO] src.federated.server: Starting federated training round...
2025-06-09 08:42:55,676 [INFO] src.federated.server: Selected 3 clients out of 5 available (fraction=0.1, min_clients=3): ['vqc_client_2', 'vqc_client_3', 'vqc_client_4']
2025-06-09 08:42:55,678 [INFO] src.core.quantum_client: Client vqc_client_2: Starting local training for 3 epochs (model type: vqc). Proximal term mu=0.0.
2025-06-09 08:42:55,678 [INFO] src.federated.client: Client vqc_client_2: Starting local training for 3 epochs. Proximal term mu=0.0.
2025-06-09 08:42:55,963 [INFO] src.federated.client: Client vqc_client_2 - Epoch 1/3 completed. Average Loss: 0.6927
2025-06-09 08:42:56,165 [INFO] src.federated.client: Client vqc_client_2 - Epoch 2/3 completed. Average Loss: 0.6884
2025-06-09 08:42:56,380 [INFO] src.federated.client: Client vqc_client_2 - Epoch 3/3 completed. Average Loss: 0.6842
2025-06-09 08:42:56,381 [INFO] src.federated.client: Client vqc_client_2: Local training finished. Processed 6 samples.
2025-06-09 08:42:56,383 [INFO] src.core.quantum_client: Client vqc_client_3: Starting local training for 3 epochs (model type: vqc). Proximal term mu=0.0.
2025-06-09 08:42:56,383 [INFO] src.federated.client: Client vqc_client_3: Starting local training for 3 epochs. Proximal term mu=0.0.
2025-06-09 08:42:57,021 [INFO] src.federated.client: Client vqc_client_3 - Epoch 1/3 completed. Average Loss: 0.3259
2025-06-09 08:42:57,689 [INFO] src.federated.client: Client vqc_client_3 - Epoch 2/3 completed. Average Loss: 0.3216
2025-06-09 08:42:58,380 [INFO] src.federated.client: Client vqc_client_3 - Epoch 3/3 completed. Average Loss: 0.3173
2025-06-09 08:42:58,381 [INFO] src.federated.client: Client vqc_client_3: Local training finished. Processed 21 samples.
2025-06-09 08:42:58,383 [INFO] src.core.quantum_client: Client vqc_client_4: Starting local training for 3 epochs (model type: vqc). Proximal term mu=0.0.
2025-06-09 08:42:58,383 [INFO] src.federated.client: Client vqc_client_4: Starting local training for 3 epochs. Proximal term mu=0.0.
2025-06-09 08:43:08,914 [INFO] src.federated.client: Client vqc_client_4 - Epoch 1/3 completed. Average Loss: 0.4718
2025-06-09 08:43:15,756 [INFO] src.federated.client: Client vqc_client_4 - Epoch 2/3 completed. Average Loss: 0.4412
2025-06-09 08:43:22,920 [INFO] src.federated.client: Client vqc_client_4 - Epoch 3/3 completed. Average Loss: 0.4139
2025-06-09 08:43:22,921 [INFO] src.federated.client: Client vqc_client_4: Local training finished. Processed 234 samples.
2025-06-09 08:43:22,923 [INFO] src.federated.server: Aggregating updates from 3 clients using QuantumAggregationStrategy.
2025-06-09 08:43:22,923 [INFO] src.core.quantum_manager: QuantumAggregationStrategy: Detected nn.Module (QNN/VQC/Hybrid) state_dict. Delegating to base strategy: FedAvg
2025-06-09 08:43:22,923 [INFO] src.federated.aggregation: FedAvg: Aggregating updates from 3 clients.
2025-06-09 08:43:22,924 [INFO] src.federated.aggregation: FedAvg: Aggregation complete.
2025-06-09 08:43:22,925 [INFO] src.federated.server: Global model updated with aggregated parameters.
2025-06-09 08:43:22,925 [INFO] src.federated.server: Evaluating updated global model...
2025-06-09 08:43:22,925 [INFO] src.core.quantum_manager: Server: Starting evaluation of global model (type: vqc).
2025-06-09 08:43:24,356 [INFO] src.core.quantum_manager: Evaluation results: Loss=0.3405, Accuracy=0.9035
2025-06-09 08:43:24,356 [INFO] src.federated.server: Round 6 completed in 28.68s. Eval Metrics: {'loss': 0.34046646534350883, 'accuracy': 0.9035087719298246}
2025-06-09 08:43:24,356 [INFO] src.federated.server: ===== Starting Round 7/10 =====
2025-06-09 08:43:24,357 [INFO] src.federated.server: Starting federated training round...
2025-06-09 08:43:24,357 [INFO] src.federated.server: Selected 3 clients out of 5 available (fraction=0.1, min_clients=3): ['vqc_client_4', 'vqc_client_2', 'vqc_client_0']
2025-06-09 08:43:24,359 [INFO] src.core.quantum_client: Client vqc_client_4: Starting local training for 3 epochs (model type: vqc). Proximal term mu=0.0.
2025-06-09 08:43:24,359 [INFO] src.federated.client: Client vqc_client_4: Starting local training for 3 epochs. Proximal term mu=0.0.
2025-06-09 08:43:31,175 [INFO] src.federated.client: Client vqc_client_4 - Epoch 1/3 completed. Average Loss: 0.3977
2025-06-09 08:43:41,232 [INFO] src.federated.client: Client vqc_client_4 - Epoch 2/3 completed. Average Loss: 0.3762
2025-06-09 08:43:48,034 [INFO] src.federated.client: Client vqc_client_4 - Epoch 3/3 completed. Average Loss: 0.3588
2025-06-09 08:43:48,035 [INFO] src.federated.client: Client vqc_client_4: Local training finished. Processed 234 samples.
2025-06-09 08:43:48,037 [INFO] src.core.quantum_client: Client vqc_client_2: Starting local training for 3 epochs (model type: vqc). Proximal term mu=0.0.
2025-06-09 08:43:48,038 [INFO] src.federated.client: Client vqc_client_2: Starting local training for 3 epochs. Proximal term mu=0.0.
2025-06-09 08:43:48,230 [INFO] src.federated.client: Client vqc_client_2 - Epoch 1/3 completed. Average Loss: 0.6779
2025-06-09 08:43:48,421 [INFO] src.federated.client: Client vqc_client_2 - Epoch 2/3 completed. Average Loss: 0.6759
2025-06-09 08:43:48,598 [INFO] src.federated.client: Client vqc_client_2 - Epoch 3/3 completed. Average Loss: 0.6733
2025-06-09 08:43:48,599 [INFO] src.federated.client: Client vqc_client_2: Local training finished. Processed 6 samples.
2025-06-09 08:43:48,601 [INFO] src.core.quantum_client: Client vqc_client_0: Starting local training for 3 epochs (model type: vqc). Proximal term mu=0.0.
2025-06-09 08:43:48,601 [INFO] src.federated.client: Client vqc_client_0: Starting local training for 3 epochs. Proximal term mu=0.0.
2025-06-09 08:43:49,493 [INFO] src.federated.client: Client vqc_client_0 - Epoch 1/3 completed. Average Loss: 0.4777
2025-06-09 08:43:50,502 [INFO] src.federated.client: Client vqc_client_0 - Epoch 2/3 completed. Average Loss: 0.4681
2025-06-09 08:43:51,392 [INFO] src.federated.client: Client vqc_client_0 - Epoch 3/3 completed. Average Loss: 0.4588
2025-06-09 08:43:51,394 [INFO] src.federated.client: Client vqc_client_0: Local training finished. Processed 33 samples.
2025-06-09 08:43:51,395 [INFO] src.federated.server: Aggregating updates from 3 clients using QuantumAggregationStrategy.
2025-06-09 08:43:51,396 [INFO] src.core.quantum_manager: QuantumAggregationStrategy: Detected nn.Module (QNN/VQC/Hybrid) state_dict. Delegating to base strategy: FedAvg
2025-06-09 08:43:51,396 [INFO] src.federated.aggregation: FedAvg: Aggregating updates from 3 clients.
2025-06-09 08:43:51,397 [INFO] src.federated.aggregation: FedAvg: Aggregation complete.
2025-06-09 08:43:51,398 [INFO] src.federated.server: Global model updated with aggregated parameters.
2025-06-09 08:43:51,398 [INFO] src.federated.server: Evaluating updated global model...
2025-06-09 08:43:51,398 [INFO] src.core.quantum_manager: Server: Starting evaluation of global model (type: vqc).
2025-06-09 08:43:52,847 [INFO] src.core.quantum_manager: Evaluation results: Loss=0.3542, Accuracy=0.8860
2025-06-09 08:43:52,848 [INFO] src.federated.server: Round 7 completed in 28.49s. Eval Metrics: {'loss': 0.3541850855475978, 'accuracy': 0.8859649122807017}
2025-06-09 08:43:52,848 [INFO] src.federated.server: ===== Starting Round 8/10 =====
2025-06-09 08:43:52,848 [INFO] src.federated.server: Starting federated training round...
2025-06-09 08:43:52,848 [INFO] src.federated.server: Selected 3 clients out of 5 available (fraction=0.1, min_clients=3): ['vqc_client_0', 'vqc_client_2', 'vqc_client_4']
2025-06-09 08:43:52,851 [INFO] src.core.quantum_client: Client vqc_client_0: Starting local training for 3 epochs (model type: vqc). Proximal term mu=0.0.
2025-06-09 08:43:52,851 [INFO] src.federated.client: Client vqc_client_0: Starting local training for 3 epochs. Proximal term mu=0.0.
2025-06-09 08:43:54,031 [INFO] src.federated.client: Client vqc_client_0 - Epoch 1/3 completed. Average Loss: 0.4077
2025-06-09 08:43:55,183 [INFO] src.federated.client: Client vqc_client_0 - Epoch 2/3 completed. Average Loss: 0.4004
2025-06-09 08:43:56,144 [INFO] src.federated.client: Client vqc_client_0 - Epoch 3/3 completed. Average Loss: 0.3933
2025-06-09 08:43:56,145 [INFO] src.federated.client: Client vqc_client_0: Local training finished. Processed 33 samples.
2025-06-09 08:43:56,148 [INFO] src.core.quantum_client: Client vqc_client_2: Starting local training for 3 epochs (model type: vqc). Proximal term mu=0.0.
2025-06-09 08:43:56,148 [INFO] src.federated.client: Client vqc_client_2: Starting local training for 3 epochs. Proximal term mu=0.0.
2025-06-09 08:43:56,419 [INFO] src.federated.client: Client vqc_client_2 - Epoch 1/3 completed. Average Loss: 0.7077
2025-06-09 08:43:56,591 [INFO] src.federated.client: Client vqc_client_2 - Epoch 2/3 completed. Average Loss: 0.7034
2025-06-09 08:43:56,766 [INFO] src.federated.client: Client vqc_client_2 - Epoch 3/3 completed. Average Loss: 0.6981
2025-06-09 08:43:56,768 [INFO] src.federated.client: Client vqc_client_2: Local training finished. Processed 6 samples.
2025-06-09 08:43:56,769 [INFO] src.core.quantum_client: Client vqc_client_4: Starting local training for 3 epochs (model type: vqc). Proximal term mu=0.0.
2025-06-09 08:43:56,769 [INFO] src.federated.client: Client vqc_client_4: Starting local training for 3 epochs. Proximal term mu=0.0.
2025-06-09 08:44:03,565 [INFO] src.federated.client: Client vqc_client_4 - Epoch 1/3 completed. Average Loss: 0.3487
2025-06-09 08:44:10,111 [INFO] src.federated.client: Client vqc_client_4 - Epoch 2/3 completed. Average Loss: 0.3357
2025-06-09 08:44:20,394 [INFO] src.federated.client: Client vqc_client_4 - Epoch 3/3 completed. Average Loss: 0.3271
2025-06-09 08:44:20,395 [INFO] src.federated.client: Client vqc_client_4: Local training finished. Processed 234 samples.
2025-06-09 08:44:20,397 [INFO] src.federated.server: Aggregating updates from 3 clients using QuantumAggregationStrategy.
2025-06-09 08:44:20,398 [INFO] src.core.quantum_manager: QuantumAggregationStrategy: Detected nn.Module (QNN/VQC/Hybrid) state_dict. Delegating to base strategy: FedAvg
2025-06-09 08:44:20,398 [INFO] src.federated.aggregation: FedAvg: Aggregating updates from 3 clients.
2025-06-09 08:44:20,399 [INFO] src.federated.aggregation: FedAvg: Aggregation complete.
2025-06-09 08:44:20,400 [INFO] src.federated.server: Global model updated with aggregated parameters.
2025-06-09 08:44:20,400 [INFO] src.federated.server: Evaluating updated global model...
2025-06-09 08:44:20,400 [INFO] src.core.quantum_manager: Server: Starting evaluation of global model (type: vqc).
2025-06-09 08:44:21,898 [INFO] src.core.quantum_manager: Evaluation results: Loss=0.3758, Accuracy=0.8596
2025-06-09 08:44:21,899 [INFO] src.federated.server: Round 8 completed in 29.05s. Eval Metrics: {'loss': 0.3758067258617334, 'accuracy': 0.8596491228070176}
2025-06-09 08:44:21,899 [INFO] src.federated.server: ===== Starting Round 9/10 =====
2025-06-09 08:44:21,900 [INFO] src.federated.server: Starting federated training round...
2025-06-09 08:44:21,900 [INFO] src.federated.server: Selected 3 clients out of 5 available (fraction=0.1, min_clients=3): ['vqc_client_4', 'vqc_client_2', 'vqc_client_0']
2025-06-09 08:44:21,903 [INFO] src.core.quantum_client: Client vqc_client_4: Starting local training for 3 epochs (model type: vqc). Proximal term mu=0.0.
2025-06-09 08:44:21,904 [INFO] src.federated.client: Client vqc_client_4: Starting local training for 3 epochs. Proximal term mu=0.0.
2025-06-09 08:44:28,605 [INFO] src.federated.client: Client vqc_client_4 - Epoch 1/3 completed. Average Loss: 0.3204
2025-06-09 08:44:35,514 [INFO] src.federated.client: Client vqc_client_4 - Epoch 2/3 completed. Average Loss: 0.3125
2025-06-09 08:44:42,711 [INFO] src.federated.client: Client vqc_client_4 - Epoch 3/3 completed. Average Loss: 0.3064
2025-06-09 08:44:42,712 [INFO] src.federated.client: Client vqc_client_4: Local training finished. Processed 234 samples.
2025-06-09 08:44:42,714 [INFO] src.core.quantum_client: Client vqc_client_2: Starting local training for 3 epochs (model type: vqc). Proximal term mu=0.0.
2025-06-09 08:44:42,714 [INFO] src.federated.client: Client vqc_client_2: Starting local training for 3 epochs. Proximal term mu=0.0.
2025-06-09 08:44:42,888 [INFO] src.federated.client: Client vqc_client_2 - Epoch 1/3 completed. Average Loss: 0.7560
2025-06-09 08:44:43,079 [INFO] src.federated.client: Client vqc_client_2 - Epoch 2/3 completed. Average Loss: 0.7473
2025-06-09 08:44:43,271 [INFO] src.federated.client: Client vqc_client_2 - Epoch 3/3 completed. Average Loss: 0.7380
2025-06-09 08:44:43,272 [INFO] src.federated.client: Client vqc_client_2: Local training finished. Processed 6 samples.
2025-06-09 08:44:43,273 [INFO] src.core.quantum_client: Client vqc_client_0: Starting local training for 3 epochs (model type: vqc). Proximal term mu=0.0.
2025-06-09 08:44:43,273 [INFO] src.federated.client: Client vqc_client_0: Starting local training for 3 epochs. Proximal term mu=0.0.
2025-06-09 08:44:44,327 [INFO] src.federated.client: Client vqc_client_0 - Epoch 1/3 completed. Average Loss: 0.3637
2025-06-09 08:44:45,352 [INFO] src.federated.client: Client vqc_client_0 - Epoch 2/3 completed. Average Loss: 0.3576
2025-06-09 08:44:46,346 [INFO] src.federated.client: Client vqc_client_0 - Epoch 3/3 completed. Average Loss: 0.3517
2025-06-09 08:44:46,347 [INFO] src.federated.client: Client vqc_client_0: Local training finished. Processed 33 samples.
2025-06-09 08:44:46,348 [INFO] src.federated.server: Aggregating updates from 3 clients using QuantumAggregationStrategy.
2025-06-09 08:44:46,349 [INFO] src.core.quantum_manager: QuantumAggregationStrategy: Detected nn.Module (QNN/VQC/Hybrid) state_dict. Delegating to base strategy: FedAvg
2025-06-09 08:44:46,349 [INFO] src.federated.aggregation: FedAvg: Aggregating updates from 3 clients.
2025-06-09 08:44:46,350 [INFO] src.federated.aggregation: FedAvg: Aggregation complete.
2025-06-09 08:44:46,351 [INFO] src.federated.server: Global model updated with aggregated parameters.
2025-06-09 08:44:46,351 [INFO] src.federated.server: Evaluating updated global model...
2025-06-09 08:44:46,351 [INFO] src.core.quantum_manager: Server: Starting evaluation of global model (type: vqc).
2025-06-09 08:44:51,356 [INFO] src.core.quantum_manager: Evaluation results: Loss=0.3929, Accuracy=0.8509
2025-06-09 08:44:51,356 [INFO] src.federated.server: Round 9 completed in 29.46s. Eval Metrics: {'loss': 0.3929015544422886, 'accuracy': 0.8508771929824561}
2025-06-09 08:44:51,356 [INFO] src.federated.server: ===== Starting Round 10/10 =====
2025-06-09 08:44:51,356 [INFO] src.federated.server: Starting federated training round...
2025-06-09 08:44:51,356 [INFO] src.federated.server: Selected 3 clients out of 5 available (fraction=0.1, min_clients=3): ['vqc_client_0', 'vqc_client_3', 'vqc_client_1']
2025-06-09 08:44:51,359 [INFO] src.core.quantum_client: Client vqc_client_0: Starting local training for 3 epochs (model type: vqc). Proximal term mu=0.0.
2025-06-09 08:44:51,359 [INFO] src.federated.client: Client vqc_client_0: Starting local training for 3 epochs. Proximal term mu=0.0.
2025-06-09 08:44:52,343 [INFO] src.federated.client: Client vqc_client_0 - Epoch 1/3 completed. Average Loss: 0.3348
2025-06-09 08:44:53,375 [INFO] src.federated.client: Client vqc_client_0 - Epoch 2/3 completed. Average Loss: 0.3292
2025-06-09 08:44:54,374 [INFO] src.federated.client: Client vqc_client_0 - Epoch 3/3 completed. Average Loss: 0.3236
2025-06-09 08:44:54,375 [INFO] src.federated.client: Client vqc_client_0: Local training finished. Processed 33 samples.
2025-06-09 08:44:54,377 [INFO] src.core.quantum_client: Client vqc_client_3: Starting local training for 3 epochs (model type: vqc). Proximal term mu=0.0.
2025-06-09 08:44:54,377 [INFO] src.federated.client: Client vqc_client_3: Starting local training for 3 epochs. Proximal term mu=0.0.
2025-06-09 08:44:54,994 [INFO] src.federated.client: Client vqc_client_3 - Epoch 1/3 completed. Average Loss: 0.5243
2025-06-09 08:44:55,718 [INFO] src.federated.client: Client vqc_client_3 - Epoch 2/3 completed. Average Loss: 0.5164
2025-06-09 08:44:56,319 [INFO] src.federated.client: Client vqc_client_3 - Epoch 3/3 completed. Average Loss: 0.5084
2025-06-09 08:44:56,320 [INFO] src.federated.client: Client vqc_client_3: Local training finished. Processed 21 samples.
2025-06-09 08:44:56,322 [INFO] src.core.quantum_client: Client vqc_client_1: Starting local training for 3 epochs (model type: vqc). Proximal term mu=0.0.
2025-06-09 08:44:56,323 [INFO] src.federated.client: Client vqc_client_1: Starting local training for 3 epochs. Proximal term mu=0.0.
2025-06-09 08:45:30,614 [INFO] src.federated.client: Client vqc_client_1 - Epoch 1/3 completed. Average Loss: 0.3361
2025-06-09 08:46:05,647 [INFO] src.federated.client: Client vqc_client_1 - Epoch 2/3 completed. Average Loss: 0.2840
2025-06-09 08:46:40,170 [INFO] src.federated.client: Client vqc_client_1 - Epoch 3/3 completed. Average Loss: 0.2611
2025-06-09 08:46:40,171 [INFO] src.federated.client: Client vqc_client_1: Local training finished. Processed 1071 samples.
2025-06-09 08:46:40,172 [INFO] src.federated.server: Aggregating updates from 3 clients using QuantumAggregationStrategy.
2025-06-09 08:46:40,173 [INFO] src.core.quantum_manager: QuantumAggregationStrategy: Detected nn.Module (QNN/VQC/Hybrid) state_dict. Delegating to base strategy: FedAvg
2025-06-09 08:46:40,173 [INFO] src.federated.aggregation: FedAvg: Aggregating updates from 3 clients.
2025-06-09 08:46:40,174 [INFO] src.federated.aggregation: FedAvg: Aggregation complete.
2025-06-09 08:46:40,175 [INFO] src.federated.server: Global model updated with aggregated parameters.
2025-06-09 08:46:40,175 [INFO] src.federated.server: Evaluating updated global model...
2025-06-09 08:46:40,175 [INFO] src.core.quantum_manager: Server: Starting evaluation of global model (type: vqc).
2025-06-09 08:46:41,737 [INFO] src.core.quantum_manager: Evaluation results: Loss=0.2901, Accuracy=0.9211
2025-06-09 08:46:41,737 [INFO] src.federated.server: Round 10 completed in 110.38s. Eval Metrics: {'loss': 0.29013854892630325, 'accuracy': 0.9210526315789473}
2025-06-09 08:46:41,739 [INFO] src.federated.server: Federated training process completed after 10 rounds.
2025-06-09 08:46:41,739 [INFO] BC_ExperimentRunner: ========== Finished VQC_Analysis_FedAvg_NonIID_Basic ==========

2025-06-09 08:46:41,739 [INFO] BC_ExperimentRunner: ========== Starting VQC_Analysis_FedDive_NonIID_Basic ==========
2025-06-09 08:46:41,740 [INFO] BC_ExperimentRunner: --- Setting up experiment: VQC_Analysis_FedDive_NonIID_Basic for dataset breast_cancer ---
2025-06-09 08:46:41,740 [INFO] src.utils.data_utils: Set all random seeds to 42
2025-06-09 08:46:41,741 [INFO] BC_ExperimentRunner: Experiment 'VQC_Analysis_FedDive_NonIID_Basic' will use tensor_dtype: torch.float32
2025-06-09 08:46:41,741 [INFO] src.utils.data_utils: Loading dataset: breast_cancer, PCA features=4, Scaling=minmax, Subset size=None, Dtype=torch.float32
2025-06-09 08:46:41,741 [INFO] src.utils.data_utils: Set all random seeds to 42
2025-06-09 08:46:41,752 [INFO] src.utils.data_utils: Applying PCA to reduce features to 4
2025-06-09 08:46:41,754 [INFO] src.utils.data_utils: PCA applied. New feature count: 4. Explained variance: 0.8393
2025-06-09 08:46:41,755 [INFO] src.utils.data_utils: Data preparation complete for 'breast_cancer'. Train size: 455, Test size: 114, Features: 4, Classes: 2
2025-06-09 08:46:41,762 [INFO] BC_ExperimentRunner: Successfully loaded configuration from /home/dhanraj/quantum_federated_simulator/configs/federated/server_config.yaml
2025-06-09 08:46:41,766 [INFO] BC_ExperimentRunner: Successfully loaded configuration from /home/dhanraj/quantum_federated_simulator/configs/federated/client_config.yaml
2025-06-09 08:46:41,772 [INFO] BC_ExperimentRunner: Successfully loaded configuration from /home/dhanraj/quantum_federated_simulator/configs/federated/default_aggregation.yaml
2025-06-09 08:46:41,775 [INFO] BC_ExperimentRunner: Creating model of type: vqc with n_features=4, n_classes=2, initial_dtype_request=torch.float32
2025-06-09 08:46:41,775 [INFO] src.quantum.models: Initializing VQC (TorchLayer): qubits=4, layers=2, circuit='basic', device='lightning.qubit', shots=None, diff_method='best'
2025-06-09 08:46:41,776 [INFO] src.quantum.circuits: Creating basic circuit with 4 qubits, 2 layers.
2025-06-09 08:46:41,776 [INFO] src.quantum.circuits: Basic circuit expects 24 trainable parameters.
2025-06-09 08:46:41,776 [INFO] src.quantum.models: VQC circuit requires 24 parameters.
2025-06-09 08:46:41,777 [INFO] src.quantum.models: VariationalQuantumClassifier: Using 'lightning.qubit' with no shots. Defaulting to 'adjoint'.
2025-06-09 08:46:41,777 [INFO] src.quantum.models: VariationalQuantumClassifier attempting to use differentiation method: adjoint
2025-06-09 08:46:41,797 [INFO] src.quantum.models: VQC raw circuit output dimension: 4
2025-06-09 08:46:41,798 [INFO] src.quantum.models: VQC: Added Linear head: 4 -> 2 logits for CrossEntropyLoss.
2025-06-09 08:46:41,798 [INFO] src.federated.aggregation: Creating aggregation strategy of type: feddive
2025-06-09 08:46:41,798 [INFO] src.federated.aggregation: FedDive parameters: momentum=0.9, epsilon=1e-08, temperature=1.0, normalize_distances=True
2025-06-09 08:46:41,798 [INFO] BC_ExperimentRunner: Using aggregation strategy: QuantumAggregationStrategy (base: FedDive)
2025-06-09 08:46:41,799 [INFO] src.core.quantum_manager: QuantumServer: Initializing with global model type 'vqc'.
2025-06-09 08:46:41,802 [INFO] src.federated.server: Federated server initialized on device 'cuda' with aggregation strategy: QuantumAggregationStrategy
2025-06-09 08:46:41,802 [INFO] BC_ExperimentRunner: Creating model of type: vqc with n_features=4, n_classes=2, initial_dtype_request=torch.float32
2025-06-09 08:46:41,802 [INFO] src.quantum.models: Initializing VQC (TorchLayer): qubits=4, layers=2, circuit='basic', device='lightning.qubit', shots=None, diff_method='best'
2025-06-09 08:46:41,803 [INFO] src.quantum.circuits: Creating basic circuit with 4 qubits, 2 layers.
2025-06-09 08:46:41,803 [INFO] src.quantum.circuits: Basic circuit expects 24 trainable parameters.
2025-06-09 08:46:41,803 [INFO] src.quantum.models: VQC circuit requires 24 parameters.
2025-06-09 08:46:41,804 [INFO] src.quantum.models: VariationalQuantumClassifier: Using 'lightning.qubit' with no shots. Defaulting to 'adjoint'.
2025-06-09 08:46:41,804 [INFO] src.quantum.models: VariationalQuantumClassifier attempting to use differentiation method: adjoint
2025-06-09 08:46:41,828 [INFO] src.quantum.models: VQC raw circuit output dimension: 4
2025-06-09 08:46:41,829 [INFO] src.quantum.models: VQC: Added Linear head: 4 -> 2 logits for CrossEntropyLoss.
2025-06-09 08:46:41,829 [INFO] src.core.quantum_client: QuantumClient vqc_client_0: Initializing with model type 'vqc'.
2025-06-09 08:46:41,831 [INFO] src.federated.client: Client vqc_client_0 initialized on device 'cuda' with 11 samples.
2025-06-09 08:46:41,831 [INFO] BC_ExperimentRunner: Creating model of type: vqc with n_features=4, n_classes=2, initial_dtype_request=torch.float32
2025-06-09 08:46:41,832 [INFO] src.quantum.models: Initializing VQC (TorchLayer): qubits=4, layers=2, circuit='basic', device='lightning.qubit', shots=None, diff_method='best'
2025-06-09 08:46:41,832 [INFO] src.quantum.circuits: Creating basic circuit with 4 qubits, 2 layers.
2025-06-09 08:46:41,832 [INFO] src.quantum.circuits: Basic circuit expects 24 trainable parameters.
2025-06-09 08:46:41,832 [INFO] src.quantum.models: VQC circuit requires 24 parameters.
2025-06-09 08:46:41,833 [INFO] src.quantum.models: VariationalQuantumClassifier: Using 'lightning.qubit' with no shots. Defaulting to 'adjoint'.
2025-06-09 08:46:41,833 [INFO] src.quantum.models: VariationalQuantumClassifier attempting to use differentiation method: adjoint
2025-06-09 08:46:41,848 [INFO] src.quantum.models: VQC raw circuit output dimension: 4
2025-06-09 08:46:41,849 [INFO] src.quantum.models: VQC: Added Linear head: 4 -> 2 logits for CrossEntropyLoss.
2025-06-09 08:46:41,849 [INFO] src.core.quantum_client: QuantumClient vqc_client_1: Initializing with model type 'vqc'.
2025-06-09 08:46:41,852 [INFO] src.federated.client: Client vqc_client_1 initialized on device 'cuda' with 357 samples.
2025-06-09 08:46:41,852 [INFO] BC_ExperimentRunner: Creating model of type: vqc with n_features=4, n_classes=2, initial_dtype_request=torch.float32
2025-06-09 08:46:41,852 [INFO] src.quantum.models: Initializing VQC (TorchLayer): qubits=4, layers=2, circuit='basic', device='lightning.qubit', shots=None, diff_method='best'
2025-06-09 08:46:41,853 [INFO] src.quantum.circuits: Creating basic circuit with 4 qubits, 2 layers.
2025-06-09 08:46:41,853 [INFO] src.quantum.circuits: Basic circuit expects 24 trainable parameters.
2025-06-09 08:46:41,853 [INFO] src.quantum.models: VQC circuit requires 24 parameters.
2025-06-09 08:46:41,853 [INFO] src.quantum.models: VariationalQuantumClassifier: Using 'lightning.qubit' with no shots. Defaulting to 'adjoint'.
2025-06-09 08:46:41,853 [INFO] src.quantum.models: VariationalQuantumClassifier attempting to use differentiation method: adjoint
2025-06-09 08:46:41,868 [INFO] src.quantum.models: VQC raw circuit output dimension: 4
2025-06-09 08:46:41,869 [INFO] src.quantum.models: VQC: Added Linear head: 4 -> 2 logits for CrossEntropyLoss.
2025-06-09 08:46:41,869 [INFO] src.core.quantum_client: QuantumClient vqc_client_2: Initializing with model type 'vqc'.
2025-06-09 08:46:41,872 [INFO] src.federated.client: Client vqc_client_2 initialized on device 'cuda' with 2 samples.
2025-06-09 08:46:41,872 [INFO] BC_ExperimentRunner: Creating model of type: vqc with n_features=4, n_classes=2, initial_dtype_request=torch.float32
2025-06-09 08:46:41,872 [INFO] src.quantum.models: Initializing VQC (TorchLayer): qubits=4, layers=2, circuit='basic', device='lightning.qubit', shots=None, diff_method='best'
2025-06-09 08:46:41,873 [INFO] src.quantum.circuits: Creating basic circuit with 4 qubits, 2 layers.
2025-06-09 08:46:41,873 [INFO] src.quantum.circuits: Basic circuit expects 24 trainable parameters.
2025-06-09 08:46:41,873 [INFO] src.quantum.models: VQC circuit requires 24 parameters.
2025-06-09 08:46:41,873 [INFO] src.quantum.models: VariationalQuantumClassifier: Using 'lightning.qubit' with no shots. Defaulting to 'adjoint'.
2025-06-09 08:46:41,873 [INFO] src.quantum.models: VariationalQuantumClassifier attempting to use differentiation method: adjoint
2025-06-09 08:46:41,887 [INFO] src.quantum.models: VQC raw circuit output dimension: 4
2025-06-09 08:46:41,888 [INFO] src.quantum.models: VQC: Added Linear head: 4 -> 2 logits for CrossEntropyLoss.
2025-06-09 08:46:41,888 [INFO] src.core.quantum_client: QuantumClient vqc_client_3: Initializing with model type 'vqc'.
2025-06-09 08:46:41,896 [INFO] src.federated.client: Client vqc_client_3 initialized on device 'cuda' with 7 samples.
2025-06-09 08:46:41,897 [INFO] BC_ExperimentRunner: Creating model of type: vqc with n_features=4, n_classes=2, initial_dtype_request=torch.float32
2025-06-09 08:46:41,897 [INFO] src.quantum.models: Initializing VQC (TorchLayer): qubits=4, layers=2, circuit='basic', device='lightning.qubit', shots=None, diff_method='best'
2025-06-09 08:46:41,898 [INFO] src.quantum.circuits: Creating basic circuit with 4 qubits, 2 layers.
2025-06-09 08:46:41,899 [INFO] src.quantum.circuits: Basic circuit expects 24 trainable parameters.
2025-06-09 08:46:41,899 [INFO] src.quantum.models: VQC circuit requires 24 parameters.
2025-06-09 08:46:41,900 [INFO] src.quantum.models: VariationalQuantumClassifier: Using 'lightning.qubit' with no shots. Defaulting to 'adjoint'.
2025-06-09 08:46:41,900 [INFO] src.quantum.models: VariationalQuantumClassifier attempting to use differentiation method: adjoint
2025-06-09 08:46:41,913 [INFO] src.quantum.models: VQC raw circuit output dimension: 4
2025-06-09 08:46:41,914 [INFO] src.quantum.models: VQC: Added Linear head: 4 -> 2 logits for CrossEntropyLoss.
2025-06-09 08:46:41,915 [INFO] src.core.quantum_client: QuantumClient vqc_client_4: Initializing with model type 'vqc'.
2025-06-09 08:46:41,918 [INFO] src.federated.client: Client vqc_client_4 initialized on device 'cuda' with 78 samples.
2025-06-09 08:46:41,918 [INFO] src.federated.server: Registered client 'vqc_client_0'. Total clients: 1.
2025-06-09 08:46:41,918 [INFO] src.federated.server: Registered client 'vqc_client_1'. Total clients: 2.
2025-06-09 08:46:41,918 [INFO] src.federated.server: Registered client 'vqc_client_2'. Total clients: 3.
2025-06-09 08:46:41,918 [INFO] src.federated.server: Registered client 'vqc_client_3'. Total clients: 4.
2025-06-09 08:46:41,918 [INFO] src.federated.server: Registered client 'vqc_client_4'. Total clients: 5.
2025-06-09 08:46:41,918 [INFO] BC_ExperimentRunner: --- Scenario setup complete for VQC_Analysis_FedDive_NonIID_Basic ---
2025-06-09 08:46:41,919 [INFO] src.federated.server: Starting federated training process for 10 rounds.
2025-06-09 08:46:41,919 [INFO] src.federated.server: Config: local_epochs=3, client_fraction=0.1, min_clients=3, FedProx mu=0.0
2025-06-09 08:46:41,919 [INFO] src.federated.server: Performing initial evaluation of global model...
2025-06-09 08:46:41,920 [INFO] src.core.quantum_manager: Server: Starting evaluation of global model (type: vqc).
2025-06-09 08:46:43,551 [INFO] src.core.quantum_manager: Evaluation results: Loss=0.7520, Accuracy=0.3684
2025-06-09 08:46:43,552 [INFO] src.federated.server: Initial Evaluation Metrics: {'loss': 0.7520355456753781, 'accuracy': 0.3684210526315789}
2025-06-09 08:46:43,552 [INFO] src.federated.server: ===== Starting Round 1/10 =====
2025-06-09 08:46:43,552 [INFO] src.federated.server: Starting federated training round...
2025-06-09 08:46:43,552 [INFO] src.federated.server: Selected 3 clients out of 5 available (fraction=0.1, min_clients=3): ['vqc_client_1', 'vqc_client_4', 'vqc_client_3']
2025-06-09 08:46:43,555 [INFO] src.core.quantum_client: Client vqc_client_1: Starting local training for 3 epochs (model type: vqc). Proximal term mu=0.0.
2025-06-09 08:46:43,555 [INFO] src.federated.client: Client vqc_client_1: Starting local training for 3 epochs. Proximal term mu=0.0.
2025-06-09 08:47:17,678 [INFO] src.federated.client: Client vqc_client_1 - Epoch 1/3 completed. Average Loss: 0.7307
2025-06-09 08:47:41,553 [INFO] src.federated.client: Client vqc_client_1 - Epoch 2/3 completed. Average Loss: 0.6399
2025-06-09 08:47:56,421 [INFO] src.federated.client: Client vqc_client_1 - Epoch 3/3 completed. Average Loss: 0.5635
2025-06-09 08:47:56,421 [INFO] src.federated.client: Client vqc_client_1: Local training finished. Processed 1071 samples.
2025-06-09 08:47:56,422 [INFO] src.core.quantum_client: Client vqc_client_4: Starting local training for 3 epochs (model type: vqc). Proximal term mu=0.0.
2025-06-09 08:47:56,422 [INFO] src.federated.client: Client vqc_client_4: Starting local training for 3 epochs. Proximal term mu=0.0.
2025-06-09 08:47:59,656 [INFO] src.federated.client: Client vqc_client_4 - Epoch 1/3 completed. Average Loss: 0.5833
2025-06-09 08:48:02,399 [INFO] src.federated.client: Client vqc_client_4 - Epoch 2/3 completed. Average Loss: 0.5758
2025-06-09 08:48:04,820 [INFO] src.federated.client: Client vqc_client_4 - Epoch 3/3 completed. Average Loss: 0.5679
2025-06-09 08:48:04,821 [INFO] src.federated.client: Client vqc_client_4: Local training finished. Processed 234 samples.
2025-06-09 08:48:04,822 [INFO] src.core.quantum_client: Client vqc_client_3: Starting local training for 3 epochs (model type: vqc). Proximal term mu=0.0.
2025-06-09 08:48:04,822 [INFO] src.federated.client: Client vqc_client_3: Starting local training for 3 epochs. Proximal term mu=0.0.
2025-06-09 08:48:05,041 [INFO] src.federated.client: Client vqc_client_3 - Epoch 1/3 completed. Average Loss: 0.9145
2025-06-09 08:48:05,258 [INFO] src.federated.client: Client vqc_client_3 - Epoch 2/3 completed. Average Loss: 0.8999
2025-06-09 08:48:05,473 [INFO] src.federated.client: Client vqc_client_3 - Epoch 3/3 completed. Average Loss: 0.8855
2025-06-09 08:48:05,473 [INFO] src.federated.client: Client vqc_client_3: Local training finished. Processed 21 samples.
2025-06-09 08:48:05,474 [INFO] src.federated.server: Aggregating updates from 3 clients using QuantumAggregationStrategy.
2025-06-09 08:48:05,474 [INFO] src.core.quantum_manager: QuantumAggregationStrategy: Detected nn.Module (QNN/VQC/Hybrid) state_dict. Delegating to base strategy: FedDive
2025-06-09 08:48:05,474 [INFO] src.federated.aggregation: FedDive: Aggregating updates from 3 clients (momentum=0.9).
2025-06-09 08:48:05,474 [INFO] src.federated.aggregation: FedDive: Initializing velocity and previous parameters.
2025-06-09 08:48:05,475 [INFO] src.federated.aggregation: FedDive: Aggregation complete.
2025-06-09 08:48:05,476 [INFO] src.federated.server: Global model updated with aggregated parameters.
2025-06-09 08:48:05,476 [INFO] src.federated.server: Evaluating updated global model...
2025-06-09 08:48:05,476 [INFO] src.core.quantum_manager: Server: Starting evaluation of global model (type: vqc).
2025-06-09 08:48:05,922 [INFO] src.core.quantum_manager: Evaluation results: Loss=0.7229, Accuracy=0.3596
2025-06-09 08:48:05,922 [INFO] src.federated.server: Round 1 completed in 82.37s. Eval Metrics: {'loss': 0.7229294536406534, 'accuracy': 0.35964912280701755}
2025-06-09 08:48:05,922 [INFO] src.federated.server: ===== Starting Round 2/10 =====
2025-06-09 08:48:05,922 [INFO] src.federated.server: Starting federated training round...
2025-06-09 08:48:05,922 [INFO] src.federated.server: Selected 3 clients out of 5 available (fraction=0.1, min_clients=3): ['vqc_client_2', 'vqc_client_4', 'vqc_client_0']
2025-06-09 08:48:05,923 [INFO] src.core.quantum_client: Client vqc_client_2: Starting local training for 3 epochs (model type: vqc). Proximal term mu=0.0.
2025-06-09 08:48:05,923 [INFO] src.federated.client: Client vqc_client_2: Starting local training for 3 epochs. Proximal term mu=0.0.
2025-06-09 08:48:06,009 [INFO] src.federated.client: Client vqc_client_2 - Epoch 1/3 completed. Average Loss: 0.7433
2025-06-09 08:48:06,077 [INFO] src.federated.client: Client vqc_client_2 - Epoch 2/3 completed. Average Loss: 0.7387
2025-06-09 08:48:06,145 [INFO] src.federated.client: Client vqc_client_2 - Epoch 3/3 completed. Average Loss: 0.7343
2025-06-09 08:48:06,145 [INFO] src.federated.client: Client vqc_client_2: Local training finished. Processed 6 samples.
2025-06-09 08:48:06,146 [INFO] src.core.quantum_client: Client vqc_client_4: Starting local training for 3 epochs (model type: vqc). Proximal term mu=0.0.
2025-06-09 08:48:06,146 [INFO] src.federated.client: Client vqc_client_4: Starting local training for 3 epochs. Proximal term mu=0.0.
2025-06-09 08:48:08,442 [INFO] src.federated.client: Client vqc_client_4 - Epoch 1/3 completed. Average Loss: 0.5660
2025-06-09 08:48:12,173 [INFO] src.federated.client: Client vqc_client_4 - Epoch 2/3 completed. Average Loss: 0.5583
2025-06-09 08:48:14,584 [INFO] src.federated.client: Client vqc_client_4 - Epoch 3/3 completed. Average Loss: 0.5499
2025-06-09 08:48:14,584 [INFO] src.federated.client: Client vqc_client_4: Local training finished. Processed 234 samples.
2025-06-09 08:48:14,586 [INFO] src.core.quantum_client: Client vqc_client_0: Starting local training for 3 epochs (model type: vqc). Proximal term mu=0.0.
2025-06-09 08:48:14,586 [INFO] src.federated.client: Client vqc_client_0: Starting local training for 3 epochs. Proximal term mu=0.0.
2025-06-09 08:48:14,915 [INFO] src.federated.client: Client vqc_client_0 - Epoch 1/3 completed. Average Loss: 0.4193
2025-06-09 08:48:15,243 [INFO] src.federated.client: Client vqc_client_0 - Epoch 2/3 completed. Average Loss: 0.4101
2025-06-09 08:48:15,632 [INFO] src.federated.client: Client vqc_client_0 - Epoch 3/3 completed. Average Loss: 0.4009
2025-06-09 08:48:15,632 [INFO] src.federated.client: Client vqc_client_0: Local training finished. Processed 33 samples.
2025-06-09 08:48:15,633 [INFO] src.federated.server: Aggregating updates from 3 clients using QuantumAggregationStrategy.
2025-06-09 08:48:15,633 [INFO] src.core.quantum_manager: QuantumAggregationStrategy: Detected nn.Module (QNN/VQC/Hybrid) state_dict. Delegating to base strategy: FedDive
2025-06-09 08:48:15,633 [INFO] src.federated.aggregation: FedDive: Aggregating updates from 3 clients (momentum=0.9).
2025-06-09 08:48:15,634 [INFO] src.federated.aggregation: FedDive: Aggregation complete.
2025-06-09 08:48:15,635 [INFO] src.federated.server: Global model updated with aggregated parameters.
2025-06-09 08:48:15,635 [INFO] src.federated.server: Evaluating updated global model...
2025-06-09 08:48:15,635 [INFO] src.core.quantum_manager: Server: Starting evaluation of global model (type: vqc).
2025-06-09 08:48:16,099 [INFO] src.core.quantum_manager: Evaluation results: Loss=0.7312, Accuracy=0.3684
2025-06-09 08:48:16,099 [INFO] src.federated.server: Round 2 completed in 10.18s. Eval Metrics: {'loss': 0.7312342995091489, 'accuracy': 0.3684210526315789}
2025-06-09 08:48:16,099 [INFO] src.federated.server: ===== Starting Round 3/10 =====
2025-06-09 08:48:16,100 [INFO] src.federated.server: Starting federated training round...
2025-06-09 08:48:16,100 [INFO] src.federated.server: Selected 3 clients out of 5 available (fraction=0.1, min_clients=3): ['vqc_client_1', 'vqc_client_0', 'vqc_client_2']
2025-06-09 08:48:16,101 [INFO] src.core.quantum_client: Client vqc_client_1: Starting local training for 3 epochs (model type: vqc). Proximal term mu=0.0.
2025-06-09 08:48:16,101 [INFO] src.federated.client: Client vqc_client_1: Starting local training for 3 epochs. Proximal term mu=0.0.
2025-06-09 08:48:31,502 [INFO] src.federated.client: Client vqc_client_1 - Epoch 1/3 completed. Average Loss: 0.7038
2025-06-09 08:48:44,134 [INFO] src.federated.client: Client vqc_client_1 - Epoch 2/3 completed. Average Loss: 0.5999
2025-06-09 08:48:57,339 [INFO] src.federated.client: Client vqc_client_1 - Epoch 3/3 completed. Average Loss: 0.5203
2025-06-09 08:48:57,340 [INFO] src.federated.client: Client vqc_client_1: Local training finished. Processed 1071 samples.
2025-06-09 08:48:57,341 [INFO] src.core.quantum_client: Client vqc_client_0: Starting local training for 3 epochs (model type: vqc). Proximal term mu=0.0.
2025-06-09 08:48:57,341 [INFO] src.federated.client: Client vqc_client_0: Starting local training for 3 epochs. Proximal term mu=0.0.
2025-06-09 08:48:57,803 [INFO] src.federated.client: Client vqc_client_0 - Epoch 1/3 completed. Average Loss: 0.3946
2025-06-09 08:49:01,882 [INFO] src.federated.client: Client vqc_client_0 - Epoch 2/3 completed. Average Loss: 0.3855
2025-06-09 08:49:02,377 [INFO] src.federated.client: Client vqc_client_0 - Epoch 3/3 completed. Average Loss: 0.3764
2025-06-09 08:49:02,377 [INFO] src.federated.client: Client vqc_client_0: Local training finished. Processed 33 samples.
2025-06-09 08:49:02,379 [INFO] src.core.quantum_client: Client vqc_client_2: Starting local training for 3 epochs (model type: vqc). Proximal term mu=0.0.
2025-06-09 08:49:02,379 [INFO] src.federated.client: Client vqc_client_2: Starting local training for 3 epochs. Proximal term mu=0.0.
2025-06-09 08:49:02,493 [INFO] src.federated.client: Client vqc_client_2 - Epoch 1/3 completed. Average Loss: 0.7498
2025-06-09 08:49:02,579 [INFO] src.federated.client: Client vqc_client_2 - Epoch 2/3 completed. Average Loss: 0.7449
2025-06-09 08:49:02,665 [INFO] src.federated.client: Client vqc_client_2 - Epoch 3/3 completed. Average Loss: 0.7402
2025-06-09 08:49:02,666 [INFO] src.federated.client: Client vqc_client_2: Local training finished. Processed 6 samples.
2025-06-09 08:49:02,666 [INFO] src.federated.server: Aggregating updates from 3 clients using QuantumAggregationStrategy.
2025-06-09 08:49:02,666 [INFO] src.core.quantum_manager: QuantumAggregationStrategy: Detected nn.Module (QNN/VQC/Hybrid) state_dict. Delegating to base strategy: FedDive
2025-06-09 08:49:02,666 [INFO] src.federated.aggregation: FedDive: Aggregating updates from 3 clients (momentum=0.9).
2025-06-09 08:49:02,667 [INFO] src.federated.aggregation: FedDive: Aggregation complete.
2025-06-09 08:49:02,668 [INFO] src.federated.server: Global model updated with aggregated parameters.
2025-06-09 08:49:02,668 [INFO] src.federated.server: Evaluating updated global model...
2025-06-09 08:49:02,668 [INFO] src.core.quantum_manager: Server: Starting evaluation of global model (type: vqc).
2025-06-09 08:49:03,214 [INFO] src.core.quantum_manager: Evaluation results: Loss=0.7199, Accuracy=0.3596
2025-06-09 08:49:03,214 [INFO] src.federated.server: Round 3 completed in 47.11s. Eval Metrics: {'loss': 0.7198646246341237, 'accuracy': 0.35964912280701755}
2025-06-09 08:49:03,214 [INFO] src.federated.server: ===== Starting Round 4/10 =====
2025-06-09 08:49:03,214 [INFO] src.federated.server: Starting federated training round...
2025-06-09 08:49:03,214 [INFO] src.federated.server: Selected 3 clients out of 5 available (fraction=0.1, min_clients=3): ['vqc_client_1', 'vqc_client_3', 'vqc_client_4']
2025-06-09 08:49:03,215 [INFO] src.core.quantum_client: Client vqc_client_1: Starting local training for 3 epochs (model type: vqc). Proximal term mu=0.0.
2025-06-09 08:49:03,215 [INFO] src.federated.client: Client vqc_client_1: Starting local training for 3 epochs. Proximal term mu=0.0.
2025-06-09 08:49:20,666 [INFO] src.federated.client: Client vqc_client_1 - Epoch 1/3 completed. Average Loss: 0.6924
2025-06-09 08:49:42,051 [INFO] src.federated.client: Client vqc_client_1 - Epoch 2/3 completed. Average Loss: 0.5908
2025-06-09 08:49:58,540 [INFO] src.federated.client: Client vqc_client_1 - Epoch 3/3 completed. Average Loss: 0.5110
2025-06-09 08:49:58,541 [INFO] src.federated.client: Client vqc_client_1: Local training finished. Processed 1071 samples.
2025-06-09 08:49:58,542 [INFO] src.core.quantum_client: Client vqc_client_3: Starting local training for 3 epochs (model type: vqc). Proximal term mu=0.0.
2025-06-09 08:49:58,542 [INFO] src.federated.client: Client vqc_client_3: Starting local training for 3 epochs. Proximal term mu=0.0.
2025-06-09 08:49:58,856 [INFO] src.federated.client: Client vqc_client_3 - Epoch 1/3 completed. Average Loss: 0.8752
2025-06-09 08:49:59,354 [INFO] src.federated.client: Client vqc_client_3 - Epoch 2/3 completed. Average Loss: 0.8596
2025-06-09 08:49:59,872 [INFO] src.federated.client: Client vqc_client_3 - Epoch 3/3 completed. Average Loss: 0.8441
2025-06-09 08:49:59,872 [INFO] src.federated.client: Client vqc_client_3: Local training finished. Processed 21 samples.
2025-06-09 08:49:59,875 [INFO] src.core.quantum_client: Client vqc_client_4: Starting local training for 3 epochs (model type: vqc). Proximal term mu=0.0.
2025-06-09 08:49:59,875 [INFO] src.federated.client: Client vqc_client_4: Starting local training for 3 epochs. Proximal term mu=0.0.
2025-06-09 08:50:03,079 [INFO] src.federated.client: Client vqc_client_4 - Epoch 1/3 completed. Average Loss: 0.5514
2025-06-09 08:50:07,185 [INFO] src.federated.client: Client vqc_client_4 - Epoch 2/3 completed. Average Loss: 0.5428
2025-06-09 08:50:14,481 [INFO] src.federated.client: Client vqc_client_4 - Epoch 3/3 completed. Average Loss: 0.5344
2025-06-09 08:50:14,482 [INFO] src.federated.client: Client vqc_client_4: Local training finished. Processed 234 samples.
2025-06-09 08:50:14,483 [INFO] src.federated.server: Aggregating updates from 3 clients using QuantumAggregationStrategy.
2025-06-09 08:50:14,483 [INFO] src.core.quantum_manager: QuantumAggregationStrategy: Detected nn.Module (QNN/VQC/Hybrid) state_dict. Delegating to base strategy: FedDive
2025-06-09 08:50:14,483 [INFO] src.federated.aggregation: FedDive: Aggregating updates from 3 clients (momentum=0.9).
2025-06-09 08:50:14,484 [INFO] src.federated.aggregation: FedDive: Aggregation complete.
2025-06-09 08:50:14,485 [INFO] src.federated.server: Global model updated with aggregated parameters.
2025-06-09 08:50:14,485 [INFO] src.federated.server: Evaluating updated global model...
2025-06-09 08:50:14,485 [INFO] src.core.quantum_manager: Server: Starting evaluation of global model (type: vqc).
2025-06-09 08:50:15,041 [INFO] src.core.quantum_manager: Evaluation results: Loss=0.6881, Accuracy=0.3947
2025-06-09 08:50:15,042 [INFO] src.federated.server: Round 4 completed in 71.83s. Eval Metrics: {'loss': 0.6881368338016042, 'accuracy': 0.39473684210526316}
2025-06-09 08:50:15,042 [INFO] src.federated.server: ===== Starting Round 5/10 =====
2025-06-09 08:50:15,042 [INFO] src.federated.server: Starting federated training round...
2025-06-09 08:50:15,042 [INFO] src.federated.server: Selected 3 clients out of 5 available (fraction=0.1, min_clients=3): ['vqc_client_2', 'vqc_client_0', 'vqc_client_1']
2025-06-09 08:50:15,044 [INFO] src.core.quantum_client: Client vqc_client_2: Starting local training for 3 epochs (model type: vqc). Proximal term mu=0.0.
2025-06-09 08:50:15,044 [INFO] src.federated.client: Client vqc_client_2: Starting local training for 3 epochs. Proximal term mu=0.0.
2025-06-09 08:50:15,149 [INFO] src.federated.client: Client vqc_client_2 - Epoch 1/3 completed. Average Loss: 0.7505
2025-06-09 08:50:15,239 [INFO] src.federated.client: Client vqc_client_2 - Epoch 2/3 completed. Average Loss: 0.7456
2025-06-09 08:50:15,329 [INFO] src.federated.client: Client vqc_client_2 - Epoch 3/3 completed. Average Loss: 0.7409
2025-06-09 08:50:15,330 [INFO] src.federated.client: Client vqc_client_2: Local training finished. Processed 6 samples.
2025-06-09 08:50:15,331 [INFO] src.core.quantum_client: Client vqc_client_0: Starting local training for 3 epochs (model type: vqc). Proximal term mu=0.0.
2025-06-09 08:50:15,331 [INFO] src.federated.client: Client vqc_client_0: Starting local training for 3 epochs. Proximal term mu=0.0.
2025-06-09 08:50:15,779 [INFO] src.federated.client: Client vqc_client_0 - Epoch 1/3 completed. Average Loss: 0.3859
2025-06-09 08:50:16,243 [INFO] src.federated.client: Client vqc_client_0 - Epoch 2/3 completed. Average Loss: 0.3766
2025-06-09 08:50:16,707 [INFO] src.federated.client: Client vqc_client_0 - Epoch 3/3 completed. Average Loss: 0.3673
2025-06-09 08:50:16,707 [INFO] src.federated.client: Client vqc_client_0: Local training finished. Processed 33 samples.
2025-06-09 08:50:16,709 [INFO] src.core.quantum_client: Client vqc_client_1: Starting local training for 3 epochs (model type: vqc). Proximal term mu=0.0.
2025-06-09 08:50:16,709 [INFO] src.federated.client: Client vqc_client_1: Starting local training for 3 epochs. Proximal term mu=0.0.
2025-06-09 08:50:32,640 [INFO] src.federated.client: Client vqc_client_1 - Epoch 1/3 completed. Average Loss: 0.6555
2025-06-09 08:50:54,022 [INFO] src.federated.client: Client vqc_client_1 - Epoch 2/3 completed. Average Loss: 0.5521
2025-06-09 08:51:09,595 [INFO] src.federated.client: Client vqc_client_1 - Epoch 3/3 completed. Average Loss: 0.4794
2025-06-09 08:51:09,596 [INFO] src.federated.client: Client vqc_client_1: Local training finished. Processed 1071 samples.
2025-06-09 08:51:09,596 [INFO] src.federated.server: Aggregating updates from 3 clients using QuantumAggregationStrategy.
2025-06-09 08:51:09,597 [INFO] src.core.quantum_manager: QuantumAggregationStrategy: Detected nn.Module (QNN/VQC/Hybrid) state_dict. Delegating to base strategy: FedDive
2025-06-09 08:51:09,597 [INFO] src.federated.aggregation: FedDive: Aggregating updates from 3 clients (momentum=0.9).
2025-06-09 08:51:09,598 [INFO] src.federated.aggregation: FedDive: Aggregation complete.
2025-06-09 08:51:09,598 [INFO] src.federated.server: Global model updated with aggregated parameters.
2025-06-09 08:51:09,598 [INFO] src.federated.server: Evaluating updated global model...
2025-06-09 08:51:09,598 [INFO] src.core.quantum_manager: Server: Starting evaluation of global model (type: vqc).
2025-06-09 08:51:10,178 [INFO] src.core.quantum_manager: Evaluation results: Loss=0.6761, Accuracy=0.4211
2025-06-09 08:51:10,178 [INFO] src.federated.server: Round 5 completed in 55.14s. Eval Metrics: {'loss': 0.6761128222733214, 'accuracy': 0.42105263157894735}
2025-06-09 08:51:10,179 [INFO] src.federated.server: ===== Starting Round 6/10 =====
2025-06-09 08:51:10,179 [INFO] src.federated.server: Starting federated training round...
2025-06-09 08:51:10,179 [INFO] src.federated.server: Selected 3 clients out of 5 available (fraction=0.1, min_clients=3): ['vqc_client_2', 'vqc_client_3', 'vqc_client_4']
2025-06-09 08:51:10,180 [INFO] src.core.quantum_client: Client vqc_client_2: Starting local training for 3 epochs (model type: vqc). Proximal term mu=0.0.
2025-06-09 08:51:10,180 [INFO] src.federated.client: Client vqc_client_2: Starting local training for 3 epochs. Proximal term mu=0.0.
2025-06-09 08:51:10,278 [INFO] src.federated.client: Client vqc_client_2 - Epoch 1/3 completed. Average Loss: 0.7475
2025-06-09 08:51:10,377 [INFO] src.federated.client: Client vqc_client_2 - Epoch 2/3 completed. Average Loss: 0.7427
2025-06-09 08:51:10,464 [INFO] src.federated.client: Client vqc_client_2 - Epoch 3/3 completed. Average Loss: 0.7381
2025-06-09 08:51:10,465 [INFO] src.federated.client: Client vqc_client_2: Local training finished. Processed 6 samples.
2025-06-09 08:51:10,466 [INFO] src.core.quantum_client: Client vqc_client_3: Starting local training for 3 epochs (model type: vqc). Proximal term mu=0.0.
2025-06-09 08:51:10,466 [INFO] src.federated.client: Client vqc_client_3: Starting local training for 3 epochs. Proximal term mu=0.0.
2025-06-09 08:51:10,761 [INFO] src.federated.client: Client vqc_client_3 - Epoch 1/3 completed. Average Loss: 0.8104
2025-06-09 08:51:11,058 [INFO] src.federated.client: Client vqc_client_3 - Epoch 2/3 completed. Average Loss: 0.7943
2025-06-09 08:51:11,346 [INFO] src.federated.client: Client vqc_client_3 - Epoch 3/3 completed. Average Loss: 0.7785
2025-06-09 08:51:11,346 [INFO] src.federated.client: Client vqc_client_3: Local training finished. Processed 21 samples.
2025-06-09 08:51:11,348 [INFO] src.core.quantum_client: Client vqc_client_4: Starting local training for 3 epochs (model type: vqc). Proximal term mu=0.0.
2025-06-09 08:51:11,348 [INFO] src.federated.client: Client vqc_client_4: Starting local training for 3 epochs. Proximal term mu=0.0.
2025-06-09 08:51:14,697 [INFO] src.federated.client: Client vqc_client_4 - Epoch 1/3 completed. Average Loss: 0.5241
2025-06-09 08:51:17,935 [INFO] src.federated.client: Client vqc_client_4 - Epoch 2/3 completed. Average Loss: 0.5153
2025-06-09 08:51:21,275 [INFO] src.federated.client: Client vqc_client_4 - Epoch 3/3 completed. Average Loss: 0.5060
2025-06-09 08:51:21,275 [INFO] src.federated.client: Client vqc_client_4: Local training finished. Processed 234 samples.
2025-06-09 08:51:21,276 [INFO] src.federated.server: Aggregating updates from 3 clients using QuantumAggregationStrategy.
2025-06-09 08:51:21,277 [INFO] src.core.quantum_manager: QuantumAggregationStrategy: Detected nn.Module (QNN/VQC/Hybrid) state_dict. Delegating to base strategy: FedDive
2025-06-09 08:51:21,277 [INFO] src.federated.aggregation: FedDive: Aggregating updates from 3 clients (momentum=0.9).
2025-06-09 08:51:21,278 [INFO] src.federated.aggregation: FedDive: Aggregation complete.
2025-06-09 08:51:21,279 [INFO] src.federated.server: Global model updated with aggregated parameters.
2025-06-09 08:51:21,279 [INFO] src.federated.server: Evaluating updated global model...
2025-06-09 08:51:21,279 [INFO] src.core.quantum_manager: Server: Starting evaluation of global model (type: vqc).
2025-06-09 08:51:25,409 [INFO] src.core.quantum_manager: Evaluation results: Loss=0.6617, Accuracy=0.4474
2025-06-09 08:51:25,410 [INFO] src.federated.server: Round 6 completed in 15.23s. Eval Metrics: {'loss': 0.661695589099014, 'accuracy': 0.4473684210526316}
2025-06-09 08:51:25,410 [INFO] src.federated.server: ===== Starting Round 7/10 =====
2025-06-09 08:51:25,410 [INFO] src.federated.server: Starting federated training round...
2025-06-09 08:51:25,410 [INFO] src.federated.server: Selected 3 clients out of 5 available (fraction=0.1, min_clients=3): ['vqc_client_4', 'vqc_client_2', 'vqc_client_0']
2025-06-09 08:51:25,411 [INFO] src.core.quantum_client: Client vqc_client_4: Starting local training for 3 epochs (model type: vqc). Proximal term mu=0.0.
2025-06-09 08:51:25,411 [INFO] src.federated.client: Client vqc_client_4: Starting local training for 3 epochs. Proximal term mu=0.0.
2025-06-09 08:51:28,614 [INFO] src.federated.client: Client vqc_client_4 - Epoch 1/3 completed. Average Loss: 0.5062
2025-06-09 08:51:32,509 [INFO] src.federated.client: Client vqc_client_4 - Epoch 2/3 completed. Average Loss: 0.4970
2025-06-09 08:51:35,704 [INFO] src.federated.client: Client vqc_client_4 - Epoch 3/3 completed. Average Loss: 0.4879
2025-06-09 08:51:35,704 [INFO] src.federated.client: Client vqc_client_4: Local training finished. Processed 234 samples.
2025-06-09 08:51:35,707 [INFO] src.core.quantum_client: Client vqc_client_2: Starting local training for 3 epochs (model type: vqc). Proximal term mu=0.0.
2025-06-09 08:51:35,707 [INFO] src.federated.client: Client vqc_client_2: Starting local training for 3 epochs. Proximal term mu=0.0.
2025-06-09 08:51:35,860 [INFO] src.federated.client: Client vqc_client_2 - Epoch 1/3 completed. Average Loss: 0.7541
2025-06-09 08:51:35,943 [INFO] src.federated.client: Client vqc_client_2 - Epoch 2/3 completed. Average Loss: 0.7492
2025-06-09 08:51:36,032 [INFO] src.federated.client: Client vqc_client_2 - Epoch 3/3 completed. Average Loss: 0.7444
2025-06-09 08:51:36,032 [INFO] src.federated.client: Client vqc_client_2: Local training finished. Processed 6 samples.
2025-06-09 08:51:36,033 [INFO] src.core.quantum_client: Client vqc_client_0: Starting local training for 3 epochs (model type: vqc). Proximal term mu=0.0.
2025-06-09 08:51:36,034 [INFO] src.federated.client: Client vqc_client_0: Starting local training for 3 epochs. Proximal term mu=0.0.
2025-06-09 08:51:36,532 [INFO] src.federated.client: Client vqc_client_0 - Epoch 1/3 completed. Average Loss: 0.3641
2025-06-09 08:51:36,988 [INFO] src.federated.client: Client vqc_client_0 - Epoch 2/3 completed. Average Loss: 0.3548
2025-06-09 08:51:37,803 [INFO] src.federated.client: Client vqc_client_0 - Epoch 3/3 completed. Average Loss: 0.3456
2025-06-09 08:51:37,803 [INFO] src.federated.client: Client vqc_client_0: Local training finished. Processed 33 samples.
2025-06-09 08:51:37,804 [INFO] src.federated.server: Aggregating updates from 3 clients using QuantumAggregationStrategy.
2025-06-09 08:51:37,804 [INFO] src.core.quantum_manager: QuantumAggregationStrategy: Detected nn.Module (QNN/VQC/Hybrid) state_dict. Delegating to base strategy: FedDive
2025-06-09 08:51:37,804 [INFO] src.federated.aggregation: FedDive: Aggregating updates from 3 clients (momentum=0.9).
2025-06-09 08:51:37,805 [INFO] src.federated.aggregation: FedDive: Aggregation complete.
2025-06-09 08:51:37,806 [INFO] src.federated.server: Global model updated with aggregated parameters.
2025-06-09 08:51:37,806 [INFO] src.federated.server: Evaluating updated global model...
2025-06-09 08:51:37,806 [INFO] src.core.quantum_manager: Server: Starting evaluation of global model (type: vqc).
2025-06-09 08:51:38,358 [INFO] src.core.quantum_manager: Evaluation results: Loss=0.6672, Accuracy=0.4474
2025-06-09 08:51:38,358 [INFO] src.federated.server: Round 7 completed in 12.95s. Eval Metrics: {'loss': 0.6671958900334543, 'accuracy': 0.4473684210526316}
2025-06-09 08:51:38,358 [INFO] src.federated.server: ===== Starting Round 8/10 =====
2025-06-09 08:51:38,358 [INFO] src.federated.server: Starting federated training round...
2025-06-09 08:51:38,358 [INFO] src.federated.server: Selected 3 clients out of 5 available (fraction=0.1, min_clients=3): ['vqc_client_0', 'vqc_client_2', 'vqc_client_4']
2025-06-09 08:51:38,359 [INFO] src.core.quantum_client: Client vqc_client_0: Starting local training for 3 epochs (model type: vqc). Proximal term mu=0.0.
2025-06-09 08:51:38,359 [INFO] src.federated.client: Client vqc_client_0: Starting local training for 3 epochs. Proximal term mu=0.0.
2025-06-09 08:51:38,835 [INFO] src.federated.client: Client vqc_client_0 - Epoch 1/3 completed. Average Loss: 0.3373
2025-06-09 08:51:39,350 [INFO] src.federated.client: Client vqc_client_0 - Epoch 2/3 completed. Average Loss: 0.3283
2025-06-09 08:51:39,995 [INFO] src.federated.client: Client vqc_client_0 - Epoch 3/3 completed. Average Loss: 0.3194
2025-06-09 08:51:39,996 [INFO] src.federated.client: Client vqc_client_0: Local training finished. Processed 33 samples.
2025-06-09 08:51:39,998 [INFO] src.core.quantum_client: Client vqc_client_2: Starting local training for 3 epochs (model type: vqc). Proximal term mu=0.0.
2025-06-09 08:51:39,998 [INFO] src.federated.client: Client vqc_client_2: Starting local training for 3 epochs. Proximal term mu=0.0.
2025-06-09 08:51:40,122 [INFO] src.federated.client: Client vqc_client_2 - Epoch 1/3 completed. Average Loss: 0.7649
2025-06-09 08:51:40,322 [INFO] src.federated.client: Client vqc_client_2 - Epoch 2/3 completed. Average Loss: 0.7596
2025-06-09 08:51:40,436 [INFO] src.federated.client: Client vqc_client_2 - Epoch 3/3 completed. Average Loss: 0.7543
2025-06-09 08:51:40,436 [INFO] src.federated.client: Client vqc_client_2: Local training finished. Processed 6 samples.
2025-06-09 08:51:40,437 [INFO] src.core.quantum_client: Client vqc_client_4: Starting local training for 3 epochs (model type: vqc). Proximal term mu=0.0.
2025-06-09 08:51:40,437 [INFO] src.federated.client: Client vqc_client_4: Starting local training for 3 epochs. Proximal term mu=0.0.
2025-06-09 08:51:44,308 [INFO] src.federated.client: Client vqc_client_4 - Epoch 1/3 completed. Average Loss: 0.4942
2025-06-09 08:51:47,522 [INFO] src.federated.client: Client vqc_client_4 - Epoch 2/3 completed. Average Loss: 0.4851
2025-06-09 08:51:51,121 [INFO] src.federated.client: Client vqc_client_4 - Epoch 3/3 completed. Average Loss: 0.4769
2025-06-09 08:51:51,121 [INFO] src.federated.client: Client vqc_client_4: Local training finished. Processed 234 samples.
2025-06-09 08:51:51,122 [INFO] src.federated.server: Aggregating updates from 3 clients using QuantumAggregationStrategy.
2025-06-09 08:51:51,123 [INFO] src.core.quantum_manager: QuantumAggregationStrategy: Detected nn.Module (QNN/VQC/Hybrid) state_dict. Delegating to base strategy: FedDive
2025-06-09 08:51:51,123 [INFO] src.federated.aggregation: FedDive: Aggregating updates from 3 clients (momentum=0.9).
2025-06-09 08:51:51,123 [INFO] src.federated.aggregation: FedDive: Aggregation complete.
2025-06-09 08:51:51,124 [INFO] src.federated.server: Global model updated with aggregated parameters.
2025-06-09 08:51:51,124 [INFO] src.federated.server: Evaluating updated global model...
2025-06-09 08:51:51,124 [INFO] src.core.quantum_manager: Server: Starting evaluation of global model (type: vqc).
2025-06-09 08:51:51,681 [INFO] src.core.quantum_manager: Evaluation results: Loss=0.6747, Accuracy=0.4298
2025-06-09 08:51:51,681 [INFO] src.federated.server: Round 8 completed in 13.32s. Eval Metrics: {'loss': 0.674694744118473, 'accuracy': 0.4298245614035088}
2025-06-09 08:51:51,681 [INFO] src.federated.server: ===== Starting Round 9/10 =====
2025-06-09 08:51:51,681 [INFO] src.federated.server: Starting federated training round...
2025-06-09 08:51:51,682 [INFO] src.federated.server: Selected 3 clients out of 5 available (fraction=0.1, min_clients=3): ['vqc_client_4', 'vqc_client_2', 'vqc_client_0']
2025-06-09 08:51:51,682 [INFO] src.core.quantum_client: Client vqc_client_4: Starting local training for 3 epochs (model type: vqc). Proximal term mu=0.0.
2025-06-09 08:51:51,682 [INFO] src.federated.client: Client vqc_client_4: Starting local training for 3 epochs. Proximal term mu=0.0.
2025-06-09 08:51:55,107 [INFO] src.federated.client: Client vqc_client_4 - Epoch 1/3 completed. Average Loss: 0.4839
2025-06-09 08:52:03,200 [INFO] src.federated.client: Client vqc_client_4 - Epoch 2/3 completed. Average Loss: 0.4752
2025-06-09 08:52:07,069 [INFO] src.federated.client: Client vqc_client_4 - Epoch 3/3 completed. Average Loss: 0.4663
2025-06-09 08:52:07,069 [INFO] src.federated.client: Client vqc_client_4: Local training finished. Processed 234 samples.
2025-06-09 08:52:07,071 [INFO] src.core.quantum_client: Client vqc_client_2: Starting local training for 3 epochs (model type: vqc). Proximal term mu=0.0.
2025-06-09 08:52:07,072 [INFO] src.federated.client: Client vqc_client_2: Starting local training for 3 epochs. Proximal term mu=0.0.
2025-06-09 08:52:07,165 [INFO] src.federated.client: Client vqc_client_2 - Epoch 1/3 completed. Average Loss: 0.7769
2025-06-09 08:52:07,263 [INFO] src.federated.client: Client vqc_client_2 - Epoch 2/3 completed. Average Loss: 0.7710
2025-06-09 08:52:07,353 [INFO] src.federated.client: Client vqc_client_2 - Epoch 3/3 completed. Average Loss: 0.7653
2025-06-09 08:52:07,353 [INFO] src.federated.client: Client vqc_client_2: Local training finished. Processed 6 samples.
2025-06-09 08:52:07,354 [INFO] src.core.quantum_client: Client vqc_client_0: Starting local training for 3 epochs (model type: vqc). Proximal term mu=0.0.
2025-06-09 08:52:07,355 [INFO] src.federated.client: Client vqc_client_0: Starting local training for 3 epochs. Proximal term mu=0.0.
2025-06-09 08:52:08,219 [INFO] src.federated.client: Client vqc_client_0 - Epoch 1/3 completed. Average Loss: 0.3123
2025-06-09 08:52:08,668 [INFO] src.federated.client: Client vqc_client_0 - Epoch 2/3 completed. Average Loss: 0.3036
2025-06-09 08:52:09,148 [INFO] src.federated.client: Client vqc_client_0 - Epoch 3/3 completed. Average Loss: 0.2951
2025-06-09 08:52:09,149 [INFO] src.federated.client: Client vqc_client_0: Local training finished. Processed 33 samples.
2025-06-09 08:52:09,150 [INFO] src.federated.server: Aggregating updates from 3 clients using QuantumAggregationStrategy.
2025-06-09 08:52:09,150 [INFO] src.core.quantum_manager: QuantumAggregationStrategy: Detected nn.Module (QNN/VQC/Hybrid) state_dict. Delegating to base strategy: FedDive
2025-06-09 08:52:09,150 [INFO] src.federated.aggregation: FedDive: Aggregating updates from 3 clients (momentum=0.9).
2025-06-09 08:52:09,151 [INFO] src.federated.aggregation: FedDive: Aggregation complete.
2025-06-09 08:52:09,152 [INFO] src.federated.server: Global model updated with aggregated parameters.
2025-06-09 08:52:09,152 [INFO] src.federated.server: Evaluating updated global model...
2025-06-09 08:52:09,152 [INFO] src.core.quantum_manager: Server: Starting evaluation of global model (type: vqc).
2025-06-09 08:52:09,692 [INFO] src.core.quantum_manager: Evaluation results: Loss=0.6836, Accuracy=0.4211
2025-06-09 08:52:09,692 [INFO] src.federated.server: Round 9 completed in 18.01s. Eval Metrics: {'loss': 0.6835899028861732, 'accuracy': 0.42105263157894735}
2025-06-09 08:52:09,692 [INFO] src.federated.server: ===== Starting Round 10/10 =====
2025-06-09 08:52:09,693 [INFO] src.federated.server: Starting federated training round...
2025-06-09 08:52:09,693 [INFO] src.federated.server: Selected 3 clients out of 5 available (fraction=0.1, min_clients=3): ['vqc_client_0', 'vqc_client_3', 'vqc_client_1']
2025-06-09 08:52:09,694 [INFO] src.core.quantum_client: Client vqc_client_0: Starting local training for 3 epochs (model type: vqc). Proximal term mu=0.0.
2025-06-09 08:52:09,694 [INFO] src.federated.client: Client vqc_client_0: Starting local training for 3 epochs. Proximal term mu=0.0.
2025-06-09 08:52:10,184 [INFO] src.federated.client: Client vqc_client_0 - Epoch 1/3 completed. Average Loss: 0.2911
2025-06-09 08:52:10,876 [INFO] src.federated.client: Client vqc_client_0 - Epoch 2/3 completed. Average Loss: 0.2827
2025-06-09 08:52:11,341 [INFO] src.federated.client: Client vqc_client_0 - Epoch 3/3 completed. Average Loss: 0.2745
2025-06-09 08:52:11,341 [INFO] src.federated.client: Client vqc_client_0: Local training finished. Processed 33 samples.
2025-06-09 08:52:11,342 [INFO] src.core.quantum_client: Client vqc_client_3: Starting local training for 3 epochs (model type: vqc). Proximal term mu=0.0.
2025-06-09 08:52:11,342 [INFO] src.federated.client: Client vqc_client_3: Starting local training for 3 epochs. Proximal term mu=0.0.
2025-06-09 08:52:11,625 [INFO] src.federated.client: Client vqc_client_3 - Epoch 1/3 completed. Average Loss: 0.8590
2025-06-09 08:52:11,907 [INFO] src.federated.client: Client vqc_client_3 - Epoch 2/3 completed. Average Loss: 0.8398
2025-06-09 08:52:12,255 [INFO] src.federated.client: Client vqc_client_3 - Epoch 3/3 completed. Average Loss: 0.8207
2025-06-09 08:52:12,256 [INFO] src.federated.client: Client vqc_client_3: Local training finished. Processed 21 samples.
2025-06-09 08:52:12,258 [INFO] src.core.quantum_client: Client vqc_client_1: Starting local training for 3 epochs (model type: vqc). Proximal term mu=0.0.
2025-06-09 08:52:12,258 [INFO] src.federated.client: Client vqc_client_1: Starting local training for 3 epochs. Proximal term mu=0.0.
2025-06-09 08:52:27,849 [INFO] src.federated.client: Client vqc_client_1 - Epoch 1/3 completed. Average Loss: 0.6356
2025-06-09 08:52:48,065 [INFO] src.federated.client: Client vqc_client_1 - Epoch 2/3 completed. Average Loss: 0.5066
2025-06-09 08:53:03,709 [INFO] src.federated.client: Client vqc_client_1 - Epoch 3/3 completed. Average Loss: 0.4285
2025-06-09 08:53:03,709 [INFO] src.federated.client: Client vqc_client_1: Local training finished. Processed 1071 samples.
2025-06-09 08:53:03,710 [INFO] src.federated.server: Aggregating updates from 3 clients using QuantumAggregationStrategy.
2025-06-09 08:53:03,710 [INFO] src.core.quantum_manager: QuantumAggregationStrategy: Detected nn.Module (QNN/VQC/Hybrid) state_dict. Delegating to base strategy: FedDive
2025-06-09 08:53:03,710 [INFO] src.federated.aggregation: FedDive: Aggregating updates from 3 clients (momentum=0.9).
2025-06-09 08:53:03,711 [INFO] src.federated.aggregation: FedDive: Aggregation complete.
2025-06-09 08:53:03,712 [INFO] src.federated.server: Global model updated with aggregated parameters.
2025-06-09 08:53:03,712 [INFO] src.federated.server: Evaluating updated global model...
2025-06-09 08:53:03,712 [INFO] src.core.quantum_manager: Server: Starting evaluation of global model (type: vqc).
2025-06-09 08:53:04,242 [INFO] src.core.quantum_manager: Evaluation results: Loss=0.6577, Accuracy=0.4474
2025-06-09 08:53:04,242 [INFO] src.federated.server: Round 10 completed in 54.55s. Eval Metrics: {'loss': 0.6576856730277079, 'accuracy': 0.4473684210526316}
2025-06-09 08:53:04,242 [INFO] src.federated.server: Federated training process completed after 10 rounds.
2025-06-09 08:53:04,242 [INFO] BC_ExperimentRunner: ========== Finished VQC_Analysis_FedDive_NonIID_Basic ==========

2025-06-09 08:53:04,242 [INFO] BC_ExperimentRunner: ========== Starting VQC_Analysis_FedAvg_IID_Complex ==========
2025-06-09 08:53:04,242 [INFO] BC_ExperimentRunner: --- Setting up experiment: VQC_Analysis_FedAvg_IID_Complex for dataset breast_cancer ---
2025-06-09 08:53:04,243 [INFO] src.utils.data_utils: Set all random seeds to 42
2025-06-09 08:53:04,243 [INFO] BC_ExperimentRunner: Experiment 'VQC_Analysis_FedAvg_IID_Complex' will use tensor_dtype: torch.float32
2025-06-09 08:53:04,243 [INFO] src.utils.data_utils: Loading dataset: breast_cancer, PCA features=4, Scaling=minmax, Subset size=None, Dtype=torch.float32
2025-06-09 08:53:04,243 [INFO] src.utils.data_utils: Set all random seeds to 42
2025-06-09 08:53:04,249 [INFO] src.utils.data_utils: Applying PCA to reduce features to 4
2025-06-09 08:53:04,250 [INFO] src.utils.data_utils: PCA applied. New feature count: 4. Explained variance: 0.8393
2025-06-09 08:53:04,250 [INFO] src.utils.data_utils: Data preparation complete for 'breast_cancer'. Train size: 455, Test size: 114, Features: 4, Classes: 2
2025-06-09 08:53:04,254 [INFO] BC_ExperimentRunner: Successfully loaded configuration from /home/dhanraj/quantum_federated_simulator/configs/federated/server_config.yaml
2025-06-09 08:53:04,256 [INFO] BC_ExperimentRunner: Successfully loaded configuration from /home/dhanraj/quantum_federated_simulator/configs/federated/client_config.yaml
2025-06-09 08:53:04,259 [INFO] BC_ExperimentRunner: Successfully loaded configuration from /home/dhanraj/quantum_federated_simulator/configs/federated/default_aggregation.yaml
2025-06-09 08:53:04,259 [INFO] BC_ExperimentRunner: Creating model of type: vqc with n_features=4, n_classes=2, initial_dtype_request=torch.float32
2025-06-09 08:53:04,259 [INFO] src.quantum.models: Initializing VQC (TorchLayer): qubits=4, layers=2, circuit='complex', device='lightning.qubit', shots=None, diff_method='best'
2025-06-09 08:53:04,260 [INFO] src.quantum.circuits: Creating complex circuit with 4 qubits, 2 layers.
2025-06-09 08:53:04,260 [INFO] src.quantum.circuits: Complex circuit expects 48 trainable parameters.
2025-06-09 08:53:04,260 [INFO] src.quantum.models: VQC circuit requires 48 parameters.
2025-06-09 08:53:04,260 [INFO] src.quantum.models: VariationalQuantumClassifier: Using 'lightning.qubit' with no shots. Defaulting to 'adjoint'.
2025-06-09 08:53:04,260 [INFO] src.quantum.models: VariationalQuantumClassifier attempting to use differentiation method: adjoint
2025-06-09 08:53:04,268 [INFO] src.quantum.models: VQC raw circuit output dimension: 6
2025-06-09 08:53:04,269 [INFO] src.quantum.models: VQC: Added Linear head: 6 -> 2 logits for CrossEntropyLoss.
2025-06-09 08:53:04,269 [INFO] src.federated.aggregation: Creating aggregation strategy of type: fedavg
2025-06-09 08:53:04,269 [INFO] BC_ExperimentRunner: Using aggregation strategy: QuantumAggregationStrategy (base: FedAvg)
2025-06-09 08:53:04,269 [INFO] src.core.quantum_manager: QuantumServer: Initializing with global model type 'vqc'.
2025-06-09 08:53:04,271 [INFO] src.federated.server: Federated server initialized on device 'cuda' with aggregation strategy: QuantumAggregationStrategy
2025-06-09 08:53:04,271 [INFO] BC_ExperimentRunner: Creating model of type: vqc with n_features=4, n_classes=2, initial_dtype_request=torch.float32
2025-06-09 08:53:04,271 [INFO] src.quantum.models: Initializing VQC (TorchLayer): qubits=4, layers=2, circuit='complex', device='lightning.qubit', shots=None, diff_method='best'
2025-06-09 08:53:04,271 [INFO] src.quantum.circuits: Creating complex circuit with 4 qubits, 2 layers.
2025-06-09 08:53:04,272 [INFO] src.quantum.circuits: Complex circuit expects 48 trainable parameters.
2025-06-09 08:53:04,272 [INFO] src.quantum.models: VQC circuit requires 48 parameters.
2025-06-09 08:53:04,272 [INFO] src.quantum.models: VariationalQuantumClassifier: Using 'lightning.qubit' with no shots. Defaulting to 'adjoint'.
2025-06-09 08:53:04,272 [INFO] src.quantum.models: VariationalQuantumClassifier attempting to use differentiation method: adjoint
2025-06-09 08:53:04,281 [INFO] src.quantum.models: VQC raw circuit output dimension: 6
2025-06-09 08:53:04,281 [INFO] src.quantum.models: VQC: Added Linear head: 6 -> 2 logits for CrossEntropyLoss.
2025-06-09 08:53:04,282 [INFO] src.core.quantum_client: QuantumClient vqc_client_0: Initializing with model type 'vqc'.
2025-06-09 08:53:04,283 [INFO] src.federated.client: Client vqc_client_0 initialized on device 'cuda' with 91 samples.
2025-06-09 08:53:04,283 [INFO] BC_ExperimentRunner: Creating model of type: vqc with n_features=4, n_classes=2, initial_dtype_request=torch.float32
2025-06-09 08:53:04,284 [INFO] src.quantum.models: Initializing VQC (TorchLayer): qubits=4, layers=2, circuit='complex', device='lightning.qubit', shots=None, diff_method='best'
2025-06-09 08:53:04,284 [INFO] src.quantum.circuits: Creating complex circuit with 4 qubits, 2 layers.
2025-06-09 08:53:04,284 [INFO] src.quantum.circuits: Complex circuit expects 48 trainable parameters.
2025-06-09 08:53:04,284 [INFO] src.quantum.models: VQC circuit requires 48 parameters.
2025-06-09 08:53:04,284 [INFO] src.quantum.models: VariationalQuantumClassifier: Using 'lightning.qubit' with no shots. Defaulting to 'adjoint'.
2025-06-09 08:53:04,284 [INFO] src.quantum.models: VariationalQuantumClassifier attempting to use differentiation method: adjoint
2025-06-09 08:53:04,294 [INFO] src.quantum.models: VQC raw circuit output dimension: 6
2025-06-09 08:53:04,295 [INFO] src.quantum.models: VQC: Added Linear head: 6 -> 2 logits for CrossEntropyLoss.
2025-06-09 08:53:04,295 [INFO] src.core.quantum_client: QuantumClient vqc_client_1: Initializing with model type 'vqc'.
2025-06-09 08:53:04,297 [INFO] src.federated.client: Client vqc_client_1 initialized on device 'cuda' with 91 samples.
2025-06-09 08:53:04,297 [INFO] BC_ExperimentRunner: Creating model of type: vqc with n_features=4, n_classes=2, initial_dtype_request=torch.float32
2025-06-09 08:53:04,297 [INFO] src.quantum.models: Initializing VQC (TorchLayer): qubits=4, layers=2, circuit='complex', device='lightning.qubit', shots=None, diff_method='best'
2025-06-09 08:53:04,298 [INFO] src.quantum.circuits: Creating complex circuit with 4 qubits, 2 layers.
2025-06-09 08:53:04,298 [INFO] src.quantum.circuits: Complex circuit expects 48 trainable parameters.
2025-06-09 08:53:04,298 [INFO] src.quantum.models: VQC circuit requires 48 parameters.
2025-06-09 08:53:04,298 [INFO] src.quantum.models: VariationalQuantumClassifier: Using 'lightning.qubit' with no shots. Defaulting to 'adjoint'.
2025-06-09 08:53:04,299 [INFO] src.quantum.models: VariationalQuantumClassifier attempting to use differentiation method: adjoint
2025-06-09 08:53:04,308 [INFO] src.quantum.models: VQC raw circuit output dimension: 6
2025-06-09 08:53:04,309 [INFO] src.quantum.models: VQC: Added Linear head: 6 -> 2 logits for CrossEntropyLoss.
2025-06-09 08:53:04,309 [INFO] src.core.quantum_client: QuantumClient vqc_client_2: Initializing with model type 'vqc'.
2025-06-09 08:53:04,311 [INFO] src.federated.client: Client vqc_client_2 initialized on device 'cuda' with 91 samples.
2025-06-09 08:53:04,311 [INFO] BC_ExperimentRunner: Creating model of type: vqc with n_features=4, n_classes=2, initial_dtype_request=torch.float32
2025-06-09 08:53:04,311 [INFO] src.quantum.models: Initializing VQC (TorchLayer): qubits=4, layers=2, circuit='complex', device='lightning.qubit', shots=None, diff_method='best'
2025-06-09 08:53:04,312 [INFO] src.quantum.circuits: Creating complex circuit with 4 qubits, 2 layers.
2025-06-09 08:53:04,312 [INFO] src.quantum.circuits: Complex circuit expects 48 trainable parameters.
2025-06-09 08:53:04,313 [INFO] src.quantum.models: VQC circuit requires 48 parameters.
2025-06-09 08:53:04,313 [INFO] src.quantum.models: VariationalQuantumClassifier: Using 'lightning.qubit' with no shots. Defaulting to 'adjoint'.
2025-06-09 08:53:04,313 [INFO] src.quantum.models: VariationalQuantumClassifier attempting to use differentiation method: adjoint
2025-06-09 08:53:04,330 [INFO] src.quantum.models: VQC raw circuit output dimension: 6
2025-06-09 08:53:04,330 [INFO] src.quantum.models: VQC: Added Linear head: 6 -> 2 logits for CrossEntropyLoss.
2025-06-09 08:53:04,331 [INFO] src.core.quantum_client: QuantumClient vqc_client_3: Initializing with model type 'vqc'.
2025-06-09 08:53:04,332 [INFO] src.federated.client: Client vqc_client_3 initialized on device 'cuda' with 91 samples.
2025-06-09 08:53:04,333 [INFO] BC_ExperimentRunner: Creating model of type: vqc with n_features=4, n_classes=2, initial_dtype_request=torch.float32
2025-06-09 08:53:04,333 [INFO] src.quantum.models: Initializing VQC (TorchLayer): qubits=4, layers=2, circuit='complex', device='lightning.qubit', shots=None, diff_method='best'
2025-06-09 08:53:04,333 [INFO] src.quantum.circuits: Creating complex circuit with 4 qubits, 2 layers.
2025-06-09 08:53:04,334 [INFO] src.quantum.circuits: Complex circuit expects 48 trainable parameters.
2025-06-09 08:53:04,334 [INFO] src.quantum.models: VQC circuit requires 48 parameters.
2025-06-09 08:53:04,334 [INFO] src.quantum.models: VariationalQuantumClassifier: Using 'lightning.qubit' with no shots. Defaulting to 'adjoint'.
2025-06-09 08:53:04,334 [INFO] src.quantum.models: VariationalQuantumClassifier attempting to use differentiation method: adjoint
2025-06-09 08:53:04,348 [INFO] src.quantum.models: VQC raw circuit output dimension: 6
2025-06-09 08:53:04,349 [INFO] src.quantum.models: VQC: Added Linear head: 6 -> 2 logits for CrossEntropyLoss.
2025-06-09 08:53:04,349 [INFO] src.core.quantum_client: QuantumClient vqc_client_4: Initializing with model type 'vqc'.
2025-06-09 08:53:04,351 [INFO] src.federated.client: Client vqc_client_4 initialized on device 'cuda' with 91 samples.
2025-06-09 08:53:04,351 [INFO] src.federated.server: Registered client 'vqc_client_0'. Total clients: 1.
2025-06-09 08:53:04,352 [INFO] src.federated.server: Registered client 'vqc_client_1'. Total clients: 2.
2025-06-09 08:53:04,352 [INFO] src.federated.server: Registered client 'vqc_client_2'. Total clients: 3.
2025-06-09 08:53:04,352 [INFO] src.federated.server: Registered client 'vqc_client_3'. Total clients: 4.
2025-06-09 08:53:04,352 [INFO] src.federated.server: Registered client 'vqc_client_4'. Total clients: 5.
2025-06-09 08:53:04,352 [INFO] BC_ExperimentRunner: --- Scenario setup complete for VQC_Analysis_FedAvg_IID_Complex ---
2025-06-09 08:53:04,352 [INFO] src.federated.server: Starting federated training process for 10 rounds.
2025-06-09 08:53:04,352 [INFO] src.federated.server: Config: local_epochs=3, client_fraction=0.1, min_clients=3, FedProx mu=0.0
2025-06-09 08:53:04,353 [INFO] src.federated.server: Performing initial evaluation of global model...
2025-06-09 08:53:04,353 [INFO] src.core.quantum_manager: Server: Starting evaluation of global model (type: vqc).
2025-06-09 08:53:05,637 [INFO] src.core.quantum_manager: Evaluation results: Loss=0.7065, Accuracy=0.4561
2025-06-09 08:53:05,637 [INFO] src.federated.server: Initial Evaluation Metrics: {'loss': 0.7064662282926994, 'accuracy': 0.45614035087719296}
2025-06-09 08:53:05,637 [INFO] src.federated.server: ===== Starting Round 1/10 =====
2025-06-09 08:53:05,637 [INFO] src.federated.server: Starting federated training round...
2025-06-09 08:53:05,637 [INFO] src.federated.server: Selected 3 clients out of 5 available (fraction=0.1, min_clients=3): ['vqc_client_0', 'vqc_client_4', 'vqc_client_2']
2025-06-09 08:53:05,638 [INFO] src.core.quantum_client: Client vqc_client_0: Starting local training for 3 epochs (model type: vqc). Proximal term mu=0.0.
2025-06-09 08:53:05,639 [INFO] src.federated.client: Client vqc_client_0: Starting local training for 3 epochs. Proximal term mu=0.0.
2025-06-09 08:53:19,861 [INFO] src.federated.client: Client vqc_client_0 - Epoch 1/3 completed. Average Loss: 0.6855
2025-06-09 08:53:29,399 [INFO] src.federated.client: Client vqc_client_0 - Epoch 2/3 completed. Average Loss: 0.6507
2025-06-09 08:53:39,838 [INFO] src.federated.client: Client vqc_client_0 - Epoch 3/3 completed. Average Loss: 0.6191
2025-06-09 08:53:39,839 [INFO] src.federated.client: Client vqc_client_0: Local training finished. Processed 273 samples.
2025-06-09 08:53:39,843 [INFO] src.core.quantum_client: Client vqc_client_4: Starting local training for 3 epochs (model type: vqc). Proximal term mu=0.0.
2025-06-09 08:53:39,843 [INFO] src.federated.client: Client vqc_client_4: Starting local training for 3 epochs. Proximal term mu=0.0.
2025-06-09 08:53:53,190 [INFO] src.federated.client: Client vqc_client_4 - Epoch 1/3 completed. Average Loss: 0.7055
2025-06-09 08:54:03,704 [INFO] src.federated.client: Client vqc_client_4 - Epoch 2/3 completed. Average Loss: 0.6660
2025-06-09 08:54:13,317 [INFO] src.federated.client: Client vqc_client_4 - Epoch 3/3 completed. Average Loss: 0.6271
2025-06-09 08:54:13,317 [INFO] src.federated.client: Client vqc_client_4: Local training finished. Processed 273 samples.
2025-06-09 08:54:13,322 [INFO] src.core.quantum_client: Client vqc_client_2: Starting local training for 3 epochs (model type: vqc). Proximal term mu=0.0.
2025-06-09 08:54:13,323 [INFO] src.federated.client: Client vqc_client_2: Starting local training for 3 epochs. Proximal term mu=0.0.
2025-06-09 08:54:26,886 [INFO] src.federated.client: Client vqc_client_2 - Epoch 1/3 completed. Average Loss: 0.6926
2025-06-09 08:54:36,654 [INFO] src.federated.client: Client vqc_client_2 - Epoch 2/3 completed. Average Loss: 0.6589
2025-06-09 08:54:46,283 [INFO] src.federated.client: Client vqc_client_2 - Epoch 3/3 completed. Average Loss: 0.6229
2025-06-09 08:54:46,283 [INFO] src.federated.client: Client vqc_client_2: Local training finished. Processed 273 samples.
2025-06-09 08:54:46,287 [INFO] src.federated.server: Aggregating updates from 3 clients using QuantumAggregationStrategy.
2025-06-09 08:54:46,288 [INFO] src.core.quantum_manager: QuantumAggregationStrategy: Detected nn.Module (QNN/VQC/Hybrid) state_dict. Delegating to base strategy: FedAvg
2025-06-09 08:54:46,288 [INFO] src.federated.aggregation: FedAvg: Aggregating updates from 3 clients.
2025-06-09 08:54:46,288 [INFO] src.federated.aggregation: FedAvg: Aggregation complete.
2025-06-09 08:54:46,289 [INFO] src.federated.server: Global model updated with aggregated parameters.
2025-06-09 08:54:46,289 [INFO] src.federated.server: Evaluating updated global model...
2025-06-09 08:54:46,289 [INFO] src.core.quantum_manager: Server: Starting evaluation of global model (type: vqc).
2025-06-09 08:54:48,710 [INFO] src.core.quantum_manager: Evaluation results: Loss=0.6100, Accuracy=0.8246
2025-06-09 08:54:48,710 [INFO] src.federated.server: Round 1 completed in 103.07s. Eval Metrics: {'loss': 0.6099984394876581, 'accuracy': 0.8245614035087719}
2025-06-09 08:54:48,711 [INFO] src.federated.server: ===== Starting Round 2/10 =====
2025-06-09 08:54:48,711 [INFO] src.federated.server: Starting federated training round...
2025-06-09 08:54:48,711 [INFO] src.federated.server: Selected 3 clients out of 5 available (fraction=0.1, min_clients=3): ['vqc_client_2', 'vqc_client_1', 'vqc_client_0']
2025-06-09 08:54:48,713 [INFO] src.core.quantum_client: Client vqc_client_2: Starting local training for 3 epochs (model type: vqc). Proximal term mu=0.0.
2025-06-09 08:54:48,713 [INFO] src.federated.client: Client vqc_client_2: Starting local training for 3 epochs. Proximal term mu=0.0.
2025-06-09 08:55:02,661 [INFO] src.federated.client: Client vqc_client_2 - Epoch 1/3 completed. Average Loss: 0.5886
2025-06-09 08:55:13,030 [INFO] src.federated.client: Client vqc_client_2 - Epoch 2/3 completed. Average Loss: 0.5578
2025-06-09 08:55:23,494 [INFO] src.federated.client: Client vqc_client_2 - Epoch 3/3 completed. Average Loss: 0.5302
2025-06-09 08:55:23,494 [INFO] src.federated.client: Client vqc_client_2: Local training finished. Processed 273 samples.
2025-06-09 08:55:23,498 [INFO] src.core.quantum_client: Client vqc_client_1: Starting local training for 3 epochs (model type: vqc). Proximal term mu=0.0.
2025-06-09 08:55:23,499 [INFO] src.federated.client: Client vqc_client_1: Starting local training for 3 epochs. Proximal term mu=0.0.
2025-06-09 08:55:37,968 [INFO] src.federated.client: Client vqc_client_1 - Epoch 1/3 completed. Average Loss: 0.5963
2025-06-09 08:55:49,107 [INFO] src.federated.client: Client vqc_client_1 - Epoch 2/3 completed. Average Loss: 0.5644
2025-06-09 08:55:59,371 [INFO] src.federated.client: Client vqc_client_1 - Epoch 3/3 completed. Average Loss: 0.5366
2025-06-09 08:55:59,372 [INFO] src.federated.client: Client vqc_client_1: Local training finished. Processed 273 samples.
2025-06-09 08:55:59,376 [INFO] src.core.quantum_client: Client vqc_client_0: Starting local training for 3 epochs (model type: vqc). Proximal term mu=0.0.
2025-06-09 08:55:59,377 [INFO] src.federated.client: Client vqc_client_0: Starting local training for 3 epochs. Proximal term mu=0.0.
2025-06-09 08:56:12,704 [INFO] src.federated.client: Client vqc_client_0 - Epoch 1/3 completed. Average Loss: 0.5914
2025-06-09 08:56:22,376 [INFO] src.federated.client: Client vqc_client_0 - Epoch 2/3 completed. Average Loss: 0.5658
2025-06-09 08:56:32,777 [INFO] src.federated.client: Client vqc_client_0 - Epoch 3/3 completed. Average Loss: 0.5396
2025-06-09 08:56:32,777 [INFO] src.federated.client: Client vqc_client_0: Local training finished. Processed 273 samples.
2025-06-09 08:56:32,781 [INFO] src.federated.server: Aggregating updates from 3 clients using QuantumAggregationStrategy.
2025-06-09 08:56:32,781 [INFO] src.core.quantum_manager: QuantumAggregationStrategy: Detected nn.Module (QNN/VQC/Hybrid) state_dict. Delegating to base strategy: FedAvg
2025-06-09 08:56:32,781 [INFO] src.federated.aggregation: FedAvg: Aggregating updates from 3 clients.
2025-06-09 08:56:32,782 [INFO] src.federated.aggregation: FedAvg: Aggregation complete.
2025-06-09 08:56:32,782 [INFO] src.federated.server: Global model updated with aggregated parameters.
2025-06-09 08:56:32,782 [INFO] src.federated.server: Evaluating updated global model...
2025-06-09 08:56:32,782 [INFO] src.core.quantum_manager: Server: Starting evaluation of global model (type: vqc).
2025-06-09 08:56:33,865 [INFO] src.core.quantum_manager: Evaluation results: Loss=0.5277, Accuracy=0.9211
2025-06-09 08:56:33,865 [INFO] src.federated.server: Round 2 completed in 105.15s. Eval Metrics: {'loss': 0.5277157018059179, 'accuracy': 0.9210526315789473}
2025-06-09 08:56:33,865 [INFO] src.federated.server: ===== Starting Round 3/10 =====
2025-06-09 08:56:33,865 [INFO] src.federated.server: Starting federated training round...
2025-06-09 08:56:33,865 [INFO] src.federated.server: Selected 3 clients out of 5 available (fraction=0.1, min_clients=3): ['vqc_client_1', 'vqc_client_0', 'vqc_client_2']
2025-06-09 08:56:33,867 [INFO] src.core.quantum_client: Client vqc_client_1: Starting local training for 3 epochs (model type: vqc). Proximal term mu=0.0.
2025-06-09 08:56:33,867 [INFO] src.federated.client: Client vqc_client_1: Starting local training for 3 epochs. Proximal term mu=0.0.
2025-06-09 08:56:43,548 [INFO] src.federated.client: Client vqc_client_1 - Epoch 1/3 completed. Average Loss: 0.5148
2025-06-09 08:56:57,576 [INFO] src.federated.client: Client vqc_client_1 - Epoch 2/3 completed. Average Loss: 0.4924
2025-06-09 08:57:07,245 [INFO] src.federated.client: Client vqc_client_1 - Epoch 3/3 completed. Average Loss: 0.4718
2025-06-09 08:57:07,245 [INFO] src.federated.client: Client vqc_client_1: Local training finished. Processed 273 samples.
2025-06-09 08:57:07,249 [INFO] src.core.quantum_client: Client vqc_client_0: Starting local training for 3 epochs (model type: vqc). Proximal term mu=0.0.
2025-06-09 08:57:07,250 [INFO] src.federated.client: Client vqc_client_0: Starting local training for 3 epochs. Proximal term mu=0.0.
2025-06-09 08:57:17,379 [INFO] src.federated.client: Client vqc_client_0 - Epoch 1/3 completed. Average Loss: 0.5188
2025-06-09 08:57:30,713 [INFO] src.federated.client: Client vqc_client_0 - Epoch 2/3 completed. Average Loss: 0.5005
2025-06-09 08:57:40,526 [INFO] src.federated.client: Client vqc_client_0 - Epoch 3/3 completed. Average Loss: 0.4829
2025-06-09 08:57:40,527 [INFO] src.federated.client: Client vqc_client_0: Local training finished. Processed 273 samples.
2025-06-09 08:57:40,531 [INFO] src.core.quantum_client: Client vqc_client_2: Starting local training for 3 epochs (model type: vqc). Proximal term mu=0.0.
2025-06-09 08:57:40,532 [INFO] src.federated.client: Client vqc_client_2: Starting local training for 3 epochs. Proximal term mu=0.0.
2025-06-09 08:57:51,163 [INFO] src.federated.client: Client vqc_client_2 - Epoch 1/3 completed. Average Loss: 0.5024
2025-06-09 08:58:05,077 [INFO] src.federated.client: Client vqc_client_2 - Epoch 2/3 completed. Average Loss: 0.4801
2025-06-09 08:58:15,747 [INFO] src.federated.client: Client vqc_client_2 - Epoch 3/3 completed. Average Loss: 0.4579
2025-06-09 08:58:15,747 [INFO] src.federated.client: Client vqc_client_2: Local training finished. Processed 273 samples.
2025-06-09 08:58:15,751 [INFO] src.federated.server: Aggregating updates from 3 clients using QuantumAggregationStrategy.
2025-06-09 08:58:15,751 [INFO] src.core.quantum_manager: QuantumAggregationStrategy: Detected nn.Module (QNN/VQC/Hybrid) state_dict. Delegating to base strategy: FedAvg
2025-06-09 08:58:15,751 [INFO] src.federated.aggregation: FedAvg: Aggregating updates from 3 clients.
2025-06-09 08:58:15,752 [INFO] src.federated.aggregation: FedAvg: Aggregation complete.
2025-06-09 08:58:15,752 [INFO] src.federated.server: Global model updated with aggregated parameters.
2025-06-09 08:58:15,752 [INFO] src.federated.server: Evaluating updated global model...
2025-06-09 08:58:15,752 [INFO] src.core.quantum_manager: Server: Starting evaluation of global model (type: vqc).
2025-06-09 08:58:16,890 [INFO] src.core.quantum_manager: Evaluation results: Loss=0.4661, Accuracy=0.9123
2025-06-09 08:58:16,890 [INFO] src.federated.server: Round 3 completed in 103.02s. Eval Metrics: {'loss': 0.4661308307396738, 'accuracy': 0.9122807017543859}
2025-06-09 08:58:16,890 [INFO] src.federated.server: ===== Starting Round 4/10 =====
2025-06-09 08:58:16,890 [INFO] src.federated.server: Starting federated training round...
2025-06-09 08:58:16,890 [INFO] src.federated.server: Selected 3 clients out of 5 available (fraction=0.1, min_clients=3): ['vqc_client_4', 'vqc_client_0', 'vqc_client_2']
2025-06-09 08:58:16,891 [INFO] src.core.quantum_client: Client vqc_client_4: Starting local training for 3 epochs (model type: vqc). Proximal term mu=0.0.
2025-06-09 08:58:16,891 [INFO] src.federated.client: Client vqc_client_4: Starting local training for 3 epochs. Proximal term mu=0.0.
2025-06-09 08:58:27,402 [INFO] src.federated.client: Client vqc_client_4 - Epoch 1/3 completed. Average Loss: 0.4253
2025-06-09 08:58:48,123 [INFO] src.federated.client: Client vqc_client_4 - Epoch 2/3 completed. Average Loss: 0.4058
2025-06-09 08:59:00,397 [INFO] src.federated.client: Client vqc_client_4 - Epoch 3/3 completed. Average Loss: 0.3885
2025-06-09 08:59:00,397 [INFO] src.federated.client: Client vqc_client_4: Local training finished. Processed 273 samples.
2025-06-09 08:59:00,401 [INFO] src.core.quantum_client: Client vqc_client_0: Starting local training for 3 epochs (model type: vqc). Proximal term mu=0.0.
2025-06-09 08:59:00,402 [INFO] src.federated.client: Client vqc_client_0: Starting local training for 3 epochs. Proximal term mu=0.0.
2025-06-09 08:59:17,401 [INFO] src.federated.client: Client vqc_client_0 - Epoch 1/3 completed. Average Loss: 0.4668
2025-06-09 08:59:39,702 [INFO] src.federated.client: Client vqc_client_0 - Epoch 2/3 completed. Average Loss: 0.4520
2025-06-09 09:00:05,453 [INFO] src.federated.client: Client vqc_client_0 - Epoch 3/3 completed. Average Loss: 0.4377
2025-06-09 09:00:05,454 [INFO] src.federated.client: Client vqc_client_0: Local training finished. Processed 273 samples.
2025-06-09 09:00:05,463 [INFO] src.core.quantum_client: Client vqc_client_2: Starting local training for 3 epochs (model type: vqc). Proximal term mu=0.0.
2025-06-09 09:00:05,464 [INFO] src.federated.client: Client vqc_client_2: Starting local training for 3 epochs. Proximal term mu=0.0.
2025-06-09 09:00:31,696 [INFO] src.federated.client: Client vqc_client_2 - Epoch 1/3 completed. Average Loss: 0.4393
2025-06-09 09:00:53,695 [INFO] src.federated.client: Client vqc_client_2 - Epoch 2/3 completed. Average Loss: 0.4219
2025-06-09 09:01:19,616 [INFO] src.federated.client: Client vqc_client_2 - Epoch 3/3 completed. Average Loss: 0.4048
2025-06-09 09:01:19,617 [INFO] src.federated.client: Client vqc_client_2: Local training finished. Processed 273 samples.
2025-06-09 09:01:19,622 [INFO] src.federated.server: Aggregating updates from 3 clients using QuantumAggregationStrategy.
2025-06-09 09:01:19,623 [INFO] src.core.quantum_manager: QuantumAggregationStrategy: Detected nn.Module (QNN/VQC/Hybrid) state_dict. Delegating to base strategy: FedAvg
2025-06-09 09:01:19,624 [INFO] src.federated.aggregation: FedAvg: Aggregating updates from 3 clients.
2025-06-09 09:01:19,625 [INFO] src.federated.aggregation: FedAvg: Aggregation complete.
2025-06-09 09:01:19,627 [INFO] src.federated.server: Global model updated with aggregated parameters.
2025-06-09 09:01:19,627 [INFO] src.federated.server: Evaluating updated global model...
2025-06-09 09:01:19,627 [INFO] src.core.quantum_manager: Server: Starting evaluation of global model (type: vqc).
2025-06-09 09:01:22,587 [INFO] src.core.quantum_manager: Evaluation results: Loss=0.4219, Accuracy=0.9123
2025-06-09 09:01:22,588 [INFO] src.federated.server: Round 4 completed in 185.70s. Eval Metrics: {'loss': 0.421879860392788, 'accuracy': 0.9122807017543859}
2025-06-09 09:01:22,588 [INFO] src.federated.server: ===== Starting Round 5/10 =====
2025-06-09 09:01:22,588 [INFO] src.federated.server: Starting federated training round...
2025-06-09 09:01:22,589 [INFO] src.federated.server: Selected 3 clients out of 5 available (fraction=0.1, min_clients=3): ['vqc_client_3', 'vqc_client_0', 'vqc_client_4']
2025-06-09 09:01:22,592 [INFO] src.core.quantum_client: Client vqc_client_3: Starting local training for 3 epochs (model type: vqc). Proximal term mu=0.0.
2025-06-09 09:01:22,593 [INFO] src.federated.client: Client vqc_client_3: Starting local training for 3 epochs. Proximal term mu=0.0.
2025-06-09 09:01:48,321 [INFO] src.federated.client: Client vqc_client_3 - Epoch 1/3 completed. Average Loss: 0.4665
2025-06-09 09:02:13,771 [INFO] src.federated.client: Client vqc_client_3 - Epoch 2/3 completed. Average Loss: 0.4481
2025-06-09 09:02:35,746 [INFO] src.federated.client: Client vqc_client_3 - Epoch 3/3 completed. Average Loss: 0.4324
2025-06-09 09:02:35,747 [INFO] src.federated.client: Client vqc_client_3: Local training finished. Processed 273 samples.
2025-06-09 09:02:35,752 [INFO] src.core.quantum_client: Client vqc_client_0: Starting local training for 3 epochs (model type: vqc). Proximal term mu=0.0.
2025-06-09 09:02:35,753 [INFO] src.federated.client: Client vqc_client_0: Starting local training for 3 epochs. Proximal term mu=0.0.
2025-06-09 09:03:01,375 [INFO] src.federated.client: Client vqc_client_0 - Epoch 1/3 completed. Average Loss: 0.4303
2025-06-09 09:03:27,094 [INFO] src.federated.client: Client vqc_client_0 - Epoch 2/3 completed. Average Loss: 0.4154
2025-06-09 09:03:49,017 [INFO] src.federated.client: Client vqc_client_0 - Epoch 3/3 completed. Average Loss: 0.4017
2025-06-09 09:03:49,018 [INFO] src.federated.client: Client vqc_client_0: Local training finished. Processed 273 samples.
2025-06-09 09:03:49,026 [INFO] src.core.quantum_client: Client vqc_client_4: Starting local training for 3 epochs (model type: vqc). Proximal term mu=0.0.
2025-06-09 09:03:49,026 [INFO] src.federated.client: Client vqc_client_4: Starting local training for 3 epochs. Proximal term mu=0.0.
2025-06-09 09:04:14,826 [INFO] src.federated.client: Client vqc_client_4 - Epoch 1/3 completed. Average Loss: 0.3736
2025-06-09 09:04:40,581 [INFO] src.federated.client: Client vqc_client_4 - Epoch 2/3 completed. Average Loss: 0.3584
2025-06-09 09:05:02,853 [INFO] src.federated.client: Client vqc_client_4 - Epoch 3/3 completed. Average Loss: 0.3448
2025-06-09 09:05:02,854 [INFO] src.federated.client: Client vqc_client_4: Local training finished. Processed 273 samples.
2025-06-09 09:05:02,859 [INFO] src.federated.server: Aggregating updates from 3 clients using QuantumAggregationStrategy.
2025-06-09 09:05:02,860 [INFO] src.core.quantum_manager: QuantumAggregationStrategy: Detected nn.Module (QNN/VQC/Hybrid) state_dict. Delegating to base strategy: FedAvg
2025-06-09 09:05:02,860 [INFO] src.federated.aggregation: FedAvg: Aggregating updates from 3 clients.
2025-06-09 09:05:02,861 [INFO] src.federated.aggregation: FedAvg: Aggregation complete.
2025-06-09 09:05:02,862 [INFO] src.federated.server: Global model updated with aggregated parameters.
2025-06-09 09:05:02,862 [INFO] src.federated.server: Evaluating updated global model...
2025-06-09 09:05:02,862 [INFO] src.core.quantum_manager: Server: Starting evaluation of global model (type: vqc).
2025-06-09 09:05:09,633 [INFO] src.core.quantum_manager: Evaluation results: Loss=0.3842, Accuracy=0.9298
2025-06-09 09:05:09,633 [INFO] src.federated.server: Round 5 completed in 227.05s. Eval Metrics: {'loss': 0.3841688334941864, 'accuracy': 0.9298245614035088}
2025-06-09 09:05:09,634 [INFO] src.federated.server: ===== Starting Round 6/10 =====
2025-06-09 09:05:09,634 [INFO] src.federated.server: Starting federated training round...
2025-06-09 09:05:09,634 [INFO] src.federated.server: Selected 3 clients out of 5 available (fraction=0.1, min_clients=3): ['vqc_client_0', 'vqc_client_1', 'vqc_client_4']
2025-06-09 09:05:09,636 [INFO] src.core.quantum_client: Client vqc_client_0: Starting local training for 3 epochs (model type: vqc). Proximal term mu=0.0.
2025-06-09 09:05:09,636 [INFO] src.federated.client: Client vqc_client_0: Starting local training for 3 epochs. Proximal term mu=0.0.
2025-06-09 09:05:31,929 [INFO] src.federated.client: Client vqc_client_0 - Epoch 1/3 completed. Average Loss: 0.3898
2025-06-09 09:05:57,284 [INFO] src.federated.client: Client vqc_client_0 - Epoch 2/3 completed. Average Loss: 0.3761
2025-06-09 09:06:23,137 [INFO] src.federated.client: Client vqc_client_0 - Epoch 3/3 completed. Average Loss: 0.3632
2025-06-09 09:06:23,138 [INFO] src.federated.client: Client vqc_client_0: Local training finished. Processed 273 samples.
2025-06-09 09:06:23,146 [INFO] src.core.quantum_client: Client vqc_client_1: Starting local training for 3 epochs (model type: vqc). Proximal term mu=0.0.
2025-06-09 09:06:23,149 [INFO] src.federated.client: Client vqc_client_1: Starting local training for 3 epochs. Proximal term mu=0.0.
2025-06-09 09:06:44,821 [INFO] src.federated.client: Client vqc_client_1 - Epoch 1/3 completed. Average Loss: 0.3760
2025-06-09 09:07:10,847 [INFO] src.federated.client: Client vqc_client_1 - Epoch 2/3 completed. Average Loss: 0.3632
2025-06-09 09:07:37,778 [INFO] src.federated.client: Client vqc_client_1 - Epoch 3/3 completed. Average Loss: 0.3498
2025-06-09 09:07:37,780 [INFO] src.federated.client: Client vqc_client_1: Local training finished. Processed 273 samples.
2025-06-09 09:07:37,786 [INFO] src.core.quantum_client: Client vqc_client_4: Starting local training for 3 epochs (model type: vqc). Proximal term mu=0.0.
2025-06-09 09:07:37,787 [INFO] src.federated.client: Client vqc_client_4: Starting local training for 3 epochs. Proximal term mu=0.0.
2025-06-09 09:08:00,357 [INFO] src.federated.client: Client vqc_client_4 - Epoch 1/3 completed. Average Loss: 0.3362
2025-06-09 09:08:26,579 [INFO] src.federated.client: Client vqc_client_4 - Epoch 2/3 completed. Average Loss: 0.3227
2025-06-09 09:08:52,472 [INFO] src.federated.client: Client vqc_client_4 - Epoch 3/3 completed. Average Loss: 0.3094
2025-06-09 09:08:52,473 [INFO] src.federated.client: Client vqc_client_4: Local training finished. Processed 273 samples.
2025-06-09 09:08:52,478 [INFO] src.federated.server: Aggregating updates from 3 clients using QuantumAggregationStrategy.
2025-06-09 09:08:52,479 [INFO] src.core.quantum_manager: QuantumAggregationStrategy: Detected nn.Module (QNN/VQC/Hybrid) state_dict. Delegating to base strategy: FedAvg
2025-06-09 09:08:52,479 [INFO] src.federated.aggregation: FedAvg: Aggregating updates from 3 clients.
2025-06-09 09:08:52,481 [INFO] src.federated.aggregation: FedAvg: Aggregation complete.
2025-06-09 09:08:52,482 [INFO] src.federated.server: Global model updated with aggregated parameters.
2025-06-09 09:08:52,482 [INFO] src.federated.server: Evaluating updated global model...
2025-06-09 09:08:52,482 [INFO] src.core.quantum_manager: Server: Starting evaluation of global model (type: vqc).
2025-06-09 09:08:55,388 [INFO] src.core.quantum_manager: Evaluation results: Loss=0.3511, Accuracy=0.9298
2025-06-09 09:08:55,388 [INFO] src.federated.server: Round 6 completed in 225.75s. Eval Metrics: {'loss': 0.35107600375225667, 'accuracy': 0.9298245614035088}
2025-06-09 09:08:55,388 [INFO] src.federated.server: ===== Starting Round 7/10 =====
2025-06-09 09:08:55,389 [INFO] src.federated.server: Starting federated training round...
2025-06-09 09:08:55,389 [INFO] src.federated.server: Selected 3 clients out of 5 available (fraction=0.1, min_clients=3): ['vqc_client_4', 'vqc_client_0', 'vqc_client_2']
2025-06-09 09:08:55,392 [INFO] src.core.quantum_client: Client vqc_client_4: Starting local training for 3 epochs (model type: vqc). Proximal term mu=0.0.
2025-06-09 09:08:55,392 [INFO] src.federated.client: Client vqc_client_4: Starting local training for 3 epochs. Proximal term mu=0.0.
2025-06-09 09:09:20,709 [INFO] src.federated.client: Client vqc_client_4 - Epoch 1/3 completed. Average Loss: 0.3022
2025-06-09 09:09:41,483 [INFO] src.federated.client: Client vqc_client_4 - Epoch 2/3 completed. Average Loss: 0.2899
2025-06-09 09:10:06,263 [INFO] src.federated.client: Client vqc_client_4 - Epoch 3/3 completed. Average Loss: 0.2782
2025-06-09 09:10:06,264 [INFO] src.federated.client: Client vqc_client_4: Local training finished. Processed 273 samples.
2025-06-09 09:10:06,271 [INFO] src.core.quantum_client: Client vqc_client_0: Starting local training for 3 epochs (model type: vqc). Proximal term mu=0.0.
2025-06-09 09:10:06,272 [INFO] src.federated.client: Client vqc_client_0: Starting local training for 3 epochs. Proximal term mu=0.0.
2025-06-09 09:10:26,870 [INFO] src.federated.client: Client vqc_client_0 - Epoch 1/3 completed. Average Loss: 0.3564
2025-06-09 09:10:51,074 [INFO] src.federated.client: Client vqc_client_0 - Epoch 2/3 completed. Average Loss: 0.3443
2025-06-09 09:11:16,097 [INFO] src.federated.client: Client vqc_client_0 - Epoch 3/3 completed. Average Loss: 0.3331
2025-06-09 09:11:16,098 [INFO] src.federated.client: Client vqc_client_0: Local training finished. Processed 273 samples.
2025-06-09 09:11:16,104 [INFO] src.core.quantum_client: Client vqc_client_2: Starting local training for 3 epochs (model type: vqc). Proximal term mu=0.0.
2025-06-09 09:11:16,106 [INFO] src.federated.client: Client vqc_client_2: Starting local training for 3 epochs. Proximal term mu=0.0.
2025-06-09 09:11:36,497 [INFO] src.federated.client: Client vqc_client_2 - Epoch 1/3 completed. Average Loss: 0.3178
2025-06-09 09:12:01,306 [INFO] src.federated.client: Client vqc_client_2 - Epoch 2/3 completed. Average Loss: 0.3075
2025-06-09 09:12:25,994 [INFO] src.federated.client: Client vqc_client_2 - Epoch 3/3 completed. Average Loss: 0.2961
2025-06-09 09:12:25,995 [INFO] src.federated.client: Client vqc_client_2: Local training finished. Processed 273 samples.
2025-06-09 09:12:26,001 [INFO] src.federated.server: Aggregating updates from 3 clients using QuantumAggregationStrategy.
2025-06-09 09:12:26,002 [INFO] src.core.quantum_manager: QuantumAggregationStrategy: Detected nn.Module (QNN/VQC/Hybrid) state_dict. Delegating to base strategy: FedAvg
2025-06-09 09:12:26,002 [INFO] src.federated.aggregation: FedAvg: Aggregating updates from 3 clients.
2025-06-09 09:12:26,003 [INFO] src.federated.aggregation: FedAvg: Aggregation complete.
2025-06-09 09:12:26,005 [INFO] src.federated.server: Global model updated with aggregated parameters.
2025-06-09 09:12:26,005 [INFO] src.federated.server: Evaluating updated global model...
2025-06-09 09:12:26,006 [INFO] src.core.quantum_manager: Server: Starting evaluation of global model (type: vqc).
2025-06-09 09:12:28,804 [INFO] src.core.quantum_manager: Evaluation results: Loss=0.3229, Accuracy=0.9298
2025-06-09 09:12:28,804 [INFO] src.federated.server: Round 7 completed in 213.42s. Eval Metrics: {'loss': 0.3228992898213236, 'accuracy': 0.9298245614035088}
2025-06-09 09:12:28,805 [INFO] src.federated.server: ===== Starting Round 8/10 =====
2025-06-09 09:12:28,805 [INFO] src.federated.server: Starting federated training round...
2025-06-09 09:12:28,805 [INFO] src.federated.server: Selected 3 clients out of 5 available (fraction=0.1, min_clients=3): ['vqc_client_1', 'vqc_client_3', 'vqc_client_0']
2025-06-09 09:12:28,807 [INFO] src.core.quantum_client: Client vqc_client_1: Starting local training for 3 epochs (model type: vqc). Proximal term mu=0.0.
2025-06-09 09:12:28,807 [INFO] src.federated.client: Client vqc_client_1: Starting local training for 3 epochs. Proximal term mu=0.0.
2025-06-09 09:12:50,891 [INFO] src.federated.client: Client vqc_client_1 - Epoch 1/3 completed. Average Loss: 0.3152
2025-06-09 09:13:16,219 [INFO] src.federated.client: Client vqc_client_1 - Epoch 2/3 completed. Average Loss: 0.3046
2025-06-09 09:13:41,934 [INFO] src.federated.client: Client vqc_client_1 - Epoch 3/3 completed. Average Loss: 0.2950
2025-06-09 09:13:41,935 [INFO] src.federated.client: Client vqc_client_1: Local training finished. Processed 273 samples.
2025-06-09 09:13:41,941 [INFO] src.core.quantum_client: Client vqc_client_3: Starting local training for 3 epochs (model type: vqc). Proximal term mu=0.0.
2025-06-09 09:13:41,942 [INFO] src.federated.client: Client vqc_client_3: Starting local training for 3 epochs. Proximal term mu=0.0.
2025-06-09 09:14:02,887 [INFO] src.federated.client: Client vqc_client_3 - Epoch 1/3 completed. Average Loss: 0.3782
2025-06-09 09:14:27,468 [INFO] src.federated.client: Client vqc_client_3 - Epoch 2/3 completed. Average Loss: 0.3636
2025-06-09 09:14:52,467 [INFO] src.federated.client: Client vqc_client_3 - Epoch 3/3 completed. Average Loss: 0.3515
2025-06-09 09:14:52,467 [INFO] src.federated.client: Client vqc_client_3: Local training finished. Processed 273 samples.
2025-06-09 09:14:52,473 [INFO] src.core.quantum_client: Client vqc_client_0: Starting local training for 3 epochs (model type: vqc). Proximal term mu=0.0.
2025-06-09 09:14:52,474 [INFO] src.federated.client: Client vqc_client_0: Starting local training for 3 epochs. Proximal term mu=0.0.
2025-06-09 09:15:14,251 [INFO] src.federated.client: Client vqc_client_0 - Epoch 1/3 completed. Average Loss: 0.3291
2025-06-09 09:15:40,469 [INFO] src.federated.client: Client vqc_client_0 - Epoch 2/3 completed. Average Loss: 0.3172
2025-06-09 09:16:07,222 [INFO] src.federated.client: Client vqc_client_0 - Epoch 3/3 completed. Average Loss: 0.3054
2025-06-09 09:16:07,222 [INFO] src.federated.client: Client vqc_client_0: Local training finished. Processed 273 samples.
2025-06-09 09:16:07,228 [INFO] src.federated.server: Aggregating updates from 3 clients using QuantumAggregationStrategy.
2025-06-09 09:16:07,229 [INFO] src.core.quantum_manager: QuantumAggregationStrategy: Detected nn.Module (QNN/VQC/Hybrid) state_dict. Delegating to base strategy: FedAvg
2025-06-09 09:16:07,229 [INFO] src.federated.aggregation: FedAvg: Aggregating updates from 3 clients.
2025-06-09 09:16:07,230 [INFO] src.federated.aggregation: FedAvg: Aggregation complete.
2025-06-09 09:16:07,231 [INFO] src.federated.server: Global model updated with aggregated parameters.
2025-06-09 09:16:07,231 [INFO] src.federated.server: Evaluating updated global model...
2025-06-09 09:16:07,231 [INFO] src.core.quantum_manager: Server: Starting evaluation of global model (type: vqc).
