2025-05-19 15:08:39,463 [INFO] BC_ExperimentRunner: Starting All Breast Cancer Experiments...
2025-05-19 15:08:39,463 [INFO] BC_ExperimentRunner: ========== Starting BC_MLP_FedAvg_IID_FullFeat ==========
2025-05-19 15:08:39,464 [INFO] BC_ExperimentRunner: --- Setting up experiment: BC_MLP_FedAvg_IID_FullFeat for dataset breast_cancer ---
2025-05-19 15:08:40,773 [INFO] src.utils.data_utils: Set all random seeds to 42
2025-05-19 15:08:40,774 [INFO] BC_ExperimentRunner: Experiment 'BC_MLP_FedAvg_IID_FullFeat' will use tensor_dtype: torch.float32
2025-05-19 15:08:40,774 [INFO] src.utils.data_utils: Loading dataset: breast_cancer, PCA features=None, Scaling=standard, Subset size=None, Dtype=torch.float32
2025-05-19 15:08:40,774 [INFO] src.utils.data_utils: Set all random seeds to 42
2025-05-19 15:08:40,804 [INFO] src.utils.data_utils: Data preparation complete for 'breast_cancer'. Train size: 455, Test size: 114, Features: 30, Classes: 2
2025-05-19 15:08:40,808 [INFO] BC_ExperimentRunner: Successfully loaded configuration from /home/dhanraj/quantum_federated_simulator/configs/federated/server_config.yaml
2025-05-19 15:08:40,811 [INFO] BC_ExperimentRunner: Successfully loaded configuration from /home/dhanraj/quantum_federated_simulator/configs/federated/client_config.yaml
2025-05-19 15:08:40,814 [INFO] BC_ExperimentRunner: Successfully loaded configuration from /home/dhanraj/quantum_federated_simulator/configs/federated/default_aggregation.yaml
2025-05-19 15:08:40,820 [INFO] BC_ExperimentRunner: Creating model of type: classical_mlp with n_features=30, n_classes=2, initial_dtype_request=torch.float32
2025-05-19 15:08:40,825 [INFO] BC_ExperimentRunner: Model 'classical_mlp' parameters set to dtype: torch.float32
2025-05-19 15:08:40,826 [INFO] src.federated.aggregation: Creating aggregation strategy of type: fedavg
2025-05-19 15:08:40,826 [INFO] BC_ExperimentRunner: Using aggregation strategy: FedAvg (base: FedAvg)
2025-05-19 15:08:41,550 [INFO] src.federated.server: Federated server initialized on device 'cuda' with aggregation strategy: FedAvg
2025-05-19 15:08:41,550 [INFO] BC_ExperimentRunner: Creating model of type: classical_mlp with n_features=30, n_classes=2, initial_dtype_request=torch.float32
2025-05-19 15:08:41,551 [INFO] BC_ExperimentRunner: Model 'classical_mlp' parameters set to dtype: torch.float32
2025-05-19 15:08:42,613 [INFO] src.federated.client: Client classical_mlp_client_0 initialized on device 'cuda' with 91 samples.
2025-05-19 15:08:42,613 [INFO] BC_ExperimentRunner: Creating model of type: classical_mlp with n_features=30, n_classes=2, initial_dtype_request=torch.float32
2025-05-19 15:08:42,614 [INFO] BC_ExperimentRunner: Model 'classical_mlp' parameters set to dtype: torch.float32
2025-05-19 15:08:42,615 [INFO] src.federated.client: Client classical_mlp_client_1 initialized on device 'cuda' with 91 samples.
2025-05-19 15:08:42,615 [INFO] BC_ExperimentRunner: Creating model of type: classical_mlp with n_features=30, n_classes=2, initial_dtype_request=torch.float32
2025-05-19 15:08:42,615 [INFO] BC_ExperimentRunner: Model 'classical_mlp' parameters set to dtype: torch.float32
2025-05-19 15:08:42,616 [INFO] src.federated.client: Client classical_mlp_client_2 initialized on device 'cuda' with 91 samples.
2025-05-19 15:08:42,616 [INFO] BC_ExperimentRunner: Creating model of type: classical_mlp with n_features=30, n_classes=2, initial_dtype_request=torch.float32
2025-05-19 15:08:42,616 [INFO] BC_ExperimentRunner: Model 'classical_mlp' parameters set to dtype: torch.float32
2025-05-19 15:08:42,617 [INFO] src.federated.client: Client classical_mlp_client_3 initialized on device 'cuda' with 91 samples.
2025-05-19 15:08:42,617 [INFO] BC_ExperimentRunner: Creating model of type: classical_mlp with n_features=30, n_classes=2, initial_dtype_request=torch.float32
2025-05-19 15:08:42,617 [INFO] BC_ExperimentRunner: Model 'classical_mlp' parameters set to dtype: torch.float32
2025-05-19 15:08:42,618 [INFO] src.federated.client: Client classical_mlp_client_4 initialized on device 'cuda' with 91 samples.
2025-05-19 15:08:42,618 [INFO] src.federated.server: Registered client 'classical_mlp_client_0'. Total clients: 1.
2025-05-19 15:08:42,618 [INFO] src.federated.server: Registered client 'classical_mlp_client_1'. Total clients: 2.
2025-05-19 15:08:42,618 [INFO] src.federated.server: Registered client 'classical_mlp_client_2'. Total clients: 3.
2025-05-19 15:08:42,618 [INFO] src.federated.server: Registered client 'classical_mlp_client_3'. Total clients: 4.
2025-05-19 15:08:42,618 [INFO] src.federated.server: Registered client 'classical_mlp_client_4'. Total clients: 5.
2025-05-19 15:08:42,618 [INFO] BC_ExperimentRunner: --- Scenario setup complete for BC_MLP_FedAvg_IID_FullFeat ---
2025-05-19 15:08:42,618 [INFO] src.federated.server: Starting federated training process for 5 rounds.
2025-05-19 15:08:42,618 [INFO] src.federated.server: Config: local_epochs=3, client_fraction=0.1, min_clients=3, FedProx mu=0.0
2025-05-19 15:08:42,618 [INFO] src.federated.server: Performing initial evaluation of global model...
2025-05-19 15:08:42,822 [INFO] src.federated.server: Initial Evaluation Metrics: {'loss': 0.7119773626327515, 'accuracy': 0.3684210526315789}
2025-05-19 15:08:42,823 [INFO] src.federated.server: ===== Starting Round 1/5 =====
2025-05-19 15:08:42,823 [INFO] src.federated.server: Starting federated training round...
2025-05-19 15:08:42,823 [INFO] src.federated.server: Selected 3 clients out of 5 available (fraction=0.1, min_clients=3): ['classical_mlp_client_0', 'classical_mlp_client_4', 'classical_mlp_client_2']
2025-05-19 15:08:42,824 [INFO] src.federated.client: Client classical_mlp_client_0: Starting local training for 3 epochs. Proximal term mu=0.0.
2025-05-19 15:08:42,962 [INFO] src.federated.client: Client classical_mlp_client_0 - Epoch 1/3 completed. Average Loss: 0.7019
2025-05-19 15:08:42,967 [INFO] src.federated.client: Client classical_mlp_client_0 - Epoch 2/3 completed. Average Loss: 0.6574
2025-05-19 15:08:42,973 [INFO] src.federated.client: Client classical_mlp_client_0 - Epoch 3/3 completed. Average Loss: 0.6177
2025-05-19 15:08:42,973 [INFO] src.federated.client: Client classical_mlp_client_0: Local training finished. Processed 273 samples.
2025-05-19 15:08:42,974 [INFO] src.federated.client: Client classical_mlp_client_4: Starting local training for 3 epochs. Proximal term mu=0.0.
2025-05-19 15:08:42,982 [INFO] src.federated.client: Client classical_mlp_client_4 - Epoch 1/3 completed. Average Loss: 0.7091
2025-05-19 15:08:42,989 [INFO] src.federated.client: Client classical_mlp_client_4 - Epoch 2/3 completed. Average Loss: 0.6556
2025-05-19 15:08:42,996 [INFO] src.federated.client: Client classical_mlp_client_4 - Epoch 3/3 completed. Average Loss: 0.6103
2025-05-19 15:08:42,997 [INFO] src.federated.client: Client classical_mlp_client_4: Local training finished. Processed 273 samples.
2025-05-19 15:08:42,997 [INFO] src.federated.client: Client classical_mlp_client_2: Starting local training for 3 epochs. Proximal term mu=0.0.
2025-05-19 15:08:43,005 [INFO] src.federated.client: Client classical_mlp_client_2 - Epoch 1/3 completed. Average Loss: 0.7050
2025-05-19 15:08:43,012 [INFO] src.federated.client: Client classical_mlp_client_2 - Epoch 2/3 completed. Average Loss: 0.6537
2025-05-19 15:08:43,020 [INFO] src.federated.client: Client classical_mlp_client_2 - Epoch 3/3 completed. Average Loss: 0.6103
2025-05-19 15:08:43,021 [INFO] src.federated.client: Client classical_mlp_client_2: Local training finished. Processed 273 samples.
2025-05-19 15:08:43,021 [INFO] src.federated.server: Aggregating updates from 3 clients using FedAvg.
2025-05-19 15:08:43,021 [INFO] src.federated.aggregation: FedAvg: Aggregating updates from 3 clients.
2025-05-19 15:08:43,022 [INFO] src.federated.aggregation: FedAvg: Aggregation complete.
2025-05-19 15:08:43,023 [INFO] src.federated.server: Global model updated with aggregated parameters.
2025-05-19 15:08:43,023 [INFO] src.federated.server: Evaluating updated global model...
2025-05-19 15:08:43,025 [INFO] src.federated.server: Round 1 completed in 0.20s. Eval Metrics: {'loss': 0.5987380743026733, 'accuracy': 0.8596491228070176}
2025-05-19 15:08:43,025 [INFO] src.federated.server: ===== Starting Round 2/5 =====
2025-05-19 15:08:43,025 [INFO] src.federated.server: Starting federated training round...
2025-05-19 15:08:43,025 [INFO] src.federated.server: Selected 3 clients out of 5 available (fraction=0.1, min_clients=3): ['classical_mlp_client_2', 'classical_mlp_client_1', 'classical_mlp_client_0']
2025-05-19 15:08:43,026 [INFO] src.federated.client: Client classical_mlp_client_2: Starting local training for 3 epochs. Proximal term mu=0.0.
2025-05-19 15:08:43,033 [INFO] src.federated.client: Client classical_mlp_client_2 - Epoch 1/3 completed. Average Loss: 0.5683
2025-05-19 15:08:43,041 [INFO] src.federated.client: Client classical_mlp_client_2 - Epoch 2/3 completed. Average Loss: 0.5224
2025-05-19 15:08:43,048 [INFO] src.federated.client: Client classical_mlp_client_2 - Epoch 3/3 completed. Average Loss: 0.4750
2025-05-19 15:08:43,049 [INFO] src.federated.client: Client classical_mlp_client_2: Local training finished. Processed 273 samples.
2025-05-19 15:08:43,050 [INFO] src.federated.client: Client classical_mlp_client_1: Starting local training for 3 epochs. Proximal term mu=0.0.
2025-05-19 15:08:43,059 [INFO] src.federated.client: Client classical_mlp_client_1 - Epoch 1/3 completed. Average Loss: 0.5870
2025-05-19 15:08:43,066 [INFO] src.federated.client: Client classical_mlp_client_1 - Epoch 2/3 completed. Average Loss: 0.5385
2025-05-19 15:08:43,074 [INFO] src.federated.client: Client classical_mlp_client_1 - Epoch 3/3 completed. Average Loss: 0.4919
2025-05-19 15:08:43,074 [INFO] src.federated.client: Client classical_mlp_client_1: Local training finished. Processed 273 samples.
2025-05-19 15:08:43,075 [INFO] src.federated.client: Client classical_mlp_client_0: Starting local training for 3 epochs. Proximal term mu=0.0.
2025-05-19 15:08:43,081 [INFO] src.federated.client: Client classical_mlp_client_0 - Epoch 1/3 completed. Average Loss: 0.5817
2025-05-19 15:08:43,088 [INFO] src.federated.client: Client classical_mlp_client_0 - Epoch 2/3 completed. Average Loss: 0.5398
2025-05-19 15:08:43,096 [INFO] src.federated.client: Client classical_mlp_client_0 - Epoch 3/3 completed. Average Loss: 0.4949
2025-05-19 15:08:43,096 [INFO] src.federated.client: Client classical_mlp_client_0: Local training finished. Processed 273 samples.
2025-05-19 15:08:43,097 [INFO] src.federated.server: Aggregating updates from 3 clients using FedAvg.
2025-05-19 15:08:43,097 [INFO] src.federated.aggregation: FedAvg: Aggregating updates from 3 clients.
2025-05-19 15:08:43,097 [INFO] src.federated.aggregation: FedAvg: Aggregation complete.
2025-05-19 15:08:43,098 [INFO] src.federated.server: Global model updated with aggregated parameters.
2025-05-19 15:08:43,098 [INFO] src.federated.server: Evaluating updated global model...
2025-05-19 15:08:43,100 [INFO] src.federated.server: Round 2 completed in 0.08s. Eval Metrics: {'loss': 0.4760989546775818, 'accuracy': 0.9385964912280702}
2025-05-19 15:08:43,101 [INFO] src.federated.server: ===== Starting Round 3/5 =====
2025-05-19 15:08:43,101 [INFO] src.federated.server: Starting federated training round...
2025-05-19 15:08:43,101 [INFO] src.federated.server: Selected 3 clients out of 5 available (fraction=0.1, min_clients=3): ['classical_mlp_client_1', 'classical_mlp_client_0', 'classical_mlp_client_2']
2025-05-19 15:08:43,102 [INFO] src.federated.client: Client classical_mlp_client_1: Starting local training for 3 epochs. Proximal term mu=0.0.
2025-05-19 15:08:43,109 [INFO] src.federated.client: Client classical_mlp_client_1 - Epoch 1/3 completed. Average Loss: 0.4500
2025-05-19 15:08:43,118 [INFO] src.federated.client: Client classical_mlp_client_1 - Epoch 2/3 completed. Average Loss: 0.4017
2025-05-19 15:08:43,126 [INFO] src.federated.client: Client classical_mlp_client_1 - Epoch 3/3 completed. Average Loss: 0.3535
2025-05-19 15:08:43,127 [INFO] src.federated.client: Client classical_mlp_client_1: Local training finished. Processed 273 samples.
2025-05-19 15:08:43,127 [INFO] src.federated.client: Client classical_mlp_client_0: Starting local training for 3 epochs. Proximal term mu=0.0.
2025-05-19 15:08:43,135 [INFO] src.federated.client: Client classical_mlp_client_0 - Epoch 1/3 completed. Average Loss: 0.4523
2025-05-19 15:08:43,142 [INFO] src.federated.client: Client classical_mlp_client_0 - Epoch 2/3 completed. Average Loss: 0.4039
2025-05-19 15:08:43,148 [INFO] src.federated.client: Client classical_mlp_client_0 - Epoch 3/3 completed. Average Loss: 0.3564
2025-05-19 15:08:43,149 [INFO] src.federated.client: Client classical_mlp_client_0: Local training finished. Processed 273 samples.
2025-05-19 15:08:43,149 [INFO] src.federated.client: Client classical_mlp_client_2: Starting local training for 3 epochs. Proximal term mu=0.0.
2025-05-19 15:08:43,157 [INFO] src.federated.client: Client classical_mlp_client_2 - Epoch 1/3 completed. Average Loss: 0.4239
2025-05-19 15:08:43,165 [INFO] src.federated.client: Client classical_mlp_client_2 - Epoch 2/3 completed. Average Loss: 0.3727
2025-05-19 15:08:43,171 [INFO] src.federated.client: Client classical_mlp_client_2 - Epoch 3/3 completed. Average Loss: 0.3231
2025-05-19 15:08:43,172 [INFO] src.federated.client: Client classical_mlp_client_2: Local training finished. Processed 273 samples.
2025-05-19 15:08:43,172 [INFO] src.federated.server: Aggregating updates from 3 clients using FedAvg.
2025-05-19 15:08:43,172 [INFO] src.federated.aggregation: FedAvg: Aggregating updates from 3 clients.
2025-05-19 15:08:43,173 [INFO] src.federated.aggregation: FedAvg: Aggregation complete.
2025-05-19 15:08:43,174 [INFO] src.federated.server: Global model updated with aggregated parameters.
2025-05-19 15:08:43,174 [INFO] src.federated.server: Evaluating updated global model...
2025-05-19 15:08:43,176 [INFO] src.federated.server: Round 3 completed in 0.08s. Eval Metrics: {'loss': 0.34171128273010254, 'accuracy': 0.956140350877193}
2025-05-19 15:08:43,176 [INFO] src.federated.server: ===== Starting Round 4/5 =====
2025-05-19 15:08:43,176 [INFO] src.federated.server: Starting federated training round...
2025-05-19 15:08:43,176 [INFO] src.federated.server: Selected 3 clients out of 5 available (fraction=0.1, min_clients=3): ['classical_mlp_client_4', 'classical_mlp_client_0', 'classical_mlp_client_2']
2025-05-19 15:08:43,177 [INFO] src.federated.client: Client classical_mlp_client_4: Starting local training for 3 epochs. Proximal term mu=0.0.
2025-05-19 15:08:43,186 [INFO] src.federated.client: Client classical_mlp_client_4 - Epoch 1/3 completed. Average Loss: 0.2831
2025-05-19 15:08:43,195 [INFO] src.federated.client: Client classical_mlp_client_4 - Epoch 2/3 completed. Average Loss: 0.2416
2025-05-19 15:08:43,201 [INFO] src.federated.client: Client classical_mlp_client_4 - Epoch 3/3 completed. Average Loss: 0.2029
2025-05-19 15:08:43,202 [INFO] src.federated.client: Client classical_mlp_client_4: Local training finished. Processed 273 samples.
2025-05-19 15:08:43,202 [INFO] src.federated.client: Client classical_mlp_client_0: Starting local training for 3 epochs. Proximal term mu=0.0.
2025-05-19 15:08:43,210 [INFO] src.federated.client: Client classical_mlp_client_0 - Epoch 1/3 completed. Average Loss: 0.3158
2025-05-19 15:08:43,218 [INFO] src.federated.client: Client classical_mlp_client_0 - Epoch 2/3 completed. Average Loss: 0.2729
2025-05-19 15:08:43,225 [INFO] src.federated.client: Client classical_mlp_client_0 - Epoch 3/3 completed. Average Loss: 0.2354
2025-05-19 15:08:43,225 [INFO] src.federated.client: Client classical_mlp_client_0: Local training finished. Processed 273 samples.
2025-05-19 15:08:43,226 [INFO] src.federated.client: Client classical_mlp_client_2: Starting local training for 3 epochs. Proximal term mu=0.0.
2025-05-19 15:08:43,233 [INFO] src.federated.client: Client classical_mlp_client_2 - Epoch 1/3 completed. Average Loss: 0.2782
2025-05-19 15:08:43,240 [INFO] src.federated.client: Client classical_mlp_client_2 - Epoch 2/3 completed. Average Loss: 0.2342
2025-05-19 15:08:43,247 [INFO] src.federated.client: Client classical_mlp_client_2 - Epoch 3/3 completed. Average Loss: 0.1974
2025-05-19 15:08:43,248 [INFO] src.federated.client: Client classical_mlp_client_2: Local training finished. Processed 273 samples.
2025-05-19 15:08:43,248 [INFO] src.federated.server: Aggregating updates from 3 clients using FedAvg.
2025-05-19 15:08:43,248 [INFO] src.federated.aggregation: FedAvg: Aggregating updates from 3 clients.
2025-05-19 15:08:43,249 [INFO] src.federated.aggregation: FedAvg: Aggregation complete.
2025-05-19 15:08:43,250 [INFO] src.federated.server: Global model updated with aggregated parameters.
2025-05-19 15:08:43,250 [INFO] src.federated.server: Evaluating updated global model...
2025-05-19 15:08:43,252 [INFO] src.federated.server: Round 4 completed in 0.08s. Eval Metrics: {'loss': 0.23601482808589935, 'accuracy': 0.956140350877193}
2025-05-19 15:08:43,252 [INFO] src.federated.server: ===== Starting Round 5/5 =====
2025-05-19 15:08:43,252 [INFO] src.federated.server: Starting federated training round...
2025-05-19 15:08:43,252 [INFO] src.federated.server: Selected 3 clients out of 5 available (fraction=0.1, min_clients=3): ['classical_mlp_client_3', 'classical_mlp_client_0', 'classical_mlp_client_4']
2025-05-19 15:08:43,253 [INFO] src.federated.client: Client classical_mlp_client_3: Starting local training for 3 epochs. Proximal term mu=0.0.
2025-05-19 15:08:43,261 [INFO] src.federated.client: Client classical_mlp_client_3 - Epoch 1/3 completed. Average Loss: 0.2553
2025-05-19 15:08:43,269 [INFO] src.federated.client: Client classical_mlp_client_3 - Epoch 2/3 completed. Average Loss: 0.2230
2025-05-19 15:08:43,276 [INFO] src.federated.client: Client classical_mlp_client_3 - Epoch 3/3 completed. Average Loss: 0.2000
2025-05-19 15:08:43,277 [INFO] src.federated.client: Client classical_mlp_client_3: Local training finished. Processed 273 samples.
2025-05-19 15:08:43,277 [INFO] src.federated.client: Client classical_mlp_client_0: Starting local training for 3 epochs. Proximal term mu=0.0.
2025-05-19 15:08:43,284 [INFO] src.federated.client: Client classical_mlp_client_0 - Epoch 1/3 completed. Average Loss: 0.2127
2025-05-19 15:08:43,292 [INFO] src.federated.client: Client classical_mlp_client_0 - Epoch 2/3 completed. Average Loss: 0.1849
2025-05-19 15:08:43,299 [INFO] src.federated.client: Client classical_mlp_client_0 - Epoch 3/3 completed. Average Loss: 0.1611
2025-05-19 15:08:43,299 [INFO] src.federated.client: Client classical_mlp_client_0: Local training finished. Processed 273 samples.
2025-05-19 15:08:43,300 [INFO] src.federated.client: Client classical_mlp_client_4: Starting local training for 3 epochs. Proximal term mu=0.0.
2025-05-19 15:08:43,308 [INFO] src.federated.client: Client classical_mlp_client_4 - Epoch 1/3 completed. Average Loss: 0.1644
2025-05-19 15:08:43,315 [INFO] src.federated.client: Client classical_mlp_client_4 - Epoch 2/3 completed. Average Loss: 0.1357
2025-05-19 15:08:43,322 [INFO] src.federated.client: Client classical_mlp_client_4 - Epoch 3/3 completed. Average Loss: 0.1104
2025-05-19 15:08:43,322 [INFO] src.federated.client: Client classical_mlp_client_4: Local training finished. Processed 273 samples.
2025-05-19 15:08:43,322 [INFO] src.federated.server: Aggregating updates from 3 clients using FedAvg.
2025-05-19 15:08:43,322 [INFO] src.federated.aggregation: FedAvg: Aggregating updates from 3 clients.
2025-05-19 15:08:43,323 [INFO] src.federated.aggregation: FedAvg: Aggregation complete.
2025-05-19 15:08:43,323 [INFO] src.federated.server: Global model updated with aggregated parameters.
2025-05-19 15:08:43,324 [INFO] src.federated.server: Evaluating updated global model...
2025-05-19 15:08:43,326 [INFO] src.federated.server: Round 5 completed in 0.07s. Eval Metrics: {'loss': 0.17213810980319977, 'accuracy': 0.9649122807017544}
2025-05-19 15:08:43,326 [INFO] src.federated.server: Federated training process completed after 5 rounds.
2025-05-19 15:08:43,326 [INFO] BC_ExperimentRunner: ========== Finished BC_MLP_FedAvg_IID_FullFeat ==========

2025-05-19 15:08:43,326 [INFO] BC_ExperimentRunner: ========== Starting BC_MLP_FedAvg_NonIID_a0.3_FullFeat ==========
2025-05-19 15:08:43,326 [INFO] BC_ExperimentRunner: --- Setting up experiment: BC_MLP_FedAvg_NonIID_a0.3_FullFeat for dataset breast_cancer ---
2025-05-19 15:08:43,330 [INFO] src.utils.data_utils: Set all random seeds to 42
2025-05-19 15:08:43,330 [INFO] BC_ExperimentRunner: Experiment 'BC_MLP_FedAvg_NonIID_a0.3_FullFeat' will use tensor_dtype: torch.float32
2025-05-19 15:08:43,330 [INFO] src.utils.data_utils: Loading dataset: breast_cancer, PCA features=None, Scaling=standard, Subset size=None, Dtype=torch.float32
2025-05-19 15:08:43,330 [INFO] src.utils.data_utils: Set all random seeds to 42
2025-05-19 15:08:43,336 [INFO] src.utils.data_utils: Data preparation complete for 'breast_cancer'. Train size: 455, Test size: 114, Features: 30, Classes: 2
2025-05-19 15:08:43,339 [INFO] BC_ExperimentRunner: Successfully loaded configuration from /home/dhanraj/quantum_federated_simulator/configs/federated/server_config.yaml
2025-05-19 15:08:43,341 [INFO] BC_ExperimentRunner: Successfully loaded configuration from /home/dhanraj/quantum_federated_simulator/configs/federated/client_config.yaml
2025-05-19 15:08:43,343 [INFO] BC_ExperimentRunner: Successfully loaded configuration from /home/dhanraj/quantum_federated_simulator/configs/federated/default_aggregation.yaml
2025-05-19 15:08:43,344 [INFO] BC_ExperimentRunner: Creating model of type: classical_mlp with n_features=30, n_classes=2, initial_dtype_request=torch.float32
2025-05-19 15:08:43,344 [INFO] BC_ExperimentRunner: Model 'classical_mlp' parameters set to dtype: torch.float32
2025-05-19 15:08:43,344 [INFO] src.federated.aggregation: Creating aggregation strategy of type: fedavg
2025-05-19 15:08:43,345 [INFO] BC_ExperimentRunner: Using aggregation strategy: FedAvg (base: FedAvg)
2025-05-19 15:08:43,345 [INFO] src.federated.server: Federated server initialized on device 'cuda' with aggregation strategy: FedAvg
2025-05-19 15:08:43,346 [INFO] BC_ExperimentRunner: Creating model of type: classical_mlp with n_features=30, n_classes=2, initial_dtype_request=torch.float32
2025-05-19 15:08:43,346 [INFO] BC_ExperimentRunner: Model 'classical_mlp' parameters set to dtype: torch.float32
2025-05-19 15:08:43,347 [INFO] src.federated.client: Client classical_mlp_client_0 initialized on device 'cuda' with 11 samples.
2025-05-19 15:08:43,347 [INFO] BC_ExperimentRunner: Creating model of type: classical_mlp with n_features=30, n_classes=2, initial_dtype_request=torch.float32
2025-05-19 15:08:43,347 [INFO] BC_ExperimentRunner: Model 'classical_mlp' parameters set to dtype: torch.float32
2025-05-19 15:08:43,348 [INFO] src.federated.client: Client classical_mlp_client_1 initialized on device 'cuda' with 357 samples.
2025-05-19 15:08:43,348 [INFO] BC_ExperimentRunner: Creating model of type: classical_mlp with n_features=30, n_classes=2, initial_dtype_request=torch.float32
2025-05-19 15:08:43,348 [INFO] BC_ExperimentRunner: Model 'classical_mlp' parameters set to dtype: torch.float32
2025-05-19 15:08:43,349 [INFO] src.federated.client: Client classical_mlp_client_2 initialized on device 'cuda' with 2 samples.
2025-05-19 15:08:43,349 [INFO] BC_ExperimentRunner: Creating model of type: classical_mlp with n_features=30, n_classes=2, initial_dtype_request=torch.float32
2025-05-19 15:08:43,349 [INFO] BC_ExperimentRunner: Model 'classical_mlp' parameters set to dtype: torch.float32
2025-05-19 15:08:43,350 [INFO] src.federated.client: Client classical_mlp_client_3 initialized on device 'cuda' with 7 samples.
2025-05-19 15:08:43,350 [INFO] BC_ExperimentRunner: Creating model of type: classical_mlp with n_features=30, n_classes=2, initial_dtype_request=torch.float32
2025-05-19 15:08:43,350 [INFO] BC_ExperimentRunner: Model 'classical_mlp' parameters set to dtype: torch.float32
2025-05-19 15:08:43,351 [INFO] src.federated.client: Client classical_mlp_client_4 initialized on device 'cuda' with 78 samples.
2025-05-19 15:08:43,351 [INFO] src.federated.server: Registered client 'classical_mlp_client_0'. Total clients: 1.
2025-05-19 15:08:43,351 [INFO] src.federated.server: Registered client 'classical_mlp_client_1'. Total clients: 2.
2025-05-19 15:08:43,351 [INFO] src.federated.server: Registered client 'classical_mlp_client_2'. Total clients: 3.
2025-05-19 15:08:43,351 [INFO] src.federated.server: Registered client 'classical_mlp_client_3'. Total clients: 4.
2025-05-19 15:08:43,351 [INFO] src.federated.server: Registered client 'classical_mlp_client_4'. Total clients: 5.
2025-05-19 15:08:43,351 [INFO] BC_ExperimentRunner: --- Scenario setup complete for BC_MLP_FedAvg_NonIID_a0.3_FullFeat ---
2025-05-19 15:08:43,352 [INFO] src.federated.server: Starting federated training process for 5 rounds.
2025-05-19 15:08:43,352 [INFO] src.federated.server: Config: local_epochs=3, client_fraction=0.1, min_clients=3, FedProx mu=0.0
2025-05-19 15:08:43,352 [INFO] src.federated.server: Performing initial evaluation of global model...
2025-05-19 15:08:43,354 [INFO] src.federated.server: Initial Evaluation Metrics: {'loss': 0.7107932567596436, 'accuracy': 0.40350877192982454}
2025-05-19 15:08:43,354 [INFO] src.federated.server: ===== Starting Round 1/5 =====
2025-05-19 15:08:43,354 [INFO] src.federated.server: Starting federated training round...
2025-05-19 15:08:43,354 [INFO] src.federated.server: Selected 3 clients out of 5 available (fraction=0.1, min_clients=3): ['classical_mlp_client_1', 'classical_mlp_client_4', 'classical_mlp_client_3']
2025-05-19 15:08:43,355 [INFO] src.federated.client: Client classical_mlp_client_1: Starting local training for 3 epochs. Proximal term mu=0.0.
2025-05-19 15:08:43,392 [INFO] src.federated.client: Client classical_mlp_client_1 - Epoch 1/3 completed. Average Loss: 0.6472
2025-05-19 15:08:43,415 [INFO] src.federated.client: Client classical_mlp_client_1 - Epoch 2/3 completed. Average Loss: 0.5018
2025-05-19 15:08:43,444 [INFO] src.federated.client: Client classical_mlp_client_1 - Epoch 3/3 completed. Average Loss: 0.3288
2025-05-19 15:08:43,445 [INFO] src.federated.client: Client classical_mlp_client_1: Local training finished. Processed 1071 samples.
2025-05-19 15:08:43,445 [INFO] src.federated.client: Client classical_mlp_client_4: Starting local training for 3 epochs. Proximal term mu=0.0.
2025-05-19 15:08:43,451 [INFO] src.federated.client: Client classical_mlp_client_4 - Epoch 1/3 completed. Average Loss: 0.7094
2025-05-19 15:08:43,459 [INFO] src.federated.client: Client classical_mlp_client_4 - Epoch 2/3 completed. Average Loss: 0.6597
2025-05-19 15:08:43,467 [INFO] src.federated.client: Client classical_mlp_client_4 - Epoch 3/3 completed. Average Loss: 0.6198
2025-05-19 15:08:43,468 [INFO] src.federated.client: Client classical_mlp_client_4: Local training finished. Processed 234 samples.
2025-05-19 15:08:43,468 [INFO] src.federated.client: Client classical_mlp_client_3: Starting local training for 3 epochs. Proximal term mu=0.0.
2025-05-19 15:08:43,472 [INFO] src.federated.client: Client classical_mlp_client_3 - Epoch 1/3 completed. Average Loss: 0.6567
2025-05-19 15:08:43,475 [INFO] src.federated.client: Client classical_mlp_client_3 - Epoch 2/3 completed. Average Loss: 0.6351
2025-05-19 15:08:43,478 [INFO] src.federated.client: Client classical_mlp_client_3 - Epoch 3/3 completed. Average Loss: 0.6149
2025-05-19 15:08:43,478 [INFO] src.federated.client: Client classical_mlp_client_3: Local training finished. Processed 21 samples.
2025-05-19 15:08:43,478 [INFO] src.federated.server: Aggregating updates from 3 clients using FedAvg.
2025-05-19 15:08:43,479 [INFO] src.federated.aggregation: FedAvg: Aggregating updates from 3 clients.
2025-05-19 15:08:43,479 [INFO] src.federated.aggregation: FedAvg: Aggregation complete.
2025-05-19 15:08:43,480 [INFO] src.federated.server: Global model updated with aggregated parameters.
2025-05-19 15:08:43,480 [INFO] src.federated.server: Evaluating updated global model...
2025-05-19 15:08:43,482 [INFO] src.federated.server: Round 1 completed in 0.13s. Eval Metrics: {'loss': 0.3359237015247345, 'accuracy': 0.9385964912280702}
2025-05-19 15:08:43,482 [INFO] src.federated.server: ===== Starting Round 2/5 =====
2025-05-19 15:08:43,482 [INFO] src.federated.server: Starting federated training round...
2025-05-19 15:08:43,482 [INFO] src.federated.server: Selected 3 clients out of 5 available (fraction=0.1, min_clients=3): ['classical_mlp_client_2', 'classical_mlp_client_4', 'classical_mlp_client_0']
2025-05-19 15:08:43,483 [INFO] src.federated.client: Client classical_mlp_client_2: Starting local training for 3 epochs. Proximal term mu=0.0.
2025-05-19 15:08:43,486 [INFO] src.federated.client: Client classical_mlp_client_2 - Epoch 1/3 completed. Average Loss: 0.6679
2025-05-19 15:08:43,489 [INFO] src.federated.client: Client classical_mlp_client_2 - Epoch 2/3 completed. Average Loss: 0.6453
2025-05-19 15:08:43,491 [INFO] src.federated.client: Client classical_mlp_client_2 - Epoch 3/3 completed. Average Loss: 0.6238
2025-05-19 15:08:43,491 [INFO] src.federated.client: Client classical_mlp_client_2: Local training finished. Processed 6 samples.
2025-05-19 15:08:43,492 [INFO] src.federated.client: Client classical_mlp_client_4: Starting local training for 3 epochs. Proximal term mu=0.0.
2025-05-19 15:08:43,500 [INFO] src.federated.client: Client classical_mlp_client_4 - Epoch 1/3 completed. Average Loss: 0.3650
2025-05-19 15:08:43,507 [INFO] src.federated.client: Client classical_mlp_client_4 - Epoch 2/3 completed. Average Loss: 0.3298
2025-05-19 15:08:43,513 [INFO] src.federated.client: Client classical_mlp_client_4 - Epoch 3/3 completed. Average Loss: 0.2937
2025-05-19 15:08:43,514 [INFO] src.federated.client: Client classical_mlp_client_4: Local training finished. Processed 234 samples.
2025-05-19 15:08:43,515 [INFO] src.federated.client: Client classical_mlp_client_0: Starting local training for 3 epochs. Proximal term mu=0.0.
2025-05-19 15:08:43,518 [INFO] src.federated.client: Client classical_mlp_client_0 - Epoch 1/3 completed. Average Loss: 0.3234
2025-05-19 15:08:43,520 [INFO] src.federated.client: Client classical_mlp_client_0 - Epoch 2/3 completed. Average Loss: 0.2965
2025-05-19 15:08:43,523 [INFO] src.federated.client: Client classical_mlp_client_0 - Epoch 3/3 completed. Average Loss: 0.2723
2025-05-19 15:08:43,524 [INFO] src.federated.client: Client classical_mlp_client_0: Local training finished. Processed 33 samples.
2025-05-19 15:08:43,524 [INFO] src.federated.server: Aggregating updates from 3 clients using FedAvg.
2025-05-19 15:08:43,524 [INFO] src.federated.aggregation: FedAvg: Aggregating updates from 3 clients.
2025-05-19 15:08:43,524 [INFO] src.federated.aggregation: FedAvg: Aggregation complete.
2025-05-19 15:08:43,525 [INFO] src.federated.server: Global model updated with aggregated parameters.
2025-05-19 15:08:43,525 [INFO] src.federated.server: Evaluating updated global model...
2025-05-19 15:08:43,527 [INFO] src.federated.server: Round 2 completed in 0.05s. Eval Metrics: {'loss': 0.2865592837333679, 'accuracy': 0.9210526315789473}
2025-05-19 15:08:43,527 [INFO] src.federated.server: ===== Starting Round 3/5 =====
2025-05-19 15:08:43,528 [INFO] src.federated.server: Starting federated training round...
2025-05-19 15:08:43,528 [INFO] src.federated.server: Selected 3 clients out of 5 available (fraction=0.1, min_clients=3): ['classical_mlp_client_1', 'classical_mlp_client_0', 'classical_mlp_client_2']
2025-05-19 15:08:43,529 [INFO] src.federated.client: Client classical_mlp_client_1: Starting local training for 3 epochs. Proximal term mu=0.0.
2025-05-19 15:08:43,555 [INFO] src.federated.client: Client classical_mlp_client_1 - Epoch 1/3 completed. Average Loss: 0.2064
2025-05-19 15:08:43,578 [INFO] src.federated.client: Client classical_mlp_client_1 - Epoch 2/3 completed. Average Loss: 0.1251
2025-05-19 15:08:43,603 [INFO] src.federated.client: Client classical_mlp_client_1 - Epoch 3/3 completed. Average Loss: 0.0925
2025-05-19 15:08:43,604 [INFO] src.federated.client: Client classical_mlp_client_1: Local training finished. Processed 1071 samples.
2025-05-19 15:08:43,604 [INFO] src.federated.client: Client classical_mlp_client_0: Starting local training for 3 epochs. Proximal term mu=0.0.
2025-05-19 15:08:43,606 [INFO] src.federated.client: Client classical_mlp_client_0 - Epoch 1/3 completed. Average Loss: 0.1903
2025-05-19 15:08:43,608 [INFO] src.federated.client: Client classical_mlp_client_0 - Epoch 2/3 completed. Average Loss: 0.1741
2025-05-19 15:08:43,610 [INFO] src.federated.client: Client classical_mlp_client_0 - Epoch 3/3 completed. Average Loss: 0.1596
2025-05-19 15:08:43,610 [INFO] src.federated.client: Client classical_mlp_client_0: Local training finished. Processed 33 samples.
2025-05-19 15:08:43,611 [INFO] src.federated.client: Client classical_mlp_client_2: Starting local training for 3 epochs. Proximal term mu=0.0.
2025-05-19 15:08:43,613 [INFO] src.federated.client: Client classical_mlp_client_2 - Epoch 1/3 completed. Average Loss: 0.7245
2025-05-19 15:08:43,615 [INFO] src.federated.client: Client classical_mlp_client_2 - Epoch 2/3 completed. Average Loss: 0.7003
2025-05-19 15:08:43,617 [INFO] src.federated.client: Client classical_mlp_client_2 - Epoch 3/3 completed. Average Loss: 0.6749
2025-05-19 15:08:43,618 [INFO] src.federated.client: Client classical_mlp_client_2: Local training finished. Processed 6 samples.
2025-05-19 15:08:43,618 [INFO] src.federated.server: Aggregating updates from 3 clients using FedAvg.
2025-05-19 15:08:43,618 [INFO] src.federated.aggregation: FedAvg: Aggregating updates from 3 clients.
2025-05-19 15:08:43,619 [INFO] src.federated.aggregation: FedAvg: Aggregation complete.
2025-05-19 15:08:43,619 [INFO] src.federated.server: Global model updated with aggregated parameters.
2025-05-19 15:08:43,619 [INFO] src.federated.server: Evaluating updated global model...
2025-05-19 15:08:43,621 [INFO] src.federated.server: Round 3 completed in 0.09s. Eval Metrics: {'loss': 0.11201547086238861, 'accuracy': 0.956140350877193}
2025-05-19 15:08:43,621 [INFO] src.federated.server: ===== Starting Round 4/5 =====
2025-05-19 15:08:43,621 [INFO] src.federated.server: Starting federated training round...
2025-05-19 15:08:43,621 [INFO] src.federated.server: Selected 3 clients out of 5 available (fraction=0.1, min_clients=3): ['classical_mlp_client_1', 'classical_mlp_client_3', 'classical_mlp_client_4']
2025-05-19 15:08:43,622 [INFO] src.federated.client: Client classical_mlp_client_1: Starting local training for 3 epochs. Proximal term mu=0.0.
2025-05-19 15:08:43,649 [INFO] src.federated.client: Client classical_mlp_client_1 - Epoch 1/3 completed. Average Loss: 0.0788
2025-05-19 15:08:43,673 [INFO] src.federated.client: Client classical_mlp_client_1 - Epoch 2/3 completed. Average Loss: 0.0673
2025-05-19 15:08:43,697 [INFO] src.federated.client: Client classical_mlp_client_1 - Epoch 3/3 completed. Average Loss: 0.0598
2025-05-19 15:08:43,698 [INFO] src.federated.client: Client classical_mlp_client_1: Local training finished. Processed 1071 samples.
2025-05-19 15:08:43,698 [INFO] src.federated.client: Client classical_mlp_client_3: Starting local training for 3 epochs. Proximal term mu=0.0.
2025-05-19 15:08:43,700 [INFO] src.federated.client: Client classical_mlp_client_3 - Epoch 1/3 completed. Average Loss: 0.0215
2025-05-19 15:08:43,703 [INFO] src.federated.client: Client classical_mlp_client_3 - Epoch 2/3 completed. Average Loss: 0.0176
2025-05-19 15:08:43,705 [INFO] src.federated.client: Client classical_mlp_client_3 - Epoch 3/3 completed. Average Loss: 0.0145
2025-05-19 15:08:43,706 [INFO] src.federated.client: Client classical_mlp_client_3: Local training finished. Processed 21 samples.
2025-05-19 15:08:43,706 [INFO] src.federated.client: Client classical_mlp_client_4: Starting local training for 3 epochs. Proximal term mu=0.0.
2025-05-19 15:08:43,713 [INFO] src.federated.client: Client classical_mlp_client_4 - Epoch 1/3 completed. Average Loss: 0.1790
2025-05-19 15:08:43,720 [INFO] src.federated.client: Client classical_mlp_client_4 - Epoch 2/3 completed. Average Loss: 0.1561
2025-05-19 15:08:43,727 [INFO] src.federated.client: Client classical_mlp_client_4 - Epoch 3/3 completed. Average Loss: 0.1338
2025-05-19 15:08:43,728 [INFO] src.federated.client: Client classical_mlp_client_4: Local training finished. Processed 234 samples.
2025-05-19 15:08:43,728 [INFO] src.federated.server: Aggregating updates from 3 clients using FedAvg.
2025-05-19 15:08:43,728 [INFO] src.federated.aggregation: FedAvg: Aggregating updates from 3 clients.
2025-05-19 15:08:43,729 [INFO] src.federated.aggregation: FedAvg: Aggregation complete.
2025-05-19 15:08:43,729 [INFO] src.federated.server: Global model updated with aggregated parameters.
2025-05-19 15:08:43,729 [INFO] src.federated.server: Evaluating updated global model...
2025-05-19 15:08:43,731 [INFO] src.federated.server: Round 4 completed in 0.11s. Eval Metrics: {'loss': 0.09110914915800095, 'accuracy': 0.9649122807017544}
2025-05-19 15:08:43,731 [INFO] src.federated.server: ===== Starting Round 5/5 =====
2025-05-19 15:08:43,731 [INFO] src.federated.server: Starting federated training round...
2025-05-19 15:08:43,732 [INFO] src.federated.server: Selected 3 clients out of 5 available (fraction=0.1, min_clients=3): ['classical_mlp_client_2', 'classical_mlp_client_0', 'classical_mlp_client_1']
2025-05-19 15:08:43,732 [INFO] src.federated.client: Client classical_mlp_client_2: Starting local training for 3 epochs. Proximal term mu=0.0.
2025-05-19 15:08:43,735 [INFO] src.federated.client: Client classical_mlp_client_2 - Epoch 1/3 completed. Average Loss: 0.5259
2025-05-19 15:08:43,738 [INFO] src.federated.client: Client classical_mlp_client_2 - Epoch 2/3 completed. Average Loss: 0.4709
2025-05-19 15:08:43,740 [INFO] src.federated.client: Client classical_mlp_client_2 - Epoch 3/3 completed. Average Loss: 0.4168
2025-05-19 15:08:43,741 [INFO] src.federated.client: Client classical_mlp_client_2: Local training finished. Processed 6 samples.
2025-05-19 15:08:43,741 [INFO] src.federated.client: Client classical_mlp_client_0: Starting local training for 3 epochs. Proximal term mu=0.0.
2025-05-19 15:08:43,744 [INFO] src.federated.client: Client classical_mlp_client_0 - Epoch 1/3 completed. Average Loss: 0.0662
2025-05-19 15:08:43,747 [INFO] src.federated.client: Client classical_mlp_client_0 - Epoch 2/3 completed. Average Loss: 0.0524
2025-05-19 15:08:43,751 [INFO] src.federated.client: Client classical_mlp_client_0 - Epoch 3/3 completed. Average Loss: 0.0411
2025-05-19 15:08:43,751 [INFO] src.federated.client: Client classical_mlp_client_0: Local training finished. Processed 33 samples.
2025-05-19 15:08:43,752 [INFO] src.federated.client: Client classical_mlp_client_1: Starting local training for 3 epochs. Proximal term mu=0.0.
2025-05-19 15:08:43,782 [INFO] src.federated.client: Client classical_mlp_client_1 - Epoch 1/3 completed. Average Loss: 0.0566
2025-05-19 15:08:43,804 [INFO] src.federated.client: Client classical_mlp_client_1 - Epoch 2/3 completed. Average Loss: 0.0528
2025-05-19 15:08:43,829 [INFO] src.federated.client: Client classical_mlp_client_1 - Epoch 3/3 completed. Average Loss: 0.0473
2025-05-19 15:08:43,830 [INFO] src.federated.client: Client classical_mlp_client_1: Local training finished. Processed 1071 samples.
2025-05-19 15:08:43,830 [INFO] src.federated.server: Aggregating updates from 3 clients using FedAvg.
2025-05-19 15:08:43,830 [INFO] src.federated.aggregation: FedAvg: Aggregating updates from 3 clients.
2025-05-19 15:08:43,831 [INFO] src.federated.aggregation: FedAvg: Aggregation complete.
2025-05-19 15:08:43,831 [INFO] src.federated.server: Global model updated with aggregated parameters.
2025-05-19 15:08:43,831 [INFO] src.federated.server: Evaluating updated global model...
2025-05-19 15:08:43,833 [INFO] src.federated.server: Round 5 completed in 0.10s. Eval Metrics: {'loss': 0.08188345283269882, 'accuracy': 0.956140350877193}
2025-05-19 15:08:43,833 [INFO] src.federated.server: Federated training process completed after 5 rounds.
2025-05-19 15:08:43,833 [INFO] BC_ExperimentRunner: ========== Finished BC_MLP_FedAvg_NonIID_a0.3_FullFeat ==========

2025-05-19 15:08:43,833 [INFO] BC_ExperimentRunner: ========== Starting BC_MLP_FedProx_NonIID_a0.3_FullFeat ==========
2025-05-19 15:08:43,833 [INFO] BC_ExperimentRunner: --- Setting up experiment: BC_MLP_FedProx_NonIID_a0.3_FullFeat for dataset breast_cancer ---
2025-05-19 15:08:43,834 [INFO] src.utils.data_utils: Set all random seeds to 42
2025-05-19 15:08:43,834 [INFO] BC_ExperimentRunner: Experiment 'BC_MLP_FedProx_NonIID_a0.3_FullFeat' will use tensor_dtype: torch.float32
2025-05-19 15:08:43,834 [INFO] src.utils.data_utils: Loading dataset: breast_cancer, PCA features=None, Scaling=standard, Subset size=None, Dtype=torch.float32
2025-05-19 15:08:43,834 [INFO] src.utils.data_utils: Set all random seeds to 42
2025-05-19 15:08:43,840 [INFO] src.utils.data_utils: Data preparation complete for 'breast_cancer'. Train size: 455, Test size: 114, Features: 30, Classes: 2
2025-05-19 15:08:43,843 [INFO] BC_ExperimentRunner: Successfully loaded configuration from /home/dhanraj/quantum_federated_simulator/configs/federated/server_config.yaml
2025-05-19 15:08:43,845 [INFO] BC_ExperimentRunner: Successfully loaded configuration from /home/dhanraj/quantum_federated_simulator/configs/federated/client_config.yaml
2025-05-19 15:08:43,847 [INFO] BC_ExperimentRunner: Successfully loaded configuration from /home/dhanraj/quantum_federated_simulator/configs/federated/default_aggregation.yaml
2025-05-19 15:08:43,848 [INFO] BC_ExperimentRunner: Creating model of type: classical_mlp with n_features=30, n_classes=2, initial_dtype_request=torch.float32
2025-05-19 15:08:43,849 [INFO] BC_ExperimentRunner: Model 'classical_mlp' parameters set to dtype: torch.float32
2025-05-19 15:08:43,849 [INFO] src.federated.aggregation: Creating aggregation strategy of type: fedavg
2025-05-19 15:08:43,849 [INFO] BC_ExperimentRunner: Using aggregation strategy: FedAvg (base: FedAvg)
2025-05-19 15:08:43,850 [INFO] src.federated.server: Federated server initialized on device 'cuda' with aggregation strategy: FedAvg
2025-05-19 15:08:43,850 [INFO] BC_ExperimentRunner: Creating model of type: classical_mlp with n_features=30, n_classes=2, initial_dtype_request=torch.float32
2025-05-19 15:08:43,850 [INFO] BC_ExperimentRunner: Model 'classical_mlp' parameters set to dtype: torch.float32
2025-05-19 15:08:43,851 [INFO] src.federated.client: Client classical_mlp_client_0 initialized on device 'cuda' with 11 samples.
2025-05-19 15:08:43,851 [INFO] BC_ExperimentRunner: Creating model of type: classical_mlp with n_features=30, n_classes=2, initial_dtype_request=torch.float32
2025-05-19 15:08:43,851 [INFO] BC_ExperimentRunner: Model 'classical_mlp' parameters set to dtype: torch.float32
2025-05-19 15:08:43,852 [INFO] src.federated.client: Client classical_mlp_client_1 initialized on device 'cuda' with 357 samples.
2025-05-19 15:08:43,852 [INFO] BC_ExperimentRunner: Creating model of type: classical_mlp with n_features=30, n_classes=2, initial_dtype_request=torch.float32
2025-05-19 15:08:43,852 [INFO] BC_ExperimentRunner: Model 'classical_mlp' parameters set to dtype: torch.float32
2025-05-19 15:08:43,853 [INFO] src.federated.client: Client classical_mlp_client_2 initialized on device 'cuda' with 2 samples.
2025-05-19 15:08:43,853 [INFO] BC_ExperimentRunner: Creating model of type: classical_mlp with n_features=30, n_classes=2, initial_dtype_request=torch.float32
2025-05-19 15:08:43,853 [INFO] BC_ExperimentRunner: Model 'classical_mlp' parameters set to dtype: torch.float32
2025-05-19 15:08:43,854 [INFO] src.federated.client: Client classical_mlp_client_3 initialized on device 'cuda' with 7 samples.
2025-05-19 15:08:43,854 [INFO] BC_ExperimentRunner: Creating model of type: classical_mlp with n_features=30, n_classes=2, initial_dtype_request=torch.float32
2025-05-19 15:08:43,854 [INFO] BC_ExperimentRunner: Model 'classical_mlp' parameters set to dtype: torch.float32
2025-05-19 15:08:43,855 [INFO] src.federated.client: Client classical_mlp_client_4 initialized on device 'cuda' with 78 samples.
2025-05-19 15:08:43,855 [INFO] src.federated.server: Registered client 'classical_mlp_client_0'. Total clients: 1.
2025-05-19 15:08:43,855 [INFO] src.federated.server: Registered client 'classical_mlp_client_1'. Total clients: 2.
2025-05-19 15:08:43,855 [INFO] src.federated.server: Registered client 'classical_mlp_client_2'. Total clients: 3.
2025-05-19 15:08:43,855 [INFO] src.federated.server: Registered client 'classical_mlp_client_3'. Total clients: 4.
2025-05-19 15:08:43,855 [INFO] src.federated.server: Registered client 'classical_mlp_client_4'. Total clients: 5.
2025-05-19 15:08:43,855 [INFO] BC_ExperimentRunner: --- Scenario setup complete for BC_MLP_FedProx_NonIID_a0.3_FullFeat ---
2025-05-19 15:08:43,856 [INFO] src.federated.server: Starting federated training process for 5 rounds.
2025-05-19 15:08:43,856 [INFO] src.federated.server: Config: local_epochs=3, client_fraction=0.1, min_clients=3, FedProx mu=0.01
2025-05-19 15:08:43,856 [INFO] src.federated.server: Performing initial evaluation of global model...
2025-05-19 15:08:43,858 [INFO] src.federated.server: Initial Evaluation Metrics: {'loss': 0.7107932567596436, 'accuracy': 0.40350877192982454}
2025-05-19 15:08:43,859 [INFO] src.federated.server: ===== Starting Round 1/5 =====
2025-05-19 15:08:43,859 [INFO] src.federated.server: Starting federated training round...
2025-05-19 15:08:43,859 [INFO] src.federated.server: Selected 3 clients out of 5 available (fraction=0.1, min_clients=3): ['classical_mlp_client_1', 'classical_mlp_client_4', 'classical_mlp_client_3']
2025-05-19 15:08:43,860 [INFO] src.federated.client: Client classical_mlp_client_1: Starting local training for 3 epochs. Proximal term mu=0.01.
2025-05-19 15:08:43,967 [INFO] src.federated.client: Client classical_mlp_client_1 - Epoch 1/3 completed. Average Loss: 0.6477
2025-05-19 15:08:44,005 [INFO] src.federated.client: Client classical_mlp_client_1 - Epoch 2/3 completed. Average Loss: 0.5052
2025-05-19 15:08:44,044 [INFO] src.federated.client: Client classical_mlp_client_1 - Epoch 3/3 completed. Average Loss: 0.3377
2025-05-19 15:08:44,044 [INFO] src.federated.client: Client classical_mlp_client_1: Local training finished. Processed 1071 samples.
2025-05-19 15:08:44,045 [INFO] src.federated.client: Client classical_mlp_client_4: Starting local training for 3 epochs. Proximal term mu=0.01.
2025-05-19 15:08:44,054 [INFO] src.federated.client: Client classical_mlp_client_4 - Epoch 1/3 completed. Average Loss: 0.7094
2025-05-19 15:08:44,067 [INFO] src.federated.client: Client classical_mlp_client_4 - Epoch 2/3 completed. Average Loss: 0.6599
2025-05-19 15:08:44,078 [INFO] src.federated.client: Client classical_mlp_client_4 - Epoch 3/3 completed. Average Loss: 0.6204
2025-05-19 15:08:44,078 [INFO] src.federated.client: Client classical_mlp_client_4: Local training finished. Processed 234 samples.
2025-05-19 15:08:44,079 [INFO] src.federated.client: Client classical_mlp_client_3: Starting local training for 3 epochs. Proximal term mu=0.01.
2025-05-19 15:08:44,083 [INFO] src.federated.client: Client classical_mlp_client_3 - Epoch 1/3 completed. Average Loss: 0.6567
2025-05-19 15:08:44,089 [INFO] src.federated.client: Client classical_mlp_client_3 - Epoch 2/3 completed. Average Loss: 0.6351
2025-05-19 15:08:44,093 [INFO] src.federated.client: Client classical_mlp_client_3 - Epoch 3/3 completed. Average Loss: 0.6149
2025-05-19 15:08:44,094 [INFO] src.federated.client: Client classical_mlp_client_3: Local training finished. Processed 21 samples.
2025-05-19 15:08:44,094 [INFO] src.federated.server: Aggregating updates from 3 clients using FedAvg.
2025-05-19 15:08:44,094 [INFO] src.federated.aggregation: FedAvg: Aggregating updates from 3 clients.
2025-05-19 15:08:44,095 [INFO] src.federated.aggregation: FedAvg: Aggregation complete.
2025-05-19 15:08:44,096 [INFO] src.federated.server: Global model updated with aggregated parameters.
2025-05-19 15:08:44,096 [INFO] src.federated.server: Evaluating updated global model...
2025-05-19 15:08:44,098 [INFO] src.federated.server: Round 1 completed in 0.24s. Eval Metrics: {'loss': 0.3380158543586731, 'accuracy': 0.9385964912280702}
2025-05-19 15:08:44,098 [INFO] src.federated.server: ===== Starting Round 2/5 =====
2025-05-19 15:08:44,098 [INFO] src.federated.server: Starting federated training round...
2025-05-19 15:08:44,098 [INFO] src.federated.server: Selected 3 clients out of 5 available (fraction=0.1, min_clients=3): ['classical_mlp_client_2', 'classical_mlp_client_4', 'classical_mlp_client_0']
2025-05-19 15:08:44,099 [INFO] src.federated.client: Client classical_mlp_client_2: Starting local training for 3 epochs. Proximal term mu=0.01.
2025-05-19 15:08:44,103 [INFO] src.federated.client: Client classical_mlp_client_2 - Epoch 1/3 completed. Average Loss: 0.6666
2025-05-19 15:08:44,107 [INFO] src.federated.client: Client classical_mlp_client_2 - Epoch 2/3 completed. Average Loss: 0.6441
2025-05-19 15:08:44,111 [INFO] src.federated.client: Client classical_mlp_client_2 - Epoch 3/3 completed. Average Loss: 0.6225
2025-05-19 15:08:44,112 [INFO] src.federated.client: Client classical_mlp_client_2: Local training finished. Processed 6 samples.
2025-05-19 15:08:44,112 [INFO] src.federated.client: Client classical_mlp_client_4: Starting local training for 3 epochs. Proximal term mu=0.01.
2025-05-19 15:08:44,124 [INFO] src.federated.client: Client classical_mlp_client_4 - Epoch 1/3 completed. Average Loss: 0.3671
2025-05-19 15:08:44,135 [INFO] src.federated.client: Client classical_mlp_client_4 - Epoch 2/3 completed. Average Loss: 0.3317
2025-05-19 15:08:44,148 [INFO] src.federated.client: Client classical_mlp_client_4 - Epoch 3/3 completed. Average Loss: 0.2956
2025-05-19 15:08:44,149 [INFO] src.federated.client: Client classical_mlp_client_4: Local training finished. Processed 234 samples.
2025-05-19 15:08:44,150 [INFO] src.federated.client: Client classical_mlp_client_0: Starting local training for 3 epochs. Proximal term mu=0.01.
2025-05-19 15:08:44,154 [INFO] src.federated.client: Client classical_mlp_client_0 - Epoch 1/3 completed. Average Loss: 0.3264
2025-05-19 15:08:44,159 [INFO] src.federated.client: Client classical_mlp_client_0 - Epoch 2/3 completed. Average Loss: 0.2994
2025-05-19 15:08:44,164 [INFO] src.federated.client: Client classical_mlp_client_0 - Epoch 3/3 completed. Average Loss: 0.2750
2025-05-19 15:08:44,165 [INFO] src.federated.client: Client classical_mlp_client_0: Local training finished. Processed 33 samples.
2025-05-19 15:08:44,165 [INFO] src.federated.server: Aggregating updates from 3 clients using FedAvg.
2025-05-19 15:08:44,165 [INFO] src.federated.aggregation: FedAvg: Aggregating updates from 3 clients.
2025-05-19 15:08:44,166 [INFO] src.federated.aggregation: FedAvg: Aggregation complete.
2025-05-19 15:08:44,166 [INFO] src.federated.server: Global model updated with aggregated parameters.
2025-05-19 15:08:44,167 [INFO] src.federated.server: Evaluating updated global model...
2025-05-19 15:08:44,168 [INFO] src.federated.server: Round 2 completed in 0.07s. Eval Metrics: {'loss': 0.28787994384765625, 'accuracy': 0.9210526315789473}
2025-05-19 15:08:44,168 [INFO] src.federated.server: ===== Starting Round 3/5 =====
2025-05-19 15:08:44,168 [INFO] src.federated.server: Starting federated training round...
2025-05-19 15:08:44,169 [INFO] src.federated.server: Selected 3 clients out of 5 available (fraction=0.1, min_clients=3): ['classical_mlp_client_1', 'classical_mlp_client_0', 'classical_mlp_client_2']
2025-05-19 15:08:44,169 [INFO] src.federated.client: Client classical_mlp_client_1: Starting local training for 3 epochs. Proximal term mu=0.01.
2025-05-19 15:08:44,210 [INFO] src.federated.client: Client classical_mlp_client_1 - Epoch 1/3 completed. Average Loss: 0.2082
2025-05-19 15:08:44,250 [INFO] src.federated.client: Client classical_mlp_client_1 - Epoch 2/3 completed. Average Loss: 0.1284
2025-05-19 15:08:44,290 [INFO] src.federated.client: Client classical_mlp_client_1 - Epoch 3/3 completed. Average Loss: 0.0983
2025-05-19 15:08:44,290 [INFO] src.federated.client: Client classical_mlp_client_1: Local training finished. Processed 1071 samples.
2025-05-19 15:08:44,291 [INFO] src.federated.client: Client classical_mlp_client_0: Starting local training for 3 epochs. Proximal term mu=0.01.
2025-05-19 15:08:44,294 [INFO] src.federated.client: Client classical_mlp_client_0 - Epoch 1/3 completed. Average Loss: 0.1922
2025-05-19 15:08:44,300 [INFO] src.federated.client: Client classical_mlp_client_0 - Epoch 2/3 completed. Average Loss: 0.1759
2025-05-19 15:08:44,305 [INFO] src.federated.client: Client classical_mlp_client_0 - Epoch 3/3 completed. Average Loss: 0.1613
2025-05-19 15:08:44,305 [INFO] src.federated.client: Client classical_mlp_client_0: Local training finished. Processed 33 samples.
2025-05-19 15:08:44,306 [INFO] src.federated.client: Client classical_mlp_client_2: Starting local training for 3 epochs. Proximal term mu=0.01.
2025-05-19 15:08:44,313 [INFO] src.federated.client: Client classical_mlp_client_2 - Epoch 1/3 completed. Average Loss: 0.7224
2025-05-19 15:08:44,318 [INFO] src.federated.client: Client classical_mlp_client_2 - Epoch 2/3 completed. Average Loss: 0.6985
2025-05-19 15:08:44,322 [INFO] src.federated.client: Client classical_mlp_client_2 - Epoch 3/3 completed. Average Loss: 0.6734
2025-05-19 15:08:44,322 [INFO] src.federated.client: Client classical_mlp_client_2: Local training finished. Processed 6 samples.
2025-05-19 15:08:44,323 [INFO] src.federated.server: Aggregating updates from 3 clients using FedAvg.
2025-05-19 15:08:44,323 [INFO] src.federated.aggregation: FedAvg: Aggregating updates from 3 clients.
2025-05-19 15:08:44,324 [INFO] src.federated.aggregation: FedAvg: Aggregation complete.
2025-05-19 15:08:44,324 [INFO] src.federated.server: Global model updated with aggregated parameters.
2025-05-19 15:08:44,324 [INFO] src.federated.server: Evaluating updated global model...
2025-05-19 15:08:44,327 [INFO] src.federated.server: Round 3 completed in 0.16s. Eval Metrics: {'loss': 0.11337793618440628, 'accuracy': 0.956140350877193}
2025-05-19 15:08:44,327 [INFO] src.federated.server: ===== Starting Round 4/5 =====
2025-05-19 15:08:44,327 [INFO] src.federated.server: Starting federated training round...
2025-05-19 15:08:44,327 [INFO] src.federated.server: Selected 3 clients out of 5 available (fraction=0.1, min_clients=3): ['classical_mlp_client_1', 'classical_mlp_client_3', 'classical_mlp_client_4']
2025-05-19 15:08:44,328 [INFO] src.federated.client: Client classical_mlp_client_1: Starting local training for 3 epochs. Proximal term mu=0.01.
2025-05-19 15:08:44,373 [INFO] src.federated.client: Client classical_mlp_client_1 - Epoch 1/3 completed. Average Loss: 0.0803
2025-05-19 15:08:44,410 [INFO] src.federated.client: Client classical_mlp_client_1 - Epoch 2/3 completed. Average Loss: 0.0691
2025-05-19 15:08:44,448 [INFO] src.federated.client: Client classical_mlp_client_1 - Epoch 3/3 completed. Average Loss: 0.0622
2025-05-19 15:08:44,449 [INFO] src.federated.client: Client classical_mlp_client_1: Local training finished. Processed 1071 samples.
2025-05-19 15:08:44,450 [INFO] src.federated.client: Client classical_mlp_client_3: Starting local training for 3 epochs. Proximal term mu=0.01.
2025-05-19 15:08:44,454 [INFO] src.federated.client: Client classical_mlp_client_3 - Epoch 1/3 completed. Average Loss: 0.0232
2025-05-19 15:08:44,457 [INFO] src.federated.client: Client classical_mlp_client_3 - Epoch 2/3 completed. Average Loss: 0.0190
2025-05-19 15:08:44,464 [INFO] src.federated.client: Client classical_mlp_client_3 - Epoch 3/3 completed. Average Loss: 0.0157
2025-05-19 15:08:44,464 [INFO] src.federated.client: Client classical_mlp_client_3: Local training finished. Processed 21 samples.
2025-05-19 15:08:44,465 [INFO] src.federated.client: Client classical_mlp_client_4: Starting local training for 3 epochs. Proximal term mu=0.01.
2025-05-19 15:08:44,476 [INFO] src.federated.client: Client classical_mlp_client_4 - Epoch 1/3 completed. Average Loss: 0.1790
2025-05-19 15:08:44,487 [INFO] src.federated.client: Client classical_mlp_client_4 - Epoch 2/3 completed. Average Loss: 0.1560
2025-05-19 15:08:44,499 [INFO] src.federated.client: Client classical_mlp_client_4 - Epoch 3/3 completed. Average Loss: 0.1340
2025-05-19 15:08:44,500 [INFO] src.federated.client: Client classical_mlp_client_4: Local training finished. Processed 234 samples.
2025-05-19 15:08:44,500 [INFO] src.federated.server: Aggregating updates from 3 clients using FedAvg.
2025-05-19 15:08:44,500 [INFO] src.federated.aggregation: FedAvg: Aggregating updates from 3 clients.
2025-05-19 15:08:44,501 [INFO] src.federated.aggregation: FedAvg: Aggregation complete.
2025-05-19 15:08:44,501 [INFO] src.federated.server: Global model updated with aggregated parameters.
2025-05-19 15:08:44,501 [INFO] src.federated.server: Evaluating updated global model...
2025-05-19 15:08:44,504 [INFO] src.federated.server: Round 4 completed in 0.18s. Eval Metrics: {'loss': 0.0924500972032547, 'accuracy': 0.9649122807017544}
2025-05-19 15:08:44,504 [INFO] src.federated.server: ===== Starting Round 5/5 =====
2025-05-19 15:08:44,504 [INFO] src.federated.server: Starting federated training round...
2025-05-19 15:08:44,504 [INFO] src.federated.server: Selected 3 clients out of 5 available (fraction=0.1, min_clients=3): ['classical_mlp_client_2', 'classical_mlp_client_0', 'classical_mlp_client_1']
2025-05-19 15:08:44,505 [INFO] src.federated.client: Client classical_mlp_client_2: Starting local training for 3 epochs. Proximal term mu=0.01.
2025-05-19 15:08:44,509 [INFO] src.federated.client: Client classical_mlp_client_2 - Epoch 1/3 completed. Average Loss: 0.5276
2025-05-19 15:08:44,512 [INFO] src.federated.client: Client classical_mlp_client_2 - Epoch 2/3 completed. Average Loss: 0.4741
2025-05-19 15:08:44,516 [INFO] src.federated.client: Client classical_mlp_client_2 - Epoch 3/3 completed. Average Loss: 0.4214
2025-05-19 15:08:44,516 [INFO] src.federated.client: Client classical_mlp_client_2: Local training finished. Processed 6 samples.
2025-05-19 15:08:44,517 [INFO] src.federated.client: Client classical_mlp_client_0: Starting local training for 3 epochs. Proximal term mu=0.01.
2025-05-19 15:08:44,521 [INFO] src.federated.client: Client classical_mlp_client_0 - Epoch 1/3 completed. Average Loss: 0.0682
2025-05-19 15:08:44,526 [INFO] src.federated.client: Client classical_mlp_client_0 - Epoch 2/3 completed. Average Loss: 0.0547
2025-05-19 15:08:44,530 [INFO] src.federated.client: Client classical_mlp_client_0 - Epoch 3/3 completed. Average Loss: 0.0434
2025-05-19 15:08:44,530 [INFO] src.federated.client: Client classical_mlp_client_0: Local training finished. Processed 33 samples.
2025-05-19 15:08:44,531 [INFO] src.federated.client: Client classical_mlp_client_1: Starting local training for 3 epochs. Proximal term mu=0.01.
2025-05-19 15:08:44,573 [INFO] src.federated.client: Client classical_mlp_client_1 - Epoch 1/3 completed. Average Loss: 0.0581
2025-05-19 15:08:44,612 [INFO] src.federated.client: Client classical_mlp_client_1 - Epoch 2/3 completed. Average Loss: 0.0544
2025-05-19 15:08:44,648 [INFO] src.federated.client: Client classical_mlp_client_1 - Epoch 3/3 completed. Average Loss: 0.0493
2025-05-19 15:08:44,649 [INFO] src.federated.client: Client classical_mlp_client_1: Local training finished. Processed 1071 samples.
2025-05-19 15:08:44,649 [INFO] src.federated.server: Aggregating updates from 3 clients using FedAvg.
2025-05-19 15:08:44,649 [INFO] src.federated.aggregation: FedAvg: Aggregating updates from 3 clients.
2025-05-19 15:08:44,649 [INFO] src.federated.aggregation: FedAvg: Aggregation complete.
2025-05-19 15:08:44,650 [INFO] src.federated.server: Global model updated with aggregated parameters.
2025-05-19 15:08:44,650 [INFO] src.federated.server: Evaluating updated global model...
2025-05-19 15:08:44,653 [INFO] src.federated.server: Round 5 completed in 0.15s. Eval Metrics: {'loss': 0.08309243619441986, 'accuracy': 0.956140350877193}
2025-05-19 15:08:44,653 [INFO] src.federated.server: Federated training process completed after 5 rounds.
2025-05-19 15:08:44,653 [INFO] BC_ExperimentRunner: ========== Finished BC_MLP_FedProx_NonIID_a0.3_FullFeat ==========

2025-05-19 15:08:44,653 [INFO] BC_ExperimentRunner: ========== Starting BC_MLP_FedDive_IID_FullFeat ==========
2025-05-19 15:08:44,653 [INFO] BC_ExperimentRunner: --- Setting up experiment: BC_MLP_FedDive_IID_FullFeat for dataset breast_cancer ---
2025-05-19 15:08:44,653 [INFO] src.utils.data_utils: Set all random seeds to 42
2025-05-19 15:08:44,653 [INFO] BC_ExperimentRunner: Experiment 'BC_MLP_FedDive_IID_FullFeat' will use tensor_dtype: torch.float32
2025-05-19 15:08:44,653 [INFO] src.utils.data_utils: Loading dataset: breast_cancer, PCA features=None, Scaling=standard, Subset size=None, Dtype=torch.float32
2025-05-19 15:08:44,654 [INFO] src.utils.data_utils: Set all random seeds to 42
2025-05-19 15:08:44,660 [INFO] src.utils.data_utils: Data preparation complete for 'breast_cancer'. Train size: 455, Test size: 114, Features: 30, Classes: 2
2025-05-19 15:08:44,663 [INFO] BC_ExperimentRunner: Successfully loaded configuration from /home/dhanraj/quantum_federated_simulator/configs/federated/server_config.yaml
2025-05-19 15:08:44,665 [INFO] BC_ExperimentRunner: Successfully loaded configuration from /home/dhanraj/quantum_federated_simulator/configs/federated/client_config.yaml
2025-05-19 15:08:44,667 [INFO] BC_ExperimentRunner: Successfully loaded configuration from /home/dhanraj/quantum_federated_simulator/configs/federated/default_aggregation.yaml
2025-05-19 15:08:44,667 [INFO] BC_ExperimentRunner: Creating model of type: classical_mlp with n_features=30, n_classes=2, initial_dtype_request=torch.float32
2025-05-19 15:08:44,668 [INFO] BC_ExperimentRunner: Model 'classical_mlp' parameters set to dtype: torch.float32
2025-05-19 15:08:44,668 [INFO] src.federated.aggregation: Creating aggregation strategy of type: fedavg
2025-05-19 15:08:44,668 [INFO] BC_ExperimentRunner: Using aggregation strategy: FedAvg (base: FedAvg)
2025-05-19 15:08:44,669 [INFO] src.federated.server: Federated server initialized on device 'cuda' with aggregation strategy: FedAvg
2025-05-19 15:08:44,669 [INFO] BC_ExperimentRunner: Creating model of type: classical_mlp with n_features=30, n_classes=2, initial_dtype_request=torch.float32
2025-05-19 15:08:44,669 [INFO] BC_ExperimentRunner: Model 'classical_mlp' parameters set to dtype: torch.float32
2025-05-19 15:08:44,670 [INFO] src.federated.client: Client classical_mlp_client_0 initialized on device 'cuda' with 91 samples.
2025-05-19 15:08:44,670 [INFO] BC_ExperimentRunner: Creating model of type: classical_mlp with n_features=30, n_classes=2, initial_dtype_request=torch.float32
2025-05-19 15:08:44,671 [INFO] BC_ExperimentRunner: Model 'classical_mlp' parameters set to dtype: torch.float32
2025-05-19 15:08:44,671 [INFO] src.federated.client: Client classical_mlp_client_1 initialized on device 'cuda' with 91 samples.
2025-05-19 15:08:44,671 [INFO] BC_ExperimentRunner: Creating model of type: classical_mlp with n_features=30, n_classes=2, initial_dtype_request=torch.float32
2025-05-19 15:08:44,672 [INFO] BC_ExperimentRunner: Model 'classical_mlp' parameters set to dtype: torch.float32
2025-05-19 15:08:44,672 [INFO] src.federated.client: Client classical_mlp_client_2 initialized on device 'cuda' with 91 samples.
2025-05-19 15:08:44,672 [INFO] BC_ExperimentRunner: Creating model of type: classical_mlp with n_features=30, n_classes=2, initial_dtype_request=torch.float32
2025-05-19 15:08:44,672 [INFO] BC_ExperimentRunner: Model 'classical_mlp' parameters set to dtype: torch.float32
2025-05-19 15:08:44,673 [INFO] src.federated.client: Client classical_mlp_client_3 initialized on device 'cuda' with 91 samples.
2025-05-19 15:08:44,673 [INFO] BC_ExperimentRunner: Creating model of type: classical_mlp with n_features=30, n_classes=2, initial_dtype_request=torch.float32
2025-05-19 15:08:44,673 [INFO] BC_ExperimentRunner: Model 'classical_mlp' parameters set to dtype: torch.float32
2025-05-19 15:08:44,674 [INFO] src.federated.client: Client classical_mlp_client_4 initialized on device 'cuda' with 91 samples.
2025-05-19 15:08:44,674 [INFO] src.federated.server: Registered client 'classical_mlp_client_0'. Total clients: 1.
2025-05-19 15:08:44,674 [INFO] src.federated.server: Registered client 'classical_mlp_client_1'. Total clients: 2.
2025-05-19 15:08:44,674 [INFO] src.federated.server: Registered client 'classical_mlp_client_2'. Total clients: 3.
2025-05-19 15:08:44,674 [INFO] src.federated.server: Registered client 'classical_mlp_client_3'. Total clients: 4.
2025-05-19 15:08:44,674 [INFO] src.federated.server: Registered client 'classical_mlp_client_4'. Total clients: 5.
2025-05-19 15:08:44,674 [INFO] BC_ExperimentRunner: --- Scenario setup complete for BC_MLP_FedDive_IID_FullFeat ---
2025-05-19 15:08:44,675 [INFO] src.federated.server: Starting federated training process for 5 rounds.
2025-05-19 15:08:44,675 [INFO] src.federated.server: Config: local_epochs=3, client_fraction=0.1, min_clients=3, FedProx mu=0.0
2025-05-19 15:08:44,675 [INFO] src.federated.server: Performing initial evaluation of global model...
2025-05-19 15:08:44,677 [INFO] src.federated.server: Initial Evaluation Metrics: {'loss': 0.7119773626327515, 'accuracy': 0.3684210526315789}
2025-05-19 15:08:44,678 [INFO] src.federated.server: ===== Starting Round 1/5 =====
2025-05-19 15:08:44,678 [INFO] src.federated.server: Starting federated training round...
2025-05-19 15:08:44,678 [INFO] src.federated.server: Selected 3 clients out of 5 available (fraction=0.1, min_clients=3): ['classical_mlp_client_0', 'classical_mlp_client_4', 'classical_mlp_client_2']
2025-05-19 15:08:44,679 [INFO] src.federated.client: Client classical_mlp_client_0: Starting local training for 3 epochs. Proximal term mu=0.0.
2025-05-19 15:08:44,686 [INFO] src.federated.client: Client classical_mlp_client_0 - Epoch 1/3 completed. Average Loss: 0.7019
2025-05-19 15:08:44,693 [INFO] src.federated.client: Client classical_mlp_client_0 - Epoch 2/3 completed. Average Loss: 0.6574
2025-05-19 15:08:44,701 [INFO] src.federated.client: Client classical_mlp_client_0 - Epoch 3/3 completed. Average Loss: 0.6177
2025-05-19 15:08:44,701 [INFO] src.federated.client: Client classical_mlp_client_0: Local training finished. Processed 273 samples.
2025-05-19 15:08:44,702 [INFO] src.federated.client: Client classical_mlp_client_4: Starting local training for 3 epochs. Proximal term mu=0.0.
2025-05-19 15:08:44,709 [INFO] src.federated.client: Client classical_mlp_client_4 - Epoch 1/3 completed. Average Loss: 0.7091
2025-05-19 15:08:44,716 [INFO] src.federated.client: Client classical_mlp_client_4 - Epoch 2/3 completed. Average Loss: 0.6556
2025-05-19 15:08:44,723 [INFO] src.federated.client: Client classical_mlp_client_4 - Epoch 3/3 completed. Average Loss: 0.6103
2025-05-19 15:08:44,724 [INFO] src.federated.client: Client classical_mlp_client_4: Local training finished. Processed 273 samples.
2025-05-19 15:08:44,725 [INFO] src.federated.client: Client classical_mlp_client_2: Starting local training for 3 epochs. Proximal term mu=0.0.
2025-05-19 15:08:44,734 [INFO] src.federated.client: Client classical_mlp_client_2 - Epoch 1/3 completed. Average Loss: 0.7050
2025-05-19 15:08:44,741 [INFO] src.federated.client: Client classical_mlp_client_2 - Epoch 2/3 completed. Average Loss: 0.6537
2025-05-19 15:08:44,748 [INFO] src.federated.client: Client classical_mlp_client_2 - Epoch 3/3 completed. Average Loss: 0.6103
2025-05-19 15:08:44,748 [INFO] src.federated.client: Client classical_mlp_client_2: Local training finished. Processed 273 samples.
2025-05-19 15:08:44,748 [INFO] src.federated.server: Aggregating updates from 3 clients using FedAvg.
2025-05-19 15:08:44,749 [INFO] src.federated.aggregation: FedAvg: Aggregating updates from 3 clients.
2025-05-19 15:08:44,749 [INFO] src.federated.aggregation: FedAvg: Aggregation complete.
2025-05-19 15:08:44,750 [INFO] src.federated.server: Global model updated with aggregated parameters.
2025-05-19 15:08:44,750 [INFO] src.federated.server: Evaluating updated global model...
2025-05-19 15:08:44,752 [INFO] src.federated.server: Round 1 completed in 0.07s. Eval Metrics: {'loss': 0.5987380743026733, 'accuracy': 0.8596491228070176}
2025-05-19 15:08:44,752 [INFO] src.federated.server: ===== Starting Round 2/5 =====
2025-05-19 15:08:44,753 [INFO] src.federated.server: Starting federated training round...
2025-05-19 15:08:44,753 [INFO] src.federated.server: Selected 3 clients out of 5 available (fraction=0.1, min_clients=3): ['classical_mlp_client_2', 'classical_mlp_client_1', 'classical_mlp_client_0']
2025-05-19 15:08:44,754 [INFO] src.federated.client: Client classical_mlp_client_2: Starting local training for 3 epochs. Proximal term mu=0.0.
2025-05-19 15:08:44,762 [INFO] src.federated.client: Client classical_mlp_client_2 - Epoch 1/3 completed. Average Loss: 0.5683
2025-05-19 15:08:44,768 [INFO] src.federated.client: Client classical_mlp_client_2 - Epoch 2/3 completed. Average Loss: 0.5224
2025-05-19 15:08:44,775 [INFO] src.federated.client: Client classical_mlp_client_2 - Epoch 3/3 completed. Average Loss: 0.4750
2025-05-19 15:08:44,776 [INFO] src.federated.client: Client classical_mlp_client_2: Local training finished. Processed 273 samples.
2025-05-19 15:08:44,776 [INFO] src.federated.client: Client classical_mlp_client_1: Starting local training for 3 epochs. Proximal term mu=0.0.
2025-05-19 15:08:44,784 [INFO] src.federated.client: Client classical_mlp_client_1 - Epoch 1/3 completed. Average Loss: 0.5870
2025-05-19 15:08:44,791 [INFO] src.federated.client: Client classical_mlp_client_1 - Epoch 2/3 completed. Average Loss: 0.5385
2025-05-19 15:08:44,798 [INFO] src.federated.client: Client classical_mlp_client_1 - Epoch 3/3 completed. Average Loss: 0.4919
2025-05-19 15:08:44,799 [INFO] src.federated.client: Client classical_mlp_client_1: Local training finished. Processed 273 samples.
2025-05-19 15:08:44,800 [INFO] src.federated.client: Client classical_mlp_client_0: Starting local training for 3 epochs. Proximal term mu=0.0.
2025-05-19 15:08:44,807 [INFO] src.federated.client: Client classical_mlp_client_0 - Epoch 1/3 completed. Average Loss: 0.5817
2025-05-19 15:08:44,814 [INFO] src.federated.client: Client classical_mlp_client_0 - Epoch 2/3 completed. Average Loss: 0.5398
2025-05-19 15:08:44,821 [INFO] src.federated.client: Client classical_mlp_client_0 - Epoch 3/3 completed. Average Loss: 0.4949
2025-05-19 15:08:44,821 [INFO] src.federated.client: Client classical_mlp_client_0: Local training finished. Processed 273 samples.
2025-05-19 15:08:44,822 [INFO] src.federated.server: Aggregating updates from 3 clients using FedAvg.
2025-05-19 15:08:44,822 [INFO] src.federated.aggregation: FedAvg: Aggregating updates from 3 clients.
2025-05-19 15:08:44,823 [INFO] src.federated.aggregation: FedAvg: Aggregation complete.
2025-05-19 15:08:44,823 [INFO] src.federated.server: Global model updated with aggregated parameters.
2025-05-19 15:08:44,823 [INFO] src.federated.server: Evaluating updated global model...
2025-05-19 15:08:44,826 [INFO] src.federated.server: Round 2 completed in 0.07s. Eval Metrics: {'loss': 0.4760989546775818, 'accuracy': 0.9385964912280702}
2025-05-19 15:08:44,826 [INFO] src.federated.server: ===== Starting Round 3/5 =====
2025-05-19 15:08:44,826 [INFO] src.federated.server: Starting federated training round...
2025-05-19 15:08:44,826 [INFO] src.federated.server: Selected 3 clients out of 5 available (fraction=0.1, min_clients=3): ['classical_mlp_client_1', 'classical_mlp_client_0', 'classical_mlp_client_2']
2025-05-19 15:08:44,828 [INFO] src.federated.client: Client classical_mlp_client_1: Starting local training for 3 epochs. Proximal term mu=0.0.
2025-05-19 15:08:44,837 [INFO] src.federated.client: Client classical_mlp_client_1 - Epoch 1/3 completed. Average Loss: 0.4500
2025-05-19 15:08:44,845 [INFO] src.federated.client: Client classical_mlp_client_1 - Epoch 2/3 completed. Average Loss: 0.4017
2025-05-19 15:08:44,852 [INFO] src.federated.client: Client classical_mlp_client_1 - Epoch 3/3 completed. Average Loss: 0.3535
2025-05-19 15:08:44,852 [INFO] src.federated.client: Client classical_mlp_client_1: Local training finished. Processed 273 samples.
2025-05-19 15:08:44,853 [INFO] src.federated.client: Client classical_mlp_client_0: Starting local training for 3 epochs. Proximal term mu=0.0.
2025-05-19 15:08:44,861 [INFO] src.federated.client: Client classical_mlp_client_0 - Epoch 1/3 completed. Average Loss: 0.4523
2025-05-19 15:08:44,868 [INFO] src.federated.client: Client classical_mlp_client_0 - Epoch 2/3 completed. Average Loss: 0.4039
2025-05-19 15:08:44,875 [INFO] src.federated.client: Client classical_mlp_client_0 - Epoch 3/3 completed. Average Loss: 0.3564
2025-05-19 15:08:44,876 [INFO] src.federated.client: Client classical_mlp_client_0: Local training finished. Processed 273 samples.
2025-05-19 15:08:44,877 [INFO] src.federated.client: Client classical_mlp_client_2: Starting local training for 3 epochs. Proximal term mu=0.0.
2025-05-19 15:08:44,884 [INFO] src.federated.client: Client classical_mlp_client_2 - Epoch 1/3 completed. Average Loss: 0.4239
2025-05-19 15:08:44,891 [INFO] src.federated.client: Client classical_mlp_client_2 - Epoch 2/3 completed. Average Loss: 0.3727
2025-05-19 15:08:44,898 [INFO] src.federated.client: Client classical_mlp_client_2 - Epoch 3/3 completed. Average Loss: 0.3231
2025-05-19 15:08:44,898 [INFO] src.federated.client: Client classical_mlp_client_2: Local training finished. Processed 273 samples.
2025-05-19 15:08:44,899 [INFO] src.federated.server: Aggregating updates from 3 clients using FedAvg.
2025-05-19 15:08:44,899 [INFO] src.federated.aggregation: FedAvg: Aggregating updates from 3 clients.
2025-05-19 15:08:44,899 [INFO] src.federated.aggregation: FedAvg: Aggregation complete.
2025-05-19 15:08:44,900 [INFO] src.federated.server: Global model updated with aggregated parameters.
2025-05-19 15:08:44,900 [INFO] src.federated.server: Evaluating updated global model...
2025-05-19 15:08:44,902 [INFO] src.federated.server: Round 3 completed in 0.08s. Eval Metrics: {'loss': 0.34171128273010254, 'accuracy': 0.956140350877193}
2025-05-19 15:08:44,902 [INFO] src.federated.server: ===== Starting Round 4/5 =====
2025-05-19 15:08:44,902 [INFO] src.federated.server: Starting federated training round...
2025-05-19 15:08:44,902 [INFO] src.federated.server: Selected 3 clients out of 5 available (fraction=0.1, min_clients=3): ['classical_mlp_client_4', 'classical_mlp_client_0', 'classical_mlp_client_2']
2025-05-19 15:08:44,903 [INFO] src.federated.client: Client classical_mlp_client_4: Starting local training for 3 epochs. Proximal term mu=0.0.
2025-05-19 15:08:44,911 [INFO] src.federated.client: Client classical_mlp_client_4 - Epoch 1/3 completed. Average Loss: 0.2831
2025-05-19 15:08:44,917 [INFO] src.federated.client: Client classical_mlp_client_4 - Epoch 2/3 completed. Average Loss: 0.2416
2025-05-19 15:08:44,925 [INFO] src.federated.client: Client classical_mlp_client_4 - Epoch 3/3 completed. Average Loss: 0.2029
2025-05-19 15:08:44,925 [INFO] src.federated.client: Client classical_mlp_client_4: Local training finished. Processed 273 samples.
2025-05-19 15:08:44,926 [INFO] src.federated.client: Client classical_mlp_client_0: Starting local training for 3 epochs. Proximal term mu=0.0.
2025-05-19 15:08:44,933 [INFO] src.federated.client: Client classical_mlp_client_0 - Epoch 1/3 completed. Average Loss: 0.3158
2025-05-19 15:08:44,941 [INFO] src.federated.client: Client classical_mlp_client_0 - Epoch 2/3 completed. Average Loss: 0.2729
2025-05-19 15:08:44,947 [INFO] src.federated.client: Client classical_mlp_client_0 - Epoch 3/3 completed. Average Loss: 0.2354
2025-05-19 15:08:44,948 [INFO] src.federated.client: Client classical_mlp_client_0: Local training finished. Processed 273 samples.
2025-05-19 15:08:44,949 [INFO] src.federated.client: Client classical_mlp_client_2: Starting local training for 3 epochs. Proximal term mu=0.0.
2025-05-19 15:08:44,956 [INFO] src.federated.client: Client classical_mlp_client_2 - Epoch 1/3 completed. Average Loss: 0.2782
2025-05-19 15:08:44,963 [INFO] src.federated.client: Client classical_mlp_client_2 - Epoch 2/3 completed. Average Loss: 0.2342
2025-05-19 15:08:44,970 [INFO] src.federated.client: Client classical_mlp_client_2 - Epoch 3/3 completed. Average Loss: 0.1974
2025-05-19 15:08:44,970 [INFO] src.federated.client: Client classical_mlp_client_2: Local training finished. Processed 273 samples.
2025-05-19 15:08:44,970 [INFO] src.federated.server: Aggregating updates from 3 clients using FedAvg.
2025-05-19 15:08:44,971 [INFO] src.federated.aggregation: FedAvg: Aggregating updates from 3 clients.
2025-05-19 15:08:44,971 [INFO] src.federated.aggregation: FedAvg: Aggregation complete.
2025-05-19 15:08:44,972 [INFO] src.federated.server: Global model updated with aggregated parameters.
2025-05-19 15:08:44,972 [INFO] src.federated.server: Evaluating updated global model...
2025-05-19 15:08:44,974 [INFO] src.federated.server: Round 4 completed in 0.07s. Eval Metrics: {'loss': 0.23601482808589935, 'accuracy': 0.956140350877193}
2025-05-19 15:08:44,974 [INFO] src.federated.server: ===== Starting Round 5/5 =====
2025-05-19 15:08:44,974 [INFO] src.federated.server: Starting federated training round...
2025-05-19 15:08:44,974 [INFO] src.federated.server: Selected 3 clients out of 5 available (fraction=0.1, min_clients=3): ['classical_mlp_client_3', 'classical_mlp_client_0', 'classical_mlp_client_4']
2025-05-19 15:08:44,975 [INFO] src.federated.client: Client classical_mlp_client_3: Starting local training for 3 epochs. Proximal term mu=0.0.
2025-05-19 15:08:44,983 [INFO] src.federated.client: Client classical_mlp_client_3 - Epoch 1/3 completed. Average Loss: 0.2553
2025-05-19 15:08:44,990 [INFO] src.federated.client: Client classical_mlp_client_3 - Epoch 2/3 completed. Average Loss: 0.2230
2025-05-19 15:08:44,997 [INFO] src.federated.client: Client classical_mlp_client_3 - Epoch 3/3 completed. Average Loss: 0.2000
2025-05-19 15:08:44,997 [INFO] src.federated.client: Client classical_mlp_client_3: Local training finished. Processed 273 samples.
2025-05-19 15:08:44,998 [INFO] src.federated.client: Client classical_mlp_client_0: Starting local training for 3 epochs. Proximal term mu=0.0.
2025-05-19 15:08:45,006 [INFO] src.federated.client: Client classical_mlp_client_0 - Epoch 1/3 completed. Average Loss: 0.2127
2025-05-19 15:08:45,014 [INFO] src.federated.client: Client classical_mlp_client_0 - Epoch 2/3 completed. Average Loss: 0.1849
2025-05-19 15:08:45,022 [INFO] src.federated.client: Client classical_mlp_client_0 - Epoch 3/3 completed. Average Loss: 0.1611
2025-05-19 15:08:45,022 [INFO] src.federated.client: Client classical_mlp_client_0: Local training finished. Processed 273 samples.
2025-05-19 15:08:45,023 [INFO] src.federated.client: Client classical_mlp_client_4: Starting local training for 3 epochs. Proximal term mu=0.0.
2025-05-19 15:08:45,031 [INFO] src.federated.client: Client classical_mlp_client_4 - Epoch 1/3 completed. Average Loss: 0.1644
2025-05-19 15:08:45,038 [INFO] src.federated.client: Client classical_mlp_client_4 - Epoch 2/3 completed. Average Loss: 0.1357
2025-05-19 15:08:45,045 [INFO] src.federated.client: Client classical_mlp_client_4 - Epoch 3/3 completed. Average Loss: 0.1104
2025-05-19 15:08:45,046 [INFO] src.federated.client: Client classical_mlp_client_4: Local training finished. Processed 273 samples.
2025-05-19 15:08:45,046 [INFO] src.federated.server: Aggregating updates from 3 clients using FedAvg.
2025-05-19 15:08:45,046 [INFO] src.federated.aggregation: FedAvg: Aggregating updates from 3 clients.
2025-05-19 15:08:45,047 [INFO] src.federated.aggregation: FedAvg: Aggregation complete.
2025-05-19 15:08:45,048 [INFO] src.federated.server: Global model updated with aggregated parameters.
2025-05-19 15:08:45,048 [INFO] src.federated.server: Evaluating updated global model...
2025-05-19 15:08:45,051 [INFO] src.federated.server: Round 5 completed in 0.08s. Eval Metrics: {'loss': 0.17213810980319977, 'accuracy': 0.9649122807017544}
2025-05-19 15:08:45,051 [INFO] src.federated.server: Federated training process completed after 5 rounds.
2025-05-19 15:08:45,051 [INFO] BC_ExperimentRunner: ========== Finished BC_MLP_FedDive_IID_FullFeat ==========

2025-05-19 15:08:45,051 [INFO] BC_ExperimentRunner: ========== Starting BC_VQC_FedAvg_IID_PCA4_L2_Basic ==========
2025-05-19 15:08:45,051 [INFO] BC_ExperimentRunner: --- Setting up experiment: BC_VQC_FedAvg_IID_PCA4_L2_Basic for dataset breast_cancer ---
2025-05-19 15:08:45,052 [INFO] src.utils.data_utils: Set all random seeds to 42
2025-05-19 15:08:45,052 [INFO] BC_ExperimentRunner: Experiment 'BC_VQC_FedAvg_IID_PCA4_L2_Basic' will use tensor_dtype: torch.float32
2025-05-19 15:08:45,052 [INFO] src.utils.data_utils: Loading dataset: breast_cancer, PCA features=4, Scaling=minmax, Subset size=None, Dtype=torch.float32
2025-05-19 15:08:45,052 [INFO] src.utils.data_utils: Set all random seeds to 42
2025-05-19 15:08:45,058 [INFO] src.utils.data_utils: Applying PCA to reduce features to 4
2025-05-19 15:08:45,061 [INFO] src.utils.data_utils: PCA applied. New feature count: 4. Explained variance: 0.8393
2025-05-19 15:08:45,061 [INFO] src.utils.data_utils: Data preparation complete for 'breast_cancer'. Train size: 455, Test size: 114, Features: 4, Classes: 2
2025-05-19 15:08:45,064 [INFO] BC_ExperimentRunner: Successfully loaded configuration from /home/dhanraj/quantum_federated_simulator/configs/federated/server_config.yaml
2025-05-19 15:08:45,066 [INFO] BC_ExperimentRunner: Successfully loaded configuration from /home/dhanraj/quantum_federated_simulator/configs/federated/client_config.yaml
2025-05-19 15:08:45,069 [INFO] BC_ExperimentRunner: Successfully loaded configuration from /home/dhanraj/quantum_federated_simulator/configs/federated/default_aggregation.yaml
2025-05-19 15:08:45,069 [INFO] BC_ExperimentRunner: Creating model of type: vqc with n_features=4, n_classes=2, initial_dtype_request=torch.float32
2025-05-19 15:08:45,069 [INFO] src.quantum.models: Initializing VQC (TorchLayer): qubits=4, layers=2, circuit='basic', device='lightning.qubit', shots=None, diff_method='best'
2025-05-19 15:08:45,109 [INFO] src.quantum.circuits: Creating basic circuit with 4 qubits, 2 layers.
2025-05-19 15:08:45,109 [INFO] src.quantum.circuits: Basic circuit expects 24 trainable parameters.
2025-05-19 15:08:45,109 [INFO] src.quantum.models: VQC circuit requires 24 parameters.
2025-05-19 15:08:45,109 [INFO] src.quantum.models: VariationalQuantumClassifier: Using 'lightning.qubit' with no shots. Defaulting to 'adjoint'.
2025-05-19 15:08:45,109 [INFO] src.quantum.models: VariationalQuantumClassifier attempting to use differentiation method: adjoint
2025-05-19 15:08:45,122 [INFO] src.quantum.models: VQC raw circuit output dimension: 4
2025-05-19 15:08:45,122 [INFO] src.quantum.models: VQC: Added Linear head: 4 -> 2 logits for CrossEntropyLoss.
2025-05-19 15:08:45,122 [INFO] src.federated.aggregation: Creating aggregation strategy of type: fedavg
2025-05-19 15:08:45,122 [INFO] BC_ExperimentRunner: Using aggregation strategy: QuantumAggregationStrategy (base: FedAvg)
2025-05-19 15:08:45,122 [INFO] src.core.quantum_manager: QuantumServer: Initializing with global model type 'vqc'.
2025-05-19 15:08:45,123 [INFO] src.federated.server: Federated server initialized on device 'cuda' with aggregation strategy: QuantumAggregationStrategy
2025-05-19 15:08:45,123 [INFO] BC_ExperimentRunner: Creating model of type: vqc with n_features=4, n_classes=2, initial_dtype_request=torch.float32
2025-05-19 15:08:45,123 [INFO] src.quantum.models: Initializing VQC (TorchLayer): qubits=4, layers=2, circuit='basic', device='lightning.qubit', shots=None, diff_method='best'
2025-05-19 15:08:45,124 [INFO] src.quantum.circuits: Creating basic circuit with 4 qubits, 2 layers.
2025-05-19 15:08:45,124 [INFO] src.quantum.circuits: Basic circuit expects 24 trainable parameters.
2025-05-19 15:08:45,124 [INFO] src.quantum.models: VQC circuit requires 24 parameters.
2025-05-19 15:08:45,124 [INFO] src.quantum.models: VariationalQuantumClassifier: Using 'lightning.qubit' with no shots. Defaulting to 'adjoint'.
2025-05-19 15:08:45,124 [INFO] src.quantum.models: VariationalQuantumClassifier attempting to use differentiation method: adjoint
2025-05-19 15:08:45,128 [INFO] src.quantum.models: VQC raw circuit output dimension: 4
2025-05-19 15:08:45,129 [INFO] src.quantum.models: VQC: Added Linear head: 4 -> 2 logits for CrossEntropyLoss.
2025-05-19 15:08:45,129 [INFO] src.core.quantum_client: QuantumClient vqc_client_0: Initializing with model type 'vqc'.
2025-05-19 15:08:45,130 [INFO] src.federated.client: Client vqc_client_0 initialized on device 'cuda' with 151 samples.
2025-05-19 15:08:45,130 [INFO] BC_ExperimentRunner: Creating model of type: vqc with n_features=4, n_classes=2, initial_dtype_request=torch.float32
2025-05-19 15:08:45,130 [INFO] src.quantum.models: Initializing VQC (TorchLayer): qubits=4, layers=2, circuit='basic', device='lightning.qubit', shots=None, diff_method='best'
2025-05-19 15:08:45,130 [INFO] src.quantum.circuits: Creating basic circuit with 4 qubits, 2 layers.
2025-05-19 15:08:45,130 [INFO] src.quantum.circuits: Basic circuit expects 24 trainable parameters.
2025-05-19 15:08:45,130 [INFO] src.quantum.models: VQC circuit requires 24 parameters.
2025-05-19 15:08:45,131 [INFO] src.quantum.models: VariationalQuantumClassifier: Using 'lightning.qubit' with no shots. Defaulting to 'adjoint'.
2025-05-19 15:08:45,131 [INFO] src.quantum.models: VariationalQuantumClassifier attempting to use differentiation method: adjoint
2025-05-19 15:08:45,135 [INFO] src.quantum.models: VQC raw circuit output dimension: 4
2025-05-19 15:08:45,135 [INFO] src.quantum.models: VQC: Added Linear head: 4 -> 2 logits for CrossEntropyLoss.
2025-05-19 15:08:45,135 [INFO] src.core.quantum_client: QuantumClient vqc_client_1: Initializing with model type 'vqc'.
2025-05-19 15:08:45,136 [INFO] src.federated.client: Client vqc_client_1 initialized on device 'cuda' with 151 samples.
2025-05-19 15:08:45,136 [INFO] BC_ExperimentRunner: Creating model of type: vqc with n_features=4, n_classes=2, initial_dtype_request=torch.float32
2025-05-19 15:08:45,136 [INFO] src.quantum.models: Initializing VQC (TorchLayer): qubits=4, layers=2, circuit='basic', device='lightning.qubit', shots=None, diff_method='best'
2025-05-19 15:08:45,137 [INFO] src.quantum.circuits: Creating basic circuit with 4 qubits, 2 layers.
2025-05-19 15:08:45,137 [INFO] src.quantum.circuits: Basic circuit expects 24 trainable parameters.
2025-05-19 15:08:45,137 [INFO] src.quantum.models: VQC circuit requires 24 parameters.
2025-05-19 15:08:45,137 [INFO] src.quantum.models: VariationalQuantumClassifier: Using 'lightning.qubit' with no shots. Defaulting to 'adjoint'.
2025-05-19 15:08:45,137 [INFO] src.quantum.models: VariationalQuantumClassifier attempting to use differentiation method: adjoint
2025-05-19 15:08:45,142 [INFO] src.quantum.models: VQC raw circuit output dimension: 4
2025-05-19 15:08:45,143 [INFO] src.quantum.models: VQC: Added Linear head: 4 -> 2 logits for CrossEntropyLoss.
2025-05-19 15:08:45,143 [INFO] src.core.quantum_client: QuantumClient vqc_client_2: Initializing with model type 'vqc'.
2025-05-19 15:08:45,143 [INFO] src.federated.client: Client vqc_client_2 initialized on device 'cuda' with 153 samples.
2025-05-19 15:08:45,144 [INFO] src.federated.server: Registered client 'vqc_client_0'. Total clients: 1.
2025-05-19 15:08:45,144 [INFO] src.federated.server: Registered client 'vqc_client_1'. Total clients: 2.
2025-05-19 15:08:45,144 [INFO] src.federated.server: Registered client 'vqc_client_2'. Total clients: 3.
2025-05-19 15:08:45,144 [INFO] BC_ExperimentRunner: --- Scenario setup complete for BC_VQC_FedAvg_IID_PCA4_L2_Basic ---
2025-05-19 15:08:45,144 [INFO] src.federated.server: Starting federated training process for 5 rounds.
2025-05-19 15:08:45,144 [INFO] src.federated.server: Config: local_epochs=3, client_fraction=0.1, min_clients=3, FedProx mu=0.0
2025-05-19 15:08:45,144 [INFO] src.federated.server: Performing initial evaluation of global model...
2025-05-19 15:08:45,145 [INFO] src.core.quantum_manager: Server: Starting evaluation of global model (type: vqc).
2025-05-19 15:08:45,615 [INFO] src.core.quantum_manager: Evaluation results: Loss=0.6952, Accuracy=0.4298
2025-05-19 15:08:45,615 [INFO] src.federated.server: Initial Evaluation Metrics: {'loss': 0.6951935155349865, 'accuracy': 0.4298245614035088}
2025-05-19 15:08:45,615 [INFO] src.federated.server: ===== Starting Round 1/5 =====
2025-05-19 15:08:45,615 [INFO] src.federated.server: Starting federated training round...
2025-05-19 15:08:45,616 [INFO] src.federated.server: Selected 3 clients out of 3 available (fraction=0.1, min_clients=3): ['vqc_client_2', 'vqc_client_0', 'vqc_client_1']
2025-05-19 15:08:45,616 [INFO] src.core.quantum_client: Client vqc_client_2: Starting local training for 3 epochs (model type: vqc). Proximal term mu=0.0.
2025-05-19 15:08:45,616 [INFO] src.federated.client: Client vqc_client_2: Starting local training for 3 epochs. Proximal term mu=0.0.
2025-05-19 15:08:50,613 [INFO] src.federated.client: Client vqc_client_2 - Epoch 1/3 completed. Average Loss: 0.6858
2025-05-19 15:08:56,129 [INFO] src.federated.client: Client vqc_client_2 - Epoch 2/3 completed. Average Loss: 0.6605
2025-05-19 15:09:01,349 [INFO] src.federated.client: Client vqc_client_2 - Epoch 3/3 completed. Average Loss: 0.6349
2025-05-19 15:09:01,349 [INFO] src.federated.client: Client vqc_client_2: Local training finished. Processed 459 samples.
2025-05-19 15:09:01,351 [INFO] src.core.quantum_client: Client vqc_client_0: Starting local training for 3 epochs (model type: vqc). Proximal term mu=0.0.
2025-05-19 15:09:01,351 [INFO] src.federated.client: Client vqc_client_0: Starting local training for 3 epochs. Proximal term mu=0.0.
2025-05-19 15:09:07,565 [INFO] src.federated.client: Client vqc_client_0 - Epoch 1/3 completed. Average Loss: 0.6855
2025-05-19 15:09:13,036 [INFO] src.federated.client: Client vqc_client_0 - Epoch 2/3 completed. Average Loss: 0.6584
2025-05-19 15:09:18,155 [INFO] src.federated.client: Client vqc_client_0 - Epoch 3/3 completed. Average Loss: 0.6362
2025-05-19 15:09:18,156 [INFO] src.federated.client: Client vqc_client_0: Local training finished. Processed 453 samples.
2025-05-19 15:09:18,158 [INFO] src.core.quantum_client: Client vqc_client_1: Starting local training for 3 epochs (model type: vqc). Proximal term mu=0.0.
2025-05-19 15:09:18,158 [INFO] src.federated.client: Client vqc_client_1: Starting local training for 3 epochs. Proximal term mu=0.0.
2025-05-19 15:09:23,945 [INFO] src.federated.client: Client vqc_client_1 - Epoch 1/3 completed. Average Loss: 0.6850
2025-05-19 15:09:29,507 [INFO] src.federated.client: Client vqc_client_1 - Epoch 2/3 completed. Average Loss: 0.6633
2025-05-19 15:09:35,795 [INFO] src.federated.client: Client vqc_client_1 - Epoch 3/3 completed. Average Loss: 0.6450
2025-05-19 15:09:35,795 [INFO] src.federated.client: Client vqc_client_1: Local training finished. Processed 453 samples.
2025-05-19 15:09:35,798 [INFO] src.federated.server: Aggregating updates from 3 clients using QuantumAggregationStrategy.
2025-05-19 15:09:35,799 [INFO] src.core.quantum_manager: QuantumAggregationStrategy: Detected nn.Module (QNN/VQC/Hybrid) state_dict. Delegating to base strategy: FedAvg
2025-05-19 15:09:35,799 [INFO] src.federated.aggregation: FedAvg: Aggregating updates from 3 clients.
2025-05-19 15:09:35,799 [INFO] src.federated.aggregation: FedAvg: Aggregation complete.
2025-05-19 15:09:35,800 [INFO] src.federated.server: Global model updated with aggregated parameters.
2025-05-19 15:09:35,800 [INFO] src.federated.server: Evaluating updated global model...
2025-05-19 15:09:35,800 [INFO] src.core.quantum_manager: Server: Starting evaluation of global model (type: vqc).
2025-05-19 15:09:36,405 [INFO] src.core.quantum_manager: Evaluation results: Loss=0.6235, Accuracy=0.6404
2025-05-19 15:09:36,406 [INFO] src.federated.server: Round 1 completed in 50.79s. Eval Metrics: {'loss': 0.6234722628928068, 'accuracy': 0.6403508771929824}
2025-05-19 15:09:36,406 [INFO] src.federated.server: ===== Starting Round 2/5 =====
2025-05-19 15:09:36,406 [INFO] src.federated.server: Starting federated training round...
2025-05-19 15:09:36,406 [INFO] src.federated.server: Selected 3 clients out of 3 available (fraction=0.1, min_clients=3): ['vqc_client_2', 'vqc_client_1', 'vqc_client_0']
2025-05-19 15:09:36,407 [INFO] src.core.quantum_client: Client vqc_client_2: Starting local training for 3 epochs (model type: vqc). Proximal term mu=0.0.
2025-05-19 15:09:36,407 [INFO] src.federated.client: Client vqc_client_2: Starting local training for 3 epochs. Proximal term mu=0.0.
2025-05-19 15:09:43,330 [INFO] src.federated.client: Client vqc_client_2 - Epoch 1/3 completed. Average Loss: 0.6202
2025-05-19 15:09:48,968 [INFO] src.federated.client: Client vqc_client_2 - Epoch 2/3 completed. Average Loss: 0.6043
2025-05-19 15:09:54,666 [INFO] src.federated.client: Client vqc_client_2 - Epoch 3/3 completed. Average Loss: 0.5865
2025-05-19 15:09:54,667 [INFO] src.federated.client: Client vqc_client_2: Local training finished. Processed 459 samples.
2025-05-19 15:09:54,669 [INFO] src.core.quantum_client: Client vqc_client_1: Starting local training for 3 epochs (model type: vqc). Proximal term mu=0.0.
2025-05-19 15:09:54,669 [INFO] src.federated.client: Client vqc_client_1: Starting local training for 3 epochs. Proximal term mu=0.0.
2025-05-19 15:10:00,562 [INFO] src.federated.client: Client vqc_client_1 - Epoch 1/3 completed. Average Loss: 0.6268
2025-05-19 15:10:05,783 [INFO] src.federated.client: Client vqc_client_1 - Epoch 2/3 completed. Average Loss: 0.6117
2025-05-19 15:10:11,283 [INFO] src.federated.client: Client vqc_client_1 - Epoch 3/3 completed. Average Loss: 0.5970
2025-05-19 15:10:11,283 [INFO] src.federated.client: Client vqc_client_1: Local training finished. Processed 453 samples.
2025-05-19 15:10:11,285 [INFO] src.core.quantum_client: Client vqc_client_0: Starting local training for 3 epochs (model type: vqc). Proximal term mu=0.0.
2025-05-19 15:10:11,286 [INFO] src.federated.client: Client vqc_client_0: Starting local training for 3 epochs. Proximal term mu=0.0.
2025-05-19 15:10:16,789 [INFO] src.federated.client: Client vqc_client_0 - Epoch 1/3 completed. Average Loss: 0.6201
2025-05-19 15:10:22,184 [INFO] src.federated.client: Client vqc_client_0 - Epoch 2/3 completed. Average Loss: 0.6029
2025-05-19 15:10:27,637 [INFO] src.federated.client: Client vqc_client_0 - Epoch 3/3 completed. Average Loss: 0.5858
2025-05-19 15:10:27,637 [INFO] src.federated.client: Client vqc_client_0: Local training finished. Processed 453 samples.
2025-05-19 15:10:27,639 [INFO] src.federated.server: Aggregating updates from 3 clients using QuantumAggregationStrategy.
2025-05-19 15:10:27,640 [INFO] src.core.quantum_manager: QuantumAggregationStrategy: Detected nn.Module (QNN/VQC/Hybrid) state_dict. Delegating to base strategy: FedAvg
2025-05-19 15:10:27,640 [INFO] src.federated.aggregation: FedAvg: Aggregating updates from 3 clients.
2025-05-19 15:10:27,640 [INFO] src.federated.aggregation: FedAvg: Aggregation complete.
2025-05-19 15:10:27,642 [INFO] src.federated.server: Global model updated with aggregated parameters.
2025-05-19 15:10:27,642 [INFO] src.federated.server: Evaluating updated global model...
2025-05-19 15:10:27,642 [INFO] src.core.quantum_manager: Server: Starting evaluation of global model (type: vqc).
2025-05-19 15:10:28,144 [INFO] src.core.quantum_manager: Evaluation results: Loss=0.5722, Accuracy=0.6491
2025-05-19 15:10:28,144 [INFO] src.federated.server: Round 2 completed in 51.74s. Eval Metrics: {'loss': 0.5721591292766103, 'accuracy': 0.6491228070175439}
2025-05-19 15:10:28,144 [INFO] src.federated.server: ===== Starting Round 3/5 =====
2025-05-19 15:10:28,145 [INFO] src.federated.server: Starting federated training round...
2025-05-19 15:10:28,145 [INFO] src.federated.server: Selected 3 clients out of 3 available (fraction=0.1, min_clients=3): ['vqc_client_0', 'vqc_client_2', 'vqc_client_1']
2025-05-19 15:10:28,146 [INFO] src.core.quantum_client: Client vqc_client_0: Starting local training for 3 epochs (model type: vqc). Proximal term mu=0.0.
2025-05-19 15:10:28,146 [INFO] src.federated.client: Client vqc_client_0: Starting local training for 3 epochs. Proximal term mu=0.0.
2025-05-19 15:10:33,389 [INFO] src.federated.client: Client vqc_client_0 - Epoch 1/3 completed. Average Loss: 0.5714
2025-05-19 15:10:38,659 [INFO] src.federated.client: Client vqc_client_0 - Epoch 2/3 completed. Average Loss: 0.5563
2025-05-19 15:10:44,052 [INFO] src.federated.client: Client vqc_client_0 - Epoch 3/3 completed. Average Loss: 0.5405
2025-05-19 15:10:44,052 [INFO] src.federated.client: Client vqc_client_0: Local training finished. Processed 453 samples.
2025-05-19 15:10:44,054 [INFO] src.core.quantum_client: Client vqc_client_2: Starting local training for 3 epochs (model type: vqc). Proximal term mu=0.0.
2025-05-19 15:10:44,055 [INFO] src.federated.client: Client vqc_client_2: Starting local training for 3 epochs. Proximal term mu=0.0.
2025-05-19 15:10:49,178 [INFO] src.federated.client: Client vqc_client_2 - Epoch 1/3 completed. Average Loss: 0.5723
2025-05-19 15:10:55,025 [INFO] src.federated.client: Client vqc_client_2 - Epoch 2/3 completed. Average Loss: 0.5586
2025-05-19 15:11:00,534 [INFO] src.federated.client: Client vqc_client_2 - Epoch 3/3 completed. Average Loss: 0.5433
2025-05-19 15:11:00,535 [INFO] src.federated.client: Client vqc_client_2: Local training finished. Processed 459 samples.
2025-05-19 15:11:00,537 [INFO] src.core.quantum_client: Client vqc_client_1: Starting local training for 3 epochs (model type: vqc). Proximal term mu=0.0.
2025-05-19 15:11:00,537 [INFO] src.federated.client: Client vqc_client_1: Starting local training for 3 epochs. Proximal term mu=0.0.
2025-05-19 15:11:05,801 [INFO] src.federated.client: Client vqc_client_1 - Epoch 1/3 completed. Average Loss: 0.5831
2025-05-19 15:11:11,192 [INFO] src.federated.client: Client vqc_client_1 - Epoch 2/3 completed. Average Loss: 0.5658
2025-05-19 15:11:16,479 [INFO] src.federated.client: Client vqc_client_1 - Epoch 3/3 completed. Average Loss: 0.5465
2025-05-19 15:11:16,479 [INFO] src.federated.client: Client vqc_client_1: Local training finished. Processed 453 samples.
2025-05-19 15:11:16,481 [INFO] src.federated.server: Aggregating updates from 3 clients using QuantumAggregationStrategy.
2025-05-19 15:11:16,482 [INFO] src.core.quantum_manager: QuantumAggregationStrategy: Detected nn.Module (QNN/VQC/Hybrid) state_dict. Delegating to base strategy: FedAvg
2025-05-19 15:11:16,482 [INFO] src.federated.aggregation: FedAvg: Aggregating updates from 3 clients.
2025-05-19 15:11:16,482 [INFO] src.federated.aggregation: FedAvg: Aggregation complete.
2025-05-19 15:11:16,483 [INFO] src.federated.server: Global model updated with aggregated parameters.
2025-05-19 15:11:16,483 [INFO] src.federated.server: Evaluating updated global model...
2025-05-19 15:11:16,483 [INFO] src.core.quantum_manager: Server: Starting evaluation of global model (type: vqc).
2025-05-19 15:11:16,980 [INFO] src.core.quantum_manager: Evaluation results: Loss=0.5221, Accuracy=0.7105
2025-05-19 15:11:16,981 [INFO] src.federated.server: Round 3 completed in 48.84s. Eval Metrics: {'loss': 0.5221387513896876, 'accuracy': 0.7105263157894737}
2025-05-19 15:11:16,981 [INFO] src.federated.server: ===== Starting Round 4/5 =====
2025-05-19 15:11:16,981 [INFO] src.federated.server: Starting federated training round...
2025-05-19 15:11:16,981 [INFO] src.federated.server: Selected 3 clients out of 3 available (fraction=0.1, min_clients=3): ['vqc_client_2', 'vqc_client_0', 'vqc_client_1']
2025-05-19 15:11:16,982 [INFO] src.core.quantum_client: Client vqc_client_2: Starting local training for 3 epochs (model type: vqc). Proximal term mu=0.0.
2025-05-19 15:11:16,982 [INFO] src.federated.client: Client vqc_client_2: Starting local training for 3 epochs. Proximal term mu=0.0.
2025-05-19 15:11:22,379 [INFO] src.federated.client: Client vqc_client_2 - Epoch 1/3 completed. Average Loss: 0.5265
2025-05-19 15:11:27,706 [INFO] src.federated.client: Client vqc_client_2 - Epoch 2/3 completed. Average Loss: 0.5095
2025-05-19 15:11:32,825 [INFO] src.federated.client: Client vqc_client_2 - Epoch 3/3 completed. Average Loss: 0.4915
2025-05-19 15:11:32,825 [INFO] src.federated.client: Client vqc_client_2: Local training finished. Processed 459 samples.
2025-05-19 15:11:32,828 [INFO] src.core.quantum_client: Client vqc_client_0: Starting local training for 3 epochs (model type: vqc). Proximal term mu=0.0.
2025-05-19 15:11:32,828 [INFO] src.federated.client: Client vqc_client_0: Starting local training for 3 epochs. Proximal term mu=0.0.
2025-05-19 15:11:38,044 [INFO] src.federated.client: Client vqc_client_0 - Epoch 1/3 completed. Average Loss: 0.5237
2025-05-19 15:11:43,678 [INFO] src.federated.client: Client vqc_client_0 - Epoch 2/3 completed. Average Loss: 0.5060
2025-05-19 15:11:49,006 [INFO] src.federated.client: Client vqc_client_0 - Epoch 3/3 completed. Average Loss: 0.4869
2025-05-19 15:11:49,007 [INFO] src.federated.client: Client vqc_client_0: Local training finished. Processed 453 samples.
2025-05-19 15:11:49,009 [INFO] src.core.quantum_client: Client vqc_client_1: Starting local training for 3 epochs (model type: vqc). Proximal term mu=0.0.
2025-05-19 15:11:49,009 [INFO] src.federated.client: Client vqc_client_1: Starting local training for 3 epochs. Proximal term mu=0.0.
2025-05-19 15:11:54,601 [INFO] src.federated.client: Client vqc_client_1 - Epoch 1/3 completed. Average Loss: 0.5316
2025-05-19 15:12:00,180 [INFO] src.federated.client: Client vqc_client_1 - Epoch 2/3 completed. Average Loss: 0.5100
2025-05-19 15:12:05,998 [INFO] src.federated.client: Client vqc_client_1 - Epoch 3/3 completed. Average Loss: 0.4880
2025-05-19 15:12:05,998 [INFO] src.federated.client: Client vqc_client_1: Local training finished. Processed 453 samples.
2025-05-19 15:12:06,000 [INFO] src.federated.server: Aggregating updates from 3 clients using QuantumAggregationStrategy.
2025-05-19 15:12:06,000 [INFO] src.core.quantum_manager: QuantumAggregationStrategy: Detected nn.Module (QNN/VQC/Hybrid) state_dict. Delegating to base strategy: FedAvg
2025-05-19 15:12:06,000 [INFO] src.federated.aggregation: FedAvg: Aggregating updates from 3 clients.
2025-05-19 15:12:06,001 [INFO] src.federated.aggregation: FedAvg: Aggregation complete.
2025-05-19 15:12:06,001 [INFO] src.federated.server: Global model updated with aggregated parameters.
2025-05-19 15:12:06,001 [INFO] src.federated.server: Evaluating updated global model...
2025-05-19 15:12:06,001 [INFO] src.core.quantum_manager: Server: Starting evaluation of global model (type: vqc).
2025-05-19 15:12:06,519 [INFO] src.core.quantum_manager: Evaluation results: Loss=0.4638, Accuracy=0.8421
2025-05-19 15:12:06,519 [INFO] src.federated.server: Round 4 completed in 49.54s. Eval Metrics: {'loss': 0.46382435372001246, 'accuracy': 0.8421052631578947}
2025-05-19 15:12:06,519 [INFO] src.federated.server: ===== Starting Round 5/5 =====
2025-05-19 15:12:06,519 [INFO] src.federated.server: Starting federated training round...
2025-05-19 15:12:06,520 [INFO] src.federated.server: Selected 3 clients out of 3 available (fraction=0.1, min_clients=3): ['vqc_client_0', 'vqc_client_2', 'vqc_client_1']
2025-05-19 15:12:06,520 [INFO] src.core.quantum_client: Client vqc_client_0: Starting local training for 3 epochs (model type: vqc). Proximal term mu=0.0.
2025-05-19 15:12:06,520 [INFO] src.federated.client: Client vqc_client_0: Starting local training for 3 epochs. Proximal term mu=0.0.
2025-05-19 15:12:11,834 [INFO] src.federated.client: Client vqc_client_0 - Epoch 1/3 completed. Average Loss: 0.4651
2025-05-19 15:12:17,488 [INFO] src.federated.client: Client vqc_client_0 - Epoch 2/3 completed. Average Loss: 0.4438
2025-05-19 15:12:22,597 [INFO] src.federated.client: Client vqc_client_0 - Epoch 3/3 completed. Average Loss: 0.4209
2025-05-19 15:12:22,598 [INFO] src.federated.client: Client vqc_client_0: Local training finished. Processed 453 samples.
2025-05-19 15:12:22,600 [INFO] src.core.quantum_client: Client vqc_client_2: Starting local training for 3 epochs (model type: vqc). Proximal term mu=0.0.
2025-05-19 15:12:22,600 [INFO] src.federated.client: Client vqc_client_2: Starting local training for 3 epochs. Proximal term mu=0.0.
2025-05-19 15:12:28,010 [INFO] src.federated.client: Client vqc_client_2 - Epoch 1/3 completed. Average Loss: 0.4708
2025-05-19 15:12:33,611 [INFO] src.federated.client: Client vqc_client_2 - Epoch 2/3 completed. Average Loss: 0.4516
2025-05-19 15:12:39,485 [INFO] src.federated.client: Client vqc_client_2 - Epoch 3/3 completed. Average Loss: 0.4304
2025-05-19 15:12:39,485 [INFO] src.federated.client: Client vqc_client_2: Local training finished. Processed 459 samples.
2025-05-19 15:12:39,487 [INFO] src.core.quantum_client: Client vqc_client_1: Starting local training for 3 epochs (model type: vqc). Proximal term mu=0.0.
2025-05-19 15:12:39,488 [INFO] src.federated.client: Client vqc_client_1: Starting local training for 3 epochs. Proximal term mu=0.0.
2025-05-19 15:12:45,187 [INFO] src.federated.client: Client vqc_client_1 - Epoch 1/3 completed. Average Loss: 0.4696
2025-05-19 15:12:50,868 [INFO] src.federated.client: Client vqc_client_1 - Epoch 2/3 completed. Average Loss: 0.4443
2025-05-19 15:12:57,543 [INFO] src.federated.client: Client vqc_client_1 - Epoch 3/3 completed. Average Loss: 0.4207
2025-05-19 15:12:57,544 [INFO] src.federated.client: Client vqc_client_1: Local training finished. Processed 453 samples.
2025-05-19 15:12:57,545 [INFO] src.federated.server: Aggregating updates from 3 clients using QuantumAggregationStrategy.
2025-05-19 15:12:57,546 [INFO] src.core.quantum_manager: QuantumAggregationStrategy: Detected nn.Module (QNN/VQC/Hybrid) state_dict. Delegating to base strategy: FedAvg
2025-05-19 15:12:57,546 [INFO] src.federated.aggregation: FedAvg: Aggregating updates from 3 clients.
2025-05-19 15:12:57,546 [INFO] src.federated.aggregation: FedAvg: Aggregation complete.
2025-05-19 15:12:57,547 [INFO] src.federated.server: Global model updated with aggregated parameters.
2025-05-19 15:12:57,547 [INFO] src.federated.server: Evaluating updated global model...
2025-05-19 15:12:57,547 [INFO] src.core.quantum_manager: Server: Starting evaluation of global model (type: vqc).
2025-05-19 15:12:58,072 [INFO] src.core.quantum_manager: Evaluation results: Loss=0.3988, Accuracy=0.8860
2025-05-19 15:12:58,073 [INFO] src.federated.server: Round 5 completed in 51.55s. Eval Metrics: {'loss': 0.3988393409210339, 'accuracy': 0.8859649122807017}
2025-05-19 15:12:58,073 [INFO] src.federated.server: Federated training process completed after 5 rounds.
2025-05-19 15:12:58,073 [INFO] BC_ExperimentRunner: ========== Finished BC_VQC_FedAvg_IID_PCA4_L2_Basic ==========

2025-05-19 15:12:58,073 [INFO] BC_ExperimentRunner: ========== Starting BC_VQC_FedAvg_NonIID_a0.5_PCA4_L2_Complex ==========
2025-05-19 15:12:58,073 [INFO] BC_ExperimentRunner: --- Setting up experiment: BC_VQC_FedAvg_NonIID_a0.5_PCA4_L2_Complex for dataset breast_cancer ---
2025-05-19 15:12:58,073 [INFO] src.utils.data_utils: Set all random seeds to 42
2025-05-19 15:12:58,074 [INFO] BC_ExperimentRunner: Experiment 'BC_VQC_FedAvg_NonIID_a0.5_PCA4_L2_Complex' will use tensor_dtype: torch.float32
2025-05-19 15:12:58,074 [INFO] src.utils.data_utils: Loading dataset: breast_cancer, PCA features=4, Scaling=minmax, Subset size=None, Dtype=torch.float32
2025-05-19 15:12:58,074 [INFO] src.utils.data_utils: Set all random seeds to 42
2025-05-19 15:12:58,080 [INFO] src.utils.data_utils: Applying PCA to reduce features to 4
2025-05-19 15:12:58,082 [INFO] src.utils.data_utils: PCA applied. New feature count: 4. Explained variance: 0.8393
2025-05-19 15:12:58,082 [INFO] src.utils.data_utils: Data preparation complete for 'breast_cancer'. Train size: 455, Test size: 114, Features: 4, Classes: 2
2025-05-19 15:12:58,086 [INFO] BC_ExperimentRunner: Successfully loaded configuration from /home/dhanraj/quantum_federated_simulator/configs/federated/server_config.yaml
2025-05-19 15:12:58,088 [INFO] BC_ExperimentRunner: Successfully loaded configuration from /home/dhanraj/quantum_federated_simulator/configs/federated/client_config.yaml
2025-05-19 15:12:58,091 [INFO] BC_ExperimentRunner: Successfully loaded configuration from /home/dhanraj/quantum_federated_simulator/configs/federated/default_aggregation.yaml
2025-05-19 15:12:58,093 [INFO] BC_ExperimentRunner: Creating model of type: vqc with n_features=4, n_classes=2, initial_dtype_request=torch.float32
2025-05-19 15:12:58,093 [INFO] src.quantum.models: Initializing VQC (TorchLayer): qubits=4, layers=2, circuit='complex', device='lightning.qubit', shots=None, diff_method='best'
2025-05-19 15:12:58,093 [INFO] src.quantum.circuits: Creating complex circuit with 4 qubits, 2 layers.
2025-05-19 15:12:58,094 [INFO] src.quantum.circuits: Complex circuit expects 48 trainable parameters.
2025-05-19 15:12:58,094 [INFO] src.quantum.models: VQC circuit requires 48 parameters.
2025-05-19 15:12:58,094 [INFO] src.quantum.models: VariationalQuantumClassifier: Using 'lightning.qubit' with no shots. Defaulting to 'adjoint'.
2025-05-19 15:12:58,094 [INFO] src.quantum.models: VariationalQuantumClassifier attempting to use differentiation method: adjoint
2025-05-19 15:12:58,106 [INFO] src.quantum.models: VQC raw circuit output dimension: 6
2025-05-19 15:12:58,106 [INFO] src.quantum.models: VQC: Added Linear head: 6 -> 2 logits for CrossEntropyLoss.
2025-05-19 15:12:58,106 [INFO] src.federated.aggregation: Creating aggregation strategy of type: fedavg
2025-05-19 15:12:58,106 [INFO] BC_ExperimentRunner: Using aggregation strategy: QuantumAggregationStrategy (base: FedAvg)
2025-05-19 15:12:58,106 [INFO] src.core.quantum_manager: QuantumServer: Initializing with global model type 'vqc'.
2025-05-19 15:12:58,108 [INFO] src.federated.server: Federated server initialized on device 'cuda' with aggregation strategy: QuantumAggregationStrategy
2025-05-19 15:12:58,108 [INFO] BC_ExperimentRunner: Creating model of type: vqc with n_features=4, n_classes=2, initial_dtype_request=torch.float32
2025-05-19 15:12:58,108 [INFO] src.quantum.models: Initializing VQC (TorchLayer): qubits=4, layers=2, circuit='complex', device='lightning.qubit', shots=None, diff_method='best'
2025-05-19 15:12:58,109 [INFO] src.quantum.circuits: Creating complex circuit with 4 qubits, 2 layers.
2025-05-19 15:12:58,109 [INFO] src.quantum.circuits: Complex circuit expects 48 trainable parameters.
2025-05-19 15:12:58,109 [INFO] src.quantum.models: VQC circuit requires 48 parameters.
2025-05-19 15:12:58,109 [INFO] src.quantum.models: VariationalQuantumClassifier: Using 'lightning.qubit' with no shots. Defaulting to 'adjoint'.
2025-05-19 15:12:58,109 [INFO] src.quantum.models: VariationalQuantumClassifier attempting to use differentiation method: adjoint
2025-05-19 15:12:58,118 [INFO] src.quantum.models: VQC raw circuit output dimension: 6
2025-05-19 15:12:58,118 [INFO] src.quantum.models: VQC: Added Linear head: 6 -> 2 logits for CrossEntropyLoss.
2025-05-19 15:12:58,119 [INFO] src.core.quantum_client: QuantumClient vqc_client_0: Initializing with model type 'vqc'.
2025-05-19 15:12:58,120 [INFO] src.federated.client: Client vqc_client_0 initialized on device 'cuda' with 32 samples.
2025-05-19 15:12:58,120 [INFO] BC_ExperimentRunner: Creating model of type: vqc with n_features=4, n_classes=2, initial_dtype_request=torch.float32
2025-05-19 15:12:58,121 [INFO] src.quantum.models: Initializing VQC (TorchLayer): qubits=4, layers=2, circuit='complex', device='lightning.qubit', shots=None, diff_method='best'
2025-05-19 15:12:58,121 [INFO] src.quantum.circuits: Creating complex circuit with 4 qubits, 2 layers.
2025-05-19 15:12:58,121 [INFO] src.quantum.circuits: Complex circuit expects 48 trainable parameters.
2025-05-19 15:12:58,121 [INFO] src.quantum.models: VQC circuit requires 48 parameters.
2025-05-19 15:12:58,121 [INFO] src.quantum.models: VariationalQuantumClassifier: Using 'lightning.qubit' with no shots. Defaulting to 'adjoint'.
2025-05-19 15:12:58,121 [INFO] src.quantum.models: VariationalQuantumClassifier attempting to use differentiation method: adjoint
2025-05-19 15:12:58,130 [INFO] src.quantum.models: VQC raw circuit output dimension: 6
2025-05-19 15:12:58,130 [INFO] src.quantum.models: VQC: Added Linear head: 6 -> 2 logits for CrossEntropyLoss.
2025-05-19 15:12:58,131 [INFO] src.core.quantum_client: QuantumClient vqc_client_1: Initializing with model type 'vqc'.
2025-05-19 15:12:58,132 [INFO] src.federated.client: Client vqc_client_1 initialized on device 'cuda' with 418 samples.
2025-05-19 15:12:58,132 [INFO] BC_ExperimentRunner: Creating model of type: vqc with n_features=4, n_classes=2, initial_dtype_request=torch.float32
2025-05-19 15:12:58,132 [INFO] src.quantum.models: Initializing VQC (TorchLayer): qubits=4, layers=2, circuit='complex', device='lightning.qubit', shots=None, diff_method='best'
2025-05-19 15:12:58,133 [INFO] src.quantum.circuits: Creating complex circuit with 4 qubits, 2 layers.
2025-05-19 15:12:58,133 [INFO] src.quantum.circuits: Complex circuit expects 48 trainable parameters.
2025-05-19 15:12:58,133 [INFO] src.quantum.models: VQC circuit requires 48 parameters.
2025-05-19 15:12:58,133 [INFO] src.quantum.models: VariationalQuantumClassifier: Using 'lightning.qubit' with no shots. Defaulting to 'adjoint'.
2025-05-19 15:12:58,133 [INFO] src.quantum.models: VariationalQuantumClassifier attempting to use differentiation method: adjoint
2025-05-19 15:12:58,142 [INFO] src.quantum.models: VQC raw circuit output dimension: 6
2025-05-19 15:12:58,143 [INFO] src.quantum.models: VQC: Added Linear head: 6 -> 2 logits for CrossEntropyLoss.
2025-05-19 15:12:58,143 [INFO] src.core.quantum_client: QuantumClient vqc_client_2: Initializing with model type 'vqc'.
2025-05-19 15:12:58,145 [INFO] src.federated.client: Client vqc_client_2 initialized on device 'cuda' with 5 samples.
2025-05-19 15:12:58,145 [INFO] src.federated.server: Registered client 'vqc_client_0'. Total clients: 1.
2025-05-19 15:12:58,146 [INFO] src.federated.server: Registered client 'vqc_client_1'. Total clients: 2.
2025-05-19 15:12:58,146 [INFO] src.federated.server: Registered client 'vqc_client_2'. Total clients: 3.
2025-05-19 15:12:58,146 [INFO] BC_ExperimentRunner: --- Scenario setup complete for BC_VQC_FedAvg_NonIID_a0.5_PCA4_L2_Complex ---
2025-05-19 15:12:58,146 [INFO] src.federated.server: Starting federated training process for 5 rounds.
2025-05-19 15:12:58,146 [INFO] src.federated.server: Config: local_epochs=3, client_fraction=0.1, min_clients=3, FedProx mu=0.0
2025-05-19 15:12:58,146 [INFO] src.federated.server: Performing initial evaluation of global model...
2025-05-19 15:12:58,146 [INFO] src.core.quantum_manager: Server: Starting evaluation of global model (type: vqc).
2025-05-19 15:12:59,425 [INFO] src.core.quantum_manager: Evaluation results: Loss=0.8873, Accuracy=0.2895
2025-05-19 15:12:59,425 [INFO] src.federated.server: Initial Evaluation Metrics: {'loss': 0.8872619344477068, 'accuracy': 0.2894736842105263}
2025-05-19 15:12:59,425 [INFO] src.federated.server: ===== Starting Round 1/5 =====
2025-05-19 15:12:59,425 [INFO] src.federated.server: Starting federated training round...
2025-05-19 15:12:59,425 [INFO] src.federated.server: Selected 3 clients out of 3 available (fraction=0.1, min_clients=3): ['vqc_client_0', 'vqc_client_2', 'vqc_client_1']
2025-05-19 15:12:59,427 [INFO] src.core.quantum_client: Client vqc_client_0: Starting local training for 3 epochs (model type: vqc). Proximal term mu=0.0.
2025-05-19 15:12:59,427 [INFO] src.federated.client: Client vqc_client_0: Starting local training for 3 epochs. Proximal term mu=0.0.
2025-05-19 15:13:02,887 [INFO] src.federated.client: Client vqc_client_0 - Epoch 1/3 completed. Average Loss: 0.6286
2025-05-19 15:13:06,847 [INFO] src.federated.client: Client vqc_client_0 - Epoch 2/3 completed. Average Loss: 0.6156
2025-05-19 15:13:10,274 [INFO] src.federated.client: Client vqc_client_0 - Epoch 3/3 completed. Average Loss: 0.6031
2025-05-19 15:13:10,275 [INFO] src.federated.client: Client vqc_client_0: Local training finished. Processed 96 samples.
2025-05-19 15:13:10,279 [INFO] src.core.quantum_client: Client vqc_client_2: Starting local training for 3 epochs (model type: vqc). Proximal term mu=0.0.
2025-05-19 15:13:10,279 [INFO] src.federated.client: Client vqc_client_2: Starting local training for 3 epochs. Proximal term mu=0.0.
2025-05-19 15:13:10,778 [INFO] src.federated.client: Client vqc_client_2 - Epoch 1/3 completed. Average Loss: 0.5583
2025-05-19 15:13:11,333 [INFO] src.federated.client: Client vqc_client_2 - Epoch 2/3 completed. Average Loss: 0.5433
2025-05-19 15:13:11,876 [INFO] src.federated.client: Client vqc_client_2 - Epoch 3/3 completed. Average Loss: 0.5287
2025-05-19 15:13:11,876 [INFO] src.federated.client: Client vqc_client_2: Local training finished. Processed 15 samples.
2025-05-19 15:13:11,878 [INFO] src.core.quantum_client: Client vqc_client_1: Starting local training for 3 epochs (model type: vqc). Proximal term mu=0.0.
2025-05-19 15:13:11,878 [INFO] src.federated.client: Client vqc_client_1: Starting local training for 3 epochs. Proximal term mu=0.0.
2025-05-19 15:13:50,330 [INFO] src.federated.client: Client vqc_client_1 - Epoch 1/3 completed. Average Loss: 0.8360
2025-05-19 15:14:28,763 [INFO] src.federated.client: Client vqc_client_1 - Epoch 2/3 completed. Average Loss: 0.7132
2025-05-19 15:15:08,407 [INFO] src.federated.client: Client vqc_client_1 - Epoch 3/3 completed. Average Loss: 0.6443
2025-05-19 15:15:08,407 [INFO] src.federated.client: Client vqc_client_1: Local training finished. Processed 1254 samples.
2025-05-19 15:15:08,408 [INFO] src.federated.server: Aggregating updates from 3 clients using QuantumAggregationStrategy.
2025-05-19 15:15:08,408 [INFO] src.core.quantum_manager: QuantumAggregationStrategy: Detected nn.Module (QNN/VQC/Hybrid) state_dict. Delegating to base strategy: FedAvg
2025-05-19 15:15:08,408 [INFO] src.federated.aggregation: FedAvg: Aggregating updates from 3 clients.
2025-05-19 15:15:08,408 [INFO] src.federated.aggregation: FedAvg: Aggregation complete.
2025-05-19 15:15:08,409 [INFO] src.federated.server: Global model updated with aggregated parameters.
2025-05-19 15:15:08,409 [INFO] src.federated.server: Evaluating updated global model...
2025-05-19 15:15:08,409 [INFO] src.core.quantum_manager: Server: Starting evaluation of global model (type: vqc).
2025-05-19 15:15:09,433 [INFO] src.core.quantum_manager: Evaluation results: Loss=0.6354, Accuracy=0.6579
2025-05-19 15:15:09,434 [INFO] src.federated.server: Round 1 completed in 130.01s. Eval Metrics: {'loss': 0.6354403485331619, 'accuracy': 0.6578947368421053}
2025-05-19 15:15:09,434 [INFO] src.federated.server: ===== Starting Round 2/5 =====
2025-05-19 15:15:09,434 [INFO] src.federated.server: Starting federated training round...
2025-05-19 15:15:09,434 [INFO] src.federated.server: Selected 3 clients out of 3 available (fraction=0.1, min_clients=3): ['vqc_client_1', 'vqc_client_2', 'vqc_client_0']
2025-05-19 15:15:09,436 [INFO] src.core.quantum_client: Client vqc_client_1: Starting local training for 3 epochs (model type: vqc). Proximal term mu=0.0.
2025-05-19 15:15:09,436 [INFO] src.federated.client: Client vqc_client_1: Starting local training for 3 epochs. Proximal term mu=0.0.
2025-05-19 15:15:48,735 [INFO] src.federated.client: Client vqc_client_1 - Epoch 1/3 completed. Average Loss: 0.6018
2025-05-19 15:16:27,620 [INFO] src.federated.client: Client vqc_client_1 - Epoch 2/3 completed. Average Loss: 0.5412
2025-05-19 15:17:07,223 [INFO] src.federated.client: Client vqc_client_1 - Epoch 3/3 completed. Average Loss: 0.4790
2025-05-19 15:17:07,224 [INFO] src.federated.client: Client vqc_client_1: Local training finished. Processed 1254 samples.
2025-05-19 15:17:07,225 [INFO] src.core.quantum_client: Client vqc_client_2: Starting local training for 3 epochs (model type: vqc). Proximal term mu=0.0.
2025-05-19 15:17:07,225 [INFO] src.federated.client: Client vqc_client_2: Starting local training for 3 epochs. Proximal term mu=0.0.
2025-05-19 15:17:07,701 [INFO] src.federated.client: Client vqc_client_2 - Epoch 1/3 completed. Average Loss: 0.7649
2025-05-19 15:17:08,190 [INFO] src.federated.client: Client vqc_client_2 - Epoch 2/3 completed. Average Loss: 0.7488
2025-05-19 15:17:08,676 [INFO] src.federated.client: Client vqc_client_2 - Epoch 3/3 completed. Average Loss: 0.7325
2025-05-19 15:17:08,676 [INFO] src.federated.client: Client vqc_client_2: Local training finished. Processed 15 samples.
2025-05-19 15:17:08,678 [INFO] src.core.quantum_client: Client vqc_client_0: Starting local training for 3 epochs (model type: vqc). Proximal term mu=0.0.
2025-05-19 15:17:08,678 [INFO] src.federated.client: Client vqc_client_0: Starting local training for 3 epochs. Proximal term mu=0.0.
2025-05-19 15:17:11,854 [INFO] src.federated.client: Client vqc_client_0 - Epoch 1/3 completed. Average Loss: 0.7709
2025-05-19 15:17:15,061 [INFO] src.federated.client: Client vqc_client_0 - Epoch 2/3 completed. Average Loss: 0.7571
2025-05-19 15:17:18,170 [INFO] src.federated.client: Client vqc_client_0 - Epoch 3/3 completed. Average Loss: 0.7432
2025-05-19 15:17:18,171 [INFO] src.federated.client: Client vqc_client_0: Local training finished. Processed 96 samples.
2025-05-19 15:17:18,175 [INFO] src.federated.server: Aggregating updates from 3 clients using QuantumAggregationStrategy.
2025-05-19 15:17:18,175 [INFO] src.core.quantum_manager: QuantumAggregationStrategy: Detected nn.Module (QNN/VQC/Hybrid) state_dict. Delegating to base strategy: FedAvg
2025-05-19 15:17:18,175 [INFO] src.federated.aggregation: FedAvg: Aggregating updates from 3 clients.
2025-05-19 15:17:18,176 [INFO] src.federated.aggregation: FedAvg: Aggregation complete.
2025-05-19 15:17:18,177 [INFO] src.federated.server: Global model updated with aggregated parameters.
2025-05-19 15:17:18,177 [INFO] src.federated.server: Evaluating updated global model...
2025-05-19 15:17:18,177 [INFO] src.core.quantum_manager: Server: Starting evaluation of global model (type: vqc).
2025-05-19 15:17:19,177 [INFO] src.core.quantum_manager: Evaluation results: Loss=0.4723, Accuracy=0.9035
2025-05-19 15:17:19,177 [INFO] src.federated.server: Round 2 completed in 129.74s. Eval Metrics: {'loss': 0.472258096201378, 'accuracy': 0.9035087719298246}
2025-05-19 15:17:19,177 [INFO] src.federated.server: ===== Starting Round 3/5 =====
2025-05-19 15:17:19,178 [INFO] src.federated.server: Starting federated training round...
2025-05-19 15:17:19,178 [INFO] src.federated.server: Selected 3 clients out of 3 available (fraction=0.1, min_clients=3): ['vqc_client_0', 'vqc_client_2', 'vqc_client_1']
2025-05-19 15:17:19,179 [INFO] src.core.quantum_client: Client vqc_client_0: Starting local training for 3 epochs (model type: vqc). Proximal term mu=0.0.
2025-05-19 15:17:19,179 [INFO] src.federated.client: Client vqc_client_0: Starting local training for 3 epochs. Proximal term mu=0.0.
2025-05-19 15:17:22,607 [INFO] src.federated.client: Client vqc_client_0 - Epoch 1/3 completed. Average Loss: 0.7222
2025-05-19 15:17:25,867 [INFO] src.federated.client: Client vqc_client_0 - Epoch 2/3 completed. Average Loss: 0.7077
2025-05-19 15:17:29,212 [INFO] src.federated.client: Client vqc_client_0 - Epoch 3/3 completed. Average Loss: 0.6930
2025-05-19 15:17:29,213 [INFO] src.federated.client: Client vqc_client_0: Local training finished. Processed 96 samples.
2025-05-19 15:17:29,217 [INFO] src.core.quantum_client: Client vqc_client_2: Starting local training for 3 epochs (model type: vqc). Proximal term mu=0.0.
2025-05-19 15:17:29,218 [INFO] src.federated.client: Client vqc_client_2: Starting local training for 3 epochs. Proximal term mu=0.0.
2025-05-19 15:17:29,689 [INFO] src.federated.client: Client vqc_client_2 - Epoch 1/3 completed. Average Loss: 0.8155
2025-05-19 15:17:30,154 [INFO] src.federated.client: Client vqc_client_2 - Epoch 2/3 completed. Average Loss: 0.7966
2025-05-19 15:17:30,617 [INFO] src.federated.client: Client vqc_client_2 - Epoch 3/3 completed. Average Loss: 0.7770
2025-05-19 15:17:30,617 [INFO] src.federated.client: Client vqc_client_2: Local training finished. Processed 15 samples.
2025-05-19 15:17:30,619 [INFO] src.core.quantum_client: Client vqc_client_1: Starting local training for 3 epochs (model type: vqc). Proximal term mu=0.0.
2025-05-19 15:17:30,619 [INFO] src.federated.client: Client vqc_client_1: Starting local training for 3 epochs. Proximal term mu=0.0.
2025-05-19 15:18:10,087 [INFO] src.federated.client: Client vqc_client_1 - Epoch 1/3 completed. Average Loss: 0.4272
2025-05-19 15:18:49,892 [INFO] src.federated.client: Client vqc_client_1 - Epoch 2/3 completed. Average Loss: 0.3703
2025-05-19 15:19:29,370 [INFO] src.federated.client: Client vqc_client_1 - Epoch 3/3 completed. Average Loss: 0.3228
2025-05-19 15:19:29,371 [INFO] src.federated.client: Client vqc_client_1: Local training finished. Processed 1254 samples.
2025-05-19 15:19:29,371 [INFO] src.federated.server: Aggregating updates from 3 clients using QuantumAggregationStrategy.
2025-05-19 15:19:29,371 [INFO] src.core.quantum_manager: QuantumAggregationStrategy: Detected nn.Module (QNN/VQC/Hybrid) state_dict. Delegating to base strategy: FedAvg
2025-05-19 15:19:29,371 [INFO] src.federated.aggregation: FedAvg: Aggregating updates from 3 clients.
2025-05-19 15:19:29,372 [INFO] src.federated.aggregation: FedAvg: Aggregation complete.
2025-05-19 15:19:29,372 [INFO] src.federated.server: Global model updated with aggregated parameters.
2025-05-19 15:19:29,372 [INFO] src.federated.server: Evaluating updated global model...
2025-05-19 15:19:29,373 [INFO] src.core.quantum_manager: Server: Starting evaluation of global model (type: vqc).
2025-05-19 15:19:30,682 [INFO] src.core.quantum_manager: Evaluation results: Loss=0.3295, Accuracy=0.9211
2025-05-19 15:19:30,682 [INFO] src.federated.server: Round 3 completed in 131.50s. Eval Metrics: {'loss': 0.3295052950842339, 'accuracy': 0.9210526315789473}
2025-05-19 15:19:30,682 [INFO] src.federated.server: ===== Starting Round 4/5 =====
2025-05-19 15:19:30,682 [INFO] src.federated.server: Starting federated training round...
2025-05-19 15:19:30,682 [INFO] src.federated.server: Selected 3 clients out of 3 available (fraction=0.1, min_clients=3): ['vqc_client_1', 'vqc_client_2', 'vqc_client_0']
2025-05-19 15:19:30,684 [INFO] src.core.quantum_client: Client vqc_client_1: Starting local training for 3 epochs (model type: vqc). Proximal term mu=0.0.
2025-05-19 15:19:30,684 [INFO] src.federated.client: Client vqc_client_1: Starting local training for 3 epochs. Proximal term mu=0.0.
2025-05-19 15:20:10,434 [INFO] src.federated.client: Client vqc_client_1 - Epoch 1/3 completed. Average Loss: 0.2976
2025-05-19 15:20:52,479 [INFO] src.federated.client: Client vqc_client_1 - Epoch 2/3 completed. Average Loss: 0.2710
2025-05-19 15:21:31,485 [INFO] src.federated.client: Client vqc_client_1 - Epoch 3/3 completed. Average Loss: 0.2532
2025-05-19 15:21:31,486 [INFO] src.federated.client: Client vqc_client_1: Local training finished. Processed 1254 samples.
2025-05-19 15:21:31,486 [INFO] src.core.quantum_client: Client vqc_client_2: Starting local training for 3 epochs (model type: vqc). Proximal term mu=0.0.
2025-05-19 15:21:31,487 [INFO] src.federated.client: Client vqc_client_2: Starting local training for 3 epochs. Proximal term mu=0.0.
2025-05-19 15:21:31,954 [INFO] src.federated.client: Client vqc_client_2 - Epoch 1/3 completed. Average Loss: 0.8991
2025-05-19 15:21:32,406 [INFO] src.federated.client: Client vqc_client_2 - Epoch 2/3 completed. Average Loss: 0.8754
2025-05-19 15:21:33,052 [INFO] src.federated.client: Client vqc_client_2 - Epoch 3/3 completed. Average Loss: 0.8507
2025-05-19 15:21:33,052 [INFO] src.federated.client: Client vqc_client_2: Local training finished. Processed 15 samples.
2025-05-19 15:21:33,054 [INFO] src.core.quantum_client: Client vqc_client_0: Starting local training for 3 epochs (model type: vqc). Proximal term mu=0.0.
2025-05-19 15:21:33,054 [INFO] src.federated.client: Client vqc_client_0: Starting local training for 3 epochs. Proximal term mu=0.0.
2025-05-19 15:21:36,171 [INFO] src.federated.client: Client vqc_client_0 - Epoch 1/3 completed. Average Loss: 0.5539
2025-05-19 15:21:39,409 [INFO] src.federated.client: Client vqc_client_0 - Epoch 2/3 completed. Average Loss: 0.5437
2025-05-19 15:21:42,467 [INFO] src.federated.client: Client vqc_client_0 - Epoch 3/3 completed. Average Loss: 0.5337
2025-05-19 15:21:42,468 [INFO] src.federated.client: Client vqc_client_0: Local training finished. Processed 96 samples.
2025-05-19 15:21:42,472 [INFO] src.federated.server: Aggregating updates from 3 clients using QuantumAggregationStrategy.
2025-05-19 15:21:42,472 [INFO] src.core.quantum_manager: QuantumAggregationStrategy: Detected nn.Module (QNN/VQC/Hybrid) state_dict. Delegating to base strategy: FedAvg
2025-05-19 15:21:42,472 [INFO] src.federated.aggregation: FedAvg: Aggregating updates from 3 clients.
2025-05-19 15:21:42,473 [INFO] src.federated.aggregation: FedAvg: Aggregation complete.
2025-05-19 15:21:42,474 [INFO] src.federated.server: Global model updated with aggregated parameters.
2025-05-19 15:21:42,474 [INFO] src.federated.server: Evaluating updated global model...
2025-05-19 15:21:42,474 [INFO] src.core.quantum_manager: Server: Starting evaluation of global model (type: vqc).
2025-05-19 15:21:43,463 [INFO] src.core.quantum_manager: Evaluation results: Loss=0.2629, Accuracy=0.9298
2025-05-19 15:21:43,464 [INFO] src.federated.server: Round 4 completed in 132.78s. Eval Metrics: {'loss': 0.26286514809257105, 'accuracy': 0.9298245614035088}
2025-05-19 15:21:43,464 [INFO] src.federated.server: ===== Starting Round 5/5 =====
2025-05-19 15:21:43,464 [INFO] src.federated.server: Starting federated training round...
2025-05-19 15:21:43,464 [INFO] src.federated.server: Selected 3 clients out of 3 available (fraction=0.1, min_clients=3): ['vqc_client_0', 'vqc_client_1', 'vqc_client_2']
2025-05-19 15:21:43,465 [INFO] src.core.quantum_client: Client vqc_client_0: Starting local training for 3 epochs (model type: vqc). Proximal term mu=0.0.
2025-05-19 15:21:43,465 [INFO] src.federated.client: Client vqc_client_0: Starting local training for 3 epochs. Proximal term mu=0.0.
2025-05-19 15:21:46,490 [INFO] src.federated.client: Client vqc_client_0 - Epoch 1/3 completed. Average Loss: 0.4515
2025-05-19 15:21:49,478 [INFO] src.federated.client: Client vqc_client_0 - Epoch 2/3 completed. Average Loss: 0.4435
2025-05-19 15:21:52,675 [INFO] src.federated.client: Client vqc_client_0 - Epoch 3/3 completed. Average Loss: 0.4353
2025-05-19 15:21:52,676 [INFO] src.federated.client: Client vqc_client_0: Local training finished. Processed 96 samples.
2025-05-19 15:21:52,680 [INFO] src.core.quantum_client: Client vqc_client_1: Starting local training for 3 epochs (model type: vqc). Proximal term mu=0.0.
2025-05-19 15:21:52,681 [INFO] src.federated.client: Client vqc_client_1: Starting local training for 3 epochs. Proximal term mu=0.0.
2025-05-19 15:22:35,540 [INFO] src.federated.client: Client vqc_client_1 - Epoch 1/3 completed. Average Loss: 0.2407
2025-05-19 15:23:16,815 [INFO] src.federated.client: Client vqc_client_1 - Epoch 2/3 completed. Average Loss: 0.2283
2025-05-19 15:24:00,305 [INFO] src.federated.client: Client vqc_client_1 - Epoch 3/3 completed. Average Loss: 0.2150
2025-05-19 15:24:00,306 [INFO] src.federated.client: Client vqc_client_1: Local training finished. Processed 1254 samples.
2025-05-19 15:24:00,308 [INFO] src.core.quantum_client: Client vqc_client_2: Starting local training for 3 epochs (model type: vqc). Proximal term mu=0.0.
2025-05-19 15:24:00,308 [INFO] src.federated.client: Client vqc_client_2: Starting local training for 3 epochs. Proximal term mu=0.0.
2025-05-19 15:24:00,894 [INFO] src.federated.client: Client vqc_client_2 - Epoch 1/3 completed. Average Loss: 0.9585
2025-05-19 15:24:01,455 [INFO] src.federated.client: Client vqc_client_2 - Epoch 2/3 completed. Average Loss: 0.9267
2025-05-19 15:24:02,015 [INFO] src.federated.client: Client vqc_client_2 - Epoch 3/3 completed. Average Loss: 0.8937
2025-05-19 15:24:02,015 [INFO] src.federated.client: Client vqc_client_2: Local training finished. Processed 15 samples.
2025-05-19 15:24:02,016 [INFO] src.federated.server: Aggregating updates from 3 clients using QuantumAggregationStrategy.
2025-05-19 15:24:02,016 [INFO] src.core.quantum_manager: QuantumAggregationStrategy: Detected nn.Module (QNN/VQC/Hybrid) state_dict. Delegating to base strategy: FedAvg
2025-05-19 15:24:02,016 [INFO] src.federated.aggregation: FedAvg: Aggregating updates from 3 clients.
2025-05-19 15:24:02,017 [INFO] src.federated.aggregation: FedAvg: Aggregation complete.
2025-05-19 15:24:02,018 [INFO] src.federated.server: Global model updated with aggregated parameters.
2025-05-19 15:24:02,018 [INFO] src.federated.server: Evaluating updated global model...
2025-05-19 15:24:02,018 [INFO] src.core.quantum_manager: Server: Starting evaluation of global model (type: vqc).
2025-05-19 15:24:03,112 [INFO] src.core.quantum_manager: Evaluation results: Loss=0.2273, Accuracy=0.9123
2025-05-19 15:24:03,113 [INFO] src.federated.server: Round 5 completed in 139.65s. Eval Metrics: {'loss': 0.22725117363427816, 'accuracy': 0.9122807017543859}
2025-05-19 15:24:03,113 [INFO] src.federated.server: Federated training process completed after 5 rounds.
2025-05-19 15:24:03,113 [INFO] BC_ExperimentRunner: ========== Finished BC_VQC_FedAvg_NonIID_a0.5_PCA4_L2_Complex ==========

2025-05-19 15:24:03,113 [INFO] BC_ExperimentRunner: ========== Starting BC_VQC_FedProx_IID_PCA4_L2_Basic ==========
2025-05-19 15:24:03,113 [INFO] BC_ExperimentRunner: --- Setting up experiment: BC_VQC_FedProx_IID_PCA4_L2_Basic for dataset breast_cancer ---
2025-05-19 15:24:03,114 [INFO] src.utils.data_utils: Set all random seeds to 42
2025-05-19 15:24:03,114 [INFO] BC_ExperimentRunner: Experiment 'BC_VQC_FedProx_IID_PCA4_L2_Basic' will use tensor_dtype: torch.float32
2025-05-19 15:24:03,114 [INFO] src.utils.data_utils: Loading dataset: breast_cancer, PCA features=4, Scaling=minmax, Subset size=None, Dtype=torch.float32
2025-05-19 15:24:03,114 [INFO] src.utils.data_utils: Set all random seeds to 42
2025-05-19 15:24:03,121 [INFO] src.utils.data_utils: Applying PCA to reduce features to 4
2025-05-19 15:24:03,124 [INFO] src.utils.data_utils: PCA applied. New feature count: 4. Explained variance: 0.8393
2025-05-19 15:24:03,124 [INFO] src.utils.data_utils: Data preparation complete for 'breast_cancer'. Train size: 455, Test size: 114, Features: 4, Classes: 2
2025-05-19 15:24:03,128 [INFO] BC_ExperimentRunner: Successfully loaded configuration from /home/dhanraj/quantum_federated_simulator/configs/federated/server_config.yaml
2025-05-19 15:24:03,130 [INFO] BC_ExperimentRunner: Successfully loaded configuration from /home/dhanraj/quantum_federated_simulator/configs/federated/client_config.yaml
2025-05-19 15:24:03,133 [INFO] BC_ExperimentRunner: Successfully loaded configuration from /home/dhanraj/quantum_federated_simulator/configs/federated/default_aggregation.yaml
2025-05-19 15:24:03,134 [INFO] BC_ExperimentRunner: Creating model of type: vqc with n_features=4, n_classes=2, initial_dtype_request=torch.float32
2025-05-19 15:24:03,134 [INFO] src.quantum.models: Initializing VQC (TorchLayer): qubits=4, layers=2, circuit='basic', device='lightning.qubit', shots=None, diff_method='best'
2025-05-19 15:24:03,135 [INFO] src.quantum.circuits: Creating basic circuit with 4 qubits, 2 layers.
2025-05-19 15:24:03,136 [INFO] src.quantum.circuits: Basic circuit expects 24 trainable parameters.
2025-05-19 15:24:03,136 [INFO] src.quantum.models: VQC circuit requires 24 parameters.
2025-05-19 15:24:03,136 [INFO] src.quantum.models: VariationalQuantumClassifier: Using 'lightning.qubit' with no shots. Defaulting to 'adjoint'.
2025-05-19 15:24:03,136 [INFO] src.quantum.models: VariationalQuantumClassifier attempting to use differentiation method: adjoint
2025-05-19 15:24:03,144 [INFO] src.quantum.models: VQC raw circuit output dimension: 4
2025-05-19 15:24:03,144 [INFO] src.quantum.models: VQC: Added Linear head: 4 -> 2 logits for CrossEntropyLoss.
2025-05-19 15:24:03,145 [INFO] src.federated.aggregation: Creating aggregation strategy of type: fedavg
2025-05-19 15:24:03,145 [INFO] BC_ExperimentRunner: Using aggregation strategy: QuantumAggregationStrategy (base: FedAvg)
2025-05-19 15:24:03,145 [INFO] src.core.quantum_manager: QuantumServer: Initializing with global model type 'vqc'.
2025-05-19 15:24:03,146 [INFO] src.federated.server: Federated server initialized on device 'cuda' with aggregation strategy: QuantumAggregationStrategy
2025-05-19 15:24:03,147 [INFO] BC_ExperimentRunner: Creating model of type: vqc with n_features=4, n_classes=2, initial_dtype_request=torch.float32
2025-05-19 15:24:03,147 [INFO] src.quantum.models: Initializing VQC (TorchLayer): qubits=4, layers=2, circuit='basic', device='lightning.qubit', shots=None, diff_method='best'
2025-05-19 15:24:03,147 [INFO] src.quantum.circuits: Creating basic circuit with 4 qubits, 2 layers.
2025-05-19 15:24:03,147 [INFO] src.quantum.circuits: Basic circuit expects 24 trainable parameters.
2025-05-19 15:24:03,148 [INFO] src.quantum.models: VQC circuit requires 24 parameters.
2025-05-19 15:24:03,148 [INFO] src.quantum.models: VariationalQuantumClassifier: Using 'lightning.qubit' with no shots. Defaulting to 'adjoint'.
2025-05-19 15:24:03,148 [INFO] src.quantum.models: VariationalQuantumClassifier attempting to use differentiation method: adjoint
2025-05-19 15:24:03,154 [INFO] src.quantum.models: VQC raw circuit output dimension: 4
2025-05-19 15:24:03,154 [INFO] src.quantum.models: VQC: Added Linear head: 4 -> 2 logits for CrossEntropyLoss.
2025-05-19 15:24:03,154 [INFO] src.core.quantum_client: QuantumClient vqc_client_0: Initializing with model type 'vqc'.
2025-05-19 15:24:03,156 [INFO] src.federated.client: Client vqc_client_0 initialized on device 'cuda' with 151 samples.
2025-05-19 15:24:03,156 [INFO] BC_ExperimentRunner: Creating model of type: vqc with n_features=4, n_classes=2, initial_dtype_request=torch.float32
2025-05-19 15:24:03,156 [INFO] src.quantum.models: Initializing VQC (TorchLayer): qubits=4, layers=2, circuit='basic', device='lightning.qubit', shots=None, diff_method='best'
2025-05-19 15:24:03,157 [INFO] src.quantum.circuits: Creating basic circuit with 4 qubits, 2 layers.
2025-05-19 15:24:03,157 [INFO] src.quantum.circuits: Basic circuit expects 24 trainable parameters.
2025-05-19 15:24:03,157 [INFO] src.quantum.models: VQC circuit requires 24 parameters.
2025-05-19 15:24:03,157 [INFO] src.quantum.models: VariationalQuantumClassifier: Using 'lightning.qubit' with no shots. Defaulting to 'adjoint'.
2025-05-19 15:24:03,157 [INFO] src.quantum.models: VariationalQuantumClassifier attempting to use differentiation method: adjoint
2025-05-19 15:24:03,163 [INFO] src.quantum.models: VQC raw circuit output dimension: 4
2025-05-19 15:24:03,164 [INFO] src.quantum.models: VQC: Added Linear head: 4 -> 2 logits for CrossEntropyLoss.
2025-05-19 15:24:03,164 [INFO] src.core.quantum_client: QuantumClient vqc_client_1: Initializing with model type 'vqc'.
2025-05-19 15:24:03,166 [INFO] src.federated.client: Client vqc_client_1 initialized on device 'cuda' with 151 samples.
2025-05-19 15:24:03,166 [INFO] BC_ExperimentRunner: Creating model of type: vqc with n_features=4, n_classes=2, initial_dtype_request=torch.float32
2025-05-19 15:24:03,166 [INFO] src.quantum.models: Initializing VQC (TorchLayer): qubits=4, layers=2, circuit='basic', device='lightning.qubit', shots=None, diff_method='best'
2025-05-19 15:24:03,167 [INFO] src.quantum.circuits: Creating basic circuit with 4 qubits, 2 layers.
2025-05-19 15:24:03,167 [INFO] src.quantum.circuits: Basic circuit expects 24 trainable parameters.
2025-05-19 15:24:03,167 [INFO] src.quantum.models: VQC circuit requires 24 parameters.
2025-05-19 15:24:03,167 [INFO] src.quantum.models: VariationalQuantumClassifier: Using 'lightning.qubit' with no shots. Defaulting to 'adjoint'.
2025-05-19 15:24:03,167 [INFO] src.quantum.models: VariationalQuantumClassifier attempting to use differentiation method: adjoint
2025-05-19 15:24:03,173 [INFO] src.quantum.models: VQC raw circuit output dimension: 4
2025-05-19 15:24:03,173 [INFO] src.quantum.models: VQC: Added Linear head: 4 -> 2 logits for CrossEntropyLoss.
2025-05-19 15:24:03,173 [INFO] src.core.quantum_client: QuantumClient vqc_client_2: Initializing with model type 'vqc'.
2025-05-19 15:24:03,175 [INFO] src.federated.client: Client vqc_client_2 initialized on device 'cuda' with 153 samples.
2025-05-19 15:24:03,175 [INFO] src.federated.server: Registered client 'vqc_client_0'. Total clients: 1.
2025-05-19 15:24:03,175 [INFO] src.federated.server: Registered client 'vqc_client_1'. Total clients: 2.
2025-05-19 15:24:03,175 [INFO] src.federated.server: Registered client 'vqc_client_2'. Total clients: 3.
2025-05-19 15:24:03,175 [INFO] BC_ExperimentRunner: --- Scenario setup complete for BC_VQC_FedProx_IID_PCA4_L2_Basic ---
2025-05-19 15:24:03,176 [INFO] src.federated.server: Starting federated training process for 5 rounds.
2025-05-19 15:24:03,176 [INFO] src.federated.server: Config: local_epochs=3, client_fraction=0.1, min_clients=3, FedProx mu=0.01
2025-05-19 15:24:03,176 [INFO] src.federated.server: Performing initial evaluation of global model...
2025-05-19 15:24:03,176 [INFO] src.core.quantum_manager: Server: Starting evaluation of global model (type: vqc).
2025-05-19 15:24:03,748 [INFO] src.core.quantum_manager: Evaluation results: Loss=0.6952, Accuracy=0.4298
2025-05-19 15:24:03,748 [INFO] src.federated.server: Initial Evaluation Metrics: {'loss': 0.6951935155349865, 'accuracy': 0.4298245614035088}
2025-05-19 15:24:03,748 [INFO] src.federated.server: ===== Starting Round 1/5 =====
2025-05-19 15:24:03,749 [INFO] src.federated.server: Starting federated training round...
2025-05-19 15:24:03,749 [INFO] src.federated.server: Selected 3 clients out of 3 available (fraction=0.1, min_clients=3): ['vqc_client_2', 'vqc_client_0', 'vqc_client_1']
2025-05-19 15:24:03,750 [INFO] src.core.quantum_client: Client vqc_client_2: Starting local training for 3 epochs (model type: vqc). Proximal term mu=0.01.
2025-05-19 15:24:03,750 [INFO] src.federated.client: Client vqc_client_2: Starting local training for 3 epochs. Proximal term mu=0.01.
2025-05-19 15:24:09,887 [INFO] src.federated.client: Client vqc_client_2 - Epoch 1/3 completed. Average Loss: 0.6859
2025-05-19 15:24:15,516 [INFO] src.federated.client: Client vqc_client_2 - Epoch 2/3 completed. Average Loss: 0.6607
2025-05-19 15:24:21,289 [INFO] src.federated.client: Client vqc_client_2 - Epoch 3/3 completed. Average Loss: 0.6355
2025-05-19 15:24:21,290 [INFO] src.federated.client: Client vqc_client_2: Local training finished. Processed 459 samples.
2025-05-19 15:24:21,292 [INFO] src.core.quantum_client: Client vqc_client_0: Starting local training for 3 epochs (model type: vqc). Proximal term mu=0.01.
2025-05-19 15:24:21,292 [INFO] src.federated.client: Client vqc_client_0: Starting local training for 3 epochs. Proximal term mu=0.01.
2025-05-19 15:24:26,868 [INFO] src.federated.client: Client vqc_client_0 - Epoch 1/3 completed. Average Loss: 0.6855
2025-05-19 15:24:33,074 [INFO] src.federated.client: Client vqc_client_0 - Epoch 2/3 completed. Average Loss: 0.6586
2025-05-19 15:24:38,888 [INFO] src.federated.client: Client vqc_client_0 - Epoch 3/3 completed. Average Loss: 0.6367
2025-05-19 15:24:38,888 [INFO] src.federated.client: Client vqc_client_0: Local training finished. Processed 453 samples.
2025-05-19 15:24:38,891 [INFO] src.core.quantum_client: Client vqc_client_1: Starting local training for 3 epochs (model type: vqc). Proximal term mu=0.01.
2025-05-19 15:24:38,891 [INFO] src.federated.client: Client vqc_client_1: Starting local training for 3 epochs. Proximal term mu=0.01.
2025-05-19 15:24:44,525 [INFO] src.federated.client: Client vqc_client_1 - Epoch 1/3 completed. Average Loss: 0.6850
2025-05-19 15:24:50,211 [INFO] src.federated.client: Client vqc_client_1 - Epoch 2/3 completed. Average Loss: 0.6635
2025-05-19 15:24:56,122 [INFO] src.federated.client: Client vqc_client_1 - Epoch 3/3 completed. Average Loss: 0.6454
2025-05-19 15:24:56,123 [INFO] src.federated.client: Client vqc_client_1: Local training finished. Processed 453 samples.
2025-05-19 15:24:56,125 [INFO] src.federated.server: Aggregating updates from 3 clients using QuantumAggregationStrategy.
2025-05-19 15:24:56,125 [INFO] src.core.quantum_manager: QuantumAggregationStrategy: Detected nn.Module (QNN/VQC/Hybrid) state_dict. Delegating to base strategy: FedAvg
2025-05-19 15:24:56,125 [INFO] src.federated.aggregation: FedAvg: Aggregating updates from 3 clients.
2025-05-19 15:24:56,126 [INFO] src.federated.aggregation: FedAvg: Aggregation complete.
2025-05-19 15:24:56,126 [INFO] src.federated.server: Global model updated with aggregated parameters.
2025-05-19 15:24:56,127 [INFO] src.federated.server: Evaluating updated global model...
2025-05-19 15:24:56,127 [INFO] src.core.quantum_manager: Server: Starting evaluation of global model (type: vqc).
2025-05-19 15:24:56,780 [INFO] src.core.quantum_manager: Evaluation results: Loss=0.6235, Accuracy=0.6404
2025-05-19 15:24:56,780 [INFO] src.federated.server: Round 1 completed in 53.03s. Eval Metrics: {'loss': 0.6235448205680177, 'accuracy': 0.6403508771929824}
2025-05-19 15:24:56,780 [INFO] src.federated.server: ===== Starting Round 2/5 =====
2025-05-19 15:24:56,781 [INFO] src.federated.server: Starting federated training round...
2025-05-19 15:24:56,781 [INFO] src.federated.server: Selected 3 clients out of 3 available (fraction=0.1, min_clients=3): ['vqc_client_2', 'vqc_client_1', 'vqc_client_0']
2025-05-19 15:24:56,781 [INFO] src.core.quantum_client: Client vqc_client_2: Starting local training for 3 epochs (model type: vqc). Proximal term mu=0.01.
2025-05-19 15:24:56,781 [INFO] src.federated.client: Client vqc_client_2: Starting local training for 3 epochs. Proximal term mu=0.01.
2025-05-19 15:25:02,432 [INFO] src.federated.client: Client vqc_client_2 - Epoch 1/3 completed. Average Loss: 0.6203
2025-05-19 15:25:08,542 [INFO] src.federated.client: Client vqc_client_2 - Epoch 2/3 completed. Average Loss: 0.6045
2025-05-19 15:25:14,322 [INFO] src.federated.client: Client vqc_client_2 - Epoch 3/3 completed. Average Loss: 0.5869
2025-05-19 15:25:14,322 [INFO] src.federated.client: Client vqc_client_2: Local training finished. Processed 459 samples.
2025-05-19 15:25:14,324 [INFO] src.core.quantum_client: Client vqc_client_1: Starting local training for 3 epochs (model type: vqc). Proximal term mu=0.01.
2025-05-19 15:25:14,325 [INFO] src.federated.client: Client vqc_client_1: Starting local training for 3 epochs. Proximal term mu=0.01.
2025-05-19 15:25:19,625 [INFO] src.federated.client: Client vqc_client_1 - Epoch 1/3 completed. Average Loss: 0.6268
2025-05-19 15:25:25,141 [INFO] src.federated.client: Client vqc_client_1 - Epoch 2/3 completed. Average Loss: 0.6118
2025-05-19 15:25:30,216 [INFO] src.federated.client: Client vqc_client_1 - Epoch 3/3 completed. Average Loss: 0.5973
2025-05-19 15:25:30,216 [INFO] src.federated.client: Client vqc_client_1: Local training finished. Processed 453 samples.
2025-05-19 15:25:30,218 [INFO] src.core.quantum_client: Client vqc_client_0: Starting local training for 3 epochs (model type: vqc). Proximal term mu=0.01.
2025-05-19 15:25:30,218 [INFO] src.federated.client: Client vqc_client_0: Starting local training for 3 epochs. Proximal term mu=0.01.
2025-05-19 15:25:35,499 [INFO] src.federated.client: Client vqc_client_0 - Epoch 1/3 completed. Average Loss: 0.6202
2025-05-19 15:25:40,955 [INFO] src.federated.client: Client vqc_client_0 - Epoch 2/3 completed. Average Loss: 0.6031
2025-05-19 15:25:46,320 [INFO] src.federated.client: Client vqc_client_0 - Epoch 3/3 completed. Average Loss: 0.5862
2025-05-19 15:25:46,321 [INFO] src.federated.client: Client vqc_client_0: Local training finished. Processed 453 samples.
2025-05-19 15:25:46,322 [INFO] src.federated.server: Aggregating updates from 3 clients using QuantumAggregationStrategy.
2025-05-19 15:25:46,323 [INFO] src.core.quantum_manager: QuantumAggregationStrategy: Detected nn.Module (QNN/VQC/Hybrid) state_dict. Delegating to base strategy: FedAvg
2025-05-19 15:25:46,323 [INFO] src.federated.aggregation: FedAvg: Aggregating updates from 3 clients.
2025-05-19 15:25:46,323 [INFO] src.federated.aggregation: FedAvg: Aggregation complete.
2025-05-19 15:25:46,324 [INFO] src.federated.server: Global model updated with aggregated parameters.
2025-05-19 15:25:46,324 [INFO] src.federated.server: Evaluating updated global model...
2025-05-19 15:25:46,324 [INFO] src.core.quantum_manager: Server: Starting evaluation of global model (type: vqc).
2025-05-19 15:25:46,806 [INFO] src.core.quantum_manager: Evaluation results: Loss=0.5722, Accuracy=0.6491
2025-05-19 15:25:46,806 [INFO] src.federated.server: Round 2 completed in 50.03s. Eval Metrics: {'loss': 0.5721953584436785, 'accuracy': 0.6491228070175439}
2025-05-19 15:25:46,806 [INFO] src.federated.server: ===== Starting Round 3/5 =====
2025-05-19 15:25:46,806 [INFO] src.federated.server: Starting federated training round...
2025-05-19 15:25:46,807 [INFO] src.federated.server: Selected 3 clients out of 3 available (fraction=0.1, min_clients=3): ['vqc_client_0', 'vqc_client_2', 'vqc_client_1']
2025-05-19 15:25:46,807 [INFO] src.core.quantum_client: Client vqc_client_0: Starting local training for 3 epochs (model type: vqc). Proximal term mu=0.01.
2025-05-19 15:25:46,807 [INFO] src.federated.client: Client vqc_client_0: Starting local training for 3 epochs. Proximal term mu=0.01.
2025-05-19 15:25:51,849 [INFO] src.federated.client: Client vqc_client_0 - Epoch 1/3 completed. Average Loss: 0.5714
2025-05-19 15:25:57,975 [INFO] src.federated.client: Client vqc_client_0 - Epoch 2/3 completed. Average Loss: 0.5564
2025-05-19 15:26:03,124 [INFO] src.federated.client: Client vqc_client_0 - Epoch 3/3 completed. Average Loss: 0.5407
2025-05-19 15:26:03,125 [INFO] src.federated.client: Client vqc_client_0: Local training finished. Processed 453 samples.
2025-05-19 15:26:03,126 [INFO] src.core.quantum_client: Client vqc_client_2: Starting local training for 3 epochs (model type: vqc). Proximal term mu=0.01.
2025-05-19 15:26:03,127 [INFO] src.federated.client: Client vqc_client_2: Starting local training for 3 epochs. Proximal term mu=0.01.
2025-05-19 15:26:08,576 [INFO] src.federated.client: Client vqc_client_2 - Epoch 1/3 completed. Average Loss: 0.5723
2025-05-19 15:26:14,120 [INFO] src.federated.client: Client vqc_client_2 - Epoch 2/3 completed. Average Loss: 0.5586
2025-05-19 15:26:19,635 [INFO] src.federated.client: Client vqc_client_2 - Epoch 3/3 completed. Average Loss: 0.5435
2025-05-19 15:26:19,636 [INFO] src.federated.client: Client vqc_client_2: Local training finished. Processed 459 samples.
2025-05-19 15:26:19,639 [INFO] src.core.quantum_client: Client vqc_client_1: Starting local training for 3 epochs (model type: vqc). Proximal term mu=0.01.
2025-05-19 15:26:19,639 [INFO] src.federated.client: Client vqc_client_1: Starting local training for 3 epochs. Proximal term mu=0.01.
2025-05-19 15:26:24,933 [INFO] src.federated.client: Client vqc_client_1 - Epoch 1/3 completed. Average Loss: 0.5830
2025-05-19 15:26:30,023 [INFO] src.federated.client: Client vqc_client_1 - Epoch 2/3 completed. Average Loss: 0.5658
2025-05-19 15:26:35,256 [INFO] src.federated.client: Client vqc_client_1 - Epoch 3/3 completed. Average Loss: 0.5467
2025-05-19 15:26:35,257 [INFO] src.federated.client: Client vqc_client_1: Local training finished. Processed 453 samples.
2025-05-19 15:26:35,259 [INFO] src.federated.server: Aggregating updates from 3 clients using QuantumAggregationStrategy.
2025-05-19 15:26:35,259 [INFO] src.core.quantum_manager: QuantumAggregationStrategy: Detected nn.Module (QNN/VQC/Hybrid) state_dict. Delegating to base strategy: FedAvg
2025-05-19 15:26:35,259 [INFO] src.federated.aggregation: FedAvg: Aggregating updates from 3 clients.
2025-05-19 15:26:35,259 [INFO] src.federated.aggregation: FedAvg: Aggregation complete.
2025-05-19 15:26:35,260 [INFO] src.federated.server: Global model updated with aggregated parameters.
2025-05-19 15:26:35,260 [INFO] src.federated.server: Evaluating updated global model...
2025-05-19 15:26:35,260 [INFO] src.core.quantum_manager: Server: Starting evaluation of global model (type: vqc).
2025-05-19 15:26:35,749 [INFO] src.core.quantum_manager: Evaluation results: Loss=0.5220, Accuracy=0.7193
2025-05-19 15:26:35,749 [INFO] src.federated.server: Round 3 completed in 48.94s. Eval Metrics: {'loss': 0.5220318206569605, 'accuracy': 0.7192982456140351}
2025-05-19 15:26:35,749 [INFO] src.federated.server: ===== Starting Round 4/5 =====
2025-05-19 15:26:35,749 [INFO] src.federated.server: Starting federated training round...
2025-05-19 15:26:35,750 [INFO] src.federated.server: Selected 3 clients out of 3 available (fraction=0.1, min_clients=3): ['vqc_client_2', 'vqc_client_0', 'vqc_client_1']
2025-05-19 15:26:35,750 [INFO] src.core.quantum_client: Client vqc_client_2: Starting local training for 3 epochs (model type: vqc). Proximal term mu=0.01.
2025-05-19 15:26:35,750 [INFO] src.federated.client: Client vqc_client_2: Starting local training for 3 epochs. Proximal term mu=0.01.
2025-05-19 15:26:41,641 [INFO] src.federated.client: Client vqc_client_2 - Epoch 1/3 completed. Average Loss: 0.5263
2025-05-19 15:26:46,935 [INFO] src.federated.client: Client vqc_client_2 - Epoch 2/3 completed. Average Loss: 0.5094
2025-05-19 15:26:52,933 [INFO] src.federated.client: Client vqc_client_2 - Epoch 3/3 completed. Average Loss: 0.4916
2025-05-19 15:26:52,933 [INFO] src.federated.client: Client vqc_client_2: Local training finished. Processed 459 samples.
2025-05-19 15:26:52,936 [INFO] src.core.quantum_client: Client vqc_client_0: Starting local training for 3 epochs (model type: vqc). Proximal term mu=0.01.
2025-05-19 15:26:52,936 [INFO] src.federated.client: Client vqc_client_0: Starting local training for 3 epochs. Proximal term mu=0.01.
2025-05-19 15:26:58,159 [INFO] src.federated.client: Client vqc_client_0 - Epoch 1/3 completed. Average Loss: 0.5236
2025-05-19 15:27:03,663 [INFO] src.federated.client: Client vqc_client_0 - Epoch 2/3 completed. Average Loss: 0.5059
2025-05-19 15:27:09,521 [INFO] src.federated.client: Client vqc_client_0 - Epoch 3/3 completed. Average Loss: 0.4869
2025-05-19 15:27:09,521 [INFO] src.federated.client: Client vqc_client_0: Local training finished. Processed 453 samples.
2025-05-19 15:27:09,523 [INFO] src.core.quantum_client: Client vqc_client_1: Starting local training for 3 epochs (model type: vqc). Proximal term mu=0.01.
2025-05-19 15:27:09,524 [INFO] src.federated.client: Client vqc_client_1: Starting local training for 3 epochs. Proximal term mu=0.01.
2025-05-19 15:27:14,651 [INFO] src.federated.client: Client vqc_client_1 - Epoch 1/3 completed. Average Loss: 0.5313
2025-05-19 15:27:20,099 [INFO] src.federated.client: Client vqc_client_1 - Epoch 2/3 completed. Average Loss: 0.5098
2025-05-19 15:27:25,409 [INFO] src.federated.client: Client vqc_client_1 - Epoch 3/3 completed. Average Loss: 0.4880
2025-05-19 15:27:25,409 [INFO] src.federated.client: Client vqc_client_1: Local training finished. Processed 453 samples.
2025-05-19 15:27:25,411 [INFO] src.federated.server: Aggregating updates from 3 clients using QuantumAggregationStrategy.
2025-05-19 15:27:25,411 [INFO] src.core.quantum_manager: QuantumAggregationStrategy: Detected nn.Module (QNN/VQC/Hybrid) state_dict. Delegating to base strategy: FedAvg
2025-05-19 15:27:25,411 [INFO] src.federated.aggregation: FedAvg: Aggregating updates from 3 clients.
2025-05-19 15:27:25,412 [INFO] src.federated.aggregation: FedAvg: Aggregation complete.
2025-05-19 15:27:25,412 [INFO] src.federated.server: Global model updated with aggregated parameters.
2025-05-19 15:27:25,412 [INFO] src.federated.server: Evaluating updated global model...
2025-05-19 15:27:25,412 [INFO] src.core.quantum_manager: Server: Starting evaluation of global model (type: vqc).
2025-05-19 15:27:25,896 [INFO] src.core.quantum_manager: Evaluation results: Loss=0.4635, Accuracy=0.8421
2025-05-19 15:27:25,896 [INFO] src.federated.server: Round 4 completed in 50.15s. Eval Metrics: {'loss': 0.46352268415584896, 'accuracy': 0.8421052631578947}
2025-05-19 15:27:25,896 [INFO] src.federated.server: ===== Starting Round 5/5 =====
2025-05-19 15:27:25,897 [INFO] src.federated.server: Starting federated training round...
2025-05-19 15:27:25,897 [INFO] src.federated.server: Selected 3 clients out of 3 available (fraction=0.1, min_clients=3): ['vqc_client_0', 'vqc_client_2', 'vqc_client_1']
2025-05-19 15:27:25,898 [INFO] src.core.quantum_client: Client vqc_client_0: Starting local training for 3 epochs (model type: vqc). Proximal term mu=0.01.
2025-05-19 15:27:25,898 [INFO] src.federated.client: Client vqc_client_0: Starting local training for 3 epochs. Proximal term mu=0.01.
2025-05-19 15:27:31,091 [INFO] src.federated.client: Client vqc_client_0 - Epoch 1/3 completed. Average Loss: 0.4648
2025-05-19 15:27:36,672 [INFO] src.federated.client: Client vqc_client_0 - Epoch 2/3 completed. Average Loss: 0.4435
2025-05-19 15:27:42,036 [INFO] src.federated.client: Client vqc_client_0 - Epoch 3/3 completed. Average Loss: 0.4210
2025-05-19 15:27:42,036 [INFO] src.federated.client: Client vqc_client_0: Local training finished. Processed 453 samples.
2025-05-19 15:27:42,038 [INFO] src.core.quantum_client: Client vqc_client_2: Starting local training for 3 epochs (model type: vqc). Proximal term mu=0.01.
2025-05-19 15:27:42,039 [INFO] src.federated.client: Client vqc_client_2: Starting local training for 3 epochs. Proximal term mu=0.01.
2025-05-19 15:27:47,693 [INFO] src.federated.client: Client vqc_client_2 - Epoch 1/3 completed. Average Loss: 0.4704
2025-05-19 15:27:53,036 [INFO] src.federated.client: Client vqc_client_2 - Epoch 2/3 completed. Average Loss: 0.4513
2025-05-19 15:27:58,445 [INFO] src.federated.client: Client vqc_client_2 - Epoch 3/3 completed. Average Loss: 0.4304
2025-05-19 15:27:58,446 [INFO] src.federated.client: Client vqc_client_2: Local training finished. Processed 459 samples.
2025-05-19 15:27:58,448 [INFO] src.core.quantum_client: Client vqc_client_1: Starting local training for 3 epochs (model type: vqc). Proximal term mu=0.01.
2025-05-19 15:27:58,448 [INFO] src.federated.client: Client vqc_client_1: Starting local training for 3 epochs. Proximal term mu=0.01.
2025-05-19 15:28:03,766 [INFO] src.federated.client: Client vqc_client_1 - Epoch 1/3 completed. Average Loss: 0.4693
2025-05-19 15:28:09,154 [INFO] src.federated.client: Client vqc_client_1 - Epoch 2/3 completed. Average Loss: 0.4440
2025-05-19 15:28:14,619 [INFO] src.federated.client: Client vqc_client_1 - Epoch 3/3 completed. Average Loss: 0.4207
2025-05-19 15:28:14,620 [INFO] src.federated.client: Client vqc_client_1: Local training finished. Processed 453 samples.
2025-05-19 15:28:14,622 [INFO] src.federated.server: Aggregating updates from 3 clients using QuantumAggregationStrategy.
2025-05-19 15:28:14,622 [INFO] src.core.quantum_manager: QuantumAggregationStrategy: Detected nn.Module (QNN/VQC/Hybrid) state_dict. Delegating to base strategy: FedAvg
2025-05-19 15:28:14,622 [INFO] src.federated.aggregation: FedAvg: Aggregating updates from 3 clients.
2025-05-19 15:28:14,622 [INFO] src.federated.aggregation: FedAvg: Aggregation complete.
2025-05-19 15:28:14,624 [INFO] src.federated.server: Global model updated with aggregated parameters.
2025-05-19 15:28:14,624 [INFO] src.federated.server: Evaluating updated global model...
2025-05-19 15:28:14,624 [INFO] src.core.quantum_manager: Server: Starting evaluation of global model (type: vqc).
2025-05-19 15:28:15,114 [INFO] src.core.quantum_manager: Evaluation results: Loss=0.3985, Accuracy=0.8860
2025-05-19 15:28:15,114 [INFO] src.federated.server: Round 5 completed in 49.22s. Eval Metrics: {'loss': 0.3984732204361966, 'accuracy': 0.8859649122807017}
2025-05-19 15:28:15,114 [INFO] src.federated.server: Federated training process completed after 5 rounds.
2025-05-19 15:28:15,114 [INFO] BC_ExperimentRunner: ========== Finished BC_VQC_FedProx_IID_PCA4_L2_Basic ==========

2025-05-19 15:28:15,114 [INFO] BC_ExperimentRunner: ========== Starting BC_Hybrid_FedAvg_IID_PCA8_Q4L2_Basic ==========
2025-05-19 15:28:15,114 [INFO] BC_ExperimentRunner: --- Setting up experiment: BC_Hybrid_FedAvg_IID_PCA8_Q4L2_Basic for dataset breast_cancer ---
2025-05-19 15:28:15,115 [INFO] src.utils.data_utils: Set all random seeds to 42
2025-05-19 15:28:15,115 [INFO] BC_ExperimentRunner: Experiment 'BC_Hybrid_FedAvg_IID_PCA8_Q4L2_Basic' will use tensor_dtype: torch.float64
2025-05-19 15:28:15,115 [INFO] src.utils.data_utils: Loading dataset: breast_cancer, PCA features=8, Scaling=standard, Subset size=None, Dtype=torch.float64
2025-05-19 15:28:15,115 [INFO] src.utils.data_utils: Set all random seeds to 42
2025-05-19 15:28:15,121 [INFO] src.utils.data_utils: Applying PCA to reduce features to 8
2025-05-19 15:28:15,122 [INFO] src.utils.data_utils: PCA applied. New feature count: 8. Explained variance: 0.9284
2025-05-19 15:28:15,122 [INFO] src.utils.data_utils: Data preparation complete for 'breast_cancer'. Train size: 455, Test size: 114, Features: 8, Classes: 2
2025-05-19 15:28:15,125 [INFO] BC_ExperimentRunner: Successfully loaded configuration from /home/dhanraj/quantum_federated_simulator/configs/federated/server_config.yaml
2025-05-19 15:28:15,127 [INFO] BC_ExperimentRunner: Successfully loaded configuration from /home/dhanraj/quantum_federated_simulator/configs/federated/client_config.yaml
2025-05-19 15:28:15,130 [INFO] BC_ExperimentRunner: Successfully loaded configuration from /home/dhanraj/quantum_federated_simulator/configs/federated/default_aggregation.yaml
2025-05-19 15:28:15,130 [INFO] BC_ExperimentRunner: Creating model of type: hybrid with n_features=8, n_classes=2, initial_dtype_request=torch.float64
2025-05-19 15:28:15,131 [INFO] src.quantum.models: Initializing HybridQuantumModel: Input=8, Hidden=16, FinalOutput=2, Qubits=4, QCircuit='basic', QDiff='best'
2025-05-19 15:28:15,131 [INFO] src.quantum.models: Initializing QNN Layer: qubits=4, layers=2, circuit='basic', device='lightning.qubit', shots=None, diff_method='best'
2025-05-19 15:28:15,132 [INFO] src.quantum.circuits: Creating basic circuit with 4 qubits, 2 layers.
2025-05-19 15:28:15,132 [INFO] src.quantum.circuits: Basic circuit expects 24 trainable parameters.
2025-05-19 15:28:15,132 [INFO] src.quantum.models: QNN circuit requires 24 parameters.
2025-05-19 15:28:15,132 [INFO] src.quantum.models: QuantumNeuralNetwork: Using 'lightning.qubit' with no shots. Defaulting to 'adjoint'.
2025-05-19 15:28:15,132 [INFO] src.quantum.models: QuantumNeuralNetwork attempting to use differentiation method: adjoint
2025-05-19 15:28:15,137 [INFO] src.quantum.models: QNN raw circuit output dimension: 4
2025-05-19 15:28:15,137 [INFO] src.quantum.models: QNN module's final output dimension (after head): 4
2025-05-19 15:28:15,138 [INFO] src.federated.aggregation: Creating aggregation strategy of type: fedavg
2025-05-19 15:28:15,138 [INFO] BC_ExperimentRunner: Using aggregation strategy: FedAvg (base: FedAvg)
2025-05-19 15:28:15,138 [INFO] src.core.quantum_manager: QuantumServer: Initializing with global model type 'hybrid'.
2025-05-19 15:28:15,140 [INFO] src.federated.server: Federated server initialized on device 'cuda' with aggregation strategy: FedAvg
2025-05-19 15:28:15,140 [INFO] BC_ExperimentRunner: Creating model of type: hybrid with n_features=8, n_classes=2, initial_dtype_request=torch.float64
2025-05-19 15:28:15,140 [INFO] src.quantum.models: Initializing HybridQuantumModel: Input=8, Hidden=16, FinalOutput=2, Qubits=4, QCircuit='basic', QDiff='best'
2025-05-19 15:28:15,141 [INFO] src.quantum.models: Initializing QNN Layer: qubits=4, layers=2, circuit='basic', device='lightning.qubit', shots=None, diff_method='best'
2025-05-19 15:28:15,141 [INFO] src.quantum.circuits: Creating basic circuit with 4 qubits, 2 layers.
2025-05-19 15:28:15,141 [INFO] src.quantum.circuits: Basic circuit expects 24 trainable parameters.
2025-05-19 15:28:15,141 [INFO] src.quantum.models: QNN circuit requires 24 parameters.
2025-05-19 15:28:15,141 [INFO] src.quantum.models: QuantumNeuralNetwork: Using 'lightning.qubit' with no shots. Defaulting to 'adjoint'.
2025-05-19 15:28:15,141 [INFO] src.quantum.models: QuantumNeuralNetwork attempting to use differentiation method: adjoint
2025-05-19 15:28:15,146 [INFO] src.quantum.models: QNN raw circuit output dimension: 4
2025-05-19 15:28:15,147 [INFO] src.quantum.models: QNN module's final output dimension (after head): 4
2025-05-19 15:28:15,147 [INFO] src.core.quantum_client: QuantumClient hybrid_client_0: Initializing with model type 'hybrid'.
2025-05-19 15:28:15,149 [INFO] src.federated.client: Client hybrid_client_0 initialized on device 'cuda' with 151 samples.
2025-05-19 15:28:15,149 [INFO] BC_ExperimentRunner: Creating model of type: hybrid with n_features=8, n_classes=2, initial_dtype_request=torch.float64
2025-05-19 15:28:15,149 [INFO] src.quantum.models: Initializing HybridQuantumModel: Input=8, Hidden=16, FinalOutput=2, Qubits=4, QCircuit='basic', QDiff='best'
2025-05-19 15:28:15,149 [INFO] src.quantum.models: Initializing QNN Layer: qubits=4, layers=2, circuit='basic', device='lightning.qubit', shots=None, diff_method='best'
2025-05-19 15:28:15,150 [INFO] src.quantum.circuits: Creating basic circuit with 4 qubits, 2 layers.
2025-05-19 15:28:15,150 [INFO] src.quantum.circuits: Basic circuit expects 24 trainable parameters.
2025-05-19 15:28:15,150 [INFO] src.quantum.models: QNN circuit requires 24 parameters.
2025-05-19 15:28:15,150 [INFO] src.quantum.models: QuantumNeuralNetwork: Using 'lightning.qubit' with no shots. Defaulting to 'adjoint'.
2025-05-19 15:28:15,150 [INFO] src.quantum.models: QuantumNeuralNetwork attempting to use differentiation method: adjoint
2025-05-19 15:28:15,155 [INFO] src.quantum.models: QNN raw circuit output dimension: 4
2025-05-19 15:28:15,155 [INFO] src.quantum.models: QNN module's final output dimension (after head): 4
2025-05-19 15:28:15,155 [INFO] src.core.quantum_client: QuantumClient hybrid_client_1: Initializing with model type 'hybrid'.
2025-05-19 15:28:15,157 [INFO] src.federated.client: Client hybrid_client_1 initialized on device 'cuda' with 151 samples.
2025-05-19 15:28:15,158 [INFO] BC_ExperimentRunner: Creating model of type: hybrid with n_features=8, n_classes=2, initial_dtype_request=torch.float64
2025-05-19 15:28:15,158 [INFO] src.quantum.models: Initializing HybridQuantumModel: Input=8, Hidden=16, FinalOutput=2, Qubits=4, QCircuit='basic', QDiff='best'
2025-05-19 15:28:15,158 [INFO] src.quantum.models: Initializing QNN Layer: qubits=4, layers=2, circuit='basic', device='lightning.qubit', shots=None, diff_method='best'
2025-05-19 15:28:15,158 [INFO] src.quantum.circuits: Creating basic circuit with 4 qubits, 2 layers.
2025-05-19 15:28:15,158 [INFO] src.quantum.circuits: Basic circuit expects 24 trainable parameters.
2025-05-19 15:28:15,159 [INFO] src.quantum.models: QNN circuit requires 24 parameters.
2025-05-19 15:28:15,159 [INFO] src.quantum.models: QuantumNeuralNetwork: Using 'lightning.qubit' with no shots. Defaulting to 'adjoint'.
2025-05-19 15:28:15,159 [INFO] src.quantum.models: QuantumNeuralNetwork attempting to use differentiation method: adjoint
2025-05-19 15:28:15,163 [INFO] src.quantum.models: QNN raw circuit output dimension: 4
2025-05-19 15:28:15,163 [INFO] src.quantum.models: QNN module's final output dimension (after head): 4
2025-05-19 15:28:15,164 [INFO] src.core.quantum_client: QuantumClient hybrid_client_2: Initializing with model type 'hybrid'.
2025-05-19 15:28:15,166 [INFO] src.federated.client: Client hybrid_client_2 initialized on device 'cuda' with 153 samples.
2025-05-19 15:28:15,166 [INFO] src.federated.server: Registered client 'hybrid_client_0'. Total clients: 1.
2025-05-19 15:28:15,166 [INFO] src.federated.server: Registered client 'hybrid_client_1'. Total clients: 2.
2025-05-19 15:28:15,167 [INFO] src.federated.server: Registered client 'hybrid_client_2'. Total clients: 3.
2025-05-19 15:28:15,167 [INFO] BC_ExperimentRunner: --- Scenario setup complete for BC_Hybrid_FedAvg_IID_PCA8_Q4L2_Basic ---
2025-05-19 15:28:15,167 [INFO] src.federated.server: Starting federated training process for 5 rounds.
2025-05-19 15:28:15,167 [INFO] src.federated.server: Config: local_epochs=3, client_fraction=0.1, min_clients=3, FedProx mu=0.0
2025-05-19 15:28:15,167 [INFO] src.federated.server: Performing initial evaluation of global model...
2025-05-19 15:28:15,167 [INFO] src.core.quantum_manager: Server: Starting evaluation of global model (type: hybrid).
2025-05-19 15:28:15,670 [INFO] src.core.quantum_manager: Evaluation results: Loss=0.6530, Accuracy=0.6316
2025-05-19 15:28:15,670 [INFO] src.federated.server: Initial Evaluation Metrics: {'loss': 0.6529945762533891, 'accuracy': 0.631578947368421}
2025-05-19 15:28:15,670 [INFO] src.federated.server: ===== Starting Round 1/5 =====
2025-05-19 15:28:15,670 [INFO] src.federated.server: Starting federated training round...
2025-05-19 15:28:15,670 [INFO] src.federated.server: Selected 3 clients out of 3 available (fraction=0.1, min_clients=3): ['hybrid_client_2', 'hybrid_client_0', 'hybrid_client_1']
2025-05-19 15:28:15,672 [INFO] src.core.quantum_client: Client hybrid_client_2: Starting local training for 3 epochs (model type: hybrid). Proximal term mu=0.0.
2025-05-19 15:28:15,672 [INFO] src.federated.client: Client hybrid_client_2: Starting local training for 3 epochs. Proximal term mu=0.0.
2025-05-19 15:28:22,218 [INFO] src.federated.client: Client hybrid_client_2 - Epoch 1/3 completed. Average Loss: 0.6388
2025-05-19 15:28:28,823 [INFO] src.federated.client: Client hybrid_client_2 - Epoch 2/3 completed. Average Loss: 0.6371
2025-05-19 15:28:35,278 [INFO] src.federated.client: Client hybrid_client_2 - Epoch 3/3 completed. Average Loss: 0.6355
2025-05-19 15:28:35,279 [INFO] src.federated.client: Client hybrid_client_2: Local training finished. Processed 459 samples.
2025-05-19 15:28:35,282 [INFO] src.core.quantum_client: Client hybrid_client_0: Starting local training for 3 epochs (model type: hybrid). Proximal term mu=0.0.
2025-05-19 15:28:35,282 [INFO] src.federated.client: Client hybrid_client_0: Starting local training for 3 epochs. Proximal term mu=0.0.
2025-05-19 15:28:41,506 [INFO] src.federated.client: Client hybrid_client_0 - Epoch 1/3 completed. Average Loss: 0.6446
2025-05-19 15:28:47,499 [INFO] src.federated.client: Client hybrid_client_0 - Epoch 2/3 completed. Average Loss: 0.6429
2025-05-19 15:28:53,789 [INFO] src.federated.client: Client hybrid_client_0 - Epoch 3/3 completed. Average Loss: 0.6408
2025-05-19 15:28:53,790 [INFO] src.federated.client: Client hybrid_client_0: Local training finished. Processed 453 samples.
2025-05-19 15:28:53,792 [INFO] src.core.quantum_client: Client hybrid_client_1: Starting local training for 3 epochs (model type: hybrid). Proximal term mu=0.0.
2025-05-19 15:28:53,792 [INFO] src.federated.client: Client hybrid_client_1: Starting local training for 3 epochs. Proximal term mu=0.0.
2025-05-19 15:28:59,860 [INFO] src.federated.client: Client hybrid_client_1 - Epoch 1/3 completed. Average Loss: 0.6823
2025-05-19 15:29:05,866 [INFO] src.federated.client: Client hybrid_client_1 - Epoch 2/3 completed. Average Loss: 0.6782
2025-05-19 15:29:12,051 [INFO] src.federated.client: Client hybrid_client_1 - Epoch 3/3 completed. Average Loss: 0.6751
2025-05-19 15:29:12,052 [INFO] src.federated.client: Client hybrid_client_1: Local training finished. Processed 453 samples.
2025-05-19 15:29:12,054 [INFO] src.federated.server: Aggregating updates from 3 clients using FedAvg.
2025-05-19 15:29:12,054 [INFO] src.federated.aggregation: FedAvg: Aggregating updates from 3 clients.
2025-05-19 15:29:12,054 [INFO] src.federated.aggregation: FedAvg: Aggregation complete.
2025-05-19 15:29:12,056 [INFO] src.federated.server: Global model updated with aggregated parameters.
2025-05-19 15:29:12,056 [INFO] src.federated.server: Evaluating updated global model...
2025-05-19 15:29:12,056 [INFO] src.core.quantum_manager: Server: Starting evaluation of global model (type: hybrid).
2025-05-19 15:29:12,549 [INFO] src.core.quantum_manager: Evaluation results: Loss=0.6477, Accuracy=0.6316
2025-05-19 15:29:12,549 [INFO] src.federated.server: Round 1 completed in 56.88s. Eval Metrics: {'loss': 0.6476856741988868, 'accuracy': 0.631578947368421}
2025-05-19 15:29:12,549 [INFO] src.federated.server: ===== Starting Round 2/5 =====
2025-05-19 15:29:12,549 [INFO] src.federated.server: Starting federated training round...
2025-05-19 15:29:12,549 [INFO] src.federated.server: Selected 3 clients out of 3 available (fraction=0.1, min_clients=3): ['hybrid_client_2', 'hybrid_client_1', 'hybrid_client_0']
2025-05-19 15:29:12,551 [INFO] src.core.quantum_client: Client hybrid_client_2: Starting local training for 3 epochs (model type: hybrid). Proximal term mu=0.0.
2025-05-19 15:29:12,551 [INFO] src.federated.client: Client hybrid_client_2: Starting local training for 3 epochs. Proximal term mu=0.0.
2025-05-19 15:29:19,285 [INFO] src.federated.client: Client hybrid_client_2 - Epoch 1/3 completed. Average Loss: 0.6340
2025-05-19 15:29:25,983 [INFO] src.federated.client: Client hybrid_client_2 - Epoch 2/3 completed. Average Loss: 0.6320
2025-05-19 15:29:32,797 [INFO] src.federated.client: Client hybrid_client_2 - Epoch 3/3 completed. Average Loss: 0.6294
2025-05-19 15:29:32,798 [INFO] src.federated.client: Client hybrid_client_2: Local training finished. Processed 459 samples.
2025-05-19 15:29:32,801 [INFO] src.core.quantum_client: Client hybrid_client_1: Starting local training for 3 epochs (model type: hybrid). Proximal term mu=0.0.
2025-05-19 15:29:32,802 [INFO] src.federated.client: Client hybrid_client_1: Starting local training for 3 epochs. Proximal term mu=0.0.
2025-05-19 15:29:39,057 [INFO] src.federated.client: Client hybrid_client_1 - Epoch 1/3 completed. Average Loss: 0.6746
2025-05-19 15:29:45,359 [INFO] src.federated.client: Client hybrid_client_1 - Epoch 2/3 completed. Average Loss: 0.6707
2025-05-19 15:29:51,880 [INFO] src.federated.client: Client hybrid_client_1 - Epoch 3/3 completed. Average Loss: 0.6669
2025-05-19 15:29:51,881 [INFO] src.federated.client: Client hybrid_client_1: Local training finished. Processed 453 samples.
2025-05-19 15:29:51,883 [INFO] src.core.quantum_client: Client hybrid_client_0: Starting local training for 3 epochs (model type: hybrid). Proximal term mu=0.0.
2025-05-19 15:29:51,884 [INFO] src.federated.client: Client hybrid_client_0: Starting local training for 3 epochs. Proximal term mu=0.0.
2025-05-19 15:29:58,290 [INFO] src.federated.client: Client hybrid_client_0 - Epoch 1/3 completed. Average Loss: 0.6396
2025-05-19 15:30:04,510 [INFO] src.federated.client: Client hybrid_client_0 - Epoch 2/3 completed. Average Loss: 0.6370
2025-05-19 15:30:10,929 [INFO] src.federated.client: Client hybrid_client_0 - Epoch 3/3 completed. Average Loss: 0.6341
2025-05-19 15:30:10,930 [INFO] src.federated.client: Client hybrid_client_0: Local training finished. Processed 453 samples.
2025-05-19 15:30:10,932 [INFO] src.federated.server: Aggregating updates from 3 clients using FedAvg.
2025-05-19 15:30:10,932 [INFO] src.federated.aggregation: FedAvg: Aggregating updates from 3 clients.
2025-05-19 15:30:10,933 [INFO] src.federated.aggregation: FedAvg: Aggregation complete.
2025-05-19 15:30:10,934 [INFO] src.federated.server: Global model updated with aggregated parameters.
2025-05-19 15:30:10,934 [INFO] src.federated.server: Evaluating updated global model...
2025-05-19 15:30:10,934 [INFO] src.core.quantum_manager: Server: Starting evaluation of global model (type: hybrid).
2025-05-19 15:30:11,439 [INFO] src.core.quantum_manager: Evaluation results: Loss=0.6406, Accuracy=0.6316
2025-05-19 15:30:11,439 [INFO] src.federated.server: Round 2 completed in 58.89s. Eval Metrics: {'loss': 0.6405517730796546, 'accuracy': 0.631578947368421}
2025-05-19 15:30:11,439 [INFO] src.federated.server: ===== Starting Round 3/5 =====
2025-05-19 15:30:11,439 [INFO] src.federated.server: Starting federated training round...
2025-05-19 15:30:11,439 [INFO] src.federated.server: Selected 3 clients out of 3 available (fraction=0.1, min_clients=3): ['hybrid_client_0', 'hybrid_client_2', 'hybrid_client_1']
2025-05-19 15:30:11,440 [INFO] src.core.quantum_client: Client hybrid_client_0: Starting local training for 3 epochs (model type: hybrid). Proximal term mu=0.0.
2025-05-19 15:30:11,440 [INFO] src.federated.client: Client hybrid_client_0: Starting local training for 3 epochs. Proximal term mu=0.0.
2025-05-19 15:30:19,231 [INFO] src.federated.client: Client hybrid_client_0 - Epoch 1/3 completed. Average Loss: 0.6317
2025-05-19 15:30:25,893 [INFO] src.federated.client: Client hybrid_client_0 - Epoch 2/3 completed. Average Loss: 0.6267
2025-05-19 15:30:32,349 [INFO] src.federated.client: Client hybrid_client_0 - Epoch 3/3 completed. Average Loss: 0.6209
2025-05-19 15:30:32,350 [INFO] src.federated.client: Client hybrid_client_0: Local training finished. Processed 453 samples.
2025-05-19 15:30:32,352 [INFO] src.core.quantum_client: Client hybrid_client_2: Starting local training for 3 epochs (model type: hybrid). Proximal term mu=0.0.
2025-05-19 15:30:32,352 [INFO] src.federated.client: Client hybrid_client_2: Starting local training for 3 epochs. Proximal term mu=0.0.
2025-05-19 15:30:39,096 [INFO] src.federated.client: Client hybrid_client_2 - Epoch 1/3 completed. Average Loss: 0.6266
2025-05-19 15:30:46,893 [INFO] src.federated.client: Client hybrid_client_2 - Epoch 2/3 completed. Average Loss: 0.6224
2025-05-19 15:30:53,016 [INFO] src.federated.client: Client hybrid_client_2 - Epoch 3/3 completed. Average Loss: 0.6172
2025-05-19 15:30:53,017 [INFO] src.federated.client: Client hybrid_client_2: Local training finished. Processed 459 samples.
2025-05-19 15:30:53,020 [INFO] src.core.quantum_client: Client hybrid_client_1: Starting local training for 3 epochs (model type: hybrid). Proximal term mu=0.0.
2025-05-19 15:30:53,020 [INFO] src.federated.client: Client hybrid_client_1: Starting local training for 3 epochs. Proximal term mu=0.0.
2025-05-19 15:30:59,832 [INFO] src.federated.client: Client hybrid_client_1 - Epoch 1/3 completed. Average Loss: 0.6639
2025-05-19 15:31:07,169 [INFO] src.federated.client: Client hybrid_client_1 - Epoch 2/3 completed. Average Loss: 0.6578
2025-05-19 15:31:13,950 [INFO] src.federated.client: Client hybrid_client_1 - Epoch 3/3 completed. Average Loss: 0.6507
2025-05-19 15:31:13,951 [INFO] src.federated.client: Client hybrid_client_1: Local training finished. Processed 453 samples.
2025-05-19 15:31:13,953 [INFO] src.federated.server: Aggregating updates from 3 clients using FedAvg.
2025-05-19 15:31:13,953 [INFO] src.federated.aggregation: FedAvg: Aggregating updates from 3 clients.
2025-05-19 15:31:13,953 [INFO] src.federated.aggregation: FedAvg: Aggregation complete.
2025-05-19 15:31:13,954 [INFO] src.federated.server: Global model updated with aggregated parameters.
2025-05-19 15:31:13,954 [INFO] src.federated.server: Evaluating updated global model...
2025-05-19 15:31:13,954 [INFO] src.core.quantum_manager: Server: Starting evaluation of global model (type: hybrid).
2025-05-19 15:31:14,585 [INFO] src.core.quantum_manager: Evaluation results: Loss=0.6263, Accuracy=0.6316
2025-05-19 15:31:14,585 [INFO] src.federated.server: Round 3 completed in 63.15s. Eval Metrics: {'loss': 0.6262509916958056, 'accuracy': 0.631578947368421}
2025-05-19 15:31:14,585 [INFO] src.federated.server: ===== Starting Round 4/5 =====
2025-05-19 15:31:14,585 [INFO] src.federated.server: Starting federated training round...
2025-05-19 15:31:14,585 [INFO] src.federated.server: Selected 3 clients out of 3 available (fraction=0.1, min_clients=3): ['hybrid_client_2', 'hybrid_client_0', 'hybrid_client_1']
2025-05-19 15:31:14,587 [INFO] src.core.quantum_client: Client hybrid_client_2: Starting local training for 3 epochs (model type: hybrid). Proximal term mu=0.0.
2025-05-19 15:31:14,587 [INFO] src.federated.client: Client hybrid_client_2: Starting local training for 3 epochs. Proximal term mu=0.0.
2025-05-19 15:31:21,354 [INFO] src.federated.client: Client hybrid_client_2 - Epoch 1/3 completed. Average Loss: 0.6110
2025-05-19 15:31:28,171 [INFO] src.federated.client: Client hybrid_client_2 - Epoch 2/3 completed. Average Loss: 0.6037
2025-05-19 15:31:34,511 [INFO] src.federated.client: Client hybrid_client_2 - Epoch 3/3 completed. Average Loss: 0.5948
2025-05-19 15:31:34,512 [INFO] src.federated.client: Client hybrid_client_2: Local training finished. Processed 459 samples.
2025-05-19 15:31:34,514 [INFO] src.core.quantum_client: Client hybrid_client_0: Starting local training for 3 epochs (model type: hybrid). Proximal term mu=0.0.
2025-05-19 15:31:34,515 [INFO] src.federated.client: Client hybrid_client_0: Starting local training for 3 epochs. Proximal term mu=0.0.
2025-05-19 15:31:40,937 [INFO] src.federated.client: Client hybrid_client_0 - Epoch 1/3 completed. Average Loss: 0.6156
2025-05-19 15:31:46,892 [INFO] src.federated.client: Client hybrid_client_0 - Epoch 2/3 completed. Average Loss: 0.6079
2025-05-19 15:31:52,989 [INFO] src.federated.client: Client hybrid_client_0 - Epoch 3/3 completed. Average Loss: 0.5992
2025-05-19 15:31:52,990 [INFO] src.federated.client: Client hybrid_client_0: Local training finished. Processed 453 samples.
2025-05-19 15:31:52,992 [INFO] src.core.quantum_client: Client hybrid_client_1: Starting local training for 3 epochs (model type: hybrid). Proximal term mu=0.0.
2025-05-19 15:31:52,992 [INFO] src.federated.client: Client hybrid_client_1: Starting local training for 3 epochs. Proximal term mu=0.0.
2025-05-19 15:31:58,779 [INFO] src.federated.client: Client hybrid_client_1 - Epoch 1/3 completed. Average Loss: 0.6446
2025-05-19 15:32:04,811 [INFO] src.federated.client: Client hybrid_client_1 - Epoch 2/3 completed. Average Loss: 0.6354
2025-05-19 15:32:11,131 [INFO] src.federated.client: Client hybrid_client_1 - Epoch 3/3 completed. Average Loss: 0.6246
2025-05-19 15:32:11,132 [INFO] src.federated.client: Client hybrid_client_1: Local training finished. Processed 453 samples.
2025-05-19 15:32:11,135 [INFO] src.federated.server: Aggregating updates from 3 clients using FedAvg.
2025-05-19 15:32:11,135 [INFO] src.federated.aggregation: FedAvg: Aggregating updates from 3 clients.
2025-05-19 15:32:11,136 [INFO] src.federated.aggregation: FedAvg: Aggregation complete.
2025-05-19 15:32:11,136 [INFO] src.federated.server: Global model updated with aggregated parameters.
2025-05-19 15:32:11,137 [INFO] src.federated.server: Evaluating updated global model...
2025-05-19 15:32:11,137 [INFO] src.core.quantum_manager: Server: Starting evaluation of global model (type: hybrid).
2025-05-19 15:32:11,755 [INFO] src.core.quantum_manager: Evaluation results: Loss=0.6034, Accuracy=0.6316
2025-05-19 15:32:11,755 [INFO] src.federated.server: Round 4 completed in 57.17s. Eval Metrics: {'loss': 0.6034006152236671, 'accuracy': 0.631578947368421}
2025-05-19 15:32:11,756 [INFO] src.federated.server: ===== Starting Round 5/5 =====
2025-05-19 15:32:11,756 [INFO] src.federated.server: Starting federated training round...
2025-05-19 15:32:11,756 [INFO] src.federated.server: Selected 3 clients out of 3 available (fraction=0.1, min_clients=3): ['hybrid_client_0', 'hybrid_client_2', 'hybrid_client_1']
2025-05-19 15:32:11,758 [INFO] src.core.quantum_client: Client hybrid_client_0: Starting local training for 3 epochs (model type: hybrid). Proximal term mu=0.0.
2025-05-19 15:32:11,759 [INFO] src.federated.client: Client hybrid_client_0: Starting local training for 3 epochs. Proximal term mu=0.0.
2025-05-19 15:32:18,058 [INFO] src.federated.client: Client hybrid_client_0 - Epoch 1/3 completed. Average Loss: 0.5899
2025-05-19 15:32:24,429 [INFO] src.federated.client: Client hybrid_client_0 - Epoch 2/3 completed. Average Loss: 0.5788
2025-05-19 15:32:30,802 [INFO] src.federated.client: Client hybrid_client_0 - Epoch 3/3 completed. Average Loss: 0.5661
2025-05-19 15:32:30,803 [INFO] src.federated.client: Client hybrid_client_0: Local training finished. Processed 453 samples.
2025-05-19 15:32:30,806 [INFO] src.core.quantum_client: Client hybrid_client_2: Starting local training for 3 epochs (model type: hybrid). Proximal term mu=0.0.
2025-05-19 15:32:30,806 [INFO] src.federated.client: Client hybrid_client_2: Starting local training for 3 epochs. Proximal term mu=0.0.
2025-05-19 15:32:37,037 [INFO] src.federated.client: Client hybrid_client_2 - Epoch 1/3 completed. Average Loss: 0.5859
2025-05-19 15:32:43,507 [INFO] src.federated.client: Client hybrid_client_2 - Epoch 2/3 completed. Average Loss: 0.5743
2025-05-19 15:32:49,785 [INFO] src.federated.client: Client hybrid_client_2 - Epoch 3/3 completed. Average Loss: 0.5619
2025-05-19 15:32:49,786 [INFO] src.federated.client: Client hybrid_client_2: Local training finished. Processed 459 samples.
2025-05-19 15:32:49,789 [INFO] src.core.quantum_client: Client hybrid_client_1: Starting local training for 3 epochs (model type: hybrid). Proximal term mu=0.0.
2025-05-19 15:32:49,789 [INFO] src.federated.client: Client hybrid_client_1: Starting local training for 3 epochs. Proximal term mu=0.0.
2025-05-19 15:32:55,896 [INFO] src.federated.client: Client hybrid_client_1 - Epoch 1/3 completed. Average Loss: 0.6158
2025-05-19 15:33:02,502 [INFO] src.federated.client: Client hybrid_client_1 - Epoch 2/3 completed. Average Loss: 0.6032
2025-05-19 15:33:08,824 [INFO] src.federated.client: Client hybrid_client_1 - Epoch 3/3 completed. Average Loss: 0.5891
2025-05-19 15:33:08,825 [INFO] src.federated.client: Client hybrid_client_1: Local training finished. Processed 453 samples.
2025-05-19 15:33:08,827 [INFO] src.federated.server: Aggregating updates from 3 clients using FedAvg.
2025-05-19 15:33:08,827 [INFO] src.federated.aggregation: FedAvg: Aggregating updates from 3 clients.
2025-05-19 15:33:08,828 [INFO] src.federated.aggregation: FedAvg: Aggregation complete.
2025-05-19 15:33:08,828 [INFO] src.federated.server: Global model updated with aggregated parameters.
2025-05-19 15:33:08,828 [INFO] src.federated.server: Evaluating updated global model...
2025-05-19 15:33:08,828 [INFO] src.core.quantum_manager: Server: Starting evaluation of global model (type: hybrid).
2025-05-19 15:33:09,341 [INFO] src.core.quantum_manager: Evaluation results: Loss=0.5709, Accuracy=0.6316
2025-05-19 15:33:09,341 [INFO] src.federated.server: Round 5 completed in 57.59s. Eval Metrics: {'loss': 0.5708661539512768, 'accuracy': 0.631578947368421}
2025-05-19 15:33:09,341 [INFO] src.federated.server: Federated training process completed after 5 rounds.
2025-05-19 15:33:09,341 [INFO] BC_ExperimentRunner: ========== Finished BC_Hybrid_FedAvg_IID_PCA8_Q4L2_Basic ==========

2025-05-19 15:33:09,342 [INFO] BC_ExperimentRunner: ========== Starting BC_QNN_FedAvg_IID_PCA4_L2_Basic ==========
2025-05-19 15:33:09,342 [INFO] BC_ExperimentRunner: --- Setting up experiment: BC_QNN_FedAvg_IID_PCA4_L2_Basic for dataset breast_cancer ---
2025-05-19 15:33:09,342 [INFO] src.utils.data_utils: Set all random seeds to 42
2025-05-19 15:33:09,342 [INFO] BC_ExperimentRunner: Experiment 'BC_QNN_FedAvg_IID_PCA4_L2_Basic' will use tensor_dtype: torch.float64
2025-05-19 15:33:09,342 [INFO] src.utils.data_utils: Loading dataset: breast_cancer, PCA features=4, Scaling=minmax, Subset size=None, Dtype=torch.float64
2025-05-19 15:33:09,342 [INFO] src.utils.data_utils: Set all random seeds to 42
2025-05-19 15:33:09,348 [INFO] src.utils.data_utils: Applying PCA to reduce features to 4
2025-05-19 15:33:09,349 [INFO] src.utils.data_utils: PCA applied. New feature count: 4. Explained variance: 0.8393
2025-05-19 15:33:09,349 [INFO] src.utils.data_utils: Data preparation complete for 'breast_cancer'. Train size: 455, Test size: 114, Features: 4, Classes: 2
2025-05-19 15:33:09,484 [INFO] BC_ExperimentRunner: Successfully loaded configuration from /home/dhanraj/quantum_federated_simulator/configs/federated/server_config.yaml
2025-05-19 15:33:09,487 [INFO] BC_ExperimentRunner: Successfully loaded configuration from /home/dhanraj/quantum_federated_simulator/configs/federated/client_config.yaml
2025-05-19 15:33:09,489 [INFO] BC_ExperimentRunner: Successfully loaded configuration from /home/dhanraj/quantum_federated_simulator/configs/federated/default_aggregation.yaml
2025-05-19 15:33:09,490 [INFO] BC_ExperimentRunner: Creating model of type: qnn with n_features=4, n_classes=2, initial_dtype_request=torch.float64
2025-05-19 15:33:09,490 [INFO] src.quantum.models: Initializing QNN Layer: qubits=4, layers=2, circuit='basic', device='lightning.qubit', shots=None, diff_method='best'
2025-05-19 15:33:09,490 [INFO] src.quantum.circuits: Creating basic circuit with 4 qubits, 2 layers.
2025-05-19 15:33:09,491 [INFO] src.quantum.circuits: Basic circuit expects 24 trainable parameters.
2025-05-19 15:33:09,491 [INFO] src.quantum.models: QNN circuit requires 24 parameters.
2025-05-19 15:33:09,491 [INFO] src.quantum.models: QuantumNeuralNetwork: Using 'lightning.qubit' with no shots. Defaulting to 'adjoint'.
2025-05-19 15:33:09,491 [INFO] src.quantum.models: QuantumNeuralNetwork attempting to use differentiation method: adjoint
2025-05-19 15:33:09,496 [INFO] src.quantum.models: QNN raw circuit output dimension: 4
2025-05-19 15:33:09,497 [INFO] src.quantum.models: QNN: Added Linear head: 4 -> 2
2025-05-19 15:33:09,497 [INFO] src.quantum.models: QNN module's final output dimension (after head): 2
2025-05-19 15:33:09,497 [INFO] src.federated.aggregation: Creating aggregation strategy of type: fedavg
2025-05-19 15:33:09,497 [INFO] BC_ExperimentRunner: Using aggregation strategy: FedAvg (base: FedAvg)
2025-05-19 15:33:09,497 [INFO] src.core.quantum_manager: QuantumServer: Initializing with global model type 'qnn'.
2025-05-19 15:33:09,498 [INFO] src.federated.server: Federated server initialized on device 'cuda' with aggregation strategy: FedAvg
2025-05-19 15:33:09,498 [INFO] BC_ExperimentRunner: Creating model of type: qnn with n_features=4, n_classes=2, initial_dtype_request=torch.float64
2025-05-19 15:33:09,498 [INFO] src.quantum.models: Initializing QNN Layer: qubits=4, layers=2, circuit='basic', device='lightning.qubit', shots=None, diff_method='best'
2025-05-19 15:33:09,499 [INFO] src.quantum.circuits: Creating basic circuit with 4 qubits, 2 layers.
2025-05-19 15:33:09,499 [INFO] src.quantum.circuits: Basic circuit expects 24 trainable parameters.
2025-05-19 15:33:09,499 [INFO] src.quantum.models: QNN circuit requires 24 parameters.
2025-05-19 15:33:09,499 [INFO] src.quantum.models: QuantumNeuralNetwork: Using 'lightning.qubit' with no shots. Defaulting to 'adjoint'.
2025-05-19 15:33:09,499 [INFO] src.quantum.models: QuantumNeuralNetwork attempting to use differentiation method: adjoint
2025-05-19 15:33:09,504 [INFO] src.quantum.models: QNN raw circuit output dimension: 4
2025-05-19 15:33:09,504 [INFO] src.quantum.models: QNN: Added Linear head: 4 -> 2
2025-05-19 15:33:09,505 [INFO] src.quantum.models: QNN module's final output dimension (after head): 2
2025-05-19 15:33:09,505 [INFO] src.core.quantum_client: QuantumClient qnn_client_0: Initializing with model type 'qnn'.
2025-05-19 15:33:09,505 [INFO] src.federated.client: Client qnn_client_0 initialized on device 'cuda' with 151 samples.
2025-05-19 15:33:09,506 [INFO] BC_ExperimentRunner: Creating model of type: qnn with n_features=4, n_classes=2, initial_dtype_request=torch.float64
2025-05-19 15:33:09,506 [INFO] src.quantum.models: Initializing QNN Layer: qubits=4, layers=2, circuit='basic', device='lightning.qubit', shots=None, diff_method='best'
2025-05-19 15:33:09,506 [INFO] src.quantum.circuits: Creating basic circuit with 4 qubits, 2 layers.
2025-05-19 15:33:09,506 [INFO] src.quantum.circuits: Basic circuit expects 24 trainable parameters.
2025-05-19 15:33:09,506 [INFO] src.quantum.models: QNN circuit requires 24 parameters.
2025-05-19 15:33:09,506 [INFO] src.quantum.models: QuantumNeuralNetwork: Using 'lightning.qubit' with no shots. Defaulting to 'adjoint'.
2025-05-19 15:33:09,506 [INFO] src.quantum.models: QuantumNeuralNetwork attempting to use differentiation method: adjoint
2025-05-19 15:33:09,510 [INFO] src.quantum.models: QNN raw circuit output dimension: 4
2025-05-19 15:33:09,511 [INFO] src.quantum.models: QNN: Added Linear head: 4 -> 2
2025-05-19 15:33:09,511 [INFO] src.quantum.models: QNN module's final output dimension (after head): 2
2025-05-19 15:33:09,511 [INFO] src.core.quantum_client: QuantumClient qnn_client_1: Initializing with model type 'qnn'.
2025-05-19 15:33:09,512 [INFO] src.federated.client: Client qnn_client_1 initialized on device 'cuda' with 151 samples.
2025-05-19 15:33:09,512 [INFO] BC_ExperimentRunner: Creating model of type: qnn with n_features=4, n_classes=2, initial_dtype_request=torch.float64
2025-05-19 15:33:09,512 [INFO] src.quantum.models: Initializing QNN Layer: qubits=4, layers=2, circuit='basic', device='lightning.qubit', shots=None, diff_method='best'
2025-05-19 15:33:09,512 [INFO] src.quantum.circuits: Creating basic circuit with 4 qubits, 2 layers.
2025-05-19 15:33:09,512 [INFO] src.quantum.circuits: Basic circuit expects 24 trainable parameters.
2025-05-19 15:33:09,513 [INFO] src.quantum.models: QNN circuit requires 24 parameters.
2025-05-19 15:33:09,513 [INFO] src.quantum.models: QuantumNeuralNetwork: Using 'lightning.qubit' with no shots. Defaulting to 'adjoint'.
2025-05-19 15:33:09,513 [INFO] src.quantum.models: QuantumNeuralNetwork attempting to use differentiation method: adjoint
2025-05-19 15:33:09,519 [INFO] src.quantum.models: QNN raw circuit output dimension: 4
2025-05-19 15:33:09,519 [INFO] src.quantum.models: QNN: Added Linear head: 4 -> 2
2025-05-19 15:33:09,519 [INFO] src.quantum.models: QNN module's final output dimension (after head): 2
2025-05-19 15:33:09,519 [INFO] src.core.quantum_client: QuantumClient qnn_client_2: Initializing with model type 'qnn'.
2025-05-19 15:33:09,520 [INFO] src.federated.client: Client qnn_client_2 initialized on device 'cuda' with 153 samples.
2025-05-19 15:33:09,520 [INFO] src.federated.server: Registered client 'qnn_client_0'. Total clients: 1.
2025-05-19 15:33:09,520 [INFO] src.federated.server: Registered client 'qnn_client_1'. Total clients: 2.
2025-05-19 15:33:09,521 [INFO] src.federated.server: Registered client 'qnn_client_2'. Total clients: 3.
2025-05-19 15:33:09,521 [INFO] BC_ExperimentRunner: --- Scenario setup complete for BC_QNN_FedAvg_IID_PCA4_L2_Basic ---
2025-05-19 15:33:09,521 [INFO] src.federated.server: Starting federated training process for 5 rounds.
2025-05-19 15:33:09,521 [INFO] src.federated.server: Config: local_epochs=3, client_fraction=0.1, min_clients=3, FedProx mu=0.0
2025-05-19 15:33:09,521 [INFO] src.federated.server: Performing initial evaluation of global model...
2025-05-19 15:33:09,521 [INFO] src.core.quantum_manager: Server: Starting evaluation of global model (type: qnn).
2025-05-19 15:33:10,031 [INFO] src.core.quantum_manager: Evaluation results: Loss=0.6952, Accuracy=0.4298
2025-05-19 15:33:10,031 [INFO] src.federated.server: Initial Evaluation Metrics: {'loss': 0.6951935155349865, 'accuracy': 0.4298245614035088}
2025-05-19 15:33:10,031 [INFO] src.federated.server: ===== Starting Round 1/5 =====
2025-05-19 15:33:10,031 [INFO] src.federated.server: Starting federated training round...
2025-05-19 15:33:10,031 [INFO] src.federated.server: Selected 3 clients out of 3 available (fraction=0.1, min_clients=3): ['qnn_client_2', 'qnn_client_0', 'qnn_client_1']
2025-05-19 15:33:10,033 [INFO] src.core.quantum_client: Client qnn_client_2: Starting local training for 3 epochs (model type: qnn). Proximal term mu=0.0.
2025-05-19 15:33:10,033 [INFO] src.federated.client: Client qnn_client_2: Starting local training for 3 epochs. Proximal term mu=0.0.
2025-05-19 15:33:15,611 [INFO] src.federated.client: Client qnn_client_2 - Epoch 1/3 completed. Average Loss: 0.6858
2025-05-19 15:33:21,357 [INFO] src.federated.client: Client qnn_client_2 - Epoch 2/3 completed. Average Loss: 0.6605
2025-05-19 15:33:26,796 [INFO] src.federated.client: Client qnn_client_2 - Epoch 3/3 completed. Average Loss: 0.6349
2025-05-19 15:33:26,796 [INFO] src.federated.client: Client qnn_client_2: Local training finished. Processed 459 samples.
2025-05-19 15:33:26,799 [INFO] src.core.quantum_client: Client qnn_client_0: Starting local training for 3 epochs (model type: qnn). Proximal term mu=0.0.
2025-05-19 15:33:26,799 [INFO] src.federated.client: Client qnn_client_0: Starting local training for 3 epochs. Proximal term mu=0.0.
2025-05-19 15:33:32,355 [INFO] src.federated.client: Client qnn_client_0 - Epoch 1/3 completed. Average Loss: 0.6855
2025-05-19 15:33:38,035 [INFO] src.federated.client: Client qnn_client_0 - Epoch 2/3 completed. Average Loss: 0.6584
2025-05-19 15:33:44,157 [INFO] src.federated.client: Client qnn_client_0 - Epoch 3/3 completed. Average Loss: 0.6362
2025-05-19 15:33:44,158 [INFO] src.federated.client: Client qnn_client_0: Local training finished. Processed 453 samples.
2025-05-19 15:33:44,161 [INFO] src.core.quantum_client: Client qnn_client_1: Starting local training for 3 epochs (model type: qnn). Proximal term mu=0.0.
2025-05-19 15:33:44,161 [INFO] src.federated.client: Client qnn_client_1: Starting local training for 3 epochs. Proximal term mu=0.0.
2025-05-19 15:33:50,219 [INFO] src.federated.client: Client qnn_client_1 - Epoch 1/3 completed. Average Loss: 0.6850
2025-05-19 15:33:55,920 [INFO] src.federated.client: Client qnn_client_1 - Epoch 2/3 completed. Average Loss: 0.6633
2025-05-19 15:34:01,371 [INFO] src.federated.client: Client qnn_client_1 - Epoch 3/3 completed. Average Loss: 0.6450
2025-05-19 15:34:01,372 [INFO] src.federated.client: Client qnn_client_1: Local training finished. Processed 453 samples.
2025-05-19 15:34:01,373 [INFO] src.federated.server: Aggregating updates from 3 clients using FedAvg.
2025-05-19 15:34:01,374 [INFO] src.federated.aggregation: FedAvg: Aggregating updates from 3 clients.
2025-05-19 15:34:01,374 [INFO] src.federated.aggregation: FedAvg: Aggregation complete.
2025-05-19 15:34:01,375 [INFO] src.federated.server: Global model updated with aggregated parameters.
2025-05-19 15:34:01,375 [INFO] src.federated.server: Evaluating updated global model...
2025-05-19 15:34:01,375 [INFO] src.core.quantum_manager: Server: Starting evaluation of global model (type: qnn).
2025-05-19 15:34:01,886 [INFO] src.core.quantum_manager: Evaluation results: Loss=0.6235, Accuracy=0.6404
2025-05-19 15:34:01,886 [INFO] src.federated.server: Round 1 completed in 51.85s. Eval Metrics: {'loss': 0.6234722628928068, 'accuracy': 0.6403508771929824}
2025-05-19 15:34:01,886 [INFO] src.federated.server: ===== Starting Round 2/5 =====
2025-05-19 15:34:01,886 [INFO] src.federated.server: Starting federated training round...
2025-05-19 15:34:01,886 [INFO] src.federated.server: Selected 3 clients out of 3 available (fraction=0.1, min_clients=3): ['qnn_client_2', 'qnn_client_1', 'qnn_client_0']
2025-05-19 15:34:01,887 [INFO] src.core.quantum_client: Client qnn_client_2: Starting local training for 3 epochs (model type: qnn). Proximal term mu=0.0.
2025-05-19 15:34:01,887 [INFO] src.federated.client: Client qnn_client_2: Starting local training for 3 epochs. Proximal term mu=0.0.
2025-05-19 15:34:07,888 [INFO] src.federated.client: Client qnn_client_2 - Epoch 1/3 completed. Average Loss: 0.6202
2025-05-19 15:34:13,302 [INFO] src.federated.client: Client qnn_client_2 - Epoch 2/3 completed. Average Loss: 0.6043
2025-05-19 15:34:18,676 [INFO] src.federated.client: Client qnn_client_2 - Epoch 3/3 completed. Average Loss: 0.5865
2025-05-19 15:34:18,676 [INFO] src.federated.client: Client qnn_client_2: Local training finished. Processed 459 samples.
2025-05-19 15:34:18,679 [INFO] src.core.quantum_client: Client qnn_client_1: Starting local training for 3 epochs (model type: qnn). Proximal term mu=0.0.
2025-05-19 15:34:18,679 [INFO] src.federated.client: Client qnn_client_1: Starting local training for 3 epochs. Proximal term mu=0.0.
2025-05-19 15:34:24,331 [INFO] src.federated.client: Client qnn_client_1 - Epoch 1/3 completed. Average Loss: 0.6268
2025-05-19 15:34:29,544 [INFO] src.federated.client: Client qnn_client_1 - Epoch 2/3 completed. Average Loss: 0.6117
2025-05-19 15:34:35,000 [INFO] src.federated.client: Client qnn_client_1 - Epoch 3/3 completed. Average Loss: 0.5970
2025-05-19 15:34:35,001 [INFO] src.federated.client: Client qnn_client_1: Local training finished. Processed 453 samples.
2025-05-19 15:34:35,003 [INFO] src.core.quantum_client: Client qnn_client_0: Starting local training for 3 epochs (model type: qnn). Proximal term mu=0.0.
2025-05-19 15:34:35,003 [INFO] src.federated.client: Client qnn_client_0: Starting local training for 3 epochs. Proximal term mu=0.0.
2025-05-19 15:34:40,366 [INFO] src.federated.client: Client qnn_client_0 - Epoch 1/3 completed. Average Loss: 0.6201
2025-05-19 15:34:46,253 [INFO] src.federated.client: Client qnn_client_0 - Epoch 2/3 completed. Average Loss: 0.6029
2025-05-19 15:34:51,784 [INFO] src.federated.client: Client qnn_client_0 - Epoch 3/3 completed. Average Loss: 0.5858
2025-05-19 15:34:51,785 [INFO] src.federated.client: Client qnn_client_0: Local training finished. Processed 453 samples.
2025-05-19 15:34:51,786 [INFO] src.federated.server: Aggregating updates from 3 clients using FedAvg.
2025-05-19 15:34:51,786 [INFO] src.federated.aggregation: FedAvg: Aggregating updates from 3 clients.
2025-05-19 15:34:51,787 [INFO] src.federated.aggregation: FedAvg: Aggregation complete.
2025-05-19 15:34:51,787 [INFO] src.federated.server: Global model updated with aggregated parameters.
2025-05-19 15:34:51,787 [INFO] src.federated.server: Evaluating updated global model...
2025-05-19 15:34:51,787 [INFO] src.core.quantum_manager: Server: Starting evaluation of global model (type: qnn).
2025-05-19 15:34:52,273 [INFO] src.core.quantum_manager: Evaluation results: Loss=0.5722, Accuracy=0.6491
2025-05-19 15:34:52,273 [INFO] src.federated.server: Round 2 completed in 50.39s. Eval Metrics: {'loss': 0.5721591292766103, 'accuracy': 0.6491228070175439}
2025-05-19 15:34:52,273 [INFO] src.federated.server: ===== Starting Round 3/5 =====
2025-05-19 15:34:52,274 [INFO] src.federated.server: Starting federated training round...
2025-05-19 15:34:52,274 [INFO] src.federated.server: Selected 3 clients out of 3 available (fraction=0.1, min_clients=3): ['qnn_client_0', 'qnn_client_2', 'qnn_client_1']
2025-05-19 15:34:52,274 [INFO] src.core.quantum_client: Client qnn_client_0: Starting local training for 3 epochs (model type: qnn). Proximal term mu=0.0.
2025-05-19 15:34:52,274 [INFO] src.federated.client: Client qnn_client_0: Starting local training for 3 epochs. Proximal term mu=0.0.
2025-05-19 15:34:57,872 [INFO] src.federated.client: Client qnn_client_0 - Epoch 1/3 completed. Average Loss: 0.5714
2025-05-19 15:35:03,199 [INFO] src.federated.client: Client qnn_client_0 - Epoch 2/3 completed. Average Loss: 0.5563
2025-05-19 15:35:09,096 [INFO] src.federated.client: Client qnn_client_0 - Epoch 3/3 completed. Average Loss: 0.5405
2025-05-19 15:35:09,097 [INFO] src.federated.client: Client qnn_client_0: Local training finished. Processed 453 samples.
2025-05-19 15:35:09,099 [INFO] src.core.quantum_client: Client qnn_client_2: Starting local training for 3 epochs (model type: qnn). Proximal term mu=0.0.
2025-05-19 15:35:09,099 [INFO] src.federated.client: Client qnn_client_2: Starting local training for 3 epochs. Proximal term mu=0.0.
2025-05-19 15:35:14,613 [INFO] src.federated.client: Client qnn_client_2 - Epoch 1/3 completed. Average Loss: 0.5723
2025-05-19 15:35:20,138 [INFO] src.federated.client: Client qnn_client_2 - Epoch 2/3 completed. Average Loss: 0.5586
2025-05-19 15:35:26,178 [INFO] src.federated.client: Client qnn_client_2 - Epoch 3/3 completed. Average Loss: 0.5433
2025-05-19 15:35:26,178 [INFO] src.federated.client: Client qnn_client_2: Local training finished. Processed 459 samples.
2025-05-19 15:35:26,181 [INFO] src.core.quantum_client: Client qnn_client_1: Starting local training for 3 epochs (model type: qnn). Proximal term mu=0.0.
2025-05-19 15:35:26,182 [INFO] src.federated.client: Client qnn_client_1: Starting local training for 3 epochs. Proximal term mu=0.0.
2025-05-19 15:35:31,496 [INFO] src.federated.client: Client qnn_client_1 - Epoch 1/3 completed. Average Loss: 0.5831
2025-05-19 15:35:37,006 [INFO] src.federated.client: Client qnn_client_1 - Epoch 2/3 completed. Average Loss: 0.5658
2025-05-19 15:35:43,016 [INFO] src.federated.client: Client qnn_client_1 - Epoch 3/3 completed. Average Loss: 0.5465
2025-05-19 15:35:43,017 [INFO] src.federated.client: Client qnn_client_1: Local training finished. Processed 453 samples.
2025-05-19 15:35:43,019 [INFO] src.federated.server: Aggregating updates from 3 clients using FedAvg.
2025-05-19 15:35:43,020 [INFO] src.federated.aggregation: FedAvg: Aggregating updates from 3 clients.
2025-05-19 15:35:43,020 [INFO] src.federated.aggregation: FedAvg: Aggregation complete.
2025-05-19 15:35:43,020 [INFO] src.federated.server: Global model updated with aggregated parameters.
2025-05-19 15:35:43,021 [INFO] src.federated.server: Evaluating updated global model...
2025-05-19 15:35:43,021 [INFO] src.core.quantum_manager: Server: Starting evaluation of global model (type: qnn).
2025-05-19 15:35:43,547 [INFO] src.core.quantum_manager: Evaluation results: Loss=0.5221, Accuracy=0.7105
2025-05-19 15:35:43,547 [INFO] src.federated.server: Round 3 completed in 51.27s. Eval Metrics: {'loss': 0.522138794263204, 'accuracy': 0.7105263157894737}
2025-05-19 15:35:43,547 [INFO] src.federated.server: ===== Starting Round 4/5 =====
2025-05-19 15:35:43,548 [INFO] src.federated.server: Starting federated training round...
2025-05-19 15:35:43,548 [INFO] src.federated.server: Selected 3 clients out of 3 available (fraction=0.1, min_clients=3): ['qnn_client_2', 'qnn_client_0', 'qnn_client_1']
2025-05-19 15:35:43,548 [INFO] src.core.quantum_client: Client qnn_client_2: Starting local training for 3 epochs (model type: qnn). Proximal term mu=0.0.
2025-05-19 15:35:43,548 [INFO] src.federated.client: Client qnn_client_2: Starting local training for 3 epochs. Proximal term mu=0.0.
2025-05-19 15:35:49,299 [INFO] src.federated.client: Client qnn_client_2 - Epoch 1/3 completed. Average Loss: 0.5265
2025-05-19 15:35:55,039 [INFO] src.federated.client: Client qnn_client_2 - Epoch 2/3 completed. Average Loss: 0.5095
2025-05-19 15:36:00,647 [INFO] src.federated.client: Client qnn_client_2 - Epoch 3/3 completed. Average Loss: 0.4915
2025-05-19 15:36:00,648 [INFO] src.federated.client: Client qnn_client_2: Local training finished. Processed 459 samples.
2025-05-19 15:36:00,650 [INFO] src.core.quantum_client: Client qnn_client_0: Starting local training for 3 epochs (model type: qnn). Proximal term mu=0.0.
2025-05-19 15:36:00,650 [INFO] src.federated.client: Client qnn_client_0: Starting local training for 3 epochs. Proximal term mu=0.0.
2025-05-19 15:36:06,178 [INFO] src.federated.client: Client qnn_client_0 - Epoch 1/3 completed. Average Loss: 0.5237
2025-05-19 15:36:12,303 [INFO] src.federated.client: Client qnn_client_0 - Epoch 2/3 completed. Average Loss: 0.5060
2025-05-19 15:36:18,222 [INFO] src.federated.client: Client qnn_client_0 - Epoch 3/3 completed. Average Loss: 0.4869
2025-05-19 15:36:18,222 [INFO] src.federated.client: Client qnn_client_0: Local training finished. Processed 453 samples.
2025-05-19 15:36:18,225 [INFO] src.core.quantum_client: Client qnn_client_1: Starting local training for 3 epochs (model type: qnn). Proximal term mu=0.0.
2025-05-19 15:36:18,225 [INFO] src.federated.client: Client qnn_client_1: Starting local training for 3 epochs. Proximal term mu=0.0.
2025-05-19 15:36:24,151 [INFO] src.federated.client: Client qnn_client_1 - Epoch 1/3 completed. Average Loss: 0.5316
2025-05-19 15:36:29,981 [INFO] src.federated.client: Client qnn_client_1 - Epoch 2/3 completed. Average Loss: 0.5100
2025-05-19 15:36:36,042 [INFO] src.federated.client: Client qnn_client_1 - Epoch 3/3 completed. Average Loss: 0.4880
2025-05-19 15:36:36,043 [INFO] src.federated.client: Client qnn_client_1: Local training finished. Processed 453 samples.
2025-05-19 15:36:36,045 [INFO] src.federated.server: Aggregating updates from 3 clients using FedAvg.
2025-05-19 15:36:36,045 [INFO] src.federated.aggregation: FedAvg: Aggregating updates from 3 clients.
2025-05-19 15:36:36,046 [INFO] src.federated.aggregation: FedAvg: Aggregation complete.
2025-05-19 15:36:36,047 [INFO] src.federated.server: Global model updated with aggregated parameters.
2025-05-19 15:36:36,047 [INFO] src.federated.server: Evaluating updated global model...
2025-05-19 15:36:36,047 [INFO] src.core.quantum_manager: Server: Starting evaluation of global model (type: qnn).
2025-05-19 15:36:36,601 [INFO] src.core.quantum_manager: Evaluation results: Loss=0.4638, Accuracy=0.8421
2025-05-19 15:36:36,601 [INFO] src.federated.server: Round 4 completed in 53.05s. Eval Metrics: {'loss': 0.46382435372001246, 'accuracy': 0.8421052631578947}
2025-05-19 15:36:36,601 [INFO] src.federated.server: ===== Starting Round 5/5 =====
2025-05-19 15:36:36,601 [INFO] src.federated.server: Starting federated training round...
2025-05-19 15:36:36,601 [INFO] src.federated.server: Selected 3 clients out of 3 available (fraction=0.1, min_clients=3): ['qnn_client_0', 'qnn_client_2', 'qnn_client_1']
2025-05-19 15:36:36,602 [INFO] src.core.quantum_client: Client qnn_client_0: Starting local training for 3 epochs (model type: qnn). Proximal term mu=0.0.
2025-05-19 15:36:36,602 [INFO] src.federated.client: Client qnn_client_0: Starting local training for 3 epochs. Proximal term mu=0.0.
2025-05-19 15:36:42,257 [INFO] src.federated.client: Client qnn_client_0 - Epoch 1/3 completed. Average Loss: 0.4651
2025-05-19 15:36:47,462 [INFO] src.federated.client: Client qnn_client_0 - Epoch 2/3 completed. Average Loss: 0.4438
2025-05-19 15:36:53,173 [INFO] src.federated.client: Client qnn_client_0 - Epoch 3/3 completed. Average Loss: 0.4209
2025-05-19 15:36:53,174 [INFO] src.federated.client: Client qnn_client_0: Local training finished. Processed 453 samples.
2025-05-19 15:36:53,176 [INFO] src.core.quantum_client: Client qnn_client_2: Starting local training for 3 epochs (model type: qnn). Proximal term mu=0.0.
2025-05-19 15:36:53,176 [INFO] src.federated.client: Client qnn_client_2: Starting local training for 3 epochs. Proximal term mu=0.0.
2025-05-19 15:36:58,432 [INFO] src.federated.client: Client qnn_client_2 - Epoch 1/3 completed. Average Loss: 0.4708
2025-05-19 15:37:04,214 [INFO] src.federated.client: Client qnn_client_2 - Epoch 2/3 completed. Average Loss: 0.4516
2025-05-19 15:37:10,072 [INFO] src.federated.client: Client qnn_client_2 - Epoch 3/3 completed. Average Loss: 0.4304
2025-05-19 15:37:10,072 [INFO] src.federated.client: Client qnn_client_2: Local training finished. Processed 459 samples.
2025-05-19 15:37:10,074 [INFO] src.core.quantum_client: Client qnn_client_1: Starting local training for 3 epochs (model type: qnn). Proximal term mu=0.0.
2025-05-19 15:37:10,074 [INFO] src.federated.client: Client qnn_client_1: Starting local training for 3 epochs. Proximal term mu=0.0.
2025-05-19 15:37:15,694 [INFO] src.federated.client: Client qnn_client_1 - Epoch 1/3 completed. Average Loss: 0.4696
2025-05-19 15:37:20,986 [INFO] src.federated.client: Client qnn_client_1 - Epoch 2/3 completed. Average Loss: 0.4443
2025-05-19 15:37:26,426 [INFO] src.federated.client: Client qnn_client_1 - Epoch 3/3 completed. Average Loss: 0.4207
2025-05-19 15:37:26,427 [INFO] src.federated.client: Client qnn_client_1: Local training finished. Processed 453 samples.
2025-05-19 15:37:26,428 [INFO] src.federated.server: Aggregating updates from 3 clients using FedAvg.
2025-05-19 15:37:26,429 [INFO] src.federated.aggregation: FedAvg: Aggregating updates from 3 clients.
2025-05-19 15:37:26,429 [INFO] src.federated.aggregation: FedAvg: Aggregation complete.
2025-05-19 15:37:26,430 [INFO] src.federated.server: Global model updated with aggregated parameters.
2025-05-19 15:37:26,430 [INFO] src.federated.server: Evaluating updated global model...
2025-05-19 15:37:26,430 [INFO] src.core.quantum_manager: Server: Starting evaluation of global model (type: qnn).
2025-05-19 15:37:26,906 [INFO] src.core.quantum_manager: Evaluation results: Loss=0.3988, Accuracy=0.8860
2025-05-19 15:37:26,906 [INFO] src.federated.server: Round 5 completed in 50.30s. Eval Metrics: {'loss': 0.3988393409210339, 'accuracy': 0.8859649122807017}
2025-05-19 15:37:26,906 [INFO] src.federated.server: Federated training process completed after 5 rounds.
2025-05-19 15:37:26,906 [INFO] BC_ExperimentRunner: ========== Finished BC_QNN_FedAvg_IID_PCA4_L2_Basic ==========

2025-05-19 15:37:26,921 [INFO] BC_ExperimentRunner: All BC experiment results saved to /home/dhanraj/quantum_federated_simulator/experiments/results_bc/bc_experiment_results_20250519-153726.csv
2025-05-19 15:37:26,921 [INFO] BC_ExperimentRunner: All Breast Cancer Experiments Finished.
2025-05-19 15:37:26,983 [INFO] BC_ExperimentRunner: Generating comparison plots for Breast Cancer experiments...
2025-05-19 15:37:27,270 [INFO] BC_ExperimentRunner: BC Plot saved to /home/dhanraj/quantum_federated_simulator/experiments/visualizations_bc/accuracy_curves/bc_accuracy_vs_round.png
2025-05-19 15:37:27,486 [INFO] BC_ExperimentRunner: BC Plot saved to /home/dhanraj/quantum_federated_simulator/experiments/visualizations_bc/loss_curves/bc_loss_vs_round.png
2025-05-19 15:37:27,723 [INFO] BC_ExperimentRunner: BC Plot saved to /home/dhanraj/quantum_federated_simulator/experiments/visualizations_bc/resource_usage/bc_accuracy_vs_time.png
2025-05-19 15:37:27,933 [INFO] BC_ExperimentRunner: BC Plot saved to /home/dhanraj/quantum_federated_simulator/experiments/visualizations_bc/resource_usage/bc_accuracy_vs_comm_upload.png
2025-05-19 15:37:28,057 [INFO] BC_ExperimentRunner: BC Plot saved to /home/dhanraj/quantum_federated_simulator/experiments/visualizations_bc/comparisons/bc_final_accuracy_comparison.png
2025-05-19 15:37:28,187 [INFO] BC_ExperimentRunner: BC Plot saved to /home/dhanraj/quantum_federated_simulator/experiments/visualizations_bc/comparisons/bc_total_time_comparison.png
2025-05-19 15:37:28,306 [INFO] BC_ExperimentRunner: BC Plot saved to /home/dhanraj/quantum_federated_simulator/experiments/visualizations_bc/comparisons/bc_total_comm_comparison.png
2025-05-19 15:37:28,307 [INFO] BC_ExperimentRunner: Script for Breast Cancer experiments finished.
