2025-05-26 10:38:43,283 [INFO] BC_ExperimentRunner: Starting All Breast Cancer Experiments...
2025-05-26 10:38:43,283 [INFO] BC_ExperimentRunner: ========== Starting BC_MLP_FedAvg_IID_FullFeat ==========
2025-05-26 10:38:43,283 [INFO] BC_ExperimentRunner: --- Setting up experiment: BC_MLP_FedAvg_IID_FullFeat for dataset breast_cancer ---
2025-05-26 10:38:44,708 [INFO] src.utils.data_utils: Set all random seeds to 42
2025-05-26 10:38:44,709 [INFO] BC_ExperimentRunner: Experiment 'BC_MLP_FedAvg_IID_FullFeat' will use tensor_dtype: torch.float32
2025-05-26 10:38:44,709 [INFO] src.utils.data_utils: Loading dataset: breast_cancer, PCA features=None, Scaling=standard, Subset size=None, Dtype=torch.float32
2025-05-26 10:38:44,709 [INFO] src.utils.data_utils: Set all random seeds to 42
2025-05-26 10:38:44,733 [INFO] src.utils.data_utils: Data preparation complete for 'breast_cancer'. Train size: 455, Test size: 114, Features: 30, Classes: 2
2025-05-26 10:38:44,737 [INFO] BC_ExperimentRunner: Successfully loaded configuration from /home/dhanraj/quantum_federated_simulator/configs/federated/server_config.yaml
2025-05-26 10:38:44,739 [INFO] BC_ExperimentRunner: Successfully loaded configuration from /home/dhanraj/quantum_federated_simulator/configs/federated/client_config.yaml
2025-05-26 10:38:44,742 [INFO] BC_ExperimentRunner: Successfully loaded configuration from /home/dhanraj/quantum_federated_simulator/configs/federated/default_aggregation.yaml
2025-05-26 10:38:44,748 [INFO] BC_ExperimentRunner: Creating model of type: classical_mlp with n_features=30, n_classes=2, initial_dtype_request=torch.float32
2025-05-26 10:38:44,753 [INFO] BC_ExperimentRunner: Model 'classical_mlp' parameters set to dtype: torch.float32
2025-05-26 10:38:44,753 [INFO] src.federated.aggregation: Creating aggregation strategy of type: fedavg
2025-05-26 10:38:44,753 [INFO] BC_ExperimentRunner: Using aggregation strategy: FedAvg (base: FedAvg)
2025-05-26 10:38:45,894 [INFO] src.federated.server: Federated server initialized on device 'cuda' with aggregation strategy: FedAvg
2025-05-26 10:38:45,895 [INFO] BC_ExperimentRunner: Creating model of type: classical_mlp with n_features=30, n_classes=2, initial_dtype_request=torch.float32
2025-05-26 10:38:45,895 [INFO] BC_ExperimentRunner: Model 'classical_mlp' parameters set to dtype: torch.float32
2025-05-26 10:38:47,628 [INFO] src.federated.client: Client classical_mlp_client_0 initialized on device 'cuda' with 91 samples.
2025-05-26 10:38:47,628 [INFO] BC_ExperimentRunner: Creating model of type: classical_mlp with n_features=30, n_classes=2, initial_dtype_request=torch.float32
2025-05-26 10:38:47,628 [INFO] BC_ExperimentRunner: Model 'classical_mlp' parameters set to dtype: torch.float32
2025-05-26 10:38:47,629 [INFO] src.federated.client: Client classical_mlp_client_1 initialized on device 'cuda' with 91 samples.
2025-05-26 10:38:47,629 [INFO] BC_ExperimentRunner: Creating model of type: classical_mlp with n_features=30, n_classes=2, initial_dtype_request=torch.float32
2025-05-26 10:38:47,630 [INFO] BC_ExperimentRunner: Model 'classical_mlp' parameters set to dtype: torch.float32
2025-05-26 10:38:47,630 [INFO] src.federated.client: Client classical_mlp_client_2 initialized on device 'cuda' with 91 samples.
2025-05-26 10:38:47,630 [INFO] BC_ExperimentRunner: Creating model of type: classical_mlp with n_features=30, n_classes=2, initial_dtype_request=torch.float32
2025-05-26 10:38:47,631 [INFO] BC_ExperimentRunner: Model 'classical_mlp' parameters set to dtype: torch.float32
2025-05-26 10:38:47,631 [INFO] src.federated.client: Client classical_mlp_client_3 initialized on device 'cuda' with 91 samples.
2025-05-26 10:38:47,631 [INFO] BC_ExperimentRunner: Creating model of type: classical_mlp with n_features=30, n_classes=2, initial_dtype_request=torch.float32
2025-05-26 10:38:47,631 [INFO] BC_ExperimentRunner: Model 'classical_mlp' parameters set to dtype: torch.float32
2025-05-26 10:38:47,632 [INFO] src.federated.client: Client classical_mlp_client_4 initialized on device 'cuda' with 91 samples.
2025-05-26 10:38:47,632 [INFO] src.federated.server: Registered client 'classical_mlp_client_0'. Total clients: 1.
2025-05-26 10:38:47,632 [INFO] src.federated.server: Registered client 'classical_mlp_client_1'. Total clients: 2.
2025-05-26 10:38:47,632 [INFO] src.federated.server: Registered client 'classical_mlp_client_2'. Total clients: 3.
2025-05-26 10:38:47,632 [INFO] src.federated.server: Registered client 'classical_mlp_client_3'. Total clients: 4.
2025-05-26 10:38:47,632 [INFO] src.federated.server: Registered client 'classical_mlp_client_4'. Total clients: 5.
2025-05-26 10:38:47,632 [INFO] BC_ExperimentRunner: --- Scenario setup complete for BC_MLP_FedAvg_IID_FullFeat ---
2025-05-26 10:38:47,632 [INFO] src.federated.server: Starting federated training process for 5 rounds.
2025-05-26 10:38:47,632 [INFO] src.federated.server: Config: local_epochs=3, client_fraction=0.1, min_clients=3, FedProx mu=0.0
2025-05-26 10:38:47,632 [INFO] src.federated.server: Performing initial evaluation of global model...
2025-05-26 10:38:47,857 [INFO] src.federated.server: Initial Evaluation Metrics: {'loss': 0.7119773626327515, 'accuracy': 0.3684210526315789}
2025-05-26 10:38:47,858 [INFO] src.federated.server: ===== Starting Round 1/5 =====
2025-05-26 10:38:47,858 [INFO] src.federated.server: Starting federated training round...
2025-05-26 10:38:47,858 [INFO] src.federated.server: Selected 3 clients out of 5 available (fraction=0.1, min_clients=3): ['classical_mlp_client_0', 'classical_mlp_client_4', 'classical_mlp_client_2']
2025-05-26 10:38:47,859 [INFO] src.federated.client: Client classical_mlp_client_0: Starting local training for 3 epochs. Proximal term mu=0.0.
2025-05-26 10:38:48,095 [INFO] src.federated.client: Client classical_mlp_client_0 - Epoch 1/3 completed. Average Loss: 0.7019
2025-05-26 10:38:48,102 [INFO] src.federated.client: Client classical_mlp_client_0 - Epoch 2/3 completed. Average Loss: 0.6574
2025-05-26 10:38:48,108 [INFO] src.federated.client: Client classical_mlp_client_0 - Epoch 3/3 completed. Average Loss: 0.6177
2025-05-26 10:38:48,109 [INFO] src.federated.client: Client classical_mlp_client_0: Local training finished. Processed 273 samples.
2025-05-26 10:38:48,110 [INFO] src.federated.client: Client classical_mlp_client_4: Starting local training for 3 epochs. Proximal term mu=0.0.
2025-05-26 10:38:48,119 [INFO] src.federated.client: Client classical_mlp_client_4 - Epoch 1/3 completed. Average Loss: 0.7091
2025-05-26 10:38:48,128 [INFO] src.federated.client: Client classical_mlp_client_4 - Epoch 2/3 completed. Average Loss: 0.6556
2025-05-26 10:38:48,135 [INFO] src.federated.client: Client classical_mlp_client_4 - Epoch 3/3 completed. Average Loss: 0.6103
2025-05-26 10:38:48,136 [INFO] src.federated.client: Client classical_mlp_client_4: Local training finished. Processed 273 samples.
2025-05-26 10:38:48,136 [INFO] src.federated.client: Client classical_mlp_client_2: Starting local training for 3 epochs. Proximal term mu=0.0.
2025-05-26 10:38:48,145 [INFO] src.federated.client: Client classical_mlp_client_2 - Epoch 1/3 completed. Average Loss: 0.7050
2025-05-26 10:38:48,151 [INFO] src.federated.client: Client classical_mlp_client_2 - Epoch 2/3 completed. Average Loss: 0.6537
2025-05-26 10:38:48,159 [INFO] src.federated.client: Client classical_mlp_client_2 - Epoch 3/3 completed. Average Loss: 0.6103
2025-05-26 10:38:48,160 [INFO] src.federated.client: Client classical_mlp_client_2: Local training finished. Processed 273 samples.
2025-05-26 10:38:48,160 [INFO] src.federated.server: Aggregating updates from 3 clients using FedAvg.
2025-05-26 10:38:48,160 [INFO] src.federated.aggregation: FedAvg: Aggregating updates from 3 clients.
2025-05-26 10:38:48,161 [INFO] src.federated.aggregation: FedAvg: Aggregation complete.
2025-05-26 10:38:48,162 [INFO] src.federated.server: Global model updated with aggregated parameters.
2025-05-26 10:38:48,162 [INFO] src.federated.server: Evaluating updated global model...
2025-05-26 10:38:48,164 [INFO] src.federated.server: Round 1 completed in 0.31s. Eval Metrics: {'loss': 0.5987380743026733, 'accuracy': 0.8596491228070176}
2025-05-26 10:38:48,164 [INFO] src.federated.server: ===== Starting Round 2/5 =====
2025-05-26 10:38:48,164 [INFO] src.federated.server: Starting federated training round...
2025-05-26 10:38:48,164 [INFO] src.federated.server: Selected 3 clients out of 5 available (fraction=0.1, min_clients=3): ['classical_mlp_client_2', 'classical_mlp_client_1', 'classical_mlp_client_0']
2025-05-26 10:38:48,165 [INFO] src.federated.client: Client classical_mlp_client_2: Starting local training for 3 epochs. Proximal term mu=0.0.
2025-05-26 10:38:48,174 [INFO] src.federated.client: Client classical_mlp_client_2 - Epoch 1/3 completed. Average Loss: 0.5683
2025-05-26 10:38:48,182 [INFO] src.federated.client: Client classical_mlp_client_2 - Epoch 2/3 completed. Average Loss: 0.5224
2025-05-26 10:38:48,190 [INFO] src.federated.client: Client classical_mlp_client_2 - Epoch 3/3 completed. Average Loss: 0.4750
2025-05-26 10:38:48,191 [INFO] src.federated.client: Client classical_mlp_client_2: Local training finished. Processed 273 samples.
2025-05-26 10:38:48,191 [INFO] src.federated.client: Client classical_mlp_client_1: Starting local training for 3 epochs. Proximal term mu=0.0.
2025-05-26 10:38:48,199 [INFO] src.federated.client: Client classical_mlp_client_1 - Epoch 1/3 completed. Average Loss: 0.5870
2025-05-26 10:38:48,206 [INFO] src.federated.client: Client classical_mlp_client_1 - Epoch 2/3 completed. Average Loss: 0.5385
2025-05-26 10:38:48,215 [INFO] src.federated.client: Client classical_mlp_client_1 - Epoch 3/3 completed. Average Loss: 0.4919
2025-05-26 10:38:48,215 [INFO] src.federated.client: Client classical_mlp_client_1: Local training finished. Processed 273 samples.
2025-05-26 10:38:48,216 [INFO] src.federated.client: Client classical_mlp_client_0: Starting local training for 3 epochs. Proximal term mu=0.0.
2025-05-26 10:38:48,224 [INFO] src.federated.client: Client classical_mlp_client_0 - Epoch 1/3 completed. Average Loss: 0.5817
2025-05-26 10:38:48,231 [INFO] src.federated.client: Client classical_mlp_client_0 - Epoch 2/3 completed. Average Loss: 0.5398
2025-05-26 10:38:48,239 [INFO] src.federated.client: Client classical_mlp_client_0 - Epoch 3/3 completed. Average Loss: 0.4949
2025-05-26 10:38:48,240 [INFO] src.federated.client: Client classical_mlp_client_0: Local training finished. Processed 273 samples.
2025-05-26 10:38:48,240 [INFO] src.federated.server: Aggregating updates from 3 clients using FedAvg.
2025-05-26 10:38:48,240 [INFO] src.federated.aggregation: FedAvg: Aggregating updates from 3 clients.
2025-05-26 10:38:48,240 [INFO] src.federated.aggregation: FedAvg: Aggregation complete.
2025-05-26 10:38:48,241 [INFO] src.federated.server: Global model updated with aggregated parameters.
2025-05-26 10:38:48,241 [INFO] src.federated.server: Evaluating updated global model...
2025-05-26 10:38:48,243 [INFO] src.federated.server: Round 2 completed in 0.08s. Eval Metrics: {'loss': 0.4760989546775818, 'accuracy': 0.9385964912280702}
2025-05-26 10:38:48,244 [INFO] src.federated.server: ===== Starting Round 3/5 =====
2025-05-26 10:38:48,244 [INFO] src.federated.server: Starting federated training round...
2025-05-26 10:38:48,244 [INFO] src.federated.server: Selected 3 clients out of 5 available (fraction=0.1, min_clients=3): ['classical_mlp_client_1', 'classical_mlp_client_0', 'classical_mlp_client_2']
2025-05-26 10:38:48,245 [INFO] src.federated.client: Client classical_mlp_client_1: Starting local training for 3 epochs. Proximal term mu=0.0.
2025-05-26 10:38:48,253 [INFO] src.federated.client: Client classical_mlp_client_1 - Epoch 1/3 completed. Average Loss: 0.4500
2025-05-26 10:38:48,262 [INFO] src.federated.client: Client classical_mlp_client_1 - Epoch 2/3 completed. Average Loss: 0.4017
2025-05-26 10:38:48,273 [INFO] src.federated.client: Client classical_mlp_client_1 - Epoch 3/3 completed. Average Loss: 0.3535
2025-05-26 10:38:48,274 [INFO] src.federated.client: Client classical_mlp_client_1: Local training finished. Processed 273 samples.
2025-05-26 10:38:48,274 [INFO] src.federated.client: Client classical_mlp_client_0: Starting local training for 3 epochs. Proximal term mu=0.0.
2025-05-26 10:38:48,282 [INFO] src.federated.client: Client classical_mlp_client_0 - Epoch 1/3 completed. Average Loss: 0.4523
2025-05-26 10:38:48,290 [INFO] src.federated.client: Client classical_mlp_client_0 - Epoch 2/3 completed. Average Loss: 0.4039
2025-05-26 10:38:48,297 [INFO] src.federated.client: Client classical_mlp_client_0 - Epoch 3/3 completed. Average Loss: 0.3564
2025-05-26 10:38:48,297 [INFO] src.federated.client: Client classical_mlp_client_0: Local training finished. Processed 273 samples.
2025-05-26 10:38:48,298 [INFO] src.federated.client: Client classical_mlp_client_2: Starting local training for 3 epochs. Proximal term mu=0.0.
2025-05-26 10:38:48,308 [INFO] src.federated.client: Client classical_mlp_client_2 - Epoch 1/3 completed. Average Loss: 0.4239
2025-05-26 10:38:48,317 [INFO] src.federated.client: Client classical_mlp_client_2 - Epoch 2/3 completed. Average Loss: 0.3727
2025-05-26 10:38:48,328 [INFO] src.federated.client: Client classical_mlp_client_2 - Epoch 3/3 completed. Average Loss: 0.3231
2025-05-26 10:38:48,329 [INFO] src.federated.client: Client classical_mlp_client_2: Local training finished. Processed 273 samples.
2025-05-26 10:38:48,329 [INFO] src.federated.server: Aggregating updates from 3 clients using FedAvg.
2025-05-26 10:38:48,329 [INFO] src.federated.aggregation: FedAvg: Aggregating updates from 3 clients.
2025-05-26 10:38:48,330 [INFO] src.federated.aggregation: FedAvg: Aggregation complete.
2025-05-26 10:38:48,331 [INFO] src.federated.server: Global model updated with aggregated parameters.
2025-05-26 10:38:48,331 [INFO] src.federated.server: Evaluating updated global model...
2025-05-26 10:38:48,333 [INFO] src.federated.server: Round 3 completed in 0.09s. Eval Metrics: {'loss': 0.34171128273010254, 'accuracy': 0.956140350877193}
2025-05-26 10:38:48,334 [INFO] src.federated.server: ===== Starting Round 4/5 =====
2025-05-26 10:38:48,334 [INFO] src.federated.server: Starting federated training round...
2025-05-26 10:38:48,334 [INFO] src.federated.server: Selected 3 clients out of 5 available (fraction=0.1, min_clients=3): ['classical_mlp_client_4', 'classical_mlp_client_0', 'classical_mlp_client_2']
2025-05-26 10:38:48,335 [INFO] src.federated.client: Client classical_mlp_client_4: Starting local training for 3 epochs. Proximal term mu=0.0.
2025-05-26 10:38:48,344 [INFO] src.federated.client: Client classical_mlp_client_4 - Epoch 1/3 completed. Average Loss: 0.2831
2025-05-26 10:38:48,352 [INFO] src.federated.client: Client classical_mlp_client_4 - Epoch 2/3 completed. Average Loss: 0.2416
2025-05-26 10:38:48,360 [INFO] src.federated.client: Client classical_mlp_client_4 - Epoch 3/3 completed. Average Loss: 0.2029
2025-05-26 10:38:48,361 [INFO] src.federated.client: Client classical_mlp_client_4: Local training finished. Processed 273 samples.
2025-05-26 10:38:48,361 [INFO] src.federated.client: Client classical_mlp_client_0: Starting local training for 3 epochs. Proximal term mu=0.0.
2025-05-26 10:38:48,370 [INFO] src.federated.client: Client classical_mlp_client_0 - Epoch 1/3 completed. Average Loss: 0.3158
2025-05-26 10:38:48,379 [INFO] src.federated.client: Client classical_mlp_client_0 - Epoch 2/3 completed. Average Loss: 0.2729
2025-05-26 10:38:48,386 [INFO] src.federated.client: Client classical_mlp_client_0 - Epoch 3/3 completed. Average Loss: 0.2354
2025-05-26 10:38:48,387 [INFO] src.federated.client: Client classical_mlp_client_0: Local training finished. Processed 273 samples.
2025-05-26 10:38:48,388 [INFO] src.federated.client: Client classical_mlp_client_2: Starting local training for 3 epochs. Proximal term mu=0.0.
2025-05-26 10:38:48,397 [INFO] src.federated.client: Client classical_mlp_client_2 - Epoch 1/3 completed. Average Loss: 0.2782
2025-05-26 10:38:48,404 [INFO] src.federated.client: Client classical_mlp_client_2 - Epoch 2/3 completed. Average Loss: 0.2342
2025-05-26 10:38:48,412 [INFO] src.federated.client: Client classical_mlp_client_2 - Epoch 3/3 completed. Average Loss: 0.1974
2025-05-26 10:38:48,413 [INFO] src.federated.client: Client classical_mlp_client_2: Local training finished. Processed 273 samples.
2025-05-26 10:38:48,413 [INFO] src.federated.server: Aggregating updates from 3 clients using FedAvg.
2025-05-26 10:38:48,413 [INFO] src.federated.aggregation: FedAvg: Aggregating updates from 3 clients.
2025-05-26 10:38:48,414 [INFO] src.federated.aggregation: FedAvg: Aggregation complete.
2025-05-26 10:38:48,414 [INFO] src.federated.server: Global model updated with aggregated parameters.
2025-05-26 10:38:48,415 [INFO] src.federated.server: Evaluating updated global model...
2025-05-26 10:38:48,417 [INFO] src.federated.server: Round 4 completed in 0.08s. Eval Metrics: {'loss': 0.23601482808589935, 'accuracy': 0.956140350877193}
2025-05-26 10:38:48,417 [INFO] src.federated.server: ===== Starting Round 5/5 =====
2025-05-26 10:38:48,417 [INFO] src.federated.server: Starting federated training round...
2025-05-26 10:38:48,417 [INFO] src.federated.server: Selected 3 clients out of 5 available (fraction=0.1, min_clients=3): ['classical_mlp_client_3', 'classical_mlp_client_0', 'classical_mlp_client_4']
2025-05-26 10:38:48,418 [INFO] src.federated.client: Client classical_mlp_client_3: Starting local training for 3 epochs. Proximal term mu=0.0.
2025-05-26 10:38:48,426 [INFO] src.federated.client: Client classical_mlp_client_3 - Epoch 1/3 completed. Average Loss: 0.2553
2025-05-26 10:38:48,434 [INFO] src.federated.client: Client classical_mlp_client_3 - Epoch 2/3 completed. Average Loss: 0.2230
2025-05-26 10:38:48,442 [INFO] src.federated.client: Client classical_mlp_client_3 - Epoch 3/3 completed. Average Loss: 0.2000
2025-05-26 10:38:48,442 [INFO] src.federated.client: Client classical_mlp_client_3: Local training finished. Processed 273 samples.
2025-05-26 10:38:48,443 [INFO] src.federated.client: Client classical_mlp_client_0: Starting local training for 3 epochs. Proximal term mu=0.0.
2025-05-26 10:38:48,451 [INFO] src.federated.client: Client classical_mlp_client_0 - Epoch 1/3 completed. Average Loss: 0.2127
2025-05-26 10:38:48,457 [INFO] src.federated.client: Client classical_mlp_client_0 - Epoch 2/3 completed. Average Loss: 0.1849
2025-05-26 10:38:48,463 [INFO] src.federated.client: Client classical_mlp_client_0 - Epoch 3/3 completed. Average Loss: 0.1611
2025-05-26 10:38:48,464 [INFO] src.federated.client: Client classical_mlp_client_0: Local training finished. Processed 273 samples.
2025-05-26 10:38:48,464 [INFO] src.federated.client: Client classical_mlp_client_4: Starting local training for 3 epochs. Proximal term mu=0.0.
2025-05-26 10:38:48,471 [INFO] src.federated.client: Client classical_mlp_client_4 - Epoch 1/3 completed. Average Loss: 0.1644
2025-05-26 10:38:48,480 [INFO] src.federated.client: Client classical_mlp_client_4 - Epoch 2/3 completed. Average Loss: 0.1357
2025-05-26 10:38:48,487 [INFO] src.federated.client: Client classical_mlp_client_4 - Epoch 3/3 completed. Average Loss: 0.1104
2025-05-26 10:38:48,488 [INFO] src.federated.client: Client classical_mlp_client_4: Local training finished. Processed 273 samples.
2025-05-26 10:38:48,488 [INFO] src.federated.server: Aggregating updates from 3 clients using FedAvg.
2025-05-26 10:38:48,488 [INFO] src.federated.aggregation: FedAvg: Aggregating updates from 3 clients.
2025-05-26 10:38:48,489 [INFO] src.federated.aggregation: FedAvg: Aggregation complete.
2025-05-26 10:38:48,489 [INFO] src.federated.server: Global model updated with aggregated parameters.
2025-05-26 10:38:48,489 [INFO] src.federated.server: Evaluating updated global model...
2025-05-26 10:38:48,492 [INFO] src.federated.server: Round 5 completed in 0.07s. Eval Metrics: {'loss': 0.17213810980319977, 'accuracy': 0.9649122807017544}
2025-05-26 10:38:48,492 [INFO] src.federated.server: Federated training process completed after 5 rounds.
2025-05-26 10:38:48,492 [INFO] BC_ExperimentRunner: ========== Finished BC_MLP_FedAvg_IID_FullFeat ==========

2025-05-26 10:38:48,492 [INFO] BC_ExperimentRunner: ========== Starting BC_MLP_FedAvg_NonIID_a0.3_FullFeat ==========
2025-05-26 10:38:48,492 [INFO] BC_ExperimentRunner: --- Setting up experiment: BC_MLP_FedAvg_NonIID_a0.3_FullFeat for dataset breast_cancer ---
2025-05-26 10:38:48,494 [INFO] src.utils.data_utils: Set all random seeds to 42
2025-05-26 10:38:48,494 [INFO] BC_ExperimentRunner: Experiment 'BC_MLP_FedAvg_NonIID_a0.3_FullFeat' will use tensor_dtype: torch.float32
2025-05-26 10:38:48,494 [INFO] src.utils.data_utils: Loading dataset: breast_cancer, PCA features=None, Scaling=standard, Subset size=None, Dtype=torch.float32
2025-05-26 10:38:48,494 [INFO] src.utils.data_utils: Set all random seeds to 42
2025-05-26 10:38:48,500 [INFO] src.utils.data_utils: Data preparation complete for 'breast_cancer'. Train size: 455, Test size: 114, Features: 30, Classes: 2
2025-05-26 10:38:48,503 [INFO] BC_ExperimentRunner: Successfully loaded configuration from /home/dhanraj/quantum_federated_simulator/configs/federated/server_config.yaml
2025-05-26 10:38:48,505 [INFO] BC_ExperimentRunner: Successfully loaded configuration from /home/dhanraj/quantum_federated_simulator/configs/federated/client_config.yaml
2025-05-26 10:38:48,507 [INFO] BC_ExperimentRunner: Successfully loaded configuration from /home/dhanraj/quantum_federated_simulator/configs/federated/default_aggregation.yaml
2025-05-26 10:38:48,508 [INFO] BC_ExperimentRunner: Creating model of type: classical_mlp with n_features=30, n_classes=2, initial_dtype_request=torch.float32
2025-05-26 10:38:48,509 [INFO] BC_ExperimentRunner: Model 'classical_mlp' parameters set to dtype: torch.float32
2025-05-26 10:38:48,509 [INFO] src.federated.aggregation: Creating aggregation strategy of type: fedavg
2025-05-26 10:38:48,509 [INFO] BC_ExperimentRunner: Using aggregation strategy: FedAvg (base: FedAvg)
2025-05-26 10:38:48,509 [INFO] src.federated.server: Federated server initialized on device 'cuda' with aggregation strategy: FedAvg
2025-05-26 10:38:48,509 [INFO] BC_ExperimentRunner: Creating model of type: classical_mlp with n_features=30, n_classes=2, initial_dtype_request=torch.float32
2025-05-26 10:38:48,510 [INFO] BC_ExperimentRunner: Model 'classical_mlp' parameters set to dtype: torch.float32
2025-05-26 10:38:48,511 [INFO] src.federated.client: Client classical_mlp_client_0 initialized on device 'cuda' with 11 samples.
2025-05-26 10:38:48,511 [INFO] BC_ExperimentRunner: Creating model of type: classical_mlp with n_features=30, n_classes=2, initial_dtype_request=torch.float32
2025-05-26 10:38:48,511 [INFO] BC_ExperimentRunner: Model 'classical_mlp' parameters set to dtype: torch.float32
2025-05-26 10:38:48,512 [INFO] src.federated.client: Client classical_mlp_client_1 initialized on device 'cuda' with 357 samples.
2025-05-26 10:38:48,512 [INFO] BC_ExperimentRunner: Creating model of type: classical_mlp with n_features=30, n_classes=2, initial_dtype_request=torch.float32
2025-05-26 10:38:48,512 [INFO] BC_ExperimentRunner: Model 'classical_mlp' parameters set to dtype: torch.float32
2025-05-26 10:38:48,513 [INFO] src.federated.client: Client classical_mlp_client_2 initialized on device 'cuda' with 2 samples.
2025-05-26 10:38:48,513 [INFO] BC_ExperimentRunner: Creating model of type: classical_mlp with n_features=30, n_classes=2, initial_dtype_request=torch.float32
2025-05-26 10:38:48,513 [INFO] BC_ExperimentRunner: Model 'classical_mlp' parameters set to dtype: torch.float32
2025-05-26 10:38:48,514 [INFO] src.federated.client: Client classical_mlp_client_3 initialized on device 'cuda' with 7 samples.
2025-05-26 10:38:48,514 [INFO] BC_ExperimentRunner: Creating model of type: classical_mlp with n_features=30, n_classes=2, initial_dtype_request=torch.float32
2025-05-26 10:38:48,514 [INFO] BC_ExperimentRunner: Model 'classical_mlp' parameters set to dtype: torch.float32
2025-05-26 10:38:48,515 [INFO] src.federated.client: Client classical_mlp_client_4 initialized on device 'cuda' with 78 samples.
2025-05-26 10:38:48,515 [INFO] src.federated.server: Registered client 'classical_mlp_client_0'. Total clients: 1.
2025-05-26 10:38:48,515 [INFO] src.federated.server: Registered client 'classical_mlp_client_1'. Total clients: 2.
2025-05-26 10:38:48,515 [INFO] src.federated.server: Registered client 'classical_mlp_client_2'. Total clients: 3.
2025-05-26 10:38:48,515 [INFO] src.federated.server: Registered client 'classical_mlp_client_3'. Total clients: 4.
2025-05-26 10:38:48,515 [INFO] src.federated.server: Registered client 'classical_mlp_client_4'. Total clients: 5.
2025-05-26 10:38:48,515 [INFO] BC_ExperimentRunner: --- Scenario setup complete for BC_MLP_FedAvg_NonIID_a0.3_FullFeat ---
2025-05-26 10:38:48,515 [INFO] src.federated.server: Starting federated training process for 5 rounds.
2025-05-26 10:38:48,515 [INFO] src.federated.server: Config: local_epochs=3, client_fraction=0.1, min_clients=3, FedProx mu=0.0
2025-05-26 10:38:48,515 [INFO] src.federated.server: Performing initial evaluation of global model...
2025-05-26 10:38:48,517 [INFO] src.federated.server: Initial Evaluation Metrics: {'loss': 0.7107932567596436, 'accuracy': 0.40350877192982454}
2025-05-26 10:38:48,518 [INFO] src.federated.server: ===== Starting Round 1/5 =====
2025-05-26 10:38:48,518 [INFO] src.federated.server: Starting federated training round...
2025-05-26 10:38:48,518 [INFO] src.federated.server: Selected 3 clients out of 5 available (fraction=0.1, min_clients=3): ['classical_mlp_client_1', 'classical_mlp_client_4', 'classical_mlp_client_3']
2025-05-26 10:38:48,519 [INFO] src.federated.client: Client classical_mlp_client_1: Starting local training for 3 epochs. Proximal term mu=0.0.
2025-05-26 10:38:48,561 [INFO] src.federated.client: Client classical_mlp_client_1 - Epoch 1/3 completed. Average Loss: 0.6472
2025-05-26 10:38:48,595 [INFO] src.federated.client: Client classical_mlp_client_1 - Epoch 2/3 completed. Average Loss: 0.5018
2025-05-26 10:38:48,627 [INFO] src.federated.client: Client classical_mlp_client_1 - Epoch 3/3 completed. Average Loss: 0.3288
2025-05-26 10:38:48,628 [INFO] src.federated.client: Client classical_mlp_client_1: Local training finished. Processed 1071 samples.
2025-05-26 10:38:48,628 [INFO] src.federated.client: Client classical_mlp_client_4: Starting local training for 3 epochs. Proximal term mu=0.0.
2025-05-26 10:38:48,636 [INFO] src.federated.client: Client classical_mlp_client_4 - Epoch 1/3 completed. Average Loss: 0.7094
2025-05-26 10:38:48,643 [INFO] src.federated.client: Client classical_mlp_client_4 - Epoch 2/3 completed. Average Loss: 0.6597
2025-05-26 10:38:48,651 [INFO] src.federated.client: Client classical_mlp_client_4 - Epoch 3/3 completed. Average Loss: 0.6198
2025-05-26 10:38:48,652 [INFO] src.federated.client: Client classical_mlp_client_4: Local training finished. Processed 234 samples.
2025-05-26 10:38:48,652 [INFO] src.federated.client: Client classical_mlp_client_3: Starting local training for 3 epochs. Proximal term mu=0.0.
2025-05-26 10:38:48,655 [INFO] src.federated.client: Client classical_mlp_client_3 - Epoch 1/3 completed. Average Loss: 0.6567
2025-05-26 10:38:48,659 [INFO] src.federated.client: Client classical_mlp_client_3 - Epoch 2/3 completed. Average Loss: 0.6351
2025-05-26 10:38:48,661 [INFO] src.federated.client: Client classical_mlp_client_3 - Epoch 3/3 completed. Average Loss: 0.6149
2025-05-26 10:38:48,662 [INFO] src.federated.client: Client classical_mlp_client_3: Local training finished. Processed 21 samples.
2025-05-26 10:38:48,662 [INFO] src.federated.server: Aggregating updates from 3 clients using FedAvg.
2025-05-26 10:38:48,662 [INFO] src.federated.aggregation: FedAvg: Aggregating updates from 3 clients.
2025-05-26 10:38:48,662 [INFO] src.federated.aggregation: FedAvg: Aggregation complete.
2025-05-26 10:38:48,663 [INFO] src.federated.server: Global model updated with aggregated parameters.
2025-05-26 10:38:48,663 [INFO] src.federated.server: Evaluating updated global model...
2025-05-26 10:38:48,665 [INFO] src.federated.server: Round 1 completed in 0.15s. Eval Metrics: {'loss': 0.3359237015247345, 'accuracy': 0.9385964912280702}
2025-05-26 10:38:48,665 [INFO] src.federated.server: ===== Starting Round 2/5 =====
2025-05-26 10:38:48,665 [INFO] src.federated.server: Starting federated training round...
2025-05-26 10:38:48,666 [INFO] src.federated.server: Selected 3 clients out of 5 available (fraction=0.1, min_clients=3): ['classical_mlp_client_2', 'classical_mlp_client_4', 'classical_mlp_client_0']
2025-05-26 10:38:48,666 [INFO] src.federated.client: Client classical_mlp_client_2: Starting local training for 3 epochs. Proximal term mu=0.0.
2025-05-26 10:38:48,669 [INFO] src.federated.client: Client classical_mlp_client_2 - Epoch 1/3 completed. Average Loss: 0.6679
2025-05-26 10:38:48,671 [INFO] src.federated.client: Client classical_mlp_client_2 - Epoch 2/3 completed. Average Loss: 0.6453
2025-05-26 10:38:48,673 [INFO] src.federated.client: Client classical_mlp_client_2 - Epoch 3/3 completed. Average Loss: 0.6238
2025-05-26 10:38:48,674 [INFO] src.federated.client: Client classical_mlp_client_2: Local training finished. Processed 6 samples.
2025-05-26 10:38:48,675 [INFO] src.federated.client: Client classical_mlp_client_4: Starting local training for 3 epochs. Proximal term mu=0.0.
2025-05-26 10:38:48,684 [INFO] src.federated.client: Client classical_mlp_client_4 - Epoch 1/3 completed. Average Loss: 0.3650
2025-05-26 10:38:48,693 [INFO] src.federated.client: Client classical_mlp_client_4 - Epoch 2/3 completed. Average Loss: 0.3298
2025-05-26 10:38:48,701 [INFO] src.federated.client: Client classical_mlp_client_4 - Epoch 3/3 completed. Average Loss: 0.2937
2025-05-26 10:38:48,702 [INFO] src.federated.client: Client classical_mlp_client_4: Local training finished. Processed 234 samples.
2025-05-26 10:38:48,702 [INFO] src.federated.client: Client classical_mlp_client_0: Starting local training for 3 epochs. Proximal term mu=0.0.
2025-05-26 10:38:48,705 [INFO] src.federated.client: Client classical_mlp_client_0 - Epoch 1/3 completed. Average Loss: 0.3234
2025-05-26 10:38:48,708 [INFO] src.federated.client: Client classical_mlp_client_0 - Epoch 2/3 completed. Average Loss: 0.2965
2025-05-26 10:38:48,711 [INFO] src.federated.client: Client classical_mlp_client_0 - Epoch 3/3 completed. Average Loss: 0.2723
2025-05-26 10:38:48,712 [INFO] src.federated.client: Client classical_mlp_client_0: Local training finished. Processed 33 samples.
2025-05-26 10:38:48,712 [INFO] src.federated.server: Aggregating updates from 3 clients using FedAvg.
2025-05-26 10:38:48,712 [INFO] src.federated.aggregation: FedAvg: Aggregating updates from 3 clients.
2025-05-26 10:38:48,713 [INFO] src.federated.aggregation: FedAvg: Aggregation complete.
2025-05-26 10:38:48,713 [INFO] src.federated.server: Global model updated with aggregated parameters.
2025-05-26 10:38:48,713 [INFO] src.federated.server: Evaluating updated global model...
2025-05-26 10:38:48,716 [INFO] src.federated.server: Round 2 completed in 0.05s. Eval Metrics: {'loss': 0.2865592837333679, 'accuracy': 0.9210526315789473}
2025-05-26 10:38:48,716 [INFO] src.federated.server: ===== Starting Round 3/5 =====
2025-05-26 10:38:48,716 [INFO] src.federated.server: Starting federated training round...
2025-05-26 10:38:48,716 [INFO] src.federated.server: Selected 3 clients out of 5 available (fraction=0.1, min_clients=3): ['classical_mlp_client_1', 'classical_mlp_client_0', 'classical_mlp_client_2']
2025-05-26 10:38:48,717 [INFO] src.federated.client: Client classical_mlp_client_1: Starting local training for 3 epochs. Proximal term mu=0.0.
2025-05-26 10:38:48,746 [INFO] src.federated.client: Client classical_mlp_client_1 - Epoch 1/3 completed. Average Loss: 0.2064
2025-05-26 10:38:48,775 [INFO] src.federated.client: Client classical_mlp_client_1 - Epoch 2/3 completed. Average Loss: 0.1251
2025-05-26 10:38:48,802 [INFO] src.federated.client: Client classical_mlp_client_1 - Epoch 3/3 completed. Average Loss: 0.0925
2025-05-26 10:38:48,803 [INFO] src.federated.client: Client classical_mlp_client_1: Local training finished. Processed 1071 samples.
2025-05-26 10:38:48,803 [INFO] src.federated.client: Client classical_mlp_client_0: Starting local training for 3 epochs. Proximal term mu=0.0.
2025-05-26 10:38:48,806 [INFO] src.federated.client: Client classical_mlp_client_0 - Epoch 1/3 completed. Average Loss: 0.1903
2025-05-26 10:38:48,808 [INFO] src.federated.client: Client classical_mlp_client_0 - Epoch 2/3 completed. Average Loss: 0.1741
2025-05-26 10:38:48,810 [INFO] src.federated.client: Client classical_mlp_client_0 - Epoch 3/3 completed. Average Loss: 0.1596
2025-05-26 10:38:48,810 [INFO] src.federated.client: Client classical_mlp_client_0: Local training finished. Processed 33 samples.
2025-05-26 10:38:48,811 [INFO] src.federated.client: Client classical_mlp_client_2: Starting local training for 3 epochs. Proximal term mu=0.0.
2025-05-26 10:38:48,814 [INFO] src.federated.client: Client classical_mlp_client_2 - Epoch 1/3 completed. Average Loss: 0.7245
2025-05-26 10:38:48,817 [INFO] src.federated.client: Client classical_mlp_client_2 - Epoch 2/3 completed. Average Loss: 0.7003
2025-05-26 10:38:48,819 [INFO] src.federated.client: Client classical_mlp_client_2 - Epoch 3/3 completed. Average Loss: 0.6749
2025-05-26 10:38:48,820 [INFO] src.federated.client: Client classical_mlp_client_2: Local training finished. Processed 6 samples.
2025-05-26 10:38:48,820 [INFO] src.federated.server: Aggregating updates from 3 clients using FedAvg.
2025-05-26 10:38:48,820 [INFO] src.federated.aggregation: FedAvg: Aggregating updates from 3 clients.
2025-05-26 10:38:48,820 [INFO] src.federated.aggregation: FedAvg: Aggregation complete.
2025-05-26 10:38:48,821 [INFO] src.federated.server: Global model updated with aggregated parameters.
2025-05-26 10:38:48,821 [INFO] src.federated.server: Evaluating updated global model...
2025-05-26 10:38:48,823 [INFO] src.federated.server: Round 3 completed in 0.11s. Eval Metrics: {'loss': 0.11201547086238861, 'accuracy': 0.956140350877193}
2025-05-26 10:38:48,823 [INFO] src.federated.server: ===== Starting Round 4/5 =====
2025-05-26 10:38:48,823 [INFO] src.federated.server: Starting federated training round...
2025-05-26 10:38:48,823 [INFO] src.federated.server: Selected 3 clients out of 5 available (fraction=0.1, min_clients=3): ['classical_mlp_client_1', 'classical_mlp_client_3', 'classical_mlp_client_4']
2025-05-26 10:38:48,824 [INFO] src.federated.client: Client classical_mlp_client_1: Starting local training for 3 epochs. Proximal term mu=0.0.
2025-05-26 10:38:48,858 [INFO] src.federated.client: Client classical_mlp_client_1 - Epoch 1/3 completed. Average Loss: 0.0788
2025-05-26 10:38:48,885 [INFO] src.federated.client: Client classical_mlp_client_1 - Epoch 2/3 completed. Average Loss: 0.0673
2025-05-26 10:38:48,910 [INFO] src.federated.client: Client classical_mlp_client_1 - Epoch 3/3 completed. Average Loss: 0.0598
2025-05-26 10:38:48,911 [INFO] src.federated.client: Client classical_mlp_client_1: Local training finished. Processed 1071 samples.
2025-05-26 10:38:48,912 [INFO] src.federated.client: Client classical_mlp_client_3: Starting local training for 3 epochs. Proximal term mu=0.0.
2025-05-26 10:38:48,915 [INFO] src.federated.client: Client classical_mlp_client_3 - Epoch 1/3 completed. Average Loss: 0.0215
2025-05-26 10:38:48,918 [INFO] src.federated.client: Client classical_mlp_client_3 - Epoch 2/3 completed. Average Loss: 0.0176
2025-05-26 10:38:48,921 [INFO] src.federated.client: Client classical_mlp_client_3 - Epoch 3/3 completed. Average Loss: 0.0145
2025-05-26 10:38:48,921 [INFO] src.federated.client: Client classical_mlp_client_3: Local training finished. Processed 21 samples.
2025-05-26 10:38:48,922 [INFO] src.federated.client: Client classical_mlp_client_4: Starting local training for 3 epochs. Proximal term mu=0.0.
2025-05-26 10:38:48,928 [INFO] src.federated.client: Client classical_mlp_client_4 - Epoch 1/3 completed. Average Loss: 0.1790
2025-05-26 10:38:48,934 [INFO] src.federated.client: Client classical_mlp_client_4 - Epoch 2/3 completed. Average Loss: 0.1561
2025-05-26 10:38:48,943 [INFO] src.federated.client: Client classical_mlp_client_4 - Epoch 3/3 completed. Average Loss: 0.1338
2025-05-26 10:38:48,944 [INFO] src.federated.client: Client classical_mlp_client_4: Local training finished. Processed 234 samples.
2025-05-26 10:38:48,944 [INFO] src.federated.server: Aggregating updates from 3 clients using FedAvg.
2025-05-26 10:38:48,944 [INFO] src.federated.aggregation: FedAvg: Aggregating updates from 3 clients.
2025-05-26 10:38:48,945 [INFO] src.federated.aggregation: FedAvg: Aggregation complete.
2025-05-26 10:38:48,945 [INFO] src.federated.server: Global model updated with aggregated parameters.
2025-05-26 10:38:48,946 [INFO] src.federated.server: Evaluating updated global model...
2025-05-26 10:38:48,947 [INFO] src.federated.server: Round 4 completed in 0.12s. Eval Metrics: {'loss': 0.09110914915800095, 'accuracy': 0.9649122807017544}
2025-05-26 10:38:48,948 [INFO] src.federated.server: ===== Starting Round 5/5 =====
2025-05-26 10:38:48,948 [INFO] src.federated.server: Starting federated training round...
2025-05-26 10:38:48,948 [INFO] src.federated.server: Selected 3 clients out of 5 available (fraction=0.1, min_clients=3): ['classical_mlp_client_2', 'classical_mlp_client_0', 'classical_mlp_client_1']
2025-05-26 10:38:48,949 [INFO] src.federated.client: Client classical_mlp_client_2: Starting local training for 3 epochs. Proximal term mu=0.0.
2025-05-26 10:38:48,952 [INFO] src.federated.client: Client classical_mlp_client_2 - Epoch 1/3 completed. Average Loss: 0.5259
2025-05-26 10:38:48,954 [INFO] src.federated.client: Client classical_mlp_client_2 - Epoch 2/3 completed. Average Loss: 0.4709
2025-05-26 10:38:48,958 [INFO] src.federated.client: Client classical_mlp_client_2 - Epoch 3/3 completed. Average Loss: 0.4168
2025-05-26 10:38:48,958 [INFO] src.federated.client: Client classical_mlp_client_2: Local training finished. Processed 6 samples.
2025-05-26 10:38:48,959 [INFO] src.federated.client: Client classical_mlp_client_0: Starting local training for 3 epochs. Proximal term mu=0.0.
2025-05-26 10:38:48,962 [INFO] src.federated.client: Client classical_mlp_client_0 - Epoch 1/3 completed. Average Loss: 0.0662
2025-05-26 10:38:48,965 [INFO] src.federated.client: Client classical_mlp_client_0 - Epoch 2/3 completed. Average Loss: 0.0524
2025-05-26 10:38:48,967 [INFO] src.federated.client: Client classical_mlp_client_0 - Epoch 3/3 completed. Average Loss: 0.0411
2025-05-26 10:38:48,967 [INFO] src.federated.client: Client classical_mlp_client_0: Local training finished. Processed 33 samples.
2025-05-26 10:38:48,968 [INFO] src.federated.client: Client classical_mlp_client_1: Starting local training for 3 epochs. Proximal term mu=0.0.
2025-05-26 10:38:48,996 [INFO] src.federated.client: Client classical_mlp_client_1 - Epoch 1/3 completed. Average Loss: 0.0566
2025-05-26 10:38:49,021 [INFO] src.federated.client: Client classical_mlp_client_1 - Epoch 2/3 completed. Average Loss: 0.0528
2025-05-26 10:38:49,049 [INFO] src.federated.client: Client classical_mlp_client_1 - Epoch 3/3 completed. Average Loss: 0.0473
2025-05-26 10:38:49,050 [INFO] src.federated.client: Client classical_mlp_client_1: Local training finished. Processed 1071 samples.
2025-05-26 10:38:49,050 [INFO] src.federated.server: Aggregating updates from 3 clients using FedAvg.
2025-05-26 10:38:49,050 [INFO] src.federated.aggregation: FedAvg: Aggregating updates from 3 clients.
2025-05-26 10:38:49,051 [INFO] src.federated.aggregation: FedAvg: Aggregation complete.
2025-05-26 10:38:49,051 [INFO] src.federated.server: Global model updated with aggregated parameters.
2025-05-26 10:38:49,051 [INFO] src.federated.server: Evaluating updated global model...
2025-05-26 10:38:49,053 [INFO] src.federated.server: Round 5 completed in 0.11s. Eval Metrics: {'loss': 0.08188345283269882, 'accuracy': 0.956140350877193}
2025-05-26 10:38:49,053 [INFO] src.federated.server: Federated training process completed after 5 rounds.
2025-05-26 10:38:49,053 [INFO] BC_ExperimentRunner: ========== Finished BC_MLP_FedAvg_NonIID_a0.3_FullFeat ==========

2025-05-26 10:38:49,054 [INFO] BC_ExperimentRunner: ========== Starting BC_MLP_FedProx_NonIID_a0.3_FullFeat ==========
2025-05-26 10:38:49,054 [INFO] BC_ExperimentRunner: --- Setting up experiment: BC_MLP_FedProx_NonIID_a0.3_FullFeat for dataset breast_cancer ---
2025-05-26 10:38:49,054 [INFO] src.utils.data_utils: Set all random seeds to 42
2025-05-26 10:38:49,054 [INFO] BC_ExperimentRunner: Experiment 'BC_MLP_FedProx_NonIID_a0.3_FullFeat' will use tensor_dtype: torch.float32
2025-05-26 10:38:49,054 [INFO] src.utils.data_utils: Loading dataset: breast_cancer, PCA features=None, Scaling=standard, Subset size=None, Dtype=torch.float32
2025-05-26 10:38:49,054 [INFO] src.utils.data_utils: Set all random seeds to 42
2025-05-26 10:38:49,060 [INFO] src.utils.data_utils: Data preparation complete for 'breast_cancer'. Train size: 455, Test size: 114, Features: 30, Classes: 2
2025-05-26 10:38:49,063 [INFO] BC_ExperimentRunner: Successfully loaded configuration from /home/dhanraj/quantum_federated_simulator/configs/federated/server_config.yaml
2025-05-26 10:38:49,065 [INFO] BC_ExperimentRunner: Successfully loaded configuration from /home/dhanraj/quantum_federated_simulator/configs/federated/client_config.yaml
2025-05-26 10:38:49,067 [INFO] BC_ExperimentRunner: Successfully loaded configuration from /home/dhanraj/quantum_federated_simulator/configs/federated/default_aggregation.yaml
2025-05-26 10:38:49,068 [INFO] BC_ExperimentRunner: Creating model of type: classical_mlp with n_features=30, n_classes=2, initial_dtype_request=torch.float32
2025-05-26 10:38:49,068 [INFO] BC_ExperimentRunner: Model 'classical_mlp' parameters set to dtype: torch.float32
2025-05-26 10:38:49,069 [INFO] src.federated.aggregation: Creating aggregation strategy of type: fedavg
2025-05-26 10:38:49,069 [INFO] BC_ExperimentRunner: Using aggregation strategy: FedAvg (base: FedAvg)
2025-05-26 10:38:49,069 [INFO] src.federated.server: Federated server initialized on device 'cuda' with aggregation strategy: FedAvg
2025-05-26 10:38:49,069 [INFO] BC_ExperimentRunner: Creating model of type: classical_mlp with n_features=30, n_classes=2, initial_dtype_request=torch.float32
2025-05-26 10:38:49,070 [INFO] BC_ExperimentRunner: Model 'classical_mlp' parameters set to dtype: torch.float32
2025-05-26 10:38:49,070 [INFO] src.federated.client: Client classical_mlp_client_0 initialized on device 'cuda' with 11 samples.
2025-05-26 10:38:49,070 [INFO] BC_ExperimentRunner: Creating model of type: classical_mlp with n_features=30, n_classes=2, initial_dtype_request=torch.float32
2025-05-26 10:38:49,071 [INFO] BC_ExperimentRunner: Model 'classical_mlp' parameters set to dtype: torch.float32
2025-05-26 10:38:49,071 [INFO] src.federated.client: Client classical_mlp_client_1 initialized on device 'cuda' with 357 samples.
2025-05-26 10:38:49,071 [INFO] BC_ExperimentRunner: Creating model of type: classical_mlp with n_features=30, n_classes=2, initial_dtype_request=torch.float32
2025-05-26 10:38:49,072 [INFO] BC_ExperimentRunner: Model 'classical_mlp' parameters set to dtype: torch.float32
2025-05-26 10:38:49,072 [INFO] src.federated.client: Client classical_mlp_client_2 initialized on device 'cuda' with 2 samples.
2025-05-26 10:38:49,072 [INFO] BC_ExperimentRunner: Creating model of type: classical_mlp with n_features=30, n_classes=2, initial_dtype_request=torch.float32
2025-05-26 10:38:49,072 [INFO] BC_ExperimentRunner: Model 'classical_mlp' parameters set to dtype: torch.float32
2025-05-26 10:38:49,073 [INFO] src.federated.client: Client classical_mlp_client_3 initialized on device 'cuda' with 7 samples.
2025-05-26 10:38:49,073 [INFO] BC_ExperimentRunner: Creating model of type: classical_mlp with n_features=30, n_classes=2, initial_dtype_request=torch.float32
2025-05-26 10:38:49,073 [INFO] BC_ExperimentRunner: Model 'classical_mlp' parameters set to dtype: torch.float32
2025-05-26 10:38:49,074 [INFO] src.federated.client: Client classical_mlp_client_4 initialized on device 'cuda' with 78 samples.
2025-05-26 10:38:49,074 [INFO] src.federated.server: Registered client 'classical_mlp_client_0'. Total clients: 1.
2025-05-26 10:38:49,074 [INFO] src.federated.server: Registered client 'classical_mlp_client_1'. Total clients: 2.
2025-05-26 10:38:49,074 [INFO] src.federated.server: Registered client 'classical_mlp_client_2'. Total clients: 3.
2025-05-26 10:38:49,074 [INFO] src.federated.server: Registered client 'classical_mlp_client_3'. Total clients: 4.
2025-05-26 10:38:49,074 [INFO] src.federated.server: Registered client 'classical_mlp_client_4'. Total clients: 5.
2025-05-26 10:38:49,074 [INFO] BC_ExperimentRunner: --- Scenario setup complete for BC_MLP_FedProx_NonIID_a0.3_FullFeat ---
2025-05-26 10:38:49,075 [INFO] src.federated.server: Starting federated training process for 5 rounds.
2025-05-26 10:38:49,075 [INFO] src.federated.server: Config: local_epochs=3, client_fraction=0.1, min_clients=3, FedProx mu=0.01
2025-05-26 10:38:49,075 [INFO] src.federated.server: Performing initial evaluation of global model...
2025-05-26 10:38:49,077 [INFO] src.federated.server: Initial Evaluation Metrics: {'loss': 0.7107932567596436, 'accuracy': 0.40350877192982454}
2025-05-26 10:38:49,077 [INFO] src.federated.server: ===== Starting Round 1/5 =====
2025-05-26 10:38:49,077 [INFO] src.federated.server: Starting federated training round...
2025-05-26 10:38:49,077 [INFO] src.federated.server: Selected 3 clients out of 5 available (fraction=0.1, min_clients=3): ['classical_mlp_client_1', 'classical_mlp_client_4', 'classical_mlp_client_3']
2025-05-26 10:38:49,078 [INFO] src.federated.client: Client classical_mlp_client_1: Starting local training for 3 epochs. Proximal term mu=0.01.
2025-05-26 10:38:49,194 [INFO] src.federated.client: Client classical_mlp_client_1 - Epoch 1/3 completed. Average Loss: 0.6477
2025-05-26 10:38:49,252 [INFO] src.federated.client: Client classical_mlp_client_1 - Epoch 2/3 completed. Average Loss: 0.5052
2025-05-26 10:38:49,313 [INFO] src.federated.client: Client classical_mlp_client_1 - Epoch 3/3 completed. Average Loss: 0.3377
2025-05-26 10:38:49,314 [INFO] src.federated.client: Client classical_mlp_client_1: Local training finished. Processed 1071 samples.
2025-05-26 10:38:49,315 [INFO] src.federated.client: Client classical_mlp_client_4: Starting local training for 3 epochs. Proximal term mu=0.01.
2025-05-26 10:38:49,329 [INFO] src.federated.client: Client classical_mlp_client_4 - Epoch 1/3 completed. Average Loss: 0.7094
2025-05-26 10:38:49,345 [INFO] src.federated.client: Client classical_mlp_client_4 - Epoch 2/3 completed. Average Loss: 0.6599
2025-05-26 10:38:49,359 [INFO] src.federated.client: Client classical_mlp_client_4 - Epoch 3/3 completed. Average Loss: 0.6204
2025-05-26 10:38:49,360 [INFO] src.federated.client: Client classical_mlp_client_4: Local training finished. Processed 234 samples.
2025-05-26 10:38:49,361 [INFO] src.federated.client: Client classical_mlp_client_3: Starting local training for 3 epochs. Proximal term mu=0.01.
2025-05-26 10:38:49,365 [INFO] src.federated.client: Client classical_mlp_client_3 - Epoch 1/3 completed. Average Loss: 0.6567
2025-05-26 10:38:49,369 [INFO] src.federated.client: Client classical_mlp_client_3 - Epoch 2/3 completed. Average Loss: 0.6351
2025-05-26 10:38:49,375 [INFO] src.federated.client: Client classical_mlp_client_3 - Epoch 3/3 completed. Average Loss: 0.6149
2025-05-26 10:38:49,376 [INFO] src.federated.client: Client classical_mlp_client_3: Local training finished. Processed 21 samples.
2025-05-26 10:38:49,376 [INFO] src.federated.server: Aggregating updates from 3 clients using FedAvg.
2025-05-26 10:38:49,376 [INFO] src.federated.aggregation: FedAvg: Aggregating updates from 3 clients.
2025-05-26 10:38:49,377 [INFO] src.federated.aggregation: FedAvg: Aggregation complete.
2025-05-26 10:38:49,377 [INFO] src.federated.server: Global model updated with aggregated parameters.
2025-05-26 10:38:49,377 [INFO] src.federated.server: Evaluating updated global model...
2025-05-26 10:38:49,379 [INFO] src.federated.server: Round 1 completed in 0.30s. Eval Metrics: {'loss': 0.3380158543586731, 'accuracy': 0.9385964912280702}
2025-05-26 10:38:49,380 [INFO] src.federated.server: ===== Starting Round 2/5 =====
2025-05-26 10:38:49,380 [INFO] src.federated.server: Starting federated training round...
2025-05-26 10:38:49,380 [INFO] src.federated.server: Selected 3 clients out of 5 available (fraction=0.1, min_clients=3): ['classical_mlp_client_2', 'classical_mlp_client_4', 'classical_mlp_client_0']
2025-05-26 10:38:49,381 [INFO] src.federated.client: Client classical_mlp_client_2: Starting local training for 3 epochs. Proximal term mu=0.01.
2025-05-26 10:38:49,385 [INFO] src.federated.client: Client classical_mlp_client_2 - Epoch 1/3 completed. Average Loss: 0.6666
2025-05-26 10:38:49,392 [INFO] src.federated.client: Client classical_mlp_client_2 - Epoch 2/3 completed. Average Loss: 0.6441
2025-05-26 10:38:49,400 [INFO] src.federated.client: Client classical_mlp_client_2 - Epoch 3/3 completed. Average Loss: 0.6225
2025-05-26 10:38:49,401 [INFO] src.federated.client: Client classical_mlp_client_2: Local training finished. Processed 6 samples.
2025-05-26 10:38:49,403 [INFO] src.federated.client: Client classical_mlp_client_4: Starting local training for 3 epochs. Proximal term mu=0.01.
2025-05-26 10:38:49,419 [INFO] src.federated.client: Client classical_mlp_client_4 - Epoch 1/3 completed. Average Loss: 0.3671
2025-05-26 10:38:49,431 [INFO] src.federated.client: Client classical_mlp_client_4 - Epoch 2/3 completed. Average Loss: 0.3317
2025-05-26 10:38:49,447 [INFO] src.federated.client: Client classical_mlp_client_4 - Epoch 3/3 completed. Average Loss: 0.2956
2025-05-26 10:38:49,448 [INFO] src.federated.client: Client classical_mlp_client_4: Local training finished. Processed 234 samples.
2025-05-26 10:38:49,448 [INFO] src.federated.client: Client classical_mlp_client_0: Starting local training for 3 epochs. Proximal term mu=0.01.
2025-05-26 10:38:49,457 [INFO] src.federated.client: Client classical_mlp_client_0 - Epoch 1/3 completed. Average Loss: 0.3264
2025-05-26 10:38:49,461 [INFO] src.federated.client: Client classical_mlp_client_0 - Epoch 2/3 completed. Average Loss: 0.2994
2025-05-26 10:38:49,466 [INFO] src.federated.client: Client classical_mlp_client_0 - Epoch 3/3 completed. Average Loss: 0.2750
2025-05-26 10:38:49,467 [INFO] src.federated.client: Client classical_mlp_client_0: Local training finished. Processed 33 samples.
2025-05-26 10:38:49,467 [INFO] src.federated.server: Aggregating updates from 3 clients using FedAvg.
2025-05-26 10:38:49,467 [INFO] src.federated.aggregation: FedAvg: Aggregating updates from 3 clients.
2025-05-26 10:38:49,468 [INFO] src.federated.aggregation: FedAvg: Aggregation complete.
2025-05-26 10:38:49,468 [INFO] src.federated.server: Global model updated with aggregated parameters.
2025-05-26 10:38:49,468 [INFO] src.federated.server: Evaluating updated global model...
2025-05-26 10:38:49,471 [INFO] src.federated.server: Round 2 completed in 0.09s. Eval Metrics: {'loss': 0.28787994384765625, 'accuracy': 0.9210526315789473}
2025-05-26 10:38:49,471 [INFO] src.federated.server: ===== Starting Round 3/5 =====
2025-05-26 10:38:49,471 [INFO] src.federated.server: Starting federated training round...
2025-05-26 10:38:49,471 [INFO] src.federated.server: Selected 3 clients out of 5 available (fraction=0.1, min_clients=3): ['classical_mlp_client_1', 'classical_mlp_client_0', 'classical_mlp_client_2']
2025-05-26 10:38:49,472 [INFO] src.federated.client: Client classical_mlp_client_1: Starting local training for 3 epochs. Proximal term mu=0.01.
2025-05-26 10:38:49,539 [INFO] src.federated.client: Client classical_mlp_client_1 - Epoch 1/3 completed. Average Loss: 0.2082
2025-05-26 10:38:49,602 [INFO] src.federated.client: Client classical_mlp_client_1 - Epoch 2/3 completed. Average Loss: 0.1284
2025-05-26 10:38:49,664 [INFO] src.federated.client: Client classical_mlp_client_1 - Epoch 3/3 completed. Average Loss: 0.0983
2025-05-26 10:38:49,665 [INFO] src.federated.client: Client classical_mlp_client_1: Local training finished. Processed 1071 samples.
2025-05-26 10:38:49,666 [INFO] src.federated.client: Client classical_mlp_client_0: Starting local training for 3 epochs. Proximal term mu=0.01.
2025-05-26 10:38:49,671 [INFO] src.federated.client: Client classical_mlp_client_0 - Epoch 1/3 completed. Average Loss: 0.1922
2025-05-26 10:38:49,675 [INFO] src.federated.client: Client classical_mlp_client_0 - Epoch 2/3 completed. Average Loss: 0.1759
2025-05-26 10:38:49,681 [INFO] src.federated.client: Client classical_mlp_client_0 - Epoch 3/3 completed. Average Loss: 0.1613
2025-05-26 10:38:49,681 [INFO] src.federated.client: Client classical_mlp_client_0: Local training finished. Processed 33 samples.
2025-05-26 10:38:49,682 [INFO] src.federated.client: Client classical_mlp_client_2: Starting local training for 3 epochs. Proximal term mu=0.01.
2025-05-26 10:38:49,686 [INFO] src.federated.client: Client classical_mlp_client_2 - Epoch 1/3 completed. Average Loss: 0.7224
2025-05-26 10:38:49,690 [INFO] src.federated.client: Client classical_mlp_client_2 - Epoch 2/3 completed. Average Loss: 0.6985
2025-05-26 10:38:49,696 [INFO] src.federated.client: Client classical_mlp_client_2 - Epoch 3/3 completed. Average Loss: 0.6734
2025-05-26 10:38:49,696 [INFO] src.federated.client: Client classical_mlp_client_2: Local training finished. Processed 6 samples.
2025-05-26 10:38:49,697 [INFO] src.federated.server: Aggregating updates from 3 clients using FedAvg.
2025-05-26 10:38:49,697 [INFO] src.federated.aggregation: FedAvg: Aggregating updates from 3 clients.
2025-05-26 10:38:49,697 [INFO] src.federated.aggregation: FedAvg: Aggregation complete.
2025-05-26 10:38:49,698 [INFO] src.federated.server: Global model updated with aggregated parameters.
2025-05-26 10:38:49,698 [INFO] src.federated.server: Evaluating updated global model...
2025-05-26 10:38:49,700 [INFO] src.federated.server: Round 3 completed in 0.23s. Eval Metrics: {'loss': 0.11337793618440628, 'accuracy': 0.956140350877193}
2025-05-26 10:38:49,700 [INFO] src.federated.server: ===== Starting Round 4/5 =====
2025-05-26 10:38:49,700 [INFO] src.federated.server: Starting federated training round...
2025-05-26 10:38:49,700 [INFO] src.federated.server: Selected 3 clients out of 5 available (fraction=0.1, min_clients=3): ['classical_mlp_client_1', 'classical_mlp_client_3', 'classical_mlp_client_4']
2025-05-26 10:38:49,701 [INFO] src.federated.client: Client classical_mlp_client_1: Starting local training for 3 epochs. Proximal term mu=0.01.
2025-05-26 10:38:49,761 [INFO] src.federated.client: Client classical_mlp_client_1 - Epoch 1/3 completed. Average Loss: 0.0803
2025-05-26 10:38:49,819 [INFO] src.federated.client: Client classical_mlp_client_1 - Epoch 2/3 completed. Average Loss: 0.0691
2025-05-26 10:38:49,867 [INFO] src.federated.client: Client classical_mlp_client_1 - Epoch 3/3 completed. Average Loss: 0.0622
2025-05-26 10:38:49,867 [INFO] src.federated.client: Client classical_mlp_client_1: Local training finished. Processed 1071 samples.
2025-05-26 10:38:49,868 [INFO] src.federated.client: Client classical_mlp_client_3: Starting local training for 3 epochs. Proximal term mu=0.01.
2025-05-26 10:38:49,873 [INFO] src.federated.client: Client classical_mlp_client_3 - Epoch 1/3 completed. Average Loss: 0.0232
2025-05-26 10:38:49,876 [INFO] src.federated.client: Client classical_mlp_client_3 - Epoch 2/3 completed. Average Loss: 0.0190
2025-05-26 10:38:49,882 [INFO] src.federated.client: Client classical_mlp_client_3 - Epoch 3/3 completed. Average Loss: 0.0157
2025-05-26 10:38:49,882 [INFO] src.federated.client: Client classical_mlp_client_3: Local training finished. Processed 21 samples.
2025-05-26 10:38:49,883 [INFO] src.federated.client: Client classical_mlp_client_4: Starting local training for 3 epochs. Proximal term mu=0.01.
2025-05-26 10:38:49,898 [INFO] src.federated.client: Client classical_mlp_client_4 - Epoch 1/3 completed. Average Loss: 0.1790
2025-05-26 10:38:49,910 [INFO] src.federated.client: Client classical_mlp_client_4 - Epoch 2/3 completed. Average Loss: 0.1560
2025-05-26 10:38:49,919 [INFO] src.federated.client: Client classical_mlp_client_4 - Epoch 3/3 completed. Average Loss: 0.1340
2025-05-26 10:38:49,920 [INFO] src.federated.client: Client classical_mlp_client_4: Local training finished. Processed 234 samples.
2025-05-26 10:38:49,920 [INFO] src.federated.server: Aggregating updates from 3 clients using FedAvg.
2025-05-26 10:38:49,920 [INFO] src.federated.aggregation: FedAvg: Aggregating updates from 3 clients.
2025-05-26 10:38:49,920 [INFO] src.federated.aggregation: FedAvg: Aggregation complete.
2025-05-26 10:38:49,921 [INFO] src.federated.server: Global model updated with aggregated parameters.
2025-05-26 10:38:49,921 [INFO] src.federated.server: Evaluating updated global model...
2025-05-26 10:38:49,922 [INFO] src.federated.server: Round 4 completed in 0.22s. Eval Metrics: {'loss': 0.0924500972032547, 'accuracy': 0.9649122807017544}
2025-05-26 10:38:49,923 [INFO] src.federated.server: ===== Starting Round 5/5 =====
2025-05-26 10:38:49,923 [INFO] src.federated.server: Starting federated training round...
2025-05-26 10:38:49,923 [INFO] src.federated.server: Selected 3 clients out of 5 available (fraction=0.1, min_clients=3): ['classical_mlp_client_2', 'classical_mlp_client_0', 'classical_mlp_client_1']
2025-05-26 10:38:49,924 [INFO] src.federated.client: Client classical_mlp_client_2: Starting local training for 3 epochs. Proximal term mu=0.01.
2025-05-26 10:38:49,930 [INFO] src.federated.client: Client classical_mlp_client_2 - Epoch 1/3 completed. Average Loss: 0.5276
2025-05-26 10:38:49,935 [INFO] src.federated.client: Client classical_mlp_client_2 - Epoch 2/3 completed. Average Loss: 0.4741
2025-05-26 10:38:49,939 [INFO] src.federated.client: Client classical_mlp_client_2 - Epoch 3/3 completed. Average Loss: 0.4214
2025-05-26 10:38:49,939 [INFO] src.federated.client: Client classical_mlp_client_2: Local training finished. Processed 6 samples.
2025-05-26 10:38:49,940 [INFO] src.federated.client: Client classical_mlp_client_0: Starting local training for 3 epochs. Proximal term mu=0.01.
2025-05-26 10:38:49,944 [INFO] src.federated.client: Client classical_mlp_client_0 - Epoch 1/3 completed. Average Loss: 0.0682
2025-05-26 10:38:49,949 [INFO] src.federated.client: Client classical_mlp_client_0 - Epoch 2/3 completed. Average Loss: 0.0547
2025-05-26 10:38:49,953 [INFO] src.federated.client: Client classical_mlp_client_0 - Epoch 3/3 completed. Average Loss: 0.0434
2025-05-26 10:38:49,953 [INFO] src.federated.client: Client classical_mlp_client_0: Local training finished. Processed 33 samples.
2025-05-26 10:38:49,954 [INFO] src.federated.client: Client classical_mlp_client_1: Starting local training for 3 epochs. Proximal term mu=0.01.
2025-05-26 10:38:49,998 [INFO] src.federated.client: Client classical_mlp_client_1 - Epoch 1/3 completed. Average Loss: 0.0581
2025-05-26 10:38:50,043 [INFO] src.federated.client: Client classical_mlp_client_1 - Epoch 2/3 completed. Average Loss: 0.0544
2025-05-26 10:38:50,085 [INFO] src.federated.client: Client classical_mlp_client_1 - Epoch 3/3 completed. Average Loss: 0.0493
2025-05-26 10:38:50,085 [INFO] src.federated.client: Client classical_mlp_client_1: Local training finished. Processed 1071 samples.
2025-05-26 10:38:50,086 [INFO] src.federated.server: Aggregating updates from 3 clients using FedAvg.
2025-05-26 10:38:50,086 [INFO] src.federated.aggregation: FedAvg: Aggregating updates from 3 clients.
2025-05-26 10:38:50,086 [INFO] src.federated.aggregation: FedAvg: Aggregation complete.
2025-05-26 10:38:50,087 [INFO] src.federated.server: Global model updated with aggregated parameters.
2025-05-26 10:38:50,087 [INFO] src.federated.server: Evaluating updated global model...
2025-05-26 10:38:50,088 [INFO] src.federated.server: Round 5 completed in 0.17s. Eval Metrics: {'loss': 0.08309243619441986, 'accuracy': 0.956140350877193}
2025-05-26 10:38:50,088 [INFO] src.federated.server: Federated training process completed after 5 rounds.
2025-05-26 10:38:50,089 [INFO] BC_ExperimentRunner: ========== Finished BC_MLP_FedProx_NonIID_a0.3_FullFeat ==========

2025-05-26 10:38:50,089 [INFO] BC_ExperimentRunner: ========== Starting BC_MLP_FedDive_IID_FullFeat ==========
2025-05-26 10:38:50,089 [INFO] BC_ExperimentRunner: --- Setting up experiment: BC_MLP_FedDive_IID_FullFeat for dataset breast_cancer ---
2025-05-26 10:38:50,089 [INFO] src.utils.data_utils: Set all random seeds to 42
2025-05-26 10:38:50,089 [INFO] BC_ExperimentRunner: Experiment 'BC_MLP_FedDive_IID_FullFeat' will use tensor_dtype: torch.float32
2025-05-26 10:38:50,089 [INFO] src.utils.data_utils: Loading dataset: breast_cancer, PCA features=None, Scaling=standard, Subset size=None, Dtype=torch.float32
2025-05-26 10:38:50,089 [INFO] src.utils.data_utils: Set all random seeds to 42
2025-05-26 10:38:50,094 [INFO] src.utils.data_utils: Data preparation complete for 'breast_cancer'. Train size: 455, Test size: 114, Features: 30, Classes: 2
2025-05-26 10:38:50,097 [INFO] BC_ExperimentRunner: Successfully loaded configuration from /home/dhanraj/quantum_federated_simulator/configs/federated/server_config.yaml
2025-05-26 10:38:50,099 [INFO] BC_ExperimentRunner: Successfully loaded configuration from /home/dhanraj/quantum_federated_simulator/configs/federated/client_config.yaml
2025-05-26 10:38:50,101 [INFO] BC_ExperimentRunner: Successfully loaded configuration from /home/dhanraj/quantum_federated_simulator/configs/federated/default_aggregation.yaml
2025-05-26 10:38:50,101 [INFO] BC_ExperimentRunner: Creating model of type: classical_mlp with n_features=30, n_classes=2, initial_dtype_request=torch.float32
2025-05-26 10:38:50,102 [INFO] BC_ExperimentRunner: Model 'classical_mlp' parameters set to dtype: torch.float32
2025-05-26 10:38:50,102 [INFO] src.federated.aggregation: Creating aggregation strategy of type: feddive
2025-05-26 10:38:50,102 [INFO] src.federated.aggregation: FedDive parameters: momentum=0.9, epsilon=1e-08, temperature=1.0, normalize_distances=True
2025-05-26 10:38:50,102 [INFO] BC_ExperimentRunner: Using aggregation strategy: FedDive (base: FedDive)
2025-05-26 10:38:50,103 [INFO] src.federated.server: Federated server initialized on device 'cuda' with aggregation strategy: FedDive
2025-05-26 10:38:50,103 [INFO] BC_ExperimentRunner: Creating model of type: classical_mlp with n_features=30, n_classes=2, initial_dtype_request=torch.float32
2025-05-26 10:38:50,103 [INFO] BC_ExperimentRunner: Model 'classical_mlp' parameters set to dtype: torch.float32
2025-05-26 10:38:50,104 [INFO] src.federated.client: Client classical_mlp_client_0 initialized on device 'cuda' with 91 samples.
2025-05-26 10:38:50,104 [INFO] BC_ExperimentRunner: Creating model of type: classical_mlp with n_features=30, n_classes=2, initial_dtype_request=torch.float32
2025-05-26 10:38:50,104 [INFO] BC_ExperimentRunner: Model 'classical_mlp' parameters set to dtype: torch.float32
2025-05-26 10:38:50,105 [INFO] src.federated.client: Client classical_mlp_client_1 initialized on device 'cuda' with 91 samples.
2025-05-26 10:38:50,105 [INFO] BC_ExperimentRunner: Creating model of type: classical_mlp with n_features=30, n_classes=2, initial_dtype_request=torch.float32
2025-05-26 10:38:50,105 [INFO] BC_ExperimentRunner: Model 'classical_mlp' parameters set to dtype: torch.float32
2025-05-26 10:38:50,106 [INFO] src.federated.client: Client classical_mlp_client_2 initialized on device 'cuda' with 91 samples.
2025-05-26 10:38:50,106 [INFO] BC_ExperimentRunner: Creating model of type: classical_mlp with n_features=30, n_classes=2, initial_dtype_request=torch.float32
2025-05-26 10:38:50,106 [INFO] BC_ExperimentRunner: Model 'classical_mlp' parameters set to dtype: torch.float32
2025-05-26 10:38:50,107 [INFO] src.federated.client: Client classical_mlp_client_3 initialized on device 'cuda' with 91 samples.
2025-05-26 10:38:50,107 [INFO] BC_ExperimentRunner: Creating model of type: classical_mlp with n_features=30, n_classes=2, initial_dtype_request=torch.float32
2025-05-26 10:38:50,107 [INFO] BC_ExperimentRunner: Model 'classical_mlp' parameters set to dtype: torch.float32
2025-05-26 10:38:50,108 [INFO] src.federated.client: Client classical_mlp_client_4 initialized on device 'cuda' with 91 samples.
2025-05-26 10:38:50,108 [INFO] src.federated.server: Registered client 'classical_mlp_client_0'. Total clients: 1.
2025-05-26 10:38:50,108 [INFO] src.federated.server: Registered client 'classical_mlp_client_1'. Total clients: 2.
2025-05-26 10:38:50,108 [INFO] src.federated.server: Registered client 'classical_mlp_client_2'. Total clients: 3.
2025-05-26 10:38:50,108 [INFO] src.federated.server: Registered client 'classical_mlp_client_3'. Total clients: 4.
2025-05-26 10:38:50,108 [INFO] src.federated.server: Registered client 'classical_mlp_client_4'. Total clients: 5.
2025-05-26 10:38:50,108 [INFO] BC_ExperimentRunner: --- Scenario setup complete for BC_MLP_FedDive_IID_FullFeat ---
2025-05-26 10:38:50,108 [INFO] src.federated.server: Starting federated training process for 5 rounds.
2025-05-26 10:38:50,109 [INFO] src.federated.server: Config: local_epochs=3, client_fraction=0.1, min_clients=3, FedProx mu=0.0
2025-05-26 10:38:50,109 [INFO] src.federated.server: Performing initial evaluation of global model...
2025-05-26 10:38:50,110 [INFO] src.federated.server: Initial Evaluation Metrics: {'loss': 0.7119773626327515, 'accuracy': 0.3684210526315789}
2025-05-26 10:38:50,110 [INFO] src.federated.server: ===== Starting Round 1/5 =====
2025-05-26 10:38:50,110 [INFO] src.federated.server: Starting federated training round...
2025-05-26 10:38:50,111 [INFO] src.federated.server: Selected 3 clients out of 5 available (fraction=0.1, min_clients=3): ['classical_mlp_client_0', 'classical_mlp_client_4', 'classical_mlp_client_2']
2025-05-26 10:38:50,112 [INFO] src.federated.client: Client classical_mlp_client_0: Starting local training for 3 epochs. Proximal term mu=0.0.
2025-05-26 10:38:50,120 [INFO] src.federated.client: Client classical_mlp_client_0 - Epoch 1/3 completed. Average Loss: 0.7019
2025-05-26 10:38:50,127 [INFO] src.federated.client: Client classical_mlp_client_0 - Epoch 2/3 completed. Average Loss: 0.6574
2025-05-26 10:38:50,133 [INFO] src.federated.client: Client classical_mlp_client_0 - Epoch 3/3 completed. Average Loss: 0.6177
2025-05-26 10:38:50,133 [INFO] src.federated.client: Client classical_mlp_client_0: Local training finished. Processed 273 samples.
2025-05-26 10:38:50,134 [INFO] src.federated.client: Client classical_mlp_client_4: Starting local training for 3 epochs. Proximal term mu=0.0.
2025-05-26 10:38:50,140 [INFO] src.federated.client: Client classical_mlp_client_4 - Epoch 1/3 completed. Average Loss: 0.7091
2025-05-26 10:38:50,146 [INFO] src.federated.client: Client classical_mlp_client_4 - Epoch 2/3 completed. Average Loss: 0.6556
2025-05-26 10:38:50,152 [INFO] src.federated.client: Client classical_mlp_client_4 - Epoch 3/3 completed. Average Loss: 0.6103
2025-05-26 10:38:50,153 [INFO] src.federated.client: Client classical_mlp_client_4: Local training finished. Processed 273 samples.
2025-05-26 10:38:50,153 [INFO] src.federated.client: Client classical_mlp_client_2: Starting local training for 3 epochs. Proximal term mu=0.0.
2025-05-26 10:38:50,161 [INFO] src.federated.client: Client classical_mlp_client_2 - Epoch 1/3 completed. Average Loss: 0.7050
2025-05-26 10:38:50,166 [INFO] src.federated.client: Client classical_mlp_client_2 - Epoch 2/3 completed. Average Loss: 0.6537
2025-05-26 10:38:50,173 [INFO] src.federated.client: Client classical_mlp_client_2 - Epoch 3/3 completed. Average Loss: 0.6103
2025-05-26 10:38:50,173 [INFO] src.federated.client: Client classical_mlp_client_2: Local training finished. Processed 273 samples.
2025-05-26 10:38:50,174 [INFO] src.federated.server: Aggregating updates from 3 clients using FedDive.
2025-05-26 10:38:50,174 [INFO] src.federated.aggregation: FedDive: Aggregating updates from 3 clients (momentum=0.9).
2025-05-26 10:38:50,174 [INFO] src.federated.aggregation: FedDive: Initializing velocity and previous parameters.
2025-05-26 10:38:50,176 [INFO] src.federated.aggregation: FedDive: Aggregation complete.
2025-05-26 10:38:50,177 [INFO] src.federated.server: Global model updated with aggregated parameters.
2025-05-26 10:38:50,177 [INFO] src.federated.server: Evaluating updated global model...
2025-05-26 10:38:50,179 [INFO] src.federated.server: Round 1 completed in 0.07s. Eval Metrics: {'loss': 0.5971572995185852, 'accuracy': 0.8596491228070176}
2025-05-26 10:38:50,179 [INFO] src.federated.server: ===== Starting Round 2/5 =====
2025-05-26 10:38:50,179 [INFO] src.federated.server: Starting federated training round...
2025-05-26 10:38:50,179 [INFO] src.federated.server: Selected 3 clients out of 5 available (fraction=0.1, min_clients=3): ['classical_mlp_client_2', 'classical_mlp_client_1', 'classical_mlp_client_0']
2025-05-26 10:38:50,180 [INFO] src.federated.client: Client classical_mlp_client_2: Starting local training for 3 epochs. Proximal term mu=0.0.
2025-05-26 10:38:50,186 [INFO] src.federated.client: Client classical_mlp_client_2 - Epoch 1/3 completed. Average Loss: 0.5685
2025-05-26 10:38:50,194 [INFO] src.federated.client: Client classical_mlp_client_2 - Epoch 2/3 completed. Average Loss: 0.5221
2025-05-26 10:38:50,200 [INFO] src.federated.client: Client classical_mlp_client_2 - Epoch 3/3 completed. Average Loss: 0.4743
2025-05-26 10:38:50,200 [INFO] src.federated.client: Client classical_mlp_client_2: Local training finished. Processed 273 samples.
2025-05-26 10:38:50,201 [INFO] src.federated.client: Client classical_mlp_client_1: Starting local training for 3 epochs. Proximal term mu=0.0.
2025-05-26 10:38:50,207 [INFO] src.federated.client: Client classical_mlp_client_1 - Epoch 1/3 completed. Average Loss: 0.5848
2025-05-26 10:38:50,214 [INFO] src.federated.client: Client classical_mlp_client_1 - Epoch 2/3 completed. Average Loss: 0.5365
2025-05-26 10:38:50,220 [INFO] src.federated.client: Client classical_mlp_client_1 - Epoch 3/3 completed. Average Loss: 0.4899
2025-05-26 10:38:50,221 [INFO] src.federated.client: Client classical_mlp_client_1: Local training finished. Processed 273 samples.
2025-05-26 10:38:50,221 [INFO] src.federated.client: Client classical_mlp_client_0: Starting local training for 3 epochs. Proximal term mu=0.0.
2025-05-26 10:38:50,228 [INFO] src.federated.client: Client classical_mlp_client_0 - Epoch 1/3 completed. Average Loss: 0.5786
2025-05-26 10:38:50,235 [INFO] src.federated.client: Client classical_mlp_client_0 - Epoch 2/3 completed. Average Loss: 0.5364
2025-05-26 10:38:50,241 [INFO] src.federated.client: Client classical_mlp_client_0 - Epoch 3/3 completed. Average Loss: 0.4914
2025-05-26 10:38:50,242 [INFO] src.federated.client: Client classical_mlp_client_0: Local training finished. Processed 273 samples.
2025-05-26 10:38:50,242 [INFO] src.federated.server: Aggregating updates from 3 clients using FedDive.
2025-05-26 10:38:50,242 [INFO] src.federated.aggregation: FedDive: Aggregating updates from 3 clients (momentum=0.9).
2025-05-26 10:38:50,243 [INFO] src.federated.aggregation: FedDive: Aggregation complete.
2025-05-26 10:38:50,243 [INFO] src.federated.server: Global model updated with aggregated parameters.
2025-05-26 10:38:50,243 [INFO] src.federated.server: Evaluating updated global model...
2025-05-26 10:38:50,245 [INFO] src.federated.server: Round 2 completed in 0.07s. Eval Metrics: {'loss': 0.47280073165893555, 'accuracy': 0.9385964912280702}
2025-05-26 10:38:50,245 [INFO] src.federated.server: ===== Starting Round 3/5 =====
2025-05-26 10:38:50,245 [INFO] src.federated.server: Starting federated training round...
2025-05-26 10:38:50,245 [INFO] src.federated.server: Selected 3 clients out of 5 available (fraction=0.1, min_clients=3): ['classical_mlp_client_1', 'classical_mlp_client_0', 'classical_mlp_client_2']
2025-05-26 10:38:50,246 [INFO] src.federated.client: Client classical_mlp_client_1: Starting local training for 3 epochs. Proximal term mu=0.0.
2025-05-26 10:38:50,253 [INFO] src.federated.client: Client classical_mlp_client_1 - Epoch 1/3 completed. Average Loss: 0.4466
2025-05-26 10:38:50,259 [INFO] src.federated.client: Client classical_mlp_client_1 - Epoch 2/3 completed. Average Loss: 0.3979
2025-05-26 10:38:50,265 [INFO] src.federated.client: Client classical_mlp_client_1 - Epoch 3/3 completed. Average Loss: 0.3495
2025-05-26 10:38:50,266 [INFO] src.federated.client: Client classical_mlp_client_1: Local training finished. Processed 273 samples.
2025-05-26 10:38:50,266 [INFO] src.federated.client: Client classical_mlp_client_0: Starting local training for 3 epochs. Proximal term mu=0.0.
2025-05-26 10:38:50,272 [INFO] src.federated.client: Client classical_mlp_client_0 - Epoch 1/3 completed. Average Loss: 0.4463
2025-05-26 10:38:50,279 [INFO] src.federated.client: Client classical_mlp_client_0 - Epoch 2/3 completed. Average Loss: 0.3978
2025-05-26 10:38:50,285 [INFO] src.federated.client: Client classical_mlp_client_0 - Epoch 3/3 completed. Average Loss: 0.3504
2025-05-26 10:38:50,286 [INFO] src.federated.client: Client classical_mlp_client_0: Local training finished. Processed 273 samples.
2025-05-26 10:38:50,287 [INFO] src.federated.client: Client classical_mlp_client_2: Starting local training for 3 epochs. Proximal term mu=0.0.
2025-05-26 10:38:50,294 [INFO] src.federated.client: Client classical_mlp_client_2 - Epoch 1/3 completed. Average Loss: 0.4221
2025-05-26 10:38:50,302 [INFO] src.federated.client: Client classical_mlp_client_2 - Epoch 2/3 completed. Average Loss: 0.3700
2025-05-26 10:38:50,309 [INFO] src.federated.client: Client classical_mlp_client_2 - Epoch 3/3 completed. Average Loss: 0.3200
2025-05-26 10:38:50,309 [INFO] src.federated.client: Client classical_mlp_client_2: Local training finished. Processed 273 samples.
2025-05-26 10:38:50,309 [INFO] src.federated.server: Aggregating updates from 3 clients using FedDive.
2025-05-26 10:38:50,309 [INFO] src.federated.aggregation: FedDive: Aggregating updates from 3 clients (momentum=0.9).
2025-05-26 10:38:50,310 [INFO] src.federated.aggregation: FedDive: Aggregation complete.
2025-05-26 10:38:50,311 [INFO] src.federated.server: Global model updated with aggregated parameters.
2025-05-26 10:38:50,311 [INFO] src.federated.server: Evaluating updated global model...
2025-05-26 10:38:50,313 [INFO] src.federated.server: Round 3 completed in 0.07s. Eval Metrics: {'loss': 0.3371048867702484, 'accuracy': 0.9473684210526315}
2025-05-26 10:38:50,313 [INFO] src.federated.server: ===== Starting Round 4/5 =====
2025-05-26 10:38:50,313 [INFO] src.federated.server: Starting federated training round...
2025-05-26 10:38:50,313 [INFO] src.federated.server: Selected 3 clients out of 5 available (fraction=0.1, min_clients=3): ['classical_mlp_client_4', 'classical_mlp_client_0', 'classical_mlp_client_2']
2025-05-26 10:38:50,314 [INFO] src.federated.client: Client classical_mlp_client_4: Starting local training for 3 epochs. Proximal term mu=0.0.
2025-05-26 10:38:50,320 [INFO] src.federated.client: Client classical_mlp_client_4 - Epoch 1/3 completed. Average Loss: 0.2796
2025-05-26 10:38:50,327 [INFO] src.federated.client: Client classical_mlp_client_4 - Epoch 2/3 completed. Average Loss: 0.2381
2025-05-26 10:38:50,333 [INFO] src.federated.client: Client classical_mlp_client_4 - Epoch 3/3 completed. Average Loss: 0.1997
2025-05-26 10:38:50,334 [INFO] src.federated.client: Client classical_mlp_client_4: Local training finished. Processed 273 samples.
2025-05-26 10:38:50,334 [INFO] src.federated.client: Client classical_mlp_client_0: Starting local training for 3 epochs. Proximal term mu=0.0.
2025-05-26 10:38:50,342 [INFO] src.federated.client: Client classical_mlp_client_0 - Epoch 1/3 completed. Average Loss: 0.3068
2025-05-26 10:38:50,349 [INFO] src.federated.client: Client classical_mlp_client_0 - Epoch 2/3 completed. Average Loss: 0.2645
2025-05-26 10:38:50,356 [INFO] src.federated.client: Client classical_mlp_client_0 - Epoch 3/3 completed. Average Loss: 0.2277
2025-05-26 10:38:50,357 [INFO] src.federated.client: Client classical_mlp_client_0: Local training finished. Processed 273 samples.
2025-05-26 10:38:50,357 [INFO] src.federated.client: Client classical_mlp_client_2: Starting local training for 3 epochs. Proximal term mu=0.0.
2025-05-26 10:38:50,365 [INFO] src.federated.client: Client classical_mlp_client_2 - Epoch 1/3 completed. Average Loss: 0.2742
2025-05-26 10:38:50,373 [INFO] src.federated.client: Client classical_mlp_client_2 - Epoch 2/3 completed. Average Loss: 0.2302
2025-05-26 10:38:50,382 [INFO] src.federated.client: Client classical_mlp_client_2 - Epoch 3/3 completed. Average Loss: 0.1936
2025-05-26 10:38:50,382 [INFO] src.federated.client: Client classical_mlp_client_2: Local training finished. Processed 273 samples.
2025-05-26 10:38:50,382 [INFO] src.federated.server: Aggregating updates from 3 clients using FedDive.
2025-05-26 10:38:50,383 [INFO] src.federated.aggregation: FedDive: Aggregating updates from 3 clients (momentum=0.9).
2025-05-26 10:38:50,384 [INFO] src.federated.aggregation: FedDive: Aggregation complete.
2025-05-26 10:38:50,384 [INFO] src.federated.server: Global model updated with aggregated parameters.
2025-05-26 10:38:50,384 [INFO] src.federated.server: Evaluating updated global model...
2025-05-26 10:38:50,386 [INFO] src.federated.server: Round 4 completed in 0.07s. Eval Metrics: {'loss': 0.22923533618450165, 'accuracy': 0.956140350877193}
2025-05-26 10:38:50,386 [INFO] src.federated.server: ===== Starting Round 5/5 =====
2025-05-26 10:38:50,386 [INFO] src.federated.server: Starting federated training round...
2025-05-26 10:38:50,386 [INFO] src.federated.server: Selected 3 clients out of 5 available (fraction=0.1, min_clients=3): ['classical_mlp_client_3', 'classical_mlp_client_0', 'classical_mlp_client_4']
2025-05-26 10:38:50,387 [INFO] src.federated.client: Client classical_mlp_client_3: Starting local training for 3 epochs. Proximal term mu=0.0.
2025-05-26 10:38:50,395 [INFO] src.federated.client: Client classical_mlp_client_3 - Epoch 1/3 completed. Average Loss: 0.2414
2025-05-26 10:38:50,403 [INFO] src.federated.client: Client classical_mlp_client_3 - Epoch 2/3 completed. Average Loss: 0.2099
2025-05-26 10:38:50,410 [INFO] src.federated.client: Client classical_mlp_client_3 - Epoch 3/3 completed. Average Loss: 0.1876
2025-05-26 10:38:50,410 [INFO] src.federated.client: Client classical_mlp_client_3: Local training finished. Processed 273 samples.
2025-05-26 10:38:50,411 [INFO] src.federated.client: Client classical_mlp_client_0: Starting local training for 3 epochs. Proximal term mu=0.0.
2025-05-26 10:38:50,420 [INFO] src.federated.client: Client classical_mlp_client_0 - Epoch 1/3 completed. Average Loss: 0.1990
2025-05-26 10:38:50,428 [INFO] src.federated.client: Client classical_mlp_client_0 - Epoch 2/3 completed. Average Loss: 0.1722
2025-05-26 10:38:50,436 [INFO] src.federated.client: Client classical_mlp_client_0 - Epoch 3/3 completed. Average Loss: 0.1490
2025-05-26 10:38:50,437 [INFO] src.federated.client: Client classical_mlp_client_0: Local training finished. Processed 273 samples.
2025-05-26 10:38:50,437 [INFO] src.federated.client: Client classical_mlp_client_4: Starting local training for 3 epochs. Proximal term mu=0.0.
2025-05-26 10:38:50,446 [INFO] src.federated.client: Client classical_mlp_client_4 - Epoch 1/3 completed. Average Loss: 0.1605
2025-05-26 10:38:50,454 [INFO] src.federated.client: Client classical_mlp_client_4 - Epoch 2/3 completed. Average Loss: 0.1323
2025-05-26 10:38:50,460 [INFO] src.federated.client: Client classical_mlp_client_4 - Epoch 3/3 completed. Average Loss: 0.1074
2025-05-26 10:38:50,460 [INFO] src.federated.client: Client classical_mlp_client_4: Local training finished. Processed 273 samples.
2025-05-26 10:38:50,460 [INFO] src.federated.server: Aggregating updates from 3 clients using FedDive.
2025-05-26 10:38:50,460 [INFO] src.federated.aggregation: FedDive: Aggregating updates from 3 clients (momentum=0.9).
2025-05-26 10:38:50,461 [INFO] src.federated.aggregation: FedDive: Aggregation complete.
2025-05-26 10:38:50,462 [INFO] src.federated.server: Global model updated with aggregated parameters.
2025-05-26 10:38:50,462 [INFO] src.federated.server: Evaluating updated global model...
2025-05-26 10:38:50,464 [INFO] src.federated.server: Round 5 completed in 0.08s. Eval Metrics: {'loss': 0.16557800769805908, 'accuracy': 0.956140350877193}
2025-05-26 10:38:50,464 [INFO] src.federated.server: Federated training process completed after 5 rounds.
2025-05-26 10:38:50,464 [INFO] BC_ExperimentRunner: ========== Finished BC_MLP_FedDive_IID_FullFeat ==========

2025-05-26 10:38:50,464 [INFO] BC_ExperimentRunner: ========== Starting BC_MLP_FedDive_NonIID_a0.3_FullFeat ==========
2025-05-26 10:38:50,464 [INFO] BC_ExperimentRunner: --- Setting up experiment: BC_MLP_FedDive_NonIID_a0.3_FullFeat for dataset breast_cancer ---
2025-05-26 10:38:50,465 [INFO] src.utils.data_utils: Set all random seeds to 42
2025-05-26 10:38:50,465 [INFO] BC_ExperimentRunner: Experiment 'BC_MLP_FedDive_NonIID_a0.3_FullFeat' will use tensor_dtype: torch.float32
2025-05-26 10:38:50,465 [INFO] src.utils.data_utils: Loading dataset: breast_cancer, PCA features=None, Scaling=standard, Subset size=None, Dtype=torch.float32
2025-05-26 10:38:50,465 [INFO] src.utils.data_utils: Set all random seeds to 42
2025-05-26 10:38:50,470 [INFO] src.utils.data_utils: Data preparation complete for 'breast_cancer'. Train size: 455, Test size: 114, Features: 30, Classes: 2
2025-05-26 10:38:50,473 [INFO] BC_ExperimentRunner: Successfully loaded configuration from /home/dhanraj/quantum_federated_simulator/configs/federated/server_config.yaml
2025-05-26 10:38:50,475 [INFO] BC_ExperimentRunner: Successfully loaded configuration from /home/dhanraj/quantum_federated_simulator/configs/federated/client_config.yaml
2025-05-26 10:38:50,477 [INFO] BC_ExperimentRunner: Successfully loaded configuration from /home/dhanraj/quantum_federated_simulator/configs/federated/default_aggregation.yaml
2025-05-26 10:38:50,478 [INFO] BC_ExperimentRunner: Creating model of type: classical_mlp with n_features=30, n_classes=2, initial_dtype_request=torch.float32
2025-05-26 10:38:50,478 [INFO] BC_ExperimentRunner: Model 'classical_mlp' parameters set to dtype: torch.float32
2025-05-26 10:38:50,478 [INFO] src.federated.aggregation: Creating aggregation strategy of type: feddive
2025-05-26 10:38:50,479 [INFO] src.federated.aggregation: FedDive parameters: momentum=0.9, epsilon=1e-08, temperature=1.0, normalize_distances=True
2025-05-26 10:38:50,479 [INFO] BC_ExperimentRunner: Using aggregation strategy: FedDive (base: FedDive)
2025-05-26 10:38:50,479 [INFO] src.federated.server: Federated server initialized on device 'cuda' with aggregation strategy: FedDive
2025-05-26 10:38:50,479 [INFO] BC_ExperimentRunner: Creating model of type: classical_mlp with n_features=30, n_classes=2, initial_dtype_request=torch.float32
2025-05-26 10:38:50,480 [INFO] BC_ExperimentRunner: Model 'classical_mlp' parameters set to dtype: torch.float32
2025-05-26 10:38:50,480 [INFO] src.federated.client: Client classical_mlp_client_0 initialized on device 'cuda' with 11 samples.
2025-05-26 10:38:50,480 [INFO] BC_ExperimentRunner: Creating model of type: classical_mlp with n_features=30, n_classes=2, initial_dtype_request=torch.float32
2025-05-26 10:38:50,481 [INFO] BC_ExperimentRunner: Model 'classical_mlp' parameters set to dtype: torch.float32
2025-05-26 10:38:50,481 [INFO] src.federated.client: Client classical_mlp_client_1 initialized on device 'cuda' with 357 samples.
2025-05-26 10:38:50,481 [INFO] BC_ExperimentRunner: Creating model of type: classical_mlp with n_features=30, n_classes=2, initial_dtype_request=torch.float32
2025-05-26 10:38:50,482 [INFO] BC_ExperimentRunner: Model 'classical_mlp' parameters set to dtype: torch.float32
2025-05-26 10:38:50,482 [INFO] src.federated.client: Client classical_mlp_client_2 initialized on device 'cuda' with 2 samples.
2025-05-26 10:38:50,482 [INFO] BC_ExperimentRunner: Creating model of type: classical_mlp with n_features=30, n_classes=2, initial_dtype_request=torch.float32
2025-05-26 10:38:50,483 [INFO] BC_ExperimentRunner: Model 'classical_mlp' parameters set to dtype: torch.float32
2025-05-26 10:38:50,483 [INFO] src.federated.client: Client classical_mlp_client_3 initialized on device 'cuda' with 7 samples.
2025-05-26 10:38:50,483 [INFO] BC_ExperimentRunner: Creating model of type: classical_mlp with n_features=30, n_classes=2, initial_dtype_request=torch.float32
2025-05-26 10:38:50,483 [INFO] BC_ExperimentRunner: Model 'classical_mlp' parameters set to dtype: torch.float32
2025-05-26 10:38:50,484 [INFO] src.federated.client: Client classical_mlp_client_4 initialized on device 'cuda' with 78 samples.
2025-05-26 10:38:50,484 [INFO] src.federated.server: Registered client 'classical_mlp_client_0'. Total clients: 1.
2025-05-26 10:38:50,484 [INFO] src.federated.server: Registered client 'classical_mlp_client_1'. Total clients: 2.
2025-05-26 10:38:50,484 [INFO] src.federated.server: Registered client 'classical_mlp_client_2'. Total clients: 3.
2025-05-26 10:38:50,484 [INFO] src.federated.server: Registered client 'classical_mlp_client_3'. Total clients: 4.
2025-05-26 10:38:50,484 [INFO] src.federated.server: Registered client 'classical_mlp_client_4'. Total clients: 5.
2025-05-26 10:38:50,485 [INFO] BC_ExperimentRunner: --- Scenario setup complete for BC_MLP_FedDive_NonIID_a0.3_FullFeat ---
2025-05-26 10:38:50,485 [INFO] src.federated.server: Starting federated training process for 5 rounds.
2025-05-26 10:38:50,485 [INFO] src.federated.server: Config: local_epochs=3, client_fraction=0.1, min_clients=3, FedProx mu=0.0
2025-05-26 10:38:50,485 [INFO] src.federated.server: Performing initial evaluation of global model...
2025-05-26 10:38:50,487 [INFO] src.federated.server: Initial Evaluation Metrics: {'loss': 0.7107932567596436, 'accuracy': 0.40350877192982454}
2025-05-26 10:38:50,487 [INFO] src.federated.server: ===== Starting Round 1/5 =====
2025-05-26 10:38:50,487 [INFO] src.federated.server: Starting federated training round...
2025-05-26 10:38:50,487 [INFO] src.federated.server: Selected 3 clients out of 5 available (fraction=0.1, min_clients=3): ['classical_mlp_client_1', 'classical_mlp_client_4', 'classical_mlp_client_3']
2025-05-26 10:38:50,488 [INFO] src.federated.client: Client classical_mlp_client_1: Starting local training for 3 epochs. Proximal term mu=0.0.
2025-05-26 10:38:50,511 [INFO] src.federated.client: Client classical_mlp_client_1 - Epoch 1/3 completed. Average Loss: 0.6472
2025-05-26 10:38:50,533 [INFO] src.federated.client: Client classical_mlp_client_1 - Epoch 2/3 completed. Average Loss: 0.5018
2025-05-26 10:38:50,557 [INFO] src.federated.client: Client classical_mlp_client_1 - Epoch 3/3 completed. Average Loss: 0.3288
2025-05-26 10:38:50,557 [INFO] src.federated.client: Client classical_mlp_client_1: Local training finished. Processed 1071 samples.
2025-05-26 10:38:50,558 [INFO] src.federated.client: Client classical_mlp_client_4: Starting local training for 3 epochs. Proximal term mu=0.0.
2025-05-26 10:38:50,563 [INFO] src.federated.client: Client classical_mlp_client_4 - Epoch 1/3 completed. Average Loss: 0.7094
2025-05-26 10:38:50,570 [INFO] src.federated.client: Client classical_mlp_client_4 - Epoch 2/3 completed. Average Loss: 0.6597
2025-05-26 10:38:50,576 [INFO] src.federated.client: Client classical_mlp_client_4 - Epoch 3/3 completed. Average Loss: 0.6198
2025-05-26 10:38:50,577 [INFO] src.federated.client: Client classical_mlp_client_4: Local training finished. Processed 234 samples.
2025-05-26 10:38:50,577 [INFO] src.federated.client: Client classical_mlp_client_3: Starting local training for 3 epochs. Proximal term mu=0.0.
2025-05-26 10:38:50,580 [INFO] src.federated.client: Client classical_mlp_client_3 - Epoch 1/3 completed. Average Loss: 0.6567
2025-05-26 10:38:50,582 [INFO] src.federated.client: Client classical_mlp_client_3 - Epoch 2/3 completed. Average Loss: 0.6351
2025-05-26 10:38:50,584 [INFO] src.federated.client: Client classical_mlp_client_3 - Epoch 3/3 completed. Average Loss: 0.6149
2025-05-26 10:38:50,585 [INFO] src.federated.client: Client classical_mlp_client_3: Local training finished. Processed 21 samples.
2025-05-26 10:38:50,585 [INFO] src.federated.server: Aggregating updates from 3 clients using FedDive.
2025-05-26 10:38:50,585 [INFO] src.federated.aggregation: FedDive: Aggregating updates from 3 clients (momentum=0.9).
2025-05-26 10:38:50,585 [INFO] src.federated.aggregation: FedDive: Initializing velocity and previous parameters.
2025-05-26 10:38:50,586 [INFO] src.federated.aggregation: FedDive: Aggregation complete.
2025-05-26 10:38:50,587 [INFO] src.federated.server: Global model updated with aggregated parameters.
2025-05-26 10:38:50,587 [INFO] src.federated.server: Evaluating updated global model...
2025-05-26 10:38:50,588 [INFO] src.federated.server: Round 1 completed in 0.10s. Eval Metrics: {'loss': 0.33950769901275635, 'accuracy': 0.9385964912280702}
2025-05-26 10:38:50,588 [INFO] src.federated.server: ===== Starting Round 2/5 =====
2025-05-26 10:38:50,588 [INFO] src.federated.server: Starting federated training round...
2025-05-26 10:38:50,589 [INFO] src.federated.server: Selected 3 clients out of 5 available (fraction=0.1, min_clients=3): ['classical_mlp_client_2', 'classical_mlp_client_4', 'classical_mlp_client_0']
2025-05-26 10:38:50,589 [INFO] src.federated.client: Client classical_mlp_client_2: Starting local training for 3 epochs. Proximal term mu=0.0.
2025-05-26 10:38:50,592 [INFO] src.federated.client: Client classical_mlp_client_2 - Epoch 1/3 completed. Average Loss: 0.6618
2025-05-26 10:38:50,595 [INFO] src.federated.client: Client classical_mlp_client_2 - Epoch 2/3 completed. Average Loss: 0.6395
2025-05-26 10:38:50,597 [INFO] src.federated.client: Client classical_mlp_client_2 - Epoch 3/3 completed. Average Loss: 0.6180
2025-05-26 10:38:50,597 [INFO] src.federated.client: Client classical_mlp_client_2: Local training finished. Processed 6 samples.
2025-05-26 10:38:50,598 [INFO] src.federated.client: Client classical_mlp_client_4: Starting local training for 3 epochs. Proximal term mu=0.0.
2025-05-26 10:38:50,605 [INFO] src.federated.client: Client classical_mlp_client_4 - Epoch 1/3 completed. Average Loss: 0.3739
2025-05-26 10:38:50,611 [INFO] src.federated.client: Client classical_mlp_client_4 - Epoch 2/3 completed. Average Loss: 0.3373
2025-05-26 10:38:50,617 [INFO] src.federated.client: Client classical_mlp_client_4 - Epoch 3/3 completed. Average Loss: 0.3001
2025-05-26 10:38:50,618 [INFO] src.federated.client: Client classical_mlp_client_4: Local training finished. Processed 234 samples.
2025-05-26 10:38:50,618 [INFO] src.federated.client: Client classical_mlp_client_0: Starting local training for 3 epochs. Proximal term mu=0.0.
2025-05-26 10:38:50,621 [INFO] src.federated.client: Client classical_mlp_client_0 - Epoch 1/3 completed. Average Loss: 0.3387
2025-05-26 10:38:50,624 [INFO] src.federated.client: Client classical_mlp_client_0 - Epoch 2/3 completed. Average Loss: 0.3106
2025-05-26 10:38:50,626 [INFO] src.federated.client: Client classical_mlp_client_0 - Epoch 3/3 completed. Average Loss: 0.2853
2025-05-26 10:38:50,627 [INFO] src.federated.client: Client classical_mlp_client_0: Local training finished. Processed 33 samples.
2025-05-26 10:38:50,627 [INFO] src.federated.server: Aggregating updates from 3 clients using FedDive.
2025-05-26 10:38:50,627 [INFO] src.federated.aggregation: FedDive: Aggregating updates from 3 clients (momentum=0.9).
2025-05-26 10:38:50,628 [INFO] src.federated.aggregation: FedDive: Aggregation complete.
2025-05-26 10:38:50,628 [INFO] src.federated.server: Global model updated with aggregated parameters.
2025-05-26 10:38:50,628 [INFO] src.federated.server: Evaluating updated global model...
2025-05-26 10:38:50,630 [INFO] src.federated.server: Round 2 completed in 0.04s. Eval Metrics: {'loss': 0.29483333230018616, 'accuracy': 0.9210526315789473}
2025-05-26 10:38:50,630 [INFO] src.federated.server: ===== Starting Round 3/5 =====
2025-05-26 10:38:50,630 [INFO] src.federated.server: Starting federated training round...
2025-05-26 10:38:50,630 [INFO] src.federated.server: Selected 3 clients out of 5 available (fraction=0.1, min_clients=3): ['classical_mlp_client_1', 'classical_mlp_client_0', 'classical_mlp_client_2']
2025-05-26 10:38:50,631 [INFO] src.federated.client: Client classical_mlp_client_1: Starting local training for 3 epochs. Proximal term mu=0.0.
2025-05-26 10:38:50,656 [INFO] src.federated.client: Client classical_mlp_client_1 - Epoch 1/3 completed. Average Loss: 0.2129
2025-05-26 10:38:50,684 [INFO] src.federated.client: Client classical_mlp_client_1 - Epoch 2/3 completed. Average Loss: 0.1282
2025-05-26 10:38:50,711 [INFO] src.federated.client: Client classical_mlp_client_1 - Epoch 3/3 completed. Average Loss: 0.0938
2025-05-26 10:38:50,711 [INFO] src.federated.client: Client classical_mlp_client_1: Local training finished. Processed 1071 samples.
2025-05-26 10:38:50,712 [INFO] src.federated.client: Client classical_mlp_client_0: Starting local training for 3 epochs. Proximal term mu=0.0.
2025-05-26 10:38:50,715 [INFO] src.federated.client: Client classical_mlp_client_0 - Epoch 1/3 completed. Average Loss: 0.2097
2025-05-26 10:38:50,716 [INFO] src.federated.client: Client classical_mlp_client_0 - Epoch 2/3 completed. Average Loss: 0.1919
2025-05-26 10:38:50,719 [INFO] src.federated.client: Client classical_mlp_client_0 - Epoch 3/3 completed. Average Loss: 0.1761
2025-05-26 10:38:50,719 [INFO] src.federated.client: Client classical_mlp_client_0: Local training finished. Processed 33 samples.
2025-05-26 10:38:50,720 [INFO] src.federated.client: Client classical_mlp_client_2: Starting local training for 3 epochs. Proximal term mu=0.0.
2025-05-26 10:38:50,722 [INFO] src.federated.client: Client classical_mlp_client_2 - Epoch 1/3 completed. Average Loss: 0.7098
2025-05-26 10:38:50,725 [INFO] src.federated.client: Client classical_mlp_client_2 - Epoch 2/3 completed. Average Loss: 0.6856
2025-05-26 10:38:50,727 [INFO] src.federated.client: Client classical_mlp_client_2 - Epoch 3/3 completed. Average Loss: 0.6612
2025-05-26 10:38:50,727 [INFO] src.federated.client: Client classical_mlp_client_2: Local training finished. Processed 6 samples.
2025-05-26 10:38:50,728 [INFO] src.federated.server: Aggregating updates from 3 clients using FedDive.
2025-05-26 10:38:50,728 [INFO] src.federated.aggregation: FedDive: Aggregating updates from 3 clients (momentum=0.9).
2025-05-26 10:38:50,729 [INFO] src.federated.aggregation: FedDive: Aggregation complete.
2025-05-26 10:38:50,729 [INFO] src.federated.server: Global model updated with aggregated parameters.
2025-05-26 10:38:50,729 [INFO] src.federated.server: Evaluating updated global model...
2025-05-26 10:38:50,731 [INFO] src.federated.server: Round 3 completed in 0.10s. Eval Metrics: {'loss': 0.12787452340126038, 'accuracy': 0.956140350877193}
2025-05-26 10:38:50,731 [INFO] src.federated.server: ===== Starting Round 4/5 =====
2025-05-26 10:38:50,731 [INFO] src.federated.server: Starting federated training round...
2025-05-26 10:38:50,731 [INFO] src.federated.server: Selected 3 clients out of 5 available (fraction=0.1, min_clients=3): ['classical_mlp_client_1', 'classical_mlp_client_3', 'classical_mlp_client_4']
2025-05-26 10:38:50,732 [INFO] src.federated.client: Client classical_mlp_client_1: Starting local training for 3 epochs. Proximal term mu=0.0.
2025-05-26 10:38:50,759 [INFO] src.federated.client: Client classical_mlp_client_1 - Epoch 1/3 completed. Average Loss: 0.0909
2025-05-26 10:38:50,786 [INFO] src.federated.client: Client classical_mlp_client_1 - Epoch 2/3 completed. Average Loss: 0.0746
2025-05-26 10:38:50,811 [INFO] src.federated.client: Client classical_mlp_client_1 - Epoch 3/3 completed. Average Loss: 0.0646
2025-05-26 10:38:50,811 [INFO] src.federated.client: Client classical_mlp_client_1: Local training finished. Processed 1071 samples.
2025-05-26 10:38:50,812 [INFO] src.federated.client: Client classical_mlp_client_3: Starting local training for 3 epochs. Proximal term mu=0.0.
2025-05-26 10:38:50,814 [INFO] src.federated.client: Client classical_mlp_client_3 - Epoch 1/3 completed. Average Loss: 0.0430
2025-05-26 10:38:50,817 [INFO] src.federated.client: Client classical_mlp_client_3 - Epoch 2/3 completed. Average Loss: 0.0354
2025-05-26 10:38:50,819 [INFO] src.federated.client: Client classical_mlp_client_3 - Epoch 3/3 completed. Average Loss: 0.0290
2025-05-26 10:38:50,820 [INFO] src.federated.client: Client classical_mlp_client_3: Local training finished. Processed 21 samples.
2025-05-26 10:38:50,820 [INFO] src.federated.client: Client classical_mlp_client_4: Starting local training for 3 epochs. Proximal term mu=0.0.
2025-05-26 10:38:50,827 [INFO] src.federated.client: Client classical_mlp_client_4 - Epoch 1/3 completed. Average Loss: 0.1803
2025-05-26 10:38:50,834 [INFO] src.federated.client: Client classical_mlp_client_4 - Epoch 2/3 completed. Average Loss: 0.1572
2025-05-26 10:38:50,843 [INFO] src.federated.client: Client classical_mlp_client_4 - Epoch 3/3 completed. Average Loss: 0.1356
2025-05-26 10:38:50,843 [INFO] src.federated.client: Client classical_mlp_client_4: Local training finished. Processed 234 samples.
2025-05-26 10:38:50,843 [INFO] src.federated.server: Aggregating updates from 3 clients using FedDive.
2025-05-26 10:38:50,843 [INFO] src.federated.aggregation: FedDive: Aggregating updates from 3 clients (momentum=0.9).
2025-05-26 10:38:50,844 [INFO] src.federated.aggregation: FedDive: Aggregation complete.
2025-05-26 10:38:50,845 [INFO] src.federated.server: Global model updated with aggregated parameters.
2025-05-26 10:38:50,845 [INFO] src.federated.server: Evaluating updated global model...
2025-05-26 10:38:50,847 [INFO] src.federated.server: Round 4 completed in 0.12s. Eval Metrics: {'loss': 0.09547439217567444, 'accuracy': 0.9649122807017544}
2025-05-26 10:38:50,847 [INFO] src.federated.server: ===== Starting Round 5/5 =====
2025-05-26 10:38:50,847 [INFO] src.federated.server: Starting federated training round...
2025-05-26 10:38:50,847 [INFO] src.federated.server: Selected 3 clients out of 5 available (fraction=0.1, min_clients=3): ['classical_mlp_client_2', 'classical_mlp_client_0', 'classical_mlp_client_1']
2025-05-26 10:38:50,848 [INFO] src.federated.client: Client classical_mlp_client_2: Starting local training for 3 epochs. Proximal term mu=0.0.
2025-05-26 10:38:50,850 [INFO] src.federated.client: Client classical_mlp_client_2 - Epoch 1/3 completed. Average Loss: 0.5212
2025-05-26 10:38:50,853 [INFO] src.federated.client: Client classical_mlp_client_2 - Epoch 2/3 completed. Average Loss: 0.4685
2025-05-26 10:38:50,856 [INFO] src.federated.client: Client classical_mlp_client_2 - Epoch 3/3 completed. Average Loss: 0.4172
2025-05-26 10:38:50,856 [INFO] src.federated.client: Client classical_mlp_client_2: Local training finished. Processed 6 samples.
2025-05-26 10:38:50,857 [INFO] src.federated.client: Client classical_mlp_client_0: Starting local training for 3 epochs. Proximal term mu=0.0.
2025-05-26 10:38:50,859 [INFO] src.federated.client: Client classical_mlp_client_0 - Epoch 1/3 completed. Average Loss: 0.0737
2025-05-26 10:38:50,862 [INFO] src.federated.client: Client classical_mlp_client_0 - Epoch 2/3 completed. Average Loss: 0.0595
2025-05-26 10:38:50,864 [INFO] src.federated.client: Client classical_mlp_client_0 - Epoch 3/3 completed. Average Loss: 0.0476
2025-05-26 10:38:50,865 [INFO] src.federated.client: Client classical_mlp_client_0: Local training finished. Processed 33 samples.
2025-05-26 10:38:50,865 [INFO] src.federated.client: Client classical_mlp_client_1: Starting local training for 3 epochs. Proximal term mu=0.0.
2025-05-26 10:38:50,892 [INFO] src.federated.client: Client classical_mlp_client_1 - Epoch 1/3 completed. Average Loss: 0.0611
2025-05-26 10:38:50,915 [INFO] src.federated.client: Client classical_mlp_client_1 - Epoch 2/3 completed. Average Loss: 0.0560
2025-05-26 10:38:50,943 [INFO] src.federated.client: Client classical_mlp_client_1 - Epoch 3/3 completed. Average Loss: 0.0498
2025-05-26 10:38:50,943 [INFO] src.federated.client: Client classical_mlp_client_1: Local training finished. Processed 1071 samples.
2025-05-26 10:38:50,944 [INFO] src.federated.server: Aggregating updates from 3 clients using FedDive.
2025-05-26 10:38:50,944 [INFO] src.federated.aggregation: FedDive: Aggregating updates from 3 clients (momentum=0.9).
2025-05-26 10:38:50,945 [INFO] src.federated.aggregation: FedDive: Aggregation complete.
2025-05-26 10:38:50,945 [INFO] src.federated.server: Global model updated with aggregated parameters.
2025-05-26 10:38:50,945 [INFO] src.federated.server: Evaluating updated global model...
2025-05-26 10:38:50,947 [INFO] src.federated.server: Round 5 completed in 0.10s. Eval Metrics: {'loss': 0.08516411483287811, 'accuracy': 0.956140350877193}
2025-05-26 10:38:50,947 [INFO] src.federated.server: Federated training process completed after 5 rounds.
2025-05-26 10:38:50,948 [INFO] BC_ExperimentRunner: ========== Finished BC_MLP_FedDive_NonIID_a0.3_FullFeat ==========

2025-05-26 10:38:50,948 [INFO] BC_ExperimentRunner: ========== Starting BC_VQC_FedAvg_IID_PCA4_L2_Basic ==========
2025-05-26 10:38:50,948 [INFO] BC_ExperimentRunner: --- Setting up experiment: BC_VQC_FedAvg_IID_PCA4_L2_Basic for dataset breast_cancer ---
2025-05-26 10:38:50,948 [INFO] src.utils.data_utils: Set all random seeds to 42
2025-05-26 10:38:50,948 [INFO] BC_ExperimentRunner: Experiment 'BC_VQC_FedAvg_IID_PCA4_L2_Basic' will use tensor_dtype: torch.float32
2025-05-26 10:38:50,948 [INFO] src.utils.data_utils: Loading dataset: breast_cancer, PCA features=4, Scaling=minmax, Subset size=None, Dtype=torch.float32
2025-05-26 10:38:50,948 [INFO] src.utils.data_utils: Set all random seeds to 42
2025-05-26 10:38:50,953 [INFO] src.utils.data_utils: Applying PCA to reduce features to 4
2025-05-26 10:38:50,956 [INFO] src.utils.data_utils: PCA applied. New feature count: 4. Explained variance: 0.8393
2025-05-26 10:38:50,956 [INFO] src.utils.data_utils: Data preparation complete for 'breast_cancer'. Train size: 455, Test size: 114, Features: 4, Classes: 2
2025-05-26 10:38:50,959 [INFO] BC_ExperimentRunner: Successfully loaded configuration from /home/dhanraj/quantum_federated_simulator/configs/federated/server_config.yaml
2025-05-26 10:38:50,961 [INFO] BC_ExperimentRunner: Successfully loaded configuration from /home/dhanraj/quantum_federated_simulator/configs/federated/client_config.yaml
2025-05-26 10:38:50,963 [INFO] BC_ExperimentRunner: Successfully loaded configuration from /home/dhanraj/quantum_federated_simulator/configs/federated/default_aggregation.yaml
2025-05-26 10:38:50,963 [INFO] BC_ExperimentRunner: Creating model of type: vqc with n_features=4, n_classes=2, initial_dtype_request=torch.float32
2025-05-26 10:38:50,963 [INFO] src.quantum.models: Initializing VQC (TorchLayer): qubits=4, layers=2, circuit='basic', device='lightning.qubit', shots=None, diff_method='best'
2025-05-26 10:38:51,006 [INFO] src.quantum.circuits: Creating basic circuit with 4 qubits, 2 layers.
2025-05-26 10:38:51,006 [INFO] src.quantum.circuits: Basic circuit expects 24 trainable parameters.
2025-05-26 10:38:51,006 [INFO] src.quantum.models: VQC circuit requires 24 parameters.
2025-05-26 10:38:51,006 [INFO] src.quantum.models: VariationalQuantumClassifier: Using 'lightning.qubit' with no shots. Defaulting to 'adjoint'.
2025-05-26 10:38:51,006 [INFO] src.quantum.models: VariationalQuantumClassifier attempting to use differentiation method: adjoint
2025-05-26 10:38:51,019 [INFO] src.quantum.models: VQC raw circuit output dimension: 4
2025-05-26 10:38:51,020 [INFO] src.quantum.models: VQC: Added Linear head: 4 -> 2 logits for CrossEntropyLoss.
2025-05-26 10:38:51,020 [INFO] src.federated.aggregation: Creating aggregation strategy of type: fedavg
2025-05-26 10:38:51,020 [INFO] BC_ExperimentRunner: Using aggregation strategy: QuantumAggregationStrategy (base: FedAvg)
2025-05-26 10:38:51,020 [INFO] src.core.quantum_manager: QuantumServer: Initializing with global model type 'vqc'.
2025-05-26 10:38:51,021 [INFO] src.federated.server: Federated server initialized on device 'cuda' with aggregation strategy: QuantumAggregationStrategy
2025-05-26 10:38:51,021 [INFO] BC_ExperimentRunner: Creating model of type: vqc with n_features=4, n_classes=2, initial_dtype_request=torch.float32
2025-05-26 10:38:51,021 [INFO] src.quantum.models: Initializing VQC (TorchLayer): qubits=4, layers=2, circuit='basic', device='lightning.qubit', shots=None, diff_method='best'
2025-05-26 10:38:51,021 [INFO] src.quantum.circuits: Creating basic circuit with 4 qubits, 2 layers.
2025-05-26 10:38:51,021 [INFO] src.quantum.circuits: Basic circuit expects 24 trainable parameters.
2025-05-26 10:38:51,021 [INFO] src.quantum.models: VQC circuit requires 24 parameters.
2025-05-26 10:38:51,022 [INFO] src.quantum.models: VariationalQuantumClassifier: Using 'lightning.qubit' with no shots. Defaulting to 'adjoint'.
2025-05-26 10:38:51,022 [INFO] src.quantum.models: VariationalQuantumClassifier attempting to use differentiation method: adjoint
2025-05-26 10:38:51,027 [INFO] src.quantum.models: VQC raw circuit output dimension: 4
2025-05-26 10:38:51,027 [INFO] src.quantum.models: VQC: Added Linear head: 4 -> 2 logits for CrossEntropyLoss.
2025-05-26 10:38:51,027 [INFO] src.core.quantum_client: QuantumClient vqc_client_0: Initializing with model type 'vqc'.
2025-05-26 10:38:51,028 [INFO] src.federated.client: Client vqc_client_0 initialized on device 'cuda' with 151 samples.
2025-05-26 10:38:51,028 [INFO] BC_ExperimentRunner: Creating model of type: vqc with n_features=4, n_classes=2, initial_dtype_request=torch.float32
2025-05-26 10:38:51,028 [INFO] src.quantum.models: Initializing VQC (TorchLayer): qubits=4, layers=2, circuit='basic', device='lightning.qubit', shots=None, diff_method='best'
2025-05-26 10:38:51,029 [INFO] src.quantum.circuits: Creating basic circuit with 4 qubits, 2 layers.
2025-05-26 10:38:51,029 [INFO] src.quantum.circuits: Basic circuit expects 24 trainable parameters.
2025-05-26 10:38:51,029 [INFO] src.quantum.models: VQC circuit requires 24 parameters.
2025-05-26 10:38:51,029 [INFO] src.quantum.models: VariationalQuantumClassifier: Using 'lightning.qubit' with no shots. Defaulting to 'adjoint'.
2025-05-26 10:38:51,029 [INFO] src.quantum.models: VariationalQuantumClassifier attempting to use differentiation method: adjoint
2025-05-26 10:38:51,034 [INFO] src.quantum.models: VQC raw circuit output dimension: 4
2025-05-26 10:38:51,034 [INFO] src.quantum.models: VQC: Added Linear head: 4 -> 2 logits for CrossEntropyLoss.
2025-05-26 10:38:51,035 [INFO] src.core.quantum_client: QuantumClient vqc_client_1: Initializing with model type 'vqc'.
2025-05-26 10:38:51,035 [INFO] src.federated.client: Client vqc_client_1 initialized on device 'cuda' with 151 samples.
2025-05-26 10:38:51,035 [INFO] BC_ExperimentRunner: Creating model of type: vqc with n_features=4, n_classes=2, initial_dtype_request=torch.float32
2025-05-26 10:38:51,035 [INFO] src.quantum.models: Initializing VQC (TorchLayer): qubits=4, layers=2, circuit='basic', device='lightning.qubit', shots=None, diff_method='best'
2025-05-26 10:38:51,036 [INFO] src.quantum.circuits: Creating basic circuit with 4 qubits, 2 layers.
2025-05-26 10:38:51,036 [INFO] src.quantum.circuits: Basic circuit expects 24 trainable parameters.
2025-05-26 10:38:51,036 [INFO] src.quantum.models: VQC circuit requires 24 parameters.
2025-05-26 10:38:51,036 [INFO] src.quantum.models: VariationalQuantumClassifier: Using 'lightning.qubit' with no shots. Defaulting to 'adjoint'.
2025-05-26 10:38:51,036 [INFO] src.quantum.models: VariationalQuantumClassifier attempting to use differentiation method: adjoint
2025-05-26 10:38:51,041 [INFO] src.quantum.models: VQC raw circuit output dimension: 4
2025-05-26 10:38:51,041 [INFO] src.quantum.models: VQC: Added Linear head: 4 -> 2 logits for CrossEntropyLoss.
2025-05-26 10:38:51,041 [INFO] src.core.quantum_client: QuantumClient vqc_client_2: Initializing with model type 'vqc'.
2025-05-26 10:38:51,042 [INFO] src.federated.client: Client vqc_client_2 initialized on device 'cuda' with 153 samples.
2025-05-26 10:38:51,042 [INFO] src.federated.server: Registered client 'vqc_client_0'. Total clients: 1.
2025-05-26 10:38:51,042 [INFO] src.federated.server: Registered client 'vqc_client_1'. Total clients: 2.
2025-05-26 10:38:51,042 [INFO] src.federated.server: Registered client 'vqc_client_2'. Total clients: 3.
2025-05-26 10:38:51,042 [INFO] BC_ExperimentRunner: --- Scenario setup complete for BC_VQC_FedAvg_IID_PCA4_L2_Basic ---
2025-05-26 10:38:51,043 [INFO] src.federated.server: Starting federated training process for 5 rounds.
2025-05-26 10:38:51,043 [INFO] src.federated.server: Config: local_epochs=3, client_fraction=0.1, min_clients=3, FedProx mu=0.0
2025-05-26 10:38:51,043 [INFO] src.federated.server: Performing initial evaluation of global model...
2025-05-26 10:38:51,043 [INFO] src.core.quantum_manager: Server: Starting evaluation of global model (type: vqc).
2025-05-26 10:38:51,557 [INFO] src.core.quantum_manager: Evaluation results: Loss=0.6952, Accuracy=0.4298
2025-05-26 10:38:51,558 [INFO] src.federated.server: Initial Evaluation Metrics: {'loss': 0.6951935155349865, 'accuracy': 0.4298245614035088}
2025-05-26 10:38:51,558 [INFO] src.federated.server: ===== Starting Round 1/5 =====
2025-05-26 10:38:51,558 [INFO] src.federated.server: Starting federated training round...
2025-05-26 10:38:51,558 [INFO] src.federated.server: Selected 3 clients out of 3 available (fraction=0.1, min_clients=3): ['vqc_client_2', 'vqc_client_0', 'vqc_client_1']
2025-05-26 10:38:51,558 [INFO] src.core.quantum_client: Client vqc_client_2: Starting local training for 3 epochs (model type: vqc). Proximal term mu=0.0.
2025-05-26 10:38:51,558 [INFO] src.federated.client: Client vqc_client_2: Starting local training for 3 epochs. Proximal term mu=0.0.
2025-05-26 10:38:57,723 [INFO] src.federated.client: Client vqc_client_2 - Epoch 1/3 completed. Average Loss: 0.6858
2025-05-26 10:39:03,389 [INFO] src.federated.client: Client vqc_client_2 - Epoch 2/3 completed. Average Loss: 0.6605
2025-05-26 10:39:08,767 [INFO] src.federated.client: Client vqc_client_2 - Epoch 3/3 completed. Average Loss: 0.6349
2025-05-26 10:39:08,768 [INFO] src.federated.client: Client vqc_client_2: Local training finished. Processed 459 samples.
2025-05-26 10:39:08,770 [INFO] src.core.quantum_client: Client vqc_client_0: Starting local training for 3 epochs (model type: vqc). Proximal term mu=0.0.
2025-05-26 10:39:08,770 [INFO] src.federated.client: Client vqc_client_0: Starting local training for 3 epochs. Proximal term mu=0.0.
2025-05-26 10:39:14,183 [INFO] src.federated.client: Client vqc_client_0 - Epoch 1/3 completed. Average Loss: 0.6855
2025-05-26 10:39:19,848 [INFO] src.federated.client: Client vqc_client_0 - Epoch 2/3 completed. Average Loss: 0.6584
2025-05-26 10:39:24,880 [INFO] src.federated.client: Client vqc_client_0 - Epoch 3/3 completed. Average Loss: 0.6362
2025-05-26 10:39:24,881 [INFO] src.federated.client: Client vqc_client_0: Local training finished. Processed 453 samples.
2025-05-26 10:39:24,883 [INFO] src.core.quantum_client: Client vqc_client_1: Starting local training for 3 epochs (model type: vqc). Proximal term mu=0.0.
2025-05-26 10:39:24,883 [INFO] src.federated.client: Client vqc_client_1: Starting local training for 3 epochs. Proximal term mu=0.0.
2025-05-26 10:39:32,776 [INFO] src.federated.client: Client vqc_client_1 - Epoch 1/3 completed. Average Loss: 0.6850
2025-05-26 10:39:41,799 [INFO] src.federated.client: Client vqc_client_1 - Epoch 2/3 completed. Average Loss: 0.6633
2025-05-26 10:39:49,317 [INFO] src.federated.client: Client vqc_client_1 - Epoch 3/3 completed. Average Loss: 0.6450
2025-05-26 10:39:49,317 [INFO] src.federated.client: Client vqc_client_1: Local training finished. Processed 453 samples.
2025-05-26 10:39:49,319 [INFO] src.federated.server: Aggregating updates from 3 clients using QuantumAggregationStrategy.
2025-05-26 10:39:49,319 [INFO] src.core.quantum_manager: QuantumAggregationStrategy: Detected nn.Module (QNN/VQC/Hybrid) state_dict. Delegating to base strategy: FedAvg
2025-05-26 10:39:49,319 [INFO] src.federated.aggregation: FedAvg: Aggregating updates from 3 clients.
2025-05-26 10:39:49,320 [INFO] src.federated.aggregation: FedAvg: Aggregation complete.
2025-05-26 10:39:49,321 [INFO] src.federated.server: Global model updated with aggregated parameters.
2025-05-26 10:39:49,321 [INFO] src.federated.server: Evaluating updated global model...
2025-05-26 10:39:49,321 [INFO] src.core.quantum_manager: Server: Starting evaluation of global model (type: vqc).
2025-05-26 10:39:49,902 [INFO] src.core.quantum_manager: Evaluation results: Loss=0.6235, Accuracy=0.6404
2025-05-26 10:39:49,902 [INFO] src.federated.server: Round 1 completed in 58.34s. Eval Metrics: {'loss': 0.6234722628928068, 'accuracy': 0.6403508771929824}
2025-05-26 10:39:49,902 [INFO] src.federated.server: ===== Starting Round 2/5 =====
2025-05-26 10:39:49,903 [INFO] src.federated.server: Starting federated training round...
2025-05-26 10:39:49,903 [INFO] src.federated.server: Selected 3 clients out of 3 available (fraction=0.1, min_clients=3): ['vqc_client_2', 'vqc_client_1', 'vqc_client_0']
2025-05-26 10:39:49,903 [INFO] src.core.quantum_client: Client vqc_client_2: Starting local training for 3 epochs (model type: vqc). Proximal term mu=0.0.
2025-05-26 10:39:49,904 [INFO] src.federated.client: Client vqc_client_2: Starting local training for 3 epochs. Proximal term mu=0.0.
2025-05-26 10:39:58,294 [INFO] src.federated.client: Client vqc_client_2 - Epoch 1/3 completed. Average Loss: 0.6202
2025-05-26 10:40:05,183 [INFO] src.federated.client: Client vqc_client_2 - Epoch 2/3 completed. Average Loss: 0.6043
2025-05-26 10:40:11,899 [INFO] src.federated.client: Client vqc_client_2 - Epoch 3/3 completed. Average Loss: 0.5865
2025-05-26 10:40:11,899 [INFO] src.federated.client: Client vqc_client_2: Local training finished. Processed 459 samples.
2025-05-26 10:40:11,902 [INFO] src.core.quantum_client: Client vqc_client_1: Starting local training for 3 epochs (model type: vqc). Proximal term mu=0.0.
2025-05-26 10:40:11,902 [INFO] src.federated.client: Client vqc_client_1: Starting local training for 3 epochs. Proximal term mu=0.0.
2025-05-26 10:40:19,928 [INFO] src.federated.client: Client vqc_client_1 - Epoch 1/3 completed. Average Loss: 0.6268
2025-05-26 10:40:29,247 [INFO] src.federated.client: Client vqc_client_1 - Epoch 2/3 completed. Average Loss: 0.6117
2025-05-26 10:40:36,683 [INFO] src.federated.client: Client vqc_client_1 - Epoch 3/3 completed. Average Loss: 0.5970
2025-05-26 10:40:36,683 [INFO] src.federated.client: Client vqc_client_1: Local training finished. Processed 453 samples.
2025-05-26 10:40:36,686 [INFO] src.core.quantum_client: Client vqc_client_0: Starting local training for 3 epochs (model type: vqc). Proximal term mu=0.0.
2025-05-26 10:40:36,687 [INFO] src.federated.client: Client vqc_client_0: Starting local training for 3 epochs. Proximal term mu=0.0.
2025-05-26 10:40:44,271 [INFO] src.federated.client: Client vqc_client_0 - Epoch 1/3 completed. Average Loss: 0.6201
2025-05-26 10:40:51,742 [INFO] src.federated.client: Client vqc_client_0 - Epoch 2/3 completed. Average Loss: 0.6029
2025-05-26 10:41:01,310 [INFO] src.federated.client: Client vqc_client_0 - Epoch 3/3 completed. Average Loss: 0.5858
2025-05-26 10:41:01,310 [INFO] src.federated.client: Client vqc_client_0: Local training finished. Processed 453 samples.
2025-05-26 10:41:01,312 [INFO] src.federated.server: Aggregating updates from 3 clients using QuantumAggregationStrategy.
2025-05-26 10:41:01,313 [INFO] src.core.quantum_manager: QuantumAggregationStrategy: Detected nn.Module (QNN/VQC/Hybrid) state_dict. Delegating to base strategy: FedAvg
2025-05-26 10:41:01,313 [INFO] src.federated.aggregation: FedAvg: Aggregating updates from 3 clients.
2025-05-26 10:41:01,314 [INFO] src.federated.aggregation: FedAvg: Aggregation complete.
2025-05-26 10:41:01,314 [INFO] src.federated.server: Global model updated with aggregated parameters.
2025-05-26 10:41:01,314 [INFO] src.federated.server: Evaluating updated global model...
2025-05-26 10:41:01,314 [INFO] src.core.quantum_manager: Server: Starting evaluation of global model (type: vqc).
2025-05-26 10:41:02,201 [INFO] src.core.quantum_manager: Evaluation results: Loss=0.5722, Accuracy=0.6491
2025-05-26 10:41:02,201 [INFO] src.federated.server: Round 2 completed in 72.30s. Eval Metrics: {'loss': 0.5721591292766103, 'accuracy': 0.6491228070175439}
2025-05-26 10:41:02,202 [INFO] src.federated.server: ===== Starting Round 3/5 =====
2025-05-26 10:41:02,202 [INFO] src.federated.server: Starting federated training round...
2025-05-26 10:41:02,202 [INFO] src.federated.server: Selected 3 clients out of 3 available (fraction=0.1, min_clients=3): ['vqc_client_0', 'vqc_client_2', 'vqc_client_1']
2025-05-26 10:41:02,203 [INFO] src.core.quantum_client: Client vqc_client_0: Starting local training for 3 epochs (model type: vqc). Proximal term mu=0.0.
2025-05-26 10:41:02,203 [INFO] src.federated.client: Client vqc_client_0: Starting local training for 3 epochs. Proximal term mu=0.0.
2025-05-26 10:41:13,077 [INFO] src.federated.client: Client vqc_client_0 - Epoch 1/3 completed. Average Loss: 0.5714
2025-05-26 10:41:24,365 [INFO] src.federated.client: Client vqc_client_0 - Epoch 2/3 completed. Average Loss: 0.5563
2025-05-26 10:41:36,794 [INFO] src.federated.client: Client vqc_client_0 - Epoch 3/3 completed. Average Loss: 0.5405
2025-05-26 10:41:36,795 [INFO] src.federated.client: Client vqc_client_0: Local training finished. Processed 453 samples.
2025-05-26 10:41:36,799 [INFO] src.core.quantum_client: Client vqc_client_2: Starting local training for 3 epochs (model type: vqc). Proximal term mu=0.0.
2025-05-26 10:41:36,800 [INFO] src.federated.client: Client vqc_client_2: Starting local training for 3 epochs. Proximal term mu=0.0.
2025-05-26 10:41:47,107 [INFO] src.federated.client: Client vqc_client_2 - Epoch 1/3 completed. Average Loss: 0.5723
2025-05-26 10:41:58,043 [INFO] src.federated.client: Client vqc_client_2 - Epoch 2/3 completed. Average Loss: 0.5586
2025-05-26 10:42:06,584 [INFO] src.federated.client: Client vqc_client_2 - Epoch 3/3 completed. Average Loss: 0.5433
2025-05-26 10:42:06,585 [INFO] src.federated.client: Client vqc_client_2: Local training finished. Processed 459 samples.
2025-05-26 10:42:06,588 [INFO] src.core.quantum_client: Client vqc_client_1: Starting local training for 3 epochs (model type: vqc). Proximal term mu=0.0.
2025-05-26 10:42:06,588 [INFO] src.federated.client: Client vqc_client_1: Starting local training for 3 epochs. Proximal term mu=0.0.
2025-05-26 10:42:14,992 [INFO] src.federated.client: Client vqc_client_1 - Epoch 1/3 completed. Average Loss: 0.5831
2025-05-26 10:42:24,298 [INFO] src.federated.client: Client vqc_client_1 - Epoch 2/3 completed. Average Loss: 0.5658
2025-05-26 10:42:33,746 [INFO] src.federated.client: Client vqc_client_1 - Epoch 3/3 completed. Average Loss: 0.5465
2025-05-26 10:42:33,746 [INFO] src.federated.client: Client vqc_client_1: Local training finished. Processed 453 samples.
2025-05-26 10:42:33,749 [INFO] src.federated.server: Aggregating updates from 3 clients using QuantumAggregationStrategy.
2025-05-26 10:42:33,750 [INFO] src.core.quantum_manager: QuantumAggregationStrategy: Detected nn.Module (QNN/VQC/Hybrid) state_dict. Delegating to base strategy: FedAvg
2025-05-26 10:42:33,750 [INFO] src.federated.aggregation: FedAvg: Aggregating updates from 3 clients.
2025-05-26 10:42:33,751 [INFO] src.federated.aggregation: FedAvg: Aggregation complete.
2025-05-26 10:42:33,752 [INFO] src.federated.server: Global model updated with aggregated parameters.
2025-05-26 10:42:33,752 [INFO] src.federated.server: Evaluating updated global model...
2025-05-26 10:42:33,752 [INFO] src.core.quantum_manager: Server: Starting evaluation of global model (type: vqc).
2025-05-26 10:42:34,548 [INFO] src.core.quantum_manager: Evaluation results: Loss=0.5221, Accuracy=0.7105
2025-05-26 10:42:34,548 [INFO] src.federated.server: Round 3 completed in 92.35s. Eval Metrics: {'loss': 0.5221387513896876, 'accuracy': 0.7105263157894737}
2025-05-26 10:42:34,549 [INFO] src.federated.server: ===== Starting Round 4/5 =====
2025-05-26 10:42:34,549 [INFO] src.federated.server: Starting federated training round...
2025-05-26 10:42:34,549 [INFO] src.federated.server: Selected 3 clients out of 3 available (fraction=0.1, min_clients=3): ['vqc_client_2', 'vqc_client_0', 'vqc_client_1']
2025-05-26 10:42:34,550 [INFO] src.core.quantum_client: Client vqc_client_2: Starting local training for 3 epochs (model type: vqc). Proximal term mu=0.0.
2025-05-26 10:42:34,550 [INFO] src.federated.client: Client vqc_client_2: Starting local training for 3 epochs. Proximal term mu=0.0.
2025-05-26 10:42:43,153 [INFO] src.federated.client: Client vqc_client_2 - Epoch 1/3 completed. Average Loss: 0.5265
2025-05-26 10:42:51,725 [INFO] src.federated.client: Client vqc_client_2 - Epoch 2/3 completed. Average Loss: 0.5095
2025-05-26 10:43:00,861 [INFO] src.federated.client: Client vqc_client_2 - Epoch 3/3 completed. Average Loss: 0.4915
2025-05-26 10:43:00,862 [INFO] src.federated.client: Client vqc_client_2: Local training finished. Processed 459 samples.
2025-05-26 10:43:00,865 [INFO] src.core.quantum_client: Client vqc_client_0: Starting local training for 3 epochs (model type: vqc). Proximal term mu=0.0.
2025-05-26 10:43:00,865 [INFO] src.federated.client: Client vqc_client_0: Starting local training for 3 epochs. Proximal term mu=0.0.
2025-05-26 10:43:10,602 [INFO] src.federated.client: Client vqc_client_0 - Epoch 1/3 completed. Average Loss: 0.5237
2025-05-26 10:43:19,272 [INFO] src.federated.client: Client vqc_client_0 - Epoch 2/3 completed. Average Loss: 0.5060
2025-05-26 10:43:27,194 [INFO] src.federated.client: Client vqc_client_0 - Epoch 3/3 completed. Average Loss: 0.4869
2025-05-26 10:43:27,195 [INFO] src.federated.client: Client vqc_client_0: Local training finished. Processed 453 samples.
2025-05-26 10:43:27,197 [INFO] src.core.quantum_client: Client vqc_client_1: Starting local training for 3 epochs (model type: vqc). Proximal term mu=0.0.
2025-05-26 10:43:27,198 [INFO] src.federated.client: Client vqc_client_1: Starting local training for 3 epochs. Proximal term mu=0.0.
2025-05-26 10:43:36,489 [INFO] src.federated.client: Client vqc_client_1 - Epoch 1/3 completed. Average Loss: 0.5316
2025-05-26 10:43:45,254 [INFO] src.federated.client: Client vqc_client_1 - Epoch 2/3 completed. Average Loss: 0.5100
2025-05-26 10:43:53,912 [INFO] src.federated.client: Client vqc_client_1 - Epoch 3/3 completed. Average Loss: 0.4880
2025-05-26 10:43:53,913 [INFO] src.federated.client: Client vqc_client_1: Local training finished. Processed 453 samples.
2025-05-26 10:43:53,915 [INFO] src.federated.server: Aggregating updates from 3 clients using QuantumAggregationStrategy.
2025-05-26 10:43:53,915 [INFO] src.core.quantum_manager: QuantumAggregationStrategy: Detected nn.Module (QNN/VQC/Hybrid) state_dict. Delegating to base strategy: FedAvg
2025-05-26 10:43:53,916 [INFO] src.federated.aggregation: FedAvg: Aggregating updates from 3 clients.
2025-05-26 10:43:53,916 [INFO] src.federated.aggregation: FedAvg: Aggregation complete.
2025-05-26 10:43:53,917 [INFO] src.federated.server: Global model updated with aggregated parameters.
2025-05-26 10:43:53,917 [INFO] src.federated.server: Evaluating updated global model...
2025-05-26 10:43:53,917 [INFO] src.core.quantum_manager: Server: Starting evaluation of global model (type: vqc).
2025-05-26 10:43:54,755 [INFO] src.core.quantum_manager: Evaluation results: Loss=0.4638, Accuracy=0.8421
2025-05-26 10:43:54,756 [INFO] src.federated.server: Round 4 completed in 80.21s. Eval Metrics: {'loss': 0.46382435372001246, 'accuracy': 0.8421052631578947}
2025-05-26 10:43:54,756 [INFO] src.federated.server: ===== Starting Round 5/5 =====
2025-05-26 10:43:54,756 [INFO] src.federated.server: Starting federated training round...
2025-05-26 10:43:54,756 [INFO] src.federated.server: Selected 3 clients out of 3 available (fraction=0.1, min_clients=3): ['vqc_client_0', 'vqc_client_2', 'vqc_client_1']
2025-05-26 10:43:54,758 [INFO] src.core.quantum_client: Client vqc_client_0: Starting local training for 3 epochs (model type: vqc). Proximal term mu=0.0.
2025-05-26 10:43:54,758 [INFO] src.federated.client: Client vqc_client_0: Starting local training for 3 epochs. Proximal term mu=0.0.
2025-05-26 10:44:05,441 [INFO] src.federated.client: Client vqc_client_0 - Epoch 1/3 completed. Average Loss: 0.4651
2025-05-26 10:44:15,476 [INFO] src.federated.client: Client vqc_client_0 - Epoch 2/3 completed. Average Loss: 0.4438
2025-05-26 10:44:24,419 [INFO] src.federated.client: Client vqc_client_0 - Epoch 3/3 completed. Average Loss: 0.4209
2025-05-26 10:44:24,420 [INFO] src.federated.client: Client vqc_client_0: Local training finished. Processed 453 samples.
2025-05-26 10:44:24,422 [INFO] src.core.quantum_client: Client vqc_client_2: Starting local training for 3 epochs (model type: vqc). Proximal term mu=0.0.
2025-05-26 10:44:24,423 [INFO] src.federated.client: Client vqc_client_2: Starting local training for 3 epochs. Proximal term mu=0.0.
2025-05-26 10:44:33,654 [INFO] src.federated.client: Client vqc_client_2 - Epoch 1/3 completed. Average Loss: 0.4708
2025-05-26 10:44:43,713 [INFO] src.federated.client: Client vqc_client_2 - Epoch 2/3 completed. Average Loss: 0.4516
2025-05-26 10:44:52,495 [INFO] src.federated.client: Client vqc_client_2 - Epoch 3/3 completed. Average Loss: 0.4304
2025-05-26 10:44:52,496 [INFO] src.federated.client: Client vqc_client_2: Local training finished. Processed 459 samples.
2025-05-26 10:44:52,499 [INFO] src.core.quantum_client: Client vqc_client_1: Starting local training for 3 epochs (model type: vqc). Proximal term mu=0.0.
2025-05-26 10:44:52,499 [INFO] src.federated.client: Client vqc_client_1: Starting local training for 3 epochs. Proximal term mu=0.0.
2025-05-26 10:45:01,462 [INFO] src.federated.client: Client vqc_client_1 - Epoch 1/3 completed. Average Loss: 0.4696
2025-05-26 10:45:11,352 [INFO] src.federated.client: Client vqc_client_1 - Epoch 2/3 completed. Average Loss: 0.4443
2025-05-26 10:45:20,773 [INFO] src.federated.client: Client vqc_client_1 - Epoch 3/3 completed. Average Loss: 0.4207
2025-05-26 10:45:20,774 [INFO] src.federated.client: Client vqc_client_1: Local training finished. Processed 453 samples.
2025-05-26 10:45:20,777 [INFO] src.federated.server: Aggregating updates from 3 clients using QuantumAggregationStrategy.
2025-05-26 10:45:20,777 [INFO] src.core.quantum_manager: QuantumAggregationStrategy: Detected nn.Module (QNN/VQC/Hybrid) state_dict. Delegating to base strategy: FedAvg
2025-05-26 10:45:20,777 [INFO] src.federated.aggregation: FedAvg: Aggregating updates from 3 clients.
2025-05-26 10:45:20,778 [INFO] src.federated.aggregation: FedAvg: Aggregation complete.
2025-05-26 10:45:20,779 [INFO] src.federated.server: Global model updated with aggregated parameters.
2025-05-26 10:45:20,779 [INFO] src.federated.server: Evaluating updated global model...
2025-05-26 10:45:20,779 [INFO] src.core.quantum_manager: Server: Starting evaluation of global model (type: vqc).
2025-05-26 10:45:21,556 [INFO] src.core.quantum_manager: Evaluation results: Loss=0.3988, Accuracy=0.8860
2025-05-26 10:45:21,556 [INFO] src.federated.server: Round 5 completed in 86.80s. Eval Metrics: {'loss': 0.3988393409210339, 'accuracy': 0.8859649122807017}
2025-05-26 10:45:21,556 [INFO] src.federated.server: Federated training process completed after 5 rounds.
2025-05-26 10:45:21,557 [INFO] BC_ExperimentRunner: ========== Finished BC_VQC_FedAvg_IID_PCA4_L2_Basic ==========

2025-05-26 10:45:21,557 [INFO] BC_ExperimentRunner: ========== Starting BC_VQC_FedAvg_NonIID_a0.5_PCA4_L2_Complex ==========
2025-05-26 10:45:21,557 [INFO] BC_ExperimentRunner: --- Setting up experiment: BC_VQC_FedAvg_NonIID_a0.5_PCA4_L2_Complex for dataset breast_cancer ---
2025-05-26 10:45:21,557 [INFO] src.utils.data_utils: Set all random seeds to 42
2025-05-26 10:45:21,557 [INFO] BC_ExperimentRunner: Experiment 'BC_VQC_FedAvg_NonIID_a0.5_PCA4_L2_Complex' will use tensor_dtype: torch.float32
2025-05-26 10:45:21,557 [INFO] src.utils.data_utils: Loading dataset: breast_cancer, PCA features=4, Scaling=minmax, Subset size=None, Dtype=torch.float32
2025-05-26 10:45:21,558 [INFO] src.utils.data_utils: Set all random seeds to 42
2025-05-26 10:45:21,565 [INFO] src.utils.data_utils: Applying PCA to reduce features to 4
2025-05-26 10:45:21,567 [INFO] src.utils.data_utils: PCA applied. New feature count: 4. Explained variance: 0.8393
2025-05-26 10:45:21,567 [INFO] src.utils.data_utils: Data preparation complete for 'breast_cancer'. Train size: 455, Test size: 114, Features: 4, Classes: 2
2025-05-26 10:45:21,572 [INFO] BC_ExperimentRunner: Successfully loaded configuration from /home/dhanraj/quantum_federated_simulator/configs/federated/server_config.yaml
2025-05-26 10:45:21,575 [INFO] BC_ExperimentRunner: Successfully loaded configuration from /home/dhanraj/quantum_federated_simulator/configs/federated/client_config.yaml
2025-05-26 10:45:21,578 [INFO] BC_ExperimentRunner: Successfully loaded configuration from /home/dhanraj/quantum_federated_simulator/configs/federated/default_aggregation.yaml
2025-05-26 10:45:21,579 [INFO] BC_ExperimentRunner: Creating model of type: vqc with n_features=4, n_classes=2, initial_dtype_request=torch.float32
2025-05-26 10:45:21,580 [INFO] src.quantum.models: Initializing VQC (TorchLayer): qubits=4, layers=2, circuit='complex', device='lightning.qubit', shots=None, diff_method='best'
2025-05-26 10:45:21,580 [INFO] src.quantum.circuits: Creating complex circuit with 4 qubits, 2 layers.
2025-05-26 10:45:21,580 [INFO] src.quantum.circuits: Complex circuit expects 48 trainable parameters.
2025-05-26 10:45:21,580 [INFO] src.quantum.models: VQC circuit requires 48 parameters.
2025-05-26 10:45:21,581 [INFO] src.quantum.models: VariationalQuantumClassifier: Using 'lightning.qubit' with no shots. Defaulting to 'adjoint'.
2025-05-26 10:45:21,581 [INFO] src.quantum.models: VariationalQuantumClassifier attempting to use differentiation method: adjoint
2025-05-26 10:45:21,593 [INFO] src.quantum.models: VQC raw circuit output dimension: 6
2025-05-26 10:45:21,594 [INFO] src.quantum.models: VQC: Added Linear head: 6 -> 2 logits for CrossEntropyLoss.
2025-05-26 10:45:21,594 [INFO] src.federated.aggregation: Creating aggregation strategy of type: fedavg
2025-05-26 10:45:21,594 [INFO] BC_ExperimentRunner: Using aggregation strategy: QuantumAggregationStrategy (base: FedAvg)
2025-05-26 10:45:21,594 [INFO] src.core.quantum_manager: QuantumServer: Initializing with global model type 'vqc'.
2025-05-26 10:45:21,596 [INFO] src.federated.server: Federated server initialized on device 'cuda' with aggregation strategy: QuantumAggregationStrategy
2025-05-26 10:45:21,596 [INFO] BC_ExperimentRunner: Creating model of type: vqc with n_features=4, n_classes=2, initial_dtype_request=torch.float32
2025-05-26 10:45:21,597 [INFO] src.quantum.models: Initializing VQC (TorchLayer): qubits=4, layers=2, circuit='complex', device='lightning.qubit', shots=None, diff_method='best'
2025-05-26 10:45:21,598 [INFO] src.quantum.circuits: Creating complex circuit with 4 qubits, 2 layers.
2025-05-26 10:45:21,598 [INFO] src.quantum.circuits: Complex circuit expects 48 trainable parameters.
2025-05-26 10:45:21,598 [INFO] src.quantum.models: VQC circuit requires 48 parameters.
2025-05-26 10:45:21,598 [INFO] src.quantum.models: VariationalQuantumClassifier: Using 'lightning.qubit' with no shots. Defaulting to 'adjoint'.
2025-05-26 10:45:21,599 [INFO] src.quantum.models: VariationalQuantumClassifier attempting to use differentiation method: adjoint
2025-05-26 10:45:21,612 [INFO] src.quantum.models: VQC raw circuit output dimension: 6
2025-05-26 10:45:21,613 [INFO] src.quantum.models: VQC: Added Linear head: 6 -> 2 logits for CrossEntropyLoss.
2025-05-26 10:45:21,613 [INFO] src.core.quantum_client: QuantumClient vqc_client_0: Initializing with model type 'vqc'.
2025-05-26 10:45:21,614 [INFO] src.federated.client: Client vqc_client_0 initialized on device 'cuda' with 32 samples.
2025-05-26 10:45:21,614 [INFO] BC_ExperimentRunner: Creating model of type: vqc with n_features=4, n_classes=2, initial_dtype_request=torch.float32
2025-05-26 10:45:21,614 [INFO] src.quantum.models: Initializing VQC (TorchLayer): qubits=4, layers=2, circuit='complex', device='lightning.qubit', shots=None, diff_method='best'
2025-05-26 10:45:21,615 [INFO] src.quantum.circuits: Creating complex circuit with 4 qubits, 2 layers.
2025-05-26 10:45:21,615 [INFO] src.quantum.circuits: Complex circuit expects 48 trainable parameters.
2025-05-26 10:45:21,615 [INFO] src.quantum.models: VQC circuit requires 48 parameters.
2025-05-26 10:45:21,615 [INFO] src.quantum.models: VariationalQuantumClassifier: Using 'lightning.qubit' with no shots. Defaulting to 'adjoint'.
2025-05-26 10:45:21,615 [INFO] src.quantum.models: VariationalQuantumClassifier attempting to use differentiation method: adjoint
2025-05-26 10:45:21,630 [INFO] src.quantum.models: VQC raw circuit output dimension: 6
2025-05-26 10:45:21,630 [INFO] src.quantum.models: VQC: Added Linear head: 6 -> 2 logits for CrossEntropyLoss.
2025-05-26 10:45:21,631 [INFO] src.core.quantum_client: QuantumClient vqc_client_1: Initializing with model type 'vqc'.
2025-05-26 10:45:21,632 [INFO] src.federated.client: Client vqc_client_1 initialized on device 'cuda' with 418 samples.
2025-05-26 10:45:21,632 [INFO] BC_ExperimentRunner: Creating model of type: vqc with n_features=4, n_classes=2, initial_dtype_request=torch.float32
2025-05-26 10:45:21,632 [INFO] src.quantum.models: Initializing VQC (TorchLayer): qubits=4, layers=2, circuit='complex', device='lightning.qubit', shots=None, diff_method='best'
2025-05-26 10:45:21,632 [INFO] src.quantum.circuits: Creating complex circuit with 4 qubits, 2 layers.
2025-05-26 10:45:21,633 [INFO] src.quantum.circuits: Complex circuit expects 48 trainable parameters.
2025-05-26 10:45:21,633 [INFO] src.quantum.models: VQC circuit requires 48 parameters.
2025-05-26 10:45:21,633 [INFO] src.quantum.models: VariationalQuantumClassifier: Using 'lightning.qubit' with no shots. Defaulting to 'adjoint'.
2025-05-26 10:45:21,633 [INFO] src.quantum.models: VariationalQuantumClassifier attempting to use differentiation method: adjoint
2025-05-26 10:45:21,648 [INFO] src.quantum.models: VQC raw circuit output dimension: 6
2025-05-26 10:45:21,648 [INFO] src.quantum.models: VQC: Added Linear head: 6 -> 2 logits for CrossEntropyLoss.
2025-05-26 10:45:21,649 [INFO] src.core.quantum_client: QuantumClient vqc_client_2: Initializing with model type 'vqc'.
2025-05-26 10:45:21,650 [INFO] src.federated.client: Client vqc_client_2 initialized on device 'cuda' with 5 samples.
2025-05-26 10:45:21,650 [INFO] src.federated.server: Registered client 'vqc_client_0'. Total clients: 1.
2025-05-26 10:45:21,650 [INFO] src.federated.server: Registered client 'vqc_client_1'. Total clients: 2.
2025-05-26 10:45:21,650 [INFO] src.federated.server: Registered client 'vqc_client_2'. Total clients: 3.
2025-05-26 10:45:21,650 [INFO] BC_ExperimentRunner: --- Scenario setup complete for BC_VQC_FedAvg_NonIID_a0.5_PCA4_L2_Complex ---
2025-05-26 10:45:21,651 [INFO] src.federated.server: Starting federated training process for 5 rounds.
2025-05-26 10:45:21,651 [INFO] src.federated.server: Config: local_epochs=3, client_fraction=0.1, min_clients=3, FedProx mu=0.0
2025-05-26 10:45:21,651 [INFO] src.federated.server: Performing initial evaluation of global model...
2025-05-26 10:45:21,651 [INFO] src.core.quantum_manager: Server: Starting evaluation of global model (type: vqc).
2025-05-26 10:45:23,229 [INFO] src.core.quantum_manager: Evaluation results: Loss=0.8873, Accuracy=0.2895
2025-05-26 10:45:23,229 [INFO] src.federated.server: Initial Evaluation Metrics: {'loss': 0.8872619344477068, 'accuracy': 0.2894736842105263}
2025-05-26 10:45:23,229 [INFO] src.federated.server: ===== Starting Round 1/5 =====
2025-05-26 10:45:23,230 [INFO] src.federated.server: Starting federated training round...
2025-05-26 10:45:23,230 [INFO] src.federated.server: Selected 3 clients out of 3 available (fraction=0.1, min_clients=3): ['vqc_client_0', 'vqc_client_2', 'vqc_client_1']
2025-05-26 10:45:23,231 [INFO] src.core.quantum_client: Client vqc_client_0: Starting local training for 3 epochs (model type: vqc). Proximal term mu=0.0.
2025-05-26 10:45:23,232 [INFO] src.federated.client: Client vqc_client_0: Starting local training for 3 epochs. Proximal term mu=0.0.
2025-05-26 10:45:28,059 [INFO] src.federated.client: Client vqc_client_0 - Epoch 1/3 completed. Average Loss: 0.6286
2025-05-26 10:45:33,031 [INFO] src.federated.client: Client vqc_client_0 - Epoch 2/3 completed. Average Loss: 0.6156
2025-05-26 10:45:38,908 [INFO] src.federated.client: Client vqc_client_0 - Epoch 3/3 completed. Average Loss: 0.6031
2025-05-26 10:45:38,908 [INFO] src.federated.client: Client vqc_client_0: Local training finished. Processed 96 samples.
2025-05-26 10:45:38,915 [INFO] src.core.quantum_client: Client vqc_client_2: Starting local training for 3 epochs (model type: vqc). Proximal term mu=0.0.
2025-05-26 10:45:38,915 [INFO] src.federated.client: Client vqc_client_2: Starting local training for 3 epochs. Proximal term mu=0.0.
2025-05-26 10:45:39,670 [INFO] src.federated.client: Client vqc_client_2 - Epoch 1/3 completed. Average Loss: 0.5583
2025-05-26 10:45:40,486 [INFO] src.federated.client: Client vqc_client_2 - Epoch 2/3 completed. Average Loss: 0.5433
2025-05-26 10:45:41,207 [INFO] src.federated.client: Client vqc_client_2 - Epoch 3/3 completed. Average Loss: 0.5287
2025-05-26 10:45:41,208 [INFO] src.federated.client: Client vqc_client_2: Local training finished. Processed 15 samples.
2025-05-26 10:45:41,209 [INFO] src.core.quantum_client: Client vqc_client_1: Starting local training for 3 epochs (model type: vqc). Proximal term mu=0.0.
2025-05-26 10:45:41,209 [INFO] src.federated.client: Client vqc_client_1: Starting local training for 3 epochs. Proximal term mu=0.0.
2025-05-26 10:46:50,711 [INFO] src.federated.client: Client vqc_client_1 - Epoch 1/3 completed. Average Loss: 0.8360
2025-05-26 10:47:56,869 [INFO] src.federated.client: Client vqc_client_1 - Epoch 2/3 completed. Average Loss: 0.7132
2025-05-26 10:49:00,858 [INFO] src.federated.client: Client vqc_client_1 - Epoch 3/3 completed. Average Loss: 0.6443
2025-05-26 10:49:00,858 [INFO] src.federated.client: Client vqc_client_1: Local training finished. Processed 1254 samples.
2025-05-26 10:49:00,859 [INFO] src.federated.server: Aggregating updates from 3 clients using QuantumAggregationStrategy.
2025-05-26 10:49:00,859 [INFO] src.core.quantum_manager: QuantumAggregationStrategy: Detected nn.Module (QNN/VQC/Hybrid) state_dict. Delegating to base strategy: FedAvg
2025-05-26 10:49:00,859 [INFO] src.federated.aggregation: FedAvg: Aggregating updates from 3 clients.
2025-05-26 10:49:00,860 [INFO] src.federated.aggregation: FedAvg: Aggregation complete.
2025-05-26 10:49:00,861 [INFO] src.federated.server: Global model updated with aggregated parameters.
2025-05-26 10:49:00,861 [INFO] src.federated.server: Evaluating updated global model...
2025-05-26 10:49:00,861 [INFO] src.core.quantum_manager: Server: Starting evaluation of global model (type: vqc).
2025-05-26 10:49:02,351 [INFO] src.core.quantum_manager: Evaluation results: Loss=0.6354, Accuracy=0.6579
2025-05-26 10:49:02,351 [INFO] src.federated.server: Round 1 completed in 219.12s. Eval Metrics: {'loss': 0.6354403485331619, 'accuracy': 0.6578947368421053}
2025-05-26 10:49:02,351 [INFO] src.federated.server: ===== Starting Round 2/5 =====
2025-05-26 10:49:02,352 [INFO] src.federated.server: Starting federated training round...
2025-05-26 10:49:02,352 [INFO] src.federated.server: Selected 3 clients out of 3 available (fraction=0.1, min_clients=3): ['vqc_client_1', 'vqc_client_2', 'vqc_client_0']
2025-05-26 10:49:02,353 [INFO] src.core.quantum_client: Client vqc_client_1: Starting local training for 3 epochs (model type: vqc). Proximal term mu=0.0.
2025-05-26 10:49:02,353 [INFO] src.federated.client: Client vqc_client_1: Starting local training for 3 epochs. Proximal term mu=0.0.
2025-05-26 10:50:09,242 [INFO] src.federated.client: Client vqc_client_1 - Epoch 1/3 completed. Average Loss: 0.6018
2025-05-26 10:51:15,042 [INFO] src.federated.client: Client vqc_client_1 - Epoch 2/3 completed. Average Loss: 0.5412
2025-05-26 10:52:19,243 [INFO] src.federated.client: Client vqc_client_1 - Epoch 3/3 completed. Average Loss: 0.4790
2025-05-26 10:52:19,243 [INFO] src.federated.client: Client vqc_client_1: Local training finished. Processed 1254 samples.
2025-05-26 10:52:19,244 [INFO] src.core.quantum_client: Client vqc_client_2: Starting local training for 3 epochs (model type: vqc). Proximal term mu=0.0.
2025-05-26 10:52:19,245 [INFO] src.federated.client: Client vqc_client_2: Starting local training for 3 epochs. Proximal term mu=0.0.
2025-05-26 10:52:19,936 [INFO] src.federated.client: Client vqc_client_2 - Epoch 1/3 completed. Average Loss: 0.7649
2025-05-26 10:52:21,688 [INFO] src.federated.client: Client vqc_client_2 - Epoch 2/3 completed. Average Loss: 0.7488
2025-05-26 10:52:22,432 [INFO] src.federated.client: Client vqc_client_2 - Epoch 3/3 completed. Average Loss: 0.7325
2025-05-26 10:52:22,433 [INFO] src.federated.client: Client vqc_client_2: Local training finished. Processed 15 samples.
2025-05-26 10:52:22,434 [INFO] src.core.quantum_client: Client vqc_client_0: Starting local training for 3 epochs (model type: vqc). Proximal term mu=0.0.
2025-05-26 10:52:22,435 [INFO] src.federated.client: Client vqc_client_0: Starting local training for 3 epochs. Proximal term mu=0.0.
2025-05-26 10:52:27,021 [INFO] src.federated.client: Client vqc_client_0 - Epoch 1/3 completed. Average Loss: 0.7709
2025-05-26 10:52:31,610 [INFO] src.federated.client: Client vqc_client_0 - Epoch 2/3 completed. Average Loss: 0.7571
2025-05-26 10:52:35,868 [INFO] src.federated.client: Client vqc_client_0 - Epoch 3/3 completed. Average Loss: 0.7432
2025-05-26 10:52:35,868 [INFO] src.federated.client: Client vqc_client_0: Local training finished. Processed 96 samples.
2025-05-26 10:52:35,873 [INFO] src.federated.server: Aggregating updates from 3 clients using QuantumAggregationStrategy.
2025-05-26 10:52:35,873 [INFO] src.core.quantum_manager: QuantumAggregationStrategy: Detected nn.Module (QNN/VQC/Hybrid) state_dict. Delegating to base strategy: FedAvg
2025-05-26 10:52:35,873 [INFO] src.federated.aggregation: FedAvg: Aggregating updates from 3 clients.
2025-05-26 10:52:35,874 [INFO] src.federated.aggregation: FedAvg: Aggregation complete.
2025-05-26 10:52:35,875 [INFO] src.federated.server: Global model updated with aggregated parameters.
2025-05-26 10:52:35,875 [INFO] src.federated.server: Evaluating updated global model...
2025-05-26 10:52:35,875 [INFO] src.core.quantum_manager: Server: Starting evaluation of global model (type: vqc).
2025-05-26 10:52:37,416 [INFO] src.core.quantum_manager: Evaluation results: Loss=0.4723, Accuracy=0.9035
2025-05-26 10:52:37,417 [INFO] src.federated.server: Round 2 completed in 215.06s. Eval Metrics: {'loss': 0.472258096201378, 'accuracy': 0.9035087719298246}
2025-05-26 10:52:37,417 [INFO] src.federated.server: ===== Starting Round 3/5 =====
2025-05-26 10:52:37,417 [INFO] src.federated.server: Starting federated training round...
2025-05-26 10:52:37,417 [INFO] src.federated.server: Selected 3 clients out of 3 available (fraction=0.1, min_clients=3): ['vqc_client_0', 'vqc_client_2', 'vqc_client_1']
2025-05-26 10:52:37,419 [INFO] src.core.quantum_client: Client vqc_client_0: Starting local training for 3 epochs (model type: vqc). Proximal term mu=0.0.
2025-05-26 10:52:37,419 [INFO] src.federated.client: Client vqc_client_0: Starting local training for 3 epochs. Proximal term mu=0.0.
2025-05-26 10:52:42,211 [INFO] src.federated.client: Client vqc_client_0 - Epoch 1/3 completed. Average Loss: 0.7222
2025-05-26 10:52:47,117 [INFO] src.federated.client: Client vqc_client_0 - Epoch 2/3 completed. Average Loss: 0.7077
2025-05-26 10:52:52,871 [INFO] src.federated.client: Client vqc_client_0 - Epoch 3/3 completed. Average Loss: 0.6930
2025-05-26 10:52:52,871 [INFO] src.federated.client: Client vqc_client_0: Local training finished. Processed 96 samples.
2025-05-26 10:52:52,877 [INFO] src.core.quantum_client: Client vqc_client_2: Starting local training for 3 epochs (model type: vqc). Proximal term mu=0.0.
2025-05-26 10:52:52,878 [INFO] src.federated.client: Client vqc_client_2: Starting local training for 3 epochs. Proximal term mu=0.0.
2025-05-26 10:52:53,553 [INFO] src.federated.client: Client vqc_client_2 - Epoch 1/3 completed. Average Loss: 0.8155
2025-05-26 10:52:54,279 [INFO] src.federated.client: Client vqc_client_2 - Epoch 2/3 completed. Average Loss: 0.7966
2025-05-26 10:52:55,037 [INFO] src.federated.client: Client vqc_client_2 - Epoch 3/3 completed. Average Loss: 0.7770
2025-05-26 10:52:55,038 [INFO] src.federated.client: Client vqc_client_2: Local training finished. Processed 15 samples.
2025-05-26 10:52:55,040 [INFO] src.core.quantum_client: Client vqc_client_1: Starting local training for 3 epochs (model type: vqc). Proximal term mu=0.0.
2025-05-26 10:52:55,040 [INFO] src.federated.client: Client vqc_client_1: Starting local training for 3 epochs. Proximal term mu=0.0.
2025-05-26 10:54:02,648 [INFO] src.federated.client: Client vqc_client_1 - Epoch 1/3 completed. Average Loss: 0.4272
2025-05-26 10:55:12,299 [INFO] src.federated.client: Client vqc_client_1 - Epoch 2/3 completed. Average Loss: 0.3703
2025-05-26 10:56:21,507 [INFO] src.federated.client: Client vqc_client_1 - Epoch 3/3 completed. Average Loss: 0.3228
2025-05-26 10:56:21,508 [INFO] src.federated.client: Client vqc_client_1: Local training finished. Processed 1254 samples.
2025-05-26 10:56:21,509 [INFO] src.federated.server: Aggregating updates from 3 clients using QuantumAggregationStrategy.
2025-05-26 10:56:21,509 [INFO] src.core.quantum_manager: QuantumAggregationStrategy: Detected nn.Module (QNN/VQC/Hybrid) state_dict. Delegating to base strategy: FedAvg
2025-05-26 10:56:21,509 [INFO] src.federated.aggregation: FedAvg: Aggregating updates from 3 clients.
2025-05-26 10:56:21,510 [INFO] src.federated.aggregation: FedAvg: Aggregation complete.
2025-05-26 10:56:21,510 [INFO] src.federated.server: Global model updated with aggregated parameters.
2025-05-26 10:56:21,510 [INFO] src.federated.server: Evaluating updated global model...
2025-05-26 10:56:21,511 [INFO] src.core.quantum_manager: Server: Starting evaluation of global model (type: vqc).
2025-05-26 10:56:23,172 [INFO] src.core.quantum_manager: Evaluation results: Loss=0.3295, Accuracy=0.9211
2025-05-26 10:56:23,172 [INFO] src.federated.server: Round 3 completed in 225.76s. Eval Metrics: {'loss': 0.3295052950842339, 'accuracy': 0.9210526315789473}
2025-05-26 10:56:23,173 [INFO] src.federated.server: ===== Starting Round 4/5 =====
2025-05-26 10:56:23,173 [INFO] src.federated.server: Starting federated training round...
2025-05-26 10:56:23,173 [INFO] src.federated.server: Selected 3 clients out of 3 available (fraction=0.1, min_clients=3): ['vqc_client_1', 'vqc_client_2', 'vqc_client_0']
2025-05-26 10:56:23,175 [INFO] src.core.quantum_client: Client vqc_client_1: Starting local training for 3 epochs (model type: vqc). Proximal term mu=0.0.
2025-05-26 10:56:23,176 [INFO] src.federated.client: Client vqc_client_1: Starting local training for 3 epochs. Proximal term mu=0.0.
2025-05-26 10:57:37,211 [INFO] src.federated.client: Client vqc_client_1 - Epoch 1/3 completed. Average Loss: 0.2976
2025-05-26 10:58:48,868 [INFO] src.federated.client: Client vqc_client_1 - Epoch 2/3 completed. Average Loss: 0.2710
2025-05-26 10:59:58,009 [INFO] src.federated.client: Client vqc_client_1 - Epoch 3/3 completed. Average Loss: 0.2532
2025-05-26 10:59:58,010 [INFO] src.federated.client: Client vqc_client_1: Local training finished. Processed 1254 samples.
2025-05-26 10:59:58,011 [INFO] src.core.quantum_client: Client vqc_client_2: Starting local training for 3 epochs (model type: vqc). Proximal term mu=0.0.
2025-05-26 10:59:58,011 [INFO] src.federated.client: Client vqc_client_2: Starting local training for 3 epochs. Proximal term mu=0.0.
2025-05-26 10:59:58,785 [INFO] src.federated.client: Client vqc_client_2 - Epoch 1/3 completed. Average Loss: 0.8991
2025-05-26 10:59:59,663 [INFO] src.federated.client: Client vqc_client_2 - Epoch 2/3 completed. Average Loss: 0.8754
2025-05-26 11:00:00,576 [INFO] src.federated.client: Client vqc_client_2 - Epoch 3/3 completed. Average Loss: 0.8507
2025-05-26 11:00:00,577 [INFO] src.federated.client: Client vqc_client_2: Local training finished. Processed 15 samples.
2025-05-26 11:00:00,579 [INFO] src.core.quantum_client: Client vqc_client_0: Starting local training for 3 epochs (model type: vqc). Proximal term mu=0.0.
2025-05-26 11:00:00,579 [INFO] src.federated.client: Client vqc_client_0: Starting local training for 3 epochs. Proximal term mu=0.0.
2025-05-26 11:00:06,958 [INFO] src.federated.client: Client vqc_client_0 - Epoch 1/3 completed. Average Loss: 0.5539
2025-05-26 11:00:11,947 [INFO] src.federated.client: Client vqc_client_0 - Epoch 2/3 completed. Average Loss: 0.5437
2025-05-26 11:00:16,685 [INFO] src.federated.client: Client vqc_client_0 - Epoch 3/3 completed. Average Loss: 0.5337
2025-05-26 11:00:16,686 [INFO] src.federated.client: Client vqc_client_0: Local training finished. Processed 96 samples.
2025-05-26 11:00:16,690 [INFO] src.federated.server: Aggregating updates from 3 clients using QuantumAggregationStrategy.
2025-05-26 11:00:16,691 [INFO] src.core.quantum_manager: QuantumAggregationStrategy: Detected nn.Module (QNN/VQC/Hybrid) state_dict. Delegating to base strategy: FedAvg
2025-05-26 11:00:16,691 [INFO] src.federated.aggregation: FedAvg: Aggregating updates from 3 clients.
2025-05-26 11:00:16,692 [INFO] src.federated.aggregation: FedAvg: Aggregation complete.
2025-05-26 11:00:16,693 [INFO] src.federated.server: Global model updated with aggregated parameters.
2025-05-26 11:00:16,693 [INFO] src.federated.server: Evaluating updated global model...
2025-05-26 11:00:16,693 [INFO] src.core.quantum_manager: Server: Starting evaluation of global model (type: vqc).
2025-05-26 11:00:18,274 [INFO] src.core.quantum_manager: Evaluation results: Loss=0.2629, Accuracy=0.9298
2025-05-26 11:00:18,275 [INFO] src.federated.server: Round 4 completed in 235.10s. Eval Metrics: {'loss': 0.26286514809257105, 'accuracy': 0.9298245614035088}
2025-05-26 11:00:18,275 [INFO] src.federated.server: ===== Starting Round 5/5 =====
2025-05-26 11:00:18,275 [INFO] src.federated.server: Starting federated training round...
2025-05-26 11:00:18,275 [INFO] src.federated.server: Selected 3 clients out of 3 available (fraction=0.1, min_clients=3): ['vqc_client_0', 'vqc_client_1', 'vqc_client_2']
2025-05-26 11:00:18,277 [INFO] src.core.quantum_client: Client vqc_client_0: Starting local training for 3 epochs (model type: vqc). Proximal term mu=0.0.
2025-05-26 11:00:18,278 [INFO] src.federated.client: Client vqc_client_0: Starting local training for 3 epochs. Proximal term mu=0.0.
2025-05-26 11:00:23,115 [INFO] src.federated.client: Client vqc_client_0 - Epoch 1/3 completed. Average Loss: 0.4515
2025-05-26 11:00:27,858 [INFO] src.federated.client: Client vqc_client_0 - Epoch 2/3 completed. Average Loss: 0.4435
2025-05-26 11:00:33,944 [INFO] src.federated.client: Client vqc_client_0 - Epoch 3/3 completed. Average Loss: 0.4353
2025-05-26 11:00:33,945 [INFO] src.federated.client: Client vqc_client_0: Local training finished. Processed 96 samples.
2025-05-26 11:00:33,950 [INFO] src.core.quantum_client: Client vqc_client_1: Starting local training for 3 epochs (model type: vqc). Proximal term mu=0.0.
2025-05-26 11:00:33,951 [INFO] src.federated.client: Client vqc_client_1: Starting local training for 3 epochs. Proximal term mu=0.0.
2025-05-26 11:01:44,620 [INFO] src.federated.client: Client vqc_client_1 - Epoch 1/3 completed. Average Loss: 0.2407
2025-05-26 11:02:52,364 [INFO] src.federated.client: Client vqc_client_1 - Epoch 2/3 completed. Average Loss: 0.2283
2025-05-26 11:04:02,084 [INFO] src.federated.client: Client vqc_client_1 - Epoch 3/3 completed. Average Loss: 0.2150
2025-05-26 11:04:02,085 [INFO] src.federated.client: Client vqc_client_1: Local training finished. Processed 1254 samples.
2025-05-26 11:04:02,087 [INFO] src.core.quantum_client: Client vqc_client_2: Starting local training for 3 epochs (model type: vqc). Proximal term mu=0.0.
2025-05-26 11:04:02,087 [INFO] src.federated.client: Client vqc_client_2: Starting local training for 3 epochs. Proximal term mu=0.0.
2025-05-26 11:04:03,187 [INFO] src.federated.client: Client vqc_client_2 - Epoch 1/3 completed. Average Loss: 0.9585
2025-05-26 11:04:04,089 [INFO] src.federated.client: Client vqc_client_2 - Epoch 2/3 completed. Average Loss: 0.9267
2025-05-26 11:04:05,222 [INFO] src.federated.client: Client vqc_client_2 - Epoch 3/3 completed. Average Loss: 0.8937
2025-05-26 11:04:05,223 [INFO] src.federated.client: Client vqc_client_2: Local training finished. Processed 15 samples.
2025-05-26 11:04:05,224 [INFO] src.federated.server: Aggregating updates from 3 clients using QuantumAggregationStrategy.
2025-05-26 11:04:05,224 [INFO] src.core.quantum_manager: QuantumAggregationStrategy: Detected nn.Module (QNN/VQC/Hybrid) state_dict. Delegating to base strategy: FedAvg
2025-05-26 11:04:05,225 [INFO] src.federated.aggregation: FedAvg: Aggregating updates from 3 clients.
2025-05-26 11:04:05,225 [INFO] src.federated.aggregation: FedAvg: Aggregation complete.
2025-05-26 11:04:05,226 [INFO] src.federated.server: Global model updated with aggregated parameters.
2025-05-26 11:04:05,226 [INFO] src.federated.server: Evaluating updated global model...
2025-05-26 11:04:05,226 [INFO] src.core.quantum_manager: Server: Starting evaluation of global model (type: vqc).
2025-05-26 11:04:07,224 [INFO] src.core.quantum_manager: Evaluation results: Loss=0.2273, Accuracy=0.9123
2025-05-26 11:04:07,224 [INFO] src.federated.server: Round 5 completed in 228.95s. Eval Metrics: {'loss': 0.22725117363427816, 'accuracy': 0.9122807017543859}
2025-05-26 11:04:07,224 [INFO] src.federated.server: Federated training process completed after 5 rounds.
2025-05-26 11:04:07,224 [INFO] BC_ExperimentRunner: ========== Finished BC_VQC_FedAvg_NonIID_a0.5_PCA4_L2_Complex ==========

2025-05-26 11:04:07,225 [INFO] BC_ExperimentRunner: ========== Starting BC_VQC_FedProx_IID_PCA4_L2_Basic ==========
2025-05-26 11:04:07,225 [INFO] BC_ExperimentRunner: --- Setting up experiment: BC_VQC_FedProx_IID_PCA4_L2_Basic for dataset breast_cancer ---
2025-05-26 11:04:07,225 [INFO] src.utils.data_utils: Set all random seeds to 42
2025-05-26 11:04:07,225 [INFO] BC_ExperimentRunner: Experiment 'BC_VQC_FedProx_IID_PCA4_L2_Basic' will use tensor_dtype: torch.float32
2025-05-26 11:04:07,225 [INFO] src.utils.data_utils: Loading dataset: breast_cancer, PCA features=4, Scaling=minmax, Subset size=None, Dtype=torch.float32
2025-05-26 11:04:07,226 [INFO] src.utils.data_utils: Set all random seeds to 42
2025-05-26 11:04:07,236 [INFO] src.utils.data_utils: Applying PCA to reduce features to 4
2025-05-26 11:04:07,238 [INFO] src.utils.data_utils: PCA applied. New feature count: 4. Explained variance: 0.8393
2025-05-26 11:04:07,239 [INFO] src.utils.data_utils: Data preparation complete for 'breast_cancer'. Train size: 455, Test size: 114, Features: 4, Classes: 2
2025-05-26 11:04:07,245 [INFO] BC_ExperimentRunner: Successfully loaded configuration from /home/dhanraj/quantum_federated_simulator/configs/federated/server_config.yaml
2025-05-26 11:04:07,249 [INFO] BC_ExperimentRunner: Successfully loaded configuration from /home/dhanraj/quantum_federated_simulator/configs/federated/client_config.yaml
2025-05-26 11:04:07,253 [INFO] BC_ExperimentRunner: Successfully loaded configuration from /home/dhanraj/quantum_federated_simulator/configs/federated/default_aggregation.yaml
2025-05-26 11:04:07,254 [INFO] BC_ExperimentRunner: Creating model of type: vqc with n_features=4, n_classes=2, initial_dtype_request=torch.float32
2025-05-26 11:04:07,254 [INFO] src.quantum.models: Initializing VQC (TorchLayer): qubits=4, layers=2, circuit='basic', device='lightning.qubit', shots=None, diff_method='best'
2025-05-26 11:04:07,255 [INFO] src.quantum.circuits: Creating basic circuit with 4 qubits, 2 layers.
2025-05-26 11:04:07,255 [INFO] src.quantum.circuits: Basic circuit expects 24 trainable parameters.
2025-05-26 11:04:07,255 [INFO] src.quantum.models: VQC circuit requires 24 parameters.
2025-05-26 11:04:07,255 [INFO] src.quantum.models: VariationalQuantumClassifier: Using 'lightning.qubit' with no shots. Defaulting to 'adjoint'.
2025-05-26 11:04:07,255 [INFO] src.quantum.models: VariationalQuantumClassifier attempting to use differentiation method: adjoint
2025-05-26 11:04:07,264 [INFO] src.quantum.models: VQC raw circuit output dimension: 4
2025-05-26 11:04:07,264 [INFO] src.quantum.models: VQC: Added Linear head: 4 -> 2 logits for CrossEntropyLoss.
2025-05-26 11:04:07,264 [INFO] src.federated.aggregation: Creating aggregation strategy of type: fedavg
2025-05-26 11:04:07,265 [INFO] BC_ExperimentRunner: Using aggregation strategy: QuantumAggregationStrategy (base: FedAvg)
2025-05-26 11:04:07,265 [INFO] src.core.quantum_manager: QuantumServer: Initializing with global model type 'vqc'.
2025-05-26 11:04:07,267 [INFO] src.federated.server: Federated server initialized on device 'cuda' with aggregation strategy: QuantumAggregationStrategy
2025-05-26 11:04:07,268 [INFO] BC_ExperimentRunner: Creating model of type: vqc with n_features=4, n_classes=2, initial_dtype_request=torch.float32
2025-05-26 11:04:07,268 [INFO] src.quantum.models: Initializing VQC (TorchLayer): qubits=4, layers=2, circuit='basic', device='lightning.qubit', shots=None, diff_method='best'
2025-05-26 11:04:07,268 [INFO] src.quantum.circuits: Creating basic circuit with 4 qubits, 2 layers.
2025-05-26 11:04:07,269 [INFO] src.quantum.circuits: Basic circuit expects 24 trainable parameters.
2025-05-26 11:04:07,269 [INFO] src.quantum.models: VQC circuit requires 24 parameters.
2025-05-26 11:04:07,269 [INFO] src.quantum.models: VariationalQuantumClassifier: Using 'lightning.qubit' with no shots. Defaulting to 'adjoint'.
2025-05-26 11:04:07,270 [INFO] src.quantum.models: VariationalQuantumClassifier attempting to use differentiation method: adjoint
2025-05-26 11:04:07,280 [INFO] src.quantum.models: VQC raw circuit output dimension: 4
2025-05-26 11:04:07,281 [INFO] src.quantum.models: VQC: Added Linear head: 4 -> 2 logits for CrossEntropyLoss.
2025-05-26 11:04:07,281 [INFO] src.core.quantum_client: QuantumClient vqc_client_0: Initializing with model type 'vqc'.
2025-05-26 11:04:07,285 [INFO] src.federated.client: Client vqc_client_0 initialized on device 'cuda' with 151 samples.
2025-05-26 11:04:07,286 [INFO] BC_ExperimentRunner: Creating model of type: vqc with n_features=4, n_classes=2, initial_dtype_request=torch.float32
2025-05-26 11:04:07,286 [INFO] src.quantum.models: Initializing VQC (TorchLayer): qubits=4, layers=2, circuit='basic', device='lightning.qubit', shots=None, diff_method='best'
2025-05-26 11:04:07,287 [INFO] src.quantum.circuits: Creating basic circuit with 4 qubits, 2 layers.
2025-05-26 11:04:07,287 [INFO] src.quantum.circuits: Basic circuit expects 24 trainable parameters.
2025-05-26 11:04:07,287 [INFO] src.quantum.models: VQC circuit requires 24 parameters.
2025-05-26 11:04:07,288 [INFO] src.quantum.models: VariationalQuantumClassifier: Using 'lightning.qubit' with no shots. Defaulting to 'adjoint'.
2025-05-26 11:04:07,288 [INFO] src.quantum.models: VariationalQuantumClassifier attempting to use differentiation method: adjoint
2025-05-26 11:04:07,297 [INFO] src.quantum.models: VQC raw circuit output dimension: 4
2025-05-26 11:04:07,298 [INFO] src.quantum.models: VQC: Added Linear head: 4 -> 2 logits for CrossEntropyLoss.
2025-05-26 11:04:07,298 [INFO] src.core.quantum_client: QuantumClient vqc_client_1: Initializing with model type 'vqc'.
2025-05-26 11:04:07,300 [INFO] src.federated.client: Client vqc_client_1 initialized on device 'cuda' with 151 samples.
2025-05-26 11:04:07,301 [INFO] BC_ExperimentRunner: Creating model of type: vqc with n_features=4, n_classes=2, initial_dtype_request=torch.float32
2025-05-26 11:04:07,301 [INFO] src.quantum.models: Initializing VQC (TorchLayer): qubits=4, layers=2, circuit='basic', device='lightning.qubit', shots=None, diff_method='best'
2025-05-26 11:04:07,301 [INFO] src.quantum.circuits: Creating basic circuit with 4 qubits, 2 layers.
2025-05-26 11:04:07,302 [INFO] src.quantum.circuits: Basic circuit expects 24 trainable parameters.
2025-05-26 11:04:07,302 [INFO] src.quantum.models: VQC circuit requires 24 parameters.
2025-05-26 11:04:07,302 [INFO] src.quantum.models: VariationalQuantumClassifier: Using 'lightning.qubit' with no shots. Defaulting to 'adjoint'.
2025-05-26 11:04:07,302 [INFO] src.quantum.models: VariationalQuantumClassifier attempting to use differentiation method: adjoint
2025-05-26 11:04:07,314 [INFO] src.quantum.models: VQC raw circuit output dimension: 4
2025-05-26 11:04:07,314 [INFO] src.quantum.models: VQC: Added Linear head: 4 -> 2 logits for CrossEntropyLoss.
2025-05-26 11:04:07,315 [INFO] src.core.quantum_client: QuantumClient vqc_client_2: Initializing with model type 'vqc'.
2025-05-26 11:04:07,317 [INFO] src.federated.client: Client vqc_client_2 initialized on device 'cuda' with 153 samples.
2025-05-26 11:04:07,318 [INFO] src.federated.server: Registered client 'vqc_client_0'. Total clients: 1.
2025-05-26 11:04:07,318 [INFO] src.federated.server: Registered client 'vqc_client_1'. Total clients: 2.
2025-05-26 11:04:07,318 [INFO] src.federated.server: Registered client 'vqc_client_2'. Total clients: 3.
2025-05-26 11:04:07,318 [INFO] BC_ExperimentRunner: --- Scenario setup complete for BC_VQC_FedProx_IID_PCA4_L2_Basic ---
2025-05-26 11:04:07,318 [INFO] src.federated.server: Starting federated training process for 5 rounds.
2025-05-26 11:04:07,319 [INFO] src.federated.server: Config: local_epochs=3, client_fraction=0.1, min_clients=3, FedProx mu=0.01
2025-05-26 11:04:07,319 [INFO] src.federated.server: Performing initial evaluation of global model...
2025-05-26 11:04:07,319 [INFO] src.core.quantum_manager: Server: Starting evaluation of global model (type: vqc).
2025-05-26 11:04:08,402 [INFO] src.core.quantum_manager: Evaluation results: Loss=0.6952, Accuracy=0.4298
2025-05-26 11:04:08,403 [INFO] src.federated.server: Initial Evaluation Metrics: {'loss': 0.6951935155349865, 'accuracy': 0.4298245614035088}
2025-05-26 11:04:08,403 [INFO] src.federated.server: ===== Starting Round 1/5 =====
2025-05-26 11:04:08,403 [INFO] src.federated.server: Starting federated training round...
2025-05-26 11:04:08,403 [INFO] src.federated.server: Selected 3 clients out of 3 available (fraction=0.1, min_clients=3): ['vqc_client_2', 'vqc_client_0', 'vqc_client_1']
2025-05-26 11:04:08,405 [INFO] src.core.quantum_client: Client vqc_client_2: Starting local training for 3 epochs (model type: vqc). Proximal term mu=0.01.
2025-05-26 11:04:08,405 [INFO] src.federated.client: Client vqc_client_2: Starting local training for 3 epochs. Proximal term mu=0.01.
2025-05-26 11:04:19,778 [INFO] src.federated.client: Client vqc_client_2 - Epoch 1/3 completed. Average Loss: 0.6859
2025-05-26 11:04:30,281 [INFO] src.federated.client: Client vqc_client_2 - Epoch 2/3 completed. Average Loss: 0.6607
2025-05-26 11:04:39,878 [INFO] src.federated.client: Client vqc_client_2 - Epoch 3/3 completed. Average Loss: 0.6355
2025-05-26 11:04:39,879 [INFO] src.federated.client: Client vqc_client_2: Local training finished. Processed 459 samples.
2025-05-26 11:04:39,883 [INFO] src.core.quantum_client: Client vqc_client_0: Starting local training for 3 epochs (model type: vqc). Proximal term mu=0.01.
2025-05-26 11:04:39,883 [INFO] src.federated.client: Client vqc_client_0: Starting local training for 3 epochs. Proximal term mu=0.01.
2025-05-26 11:04:50,526 [INFO] src.federated.client: Client vqc_client_0 - Epoch 1/3 completed. Average Loss: 0.6855
2025-05-26 11:04:59,333 [INFO] src.federated.client: Client vqc_client_0 - Epoch 2/3 completed. Average Loss: 0.6586
2025-05-26 11:05:08,037 [INFO] src.federated.client: Client vqc_client_0 - Epoch 3/3 completed. Average Loss: 0.6367
2025-05-26 11:05:08,038 [INFO] src.federated.client: Client vqc_client_0: Local training finished. Processed 453 samples.
2025-05-26 11:05:08,041 [INFO] src.core.quantum_client: Client vqc_client_1: Starting local training for 3 epochs (model type: vqc). Proximal term mu=0.01.
2025-05-26 11:05:08,042 [INFO] src.federated.client: Client vqc_client_1: Starting local training for 3 epochs. Proximal term mu=0.01.
2025-05-26 11:05:18,709 [INFO] src.federated.client: Client vqc_client_1 - Epoch 1/3 completed. Average Loss: 0.6850
2025-05-26 11:05:27,627 [INFO] src.federated.client: Client vqc_client_1 - Epoch 2/3 completed. Average Loss: 0.6635
2025-05-26 11:05:37,328 [INFO] src.federated.client: Client vqc_client_1 - Epoch 3/3 completed. Average Loss: 0.6454
2025-05-26 11:05:37,329 [INFO] src.federated.client: Client vqc_client_1: Local training finished. Processed 453 samples.
2025-05-26 11:05:37,331 [INFO] src.federated.server: Aggregating updates from 3 clients using QuantumAggregationStrategy.
2025-05-26 11:05:37,332 [INFO] src.core.quantum_manager: QuantumAggregationStrategy: Detected nn.Module (QNN/VQC/Hybrid) state_dict. Delegating to base strategy: FedAvg
2025-05-26 11:05:37,332 [INFO] src.federated.aggregation: FedAvg: Aggregating updates from 3 clients.
2025-05-26 11:05:37,333 [INFO] src.federated.aggregation: FedAvg: Aggregation complete.
2025-05-26 11:05:37,333 [INFO] src.federated.server: Global model updated with aggregated parameters.
2025-05-26 11:05:37,333 [INFO] src.federated.server: Evaluating updated global model...
2025-05-26 11:05:37,333 [INFO] src.core.quantum_manager: Server: Starting evaluation of global model (type: vqc).
2025-05-26 11:05:38,114 [INFO] src.core.quantum_manager: Evaluation results: Loss=0.6235, Accuracy=0.6404
2025-05-26 11:05:38,114 [INFO] src.federated.server: Round 1 completed in 89.71s. Eval Metrics: {'loss': 0.6235448205680177, 'accuracy': 0.6403508771929824}
2025-05-26 11:05:38,114 [INFO] src.federated.server: ===== Starting Round 2/5 =====
2025-05-26 11:05:38,114 [INFO] src.federated.server: Starting federated training round...
2025-05-26 11:05:38,114 [INFO] src.federated.server: Selected 3 clients out of 3 available (fraction=0.1, min_clients=3): ['vqc_client_2', 'vqc_client_1', 'vqc_client_0']
2025-05-26 11:05:38,115 [INFO] src.core.quantum_client: Client vqc_client_2: Starting local training for 3 epochs (model type: vqc). Proximal term mu=0.01.
2025-05-26 11:05:38,115 [INFO] src.federated.client: Client vqc_client_2: Starting local training for 3 epochs. Proximal term mu=0.01.
2025-05-26 11:05:48,718 [INFO] src.federated.client: Client vqc_client_2 - Epoch 1/3 completed. Average Loss: 0.6203
2025-05-26 11:05:57,350 [INFO] src.federated.client: Client vqc_client_2 - Epoch 2/3 completed. Average Loss: 0.6045
2025-05-26 11:06:06,034 [INFO] src.federated.client: Client vqc_client_2 - Epoch 3/3 completed. Average Loss: 0.5869
2025-05-26 11:06:06,034 [INFO] src.federated.client: Client vqc_client_2: Local training finished. Processed 459 samples.
2025-05-26 11:06:06,037 [INFO] src.core.quantum_client: Client vqc_client_1: Starting local training for 3 epochs (model type: vqc). Proximal term mu=0.01.
2025-05-26 11:06:06,037 [INFO] src.federated.client: Client vqc_client_1: Starting local training for 3 epochs. Proximal term mu=0.01.
2025-05-26 11:06:14,404 [INFO] src.federated.client: Client vqc_client_1 - Epoch 1/3 completed. Average Loss: 0.6268
2025-05-26 11:06:23,902 [INFO] src.federated.client: Client vqc_client_1 - Epoch 2/3 completed. Average Loss: 0.6118
2025-05-26 11:06:33,170 [INFO] src.federated.client: Client vqc_client_1 - Epoch 3/3 completed. Average Loss: 0.5973
2025-05-26 11:06:33,171 [INFO] src.federated.client: Client vqc_client_1: Local training finished. Processed 453 samples.
2025-05-26 11:06:33,174 [INFO] src.core.quantum_client: Client vqc_client_0: Starting local training for 3 epochs (model type: vqc). Proximal term mu=0.01.
2025-05-26 11:06:33,174 [INFO] src.federated.client: Client vqc_client_0: Starting local training for 3 epochs. Proximal term mu=0.01.
2025-05-26 11:06:42,510 [INFO] src.federated.client: Client vqc_client_0 - Epoch 1/3 completed. Average Loss: 0.6202
2025-05-26 11:06:52,401 [INFO] src.federated.client: Client vqc_client_0 - Epoch 2/3 completed. Average Loss: 0.6031
2025-05-26 11:07:01,563 [INFO] src.federated.client: Client vqc_client_0 - Epoch 3/3 completed. Average Loss: 0.5862
2025-05-26 11:07:01,564 [INFO] src.federated.client: Client vqc_client_0: Local training finished. Processed 453 samples.
2025-05-26 11:07:01,566 [INFO] src.federated.server: Aggregating updates from 3 clients using QuantumAggregationStrategy.
2025-05-26 11:07:01,567 [INFO] src.core.quantum_manager: QuantumAggregationStrategy: Detected nn.Module (QNN/VQC/Hybrid) state_dict. Delegating to base strategy: FedAvg
2025-05-26 11:07:01,567 [INFO] src.federated.aggregation: FedAvg: Aggregating updates from 3 clients.
2025-05-26 11:07:01,568 [INFO] src.federated.aggregation: FedAvg: Aggregation complete.
2025-05-26 11:07:01,569 [INFO] src.federated.server: Global model updated with aggregated parameters.
2025-05-26 11:07:01,569 [INFO] src.federated.server: Evaluating updated global model...
2025-05-26 11:07:01,569 [INFO] src.core.quantum_manager: Server: Starting evaluation of global model (type: vqc).
2025-05-26 11:07:02,458 [INFO] src.core.quantum_manager: Evaluation results: Loss=0.5722, Accuracy=0.6491
2025-05-26 11:07:02,458 [INFO] src.federated.server: Round 2 completed in 84.34s. Eval Metrics: {'loss': 0.5721953584436785, 'accuracy': 0.6491228070175439}
2025-05-26 11:07:02,458 [INFO] src.federated.server: ===== Starting Round 3/5 =====
2025-05-26 11:07:02,458 [INFO] src.federated.server: Starting federated training round...
2025-05-26 11:07:02,459 [INFO] src.federated.server: Selected 3 clients out of 3 available (fraction=0.1, min_clients=3): ['vqc_client_0', 'vqc_client_2', 'vqc_client_1']
2025-05-26 11:07:02,460 [INFO] src.core.quantum_client: Client vqc_client_0: Starting local training for 3 epochs (model type: vqc). Proximal term mu=0.01.
2025-05-26 11:07:02,460 [INFO] src.federated.client: Client vqc_client_0: Starting local training for 3 epochs. Proximal term mu=0.01.
2025-05-26 11:07:11,525 [INFO] src.federated.client: Client vqc_client_0 - Epoch 1/3 completed. Average Loss: 0.5714
2025-05-26 11:07:21,893 [INFO] src.federated.client: Client vqc_client_0 - Epoch 2/3 completed. Average Loss: 0.5564
2025-05-26 11:07:30,318 [INFO] src.federated.client: Client vqc_client_0 - Epoch 3/3 completed. Average Loss: 0.5407
2025-05-26 11:07:30,318 [INFO] src.federated.client: Client vqc_client_0: Local training finished. Processed 453 samples.
2025-05-26 11:07:30,322 [INFO] src.core.quantum_client: Client vqc_client_2: Starting local training for 3 epochs (model type: vqc). Proximal term mu=0.01.
2025-05-26 11:07:30,322 [INFO] src.federated.client: Client vqc_client_2: Starting local training for 3 epochs. Proximal term mu=0.01.
2025-05-26 11:07:39,147 [INFO] src.federated.client: Client vqc_client_2 - Epoch 1/3 completed. Average Loss: 0.5723
2025-05-26 11:07:49,577 [INFO] src.federated.client: Client vqc_client_2 - Epoch 2/3 completed. Average Loss: 0.5586
2025-05-26 11:07:59,734 [INFO] src.federated.client: Client vqc_client_2 - Epoch 3/3 completed. Average Loss: 0.5435
2025-05-26 11:07:59,735 [INFO] src.federated.client: Client vqc_client_2: Local training finished. Processed 459 samples.
2025-05-26 11:07:59,738 [INFO] src.core.quantum_client: Client vqc_client_1: Starting local training for 3 epochs (model type: vqc). Proximal term mu=0.01.
2025-05-26 11:07:59,739 [INFO] src.federated.client: Client vqc_client_1: Starting local training for 3 epochs. Proximal term mu=0.01.
2025-05-26 11:08:08,696 [INFO] src.federated.client: Client vqc_client_1 - Epoch 1/3 completed. Average Loss: 0.5830
2025-05-26 11:08:17,687 [INFO] src.federated.client: Client vqc_client_1 - Epoch 2/3 completed. Average Loss: 0.5658
2025-05-26 11:08:27,530 [INFO] src.federated.client: Client vqc_client_1 - Epoch 3/3 completed. Average Loss: 0.5467
2025-05-26 11:08:27,531 [INFO] src.federated.client: Client vqc_client_1: Local training finished. Processed 453 samples.
2025-05-26 11:08:27,533 [INFO] src.federated.server: Aggregating updates from 3 clients using QuantumAggregationStrategy.
2025-05-26 11:08:27,533 [INFO] src.core.quantum_manager: QuantumAggregationStrategy: Detected nn.Module (QNN/VQC/Hybrid) state_dict. Delegating to base strategy: FedAvg
2025-05-26 11:08:27,534 [INFO] src.federated.aggregation: FedAvg: Aggregating updates from 3 clients.
2025-05-26 11:08:27,534 [INFO] src.federated.aggregation: FedAvg: Aggregation complete.
2025-05-26 11:08:27,535 [INFO] src.federated.server: Global model updated with aggregated parameters.
2025-05-26 11:08:27,535 [INFO] src.federated.server: Evaluating updated global model...
2025-05-26 11:08:27,535 [INFO] src.core.quantum_manager: Server: Starting evaluation of global model (type: vqc).
2025-05-26 11:08:28,358 [INFO] src.core.quantum_manager: Evaluation results: Loss=0.5220, Accuracy=0.7193
2025-05-26 11:08:28,359 [INFO] src.federated.server: Round 3 completed in 85.90s. Eval Metrics: {'loss': 0.5220318206569605, 'accuracy': 0.7192982456140351}
2025-05-26 11:08:28,359 [INFO] src.federated.server: ===== Starting Round 4/5 =====
2025-05-26 11:08:28,359 [INFO] src.federated.server: Starting federated training round...
2025-05-26 11:08:28,359 [INFO] src.federated.server: Selected 3 clients out of 3 available (fraction=0.1, min_clients=3): ['vqc_client_2', 'vqc_client_0', 'vqc_client_1']
2025-05-26 11:08:28,361 [INFO] src.core.quantum_client: Client vqc_client_2: Starting local training for 3 epochs (model type: vqc). Proximal term mu=0.01.
2025-05-26 11:08:28,361 [INFO] src.federated.client: Client vqc_client_2: Starting local training for 3 epochs. Proximal term mu=0.01.
2025-05-26 11:08:38,219 [INFO] src.federated.client: Client vqc_client_2 - Epoch 1/3 completed. Average Loss: 0.5263
2025-05-26 11:08:48,100 [INFO] src.federated.client: Client vqc_client_2 - Epoch 2/3 completed. Average Loss: 0.5094
2025-05-26 11:08:59,711 [INFO] src.federated.client: Client vqc_client_2 - Epoch 3/3 completed. Average Loss: 0.4916
2025-05-26 11:08:59,712 [INFO] src.federated.client: Client vqc_client_2: Local training finished. Processed 459 samples.
2025-05-26 11:08:59,715 [INFO] src.core.quantum_client: Client vqc_client_0: Starting local training for 3 epochs (model type: vqc). Proximal term mu=0.01.
2025-05-26 11:08:59,715 [INFO] src.federated.client: Client vqc_client_0: Starting local training for 3 epochs. Proximal term mu=0.01.
2025-05-26 11:09:09,282 [INFO] src.federated.client: Client vqc_client_0 - Epoch 1/3 completed. Average Loss: 0.5236
2025-05-26 11:09:18,811 [INFO] src.federated.client: Client vqc_client_0 - Epoch 2/3 completed. Average Loss: 0.5059
2025-05-26 11:09:29,033 [INFO] src.federated.client: Client vqc_client_0 - Epoch 3/3 completed. Average Loss: 0.4869
2025-05-26 11:09:29,033 [INFO] src.federated.client: Client vqc_client_0: Local training finished. Processed 453 samples.
2025-05-26 11:09:29,036 [INFO] src.core.quantum_client: Client vqc_client_1: Starting local training for 3 epochs (model type: vqc). Proximal term mu=0.01.
2025-05-26 11:09:29,037 [INFO] src.federated.client: Client vqc_client_1: Starting local training for 3 epochs. Proximal term mu=0.01.
2025-05-26 11:09:38,762 [INFO] src.federated.client: Client vqc_client_1 - Epoch 1/3 completed. Average Loss: 0.5313
2025-05-26 11:09:48,208 [INFO] src.federated.client: Client vqc_client_1 - Epoch 2/3 completed. Average Loss: 0.5098
2025-05-26 11:10:00,169 [INFO] src.federated.client: Client vqc_client_1 - Epoch 3/3 completed. Average Loss: 0.4880
2025-05-26 11:10:00,170 [INFO] src.federated.client: Client vqc_client_1: Local training finished. Processed 453 samples.
2025-05-26 11:10:00,174 [INFO] src.federated.server: Aggregating updates from 3 clients using QuantumAggregationStrategy.
2025-05-26 11:10:00,174 [INFO] src.core.quantum_manager: QuantumAggregationStrategy: Detected nn.Module (QNN/VQC/Hybrid) state_dict. Delegating to base strategy: FedAvg
2025-05-26 11:10:00,175 [INFO] src.federated.aggregation: FedAvg: Aggregating updates from 3 clients.
2025-05-26 11:10:00,176 [INFO] src.federated.aggregation: FedAvg: Aggregation complete.
2025-05-26 11:10:00,177 [INFO] src.federated.server: Global model updated with aggregated parameters.
2025-05-26 11:10:00,177 [INFO] src.federated.server: Evaluating updated global model...
2025-05-26 11:10:00,177 [INFO] src.core.quantum_manager: Server: Starting evaluation of global model (type: vqc).
2025-05-26 11:10:01,703 [INFO] src.core.quantum_manager: Evaluation results: Loss=0.4635, Accuracy=0.8421
2025-05-26 11:10:01,704 [INFO] src.federated.server: Round 4 completed in 93.35s. Eval Metrics: {'loss': 0.46352268415584896, 'accuracy': 0.8421052631578947}
2025-05-26 11:10:01,704 [INFO] src.federated.server: ===== Starting Round 5/5 =====
2025-05-26 11:10:01,705 [INFO] src.federated.server: Starting federated training round...
2025-05-26 11:10:01,705 [INFO] src.federated.server: Selected 3 clients out of 3 available (fraction=0.1, min_clients=3): ['vqc_client_0', 'vqc_client_2', 'vqc_client_1']
2025-05-26 11:10:01,709 [INFO] src.core.quantum_client: Client vqc_client_0: Starting local training for 3 epochs (model type: vqc). Proximal term mu=0.01.
2025-05-26 11:10:01,709 [INFO] src.federated.client: Client vqc_client_0: Starting local training for 3 epochs. Proximal term mu=0.01.
2025-05-26 11:10:12,097 [INFO] src.federated.client: Client vqc_client_0 - Epoch 1/3 completed. Average Loss: 0.4648
2025-05-26 11:10:20,057 [INFO] src.federated.client: Client vqc_client_0 - Epoch 2/3 completed. Average Loss: 0.4435
2025-05-26 11:10:28,611 [INFO] src.federated.client: Client vqc_client_0 - Epoch 3/3 completed. Average Loss: 0.4210
2025-05-26 11:10:28,612 [INFO] src.federated.client: Client vqc_client_0: Local training finished. Processed 453 samples.
2025-05-26 11:10:28,615 [INFO] src.core.quantum_client: Client vqc_client_2: Starting local training for 3 epochs (model type: vqc). Proximal term mu=0.01.
2025-05-26 11:10:28,616 [INFO] src.federated.client: Client vqc_client_2: Starting local training for 3 epochs. Proximal term mu=0.01.
2025-05-26 11:10:39,207 [INFO] src.federated.client: Client vqc_client_2 - Epoch 1/3 completed. Average Loss: 0.4704
2025-05-26 11:10:49,565 [INFO] src.federated.client: Client vqc_client_2 - Epoch 2/3 completed. Average Loss: 0.4513
2025-05-26 11:11:02,543 [INFO] src.federated.client: Client vqc_client_2 - Epoch 3/3 completed. Average Loss: 0.4304
2025-05-26 11:11:02,544 [INFO] src.federated.client: Client vqc_client_2: Local training finished. Processed 459 samples.
2025-05-26 11:11:02,549 [INFO] src.core.quantum_client: Client vqc_client_1: Starting local training for 3 epochs (model type: vqc). Proximal term mu=0.01.
2025-05-26 11:11:02,550 [INFO] src.federated.client: Client vqc_client_1: Starting local training for 3 epochs. Proximal term mu=0.01.
2025-05-26 11:11:12,691 [INFO] src.federated.client: Client vqc_client_1 - Epoch 1/3 completed. Average Loss: 0.4693
2025-05-26 11:11:21,445 [INFO] src.federated.client: Client vqc_client_1 - Epoch 2/3 completed. Average Loss: 0.4440
2025-05-26 11:11:32,682 [INFO] src.federated.client: Client vqc_client_1 - Epoch 3/3 completed. Average Loss: 0.4207
2025-05-26 11:11:32,683 [INFO] src.federated.client: Client vqc_client_1: Local training finished. Processed 453 samples.
2025-05-26 11:11:32,686 [INFO] src.federated.server: Aggregating updates from 3 clients using QuantumAggregationStrategy.
2025-05-26 11:11:32,686 [INFO] src.core.quantum_manager: QuantumAggregationStrategy: Detected nn.Module (QNN/VQC/Hybrid) state_dict. Delegating to base strategy: FedAvg
2025-05-26 11:11:32,687 [INFO] src.federated.aggregation: FedAvg: Aggregating updates from 3 clients.
2025-05-26 11:11:32,688 [INFO] src.federated.aggregation: FedAvg: Aggregation complete.
2025-05-26 11:11:32,688 [INFO] src.federated.server: Global model updated with aggregated parameters.
2025-05-26 11:11:32,689 [INFO] src.federated.server: Evaluating updated global model...
2025-05-26 11:11:32,689 [INFO] src.core.quantum_manager: Server: Starting evaluation of global model (type: vqc).
2025-05-26 11:11:33,867 [INFO] src.core.quantum_manager: Evaluation results: Loss=0.3985, Accuracy=0.8860
2025-05-26 11:11:33,868 [INFO] src.federated.server: Round 5 completed in 92.16s. Eval Metrics: {'loss': 0.3984732204361966, 'accuracy': 0.8859649122807017}
2025-05-26 11:11:33,868 [INFO] src.federated.server: Federated training process completed after 5 rounds.
2025-05-26 11:11:33,868 [INFO] BC_ExperimentRunner: ========== Finished BC_VQC_FedProx_IID_PCA4_L2_Basic ==========

2025-05-26 11:11:33,868 [INFO] BC_ExperimentRunner: ========== Starting BC_VQC_FedDive_IID_PCA4_L2_Basic ==========
2025-05-26 11:11:33,868 [INFO] BC_ExperimentRunner: --- Setting up experiment: BC_VQC_FedDive_IID_PCA4_L2_Basic for dataset breast_cancer ---
2025-05-26 11:11:33,869 [INFO] src.utils.data_utils: Set all random seeds to 42
2025-05-26 11:11:33,869 [INFO] BC_ExperimentRunner: Experiment 'BC_VQC_FedDive_IID_PCA4_L2_Basic' will use tensor_dtype: torch.float32
2025-05-26 11:11:33,869 [INFO] src.utils.data_utils: Loading dataset: breast_cancer, PCA features=4, Scaling=minmax, Subset size=None, Dtype=torch.float32
2025-05-26 11:11:33,870 [INFO] src.utils.data_utils: Set all random seeds to 42
2025-05-26 11:11:33,879 [INFO] src.utils.data_utils: Applying PCA to reduce features to 4
2025-05-26 11:11:33,881 [INFO] src.utils.data_utils: PCA applied. New feature count: 4. Explained variance: 0.8393
2025-05-26 11:11:33,881 [INFO] src.utils.data_utils: Data preparation complete for 'breast_cancer'. Train size: 455, Test size: 114, Features: 4, Classes: 2
2025-05-26 11:11:33,887 [INFO] BC_ExperimentRunner: Successfully loaded configuration from /home/dhanraj/quantum_federated_simulator/configs/federated/server_config.yaml
2025-05-26 11:11:33,891 [INFO] BC_ExperimentRunner: Successfully loaded configuration from /home/dhanraj/quantum_federated_simulator/configs/federated/client_config.yaml
2025-05-26 11:11:33,896 [INFO] BC_ExperimentRunner: Successfully loaded configuration from /home/dhanraj/quantum_federated_simulator/configs/federated/default_aggregation.yaml
2025-05-26 11:11:33,897 [INFO] BC_ExperimentRunner: Creating model of type: vqc with n_features=4, n_classes=2, initial_dtype_request=torch.float32
2025-05-26 11:11:33,897 [INFO] src.quantum.models: Initializing VQC (TorchLayer): qubits=4, layers=2, circuit='basic', device='lightning.qubit', shots=None, diff_method='best'
2025-05-26 11:11:33,898 [INFO] src.quantum.circuits: Creating basic circuit with 4 qubits, 2 layers.
2025-05-26 11:11:33,898 [INFO] src.quantum.circuits: Basic circuit expects 24 trainable parameters.
2025-05-26 11:11:33,898 [INFO] src.quantum.models: VQC circuit requires 24 parameters.
2025-05-26 11:11:33,898 [INFO] src.quantum.models: VariationalQuantumClassifier: Using 'lightning.qubit' with no shots. Defaulting to 'adjoint'.
2025-05-26 11:11:33,898 [INFO] src.quantum.models: VariationalQuantumClassifier attempting to use differentiation method: adjoint
2025-05-26 11:11:33,906 [INFO] src.quantum.models: VQC raw circuit output dimension: 4
2025-05-26 11:11:33,907 [INFO] src.quantum.models: VQC: Added Linear head: 4 -> 2 logits for CrossEntropyLoss.
2025-05-26 11:11:33,907 [INFO] src.federated.aggregation: Creating aggregation strategy of type: feddive
2025-05-26 11:11:33,907 [INFO] src.federated.aggregation: FedDive parameters: momentum=0.9, epsilon=1e-08, temperature=1.0, normalize_distances=True
2025-05-26 11:11:33,908 [INFO] BC_ExperimentRunner: Using aggregation strategy: QuantumAggregationStrategy (base: FedDive)
2025-05-26 11:11:33,908 [INFO] src.core.quantum_manager: QuantumServer: Initializing with global model type 'vqc'.
2025-05-26 11:11:33,910 [INFO] src.federated.server: Federated server initialized on device 'cuda' with aggregation strategy: QuantumAggregationStrategy
2025-05-26 11:11:33,910 [INFO] BC_ExperimentRunner: Creating model of type: vqc with n_features=4, n_classes=2, initial_dtype_request=torch.float32
2025-05-26 11:11:33,911 [INFO] src.quantum.models: Initializing VQC (TorchLayer): qubits=4, layers=2, circuit='basic', device='lightning.qubit', shots=None, diff_method='best'
2025-05-26 11:11:33,911 [INFO] src.quantum.circuits: Creating basic circuit with 4 qubits, 2 layers.
2025-05-26 11:11:33,911 [INFO] src.quantum.circuits: Basic circuit expects 24 trainable parameters.
2025-05-26 11:11:33,911 [INFO] src.quantum.models: VQC circuit requires 24 parameters.
2025-05-26 11:11:33,912 [INFO] src.quantum.models: VariationalQuantumClassifier: Using 'lightning.qubit' with no shots. Defaulting to 'adjoint'.
2025-05-26 11:11:33,912 [INFO] src.quantum.models: VariationalQuantumClassifier attempting to use differentiation method: adjoint
2025-05-26 11:11:33,926 [INFO] src.quantum.models: VQC raw circuit output dimension: 4
2025-05-26 11:11:33,927 [INFO] src.quantum.models: VQC: Added Linear head: 4 -> 2 logits for CrossEntropyLoss.
2025-05-26 11:11:33,927 [INFO] src.core.quantum_client: QuantumClient vqc_client_0: Initializing with model type 'vqc'.
2025-05-26 11:11:33,930 [INFO] src.federated.client: Client vqc_client_0 initialized on device 'cuda' with 151 samples.
2025-05-26 11:11:33,931 [INFO] BC_ExperimentRunner: Creating model of type: vqc with n_features=4, n_classes=2, initial_dtype_request=torch.float32
2025-05-26 11:11:33,931 [INFO] src.quantum.models: Initializing VQC (TorchLayer): qubits=4, layers=2, circuit='basic', device='lightning.qubit', shots=None, diff_method='best'
2025-05-26 11:11:33,932 [INFO] src.quantum.circuits: Creating basic circuit with 4 qubits, 2 layers.
2025-05-26 11:11:33,933 [INFO] src.quantum.circuits: Basic circuit expects 24 trainable parameters.
2025-05-26 11:11:33,933 [INFO] src.quantum.models: VQC circuit requires 24 parameters.
2025-05-26 11:11:33,933 [INFO] src.quantum.models: VariationalQuantumClassifier: Using 'lightning.qubit' with no shots. Defaulting to 'adjoint'.
2025-05-26 11:11:33,933 [INFO] src.quantum.models: VariationalQuantumClassifier attempting to use differentiation method: adjoint
2025-05-26 11:11:33,944 [INFO] src.quantum.models: VQC raw circuit output dimension: 4
2025-05-26 11:11:33,945 [INFO] src.quantum.models: VQC: Added Linear head: 4 -> 2 logits for CrossEntropyLoss.
2025-05-26 11:11:33,945 [INFO] src.core.quantum_client: QuantumClient vqc_client_1: Initializing with model type 'vqc'.
2025-05-26 11:11:33,949 [INFO] src.federated.client: Client vqc_client_1 initialized on device 'cuda' with 151 samples.
2025-05-26 11:11:33,949 [INFO] BC_ExperimentRunner: Creating model of type: vqc with n_features=4, n_classes=2, initial_dtype_request=torch.float32
2025-05-26 11:11:33,949 [INFO] src.quantum.models: Initializing VQC (TorchLayer): qubits=4, layers=2, circuit='basic', device='lightning.qubit', shots=None, diff_method='best'
2025-05-26 11:11:33,950 [INFO] src.quantum.circuits: Creating basic circuit with 4 qubits, 2 layers.
2025-05-26 11:11:33,950 [INFO] src.quantum.circuits: Basic circuit expects 24 trainable parameters.
2025-05-26 11:11:33,950 [INFO] src.quantum.models: VQC circuit requires 24 parameters.
2025-05-26 11:11:33,950 [INFO] src.quantum.models: VariationalQuantumClassifier: Using 'lightning.qubit' with no shots. Defaulting to 'adjoint'.
2025-05-26 11:11:33,951 [INFO] src.quantum.models: VariationalQuantumClassifier attempting to use differentiation method: adjoint
2025-05-26 11:11:33,963 [INFO] src.quantum.models: VQC raw circuit output dimension: 4
2025-05-26 11:11:33,964 [INFO] src.quantum.models: VQC: Added Linear head: 4 -> 2 logits for CrossEntropyLoss.
2025-05-26 11:11:33,964 [INFO] src.core.quantum_client: QuantumClient vqc_client_2: Initializing with model type 'vqc'.
2025-05-26 11:11:33,966 [INFO] src.federated.client: Client vqc_client_2 initialized on device 'cuda' with 153 samples.
2025-05-26 11:11:33,967 [INFO] src.federated.server: Registered client 'vqc_client_0'. Total clients: 1.
2025-05-26 11:11:33,967 [INFO] src.federated.server: Registered client 'vqc_client_1'. Total clients: 2.
2025-05-26 11:11:33,967 [INFO] src.federated.server: Registered client 'vqc_client_2'. Total clients: 3.
2025-05-26 11:11:33,967 [INFO] BC_ExperimentRunner: --- Scenario setup complete for BC_VQC_FedDive_IID_PCA4_L2_Basic ---
2025-05-26 11:11:33,967 [INFO] src.federated.server: Starting federated training process for 5 rounds.
2025-05-26 11:11:33,968 [INFO] src.federated.server: Config: local_epochs=3, client_fraction=0.1, min_clients=3, FedProx mu=0.0
2025-05-26 11:11:33,968 [INFO] src.federated.server: Performing initial evaluation of global model...
2025-05-26 11:11:33,968 [INFO] src.core.quantum_manager: Server: Starting evaluation of global model (type: vqc).
2025-05-26 11:11:35,084 [INFO] src.core.quantum_manager: Evaluation results: Loss=0.6952, Accuracy=0.4298
2025-05-26 11:11:35,084 [INFO] src.federated.server: Initial Evaluation Metrics: {'loss': 0.6951935155349865, 'accuracy': 0.4298245614035088}
2025-05-26 11:11:35,085 [INFO] src.federated.server: ===== Starting Round 1/5 =====
2025-05-26 11:11:35,085 [INFO] src.federated.server: Starting federated training round...
2025-05-26 11:11:35,085 [INFO] src.federated.server: Selected 3 clients out of 3 available (fraction=0.1, min_clients=3): ['vqc_client_2', 'vqc_client_0', 'vqc_client_1']
2025-05-26 11:11:35,087 [INFO] src.core.quantum_client: Client vqc_client_2: Starting local training for 3 epochs (model type: vqc). Proximal term mu=0.0.
2025-05-26 11:11:35,087 [INFO] src.federated.client: Client vqc_client_2: Starting local training for 3 epochs. Proximal term mu=0.0.
2025-05-26 11:11:46,776 [INFO] src.federated.client: Client vqc_client_2 - Epoch 1/3 completed. Average Loss: 0.6858
2025-05-26 11:11:56,056 [INFO] src.federated.client: Client vqc_client_2 - Epoch 2/3 completed. Average Loss: 0.6605
2025-05-26 11:12:03,865 [INFO] src.federated.client: Client vqc_client_2 - Epoch 3/3 completed. Average Loss: 0.6349
2025-05-26 11:12:03,866 [INFO] src.federated.client: Client vqc_client_2: Local training finished. Processed 459 samples.
2025-05-26 11:12:03,869 [INFO] src.core.quantum_client: Client vqc_client_0: Starting local training for 3 epochs (model type: vqc). Proximal term mu=0.0.
2025-05-26 11:12:03,869 [INFO] src.federated.client: Client vqc_client_0: Starting local training for 3 epochs. Proximal term mu=0.0.
2025-05-26 11:12:13,007 [INFO] src.federated.client: Client vqc_client_0 - Epoch 1/3 completed. Average Loss: 0.6855
2025-05-26 11:12:24,239 [INFO] src.federated.client: Client vqc_client_0 - Epoch 2/3 completed. Average Loss: 0.6584
2025-05-26 11:12:34,357 [INFO] src.federated.client: Client vqc_client_0 - Epoch 3/3 completed. Average Loss: 0.6362
2025-05-26 11:12:34,358 [INFO] src.federated.client: Client vqc_client_0: Local training finished. Processed 453 samples.
2025-05-26 11:12:34,361 [INFO] src.core.quantum_client: Client vqc_client_1: Starting local training for 3 epochs (model type: vqc). Proximal term mu=0.0.
2025-05-26 11:12:34,361 [INFO] src.federated.client: Client vqc_client_1: Starting local training for 3 epochs. Proximal term mu=0.0.
2025-05-26 11:12:44,068 [INFO] src.federated.client: Client vqc_client_1 - Epoch 1/3 completed. Average Loss: 0.6850
2025-05-26 11:12:53,564 [INFO] src.federated.client: Client vqc_client_1 - Epoch 2/3 completed. Average Loss: 0.6633
2025-05-26 11:13:04,792 [INFO] src.federated.client: Client vqc_client_1 - Epoch 3/3 completed. Average Loss: 0.6450
2025-05-26 11:13:04,793 [INFO] src.federated.client: Client vqc_client_1: Local training finished. Processed 453 samples.
2025-05-26 11:13:04,795 [INFO] src.federated.server: Aggregating updates from 3 clients using QuantumAggregationStrategy.
2025-05-26 11:13:04,796 [INFO] src.core.quantum_manager: QuantumAggregationStrategy: Detected nn.Module (QNN/VQC/Hybrid) state_dict. Delegating to base strategy: FedDive
2025-05-26 11:13:04,796 [INFO] src.federated.aggregation: FedDive: Aggregating updates from 3 clients (momentum=0.9).
2025-05-26 11:13:04,797 [INFO] src.federated.aggregation: FedDive: Initializing velocity and previous parameters.
2025-05-26 11:13:04,799 [INFO] src.federated.aggregation: FedDive: Aggregation complete.
2025-05-26 11:13:04,799 [INFO] src.federated.server: Global model updated with aggregated parameters.
2025-05-26 11:13:04,799 [INFO] src.federated.server: Evaluating updated global model...
2025-05-26 11:13:04,799 [INFO] src.core.quantum_manager: Server: Starting evaluation of global model (type: vqc).
2025-05-26 11:13:05,542 [INFO] src.core.quantum_manager: Evaluation results: Loss=0.6216, Accuracy=0.6491
2025-05-26 11:13:05,542 [INFO] src.federated.server: Round 1 completed in 90.46s. Eval Metrics: {'loss': 0.6216186933350145, 'accuracy': 0.6491228070175439}
2025-05-26 11:13:05,543 [INFO] src.federated.server: ===== Starting Round 2/5 =====
2025-05-26 11:13:05,543 [INFO] src.federated.server: Starting federated training round...
2025-05-26 11:13:05,543 [INFO] src.federated.server: Selected 3 clients out of 3 available (fraction=0.1, min_clients=3): ['vqc_client_2', 'vqc_client_1', 'vqc_client_0']
2025-05-26 11:13:05,544 [INFO] src.core.quantum_client: Client vqc_client_2: Starting local training for 3 epochs (model type: vqc). Proximal term mu=0.0.
2025-05-26 11:13:05,544 [INFO] src.federated.client: Client vqc_client_2: Starting local training for 3 epochs. Proximal term mu=0.0.
2025-05-26 11:13:14,526 [INFO] src.federated.client: Client vqc_client_2 - Epoch 1/3 completed. Average Loss: 0.6184
2025-05-26 11:13:23,290 [INFO] src.federated.client: Client vqc_client_2 - Epoch 2/3 completed. Average Loss: 0.6031
2025-05-26 11:13:34,715 [INFO] src.federated.client: Client vqc_client_2 - Epoch 3/3 completed. Average Loss: 0.5860
2025-05-26 11:13:34,715 [INFO] src.federated.client: Client vqc_client_2: Local training finished. Processed 459 samples.
2025-05-26 11:13:34,718 [INFO] src.core.quantum_client: Client vqc_client_1: Starting local training for 3 epochs (model type: vqc). Proximal term mu=0.0.
2025-05-26 11:13:34,719 [INFO] src.federated.client: Client vqc_client_1: Starting local training for 3 epochs. Proximal term mu=0.0.
2025-05-26 11:13:43,012 [INFO] src.federated.client: Client vqc_client_1 - Epoch 1/3 completed. Average Loss: 0.6261
2025-05-26 11:13:50,279 [INFO] src.federated.client: Client vqc_client_1 - Epoch 2/3 completed. Average Loss: 0.6113
2025-05-26 11:13:57,050 [INFO] src.federated.client: Client vqc_client_1 - Epoch 3/3 completed. Average Loss: 0.5968
2025-05-26 11:13:57,051 [INFO] src.federated.client: Client vqc_client_1: Local training finished. Processed 453 samples.
2025-05-26 11:13:57,053 [INFO] src.core.quantum_client: Client vqc_client_0: Starting local training for 3 epochs (model type: vqc). Proximal term mu=0.0.
2025-05-26 11:13:57,053 [INFO] src.federated.client: Client vqc_client_0: Starting local training for 3 epochs. Proximal term mu=0.0.
2025-05-26 11:14:05,662 [INFO] src.federated.client: Client vqc_client_0 - Epoch 1/3 completed. Average Loss: 0.6183
2025-05-26 11:14:14,263 [INFO] src.federated.client: Client vqc_client_0 - Epoch 2/3 completed. Average Loss: 0.6017
2025-05-26 11:14:23,222 [INFO] src.federated.client: Client vqc_client_0 - Epoch 3/3 completed. Average Loss: 0.5852
2025-05-26 11:14:23,223 [INFO] src.federated.client: Client vqc_client_0: Local training finished. Processed 453 samples.
2025-05-26 11:14:23,225 [INFO] src.federated.server: Aggregating updates from 3 clients using QuantumAggregationStrategy.
2025-05-26 11:14:23,225 [INFO] src.core.quantum_manager: QuantumAggregationStrategy: Detected nn.Module (QNN/VQC/Hybrid) state_dict. Delegating to base strategy: FedDive
2025-05-26 11:14:23,226 [INFO] src.federated.aggregation: FedDive: Aggregating updates from 3 clients (momentum=0.9).
2025-05-26 11:14:23,227 [INFO] src.federated.aggregation: FedDive: Aggregation complete.
2025-05-26 11:14:23,228 [INFO] src.federated.server: Global model updated with aggregated parameters.
2025-05-26 11:14:23,228 [INFO] src.federated.server: Evaluating updated global model...
2025-05-26 11:14:23,228 [INFO] src.core.quantum_manager: Server: Starting evaluation of global model (type: vqc).
2025-05-26 11:14:24,043 [INFO] src.core.quantum_manager: Evaluation results: Loss=0.5724, Accuracy=0.6491
2025-05-26 11:14:24,044 [INFO] src.federated.server: Round 2 completed in 78.50s. Eval Metrics: {'loss': 0.5724462657644037, 'accuracy': 0.6491228070175439}
2025-05-26 11:14:24,044 [INFO] src.federated.server: ===== Starting Round 3/5 =====
2025-05-26 11:14:24,044 [INFO] src.federated.server: Starting federated training round...
2025-05-26 11:14:24,044 [INFO] src.federated.server: Selected 3 clients out of 3 available (fraction=0.1, min_clients=3): ['vqc_client_0', 'vqc_client_2', 'vqc_client_1']
2025-05-26 11:14:24,045 [INFO] src.core.quantum_client: Client vqc_client_0: Starting local training for 3 epochs (model type: vqc). Proximal term mu=0.0.
2025-05-26 11:14:24,045 [INFO] src.federated.client: Client vqc_client_0: Starting local training for 3 epochs. Proximal term mu=0.0.
2025-05-26 11:14:34,656 [INFO] src.federated.client: Client vqc_client_0 - Epoch 1/3 completed. Average Loss: 0.5716
2025-05-26 11:14:45,350 [INFO] src.federated.client: Client vqc_client_0 - Epoch 2/3 completed. Average Loss: 0.5571
2025-05-26 11:14:55,275 [INFO] src.federated.client: Client vqc_client_0 - Epoch 3/3 completed. Average Loss: 0.5414
2025-05-26 11:14:55,276 [INFO] src.federated.client: Client vqc_client_0: Local training finished. Processed 453 samples.
2025-05-26 11:14:55,279 [INFO] src.core.quantum_client: Client vqc_client_2: Starting local training for 3 epochs (model type: vqc). Proximal term mu=0.0.
2025-05-26 11:14:55,279 [INFO] src.federated.client: Client vqc_client_2: Starting local training for 3 epochs. Proximal term mu=0.0.
2025-05-26 11:15:06,073 [INFO] src.federated.client: Client vqc_client_2 - Epoch 1/3 completed. Average Loss: 0.5722
2025-05-26 11:15:15,899 [INFO] src.federated.client: Client vqc_client_2 - Epoch 2/3 completed. Average Loss: 0.5589
2025-05-26 11:15:25,649 [INFO] src.federated.client: Client vqc_client_2 - Epoch 3/3 completed. Average Loss: 0.5440
2025-05-26 11:15:25,649 [INFO] src.federated.client: Client vqc_client_2: Local training finished. Processed 459 samples.
2025-05-26 11:15:25,652 [INFO] src.core.quantum_client: Client vqc_client_1: Starting local training for 3 epochs (model type: vqc). Proximal term mu=0.0.
2025-05-26 11:15:25,653 [INFO] src.federated.client: Client vqc_client_1: Starting local training for 3 epochs. Proximal term mu=0.0.
2025-05-26 11:15:36,220 [INFO] src.federated.client: Client vqc_client_1 - Epoch 1/3 completed. Average Loss: 0.5850
2025-05-26 11:15:47,261 [INFO] src.federated.client: Client vqc_client_1 - Epoch 2/3 completed. Average Loss: 0.5678
2025-05-26 11:15:55,399 [INFO] src.federated.client: Client vqc_client_1 - Epoch 3/3 completed. Average Loss: 0.5480
2025-05-26 11:15:55,400 [INFO] src.federated.client: Client vqc_client_1: Local training finished. Processed 453 samples.
2025-05-26 11:15:55,402 [INFO] src.federated.server: Aggregating updates from 3 clients using QuantumAggregationStrategy.
2025-05-26 11:15:55,403 [INFO] src.core.quantum_manager: QuantumAggregationStrategy: Detected nn.Module (QNN/VQC/Hybrid) state_dict. Delegating to base strategy: FedDive
2025-05-26 11:15:55,403 [INFO] src.federated.aggregation: FedDive: Aggregating updates from 3 clients (momentum=0.9).
2025-05-26 11:15:55,404 [INFO] src.federated.aggregation: FedDive: Aggregation complete.
2025-05-26 11:15:55,405 [INFO] src.federated.server: Global model updated with aggregated parameters.
2025-05-26 11:15:55,405 [INFO] src.federated.server: Evaluating updated global model...
2025-05-26 11:15:55,406 [INFO] src.core.quantum_manager: Server: Starting evaluation of global model (type: vqc).
2025-05-26 11:15:56,332 [INFO] src.core.quantum_manager: Evaluation results: Loss=0.5249, Accuracy=0.6930
2025-05-26 11:15:56,332 [INFO] src.federated.server: Round 3 completed in 92.29s. Eval Metrics: {'loss': 0.5249170211323521, 'accuracy': 0.6929824561403509}
2025-05-26 11:15:56,332 [INFO] src.federated.server: ===== Starting Round 4/5 =====
2025-05-26 11:15:56,332 [INFO] src.federated.server: Starting federated training round...
2025-05-26 11:15:56,333 [INFO] src.federated.server: Selected 3 clients out of 3 available (fraction=0.1, min_clients=3): ['vqc_client_2', 'vqc_client_0', 'vqc_client_1']
2025-05-26 11:15:56,334 [INFO] src.core.quantum_client: Client vqc_client_2: Starting local training for 3 epochs (model type: vqc). Proximal term mu=0.0.
2025-05-26 11:15:56,335 [INFO] src.federated.client: Client vqc_client_2: Starting local training for 3 epochs. Proximal term mu=0.0.
2025-05-26 11:16:07,313 [INFO] src.federated.client: Client vqc_client_2 - Epoch 1/3 completed. Average Loss: 0.5282
2025-05-26 11:16:17,444 [INFO] src.federated.client: Client vqc_client_2 - Epoch 2/3 completed. Average Loss: 0.5115
2025-05-26 11:16:27,181 [INFO] src.federated.client: Client vqc_client_2 - Epoch 3/3 completed. Average Loss: 0.4936
2025-05-26 11:16:27,182 [INFO] src.federated.client: Client vqc_client_2: Local training finished. Processed 459 samples.
2025-05-26 11:16:27,185 [INFO] src.core.quantum_client: Client vqc_client_0: Starting local training for 3 epochs (model type: vqc). Proximal term mu=0.0.
2025-05-26 11:16:27,185 [INFO] src.federated.client: Client vqc_client_0: Starting local training for 3 epochs. Proximal term mu=0.0.
2025-05-26 11:16:39,079 [INFO] src.federated.client: Client vqc_client_0 - Epoch 1/3 completed. Average Loss: 0.5260
2025-05-26 11:16:50,690 [INFO] src.federated.client: Client vqc_client_0 - Epoch 2/3 completed. Average Loss: 0.5085
2025-05-26 11:17:01,632 [INFO] src.federated.client: Client vqc_client_0 - Epoch 3/3 completed. Average Loss: 0.4893
2025-05-26 11:17:01,633 [INFO] src.federated.client: Client vqc_client_0: Local training finished. Processed 453 samples.
2025-05-26 11:17:01,636 [INFO] src.core.quantum_client: Client vqc_client_1: Starting local training for 3 epochs (model type: vqc). Proximal term mu=0.0.
2025-05-26 11:17:01,636 [INFO] src.federated.client: Client vqc_client_1: Starting local training for 3 epochs. Proximal term mu=0.0.
2025-05-26 11:17:12,184 [INFO] src.federated.client: Client vqc_client_1 - Epoch 1/3 completed. Average Loss: 0.5359
2025-05-26 11:17:22,170 [INFO] src.federated.client: Client vqc_client_1 - Epoch 2/3 completed. Average Loss: 0.5138
2025-05-26 11:17:30,854 [INFO] src.federated.client: Client vqc_client_1 - Epoch 3/3 completed. Average Loss: 0.4915
2025-05-26 11:17:30,855 [INFO] src.federated.client: Client vqc_client_1: Local training finished. Processed 453 samples.
2025-05-26 11:17:30,857 [INFO] src.federated.server: Aggregating updates from 3 clients using QuantumAggregationStrategy.
2025-05-26 11:17:30,857 [INFO] src.core.quantum_manager: QuantumAggregationStrategy: Detected nn.Module (QNN/VQC/Hybrid) state_dict. Delegating to base strategy: FedDive
2025-05-26 11:17:30,857 [INFO] src.federated.aggregation: FedDive: Aggregating updates from 3 clients (momentum=0.9).
2025-05-26 11:17:30,858 [INFO] src.federated.aggregation: FedDive: Aggregation complete.
2025-05-26 11:17:30,859 [INFO] src.federated.server: Global model updated with aggregated parameters.
2025-05-26 11:17:30,860 [INFO] src.federated.server: Evaluating updated global model...
2025-05-26 11:17:30,860 [INFO] src.core.quantum_manager: Server: Starting evaluation of global model (type: vqc).
2025-05-26 11:17:31,573 [INFO] src.core.quantum_manager: Evaluation results: Loss=0.4687, Accuracy=0.8158
2025-05-26 11:17:31,574 [INFO] src.federated.server: Round 4 completed in 95.24s. Eval Metrics: {'loss': 0.46865546703338623, 'accuracy': 0.8157894736842105}
2025-05-26 11:17:31,574 [INFO] src.federated.server: ===== Starting Round 5/5 =====
2025-05-26 11:17:31,574 [INFO] src.federated.server: Starting federated training round...
2025-05-26 11:17:31,574 [INFO] src.federated.server: Selected 3 clients out of 3 available (fraction=0.1, min_clients=3): ['vqc_client_0', 'vqc_client_2', 'vqc_client_1']
2025-05-26 11:17:31,575 [INFO] src.core.quantum_client: Client vqc_client_0: Starting local training for 3 epochs (model type: vqc). Proximal term mu=0.0.
2025-05-26 11:17:31,575 [INFO] src.federated.client: Client vqc_client_0: Starting local training for 3 epochs. Proximal term mu=0.0.
2025-05-26 11:17:40,256 [INFO] src.federated.client: Client vqc_client_0 - Epoch 1/3 completed. Average Loss: 0.4693
2025-05-26 11:17:48,361 [INFO] src.federated.client: Client vqc_client_0 - Epoch 2/3 completed. Average Loss: 0.4480
2025-05-26 11:17:57,194 [INFO] src.federated.client: Client vqc_client_0 - Epoch 3/3 completed. Average Loss: 0.4249
2025-05-26 11:17:57,195 [INFO] src.federated.client: Client vqc_client_0: Local training finished. Processed 453 samples.
2025-05-26 11:17:57,198 [INFO] src.core.quantum_client: Client vqc_client_2: Starting local training for 3 epochs (model type: vqc). Proximal term mu=0.0.
2025-05-26 11:17:57,199 [INFO] src.federated.client: Client vqc_client_2: Starting local training for 3 epochs. Proximal term mu=0.0.
2025-05-26 11:18:08,088 [INFO] src.federated.client: Client vqc_client_2 - Epoch 1/3 completed. Average Loss: 0.4741
2025-05-26 11:18:18,613 [INFO] src.federated.client: Client vqc_client_2 - Epoch 2/3 completed. Average Loss: 0.4551
2025-05-26 11:18:29,304 [INFO] src.federated.client: Client vqc_client_2 - Epoch 3/3 completed. Average Loss: 0.4338
2025-05-26 11:18:29,304 [INFO] src.federated.client: Client vqc_client_2: Local training finished. Processed 459 samples.
2025-05-26 11:18:29,307 [INFO] src.core.quantum_client: Client vqc_client_1: Starting local training for 3 epochs (model type: vqc). Proximal term mu=0.0.
2025-05-26 11:18:29,308 [INFO] src.federated.client: Client vqc_client_1: Starting local training for 3 epochs. Proximal term mu=0.0.
2025-05-26 11:18:40,035 [INFO] src.federated.client: Client vqc_client_1 - Epoch 1/3 completed. Average Loss: 0.4759
2025-05-26 11:18:52,524 [INFO] src.federated.client: Client vqc_client_1 - Epoch 2/3 completed. Average Loss: 0.4500
2025-05-26 11:19:03,451 [INFO] src.federated.client: Client vqc_client_1 - Epoch 3/3 completed. Average Loss: 0.4259
2025-05-26 11:19:03,452 [INFO] src.federated.client: Client vqc_client_1: Local training finished. Processed 453 samples.
2025-05-26 11:19:03,454 [INFO] src.federated.server: Aggregating updates from 3 clients using QuantumAggregationStrategy.
2025-05-26 11:19:03,455 [INFO] src.core.quantum_manager: QuantumAggregationStrategy: Detected nn.Module (QNN/VQC/Hybrid) state_dict. Delegating to base strategy: FedDive
2025-05-26 11:19:03,455 [INFO] src.federated.aggregation: FedDive: Aggregating updates from 3 clients (momentum=0.9).
2025-05-26 11:19:03,457 [INFO] src.federated.aggregation: FedDive: Aggregation complete.
2025-05-26 11:19:03,458 [INFO] src.federated.server: Global model updated with aggregated parameters.
2025-05-26 11:19:03,458 [INFO] src.federated.server: Evaluating updated global model...
2025-05-26 11:19:03,458 [INFO] src.core.quantum_manager: Server: Starting evaluation of global model (type: vqc).
2025-05-26 11:19:04,563 [INFO] src.core.quantum_manager: Evaluation results: Loss=0.4040, Accuracy=0.8684
2025-05-26 11:19:04,564 [INFO] src.federated.server: Round 5 completed in 92.99s. Eval Metrics: {'loss': 0.40399905934668423, 'accuracy': 0.868421052631579}
2025-05-26 11:19:04,564 [INFO] src.federated.server: Federated training process completed after 5 rounds.
2025-05-26 11:19:04,564 [INFO] BC_ExperimentRunner: ========== Finished BC_VQC_FedDive_IID_PCA4_L2_Basic ==========

2025-05-26 11:19:04,564 [INFO] BC_ExperimentRunner: ========== Starting BC_VQC_FedDive_NonIID_a0.5_PCA4_L2_Complex ==========
2025-05-26 11:19:04,564 [INFO] BC_ExperimentRunner: --- Setting up experiment: BC_VQC_FedDive_NonIID_a0.5_PCA4_L2_Complex for dataset breast_cancer ---
2025-05-26 11:19:04,565 [INFO] src.utils.data_utils: Set all random seeds to 42
2025-05-26 11:19:04,565 [INFO] BC_ExperimentRunner: Experiment 'BC_VQC_FedDive_NonIID_a0.5_PCA4_L2_Complex' will use tensor_dtype: torch.float32
2025-05-26 11:19:04,565 [INFO] src.utils.data_utils: Loading dataset: breast_cancer, PCA features=4, Scaling=minmax, Subset size=None, Dtype=torch.float32
2025-05-26 11:19:04,566 [INFO] src.utils.data_utils: Set all random seeds to 42
2025-05-26 11:19:04,577 [INFO] src.utils.data_utils: Applying PCA to reduce features to 4
2025-05-26 11:19:04,579 [INFO] src.utils.data_utils: PCA applied. New feature count: 4. Explained variance: 0.8393
2025-05-26 11:19:04,579 [INFO] src.utils.data_utils: Data preparation complete for 'breast_cancer'. Train size: 455, Test size: 114, Features: 4, Classes: 2
2025-05-26 11:19:04,586 [INFO] BC_ExperimentRunner: Successfully loaded configuration from /home/dhanraj/quantum_federated_simulator/configs/federated/server_config.yaml
2025-05-26 11:19:04,590 [INFO] BC_ExperimentRunner: Successfully loaded configuration from /home/dhanraj/quantum_federated_simulator/configs/federated/client_config.yaml
2025-05-26 11:19:04,597 [INFO] BC_ExperimentRunner: Successfully loaded configuration from /home/dhanraj/quantum_federated_simulator/configs/federated/default_aggregation.yaml
2025-05-26 11:19:04,601 [INFO] BC_ExperimentRunner: Creating model of type: vqc with n_features=4, n_classes=2, initial_dtype_request=torch.float32
2025-05-26 11:19:04,601 [INFO] src.quantum.models: Initializing VQC (TorchLayer): qubits=4, layers=2, circuit='complex', device='lightning.qubit', shots=None, diff_method='best'
2025-05-26 11:19:04,602 [INFO] src.quantum.circuits: Creating complex circuit with 4 qubits, 2 layers.
2025-05-26 11:19:04,602 [INFO] src.quantum.circuits: Complex circuit expects 48 trainable parameters.
2025-05-26 11:19:04,603 [INFO] src.quantum.models: VQC circuit requires 48 parameters.
2025-05-26 11:19:04,603 [INFO] src.quantum.models: VariationalQuantumClassifier: Using 'lightning.qubit' with no shots. Defaulting to 'adjoint'.
2025-05-26 11:19:04,603 [INFO] src.quantum.models: VariationalQuantumClassifier attempting to use differentiation method: adjoint
2025-05-26 11:19:04,623 [INFO] src.quantum.models: VQC raw circuit output dimension: 6
2025-05-26 11:19:04,624 [INFO] src.quantum.models: VQC: Added Linear head: 6 -> 2 logits for CrossEntropyLoss.
2025-05-26 11:19:04,624 [INFO] src.federated.aggregation: Creating aggregation strategy of type: feddive
2025-05-26 11:19:04,625 [INFO] src.federated.aggregation: FedDive parameters: momentum=0.9, epsilon=1e-08, temperature=1.0, normalize_distances=True
2025-05-26 11:19:04,625 [INFO] BC_ExperimentRunner: Using aggregation strategy: QuantumAggregationStrategy (base: FedDive)
2025-05-26 11:19:04,625 [INFO] src.core.quantum_manager: QuantumServer: Initializing with global model type 'vqc'.
2025-05-26 11:19:04,627 [INFO] src.federated.server: Federated server initialized on device 'cuda' with aggregation strategy: QuantumAggregationStrategy
2025-05-26 11:19:04,628 [INFO] BC_ExperimentRunner: Creating model of type: vqc with n_features=4, n_classes=2, initial_dtype_request=torch.float32
2025-05-26 11:19:04,628 [INFO] src.quantum.models: Initializing VQC (TorchLayer): qubits=4, layers=2, circuit='complex', device='lightning.qubit', shots=None, diff_method='best'
2025-05-26 11:19:04,629 [INFO] src.quantum.circuits: Creating complex circuit with 4 qubits, 2 layers.
2025-05-26 11:19:04,629 [INFO] src.quantum.circuits: Complex circuit expects 48 trainable parameters.
2025-05-26 11:19:04,629 [INFO] src.quantum.models: VQC circuit requires 48 parameters.
2025-05-26 11:19:04,630 [INFO] src.quantum.models: VariationalQuantumClassifier: Using 'lightning.qubit' with no shots. Defaulting to 'adjoint'.
2025-05-26 11:19:04,630 [INFO] src.quantum.models: VariationalQuantumClassifier attempting to use differentiation method: adjoint
2025-05-26 11:19:04,655 [INFO] src.quantum.models: VQC raw circuit output dimension: 6
2025-05-26 11:19:04,656 [INFO] src.quantum.models: VQC: Added Linear head: 6 -> 2 logits for CrossEntropyLoss.
2025-05-26 11:19:04,657 [INFO] src.core.quantum_client: QuantumClient vqc_client_0: Initializing with model type 'vqc'.
2025-05-26 11:19:04,659 [INFO] src.federated.client: Client vqc_client_0 initialized on device 'cuda' with 32 samples.
2025-05-26 11:19:04,660 [INFO] BC_ExperimentRunner: Creating model of type: vqc with n_features=4, n_classes=2, initial_dtype_request=torch.float32
2025-05-26 11:19:04,660 [INFO] src.quantum.models: Initializing VQC (TorchLayer): qubits=4, layers=2, circuit='complex', device='lightning.qubit', shots=None, diff_method='best'
2025-05-26 11:19:04,661 [INFO] src.quantum.circuits: Creating complex circuit with 4 qubits, 2 layers.
2025-05-26 11:19:04,661 [INFO] src.quantum.circuits: Complex circuit expects 48 trainable parameters.
2025-05-26 11:19:04,661 [INFO] src.quantum.models: VQC circuit requires 48 parameters.
2025-05-26 11:19:04,661 [INFO] src.quantum.models: VariationalQuantumClassifier: Using 'lightning.qubit' with no shots. Defaulting to 'adjoint'.
2025-05-26 11:19:04,661 [INFO] src.quantum.models: VariationalQuantumClassifier attempting to use differentiation method: adjoint
2025-05-26 11:19:04,684 [INFO] src.quantum.models: VQC raw circuit output dimension: 6
2025-05-26 11:19:04,685 [INFO] src.quantum.models: VQC: Added Linear head: 6 -> 2 logits for CrossEntropyLoss.
2025-05-26 11:19:04,685 [INFO] src.core.quantum_client: QuantumClient vqc_client_1: Initializing with model type 'vqc'.
2025-05-26 11:19:04,690 [INFO] src.federated.client: Client vqc_client_1 initialized on device 'cuda' with 418 samples.
2025-05-26 11:19:04,690 [INFO] BC_ExperimentRunner: Creating model of type: vqc with n_features=4, n_classes=2, initial_dtype_request=torch.float32
2025-05-26 11:19:04,691 [INFO] src.quantum.models: Initializing VQC (TorchLayer): qubits=4, layers=2, circuit='complex', device='lightning.qubit', shots=None, diff_method='best'
2025-05-26 11:19:04,692 [INFO] src.quantum.circuits: Creating complex circuit with 4 qubits, 2 layers.
2025-05-26 11:19:04,693 [INFO] src.quantum.circuits: Complex circuit expects 48 trainable parameters.
2025-05-26 11:19:04,693 [INFO] src.quantum.models: VQC circuit requires 48 parameters.
2025-05-26 11:19:04,693 [INFO] src.quantum.models: VariationalQuantumClassifier: Using 'lightning.qubit' with no shots. Defaulting to 'adjoint'.
2025-05-26 11:19:04,693 [INFO] src.quantum.models: VariationalQuantumClassifier attempting to use differentiation method: adjoint
2025-05-26 11:19:04,717 [INFO] src.quantum.models: VQC raw circuit output dimension: 6
2025-05-26 11:19:04,718 [INFO] src.quantum.models: VQC: Added Linear head: 6 -> 2 logits for CrossEntropyLoss.
2025-05-26 11:19:04,719 [INFO] src.core.quantum_client: QuantumClient vqc_client_2: Initializing with model type 'vqc'.
2025-05-26 11:19:04,722 [INFO] src.federated.client: Client vqc_client_2 initialized on device 'cuda' with 5 samples.
2025-05-26 11:19:04,722 [INFO] src.federated.server: Registered client 'vqc_client_0'. Total clients: 1.
2025-05-26 11:19:04,722 [INFO] src.federated.server: Registered client 'vqc_client_1'. Total clients: 2.
2025-05-26 11:19:04,723 [INFO] src.federated.server: Registered client 'vqc_client_2'. Total clients: 3.
2025-05-26 11:19:04,723 [INFO] BC_ExperimentRunner: --- Scenario setup complete for BC_VQC_FedDive_NonIID_a0.5_PCA4_L2_Complex ---
2025-05-26 11:19:04,723 [INFO] src.federated.server: Starting federated training process for 5 rounds.
2025-05-26 11:19:04,723 [INFO] src.federated.server: Config: local_epochs=3, client_fraction=0.1, min_clients=3, FedProx mu=0.0
2025-05-26 11:19:04,724 [INFO] src.federated.server: Performing initial evaluation of global model...
2025-05-26 11:19:04,724 [INFO] src.core.quantum_manager: Server: Starting evaluation of global model (type: vqc).
2025-05-26 11:19:07,403 [INFO] src.core.quantum_manager: Evaluation results: Loss=0.8873, Accuracy=0.2895
2025-05-26 11:19:07,403 [INFO] src.federated.server: Initial Evaluation Metrics: {'loss': 0.8872619344477068, 'accuracy': 0.2894736842105263}
2025-05-26 11:19:07,403 [INFO] src.federated.server: ===== Starting Round 1/5 =====
2025-05-26 11:19:07,403 [INFO] src.federated.server: Starting federated training round...
2025-05-26 11:19:07,403 [INFO] src.federated.server: Selected 3 clients out of 3 available (fraction=0.1, min_clients=3): ['vqc_client_0', 'vqc_client_2', 'vqc_client_1']
2025-05-26 11:19:07,405 [INFO] src.core.quantum_client: Client vqc_client_0: Starting local training for 3 epochs (model type: vqc). Proximal term mu=0.0.
2025-05-26 11:19:07,405 [INFO] src.federated.client: Client vqc_client_0: Starting local training for 3 epochs. Proximal term mu=0.0.
2025-05-26 11:19:14,824 [INFO] src.federated.client: Client vqc_client_0 - Epoch 1/3 completed. Average Loss: 0.6286
2025-05-26 11:19:20,859 [INFO] src.federated.client: Client vqc_client_0 - Epoch 2/3 completed. Average Loss: 0.6156
2025-05-26 11:19:26,450 [INFO] src.federated.client: Client vqc_client_0 - Epoch 3/3 completed. Average Loss: 0.6031
2025-05-26 11:19:26,451 [INFO] src.federated.client: Client vqc_client_0: Local training finished. Processed 96 samples.
2025-05-26 11:19:26,459 [INFO] src.core.quantum_client: Client vqc_client_2: Starting local training for 3 epochs (model type: vqc). Proximal term mu=0.0.
2025-05-26 11:19:26,459 [INFO] src.federated.client: Client vqc_client_2: Starting local training for 3 epochs. Proximal term mu=0.0.
2025-05-26 11:19:27,289 [INFO] src.federated.client: Client vqc_client_2 - Epoch 1/3 completed. Average Loss: 0.5583
2025-05-26 11:19:28,125 [INFO] src.federated.client: Client vqc_client_2 - Epoch 2/3 completed. Average Loss: 0.5433
2025-05-26 11:19:28,981 [INFO] src.federated.client: Client vqc_client_2 - Epoch 3/3 completed. Average Loss: 0.5287
2025-05-26 11:19:28,982 [INFO] src.federated.client: Client vqc_client_2: Local training finished. Processed 15 samples.
2025-05-26 11:19:28,984 [INFO] src.core.quantum_client: Client vqc_client_1: Starting local training for 3 epochs (model type: vqc). Proximal term mu=0.0.
2025-05-26 11:19:28,984 [INFO] src.federated.client: Client vqc_client_1: Starting local training for 3 epochs. Proximal term mu=0.0.
2025-05-26 11:20:42,910 [INFO] src.federated.client: Client vqc_client_1 - Epoch 1/3 completed. Average Loss: 0.8360
2025-05-26 11:21:55,809 [INFO] src.federated.client: Client vqc_client_1 - Epoch 2/3 completed. Average Loss: 0.7132
2025-05-26 11:23:07,648 [INFO] src.federated.client: Client vqc_client_1 - Epoch 3/3 completed. Average Loss: 0.6443
2025-05-26 11:23:07,649 [INFO] src.federated.client: Client vqc_client_1: Local training finished. Processed 1254 samples.
2025-05-26 11:23:07,649 [INFO] src.federated.server: Aggregating updates from 3 clients using QuantumAggregationStrategy.
2025-05-26 11:23:07,649 [INFO] src.core.quantum_manager: QuantumAggregationStrategy: Detected nn.Module (QNN/VQC/Hybrid) state_dict. Delegating to base strategy: FedDive
2025-05-26 11:23:07,650 [INFO] src.federated.aggregation: FedDive: Aggregating updates from 3 clients (momentum=0.9).
2025-05-26 11:23:07,650 [INFO] src.federated.aggregation: FedDive: Initializing velocity and previous parameters.
2025-05-26 11:23:07,651 [INFO] src.federated.aggregation: FedDive: Aggregation complete.
2025-05-26 11:23:07,652 [INFO] src.federated.server: Global model updated with aggregated parameters.
2025-05-26 11:23:07,652 [INFO] src.federated.server: Evaluating updated global model...
2025-05-26 11:23:07,652 [INFO] src.core.quantum_manager: Server: Starting evaluation of global model (type: vqc).
2025-05-26 11:23:09,343 [INFO] src.core.quantum_manager: Evaluation results: Loss=0.8307, Accuracy=0.3070
2025-05-26 11:23:09,343 [INFO] src.federated.server: Round 1 completed in 241.94s. Eval Metrics: {'loss': 0.8307373711937353, 'accuracy': 0.30701754385964913}
2025-05-26 11:23:09,343 [INFO] src.federated.server: ===== Starting Round 2/5 =====
2025-05-26 11:23:09,343 [INFO] src.federated.server: Starting federated training round...
2025-05-26 11:23:09,343 [INFO] src.federated.server: Selected 3 clients out of 3 available (fraction=0.1, min_clients=3): ['vqc_client_1', 'vqc_client_2', 'vqc_client_0']
2025-05-26 11:23:09,345 [INFO] src.core.quantum_client: Client vqc_client_1: Starting local training for 3 epochs (model type: vqc). Proximal term mu=0.0.
2025-05-26 11:23:09,345 [INFO] src.federated.client: Client vqc_client_1: Starting local training for 3 epochs. Proximal term mu=0.0.
2025-05-26 11:24:07,971 [INFO] src.federated.client: Client vqc_client_1 - Epoch 1/3 completed. Average Loss: 0.7916
2025-05-26 11:47:11,997 [INFO] src.federated.client: Client vqc_client_1 - Epoch 2/3 completed. Average Loss: 0.6616
2025-05-26 11:48:03,582 [INFO] src.federated.client: Client vqc_client_1 - Epoch 3/3 completed. Average Loss: 0.5762
2025-05-26 11:48:03,582 [INFO] src.federated.client: Client vqc_client_1: Local training finished. Processed 1254 samples.
2025-05-26 11:48:03,583 [INFO] src.core.quantum_client: Client vqc_client_2: Starting local training for 3 epochs (model type: vqc). Proximal term mu=0.0.
2025-05-26 11:48:03,583 [INFO] src.federated.client: Client vqc_client_2: Starting local training for 3 epochs. Proximal term mu=0.0.
2025-05-26 11:48:04,591 [INFO] src.federated.client: Client vqc_client_2 - Epoch 1/3 completed. Average Loss: 0.5745
2025-05-26 11:48:05,363 [INFO] src.federated.client: Client vqc_client_2 - Epoch 2/3 completed. Average Loss: 0.5598
2025-05-26 11:48:06,068 [INFO] src.federated.client: Client vqc_client_2 - Epoch 3/3 completed. Average Loss: 0.5455
2025-05-26 11:48:06,068 [INFO] src.federated.client: Client vqc_client_2: Local training finished. Processed 15 samples.
2025-05-26 11:48:06,070 [INFO] src.core.quantum_client: Client vqc_client_0: Starting local training for 3 epochs (model type: vqc). Proximal term mu=0.0.
2025-05-26 11:48:06,070 [INFO] src.federated.client: Client vqc_client_0: Starting local training for 3 epochs. Proximal term mu=0.0.
2025-05-26 11:48:11,798 [INFO] src.federated.client: Client vqc_client_0 - Epoch 1/3 completed. Average Loss: 0.6320
2025-05-26 11:48:15,707 [INFO] src.federated.client: Client vqc_client_0 - Epoch 2/3 completed. Average Loss: 0.6195
2025-05-26 11:48:19,753 [INFO] src.federated.client: Client vqc_client_0 - Epoch 3/3 completed. Average Loss: 0.6074
2025-05-26 11:48:19,754 [INFO] src.federated.client: Client vqc_client_0: Local training finished. Processed 96 samples.
2025-05-26 11:48:19,759 [INFO] src.federated.server: Aggregating updates from 3 clients using QuantumAggregationStrategy.
2025-05-26 11:48:19,760 [INFO] src.core.quantum_manager: QuantumAggregationStrategy: Detected nn.Module (QNN/VQC/Hybrid) state_dict. Delegating to base strategy: FedDive
2025-05-26 11:48:19,761 [INFO] src.federated.aggregation: FedDive: Aggregating updates from 3 clients (momentum=0.9).
2025-05-26 11:48:19,762 [INFO] src.federated.aggregation: FedDive: Aggregation complete.
2025-05-26 11:48:19,763 [INFO] src.federated.server: Global model updated with aggregated parameters.
2025-05-26 11:48:19,763 [INFO] src.federated.server: Evaluating updated global model...
2025-05-26 11:48:19,763 [INFO] src.core.quantum_manager: Server: Starting evaluation of global model (type: vqc).
2025-05-26 11:48:21,294 [INFO] src.core.quantum_manager: Evaluation results: Loss=0.5814, Accuracy=0.8684
2025-05-26 11:48:21,294 [INFO] src.federated.server: Round 2 completed in 1511.95s. Eval Metrics: {'loss': 0.5813966257530346, 'accuracy': 0.868421052631579}
2025-05-26 11:48:21,294 [INFO] src.federated.server: ===== Starting Round 3/5 =====
2025-05-26 11:48:21,294 [INFO] src.federated.server: Starting federated training round...
2025-05-26 11:48:21,294 [INFO] src.federated.server: Selected 3 clients out of 3 available (fraction=0.1, min_clients=3): ['vqc_client_0', 'vqc_client_2', 'vqc_client_1']
2025-05-26 11:48:21,296 [INFO] src.core.quantum_client: Client vqc_client_0: Starting local training for 3 epochs (model type: vqc). Proximal term mu=0.0.
2025-05-26 11:48:21,296 [INFO] src.federated.client: Client vqc_client_0: Starting local training for 3 epochs. Proximal term mu=0.0.
2025-05-26 11:48:25,325 [INFO] src.federated.client: Client vqc_client_0 - Epoch 1/3 completed. Average Loss: 0.7047
2025-05-26 11:48:29,233 [INFO] src.federated.client: Client vqc_client_0 - Epoch 2/3 completed. Average Loss: 0.6914
2025-05-26 11:48:33,113 [INFO] src.federated.client: Client vqc_client_0 - Epoch 3/3 completed. Average Loss: 0.6781
2025-05-26 11:48:33,113 [INFO] src.federated.client: Client vqc_client_0: Local training finished. Processed 96 samples.
2025-05-26 11:48:33,117 [INFO] src.core.quantum_client: Client vqc_client_2: Starting local training for 3 epochs (model type: vqc). Proximal term mu=0.0.
2025-05-26 11:48:33,118 [INFO] src.federated.client: Client vqc_client_2: Starting local training for 3 epochs. Proximal term mu=0.0.
2025-05-26 11:48:33,714 [INFO] src.federated.client: Client vqc_client_2 - Epoch 1/3 completed. Average Loss: 0.7375
2025-05-26 11:48:34,327 [INFO] src.federated.client: Client vqc_client_2 - Epoch 2/3 completed. Average Loss: 0.7223
2025-05-26 11:48:35,031 [INFO] src.federated.client: Client vqc_client_2 - Epoch 3/3 completed. Average Loss: 0.7067
2025-05-26 11:48:35,031 [INFO] src.federated.client: Client vqc_client_2: Local training finished. Processed 15 samples.
2025-05-26 11:48:35,033 [INFO] src.core.quantum_client: Client vqc_client_1: Starting local training for 3 epochs (model type: vqc). Proximal term mu=0.0.
2025-05-26 11:48:35,033 [INFO] src.federated.client: Client vqc_client_1: Starting local training for 3 epochs. Proximal term mu=0.0.
2025-05-26 11:49:32,412 [INFO] src.federated.client: Client vqc_client_1 - Epoch 1/3 completed. Average Loss: 0.5361
2025-05-26 11:50:24,119 [INFO] src.federated.client: Client vqc_client_1 - Epoch 2/3 completed. Average Loss: 0.4582
2025-05-26 11:51:15,697 [INFO] src.federated.client: Client vqc_client_1 - Epoch 3/3 completed. Average Loss: 0.3926
2025-05-26 11:51:15,698 [INFO] src.federated.client: Client vqc_client_1: Local training finished. Processed 1254 samples.
2025-05-26 11:51:15,699 [INFO] src.federated.server: Aggregating updates from 3 clients using QuantumAggregationStrategy.
2025-05-26 11:51:15,699 [INFO] src.core.quantum_manager: QuantumAggregationStrategy: Detected nn.Module (QNN/VQC/Hybrid) state_dict. Delegating to base strategy: FedDive
2025-05-26 11:51:15,699 [INFO] src.federated.aggregation: FedDive: Aggregating updates from 3 clients (momentum=0.9).
2025-05-26 11:51:15,700 [INFO] src.federated.aggregation: FedDive: Aggregation complete.
2025-05-26 11:51:15,701 [INFO] src.federated.server: Global model updated with aggregated parameters.
2025-05-26 11:51:15,701 [INFO] src.federated.server: Evaluating updated global model...
2025-05-26 11:51:15,701 [INFO] src.core.quantum_manager: Server: Starting evaluation of global model (type: vqc).
2025-05-26 11:51:17,187 [INFO] src.core.quantum_manager: Evaluation results: Loss=0.4121, Accuracy=0.9123
2025-05-26 11:51:17,187 [INFO] src.federated.server: Round 3 completed in 175.89s. Eval Metrics: {'loss': 0.412094535534842, 'accuracy': 0.9122807017543859}
2025-05-26 11:51:17,187 [INFO] src.federated.server: ===== Starting Round 4/5 =====
2025-05-26 11:51:17,187 [INFO] src.federated.server: Starting federated training round...
2025-05-26 11:51:17,188 [INFO] src.federated.server: Selected 3 clients out of 3 available (fraction=0.1, min_clients=3): ['vqc_client_1', 'vqc_client_2', 'vqc_client_0']
2025-05-26 11:51:17,189 [INFO] src.core.quantum_client: Client vqc_client_1: Starting local training for 3 epochs (model type: vqc). Proximal term mu=0.0.
2025-05-26 11:51:17,189 [INFO] src.federated.client: Client vqc_client_1: Starting local training for 3 epochs. Proximal term mu=0.0.
2025-05-26 11:52:07,539 [INFO] src.federated.client: Client vqc_client_1 - Epoch 1/3 completed. Average Loss: 0.3722
2025-05-26 11:52:58,241 [INFO] src.federated.client: Client vqc_client_1 - Epoch 2/3 completed. Average Loss: 0.3288
2025-05-26 11:53:48,787 [INFO] src.federated.client: Client vqc_client_1 - Epoch 3/3 completed. Average Loss: 0.2998
2025-05-26 11:53:48,788 [INFO] src.federated.client: Client vqc_client_1: Local training finished. Processed 1254 samples.
2025-05-26 11:53:48,789 [INFO] src.core.quantum_client: Client vqc_client_2: Starting local training for 3 epochs (model type: vqc). Proximal term mu=0.0.
2025-05-26 11:53:48,789 [INFO] src.federated.client: Client vqc_client_2: Starting local training for 3 epochs. Proximal term mu=0.0.
2025-05-26 11:53:49,946 [INFO] src.federated.client: Client vqc_client_2 - Epoch 1/3 completed. Average Loss: 0.8526
2025-05-26 11:53:50,528 [INFO] src.federated.client: Client vqc_client_2 - Epoch 2/3 completed. Average Loss: 0.8344
2025-05-26 11:53:51,428 [INFO] src.federated.client: Client vqc_client_2 - Epoch 3/3 completed. Average Loss: 0.8149
2025-05-26 11:53:51,429 [INFO] src.federated.client: Client vqc_client_2: Local training finished. Processed 15 samples.
2025-05-26 11:53:51,430 [INFO] src.core.quantum_client: Client vqc_client_0: Starting local training for 3 epochs (model type: vqc). Proximal term mu=0.0.
2025-05-26 11:53:51,430 [INFO] src.federated.client: Client vqc_client_0: Starting local training for 3 epochs. Proximal term mu=0.0.
2025-05-26 11:53:55,205 [INFO] src.federated.client: Client vqc_client_0 - Epoch 1/3 completed. Average Loss: 0.6198
2025-05-26 11:53:59,238 [INFO] src.federated.client: Client vqc_client_0 - Epoch 2/3 completed. Average Loss: 0.6081
2025-05-26 11:54:02,982 [INFO] src.federated.client: Client vqc_client_0 - Epoch 3/3 completed. Average Loss: 0.5963
2025-05-26 11:54:02,983 [INFO] src.federated.client: Client vqc_client_0: Local training finished. Processed 96 samples.
2025-05-26 11:54:02,987 [INFO] src.federated.server: Aggregating updates from 3 clients using QuantumAggregationStrategy.
2025-05-26 11:54:02,988 [INFO] src.core.quantum_manager: QuantumAggregationStrategy: Detected nn.Module (QNN/VQC/Hybrid) state_dict. Delegating to base strategy: FedDive
2025-05-26 11:54:02,988 [INFO] src.federated.aggregation: FedDive: Aggregating updates from 3 clients (momentum=0.9).
2025-05-26 11:54:02,989 [INFO] src.federated.aggregation: FedDive: Aggregation complete.
2025-05-26 11:54:02,990 [INFO] src.federated.server: Global model updated with aggregated parameters.
2025-05-26 11:54:02,990 [INFO] src.federated.server: Evaluating updated global model...
2025-05-26 11:54:02,990 [INFO] src.core.quantum_manager: Server: Starting evaluation of global model (type: vqc).
2025-05-26 11:54:04,150 [INFO] src.core.quantum_manager: Evaluation results: Loss=0.3185, Accuracy=0.9211
2025-05-26 11:54:04,150 [INFO] src.federated.server: Round 4 completed in 166.96s. Eval Metrics: {'loss': 0.3184608048514316, 'accuracy': 0.9210526315789473}
2025-05-26 11:54:04,151 [INFO] src.federated.server: ===== Starting Round 5/5 =====
2025-05-26 11:54:04,151 [INFO] src.federated.server: Starting federated training round...
2025-05-26 11:54:04,151 [INFO] src.federated.server: Selected 3 clients out of 3 available (fraction=0.1, min_clients=3): ['vqc_client_0', 'vqc_client_1', 'vqc_client_2']
2025-05-26 11:54:04,153 [INFO] src.core.quantum_client: Client vqc_client_0: Starting local training for 3 epochs (model type: vqc). Proximal term mu=0.0.
2025-05-26 11:54:04,153 [INFO] src.federated.client: Client vqc_client_0: Starting local training for 3 epochs. Proximal term mu=0.0.
2025-05-26 11:54:08,022 [INFO] src.federated.client: Client vqc_client_0 - Epoch 1/3 completed. Average Loss: 0.5133
2025-05-26 11:54:11,705 [INFO] src.federated.client: Client vqc_client_0 - Epoch 2/3 completed. Average Loss: 0.5041
2025-05-26 11:54:15,482 [INFO] src.federated.client: Client vqc_client_0 - Epoch 3/3 completed. Average Loss: 0.4949
2025-05-26 11:54:15,482 [INFO] src.federated.client: Client vqc_client_0: Local training finished. Processed 96 samples.
2025-05-26 11:54:15,487 [INFO] src.core.quantum_client: Client vqc_client_1: Starting local training for 3 epochs (model type: vqc). Proximal term mu=0.0.
2025-05-26 11:54:15,487 [INFO] src.federated.client: Client vqc_client_1: Starting local training for 3 epochs. Proximal term mu=0.0.
2025-05-26 11:55:06,880 [INFO] src.federated.client: Client vqc_client_1 - Epoch 1/3 completed. Average Loss: 0.2913
2025-05-26 11:55:57,933 [INFO] src.federated.client: Client vqc_client_1 - Epoch 2/3 completed. Average Loss: 0.2713
2025-05-26 11:56:48,367 [INFO] src.federated.client: Client vqc_client_1 - Epoch 3/3 completed. Average Loss: 0.2533
2025-05-26 11:56:48,367 [INFO] src.federated.client: Client vqc_client_1: Local training finished. Processed 1254 samples.
2025-05-26 11:56:48,368 [INFO] src.core.quantum_client: Client vqc_client_2: Starting local training for 3 epochs (model type: vqc). Proximal term mu=0.0.
2025-05-26 11:56:48,368 [INFO] src.federated.client: Client vqc_client_2: Starting local training for 3 epochs. Proximal term mu=0.0.
2025-05-26 11:56:48,966 [INFO] src.federated.client: Client vqc_client_2 - Epoch 1/3 completed. Average Loss: 0.9409
2025-05-26 11:56:49,574 [INFO] src.federated.client: Client vqc_client_2 - Epoch 2/3 completed. Average Loss: 0.9161
2025-05-26 11:56:50,143 [INFO] src.federated.client: Client vqc_client_2 - Epoch 3/3 completed. Average Loss: 0.8902
2025-05-26 11:56:50,144 [INFO] src.federated.client: Client vqc_client_2: Local training finished. Processed 15 samples.
2025-05-26 11:56:50,145 [INFO] src.federated.server: Aggregating updates from 3 clients using QuantumAggregationStrategy.
2025-05-26 11:56:50,145 [INFO] src.core.quantum_manager: QuantumAggregationStrategy: Detected nn.Module (QNN/VQC/Hybrid) state_dict. Delegating to base strategy: FedDive
2025-05-26 11:56:50,145 [INFO] src.federated.aggregation: FedDive: Aggregating updates from 3 clients (momentum=0.9).
2025-05-26 11:56:50,146 [INFO] src.federated.aggregation: FedDive: Aggregation complete.
2025-05-26 11:56:50,147 [INFO] src.federated.server: Global model updated with aggregated parameters.
2025-05-26 11:56:50,147 [INFO] src.federated.server: Evaluating updated global model...
2025-05-26 11:56:50,147 [INFO] src.core.quantum_manager: Server: Starting evaluation of global model (type: vqc).
2025-05-26 11:56:51,415 [INFO] src.core.quantum_manager: Evaluation results: Loss=0.2717, Accuracy=0.9298
2025-05-26 11:56:51,415 [INFO] src.federated.server: Round 5 completed in 167.26s. Eval Metrics: {'loss': 0.2717387738980745, 'accuracy': 0.9298245614035088}
2025-05-26 11:56:51,415 [INFO] src.federated.server: Federated training process completed after 5 rounds.
2025-05-26 11:56:51,415 [INFO] BC_ExperimentRunner: ========== Finished BC_VQC_FedDive_NonIID_a0.5_PCA4_L2_Complex ==========

2025-05-26 11:56:51,415 [INFO] BC_ExperimentRunner: ========== Starting BC_Hybrid_FedAvg_IID_PCA8_Q4L2_Basic ==========
2025-05-26 11:56:51,415 [INFO] BC_ExperimentRunner: --- Setting up experiment: BC_Hybrid_FedAvg_IID_PCA8_Q4L2_Basic for dataset breast_cancer ---
2025-05-26 11:56:51,416 [INFO] src.utils.data_utils: Set all random seeds to 42
2025-05-26 11:56:51,417 [INFO] BC_ExperimentRunner: Experiment 'BC_Hybrid_FedAvg_IID_PCA8_Q4L2_Basic' will use tensor_dtype: torch.float64
2025-05-26 11:56:51,417 [INFO] src.utils.data_utils: Loading dataset: breast_cancer, PCA features=8, Scaling=standard, Subset size=None, Dtype=torch.float64
2025-05-26 11:56:51,417 [INFO] src.utils.data_utils: Set all random seeds to 42
2025-05-26 11:56:51,429 [INFO] src.utils.data_utils: Applying PCA to reduce features to 8
2025-05-26 11:56:51,433 [INFO] src.utils.data_utils: PCA applied. New feature count: 8. Explained variance: 0.9284
2025-05-26 11:56:51,433 [INFO] src.utils.data_utils: Data preparation complete for 'breast_cancer'. Train size: 455, Test size: 114, Features: 8, Classes: 2
2025-05-26 11:56:51,437 [INFO] BC_ExperimentRunner: Successfully loaded configuration from /home/dhanraj/quantum_federated_simulator/configs/federated/server_config.yaml
2025-05-26 11:56:51,440 [INFO] BC_ExperimentRunner: Successfully loaded configuration from /home/dhanraj/quantum_federated_simulator/configs/federated/client_config.yaml
2025-05-26 11:56:51,443 [INFO] BC_ExperimentRunner: Successfully loaded configuration from /home/dhanraj/quantum_federated_simulator/configs/federated/default_aggregation.yaml
2025-05-26 11:56:51,443 [INFO] BC_ExperimentRunner: Creating model of type: hybrid with n_features=8, n_classes=2, initial_dtype_request=torch.float64
2025-05-26 11:56:51,444 [INFO] src.quantum.models: Initializing HybridQuantumModel: Input=8, Hidden=16, FinalOutput=2, Qubits=4, QCircuit='basic', QDiff='best'
2025-05-26 11:56:51,444 [INFO] src.quantum.models: Initializing QNN Layer: qubits=4, layers=2, circuit='basic', device='lightning.qubit', shots=None, diff_method='best'
2025-05-26 11:56:51,445 [INFO] src.quantum.circuits: Creating basic circuit with 4 qubits, 2 layers.
2025-05-26 11:56:51,445 [INFO] src.quantum.circuits: Basic circuit expects 24 trainable parameters.
2025-05-26 11:56:51,446 [INFO] src.quantum.models: QNN circuit requires 24 parameters.
2025-05-26 11:56:51,446 [INFO] src.quantum.models: QuantumNeuralNetwork: Using 'lightning.qubit' with no shots. Defaulting to 'adjoint'.
2025-05-26 11:56:51,446 [INFO] src.quantum.models: QuantumNeuralNetwork attempting to use differentiation method: adjoint
2025-05-26 11:56:51,452 [INFO] src.quantum.models: QNN raw circuit output dimension: 4
2025-05-26 11:56:51,452 [INFO] src.quantum.models: QNN module's final output dimension (after head): 4
2025-05-26 11:56:51,453 [INFO] src.federated.aggregation: Creating aggregation strategy of type: fedavg
2025-05-26 11:56:51,453 [INFO] BC_ExperimentRunner: Using aggregation strategy: FedAvg (base: FedAvg)
2025-05-26 11:56:51,453 [INFO] src.core.quantum_manager: QuantumServer: Initializing with global model type 'hybrid'.
2025-05-26 11:56:51,455 [INFO] src.federated.server: Federated server initialized on device 'cuda' with aggregation strategy: FedAvg
2025-05-26 11:56:51,455 [INFO] BC_ExperimentRunner: Creating model of type: hybrid with n_features=8, n_classes=2, initial_dtype_request=torch.float64
2025-05-26 11:56:51,455 [INFO] src.quantum.models: Initializing HybridQuantumModel: Input=8, Hidden=16, FinalOutput=2, Qubits=4, QCircuit='basic', QDiff='best'
2025-05-26 11:56:51,456 [INFO] src.quantum.models: Initializing QNN Layer: qubits=4, layers=2, circuit='basic', device='lightning.qubit', shots=None, diff_method='best'
2025-05-26 11:56:51,457 [INFO] src.quantum.circuits: Creating basic circuit with 4 qubits, 2 layers.
2025-05-26 11:56:51,457 [INFO] src.quantum.circuits: Basic circuit expects 24 trainable parameters.
2025-05-26 11:56:51,457 [INFO] src.quantum.models: QNN circuit requires 24 parameters.
2025-05-26 11:56:51,457 [INFO] src.quantum.models: QuantumNeuralNetwork: Using 'lightning.qubit' with no shots. Defaulting to 'adjoint'.
2025-05-26 11:56:51,457 [INFO] src.quantum.models: QuantumNeuralNetwork attempting to use differentiation method: adjoint
2025-05-26 11:56:51,464 [INFO] src.quantum.models: QNN raw circuit output dimension: 4
2025-05-26 11:56:51,465 [INFO] src.quantum.models: QNN module's final output dimension (after head): 4
2025-05-26 11:56:51,465 [INFO] src.core.quantum_client: QuantumClient hybrid_client_0: Initializing with model type 'hybrid'.
2025-05-26 11:56:51,468 [INFO] src.federated.client: Client hybrid_client_0 initialized on device 'cuda' with 151 samples.
2025-05-26 11:56:51,468 [INFO] BC_ExperimentRunner: Creating model of type: hybrid with n_features=8, n_classes=2, initial_dtype_request=torch.float64
2025-05-26 11:56:51,468 [INFO] src.quantum.models: Initializing HybridQuantumModel: Input=8, Hidden=16, FinalOutput=2, Qubits=4, QCircuit='basic', QDiff='best'
2025-05-26 11:56:51,469 [INFO] src.quantum.models: Initializing QNN Layer: qubits=4, layers=2, circuit='basic', device='lightning.qubit', shots=None, diff_method='best'
2025-05-26 11:56:51,469 [INFO] src.quantum.circuits: Creating basic circuit with 4 qubits, 2 layers.
2025-05-26 11:56:51,470 [INFO] src.quantum.circuits: Basic circuit expects 24 trainable parameters.
2025-05-26 11:56:51,470 [INFO] src.quantum.models: QNN circuit requires 24 parameters.
2025-05-26 11:56:51,470 [INFO] src.quantum.models: QuantumNeuralNetwork: Using 'lightning.qubit' with no shots. Defaulting to 'adjoint'.
2025-05-26 11:56:51,470 [INFO] src.quantum.models: QuantumNeuralNetwork attempting to use differentiation method: adjoint
2025-05-26 11:56:51,478 [INFO] src.quantum.models: QNN raw circuit output dimension: 4
2025-05-26 11:56:51,479 [INFO] src.quantum.models: QNN module's final output dimension (after head): 4
2025-05-26 11:56:51,479 [INFO] src.core.quantum_client: QuantumClient hybrid_client_1: Initializing with model type 'hybrid'.
2025-05-26 11:56:51,482 [INFO] src.federated.client: Client hybrid_client_1 initialized on device 'cuda' with 151 samples.
2025-05-26 11:56:51,482 [INFO] BC_ExperimentRunner: Creating model of type: hybrid with n_features=8, n_classes=2, initial_dtype_request=torch.float64
2025-05-26 11:56:51,482 [INFO] src.quantum.models: Initializing HybridQuantumModel: Input=8, Hidden=16, FinalOutput=2, Qubits=4, QCircuit='basic', QDiff='best'
2025-05-26 11:56:51,483 [INFO] src.quantum.models: Initializing QNN Layer: qubits=4, layers=2, circuit='basic', device='lightning.qubit', shots=None, diff_method='best'
2025-05-26 11:56:51,483 [INFO] src.quantum.circuits: Creating basic circuit with 4 qubits, 2 layers.
2025-05-26 11:56:51,483 [INFO] src.quantum.circuits: Basic circuit expects 24 trainable parameters.
2025-05-26 11:56:51,483 [INFO] src.quantum.models: QNN circuit requires 24 parameters.
2025-05-26 11:56:51,484 [INFO] src.quantum.models: QuantumNeuralNetwork: Using 'lightning.qubit' with no shots. Defaulting to 'adjoint'.
2025-05-26 11:56:51,484 [INFO] src.quantum.models: QuantumNeuralNetwork attempting to use differentiation method: adjoint
2025-05-26 11:56:51,491 [INFO] src.quantum.models: QNN raw circuit output dimension: 4
2025-05-26 11:56:51,491 [INFO] src.quantum.models: QNN module's final output dimension (after head): 4
2025-05-26 11:56:51,492 [INFO] src.core.quantum_client: QuantumClient hybrid_client_2: Initializing with model type 'hybrid'.
2025-05-26 11:56:51,494 [INFO] src.federated.client: Client hybrid_client_2 initialized on device 'cuda' with 153 samples.
2025-05-26 11:56:51,494 [INFO] src.federated.server: Registered client 'hybrid_client_0'. Total clients: 1.
2025-05-26 11:56:51,495 [INFO] src.federated.server: Registered client 'hybrid_client_1'. Total clients: 2.
2025-05-26 11:56:51,495 [INFO] src.federated.server: Registered client 'hybrid_client_2'. Total clients: 3.
2025-05-26 11:56:51,495 [INFO] BC_ExperimentRunner: --- Scenario setup complete for BC_Hybrid_FedAvg_IID_PCA8_Q4L2_Basic ---
2025-05-26 11:56:51,495 [INFO] src.federated.server: Starting federated training process for 5 rounds.
2025-05-26 11:56:51,496 [INFO] src.federated.server: Config: local_epochs=3, client_fraction=0.1, min_clients=3, FedProx mu=0.0
2025-05-26 11:56:51,496 [INFO] src.federated.server: Performing initial evaluation of global model...
2025-05-26 11:56:51,496 [INFO] src.core.quantum_manager: Server: Starting evaluation of global model (type: hybrid).
2025-05-26 11:56:52,093 [INFO] src.core.quantum_manager: Evaluation results: Loss=0.6530, Accuracy=0.6316
2025-05-26 11:56:52,094 [INFO] src.federated.server: Initial Evaluation Metrics: {'loss': 0.6529945762533891, 'accuracy': 0.631578947368421}
2025-05-26 11:56:52,094 [INFO] src.federated.server: ===== Starting Round 1/5 =====
2025-05-26 11:56:52,094 [INFO] src.federated.server: Starting federated training round...
2025-05-26 11:56:52,094 [INFO] src.federated.server: Selected 3 clients out of 3 available (fraction=0.1, min_clients=3): ['hybrid_client_2', 'hybrid_client_0', 'hybrid_client_1']
2025-05-26 11:56:52,099 [INFO] src.core.quantum_client: Client hybrid_client_2: Starting local training for 3 epochs (model type: hybrid). Proximal term mu=0.0.
2025-05-26 11:56:52,099 [INFO] src.federated.client: Client hybrid_client_2: Starting local training for 3 epochs. Proximal term mu=0.0.
2025-05-26 11:57:00,884 [INFO] src.federated.client: Client hybrid_client_2 - Epoch 1/3 completed. Average Loss: 0.6388
2025-05-26 11:57:08,736 [INFO] src.federated.client: Client hybrid_client_2 - Epoch 2/3 completed. Average Loss: 0.6371
2025-05-26 11:57:16,580 [INFO] src.federated.client: Client hybrid_client_2 - Epoch 3/3 completed. Average Loss: 0.6355
2025-05-26 11:57:16,581 [INFO] src.federated.client: Client hybrid_client_2: Local training finished. Processed 459 samples.
2025-05-26 11:57:16,584 [INFO] src.core.quantum_client: Client hybrid_client_0: Starting local training for 3 epochs (model type: hybrid). Proximal term mu=0.0.
2025-05-26 11:57:16,585 [INFO] src.federated.client: Client hybrid_client_0: Starting local training for 3 epochs. Proximal term mu=0.0.
2025-05-26 11:57:25,137 [INFO] src.federated.client: Client hybrid_client_0 - Epoch 1/3 completed. Average Loss: 0.6446
2025-05-26 11:57:33,239 [INFO] src.federated.client: Client hybrid_client_0 - Epoch 2/3 completed. Average Loss: 0.6429
2025-05-26 11:57:41,048 [INFO] src.federated.client: Client hybrid_client_0 - Epoch 3/3 completed. Average Loss: 0.6408
2025-05-26 11:57:41,049 [INFO] src.federated.client: Client hybrid_client_0: Local training finished. Processed 453 samples.
2025-05-26 11:57:41,051 [INFO] src.core.quantum_client: Client hybrid_client_1: Starting local training for 3 epochs (model type: hybrid). Proximal term mu=0.0.
2025-05-26 11:57:41,052 [INFO] src.federated.client: Client hybrid_client_1: Starting local training for 3 epochs. Proximal term mu=0.0.
2025-05-26 11:57:48,771 [INFO] src.federated.client: Client hybrid_client_1 - Epoch 1/3 completed. Average Loss: 0.6823
2025-05-26 11:57:57,731 [INFO] src.federated.client: Client hybrid_client_1 - Epoch 2/3 completed. Average Loss: 0.6782
2025-05-26 11:58:05,532 [INFO] src.federated.client: Client hybrid_client_1 - Epoch 3/3 completed. Average Loss: 0.6751
2025-05-26 11:58:05,533 [INFO] src.federated.client: Client hybrid_client_1: Local training finished. Processed 453 samples.
2025-05-26 11:58:05,535 [INFO] src.federated.server: Aggregating updates from 3 clients using FedAvg.
2025-05-26 11:58:05,535 [INFO] src.federated.aggregation: FedAvg: Aggregating updates from 3 clients.
2025-05-26 11:58:05,536 [INFO] src.federated.aggregation: FedAvg: Aggregation complete.
2025-05-26 11:58:05,537 [INFO] src.federated.server: Global model updated with aggregated parameters.
2025-05-26 11:58:05,537 [INFO] src.federated.server: Evaluating updated global model...
2025-05-26 11:58:05,537 [INFO] src.core.quantum_manager: Server: Starting evaluation of global model (type: hybrid).
2025-05-26 11:58:06,117 [INFO] src.core.quantum_manager: Evaluation results: Loss=0.6477, Accuracy=0.6316
2025-05-26 11:58:06,118 [INFO] src.federated.server: Round 1 completed in 74.02s. Eval Metrics: {'loss': 0.6476856741988868, 'accuracy': 0.631578947368421}
2025-05-26 11:58:06,118 [INFO] src.federated.server: ===== Starting Round 2/5 =====
2025-05-26 11:58:06,118 [INFO] src.federated.server: Starting federated training round...
2025-05-26 11:58:06,118 [INFO] src.federated.server: Selected 3 clients out of 3 available (fraction=0.1, min_clients=3): ['hybrid_client_2', 'hybrid_client_1', 'hybrid_client_0']
2025-05-26 11:58:06,120 [INFO] src.core.quantum_client: Client hybrid_client_2: Starting local training for 3 epochs (model type: hybrid). Proximal term mu=0.0.
2025-05-26 11:58:06,120 [INFO] src.federated.client: Client hybrid_client_2: Starting local training for 3 epochs. Proximal term mu=0.0.
2025-05-26 11:58:13,951 [INFO] src.federated.client: Client hybrid_client_2 - Epoch 1/3 completed. Average Loss: 0.6340
2025-05-26 11:58:21,735 [INFO] src.federated.client: Client hybrid_client_2 - Epoch 2/3 completed. Average Loss: 0.6320
2025-05-26 11:58:30,672 [INFO] src.federated.client: Client hybrid_client_2 - Epoch 3/3 completed. Average Loss: 0.6294
2025-05-26 11:58:30,673 [INFO] src.federated.client: Client hybrid_client_2: Local training finished. Processed 459 samples.
2025-05-26 11:58:30,676 [INFO] src.core.quantum_client: Client hybrid_client_1: Starting local training for 3 epochs (model type: hybrid). Proximal term mu=0.0.
2025-05-26 11:58:30,677 [INFO] src.federated.client: Client hybrid_client_1: Starting local training for 3 epochs. Proximal term mu=0.0.
2025-05-26 11:58:38,402 [INFO] src.federated.client: Client hybrid_client_1 - Epoch 1/3 completed. Average Loss: 0.6746
2025-05-26 11:58:46,111 [INFO] src.federated.client: Client hybrid_client_1 - Epoch 2/3 completed. Average Loss: 0.6707
2025-05-26 11:58:54,390 [INFO] src.federated.client: Client hybrid_client_1 - Epoch 3/3 completed. Average Loss: 0.6669
2025-05-26 11:58:54,391 [INFO] src.federated.client: Client hybrid_client_1: Local training finished. Processed 453 samples.
2025-05-26 11:58:54,395 [INFO] src.core.quantum_client: Client hybrid_client_0: Starting local training for 3 epochs (model type: hybrid). Proximal term mu=0.0.
2025-05-26 11:58:54,395 [INFO] src.federated.client: Client hybrid_client_0: Starting local training for 3 epochs. Proximal term mu=0.0.
2025-05-26 11:59:04,129 [INFO] src.federated.client: Client hybrid_client_0 - Epoch 1/3 completed. Average Loss: 0.6396
2025-05-26 11:59:12,008 [INFO] src.federated.client: Client hybrid_client_0 - Epoch 2/3 completed. Average Loss: 0.6370
2025-05-26 11:59:20,080 [INFO] src.federated.client: Client hybrid_client_0 - Epoch 3/3 completed. Average Loss: 0.6341
2025-05-26 11:59:20,081 [INFO] src.federated.client: Client hybrid_client_0: Local training finished. Processed 453 samples.
2025-05-26 11:59:20,083 [INFO] src.federated.server: Aggregating updates from 3 clients using FedAvg.
2025-05-26 11:59:20,083 [INFO] src.federated.aggregation: FedAvg: Aggregating updates from 3 clients.
2025-05-26 11:59:20,084 [INFO] src.federated.aggregation: FedAvg: Aggregation complete.
2025-05-26 11:59:20,084 [INFO] src.federated.server: Global model updated with aggregated parameters.
2025-05-26 11:59:20,084 [INFO] src.federated.server: Evaluating updated global model...
2025-05-26 11:59:20,085 [INFO] src.core.quantum_manager: Server: Starting evaluation of global model (type: hybrid).
2025-05-26 11:59:20,686 [INFO] src.core.quantum_manager: Evaluation results: Loss=0.6406, Accuracy=0.6316
2025-05-26 11:59:20,686 [INFO] src.federated.server: Round 2 completed in 74.57s. Eval Metrics: {'loss': 0.6405517730796546, 'accuracy': 0.631578947368421}
2025-05-26 11:59:20,686 [INFO] src.federated.server: ===== Starting Round 3/5 =====
2025-05-26 11:59:20,687 [INFO] src.federated.server: Starting federated training round...
2025-05-26 11:59:20,687 [INFO] src.federated.server: Selected 3 clients out of 3 available (fraction=0.1, min_clients=3): ['hybrid_client_0', 'hybrid_client_2', 'hybrid_client_1']
2025-05-26 11:59:20,688 [INFO] src.core.quantum_client: Client hybrid_client_0: Starting local training for 3 epochs (model type: hybrid). Proximal term mu=0.0.
2025-05-26 11:59:20,688 [INFO] src.federated.client: Client hybrid_client_0: Starting local training for 3 epochs. Proximal term mu=0.0.
2025-05-26 11:59:29,887 [INFO] src.federated.client: Client hybrid_client_0 - Epoch 1/3 completed. Average Loss: 0.6317
2025-05-26 11:59:37,789 [INFO] src.federated.client: Client hybrid_client_0 - Epoch 2/3 completed. Average Loss: 0.6267
2025-05-26 11:59:45,737 [INFO] src.federated.client: Client hybrid_client_0 - Epoch 3/3 completed. Average Loss: 0.6209
2025-05-26 11:59:45,737 [INFO] src.federated.client: Client hybrid_client_0: Local training finished. Processed 453 samples.
2025-05-26 11:59:45,740 [INFO] src.core.quantum_client: Client hybrid_client_2: Starting local training for 3 epochs (model type: hybrid). Proximal term mu=0.0.
2025-05-26 11:59:45,740 [INFO] src.federated.client: Client hybrid_client_2: Starting local training for 3 epochs. Proximal term mu=0.0.
2025-05-26 11:59:53,500 [INFO] src.federated.client: Client hybrid_client_2 - Epoch 1/3 completed. Average Loss: 0.6266
2025-05-26 12:00:02,690 [INFO] src.federated.client: Client hybrid_client_2 - Epoch 2/3 completed. Average Loss: 0.6224
2025-05-26 12:00:10,957 [INFO] src.federated.client: Client hybrid_client_2 - Epoch 3/3 completed. Average Loss: 0.6172
2025-05-26 12:00:10,958 [INFO] src.federated.client: Client hybrid_client_2: Local training finished. Processed 459 samples.
2025-05-26 12:00:10,961 [INFO] src.core.quantum_client: Client hybrid_client_1: Starting local training for 3 epochs (model type: hybrid). Proximal term mu=0.0.
2025-05-26 12:00:10,961 [INFO] src.federated.client: Client hybrid_client_1: Starting local training for 3 epochs. Proximal term mu=0.0.
2025-05-26 12:00:18,742 [INFO] src.federated.client: Client hybrid_client_1 - Epoch 1/3 completed. Average Loss: 0.6639
2025-05-26 12:00:26,424 [INFO] src.federated.client: Client hybrid_client_1 - Epoch 2/3 completed. Average Loss: 0.6578
2025-05-26 12:00:34,941 [INFO] src.federated.client: Client hybrid_client_1 - Epoch 3/3 completed. Average Loss: 0.6507
2025-05-26 12:00:34,942 [INFO] src.federated.client: Client hybrid_client_1: Local training finished. Processed 453 samples.
2025-05-26 12:00:34,944 [INFO] src.federated.server: Aggregating updates from 3 clients using FedAvg.
2025-05-26 12:00:34,944 [INFO] src.federated.aggregation: FedAvg: Aggregating updates from 3 clients.
2025-05-26 12:00:34,945 [INFO] src.federated.aggregation: FedAvg: Aggregation complete.
2025-05-26 12:00:34,946 [INFO] src.federated.server: Global model updated with aggregated parameters.
2025-05-26 12:00:34,946 [INFO] src.federated.server: Evaluating updated global model...
2025-05-26 12:00:34,946 [INFO] src.core.quantum_manager: Server: Starting evaluation of global model (type: hybrid).
2025-05-26 12:00:35,574 [INFO] src.core.quantum_manager: Evaluation results: Loss=0.6263, Accuracy=0.6316
2025-05-26 12:00:35,575 [INFO] src.federated.server: Round 3 completed in 74.89s. Eval Metrics: {'loss': 0.6262509916958056, 'accuracy': 0.631578947368421}
2025-05-26 12:00:35,575 [INFO] src.federated.server: ===== Starting Round 4/5 =====
2025-05-26 12:00:35,575 [INFO] src.federated.server: Starting federated training round...
2025-05-26 12:00:35,575 [INFO] src.federated.server: Selected 3 clients out of 3 available (fraction=0.1, min_clients=3): ['hybrid_client_2', 'hybrid_client_0', 'hybrid_client_1']
2025-05-26 12:00:35,577 [INFO] src.core.quantum_client: Client hybrid_client_2: Starting local training for 3 epochs (model type: hybrid). Proximal term mu=0.0.
2025-05-26 12:00:35,577 [INFO] src.federated.client: Client hybrid_client_2: Starting local training for 3 epochs. Proximal term mu=0.0.
2025-05-26 12:00:43,957 [INFO] src.federated.client: Client hybrid_client_2 - Epoch 1/3 completed. Average Loss: 0.6110
2025-05-26 12:00:52,195 [INFO] src.federated.client: Client hybrid_client_2 - Epoch 2/3 completed. Average Loss: 0.6037
2025-05-26 12:01:00,750 [INFO] src.federated.client: Client hybrid_client_2 - Epoch 3/3 completed. Average Loss: 0.5948
2025-05-26 12:01:00,751 [INFO] src.federated.client: Client hybrid_client_2: Local training finished. Processed 459 samples.
2025-05-26 12:01:00,753 [INFO] src.core.quantum_client: Client hybrid_client_0: Starting local training for 3 epochs (model type: hybrid). Proximal term mu=0.0.
2025-05-26 12:01:00,754 [INFO] src.federated.client: Client hybrid_client_0: Starting local training for 3 epochs. Proximal term mu=0.0.
2025-05-26 12:01:10,832 [INFO] src.federated.client: Client hybrid_client_0 - Epoch 1/3 completed. Average Loss: 0.6156
2025-05-26 12:01:18,829 [INFO] src.federated.client: Client hybrid_client_0 - Epoch 2/3 completed. Average Loss: 0.6079
2025-05-26 12:01:26,931 [INFO] src.federated.client: Client hybrid_client_0 - Epoch 3/3 completed. Average Loss: 0.5992
2025-05-26 12:01:26,932 [INFO] src.federated.client: Client hybrid_client_0: Local training finished. Processed 453 samples.
2025-05-26 12:01:26,935 [INFO] src.core.quantum_client: Client hybrid_client_1: Starting local training for 3 epochs (model type: hybrid). Proximal term mu=0.0.
2025-05-26 12:01:26,936 [INFO] src.federated.client: Client hybrid_client_1: Starting local training for 3 epochs. Proximal term mu=0.0.
2025-05-26 12:01:36,382 [INFO] src.federated.client: Client hybrid_client_1 - Epoch 1/3 completed. Average Loss: 0.6446
2025-05-26 12:01:44,980 [INFO] src.federated.client: Client hybrid_client_1 - Epoch 2/3 completed. Average Loss: 0.6354
2025-05-26 12:01:53,332 [INFO] src.federated.client: Client hybrid_client_1 - Epoch 3/3 completed. Average Loss: 0.6246
2025-05-26 12:01:53,333 [INFO] src.federated.client: Client hybrid_client_1: Local training finished. Processed 453 samples.
2025-05-26 12:01:53,335 [INFO] src.federated.server: Aggregating updates from 3 clients using FedAvg.
2025-05-26 12:01:53,335 [INFO] src.federated.aggregation: FedAvg: Aggregating updates from 3 clients.
2025-05-26 12:01:53,336 [INFO] src.federated.aggregation: FedAvg: Aggregation complete.
2025-05-26 12:01:53,336 [INFO] src.federated.server: Global model updated with aggregated parameters.
2025-05-26 12:01:53,337 [INFO] src.federated.server: Evaluating updated global model...
2025-05-26 12:01:53,337 [INFO] src.core.quantum_manager: Server: Starting evaluation of global model (type: hybrid).
2025-05-26 12:01:53,929 [INFO] src.core.quantum_manager: Evaluation results: Loss=0.6034, Accuracy=0.6316
2025-05-26 12:01:53,930 [INFO] src.federated.server: Round 4 completed in 78.35s. Eval Metrics: {'loss': 0.6034006152236671, 'accuracy': 0.631578947368421}
2025-05-26 12:01:53,930 [INFO] src.federated.server: ===== Starting Round 5/5 =====
2025-05-26 12:01:53,930 [INFO] src.federated.server: Starting federated training round...
2025-05-26 12:01:53,930 [INFO] src.federated.server: Selected 3 clients out of 3 available (fraction=0.1, min_clients=3): ['hybrid_client_0', 'hybrid_client_2', 'hybrid_client_1']
2025-05-26 12:01:53,932 [INFO] src.core.quantum_client: Client hybrid_client_0: Starting local training for 3 epochs (model type: hybrid). Proximal term mu=0.0.
2025-05-26 12:01:53,932 [INFO] src.federated.client: Client hybrid_client_0: Starting local training for 3 epochs. Proximal term mu=0.0.
2025-05-26 12:02:02,372 [INFO] src.federated.client: Client hybrid_client_0 - Epoch 1/3 completed. Average Loss: 0.5899
2025-05-26 12:02:11,790 [INFO] src.federated.client: Client hybrid_client_0 - Epoch 2/3 completed. Average Loss: 0.5788
2025-05-26 12:02:20,616 [INFO] src.federated.client: Client hybrid_client_0 - Epoch 3/3 completed. Average Loss: 0.5661
2025-05-26 12:02:20,617 [INFO] src.federated.client: Client hybrid_client_0: Local training finished. Processed 453 samples.
2025-05-26 12:02:20,620 [INFO] src.core.quantum_client: Client hybrid_client_2: Starting local training for 3 epochs (model type: hybrid). Proximal term mu=0.0.
2025-05-26 12:02:20,620 [INFO] src.federated.client: Client hybrid_client_2: Starting local training for 3 epochs. Proximal term mu=0.0.
2025-05-26 12:02:28,853 [INFO] src.federated.client: Client hybrid_client_2 - Epoch 1/3 completed. Average Loss: 0.5859
2025-05-26 12:02:37,595 [INFO] src.federated.client: Client hybrid_client_2 - Epoch 2/3 completed. Average Loss: 0.5743
2025-05-26 12:02:45,832 [INFO] src.federated.client: Client hybrid_client_2 - Epoch 3/3 completed. Average Loss: 0.5619
2025-05-26 12:02:45,833 [INFO] src.federated.client: Client hybrid_client_2: Local training finished. Processed 459 samples.
2025-05-26 12:02:45,836 [INFO] src.core.quantum_client: Client hybrid_client_1: Starting local training for 3 epochs (model type: hybrid). Proximal term mu=0.0.
2025-05-26 12:02:45,836 [INFO] src.federated.client: Client hybrid_client_1: Starting local training for 3 epochs. Proximal term mu=0.0.
2025-05-26 12:02:53,793 [INFO] src.federated.client: Client hybrid_client_1 - Epoch 1/3 completed. Average Loss: 0.6158
2025-05-26 12:03:02,154 [INFO] src.federated.client: Client hybrid_client_1 - Epoch 2/3 completed. Average Loss: 0.6032
2025-05-26 12:03:11,243 [INFO] src.federated.client: Client hybrid_client_1 - Epoch 3/3 completed. Average Loss: 0.5891
2025-05-26 12:03:11,244 [INFO] src.federated.client: Client hybrid_client_1: Local training finished. Processed 453 samples.
2025-05-26 12:03:11,246 [INFO] src.federated.server: Aggregating updates from 3 clients using FedAvg.
2025-05-26 12:03:11,246 [INFO] src.federated.aggregation: FedAvg: Aggregating updates from 3 clients.
2025-05-26 12:03:11,247 [INFO] src.federated.aggregation: FedAvg: Aggregation complete.
2025-05-26 12:03:11,248 [INFO] src.federated.server: Global model updated with aggregated parameters.
2025-05-26 12:03:11,248 [INFO] src.federated.server: Evaluating updated global model...
2025-05-26 12:03:11,248 [INFO] src.core.quantum_manager: Server: Starting evaluation of global model (type: hybrid).
2025-05-26 12:03:11,845 [INFO] src.core.quantum_manager: Evaluation results: Loss=0.5709, Accuracy=0.6316
2025-05-26 12:03:11,845 [INFO] src.federated.server: Round 5 completed in 77.92s. Eval Metrics: {'loss': 0.5708661539512768, 'accuracy': 0.631578947368421}
2025-05-26 12:03:11,845 [INFO] src.federated.server: Federated training process completed after 5 rounds.
2025-05-26 12:03:11,845 [INFO] BC_ExperimentRunner: ========== Finished BC_Hybrid_FedAvg_IID_PCA8_Q4L2_Basic ==========

2025-05-26 12:03:11,845 [INFO] BC_ExperimentRunner: ========== Starting BC_QNN_FedAvg_IID_PCA4_L2_Basic ==========
2025-05-26 12:03:11,846 [INFO] BC_ExperimentRunner: --- Setting up experiment: BC_QNN_FedAvg_IID_PCA4_L2_Basic for dataset breast_cancer ---
2025-05-26 12:03:11,846 [INFO] src.utils.data_utils: Set all random seeds to 42
2025-05-26 12:03:11,846 [INFO] BC_ExperimentRunner: Experiment 'BC_QNN_FedAvg_IID_PCA4_L2_Basic' will use tensor_dtype: torch.float64
2025-05-26 12:03:11,846 [INFO] src.utils.data_utils: Loading dataset: breast_cancer, PCA features=4, Scaling=minmax, Subset size=None, Dtype=torch.float64
2025-05-26 12:03:11,846 [INFO] src.utils.data_utils: Set all random seeds to 42
2025-05-26 12:03:11,853 [INFO] src.utils.data_utils: Applying PCA to reduce features to 4
2025-05-26 12:03:11,854 [INFO] src.utils.data_utils: PCA applied. New feature count: 4. Explained variance: 0.8393
2025-05-26 12:03:11,855 [INFO] src.utils.data_utils: Data preparation complete for 'breast_cancer'. Train size: 455, Test size: 114, Features: 4, Classes: 2
2025-05-26 12:03:11,859 [INFO] BC_ExperimentRunner: Successfully loaded configuration from /home/dhanraj/quantum_federated_simulator/configs/federated/server_config.yaml
2025-05-26 12:03:11,861 [INFO] BC_ExperimentRunner: Successfully loaded configuration from /home/dhanraj/quantum_federated_simulator/configs/federated/client_config.yaml
2025-05-26 12:03:11,864 [INFO] BC_ExperimentRunner: Successfully loaded configuration from /home/dhanraj/quantum_federated_simulator/configs/federated/default_aggregation.yaml
2025-05-26 12:03:11,864 [INFO] BC_ExperimentRunner: Creating model of type: qnn with n_features=4, n_classes=2, initial_dtype_request=torch.float64
2025-05-26 12:03:11,865 [INFO] src.quantum.models: Initializing QNN Layer: qubits=4, layers=2, circuit='basic', device='lightning.qubit', shots=None, diff_method='best'
2025-05-26 12:03:11,865 [INFO] src.quantum.circuits: Creating basic circuit with 4 qubits, 2 layers.
2025-05-26 12:03:11,865 [INFO] src.quantum.circuits: Basic circuit expects 24 trainable parameters.
2025-05-26 12:03:11,865 [INFO] src.quantum.models: QNN circuit requires 24 parameters.
2025-05-26 12:03:11,865 [INFO] src.quantum.models: QuantumNeuralNetwork: Using 'lightning.qubit' with no shots. Defaulting to 'adjoint'.
2025-05-26 12:03:11,865 [INFO] src.quantum.models: QuantumNeuralNetwork attempting to use differentiation method: adjoint
2025-05-26 12:03:11,871 [INFO] src.quantum.models: QNN raw circuit output dimension: 4
2025-05-26 12:03:11,872 [INFO] src.quantum.models: QNN: Added Linear head: 4 -> 2
2025-05-26 12:03:11,872 [INFO] src.quantum.models: QNN module's final output dimension (after head): 2
2025-05-26 12:03:11,872 [INFO] src.federated.aggregation: Creating aggregation strategy of type: fedavg
2025-05-26 12:03:11,872 [INFO] BC_ExperimentRunner: Using aggregation strategy: FedAvg (base: FedAvg)
2025-05-26 12:03:11,872 [INFO] src.core.quantum_manager: QuantumServer: Initializing with global model type 'qnn'.
2025-05-26 12:03:11,874 [INFO] src.federated.server: Federated server initialized on device 'cuda' with aggregation strategy: FedAvg
2025-05-26 12:03:11,874 [INFO] BC_ExperimentRunner: Creating model of type: qnn with n_features=4, n_classes=2, initial_dtype_request=torch.float64
2025-05-26 12:03:11,874 [INFO] src.quantum.models: Initializing QNN Layer: qubits=4, layers=2, circuit='basic', device='lightning.qubit', shots=None, diff_method='best'
2025-05-26 12:03:11,875 [INFO] src.quantum.circuits: Creating basic circuit with 4 qubits, 2 layers.
2025-05-26 12:03:11,875 [INFO] src.quantum.circuits: Basic circuit expects 24 trainable parameters.
2025-05-26 12:03:11,875 [INFO] src.quantum.models: QNN circuit requires 24 parameters.
2025-05-26 12:03:11,875 [INFO] src.quantum.models: QuantumNeuralNetwork: Using 'lightning.qubit' with no shots. Defaulting to 'adjoint'.
2025-05-26 12:03:11,875 [INFO] src.quantum.models: QuantumNeuralNetwork attempting to use differentiation method: adjoint
2025-05-26 12:03:11,883 [INFO] src.quantum.models: QNN raw circuit output dimension: 4
2025-05-26 12:03:11,883 [INFO] src.quantum.models: QNN: Added Linear head: 4 -> 2
2025-05-26 12:03:11,883 [INFO] src.quantum.models: QNN module's final output dimension (after head): 2
2025-05-26 12:03:11,884 [INFO] src.core.quantum_client: QuantumClient qnn_client_0: Initializing with model type 'qnn'.
2025-05-26 12:03:11,885 [INFO] src.federated.client: Client qnn_client_0 initialized on device 'cuda' with 151 samples.
2025-05-26 12:03:11,885 [INFO] BC_ExperimentRunner: Creating model of type: qnn with n_features=4, n_classes=2, initial_dtype_request=torch.float64
2025-05-26 12:03:11,886 [INFO] src.quantum.models: Initializing QNN Layer: qubits=4, layers=2, circuit='basic', device='lightning.qubit', shots=None, diff_method='best'
2025-05-26 12:03:11,886 [INFO] src.quantum.circuits: Creating basic circuit with 4 qubits, 2 layers.
2025-05-26 12:03:11,886 [INFO] src.quantum.circuits: Basic circuit expects 24 trainable parameters.
2025-05-26 12:03:11,886 [INFO] src.quantum.models: QNN circuit requires 24 parameters.
2025-05-26 12:03:11,886 [INFO] src.quantum.models: QuantumNeuralNetwork: Using 'lightning.qubit' with no shots. Defaulting to 'adjoint'.
2025-05-26 12:03:11,886 [INFO] src.quantum.models: QuantumNeuralNetwork attempting to use differentiation method: adjoint
2025-05-26 12:03:11,893 [INFO] src.quantum.models: QNN raw circuit output dimension: 4
2025-05-26 12:03:11,894 [INFO] src.quantum.models: QNN: Added Linear head: 4 -> 2
2025-05-26 12:03:11,894 [INFO] src.quantum.models: QNN module's final output dimension (after head): 2
2025-05-26 12:03:11,894 [INFO] src.core.quantum_client: QuantumClient qnn_client_1: Initializing with model type 'qnn'.
2025-05-26 12:03:11,896 [INFO] src.federated.client: Client qnn_client_1 initialized on device 'cuda' with 151 samples.
2025-05-26 12:03:11,896 [INFO] BC_ExperimentRunner: Creating model of type: qnn with n_features=4, n_classes=2, initial_dtype_request=torch.float64
2025-05-26 12:03:11,896 [INFO] src.quantum.models: Initializing QNN Layer: qubits=4, layers=2, circuit='basic', device='lightning.qubit', shots=None, diff_method='best'
2025-05-26 12:03:11,897 [INFO] src.quantum.circuits: Creating basic circuit with 4 qubits, 2 layers.
2025-05-26 12:03:11,897 [INFO] src.quantum.circuits: Basic circuit expects 24 trainable parameters.
2025-05-26 12:03:11,897 [INFO] src.quantum.models: QNN circuit requires 24 parameters.
2025-05-26 12:03:11,897 [INFO] src.quantum.models: QuantumNeuralNetwork: Using 'lightning.qubit' with no shots. Defaulting to 'adjoint'.
2025-05-26 12:03:11,897 [INFO] src.quantum.models: QuantumNeuralNetwork attempting to use differentiation method: adjoint
2025-05-26 12:03:11,904 [INFO] src.quantum.models: QNN raw circuit output dimension: 4
2025-05-26 12:03:11,905 [INFO] src.quantum.models: QNN: Added Linear head: 4 -> 2
2025-05-26 12:03:11,905 [INFO] src.quantum.models: QNN module's final output dimension (after head): 2
2025-05-26 12:03:11,905 [INFO] src.core.quantum_client: QuantumClient qnn_client_2: Initializing with model type 'qnn'.
2025-05-26 12:03:11,907 [INFO] src.federated.client: Client qnn_client_2 initialized on device 'cuda' with 153 samples.
2025-05-26 12:03:11,907 [INFO] src.federated.server: Registered client 'qnn_client_0'. Total clients: 1.
2025-05-26 12:03:11,907 [INFO] src.federated.server: Registered client 'qnn_client_1'. Total clients: 2.
2025-05-26 12:03:11,907 [INFO] src.federated.server: Registered client 'qnn_client_2'. Total clients: 3.
2025-05-26 12:03:11,907 [INFO] BC_ExperimentRunner: --- Scenario setup complete for BC_QNN_FedAvg_IID_PCA4_L2_Basic ---
2025-05-26 12:03:11,908 [INFO] src.federated.server: Starting federated training process for 5 rounds.
2025-05-26 12:03:11,909 [INFO] src.federated.server: Config: local_epochs=3, client_fraction=0.1, min_clients=3, FedProx mu=0.0
2025-05-26 12:03:11,909 [INFO] src.federated.server: Performing initial evaluation of global model...
2025-05-26 12:03:11,909 [INFO] src.core.quantum_manager: Server: Starting evaluation of global model (type: qnn).
2025-05-26 12:03:12,589 [INFO] src.core.quantum_manager: Evaluation results: Loss=0.6952, Accuracy=0.4298
2025-05-26 12:03:12,589 [INFO] src.federated.server: Initial Evaluation Metrics: {'loss': 0.6951935155349865, 'accuracy': 0.4298245614035088}
2025-05-26 12:03:12,589 [INFO] src.federated.server: ===== Starting Round 1/5 =====
2025-05-26 12:03:12,589 [INFO] src.federated.server: Starting federated training round...
2025-05-26 12:03:12,589 [INFO] src.federated.server: Selected 3 clients out of 3 available (fraction=0.1, min_clients=3): ['qnn_client_2', 'qnn_client_0', 'qnn_client_1']
2025-05-26 12:03:12,591 [INFO] src.core.quantum_client: Client qnn_client_2: Starting local training for 3 epochs (model type: qnn). Proximal term mu=0.0.
2025-05-26 12:03:12,591 [INFO] src.federated.client: Client qnn_client_2: Starting local training for 3 epochs. Proximal term mu=0.0.
2025-05-26 12:03:20,097 [INFO] src.federated.client: Client qnn_client_2 - Epoch 1/3 completed. Average Loss: 0.6858
2025-05-26 12:03:27,404 [INFO] src.federated.client: Client qnn_client_2 - Epoch 2/3 completed. Average Loss: 0.6605
2025-05-26 12:03:34,756 [INFO] src.federated.client: Client qnn_client_2 - Epoch 3/3 completed. Average Loss: 0.6349
2025-05-26 12:03:34,756 [INFO] src.federated.client: Client qnn_client_2: Local training finished. Processed 459 samples.
2025-05-26 12:03:34,759 [INFO] src.core.quantum_client: Client qnn_client_0: Starting local training for 3 epochs (model type: qnn). Proximal term mu=0.0.
2025-05-26 12:03:34,759 [INFO] src.federated.client: Client qnn_client_0: Starting local training for 3 epochs. Proximal term mu=0.0.
2025-05-26 12:03:42,483 [INFO] src.federated.client: Client qnn_client_0 - Epoch 1/3 completed. Average Loss: 0.6855
2025-05-26 12:03:49,403 [INFO] src.federated.client: Client qnn_client_0 - Epoch 2/3 completed. Average Loss: 0.6584
2025-05-26 12:03:56,633 [INFO] src.federated.client: Client qnn_client_0 - Epoch 3/3 completed. Average Loss: 0.6362
2025-05-26 12:03:56,634 [INFO] src.federated.client: Client qnn_client_0: Local training finished. Processed 453 samples.
2025-05-26 12:03:56,637 [INFO] src.core.quantum_client: Client qnn_client_1: Starting local training for 3 epochs (model type: qnn). Proximal term mu=0.0.
2025-05-26 12:03:56,637 [INFO] src.federated.client: Client qnn_client_1: Starting local training for 3 epochs. Proximal term mu=0.0.
2025-05-26 12:04:03,635 [INFO] src.federated.client: Client qnn_client_1 - Epoch 1/3 completed. Average Loss: 0.6850
2025-05-26 12:04:11,869 [INFO] src.federated.client: Client qnn_client_1 - Epoch 2/3 completed. Average Loss: 0.6633
2025-05-26 12:04:19,638 [INFO] src.federated.client: Client qnn_client_1 - Epoch 3/3 completed. Average Loss: 0.6450
2025-05-26 12:04:19,639 [INFO] src.federated.client: Client qnn_client_1: Local training finished. Processed 453 samples.
2025-05-26 12:04:19,641 [INFO] src.federated.server: Aggregating updates from 3 clients using FedAvg.
2025-05-26 12:04:19,642 [INFO] src.federated.aggregation: FedAvg: Aggregating updates from 3 clients.
2025-05-26 12:04:19,642 [INFO] src.federated.aggregation: FedAvg: Aggregation complete.
2025-05-26 12:04:19,643 [INFO] src.federated.server: Global model updated with aggregated parameters.
2025-05-26 12:04:19,643 [INFO] src.federated.server: Evaluating updated global model...
2025-05-26 12:04:19,643 [INFO] src.core.quantum_manager: Server: Starting evaluation of global model (type: qnn).
2025-05-26 12:04:20,493 [INFO] src.core.quantum_manager: Evaluation results: Loss=0.6235, Accuracy=0.6404
2025-05-26 12:04:20,493 [INFO] src.federated.server: Round 1 completed in 67.90s. Eval Metrics: {'loss': 0.6234722628928068, 'accuracy': 0.6403508771929824}
2025-05-26 12:04:20,493 [INFO] src.federated.server: ===== Starting Round 2/5 =====
2025-05-26 12:04:20,494 [INFO] src.federated.server: Starting federated training round...
2025-05-26 12:04:20,494 [INFO] src.federated.server: Selected 3 clients out of 3 available (fraction=0.1, min_clients=3): ['qnn_client_2', 'qnn_client_1', 'qnn_client_0']
2025-05-26 12:04:20,495 [INFO] src.core.quantum_client: Client qnn_client_2: Starting local training for 3 epochs (model type: qnn). Proximal term mu=0.0.
2025-05-26 12:04:20,496 [INFO] src.federated.client: Client qnn_client_2: Starting local training for 3 epochs. Proximal term mu=0.0.
2025-05-26 12:04:30,247 [INFO] src.federated.client: Client qnn_client_2 - Epoch 1/3 completed. Average Loss: 0.6202
2025-05-26 12:04:39,239 [INFO] src.federated.client: Client qnn_client_2 - Epoch 2/3 completed. Average Loss: 0.6043
2025-05-26 12:04:47,765 [INFO] src.federated.client: Client qnn_client_2 - Epoch 3/3 completed. Average Loss: 0.5865
2025-05-26 12:04:47,766 [INFO] src.federated.client: Client qnn_client_2: Local training finished. Processed 459 samples.
2025-05-26 12:04:47,768 [INFO] src.core.quantum_client: Client qnn_client_1: Starting local training for 3 epochs (model type: qnn). Proximal term mu=0.0.
2025-05-26 12:04:47,769 [INFO] src.federated.client: Client qnn_client_1: Starting local training for 3 epochs. Proximal term mu=0.0.
2025-05-26 12:04:56,979 [INFO] src.federated.client: Client qnn_client_1 - Epoch 1/3 completed. Average Loss: 0.6268
2025-05-26 12:05:06,231 [INFO] src.federated.client: Client qnn_client_1 - Epoch 2/3 completed. Average Loss: 0.6117
2025-05-26 12:05:15,075 [INFO] src.federated.client: Client qnn_client_1 - Epoch 3/3 completed. Average Loss: 0.5970
2025-05-26 12:05:15,076 [INFO] src.federated.client: Client qnn_client_1: Local training finished. Processed 453 samples.
2025-05-26 12:05:15,079 [INFO] src.core.quantum_client: Client qnn_client_0: Starting local training for 3 epochs (model type: qnn). Proximal term mu=0.0.
2025-05-26 12:05:15,079 [INFO] src.federated.client: Client qnn_client_0: Starting local training for 3 epochs. Proximal term mu=0.0.
2025-05-26 12:05:24,003 [INFO] src.federated.client: Client qnn_client_0 - Epoch 1/3 completed. Average Loss: 0.6201
2025-05-26 12:05:31,630 [INFO] src.federated.client: Client qnn_client_0 - Epoch 2/3 completed. Average Loss: 0.6029
2025-05-26 12:05:41,605 [INFO] src.federated.client: Client qnn_client_0 - Epoch 3/3 completed. Average Loss: 0.5858
2025-05-26 12:05:41,606 [INFO] src.federated.client: Client qnn_client_0: Local training finished. Processed 453 samples.
2025-05-26 12:05:41,608 [INFO] src.federated.server: Aggregating updates from 3 clients using FedAvg.
2025-05-26 12:05:41,608 [INFO] src.federated.aggregation: FedAvg: Aggregating updates from 3 clients.
2025-05-26 12:05:41,609 [INFO] src.federated.aggregation: FedAvg: Aggregation complete.
2025-05-26 12:05:41,610 [INFO] src.federated.server: Global model updated with aggregated parameters.
2025-05-26 12:05:41,610 [INFO] src.federated.server: Evaluating updated global model...
2025-05-26 12:05:41,610 [INFO] src.core.quantum_manager: Server: Starting evaluation of global model (type: qnn).
2025-05-26 12:05:42,236 [INFO] src.core.quantum_manager: Evaluation results: Loss=0.5722, Accuracy=0.6491
2025-05-26 12:05:42,236 [INFO] src.federated.server: Round 2 completed in 81.74s. Eval Metrics: {'loss': 0.5721591292766103, 'accuracy': 0.6491228070175439}
2025-05-26 12:05:42,236 [INFO] src.federated.server: ===== Starting Round 3/5 =====
2025-05-26 12:05:42,236 [INFO] src.federated.server: Starting federated training round...
2025-05-26 12:05:42,237 [INFO] src.federated.server: Selected 3 clients out of 3 available (fraction=0.1, min_clients=3): ['qnn_client_0', 'qnn_client_2', 'qnn_client_1']
2025-05-26 12:05:42,237 [INFO] src.core.quantum_client: Client qnn_client_0: Starting local training for 3 epochs (model type: qnn). Proximal term mu=0.0.
2025-05-26 12:05:42,237 [INFO] src.federated.client: Client qnn_client_0: Starting local training for 3 epochs. Proximal term mu=0.0.
2025-05-26 12:05:53,566 [INFO] src.federated.client: Client qnn_client_0 - Epoch 1/3 completed. Average Loss: 0.5714
2025-05-26 12:06:04,322 [INFO] src.federated.client: Client qnn_client_0 - Epoch 2/3 completed. Average Loss: 0.5563
2025-05-26 12:06:15,796 [INFO] src.federated.client: Client qnn_client_0 - Epoch 3/3 completed. Average Loss: 0.5405
2025-05-26 12:06:15,797 [INFO] src.federated.client: Client qnn_client_0: Local training finished. Processed 453 samples.
2025-05-26 12:06:15,800 [INFO] src.core.quantum_client: Client qnn_client_2: Starting local training for 3 epochs (model type: qnn). Proximal term mu=0.0.
2025-05-26 12:06:15,800 [INFO] src.federated.client: Client qnn_client_2: Starting local training for 3 epochs. Proximal term mu=0.0.
2025-05-26 12:06:22,968 [INFO] src.federated.client: Client qnn_client_2 - Epoch 1/3 completed. Average Loss: 0.5723
2025-05-26 12:06:30,025 [INFO] src.federated.client: Client qnn_client_2 - Epoch 2/3 completed. Average Loss: 0.5586
2025-05-26 12:06:37,436 [INFO] src.federated.client: Client qnn_client_2 - Epoch 3/3 completed. Average Loss: 0.5433
2025-05-26 12:06:37,437 [INFO] src.federated.client: Client qnn_client_2: Local training finished. Processed 459 samples.
2025-05-26 12:06:37,439 [INFO] src.core.quantum_client: Client qnn_client_1: Starting local training for 3 epochs (model type: qnn). Proximal term mu=0.0.
2025-05-26 12:06:37,440 [INFO] src.federated.client: Client qnn_client_1: Starting local training for 3 epochs. Proximal term mu=0.0.
2025-05-26 12:06:46,320 [INFO] src.federated.client: Client qnn_client_1 - Epoch 1/3 completed. Average Loss: 0.5831
2025-05-26 12:06:53,521 [INFO] src.federated.client: Client qnn_client_1 - Epoch 2/3 completed. Average Loss: 0.5658
2025-05-26 12:07:01,201 [INFO] src.federated.client: Client qnn_client_1 - Epoch 3/3 completed. Average Loss: 0.5465
2025-05-26 12:07:01,203 [INFO] src.federated.client: Client qnn_client_1: Local training finished. Processed 453 samples.
2025-05-26 12:07:01,205 [INFO] src.federated.server: Aggregating updates from 3 clients using FedAvg.
2025-05-26 12:07:01,205 [INFO] src.federated.aggregation: FedAvg: Aggregating updates from 3 clients.
2025-05-26 12:07:01,206 [INFO] src.federated.aggregation: FedAvg: Aggregation complete.
2025-05-26 12:07:01,206 [INFO] src.federated.server: Global model updated with aggregated parameters.
2025-05-26 12:07:01,207 [INFO] src.federated.server: Evaluating updated global model...
2025-05-26 12:07:01,207 [INFO] src.core.quantum_manager: Server: Starting evaluation of global model (type: qnn).
2025-05-26 12:07:01,797 [INFO] src.core.quantum_manager: Evaluation results: Loss=0.5221, Accuracy=0.7105
2025-05-26 12:07:01,797 [INFO] src.federated.server: Round 3 completed in 79.56s. Eval Metrics: {'loss': 0.522138794263204, 'accuracy': 0.7105263157894737}
2025-05-26 12:07:01,797 [INFO] src.federated.server: ===== Starting Round 4/5 =====
2025-05-26 12:07:01,797 [INFO] src.federated.server: Starting federated training round...
2025-05-26 12:07:01,798 [INFO] src.federated.server: Selected 3 clients out of 3 available (fraction=0.1, min_clients=3): ['qnn_client_2', 'qnn_client_0', 'qnn_client_1']
2025-05-26 12:07:01,798 [INFO] src.core.quantum_client: Client qnn_client_2: Starting local training for 3 epochs (model type: qnn). Proximal term mu=0.0.
2025-05-26 12:07:01,799 [INFO] src.federated.client: Client qnn_client_2: Starting local training for 3 epochs. Proximal term mu=0.0.
2025-05-26 12:07:10,311 [INFO] src.federated.client: Client qnn_client_2 - Epoch 1/3 completed. Average Loss: 0.5265
2025-05-26 12:07:18,809 [INFO] src.federated.client: Client qnn_client_2 - Epoch 2/3 completed. Average Loss: 0.5095
2025-05-26 12:07:26,618 [INFO] src.federated.client: Client qnn_client_2 - Epoch 3/3 completed. Average Loss: 0.4915
2025-05-26 12:07:26,619 [INFO] src.federated.client: Client qnn_client_2: Local training finished. Processed 459 samples.
2025-05-26 12:07:26,621 [INFO] src.core.quantum_client: Client qnn_client_0: Starting local training for 3 epochs (model type: qnn). Proximal term mu=0.0.
2025-05-26 12:07:26,622 [INFO] src.federated.client: Client qnn_client_0: Starting local training for 3 epochs. Proximal term mu=0.0.
2025-05-26 12:07:34,031 [INFO] src.federated.client: Client qnn_client_0 - Epoch 1/3 completed. Average Loss: 0.5237
2025-05-26 12:07:42,526 [INFO] src.federated.client: Client qnn_client_0 - Epoch 2/3 completed. Average Loss: 0.5060
2025-05-26 12:07:51,240 [INFO] src.federated.client: Client qnn_client_0 - Epoch 3/3 completed. Average Loss: 0.4869
2025-05-26 12:07:51,241 [INFO] src.federated.client: Client qnn_client_0: Local training finished. Processed 453 samples.
2025-05-26 12:07:51,243 [INFO] src.core.quantum_client: Client qnn_client_1: Starting local training for 3 epochs (model type: qnn). Proximal term mu=0.0.
2025-05-26 12:07:51,244 [INFO] src.federated.client: Client qnn_client_1: Starting local training for 3 epochs. Proximal term mu=0.0.
2025-05-26 12:07:58,517 [INFO] src.federated.client: Client qnn_client_1 - Epoch 1/3 completed. Average Loss: 0.5316
2025-05-26 12:08:05,700 [INFO] src.federated.client: Client qnn_client_1 - Epoch 2/3 completed. Average Loss: 0.5100
2025-05-26 12:08:12,409 [INFO] src.federated.client: Client qnn_client_1 - Epoch 3/3 completed. Average Loss: 0.4880
2025-05-26 12:08:12,409 [INFO] src.federated.client: Client qnn_client_1: Local training finished. Processed 453 samples.
2025-05-26 12:08:12,411 [INFO] src.federated.server: Aggregating updates from 3 clients using FedAvg.
2025-05-26 12:08:12,412 [INFO] src.federated.aggregation: FedAvg: Aggregating updates from 3 clients.
2025-05-26 12:08:12,412 [INFO] src.federated.aggregation: FedAvg: Aggregation complete.
2025-05-26 12:08:12,414 [INFO] src.federated.server: Global model updated with aggregated parameters.
2025-05-26 12:08:12,414 [INFO] src.federated.server: Evaluating updated global model...
2025-05-26 12:08:12,414 [INFO] src.core.quantum_manager: Server: Starting evaluation of global model (type: qnn).
2025-05-26 12:08:13,088 [INFO] src.core.quantum_manager: Evaluation results: Loss=0.4638, Accuracy=0.8421
2025-05-26 12:08:13,088 [INFO] src.federated.server: Round 4 completed in 71.29s. Eval Metrics: {'loss': 0.46382435372001246, 'accuracy': 0.8421052631578947}
2025-05-26 12:08:13,088 [INFO] src.federated.server: ===== Starting Round 5/5 =====
2025-05-26 12:08:13,088 [INFO] src.federated.server: Starting federated training round...
2025-05-26 12:08:13,088 [INFO] src.federated.server: Selected 3 clients out of 3 available (fraction=0.1, min_clients=3): ['qnn_client_0', 'qnn_client_2', 'qnn_client_1']
2025-05-26 12:08:13,090 [INFO] src.core.quantum_client: Client qnn_client_0: Starting local training for 3 epochs (model type: qnn). Proximal term mu=0.0.
2025-05-26 12:08:13,090 [INFO] src.federated.client: Client qnn_client_0: Starting local training for 3 epochs. Proximal term mu=0.0.
2025-05-26 12:08:20,983 [INFO] src.federated.client: Client qnn_client_0 - Epoch 1/3 completed. Average Loss: 0.4651
2025-05-26 12:08:28,224 [INFO] src.federated.client: Client qnn_client_0 - Epoch 2/3 completed. Average Loss: 0.4438
2025-05-26 12:08:35,050 [INFO] src.federated.client: Client qnn_client_0 - Epoch 3/3 completed. Average Loss: 0.4209
2025-05-26 12:08:35,050 [INFO] src.federated.client: Client qnn_client_0: Local training finished. Processed 453 samples.
2025-05-26 12:08:35,052 [INFO] src.core.quantum_client: Client qnn_client_2: Starting local training for 3 epochs (model type: qnn). Proximal term mu=0.0.
2025-05-26 12:08:35,053 [INFO] src.federated.client: Client qnn_client_2: Starting local training for 3 epochs. Proximal term mu=0.0.
2025-05-26 12:08:42,581 [INFO] src.federated.client: Client qnn_client_2 - Epoch 1/3 completed. Average Loss: 0.4708
2025-05-26 12:08:51,739 [INFO] src.federated.client: Client qnn_client_2 - Epoch 2/3 completed. Average Loss: 0.4516
2025-05-26 12:08:59,827 [INFO] src.federated.client: Client qnn_client_2 - Epoch 3/3 completed. Average Loss: 0.4304
2025-05-26 12:08:59,828 [INFO] src.federated.client: Client qnn_client_2: Local training finished. Processed 459 samples.
2025-05-26 12:08:59,830 [INFO] src.core.quantum_client: Client qnn_client_1: Starting local training for 3 epochs (model type: qnn). Proximal term mu=0.0.
2025-05-26 12:08:59,831 [INFO] src.federated.client: Client qnn_client_1: Starting local training for 3 epochs. Proximal term mu=0.0.
2025-05-26 12:09:06,786 [INFO] src.federated.client: Client qnn_client_1 - Epoch 1/3 completed. Average Loss: 0.4696
2025-05-26 12:09:13,900 [INFO] src.federated.client: Client qnn_client_1 - Epoch 2/3 completed. Average Loss: 0.4443
2025-05-26 12:09:22,166 [INFO] src.federated.client: Client qnn_client_1 - Epoch 3/3 completed. Average Loss: 0.4207
2025-05-26 12:09:22,167 [INFO] src.federated.client: Client qnn_client_1: Local training finished. Processed 453 samples.
2025-05-26 12:09:22,169 [INFO] src.federated.server: Aggregating updates from 3 clients using FedAvg.
2025-05-26 12:09:22,169 [INFO] src.federated.aggregation: FedAvg: Aggregating updates from 3 clients.
2025-05-26 12:09:22,170 [INFO] src.federated.aggregation: FedAvg: Aggregation complete.
2025-05-26 12:09:22,170 [INFO] src.federated.server: Global model updated with aggregated parameters.
2025-05-26 12:09:22,170 [INFO] src.federated.server: Evaluating updated global model...
2025-05-26 12:09:22,170 [INFO] src.core.quantum_manager: Server: Starting evaluation of global model (type: qnn).
2025-05-26 12:09:22,811 [INFO] src.core.quantum_manager: Evaluation results: Loss=0.3988, Accuracy=0.8860
2025-05-26 12:09:22,811 [INFO] src.federated.server: Round 5 completed in 69.72s. Eval Metrics: {'loss': 0.3988393409210339, 'accuracy': 0.8859649122807017}
2025-05-26 12:09:22,811 [INFO] src.federated.server: Federated training process completed after 5 rounds.
2025-05-26 12:09:22,811 [INFO] BC_ExperimentRunner: ========== Finished BC_QNN_FedAvg_IID_PCA4_L2_Basic ==========

2025-05-26 12:09:22,852 [INFO] BC_ExperimentRunner: All BC experiment results saved to /home/dhanraj/quantum_federated_simulator/experiments/results_bc/bc_experiment_results_20250526-120922.csv
2025-05-26 12:09:22,853 [INFO] BC_ExperimentRunner: All Breast Cancer Experiments Finished.
2025-05-26 12:09:22,853 [INFO] VisualizationIntegration: Generating advanced visualizations for BC experiments...
2025-05-26 12:09:22,856 [INFO] AdvancedVisualization: Advanced visualization initialized with output directory: /home/dhanraj/quantum_federated_simulator/experiments/advanced_vis_bc
2025-05-26 12:09:22,856 [INFO] AdvancedVisualization: Generating all visualizations...
2025-05-26 12:09:22,856 [INFO] AdvancedVisualization: Generating advanced accuracy curves...
2025-05-26 12:09:22,856 [INFO] AdvancedVisualization: Preparing round-by-round data for visualization...
2025-05-26 12:09:27,839 [INFO] AdvancedVisualization: Figure saved to: /home/dhanraj/quantum_federated_simulator/experiments/advanced_vis_bc/learning_curves/advanced_accuracy_vs_round.png
2025-05-26 12:09:29,167 [INFO] AdvancedVisualization: Figure saved to: /home/dhanraj/quantum_federated_simulator/experiments/advanced_vis_bc/learning_curves/advanced_accuracy_vs_round_detailed.png
2025-05-26 12:09:29,865 [INFO] AdvancedVisualization: Generating advanced loss curves...
2025-05-26 12:09:29,865 [INFO] AdvancedVisualization: Preparing round-by-round data for visualization...
2025-05-26 12:09:30,636 [INFO] AdvancedVisualization: Figure saved to: /home/dhanraj/quantum_federated_simulator/experiments/advanced_vis_bc/learning_curves/advanced_loss_vs_round.png
2025-05-26 12:09:30,841 [INFO] AdvancedVisualization: Generating accuracy vs resources plots...
2025-05-26 12:09:30,841 [INFO] AdvancedVisualization: Preparing round-by-round data for visualization...
2025-05-26 12:09:31,661 [INFO] AdvancedVisualization: Figure saved to: /home/dhanraj/quantum_federated_simulator/experiments/advanced_vis_bc/resource_analysis/advanced_accuracy_vs_time.png
2025-05-26 12:09:32,540 [INFO] AdvancedVisualization: Figure saved to: /home/dhanraj/quantum_federated_simulator/experiments/advanced_vis_bc/resource_analysis/advanced_accuracy_vs_communication.png
2025-05-26 12:09:32,738 [INFO] AdvancedVisualization: Generating comparative bar plots...
2025-05-26 12:09:32,739 [INFO] AdvancedVisualization: Preparing experiment metadata for visualization...
2025-05-26 12:09:33,474 [INFO] AdvancedVisualization: Figure saved to: /home/dhanraj/quantum_federated_simulator/experiments/advanced_vis_bc/comparative_analysis/advanced_accuracy_comparison.png
2025-05-26 12:09:34,328 [INFO] AdvancedVisualization: Figure saved to: /home/dhanraj/quantum_federated_simulator/experiments/advanced_vis_bc/comparative_analysis/advanced_time_comparison.png
2025-05-26 12:09:35,444 [INFO] AdvancedVisualization: Figure saved to: /home/dhanraj/quantum_federated_simulator/experiments/advanced_vis_bc/comparative_analysis/advanced_communication_comparison.png
2025-05-26 12:09:35,581 [INFO] AdvancedVisualization: Generating model comparison matrix...
2025-05-26 12:09:35,581 [INFO] AdvancedVisualization: Preparing experiment metadata for visualization...
2025-05-26 12:09:36,965 [INFO] AdvancedVisualization: Figure saved to: /home/dhanraj/quantum_federated_simulator/experiments/advanced_vis_bc/comparative_analysis/model_comparison_matrix.png
2025-05-26 12:09:37,300 [INFO] AdvancedVisualization: Generating heatmap analysis...
2025-05-26 12:09:37,301 [INFO] AdvancedVisualization: Preparing experiment metadata for visualization...
2025-05-26 12:09:37,718 [INFO] AdvancedVisualization: Figure saved to: /home/dhanraj/quantum_federated_simulator/experiments/advanced_vis_bc/heatmap_analysis/accuracy_heatmap_by_model_agg.png
2025-05-26 12:09:38,449 [INFO] AdvancedVisualization: Figure saved to: /home/dhanraj/quantum_federated_simulator/experiments/advanced_vis_bc/heatmap_analysis/accuracy_heatmap_by_model_data.png
2025-05-26 12:09:39,175 [INFO] AdvancedVisualization: Figure saved to: /home/dhanraj/quantum_federated_simulator/experiments/advanced_vis_bc/heatmap_analysis/time_heatmap_by_model_agg.png
2025-05-26 12:09:39,354 [INFO] AdvancedVisualization: Generating statistical analysis...
2025-05-26 12:09:39,354 [INFO] AdvancedVisualization: Preparing experiment metadata for visualization...
2025-05-26 12:09:40,859 [INFO] AdvancedVisualization: Figure saved to: /home/dhanraj/quantum_federated_simulator/experiments/advanced_vis_bc/statistical/statistical_analysis.png
2025-05-26 12:09:41,241 [INFO] AdvancedVisualization: Statistical test results saved to /home/dhanraj/quantum_federated_simulator/experiments/advanced_vis_bc/statistical/statistical_tests.txt
2025-05-26 12:09:41,242 [INFO] AdvancedVisualization: Generating combined visualization dashboard...
2025-05-26 12:09:41,242 [INFO] AdvancedVisualization: Preparing experiment metadata for visualization...
2025-05-26 12:09:41,242 [INFO] AdvancedVisualization: Preparing round-by-round data for visualization...
2025-05-26 12:09:44,244 [INFO] AdvancedVisualization: Figure saved to: /home/dhanraj/quantum_federated_simulator/experiments/advanced_vis_bc/dashboard/experiment_dashboard.png
2025-05-26 12:09:44,811 [INFO] AdvancedVisualization: All visualizations generated successfully!
2025-05-26 12:09:44,811 [INFO] VisualizationIntegration: All advanced visualizations generated successfully in /home/dhanraj/quantum_federated_simulator/experiments/advanced_vis_bc
2025-05-26 12:09:44,811 [INFO] BC_ExperimentRunner: Script for Breast Cancer experiments finished.
