2025-06-03 06:02:12,524 [INFO] BC_ExperimentRunner: Starting All Breast Cancer Experiments...
2025-06-03 06:02:12,524 [INFO] BC_ExperimentRunner: ========== Starting BC_MLP_FedAvg_IID_FullFeat ==========
2025-06-03 06:02:12,524 [INFO] BC_ExperimentRunner: --- Setting up experiment: BC_MLP_FedAvg_IID_FullFeat for dataset breast_cancer ---
2025-06-03 06:02:13,397 [INFO] src.utils.data_utils: Set all random seeds to 42
2025-06-03 06:02:13,397 [INFO] BC_ExperimentRunner: Experiment 'BC_MLP_FedAvg_IID_FullFeat' will use tensor_dtype: torch.float32
2025-06-03 06:02:13,398 [INFO] src.utils.data_utils: Loading dataset: breast_cancer, PCA features=None, Scaling=standard, Subset size=None, Dtype=torch.float32
2025-06-03 06:02:13,398 [INFO] src.utils.data_utils: Set all random seeds to 42
2025-06-03 06:02:13,419 [INFO] src.utils.data_utils: Data preparation complete for 'breast_cancer'. Train size: 455, Test size: 114, Features: 30, Classes: 2
2025-06-03 06:02:13,429 [INFO] BC_ExperimentRunner: Successfully loaded configuration from /home/dhanraj/quantum_federated_simulator/configs/federated/server_config.yaml
2025-06-03 06:02:13,435 [INFO] BC_ExperimentRunner: Successfully loaded configuration from /home/dhanraj/quantum_federated_simulator/configs/federated/client_config.yaml
2025-06-03 06:02:13,444 [INFO] BC_ExperimentRunner: Successfully loaded configuration from /home/dhanraj/quantum_federated_simulator/configs/federated/default_aggregation.yaml
2025-06-03 06:02:13,445 [INFO] BC_ExperimentRunner: Creating model of type: classical_mlp with n_features=30, n_classes=2, initial_dtype_request=torch.float32
2025-06-03 06:02:13,447 [INFO] BC_ExperimentRunner: Model 'classical_mlp' parameters set to dtype: torch.float32
2025-06-03 06:02:13,447 [INFO] src.federated.aggregation: Creating aggregation strategy of type: fedavg
2025-06-03 06:02:13,447 [INFO] BC_ExperimentRunner: Using aggregation strategy: FedAvg (base: FedAvg)
2025-06-03 06:02:13,959 [INFO] src.federated.server: Federated server initialized on device 'cuda' with aggregation strategy: FedAvg
2025-06-03 06:02:13,960 [INFO] BC_ExperimentRunner: Creating model of type: classical_mlp with n_features=30, n_classes=2, initial_dtype_request=torch.float32
2025-06-03 06:02:13,961 [INFO] BC_ExperimentRunner: Model 'classical_mlp' parameters set to dtype: torch.float32
2025-06-03 06:02:15,857 [INFO] src.federated.client: Client classical_mlp_client_0 initialized on device 'cuda' with 91 samples.
2025-06-03 06:02:15,858 [INFO] BC_ExperimentRunner: Creating model of type: classical_mlp with n_features=30, n_classes=2, initial_dtype_request=torch.float32
2025-06-03 06:02:15,859 [INFO] BC_ExperimentRunner: Model 'classical_mlp' parameters set to dtype: torch.float32
2025-06-03 06:02:15,860 [INFO] src.federated.client: Client classical_mlp_client_1 initialized on device 'cuda' with 91 samples.
2025-06-03 06:02:15,860 [INFO] BC_ExperimentRunner: Creating model of type: classical_mlp with n_features=30, n_classes=2, initial_dtype_request=torch.float32
2025-06-03 06:02:15,861 [INFO] BC_ExperimentRunner: Model 'classical_mlp' parameters set to dtype: torch.float32
2025-06-03 06:02:15,863 [INFO] src.federated.client: Client classical_mlp_client_2 initialized on device 'cuda' with 91 samples.
2025-06-03 06:02:15,863 [INFO] BC_ExperimentRunner: Creating model of type: classical_mlp with n_features=30, n_classes=2, initial_dtype_request=torch.float32
2025-06-03 06:02:15,864 [INFO] BC_ExperimentRunner: Model 'classical_mlp' parameters set to dtype: torch.float32
2025-06-03 06:02:15,866 [INFO] src.federated.client: Client classical_mlp_client_3 initialized on device 'cuda' with 91 samples.
2025-06-03 06:02:15,866 [INFO] BC_ExperimentRunner: Creating model of type: classical_mlp with n_features=30, n_classes=2, initial_dtype_request=torch.float32
2025-06-03 06:02:15,866 [INFO] BC_ExperimentRunner: Model 'classical_mlp' parameters set to dtype: torch.float32
2025-06-03 06:02:15,868 [INFO] src.federated.client: Client classical_mlp_client_4 initialized on device 'cuda' with 91 samples.
2025-06-03 06:02:15,868 [INFO] src.federated.server: Registered client 'classical_mlp_client_0'. Total clients: 1.
2025-06-03 06:02:15,868 [INFO] src.federated.server: Registered client 'classical_mlp_client_1'. Total clients: 2.
2025-06-03 06:02:15,868 [INFO] src.federated.server: Registered client 'classical_mlp_client_2'. Total clients: 3.
2025-06-03 06:02:15,868 [INFO] src.federated.server: Registered client 'classical_mlp_client_3'. Total clients: 4.
2025-06-03 06:02:15,869 [INFO] src.federated.server: Registered client 'classical_mlp_client_4'. Total clients: 5.
2025-06-03 06:02:15,869 [INFO] BC_ExperimentRunner: --- Scenario setup complete for BC_MLP_FedAvg_IID_FullFeat ---
2025-06-03 06:02:15,869 [INFO] src.federated.server: Starting federated training process for 5 rounds.
2025-06-03 06:02:15,869 [INFO] src.federated.server: Config: local_epochs=3, client_fraction=0.1, min_clients=3, FedProx mu=0.0
2025-06-03 06:02:15,869 [INFO] src.federated.server: Performing initial evaluation of global model...
2025-06-03 06:02:16,127 [INFO] src.federated.server: Initial Evaluation Metrics: {'loss': 0.7119773626327515, 'accuracy': 0.3684210526315789}
2025-06-03 06:02:16,127 [INFO] src.federated.server: ===== Starting Round 1/5 =====
2025-06-03 06:02:16,128 [INFO] src.federated.server: Starting federated training round...
2025-06-03 06:02:16,128 [INFO] src.federated.server: Selected 3 clients out of 5 available (fraction=0.1, min_clients=3): ['classical_mlp_client_0', 'classical_mlp_client_4', 'classical_mlp_client_2']
2025-06-03 06:02:16,130 [INFO] src.federated.client: Client classical_mlp_client_0: Starting local training for 3 epochs. Proximal term mu=0.0.
2025-06-03 06:02:16,327 [INFO] src.federated.client: Client classical_mlp_client_0 - Epoch 1/3 completed. Average Loss: 0.7019
2025-06-03 06:02:16,344 [INFO] src.federated.client: Client classical_mlp_client_0 - Epoch 2/3 completed. Average Loss: 0.6574
2025-06-03 06:02:16,363 [INFO] src.federated.client: Client classical_mlp_client_0 - Epoch 3/3 completed. Average Loss: 0.6177
2025-06-03 06:02:16,364 [INFO] src.federated.client: Client classical_mlp_client_0: Local training finished. Processed 273 samples.
2025-06-03 06:02:16,365 [INFO] src.federated.client: Client classical_mlp_client_4: Starting local training for 3 epochs. Proximal term mu=0.0.
2025-06-03 06:02:16,389 [INFO] src.federated.client: Client classical_mlp_client_4 - Epoch 1/3 completed. Average Loss: 0.7091
2025-06-03 06:02:16,410 [INFO] src.federated.client: Client classical_mlp_client_4 - Epoch 2/3 completed. Average Loss: 0.6556
2025-06-03 06:02:16,430 [INFO] src.federated.client: Client classical_mlp_client_4 - Epoch 3/3 completed. Average Loss: 0.6103
2025-06-03 06:02:16,431 [INFO] src.federated.client: Client classical_mlp_client_4: Local training finished. Processed 273 samples.
2025-06-03 06:02:16,433 [INFO] src.federated.client: Client classical_mlp_client_2: Starting local training for 3 epochs. Proximal term mu=0.0.
2025-06-03 06:02:16,450 [INFO] src.federated.client: Client classical_mlp_client_2 - Epoch 1/3 completed. Average Loss: 0.7050
2025-06-03 06:02:16,467 [INFO] src.federated.client: Client classical_mlp_client_2 - Epoch 2/3 completed. Average Loss: 0.6537
2025-06-03 06:02:16,487 [INFO] src.federated.client: Client classical_mlp_client_2 - Epoch 3/3 completed. Average Loss: 0.6103
2025-06-03 06:02:16,488 [INFO] src.federated.client: Client classical_mlp_client_2: Local training finished. Processed 273 samples.
2025-06-03 06:02:16,489 [INFO] src.federated.server: Aggregating updates from 3 clients using FedAvg.
2025-06-03 06:02:16,489 [INFO] src.federated.aggregation: FedAvg: Aggregating updates from 3 clients.
2025-06-03 06:02:16,490 [INFO] src.federated.aggregation: FedAvg: Aggregation complete.
2025-06-03 06:02:16,492 [INFO] src.federated.server: Global model updated with aggregated parameters.
2025-06-03 06:02:16,492 [INFO] src.federated.server: Evaluating updated global model...
2025-06-03 06:02:16,498 [INFO] src.federated.server: Round 1 completed in 0.37s. Eval Metrics: {'loss': 0.5987380743026733, 'accuracy': 0.8596491228070176}
2025-06-03 06:02:16,498 [INFO] src.federated.server: ===== Starting Round 2/5 =====
2025-06-03 06:02:16,498 [INFO] src.federated.server: Starting federated training round...
2025-06-03 06:02:16,499 [INFO] src.federated.server: Selected 3 clients out of 5 available (fraction=0.1, min_clients=3): ['classical_mlp_client_2', 'classical_mlp_client_1', 'classical_mlp_client_0']
2025-06-03 06:02:16,501 [INFO] src.federated.client: Client classical_mlp_client_2: Starting local training for 3 epochs. Proximal term mu=0.0.
2025-06-03 06:02:16,522 [INFO] src.federated.client: Client classical_mlp_client_2 - Epoch 1/3 completed. Average Loss: 0.5683
2025-06-03 06:02:16,539 [INFO] src.federated.client: Client classical_mlp_client_2 - Epoch 2/3 completed. Average Loss: 0.5224
2025-06-03 06:02:16,557 [INFO] src.federated.client: Client classical_mlp_client_2 - Epoch 3/3 completed. Average Loss: 0.4750
2025-06-03 06:02:16,559 [INFO] src.federated.client: Client classical_mlp_client_2: Local training finished. Processed 273 samples.
2025-06-03 06:02:16,561 [INFO] src.federated.client: Client classical_mlp_client_1: Starting local training for 3 epochs. Proximal term mu=0.0.
2025-06-03 06:02:16,581 [INFO] src.federated.client: Client classical_mlp_client_1 - Epoch 1/3 completed. Average Loss: 0.5870
2025-06-03 06:02:16,600 [INFO] src.federated.client: Client classical_mlp_client_1 - Epoch 2/3 completed. Average Loss: 0.5385
2025-06-03 06:02:16,619 [INFO] src.federated.client: Client classical_mlp_client_1 - Epoch 3/3 completed. Average Loss: 0.4919
2025-06-03 06:02:16,621 [INFO] src.federated.client: Client classical_mlp_client_1: Local training finished. Processed 273 samples.
2025-06-03 06:02:16,623 [INFO] src.federated.client: Client classical_mlp_client_0: Starting local training for 3 epochs. Proximal term mu=0.0.
2025-06-03 06:02:16,643 [INFO] src.federated.client: Client classical_mlp_client_0 - Epoch 1/3 completed. Average Loss: 0.5817
2025-06-03 06:02:16,660 [INFO] src.federated.client: Client classical_mlp_client_0 - Epoch 2/3 completed. Average Loss: 0.5398
2025-06-03 06:02:16,677 [INFO] src.federated.client: Client classical_mlp_client_0 - Epoch 3/3 completed. Average Loss: 0.4949
2025-06-03 06:02:16,679 [INFO] src.federated.client: Client classical_mlp_client_0: Local training finished. Processed 273 samples.
2025-06-03 06:02:16,679 [INFO] src.federated.server: Aggregating updates from 3 clients using FedAvg.
2025-06-03 06:02:16,679 [INFO] src.federated.aggregation: FedAvg: Aggregating updates from 3 clients.
2025-06-03 06:02:16,680 [INFO] src.federated.aggregation: FedAvg: Aggregation complete.
2025-06-03 06:02:16,682 [INFO] src.federated.server: Global model updated with aggregated parameters.
2025-06-03 06:02:16,682 [INFO] src.federated.server: Evaluating updated global model...
2025-06-03 06:02:16,686 [INFO] src.federated.server: Round 2 completed in 0.19s. Eval Metrics: {'loss': 0.4760989546775818, 'accuracy': 0.9385964912280702}
2025-06-03 06:02:16,687 [INFO] src.federated.server: ===== Starting Round 3/5 =====
2025-06-03 06:02:16,687 [INFO] src.federated.server: Starting federated training round...
2025-06-03 06:02:16,687 [INFO] src.federated.server: Selected 3 clients out of 5 available (fraction=0.1, min_clients=3): ['classical_mlp_client_1', 'classical_mlp_client_0', 'classical_mlp_client_2']
2025-06-03 06:02:16,690 [INFO] src.federated.client: Client classical_mlp_client_1: Starting local training for 3 epochs. Proximal term mu=0.0.
2025-06-03 06:02:16,707 [INFO] src.federated.client: Client classical_mlp_client_1 - Epoch 1/3 completed. Average Loss: 0.4500
2025-06-03 06:02:16,727 [INFO] src.federated.client: Client classical_mlp_client_1 - Epoch 2/3 completed. Average Loss: 0.4017
2025-06-03 06:02:16,744 [INFO] src.federated.client: Client classical_mlp_client_1 - Epoch 3/3 completed. Average Loss: 0.3535
2025-06-03 06:02:16,745 [INFO] src.federated.client: Client classical_mlp_client_1: Local training finished. Processed 273 samples.
2025-06-03 06:02:16,747 [INFO] src.federated.client: Client classical_mlp_client_0: Starting local training for 3 epochs. Proximal term mu=0.0.
2025-06-03 06:02:16,767 [INFO] src.federated.client: Client classical_mlp_client_0 - Epoch 1/3 completed. Average Loss: 0.4523
2025-06-03 06:02:16,787 [INFO] src.federated.client: Client classical_mlp_client_0 - Epoch 2/3 completed. Average Loss: 0.4039
2025-06-03 06:02:16,803 [INFO] src.federated.client: Client classical_mlp_client_0 - Epoch 3/3 completed. Average Loss: 0.3564
2025-06-03 06:02:16,804 [INFO] src.federated.client: Client classical_mlp_client_0: Local training finished. Processed 273 samples.
2025-06-03 06:02:16,805 [INFO] src.federated.client: Client classical_mlp_client_2: Starting local training for 3 epochs. Proximal term mu=0.0.
2025-06-03 06:02:16,823 [INFO] src.federated.client: Client classical_mlp_client_2 - Epoch 1/3 completed. Average Loss: 0.4239
2025-06-03 06:02:16,842 [INFO] src.federated.client: Client classical_mlp_client_2 - Epoch 2/3 completed. Average Loss: 0.3727
2025-06-03 06:02:16,863 [INFO] src.federated.client: Client classical_mlp_client_2 - Epoch 3/3 completed. Average Loss: 0.3231
2025-06-03 06:02:16,864 [INFO] src.federated.client: Client classical_mlp_client_2: Local training finished. Processed 273 samples.
2025-06-03 06:02:16,865 [INFO] src.federated.server: Aggregating updates from 3 clients using FedAvg.
2025-06-03 06:02:16,865 [INFO] src.federated.aggregation: FedAvg: Aggregating updates from 3 clients.
2025-06-03 06:02:16,866 [INFO] src.federated.aggregation: FedAvg: Aggregation complete.
2025-06-03 06:02:16,868 [INFO] src.federated.server: Global model updated with aggregated parameters.
2025-06-03 06:02:16,868 [INFO] src.federated.server: Evaluating updated global model...
2025-06-03 06:02:16,873 [INFO] src.federated.server: Round 3 completed in 0.19s. Eval Metrics: {'loss': 0.34171128273010254, 'accuracy': 0.956140350877193}
2025-06-03 06:02:16,873 [INFO] src.federated.server: ===== Starting Round 4/5 =====
2025-06-03 06:02:16,873 [INFO] src.federated.server: Starting federated training round...
2025-06-03 06:02:16,873 [INFO] src.federated.server: Selected 3 clients out of 5 available (fraction=0.1, min_clients=3): ['classical_mlp_client_4', 'classical_mlp_client_0', 'classical_mlp_client_2']
2025-06-03 06:02:16,877 [INFO] src.federated.client: Client classical_mlp_client_4: Starting local training for 3 epochs. Proximal term mu=0.0.
2025-06-03 06:02:16,894 [INFO] src.federated.client: Client classical_mlp_client_4 - Epoch 1/3 completed. Average Loss: 0.2831
2025-06-03 06:02:16,913 [INFO] src.federated.client: Client classical_mlp_client_4 - Epoch 2/3 completed. Average Loss: 0.2416
2025-06-03 06:02:16,933 [INFO] src.federated.client: Client classical_mlp_client_4 - Epoch 3/3 completed. Average Loss: 0.2029
2025-06-03 06:02:16,935 [INFO] src.federated.client: Client classical_mlp_client_4: Local training finished. Processed 273 samples.
2025-06-03 06:02:16,937 [INFO] src.federated.client: Client classical_mlp_client_0: Starting local training for 3 epochs. Proximal term mu=0.0.
2025-06-03 06:02:16,958 [INFO] src.federated.client: Client classical_mlp_client_0 - Epoch 1/3 completed. Average Loss: 0.3158
2025-06-03 06:02:16,977 [INFO] src.federated.client: Client classical_mlp_client_0 - Epoch 2/3 completed. Average Loss: 0.2729
2025-06-03 06:02:16,996 [INFO] src.federated.client: Client classical_mlp_client_0 - Epoch 3/3 completed. Average Loss: 0.2354
2025-06-03 06:02:16,997 [INFO] src.federated.client: Client classical_mlp_client_0: Local training finished. Processed 273 samples.
2025-06-03 06:02:16,999 [INFO] src.federated.client: Client classical_mlp_client_2: Starting local training for 3 epochs. Proximal term mu=0.0.
2025-06-03 06:02:17,021 [INFO] src.federated.client: Client classical_mlp_client_2 - Epoch 1/3 completed. Average Loss: 0.2782
2025-06-03 06:02:17,042 [INFO] src.federated.client: Client classical_mlp_client_2 - Epoch 2/3 completed. Average Loss: 0.2342
2025-06-03 06:02:17,061 [INFO] src.federated.client: Client classical_mlp_client_2 - Epoch 3/3 completed. Average Loss: 0.1974
2025-06-03 06:02:17,063 [INFO] src.federated.client: Client classical_mlp_client_2: Local training finished. Processed 273 samples.
2025-06-03 06:02:17,063 [INFO] src.federated.server: Aggregating updates from 3 clients using FedAvg.
2025-06-03 06:02:17,063 [INFO] src.federated.aggregation: FedAvg: Aggregating updates from 3 clients.
2025-06-03 06:02:17,064 [INFO] src.federated.aggregation: FedAvg: Aggregation complete.
2025-06-03 06:02:17,066 [INFO] src.federated.server: Global model updated with aggregated parameters.
2025-06-03 06:02:17,066 [INFO] src.federated.server: Evaluating updated global model...
2025-06-03 06:02:17,070 [INFO] src.federated.server: Round 4 completed in 0.20s. Eval Metrics: {'loss': 0.23601482808589935, 'accuracy': 0.956140350877193}
2025-06-03 06:02:17,071 [INFO] src.federated.server: ===== Starting Round 5/5 =====
2025-06-03 06:02:17,071 [INFO] src.federated.server: Starting federated training round...
2025-06-03 06:02:17,071 [INFO] src.federated.server: Selected 3 clients out of 5 available (fraction=0.1, min_clients=3): ['classical_mlp_client_3', 'classical_mlp_client_0', 'classical_mlp_client_4']
2025-06-03 06:02:17,074 [INFO] src.federated.client: Client classical_mlp_client_3: Starting local training for 3 epochs. Proximal term mu=0.0.
2025-06-03 06:02:17,099 [INFO] src.federated.client: Client classical_mlp_client_3 - Epoch 1/3 completed. Average Loss: 0.2553
2025-06-03 06:02:17,120 [INFO] src.federated.client: Client classical_mlp_client_3 - Epoch 2/3 completed. Average Loss: 0.2230
2025-06-03 06:02:17,143 [INFO] src.federated.client: Client classical_mlp_client_3 - Epoch 3/3 completed. Average Loss: 0.2000
2025-06-03 06:02:17,144 [INFO] src.federated.client: Client classical_mlp_client_3: Local training finished. Processed 273 samples.
2025-06-03 06:02:17,146 [INFO] src.federated.client: Client classical_mlp_client_0: Starting local training for 3 epochs. Proximal term mu=0.0.
2025-06-03 06:02:17,166 [INFO] src.federated.client: Client classical_mlp_client_0 - Epoch 1/3 completed. Average Loss: 0.2127
2025-06-03 06:02:17,183 [INFO] src.federated.client: Client classical_mlp_client_0 - Epoch 2/3 completed. Average Loss: 0.1849
2025-06-03 06:02:17,200 [INFO] src.federated.client: Client classical_mlp_client_0 - Epoch 3/3 completed. Average Loss: 0.1611
2025-06-03 06:02:17,202 [INFO] src.federated.client: Client classical_mlp_client_0: Local training finished. Processed 273 samples.
2025-06-03 06:02:17,203 [INFO] src.federated.client: Client classical_mlp_client_4: Starting local training for 3 epochs. Proximal term mu=0.0.
2025-06-03 06:02:17,220 [INFO] src.federated.client: Client classical_mlp_client_4 - Epoch 1/3 completed. Average Loss: 0.1644
2025-06-03 06:02:17,243 [INFO] src.federated.client: Client classical_mlp_client_4 - Epoch 2/3 completed. Average Loss: 0.1357
2025-06-03 06:02:17,260 [INFO] src.federated.client: Client classical_mlp_client_4 - Epoch 3/3 completed. Average Loss: 0.1104
2025-06-03 06:02:17,263 [INFO] src.federated.client: Client classical_mlp_client_4: Local training finished. Processed 273 samples.
2025-06-03 06:02:17,263 [INFO] src.federated.server: Aggregating updates from 3 clients using FedAvg.
2025-06-03 06:02:17,264 [INFO] src.federated.aggregation: FedAvg: Aggregating updates from 3 clients.
2025-06-03 06:02:17,265 [INFO] src.federated.aggregation: FedAvg: Aggregation complete.
2025-06-03 06:02:17,267 [INFO] src.federated.server: Global model updated with aggregated parameters.
2025-06-03 06:02:17,267 [INFO] src.federated.server: Evaluating updated global model...
2025-06-03 06:02:17,272 [INFO] src.federated.server: Round 5 completed in 0.20s. Eval Metrics: {'loss': 0.17213810980319977, 'accuracy': 0.9649122807017544}
2025-06-03 06:02:17,273 [INFO] src.federated.server: Federated training process completed after 5 rounds.
2025-06-03 06:02:17,273 [INFO] BC_ExperimentRunner: ========== Finished BC_MLP_FedAvg_IID_FullFeat ==========

2025-06-03 06:02:17,273 [INFO] BC_ExperimentRunner: ========== Starting BC_MLP_FedAvg_NonIID_a0.3_FullFeat ==========
2025-06-03 06:02:17,274 [INFO] BC_ExperimentRunner: --- Setting up experiment: BC_MLP_FedAvg_NonIID_a0.3_FullFeat for dataset breast_cancer ---
2025-06-03 06:02:17,280 [INFO] src.utils.data_utils: Set all random seeds to 42
2025-06-03 06:02:17,280 [INFO] BC_ExperimentRunner: Experiment 'BC_MLP_FedAvg_NonIID_a0.3_FullFeat' will use tensor_dtype: torch.float32
2025-06-03 06:02:17,280 [INFO] src.utils.data_utils: Loading dataset: breast_cancer, PCA features=None, Scaling=standard, Subset size=None, Dtype=torch.float32
2025-06-03 06:02:17,281 [INFO] src.utils.data_utils: Set all random seeds to 42
2025-06-03 06:02:17,294 [INFO] src.utils.data_utils: Data preparation complete for 'breast_cancer'. Train size: 455, Test size: 114, Features: 30, Classes: 2
2025-06-03 06:02:17,300 [INFO] BC_ExperimentRunner: Successfully loaded configuration from /home/dhanraj/quantum_federated_simulator/configs/federated/server_config.yaml
2025-06-03 06:02:17,306 [INFO] BC_ExperimentRunner: Successfully loaded configuration from /home/dhanraj/quantum_federated_simulator/configs/federated/client_config.yaml
2025-06-03 06:02:17,311 [INFO] BC_ExperimentRunner: Successfully loaded configuration from /home/dhanraj/quantum_federated_simulator/configs/federated/default_aggregation.yaml
2025-06-03 06:02:17,313 [INFO] BC_ExperimentRunner: Creating model of type: classical_mlp with n_features=30, n_classes=2, initial_dtype_request=torch.float32
2025-06-03 06:02:17,315 [INFO] BC_ExperimentRunner: Model 'classical_mlp' parameters set to dtype: torch.float32
2025-06-03 06:02:17,315 [INFO] src.federated.aggregation: Creating aggregation strategy of type: fedavg
2025-06-03 06:02:17,316 [INFO] BC_ExperimentRunner: Using aggregation strategy: FedAvg (base: FedAvg)
2025-06-03 06:02:17,318 [INFO] src.federated.server: Federated server initialized on device 'cuda' with aggregation strategy: FedAvg
2025-06-03 06:02:17,318 [INFO] BC_ExperimentRunner: Creating model of type: classical_mlp with n_features=30, n_classes=2, initial_dtype_request=torch.float32
2025-06-03 06:02:17,319 [INFO] BC_ExperimentRunner: Model 'classical_mlp' parameters set to dtype: torch.float32
2025-06-03 06:02:17,321 [INFO] src.federated.client: Client classical_mlp_client_0 initialized on device 'cuda' with 11 samples.
2025-06-03 06:02:17,322 [INFO] BC_ExperimentRunner: Creating model of type: classical_mlp with n_features=30, n_classes=2, initial_dtype_request=torch.float32
2025-06-03 06:02:17,322 [INFO] BC_ExperimentRunner: Model 'classical_mlp' parameters set to dtype: torch.float32
2025-06-03 06:02:17,324 [INFO] src.federated.client: Client classical_mlp_client_1 initialized on device 'cuda' with 357 samples.
2025-06-03 06:02:17,324 [INFO] BC_ExperimentRunner: Creating model of type: classical_mlp with n_features=30, n_classes=2, initial_dtype_request=torch.float32
2025-06-03 06:02:17,325 [INFO] BC_ExperimentRunner: Model 'classical_mlp' parameters set to dtype: torch.float32
2025-06-03 06:02:17,328 [INFO] src.federated.client: Client classical_mlp_client_2 initialized on device 'cuda' with 2 samples.
2025-06-03 06:02:17,328 [INFO] BC_ExperimentRunner: Creating model of type: classical_mlp with n_features=30, n_classes=2, initial_dtype_request=torch.float32
2025-06-03 06:02:17,330 [INFO] BC_ExperimentRunner: Model 'classical_mlp' parameters set to dtype: torch.float32
2025-06-03 06:02:17,331 [INFO] src.federated.client: Client classical_mlp_client_3 initialized on device 'cuda' with 7 samples.
2025-06-03 06:02:17,332 [INFO] BC_ExperimentRunner: Creating model of type: classical_mlp with n_features=30, n_classes=2, initial_dtype_request=torch.float32
2025-06-03 06:02:17,332 [INFO] BC_ExperimentRunner: Model 'classical_mlp' parameters set to dtype: torch.float32
2025-06-03 06:02:17,334 [INFO] src.federated.client: Client classical_mlp_client_4 initialized on device 'cuda' with 78 samples.
2025-06-03 06:02:17,334 [INFO] src.federated.server: Registered client 'classical_mlp_client_0'. Total clients: 1.
2025-06-03 06:02:17,334 [INFO] src.federated.server: Registered client 'classical_mlp_client_1'. Total clients: 2.
2025-06-03 06:02:17,335 [INFO] src.federated.server: Registered client 'classical_mlp_client_2'. Total clients: 3.
2025-06-03 06:02:17,335 [INFO] src.federated.server: Registered client 'classical_mlp_client_3'. Total clients: 4.
2025-06-03 06:02:17,335 [INFO] src.federated.server: Registered client 'classical_mlp_client_4'. Total clients: 5.
2025-06-03 06:02:17,335 [INFO] BC_ExperimentRunner: --- Scenario setup complete for BC_MLP_FedAvg_NonIID_a0.3_FullFeat ---
2025-06-03 06:02:17,336 [INFO] src.federated.server: Starting federated training process for 5 rounds.
2025-06-03 06:02:17,336 [INFO] src.federated.server: Config: local_epochs=3, client_fraction=0.1, min_clients=3, FedProx mu=0.0
2025-06-03 06:02:17,336 [INFO] src.federated.server: Performing initial evaluation of global model...
2025-06-03 06:02:17,340 [INFO] src.federated.server: Initial Evaluation Metrics: {'loss': 0.7107932567596436, 'accuracy': 0.40350877192982454}
2025-06-03 06:02:17,340 [INFO] src.federated.server: ===== Starting Round 1/5 =====
2025-06-03 06:02:17,341 [INFO] src.federated.server: Starting federated training round...
2025-06-03 06:02:17,341 [INFO] src.federated.server: Selected 3 clients out of 5 available (fraction=0.1, min_clients=3): ['classical_mlp_client_1', 'classical_mlp_client_4', 'classical_mlp_client_3']
2025-06-03 06:02:17,343 [INFO] src.federated.client: Client classical_mlp_client_1: Starting local training for 3 epochs. Proximal term mu=0.0.
2025-06-03 06:02:17,435 [INFO] src.federated.client: Client classical_mlp_client_1 - Epoch 1/3 completed. Average Loss: 0.6472
2025-06-03 06:02:17,507 [INFO] src.federated.client: Client classical_mlp_client_1 - Epoch 2/3 completed. Average Loss: 0.5018
2025-06-03 06:02:17,577 [INFO] src.federated.client: Client classical_mlp_client_1 - Epoch 3/3 completed. Average Loss: 0.3288
2025-06-03 06:02:17,578 [INFO] src.federated.client: Client classical_mlp_client_1: Local training finished. Processed 1071 samples.
2025-06-03 06:02:17,580 [INFO] src.federated.client: Client classical_mlp_client_4: Starting local training for 3 epochs. Proximal term mu=0.0.
2025-06-03 06:02:17,599 [INFO] src.federated.client: Client classical_mlp_client_4 - Epoch 1/3 completed. Average Loss: 0.7094
2025-06-03 06:02:17,616 [INFO] src.federated.client: Client classical_mlp_client_4 - Epoch 2/3 completed. Average Loss: 0.6597
2025-06-03 06:02:17,635 [INFO] src.federated.client: Client classical_mlp_client_4 - Epoch 3/3 completed. Average Loss: 0.6198
2025-06-03 06:02:17,637 [INFO] src.federated.client: Client classical_mlp_client_4: Local training finished. Processed 234 samples.
2025-06-03 06:02:17,638 [INFO] src.federated.client: Client classical_mlp_client_3: Starting local training for 3 epochs. Proximal term mu=0.0.
2025-06-03 06:02:17,646 [INFO] src.federated.client: Client classical_mlp_client_3 - Epoch 1/3 completed. Average Loss: 0.6567
2025-06-03 06:02:17,653 [INFO] src.federated.client: Client classical_mlp_client_3 - Epoch 2/3 completed. Average Loss: 0.6351
2025-06-03 06:02:17,660 [INFO] src.federated.client: Client classical_mlp_client_3 - Epoch 3/3 completed. Average Loss: 0.6149
2025-06-03 06:02:17,662 [INFO] src.federated.client: Client classical_mlp_client_3: Local training finished. Processed 21 samples.
2025-06-03 06:02:17,662 [INFO] src.federated.server: Aggregating updates from 3 clients using FedAvg.
2025-06-03 06:02:17,663 [INFO] src.federated.aggregation: FedAvg: Aggregating updates from 3 clients.
2025-06-03 06:02:17,664 [INFO] src.federated.aggregation: FedAvg: Aggregation complete.
2025-06-03 06:02:17,665 [INFO] src.federated.server: Global model updated with aggregated parameters.
2025-06-03 06:02:17,666 [INFO] src.federated.server: Evaluating updated global model...
2025-06-03 06:02:17,670 [INFO] src.federated.server: Round 1 completed in 0.33s. Eval Metrics: {'loss': 0.3359237015247345, 'accuracy': 0.9385964912280702}
2025-06-03 06:02:17,671 [INFO] src.federated.server: ===== Starting Round 2/5 =====
2025-06-03 06:02:17,672 [INFO] src.federated.server: Starting federated training round...
2025-06-03 06:02:17,672 [INFO] src.federated.server: Selected 3 clients out of 5 available (fraction=0.1, min_clients=3): ['classical_mlp_client_2', 'classical_mlp_client_4', 'classical_mlp_client_0']
2025-06-03 06:02:17,676 [INFO] src.federated.client: Client classical_mlp_client_2: Starting local training for 3 epochs. Proximal term mu=0.0.
2025-06-03 06:02:17,687 [INFO] src.federated.client: Client classical_mlp_client_2 - Epoch 1/3 completed. Average Loss: 0.6679
2025-06-03 06:02:17,696 [INFO] src.federated.client: Client classical_mlp_client_2 - Epoch 2/3 completed. Average Loss: 0.6453
2025-06-03 06:02:17,705 [INFO] src.federated.client: Client classical_mlp_client_2 - Epoch 3/3 completed. Average Loss: 0.6238
2025-06-03 06:02:17,706 [INFO] src.federated.client: Client classical_mlp_client_2: Local training finished. Processed 6 samples.
2025-06-03 06:02:17,708 [INFO] src.federated.client: Client classical_mlp_client_4: Starting local training for 3 epochs. Proximal term mu=0.0.
2025-06-03 06:02:17,729 [INFO] src.federated.client: Client classical_mlp_client_4 - Epoch 1/3 completed. Average Loss: 0.3650
2025-06-03 06:02:17,749 [INFO] src.federated.client: Client classical_mlp_client_4 - Epoch 2/3 completed. Average Loss: 0.3298
2025-06-03 06:02:17,769 [INFO] src.federated.client: Client classical_mlp_client_4 - Epoch 3/3 completed. Average Loss: 0.2937
2025-06-03 06:02:17,770 [INFO] src.federated.client: Client classical_mlp_client_4: Local training finished. Processed 234 samples.
2025-06-03 06:02:17,772 [INFO] src.federated.client: Client classical_mlp_client_0: Starting local training for 3 epochs. Proximal term mu=0.0.
2025-06-03 06:02:17,781 [INFO] src.federated.client: Client classical_mlp_client_0 - Epoch 1/3 completed. Average Loss: 0.3234
2025-06-03 06:02:17,787 [INFO] src.federated.client: Client classical_mlp_client_0 - Epoch 2/3 completed. Average Loss: 0.2965
2025-06-03 06:02:17,796 [INFO] src.federated.client: Client classical_mlp_client_0 - Epoch 3/3 completed. Average Loss: 0.2723
2025-06-03 06:02:17,799 [INFO] src.federated.client: Client classical_mlp_client_0: Local training finished. Processed 33 samples.
2025-06-03 06:02:17,799 [INFO] src.federated.server: Aggregating updates from 3 clients using FedAvg.
2025-06-03 06:02:17,800 [INFO] src.federated.aggregation: FedAvg: Aggregating updates from 3 clients.
2025-06-03 06:02:17,801 [INFO] src.federated.aggregation: FedAvg: Aggregation complete.
2025-06-03 06:02:17,802 [INFO] src.federated.server: Global model updated with aggregated parameters.
2025-06-03 06:02:17,803 [INFO] src.federated.server: Evaluating updated global model...
2025-06-03 06:02:17,808 [INFO] src.federated.server: Round 2 completed in 0.14s. Eval Metrics: {'loss': 0.2865592837333679, 'accuracy': 0.9210526315789473}
2025-06-03 06:02:17,808 [INFO] src.federated.server: ===== Starting Round 3/5 =====
2025-06-03 06:02:17,809 [INFO] src.federated.server: Starting federated training round...
2025-06-03 06:02:17,809 [INFO] src.federated.server: Selected 3 clients out of 5 available (fraction=0.1, min_clients=3): ['classical_mlp_client_1', 'classical_mlp_client_0', 'classical_mlp_client_2']
2025-06-03 06:02:17,812 [INFO] src.federated.client: Client classical_mlp_client_1: Starting local training for 3 epochs. Proximal term mu=0.0.
2025-06-03 06:02:17,880 [INFO] src.federated.client: Client classical_mlp_client_1 - Epoch 1/3 completed. Average Loss: 0.2064
2025-06-03 06:02:17,943 [INFO] src.federated.client: Client classical_mlp_client_1 - Epoch 2/3 completed. Average Loss: 0.1251
2025-06-03 06:02:18,011 [INFO] src.federated.client: Client classical_mlp_client_1 - Epoch 3/3 completed. Average Loss: 0.0925
2025-06-03 06:02:18,012 [INFO] src.federated.client: Client classical_mlp_client_1: Local training finished. Processed 1071 samples.
2025-06-03 06:02:18,014 [INFO] src.federated.client: Client classical_mlp_client_0: Starting local training for 3 epochs. Proximal term mu=0.0.
2025-06-03 06:02:18,019 [INFO] src.federated.client: Client classical_mlp_client_0 - Epoch 1/3 completed. Average Loss: 0.1903
2025-06-03 06:02:18,024 [INFO] src.federated.client: Client classical_mlp_client_0 - Epoch 2/3 completed. Average Loss: 0.1741
2025-06-03 06:02:18,031 [INFO] src.federated.client: Client classical_mlp_client_0 - Epoch 3/3 completed. Average Loss: 0.1596
2025-06-03 06:02:18,032 [INFO] src.federated.client: Client classical_mlp_client_0: Local training finished. Processed 33 samples.
2025-06-03 06:02:18,033 [INFO] src.federated.client: Client classical_mlp_client_2: Starting local training for 3 epochs. Proximal term mu=0.0.
2025-06-03 06:02:18,039 [INFO] src.federated.client: Client classical_mlp_client_2 - Epoch 1/3 completed. Average Loss: 0.7245
2025-06-03 06:02:18,046 [INFO] src.federated.client: Client classical_mlp_client_2 - Epoch 2/3 completed. Average Loss: 0.7003
2025-06-03 06:02:18,052 [INFO] src.federated.client: Client classical_mlp_client_2 - Epoch 3/3 completed. Average Loss: 0.6749
2025-06-03 06:02:18,054 [INFO] src.federated.client: Client classical_mlp_client_2: Local training finished. Processed 6 samples.
2025-06-03 06:02:18,054 [INFO] src.federated.server: Aggregating updates from 3 clients using FedAvg.
2025-06-03 06:02:18,054 [INFO] src.federated.aggregation: FedAvg: Aggregating updates from 3 clients.
2025-06-03 06:02:18,056 [INFO] src.federated.aggregation: FedAvg: Aggregation complete.
2025-06-03 06:02:18,058 [INFO] src.federated.server: Global model updated with aggregated parameters.
2025-06-03 06:02:18,058 [INFO] src.federated.server: Evaluating updated global model...
2025-06-03 06:02:18,062 [INFO] src.federated.server: Round 3 completed in 0.25s. Eval Metrics: {'loss': 0.11201547086238861, 'accuracy': 0.956140350877193}
2025-06-03 06:02:18,062 [INFO] src.federated.server: ===== Starting Round 4/5 =====
2025-06-03 06:02:18,063 [INFO] src.federated.server: Starting federated training round...
2025-06-03 06:02:18,063 [INFO] src.federated.server: Selected 3 clients out of 5 available (fraction=0.1, min_clients=3): ['classical_mlp_client_1', 'classical_mlp_client_3', 'classical_mlp_client_4']
2025-06-03 06:02:18,065 [INFO] src.federated.client: Client classical_mlp_client_1: Starting local training for 3 epochs. Proximal term mu=0.0.
2025-06-03 06:02:18,135 [INFO] src.federated.client: Client classical_mlp_client_1 - Epoch 1/3 completed. Average Loss: 0.0788
2025-06-03 06:02:18,200 [INFO] src.federated.client: Client classical_mlp_client_1 - Epoch 2/3 completed. Average Loss: 0.0673
2025-06-03 06:02:18,270 [INFO] src.federated.client: Client classical_mlp_client_1 - Epoch 3/3 completed. Average Loss: 0.0598
2025-06-03 06:02:18,271 [INFO] src.federated.client: Client classical_mlp_client_1: Local training finished. Processed 1071 samples.
2025-06-03 06:02:18,272 [INFO] src.federated.client: Client classical_mlp_client_3: Starting local training for 3 epochs. Proximal term mu=0.0.
2025-06-03 06:02:18,278 [INFO] src.federated.client: Client classical_mlp_client_3 - Epoch 1/3 completed. Average Loss: 0.0215
2025-06-03 06:02:18,283 [INFO] src.federated.client: Client classical_mlp_client_3 - Epoch 2/3 completed. Average Loss: 0.0176
2025-06-03 06:02:18,291 [INFO] src.federated.client: Client classical_mlp_client_3 - Epoch 3/3 completed. Average Loss: 0.0145
2025-06-03 06:02:18,292 [INFO] src.federated.client: Client classical_mlp_client_3: Local training finished. Processed 21 samples.
2025-06-03 06:02:18,294 [INFO] src.federated.client: Client classical_mlp_client_4: Starting local training for 3 epochs. Proximal term mu=0.0.
2025-06-03 06:02:18,315 [INFO] src.federated.client: Client classical_mlp_client_4 - Epoch 1/3 completed. Average Loss: 0.1790
2025-06-03 06:02:18,337 [INFO] src.federated.client: Client classical_mlp_client_4 - Epoch 2/3 completed. Average Loss: 0.1561
2025-06-03 06:02:18,352 [INFO] src.federated.client: Client classical_mlp_client_4 - Epoch 3/3 completed. Average Loss: 0.1338
2025-06-03 06:02:18,353 [INFO] src.federated.client: Client classical_mlp_client_4: Local training finished. Processed 234 samples.
2025-06-03 06:02:18,354 [INFO] src.federated.server: Aggregating updates from 3 clients using FedAvg.
2025-06-03 06:02:18,354 [INFO] src.federated.aggregation: FedAvg: Aggregating updates from 3 clients.
2025-06-03 06:02:18,355 [INFO] src.federated.aggregation: FedAvg: Aggregation complete.
2025-06-03 06:02:18,357 [INFO] src.federated.server: Global model updated with aggregated parameters.
2025-06-03 06:02:18,357 [INFO] src.federated.server: Evaluating updated global model...
2025-06-03 06:02:18,363 [INFO] src.federated.server: Round 4 completed in 0.30s. Eval Metrics: {'loss': 0.09110914915800095, 'accuracy': 0.9649122807017544}
2025-06-03 06:02:18,363 [INFO] src.federated.server: ===== Starting Round 5/5 =====
2025-06-03 06:02:18,364 [INFO] src.federated.server: Starting federated training round...
2025-06-03 06:02:18,364 [INFO] src.federated.server: Selected 3 clients out of 5 available (fraction=0.1, min_clients=3): ['classical_mlp_client_2', 'classical_mlp_client_0', 'classical_mlp_client_1']
2025-06-03 06:02:18,366 [INFO] src.federated.client: Client classical_mlp_client_2: Starting local training for 3 epochs. Proximal term mu=0.0.
2025-06-03 06:02:18,373 [INFO] src.federated.client: Client classical_mlp_client_2 - Epoch 1/3 completed. Average Loss: 0.5259
2025-06-03 06:02:18,379 [INFO] src.federated.client: Client classical_mlp_client_2 - Epoch 2/3 completed. Average Loss: 0.4709
2025-06-03 06:02:18,386 [INFO] src.federated.client: Client classical_mlp_client_2 - Epoch 3/3 completed. Average Loss: 0.4168
2025-06-03 06:02:18,387 [INFO] src.federated.client: Client classical_mlp_client_2: Local training finished. Processed 6 samples.
2025-06-03 06:02:18,389 [INFO] src.federated.client: Client classical_mlp_client_0: Starting local training for 3 epochs. Proximal term mu=0.0.
2025-06-03 06:02:18,396 [INFO] src.federated.client: Client classical_mlp_client_0 - Epoch 1/3 completed. Average Loss: 0.0662
2025-06-03 06:02:18,403 [INFO] src.federated.client: Client classical_mlp_client_0 - Epoch 2/3 completed. Average Loss: 0.0524
2025-06-03 06:02:18,410 [INFO] src.federated.client: Client classical_mlp_client_0 - Epoch 3/3 completed. Average Loss: 0.0411
2025-06-03 06:02:18,413 [INFO] src.federated.client: Client classical_mlp_client_0: Local training finished. Processed 33 samples.
2025-06-03 06:02:18,415 [INFO] src.federated.client: Client classical_mlp_client_1: Starting local training for 3 epochs. Proximal term mu=0.0.
2025-06-03 06:02:18,482 [INFO] src.federated.client: Client classical_mlp_client_1 - Epoch 1/3 completed. Average Loss: 0.0566
2025-06-03 06:02:18,553 [INFO] src.federated.client: Client classical_mlp_client_1 - Epoch 2/3 completed. Average Loss: 0.0528
2025-06-03 06:02:18,622 [INFO] src.federated.client: Client classical_mlp_client_1 - Epoch 3/3 completed. Average Loss: 0.0473
2025-06-03 06:02:18,623 [INFO] src.federated.client: Client classical_mlp_client_1: Local training finished. Processed 1071 samples.
2025-06-03 06:02:18,623 [INFO] src.federated.server: Aggregating updates from 3 clients using FedAvg.
2025-06-03 06:02:18,623 [INFO] src.federated.aggregation: FedAvg: Aggregating updates from 3 clients.
2025-06-03 06:02:18,625 [INFO] src.federated.aggregation: FedAvg: Aggregation complete.
2025-06-03 06:02:18,626 [INFO] src.federated.server: Global model updated with aggregated parameters.
2025-06-03 06:02:18,626 [INFO] src.federated.server: Evaluating updated global model...
2025-06-03 06:02:18,629 [INFO] src.federated.server: Round 5 completed in 0.27s. Eval Metrics: {'loss': 0.08188345283269882, 'accuracy': 0.956140350877193}
2025-06-03 06:02:18,630 [INFO] src.federated.server: Federated training process completed after 5 rounds.
2025-06-03 06:02:18,630 [INFO] BC_ExperimentRunner: ========== Finished BC_MLP_FedAvg_NonIID_a0.3_FullFeat ==========

2025-06-03 06:02:18,630 [INFO] BC_ExperimentRunner: ========== Starting BC_MLP_FedProx_NonIID_a0.3_FullFeat ==========
2025-06-03 06:02:18,630 [INFO] BC_ExperimentRunner: --- Setting up experiment: BC_MLP_FedProx_NonIID_a0.3_FullFeat for dataset breast_cancer ---
2025-06-03 06:02:18,631 [INFO] src.utils.data_utils: Set all random seeds to 42
2025-06-03 06:02:18,631 [INFO] BC_ExperimentRunner: Experiment 'BC_MLP_FedProx_NonIID_a0.3_FullFeat' will use tensor_dtype: torch.float32
2025-06-03 06:02:18,631 [INFO] src.utils.data_utils: Loading dataset: breast_cancer, PCA features=None, Scaling=standard, Subset size=None, Dtype=torch.float32
2025-06-03 06:02:18,631 [INFO] src.utils.data_utils: Set all random seeds to 42
2025-06-03 06:02:18,645 [INFO] src.utils.data_utils: Data preparation complete for 'breast_cancer'. Train size: 455, Test size: 114, Features: 30, Classes: 2
2025-06-03 06:02:18,652 [INFO] BC_ExperimentRunner: Successfully loaded configuration from /home/dhanraj/quantum_federated_simulator/configs/federated/server_config.yaml
2025-06-03 06:02:18,657 [INFO] BC_ExperimentRunner: Successfully loaded configuration from /home/dhanraj/quantum_federated_simulator/configs/federated/client_config.yaml
2025-06-03 06:02:18,663 [INFO] BC_ExperimentRunner: Successfully loaded configuration from /home/dhanraj/quantum_federated_simulator/configs/federated/default_aggregation.yaml
2025-06-03 06:02:18,665 [INFO] BC_ExperimentRunner: Creating model of type: classical_mlp with n_features=30, n_classes=2, initial_dtype_request=torch.float32
2025-06-03 06:02:18,666 [INFO] BC_ExperimentRunner: Model 'classical_mlp' parameters set to dtype: torch.float32
2025-06-03 06:02:18,666 [INFO] src.federated.aggregation: Creating aggregation strategy of type: fedavg
2025-06-03 06:02:18,666 [INFO] BC_ExperimentRunner: Using aggregation strategy: FedAvg (base: FedAvg)
2025-06-03 06:02:18,668 [INFO] src.federated.server: Federated server initialized on device 'cuda' with aggregation strategy: FedAvg
2025-06-03 06:02:18,668 [INFO] BC_ExperimentRunner: Creating model of type: classical_mlp with n_features=30, n_classes=2, initial_dtype_request=torch.float32
2025-06-03 06:02:18,669 [INFO] BC_ExperimentRunner: Model 'classical_mlp' parameters set to dtype: torch.float32
2025-06-03 06:02:18,672 [INFO] src.federated.client: Client classical_mlp_client_0 initialized on device 'cuda' with 11 samples.
2025-06-03 06:02:18,672 [INFO] BC_ExperimentRunner: Creating model of type: classical_mlp with n_features=30, n_classes=2, initial_dtype_request=torch.float32
2025-06-03 06:02:18,673 [INFO] BC_ExperimentRunner: Model 'classical_mlp' parameters set to dtype: torch.float32
2025-06-03 06:02:18,675 [INFO] src.federated.client: Client classical_mlp_client_1 initialized on device 'cuda' with 357 samples.
2025-06-03 06:02:18,675 [INFO] BC_ExperimentRunner: Creating model of type: classical_mlp with n_features=30, n_classes=2, initial_dtype_request=torch.float32
2025-06-03 06:02:18,676 [INFO] BC_ExperimentRunner: Model 'classical_mlp' parameters set to dtype: torch.float32
2025-06-03 06:02:18,679 [INFO] src.federated.client: Client classical_mlp_client_2 initialized on device 'cuda' with 2 samples.
2025-06-03 06:02:18,680 [INFO] BC_ExperimentRunner: Creating model of type: classical_mlp with n_features=30, n_classes=2, initial_dtype_request=torch.float32
2025-06-03 06:02:18,680 [INFO] BC_ExperimentRunner: Model 'classical_mlp' parameters set to dtype: torch.float32
2025-06-03 06:02:18,683 [INFO] src.federated.client: Client classical_mlp_client_3 initialized on device 'cuda' with 7 samples.
2025-06-03 06:02:18,683 [INFO] BC_ExperimentRunner: Creating model of type: classical_mlp with n_features=30, n_classes=2, initial_dtype_request=torch.float32
2025-06-03 06:02:18,684 [INFO] BC_ExperimentRunner: Model 'classical_mlp' parameters set to dtype: torch.float32
2025-06-03 06:02:18,687 [INFO] src.federated.client: Client classical_mlp_client_4 initialized on device 'cuda' with 78 samples.
2025-06-03 06:02:18,687 [INFO] src.federated.server: Registered client 'classical_mlp_client_0'. Total clients: 1.
2025-06-03 06:02:18,687 [INFO] src.federated.server: Registered client 'classical_mlp_client_1'. Total clients: 2.
2025-06-03 06:02:18,687 [INFO] src.federated.server: Registered client 'classical_mlp_client_2'. Total clients: 3.
2025-06-03 06:02:18,687 [INFO] src.federated.server: Registered client 'classical_mlp_client_3'. Total clients: 4.
2025-06-03 06:02:18,688 [INFO] src.federated.server: Registered client 'classical_mlp_client_4'. Total clients: 5.
2025-06-03 06:02:18,688 [INFO] BC_ExperimentRunner: --- Scenario setup complete for BC_MLP_FedProx_NonIID_a0.3_FullFeat ---
2025-06-03 06:02:18,689 [INFO] src.federated.server: Starting federated training process for 5 rounds.
2025-06-03 06:02:18,689 [INFO] src.federated.server: Config: local_epochs=3, client_fraction=0.1, min_clients=3, FedProx mu=0.01
2025-06-03 06:02:18,690 [INFO] src.federated.server: Performing initial evaluation of global model...
2025-06-03 06:02:18,696 [INFO] src.federated.server: Initial Evaluation Metrics: {'loss': 0.7107932567596436, 'accuracy': 0.40350877192982454}
2025-06-03 06:02:18,696 [INFO] src.federated.server: ===== Starting Round 1/5 =====
2025-06-03 06:02:18,696 [INFO] src.federated.server: Starting federated training round...
2025-06-03 06:02:18,697 [INFO] src.federated.server: Selected 3 clients out of 5 available (fraction=0.1, min_clients=3): ['classical_mlp_client_1', 'classical_mlp_client_4', 'classical_mlp_client_3']
2025-06-03 06:02:18,699 [INFO] src.federated.client: Client classical_mlp_client_1: Starting local training for 3 epochs. Proximal term mu=0.01.
2025-06-03 06:02:18,931 [INFO] src.federated.client: Client classical_mlp_client_1 - Epoch 1/3 completed. Average Loss: 0.6477
2025-06-03 06:02:19,056 [INFO] src.federated.client: Client classical_mlp_client_1 - Epoch 2/3 completed. Average Loss: 0.5052
2025-06-03 06:02:19,192 [INFO] src.federated.client: Client classical_mlp_client_1 - Epoch 3/3 completed. Average Loss: 0.3377
2025-06-03 06:02:19,193 [INFO] src.federated.client: Client classical_mlp_client_1: Local training finished. Processed 1071 samples.
2025-06-03 06:02:19,195 [INFO] src.federated.client: Client classical_mlp_client_4: Starting local training for 3 epochs. Proximal term mu=0.01.
2025-06-03 06:02:19,226 [INFO] src.federated.client: Client classical_mlp_client_4 - Epoch 1/3 completed. Average Loss: 0.7094
2025-06-03 06:02:19,254 [INFO] src.federated.client: Client classical_mlp_client_4 - Epoch 2/3 completed. Average Loss: 0.6599
2025-06-03 06:02:19,284 [INFO] src.federated.client: Client classical_mlp_client_4 - Epoch 3/3 completed. Average Loss: 0.6204
2025-06-03 06:02:19,286 [INFO] src.federated.client: Client classical_mlp_client_4: Local training finished. Processed 234 samples.
2025-06-03 06:02:19,287 [INFO] src.federated.client: Client classical_mlp_client_3: Starting local training for 3 epochs. Proximal term mu=0.01.
2025-06-03 06:02:19,297 [INFO] src.federated.client: Client classical_mlp_client_3 - Epoch 1/3 completed. Average Loss: 0.6567
2025-06-03 06:02:19,306 [INFO] src.federated.client: Client classical_mlp_client_3 - Epoch 2/3 completed. Average Loss: 0.6351
2025-06-03 06:02:19,315 [INFO] src.federated.client: Client classical_mlp_client_3 - Epoch 3/3 completed. Average Loss: 0.6149
2025-06-03 06:02:19,316 [INFO] src.federated.client: Client classical_mlp_client_3: Local training finished. Processed 21 samples.
2025-06-03 06:02:19,316 [INFO] src.federated.server: Aggregating updates from 3 clients using FedAvg.
2025-06-03 06:02:19,317 [INFO] src.federated.aggregation: FedAvg: Aggregating updates from 3 clients.
2025-06-03 06:02:19,318 [INFO] src.federated.aggregation: FedAvg: Aggregation complete.
2025-06-03 06:02:19,319 [INFO] src.federated.server: Global model updated with aggregated parameters.
2025-06-03 06:02:19,320 [INFO] src.federated.server: Evaluating updated global model...
2025-06-03 06:02:19,324 [INFO] src.federated.server: Round 1 completed in 0.63s. Eval Metrics: {'loss': 0.3380158543586731, 'accuracy': 0.9385964912280702}
2025-06-03 06:02:19,325 [INFO] src.federated.server: ===== Starting Round 2/5 =====
2025-06-03 06:02:19,325 [INFO] src.federated.server: Starting federated training round...
2025-06-03 06:02:19,325 [INFO] src.federated.server: Selected 3 clients out of 5 available (fraction=0.1, min_clients=3): ['classical_mlp_client_2', 'classical_mlp_client_4', 'classical_mlp_client_0']
2025-06-03 06:02:19,328 [INFO] src.federated.client: Client classical_mlp_client_2: Starting local training for 3 epochs. Proximal term mu=0.01.
2025-06-03 06:02:19,340 [INFO] src.federated.client: Client classical_mlp_client_2 - Epoch 1/3 completed. Average Loss: 0.6666
2025-06-03 06:02:19,350 [INFO] src.federated.client: Client classical_mlp_client_2 - Epoch 2/3 completed. Average Loss: 0.6441
2025-06-03 06:02:19,360 [INFO] src.federated.client: Client classical_mlp_client_2 - Epoch 3/3 completed. Average Loss: 0.6225
2025-06-03 06:02:19,361 [INFO] src.federated.client: Client classical_mlp_client_2: Local training finished. Processed 6 samples.
2025-06-03 06:02:19,363 [INFO] src.federated.client: Client classical_mlp_client_4: Starting local training for 3 epochs. Proximal term mu=0.01.
2025-06-03 06:02:19,393 [INFO] src.federated.client: Client classical_mlp_client_4 - Epoch 1/3 completed. Average Loss: 0.3671
2025-06-03 06:02:19,426 [INFO] src.federated.client: Client classical_mlp_client_4 - Epoch 2/3 completed. Average Loss: 0.3317
2025-06-03 06:02:19,451 [INFO] src.federated.client: Client classical_mlp_client_4 - Epoch 3/3 completed. Average Loss: 0.2956
2025-06-03 06:02:19,452 [INFO] src.federated.client: Client classical_mlp_client_4: Local training finished. Processed 234 samples.
2025-06-03 06:02:19,453 [INFO] src.federated.client: Client classical_mlp_client_0: Starting local training for 3 epochs. Proximal term mu=0.01.
2025-06-03 06:02:19,463 [INFO] src.federated.client: Client classical_mlp_client_0 - Epoch 1/3 completed. Average Loss: 0.3264
2025-06-03 06:02:19,471 [INFO] src.federated.client: Client classical_mlp_client_0 - Epoch 2/3 completed. Average Loss: 0.2994
2025-06-03 06:02:19,482 [INFO] src.federated.client: Client classical_mlp_client_0 - Epoch 3/3 completed. Average Loss: 0.2750
2025-06-03 06:02:19,483 [INFO] src.federated.client: Client classical_mlp_client_0: Local training finished. Processed 33 samples.
2025-06-03 06:02:19,484 [INFO] src.federated.server: Aggregating updates from 3 clients using FedAvg.
2025-06-03 06:02:19,484 [INFO] src.federated.aggregation: FedAvg: Aggregating updates from 3 clients.
2025-06-03 06:02:19,485 [INFO] src.federated.aggregation: FedAvg: Aggregation complete.
2025-06-03 06:02:19,486 [INFO] src.federated.server: Global model updated with aggregated parameters.
2025-06-03 06:02:19,487 [INFO] src.federated.server: Evaluating updated global model...
2025-06-03 06:02:19,491 [INFO] src.federated.server: Round 2 completed in 0.17s. Eval Metrics: {'loss': 0.28787994384765625, 'accuracy': 0.9210526315789473}
2025-06-03 06:02:19,492 [INFO] src.federated.server: ===== Starting Round 3/5 =====
2025-06-03 06:02:19,492 [INFO] src.federated.server: Starting federated training round...
2025-06-03 06:02:19,492 [INFO] src.federated.server: Selected 3 clients out of 5 available (fraction=0.1, min_clients=3): ['classical_mlp_client_1', 'classical_mlp_client_0', 'classical_mlp_client_2']
2025-06-03 06:02:19,494 [INFO] src.federated.client: Client classical_mlp_client_1: Starting local training for 3 epochs. Proximal term mu=0.01.
2025-06-03 06:02:19,607 [INFO] src.federated.client: Client classical_mlp_client_1 - Epoch 1/3 completed. Average Loss: 0.2082
2025-06-03 06:02:19,719 [INFO] src.federated.client: Client classical_mlp_client_1 - Epoch 2/3 completed. Average Loss: 0.1284
2025-06-03 06:02:19,845 [INFO] src.federated.client: Client classical_mlp_client_1 - Epoch 3/3 completed. Average Loss: 0.0983
2025-06-03 06:02:19,847 [INFO] src.federated.client: Client classical_mlp_client_1: Local training finished. Processed 1071 samples.
2025-06-03 06:02:19,849 [INFO] src.federated.client: Client classical_mlp_client_0: Starting local training for 3 epochs. Proximal term mu=0.01.
2025-06-03 06:02:19,867 [INFO] src.federated.client: Client classical_mlp_client_0 - Epoch 1/3 completed. Average Loss: 0.1922
2025-06-03 06:02:19,880 [INFO] src.federated.client: Client classical_mlp_client_0 - Epoch 2/3 completed. Average Loss: 0.1759
2025-06-03 06:02:19,891 [INFO] src.federated.client: Client classical_mlp_client_0 - Epoch 3/3 completed. Average Loss: 0.1613
2025-06-03 06:02:19,893 [INFO] src.federated.client: Client classical_mlp_client_0: Local training finished. Processed 33 samples.
2025-06-03 06:02:19,895 [INFO] src.federated.client: Client classical_mlp_client_2: Starting local training for 3 epochs. Proximal term mu=0.01.
2025-06-03 06:02:19,909 [INFO] src.federated.client: Client classical_mlp_client_2 - Epoch 1/3 completed. Average Loss: 0.7224
2025-06-03 06:02:19,919 [INFO] src.federated.client: Client classical_mlp_client_2 - Epoch 2/3 completed. Average Loss: 0.6985
2025-06-03 06:02:19,929 [INFO] src.federated.client: Client classical_mlp_client_2 - Epoch 3/3 completed. Average Loss: 0.6734
2025-06-03 06:02:19,930 [INFO] src.federated.client: Client classical_mlp_client_2: Local training finished. Processed 6 samples.
2025-06-03 06:02:19,931 [INFO] src.federated.server: Aggregating updates from 3 clients using FedAvg.
2025-06-03 06:02:19,931 [INFO] src.federated.aggregation: FedAvg: Aggregating updates from 3 clients.
2025-06-03 06:02:19,932 [INFO] src.federated.aggregation: FedAvg: Aggregation complete.
2025-06-03 06:02:19,934 [INFO] src.federated.server: Global model updated with aggregated parameters.
2025-06-03 06:02:19,934 [INFO] src.federated.server: Evaluating updated global model...
2025-06-03 06:02:19,940 [INFO] src.federated.server: Round 3 completed in 0.45s. Eval Metrics: {'loss': 0.11337793618440628, 'accuracy': 0.956140350877193}
2025-06-03 06:02:19,941 [INFO] src.federated.server: ===== Starting Round 4/5 =====
2025-06-03 06:02:19,941 [INFO] src.federated.server: Starting federated training round...
2025-06-03 06:02:19,941 [INFO] src.federated.server: Selected 3 clients out of 5 available (fraction=0.1, min_clients=3): ['classical_mlp_client_1', 'classical_mlp_client_3', 'classical_mlp_client_4']
2025-06-03 06:02:19,943 [INFO] src.federated.client: Client classical_mlp_client_1: Starting local training for 3 epochs. Proximal term mu=0.01.
2025-06-03 06:02:20,053 [INFO] src.federated.client: Client classical_mlp_client_1 - Epoch 1/3 completed. Average Loss: 0.0803
2025-06-03 06:02:20,168 [INFO] src.federated.client: Client classical_mlp_client_1 - Epoch 2/3 completed. Average Loss: 0.0691
2025-06-03 06:02:20,282 [INFO] src.federated.client: Client classical_mlp_client_1 - Epoch 3/3 completed. Average Loss: 0.0622
2025-06-03 06:02:20,283 [INFO] src.federated.client: Client classical_mlp_client_1: Local training finished. Processed 1071 samples.
2025-06-03 06:02:20,285 [INFO] src.federated.client: Client classical_mlp_client_3: Starting local training for 3 epochs. Proximal term mu=0.01.
2025-06-03 06:02:20,293 [INFO] src.federated.client: Client classical_mlp_client_3 - Epoch 1/3 completed. Average Loss: 0.0232
2025-06-03 06:02:20,304 [INFO] src.federated.client: Client classical_mlp_client_3 - Epoch 2/3 completed. Average Loss: 0.0190
2025-06-03 06:02:20,315 [INFO] src.federated.client: Client classical_mlp_client_3 - Epoch 3/3 completed. Average Loss: 0.0157
2025-06-03 06:02:20,316 [INFO] src.federated.client: Client classical_mlp_client_3: Local training finished. Processed 21 samples.
2025-06-03 06:02:20,318 [INFO] src.federated.client: Client classical_mlp_client_4: Starting local training for 3 epochs. Proximal term mu=0.01.
2025-06-03 06:02:20,350 [INFO] src.federated.client: Client classical_mlp_client_4 - Epoch 1/3 completed. Average Loss: 0.1790
2025-06-03 06:02:20,383 [INFO] src.federated.client: Client classical_mlp_client_4 - Epoch 2/3 completed. Average Loss: 0.1560
2025-06-03 06:02:20,421 [INFO] src.federated.client: Client classical_mlp_client_4 - Epoch 3/3 completed. Average Loss: 0.1340
2025-06-03 06:02:20,423 [INFO] src.federated.client: Client classical_mlp_client_4: Local training finished. Processed 234 samples.
2025-06-03 06:02:20,423 [INFO] src.federated.server: Aggregating updates from 3 clients using FedAvg.
2025-06-03 06:02:20,423 [INFO] src.federated.aggregation: FedAvg: Aggregating updates from 3 clients.
2025-06-03 06:02:20,425 [INFO] src.federated.aggregation: FedAvg: Aggregation complete.
2025-06-03 06:02:20,426 [INFO] src.federated.server: Global model updated with aggregated parameters.
2025-06-03 06:02:20,427 [INFO] src.federated.server: Evaluating updated global model...
2025-06-03 06:02:20,431 [INFO] src.federated.server: Round 4 completed in 0.49s. Eval Metrics: {'loss': 0.0924500972032547, 'accuracy': 0.9649122807017544}
2025-06-03 06:02:20,432 [INFO] src.federated.server: ===== Starting Round 5/5 =====
2025-06-03 06:02:20,432 [INFO] src.federated.server: Starting federated training round...
2025-06-03 06:02:20,432 [INFO] src.federated.server: Selected 3 clients out of 5 available (fraction=0.1, min_clients=3): ['classical_mlp_client_2', 'classical_mlp_client_0', 'classical_mlp_client_1']
2025-06-03 06:02:20,435 [INFO] src.federated.client: Client classical_mlp_client_2: Starting local training for 3 epochs. Proximal term mu=0.01.
2025-06-03 06:02:20,447 [INFO] src.federated.client: Client classical_mlp_client_2 - Epoch 1/3 completed. Average Loss: 0.5276
2025-06-03 06:02:20,461 [INFO] src.federated.client: Client classical_mlp_client_2 - Epoch 2/3 completed. Average Loss: 0.4741
2025-06-03 06:02:20,473 [INFO] src.federated.client: Client classical_mlp_client_2 - Epoch 3/3 completed. Average Loss: 0.4214
2025-06-03 06:02:20,474 [INFO] src.federated.client: Client classical_mlp_client_2: Local training finished. Processed 6 samples.
2025-06-03 06:02:20,475 [INFO] src.federated.client: Client classical_mlp_client_0: Starting local training for 3 epochs. Proximal term mu=0.01.
2025-06-03 06:02:20,486 [INFO] src.federated.client: Client classical_mlp_client_0 - Epoch 1/3 completed. Average Loss: 0.0682
2025-06-03 06:02:20,496 [INFO] src.federated.client: Client classical_mlp_client_0 - Epoch 2/3 completed. Average Loss: 0.0547
2025-06-03 06:02:20,514 [INFO] src.federated.client: Client classical_mlp_client_0 - Epoch 3/3 completed. Average Loss: 0.0434
2025-06-03 06:02:20,516 [INFO] src.federated.client: Client classical_mlp_client_0: Local training finished. Processed 33 samples.
2025-06-03 06:02:20,519 [INFO] src.federated.client: Client classical_mlp_client_1: Starting local training for 3 epochs. Proximal term mu=0.01.
2025-06-03 06:02:20,641 [INFO] src.federated.client: Client classical_mlp_client_1 - Epoch 1/3 completed. Average Loss: 0.0581
2025-06-03 06:02:20,769 [INFO] src.federated.client: Client classical_mlp_client_1 - Epoch 2/3 completed. Average Loss: 0.0544
2025-06-03 06:02:20,892 [INFO] src.federated.client: Client classical_mlp_client_1 - Epoch 3/3 completed. Average Loss: 0.0493
2025-06-03 06:02:20,894 [INFO] src.federated.client: Client classical_mlp_client_1: Local training finished. Processed 1071 samples.
2025-06-03 06:02:20,894 [INFO] src.federated.server: Aggregating updates from 3 clients using FedAvg.
2025-06-03 06:02:20,895 [INFO] src.federated.aggregation: FedAvg: Aggregating updates from 3 clients.
2025-06-03 06:02:20,896 [INFO] src.federated.aggregation: FedAvg: Aggregation complete.
2025-06-03 06:02:20,898 [INFO] src.federated.server: Global model updated with aggregated parameters.
2025-06-03 06:02:20,898 [INFO] src.federated.server: Evaluating updated global model...
2025-06-03 06:02:20,904 [INFO] src.federated.server: Round 5 completed in 0.47s. Eval Metrics: {'loss': 0.08309243619441986, 'accuracy': 0.956140350877193}
2025-06-03 06:02:20,905 [INFO] src.federated.server: Federated training process completed after 5 rounds.
2025-06-03 06:02:20,905 [INFO] BC_ExperimentRunner: ========== Finished BC_MLP_FedProx_NonIID_a0.3_FullFeat ==========

2025-06-03 06:02:20,905 [INFO] BC_ExperimentRunner: ========== Starting BC_MLP_FedDive_IID_FullFeat ==========
2025-06-03 06:02:20,905 [INFO] BC_ExperimentRunner: --- Setting up experiment: BC_MLP_FedDive_IID_FullFeat for dataset breast_cancer ---
2025-06-03 06:02:20,906 [INFO] src.utils.data_utils: Set all random seeds to 42
2025-06-03 06:02:20,906 [INFO] BC_ExperimentRunner: Experiment 'BC_MLP_FedDive_IID_FullFeat' will use tensor_dtype: torch.float32
2025-06-03 06:02:20,906 [INFO] src.utils.data_utils: Loading dataset: breast_cancer, PCA features=None, Scaling=standard, Subset size=None, Dtype=torch.float32
2025-06-03 06:02:20,907 [INFO] src.utils.data_utils: Set all random seeds to 42
2025-06-03 06:02:20,922 [INFO] src.utils.data_utils: Data preparation complete for 'breast_cancer'. Train size: 455, Test size: 114, Features: 30, Classes: 2
2025-06-03 06:02:20,930 [INFO] BC_ExperimentRunner: Successfully loaded configuration from /home/dhanraj/quantum_federated_simulator/configs/federated/server_config.yaml
2025-06-03 06:02:20,935 [INFO] BC_ExperimentRunner: Successfully loaded configuration from /home/dhanraj/quantum_federated_simulator/configs/federated/client_config.yaml
2025-06-03 06:02:20,941 [INFO] BC_ExperimentRunner: Successfully loaded configuration from /home/dhanraj/quantum_federated_simulator/configs/federated/default_aggregation.yaml
2025-06-03 06:02:20,941 [INFO] BC_ExperimentRunner: Creating model of type: classical_mlp with n_features=30, n_classes=2, initial_dtype_request=torch.float32
2025-06-03 06:02:20,943 [INFO] BC_ExperimentRunner: Model 'classical_mlp' parameters set to dtype: torch.float32
2025-06-03 06:02:20,943 [INFO] src.federated.aggregation: Creating aggregation strategy of type: feddive
2025-06-03 06:02:20,944 [INFO] src.federated.aggregation: FedDive parameters: momentum=0.9, epsilon=1e-08, temperature=1.0, normalize_distances=True
2025-06-03 06:02:20,944 [INFO] BC_ExperimentRunner: Using aggregation strategy: FedDive (base: FedDive)
2025-06-03 06:02:20,946 [INFO] src.federated.server: Federated server initialized on device 'cuda' with aggregation strategy: FedDive
2025-06-03 06:02:20,946 [INFO] BC_ExperimentRunner: Creating model of type: classical_mlp with n_features=30, n_classes=2, initial_dtype_request=torch.float32
2025-06-03 06:02:20,947 [INFO] BC_ExperimentRunner: Model 'classical_mlp' parameters set to dtype: torch.float32
2025-06-03 06:02:20,950 [INFO] src.federated.client: Client classical_mlp_client_0 initialized on device 'cuda' with 91 samples.
2025-06-03 06:02:20,950 [INFO] BC_ExperimentRunner: Creating model of type: classical_mlp with n_features=30, n_classes=2, initial_dtype_request=torch.float32
2025-06-03 06:02:20,951 [INFO] BC_ExperimentRunner: Model 'classical_mlp' parameters set to dtype: torch.float32
2025-06-03 06:02:20,953 [INFO] src.federated.client: Client classical_mlp_client_1 initialized on device 'cuda' with 91 samples.
2025-06-03 06:02:20,953 [INFO] BC_ExperimentRunner: Creating model of type: classical_mlp with n_features=30, n_classes=2, initial_dtype_request=torch.float32
2025-06-03 06:02:20,954 [INFO] BC_ExperimentRunner: Model 'classical_mlp' parameters set to dtype: torch.float32
2025-06-03 06:02:20,956 [INFO] src.federated.client: Client classical_mlp_client_2 initialized on device 'cuda' with 91 samples.
2025-06-03 06:02:20,956 [INFO] BC_ExperimentRunner: Creating model of type: classical_mlp with n_features=30, n_classes=2, initial_dtype_request=torch.float32
2025-06-03 06:02:20,957 [INFO] BC_ExperimentRunner: Model 'classical_mlp' parameters set to dtype: torch.float32
2025-06-03 06:02:20,959 [INFO] src.federated.client: Client classical_mlp_client_3 initialized on device 'cuda' with 91 samples.
2025-06-03 06:02:20,959 [INFO] BC_ExperimentRunner: Creating model of type: classical_mlp with n_features=30, n_classes=2, initial_dtype_request=torch.float32
2025-06-03 06:02:20,960 [INFO] BC_ExperimentRunner: Model 'classical_mlp' parameters set to dtype: torch.float32
2025-06-03 06:02:20,963 [INFO] src.federated.client: Client classical_mlp_client_4 initialized on device 'cuda' with 91 samples.
2025-06-03 06:02:20,964 [INFO] src.federated.server: Registered client 'classical_mlp_client_0'. Total clients: 1.
2025-06-03 06:02:20,964 [INFO] src.federated.server: Registered client 'classical_mlp_client_1'. Total clients: 2.
2025-06-03 06:02:20,964 [INFO] src.federated.server: Registered client 'classical_mlp_client_2'. Total clients: 3.
2025-06-03 06:02:20,964 [INFO] src.federated.server: Registered client 'classical_mlp_client_3'. Total clients: 4.
2025-06-03 06:02:20,965 [INFO] src.federated.server: Registered client 'classical_mlp_client_4'. Total clients: 5.
2025-06-03 06:02:20,965 [INFO] BC_ExperimentRunner: --- Scenario setup complete for BC_MLP_FedDive_IID_FullFeat ---
2025-06-03 06:02:20,965 [INFO] src.federated.server: Starting federated training process for 5 rounds.
2025-06-03 06:02:20,966 [INFO] src.federated.server: Config: local_epochs=3, client_fraction=0.1, min_clients=3, FedProx mu=0.0
2025-06-03 06:02:20,966 [INFO] src.federated.server: Performing initial evaluation of global model...
2025-06-03 06:02:20,973 [INFO] src.federated.server: Initial Evaluation Metrics: {'loss': 0.7119773626327515, 'accuracy': 0.3684210526315789}
2025-06-03 06:02:20,973 [INFO] src.federated.server: ===== Starting Round 1/5 =====
2025-06-03 06:02:20,973 [INFO] src.federated.server: Starting federated training round...
2025-06-03 06:02:20,974 [INFO] src.federated.server: Selected 3 clients out of 5 available (fraction=0.1, min_clients=3): ['classical_mlp_client_0', 'classical_mlp_client_4', 'classical_mlp_client_2']
2025-06-03 06:02:20,977 [INFO] src.federated.client: Client classical_mlp_client_0: Starting local training for 3 epochs. Proximal term mu=0.0.
2025-06-03 06:02:20,997 [INFO] src.federated.client: Client classical_mlp_client_0 - Epoch 1/3 completed. Average Loss: 0.7019
2025-06-03 06:02:21,022 [INFO] src.federated.client: Client classical_mlp_client_0 - Epoch 2/3 completed. Average Loss: 0.6574
2025-06-03 06:02:21,040 [INFO] src.federated.client: Client classical_mlp_client_0 - Epoch 3/3 completed. Average Loss: 0.6177
2025-06-03 06:02:21,041 [INFO] src.federated.client: Client classical_mlp_client_0: Local training finished. Processed 273 samples.
2025-06-03 06:02:21,043 [INFO] src.federated.client: Client classical_mlp_client_4: Starting local training for 3 epochs. Proximal term mu=0.0.
2025-06-03 06:02:21,066 [INFO] src.federated.client: Client classical_mlp_client_4 - Epoch 1/3 completed. Average Loss: 0.7091
2025-06-03 06:02:21,081 [INFO] src.federated.client: Client classical_mlp_client_4 - Epoch 2/3 completed. Average Loss: 0.6556
2025-06-03 06:02:21,098 [INFO] src.federated.client: Client classical_mlp_client_4 - Epoch 3/3 completed. Average Loss: 0.6103
2025-06-03 06:02:21,100 [INFO] src.federated.client: Client classical_mlp_client_4: Local training finished. Processed 273 samples.
2025-06-03 06:02:21,101 [INFO] src.federated.client: Client classical_mlp_client_2: Starting local training for 3 epochs. Proximal term mu=0.0.
2025-06-03 06:02:21,120 [INFO] src.federated.client: Client classical_mlp_client_2 - Epoch 1/3 completed. Average Loss: 0.7050
2025-06-03 06:02:21,136 [INFO] src.federated.client: Client classical_mlp_client_2 - Epoch 2/3 completed. Average Loss: 0.6537
2025-06-03 06:02:21,155 [INFO] src.federated.client: Client classical_mlp_client_2 - Epoch 3/3 completed. Average Loss: 0.6103
2025-06-03 06:02:21,156 [INFO] src.federated.client: Client classical_mlp_client_2: Local training finished. Processed 273 samples.
2025-06-03 06:02:21,157 [INFO] src.federated.server: Aggregating updates from 3 clients using FedDive.
2025-06-03 06:02:21,157 [INFO] src.federated.aggregation: FedDive: Aggregating updates from 3 clients (momentum=0.9).
2025-06-03 06:02:21,157 [INFO] src.federated.aggregation: FedDive: Initializing velocity and previous parameters.
2025-06-03 06:02:21,162 [INFO] src.federated.aggregation: FedDive: Aggregation complete.
2025-06-03 06:02:21,164 [INFO] src.federated.server: Global model updated with aggregated parameters.
2025-06-03 06:02:21,164 [INFO] src.federated.server: Evaluating updated global model...
2025-06-03 06:02:21,168 [INFO] src.federated.server: Round 1 completed in 0.19s. Eval Metrics: {'loss': 0.5971572995185852, 'accuracy': 0.8596491228070176}
2025-06-03 06:02:21,169 [INFO] src.federated.server: ===== Starting Round 2/5 =====
2025-06-03 06:02:21,169 [INFO] src.federated.server: Starting federated training round...
2025-06-03 06:02:21,169 [INFO] src.federated.server: Selected 3 clients out of 5 available (fraction=0.1, min_clients=3): ['classical_mlp_client_2', 'classical_mlp_client_1', 'classical_mlp_client_0']
2025-06-03 06:02:21,172 [INFO] src.federated.client: Client classical_mlp_client_2: Starting local training for 3 epochs. Proximal term mu=0.0.
2025-06-03 06:02:21,191 [INFO] src.federated.client: Client classical_mlp_client_2 - Epoch 1/3 completed. Average Loss: 0.5685
2025-06-03 06:02:21,210 [INFO] src.federated.client: Client classical_mlp_client_2 - Epoch 2/3 completed. Average Loss: 0.5221
2025-06-03 06:02:21,227 [INFO] src.federated.client: Client classical_mlp_client_2 - Epoch 3/3 completed. Average Loss: 0.4743
2025-06-03 06:02:21,228 [INFO] src.federated.client: Client classical_mlp_client_2: Local training finished. Processed 273 samples.
2025-06-03 06:02:21,230 [INFO] src.federated.client: Client classical_mlp_client_1: Starting local training for 3 epochs. Proximal term mu=0.0.
2025-06-03 06:02:21,250 [INFO] src.federated.client: Client classical_mlp_client_1 - Epoch 1/3 completed. Average Loss: 0.5848
2025-06-03 06:02:21,268 [INFO] src.federated.client: Client classical_mlp_client_1 - Epoch 2/3 completed. Average Loss: 0.5365
2025-06-03 06:02:21,295 [INFO] src.federated.client: Client classical_mlp_client_1 - Epoch 3/3 completed. Average Loss: 0.4899
2025-06-03 06:02:21,297 [INFO] src.federated.client: Client classical_mlp_client_1: Local training finished. Processed 273 samples.
2025-06-03 06:02:21,299 [INFO] src.federated.client: Client classical_mlp_client_0: Starting local training for 3 epochs. Proximal term mu=0.0.
2025-06-03 06:02:21,317 [INFO] src.federated.client: Client classical_mlp_client_0 - Epoch 1/3 completed. Average Loss: 0.5786
2025-06-03 06:02:21,334 [INFO] src.federated.client: Client classical_mlp_client_0 - Epoch 2/3 completed. Average Loss: 0.5364
2025-06-03 06:02:21,350 [INFO] src.federated.client: Client classical_mlp_client_0 - Epoch 3/3 completed. Average Loss: 0.4914
2025-06-03 06:02:21,351 [INFO] src.federated.client: Client classical_mlp_client_0: Local training finished. Processed 273 samples.
2025-06-03 06:02:21,352 [INFO] src.federated.server: Aggregating updates from 3 clients using FedDive.
2025-06-03 06:02:21,352 [INFO] src.federated.aggregation: FedDive: Aggregating updates from 3 clients (momentum=0.9).
2025-06-03 06:02:21,354 [INFO] src.federated.aggregation: FedDive: Aggregation complete.
2025-06-03 06:02:21,355 [INFO] src.federated.server: Global model updated with aggregated parameters.
2025-06-03 06:02:21,356 [INFO] src.federated.server: Evaluating updated global model...
2025-06-03 06:02:21,360 [INFO] src.federated.server: Round 2 completed in 0.19s. Eval Metrics: {'loss': 0.47280073165893555, 'accuracy': 0.9385964912280702}
2025-06-03 06:02:21,361 [INFO] src.federated.server: ===== Starting Round 3/5 =====
2025-06-03 06:02:21,361 [INFO] src.federated.server: Starting federated training round...
2025-06-03 06:02:21,361 [INFO] src.federated.server: Selected 3 clients out of 5 available (fraction=0.1, min_clients=3): ['classical_mlp_client_1', 'classical_mlp_client_0', 'classical_mlp_client_2']
2025-06-03 06:02:21,364 [INFO] src.federated.client: Client classical_mlp_client_1: Starting local training for 3 epochs. Proximal term mu=0.0.
2025-06-03 06:02:21,386 [INFO] src.federated.client: Client classical_mlp_client_1 - Epoch 1/3 completed. Average Loss: 0.4466
2025-06-03 06:02:21,405 [INFO] src.federated.client: Client classical_mlp_client_1 - Epoch 2/3 completed. Average Loss: 0.3979
2025-06-03 06:02:21,423 [INFO] src.federated.client: Client classical_mlp_client_1 - Epoch 3/3 completed. Average Loss: 0.3495
2025-06-03 06:02:21,424 [INFO] src.federated.client: Client classical_mlp_client_1: Local training finished. Processed 273 samples.
2025-06-03 06:02:21,425 [INFO] src.federated.client: Client classical_mlp_client_0: Starting local training for 3 epochs. Proximal term mu=0.0.
2025-06-03 06:02:21,445 [INFO] src.federated.client: Client classical_mlp_client_0 - Epoch 1/3 completed. Average Loss: 0.4463
2025-06-03 06:02:21,462 [INFO] src.federated.client: Client classical_mlp_client_0 - Epoch 2/3 completed. Average Loss: 0.3978
2025-06-03 06:02:21,479 [INFO] src.federated.client: Client classical_mlp_client_0 - Epoch 3/3 completed. Average Loss: 0.3504
2025-06-03 06:02:21,480 [INFO] src.federated.client: Client classical_mlp_client_0: Local training finished. Processed 273 samples.
2025-06-03 06:02:21,482 [INFO] src.federated.client: Client classical_mlp_client_2: Starting local training for 3 epochs. Proximal term mu=0.0.
2025-06-03 06:02:21,500 [INFO] src.federated.client: Client classical_mlp_client_2 - Epoch 1/3 completed. Average Loss: 0.4221
2025-06-03 06:02:21,519 [INFO] src.federated.client: Client classical_mlp_client_2 - Epoch 2/3 completed. Average Loss: 0.3700
2025-06-03 06:02:21,537 [INFO] src.federated.client: Client classical_mlp_client_2 - Epoch 3/3 completed. Average Loss: 0.3200
2025-06-03 06:02:21,539 [INFO] src.federated.client: Client classical_mlp_client_2: Local training finished. Processed 273 samples.
2025-06-03 06:02:21,539 [INFO] src.federated.server: Aggregating updates from 3 clients using FedDive.
2025-06-03 06:02:21,539 [INFO] src.federated.aggregation: FedDive: Aggregating updates from 3 clients (momentum=0.9).
2025-06-03 06:02:21,542 [INFO] src.federated.aggregation: FedDive: Aggregation complete.
2025-06-03 06:02:21,543 [INFO] src.federated.server: Global model updated with aggregated parameters.
2025-06-03 06:02:21,543 [INFO] src.federated.server: Evaluating updated global model...
2025-06-03 06:02:21,547 [INFO] src.federated.server: Round 3 completed in 0.19s. Eval Metrics: {'loss': 0.3371048867702484, 'accuracy': 0.9473684210526315}
2025-06-03 06:02:21,547 [INFO] src.federated.server: ===== Starting Round 4/5 =====
2025-06-03 06:02:21,548 [INFO] src.federated.server: Starting federated training round...
2025-06-03 06:02:21,548 [INFO] src.federated.server: Selected 3 clients out of 5 available (fraction=0.1, min_clients=3): ['classical_mlp_client_4', 'classical_mlp_client_0', 'classical_mlp_client_2']
2025-06-03 06:02:21,550 [INFO] src.federated.client: Client classical_mlp_client_4: Starting local training for 3 epochs. Proximal term mu=0.0.
2025-06-03 06:02:21,569 [INFO] src.federated.client: Client classical_mlp_client_4 - Epoch 1/3 completed. Average Loss: 0.2796
2025-06-03 06:02:21,587 [INFO] src.federated.client: Client classical_mlp_client_4 - Epoch 2/3 completed. Average Loss: 0.2381
2025-06-03 06:02:21,607 [INFO] src.federated.client: Client classical_mlp_client_4 - Epoch 3/3 completed. Average Loss: 0.1997
2025-06-03 06:02:21,608 [INFO] src.federated.client: Client classical_mlp_client_4: Local training finished. Processed 273 samples.
2025-06-03 06:02:21,611 [INFO] src.federated.client: Client classical_mlp_client_0: Starting local training for 3 epochs. Proximal term mu=0.0.
2025-06-03 06:02:21,629 [INFO] src.federated.client: Client classical_mlp_client_0 - Epoch 1/3 completed. Average Loss: 0.3068
2025-06-03 06:02:21,646 [INFO] src.federated.client: Client classical_mlp_client_0 - Epoch 2/3 completed. Average Loss: 0.2645
2025-06-03 06:02:21,665 [INFO] src.federated.client: Client classical_mlp_client_0 - Epoch 3/3 completed. Average Loss: 0.2277
2025-06-03 06:02:21,667 [INFO] src.federated.client: Client classical_mlp_client_0: Local training finished. Processed 273 samples.
2025-06-03 06:02:21,669 [INFO] src.federated.client: Client classical_mlp_client_2: Starting local training for 3 epochs. Proximal term mu=0.0.
2025-06-03 06:02:21,686 [INFO] src.federated.client: Client classical_mlp_client_2 - Epoch 1/3 completed. Average Loss: 0.2742
2025-06-03 06:02:21,707 [INFO] src.federated.client: Client classical_mlp_client_2 - Epoch 2/3 completed. Average Loss: 0.2302
2025-06-03 06:02:21,724 [INFO] src.federated.client: Client classical_mlp_client_2 - Epoch 3/3 completed. Average Loss: 0.1936
2025-06-03 06:02:21,726 [INFO] src.federated.client: Client classical_mlp_client_2: Local training finished. Processed 273 samples.
2025-06-03 06:02:21,726 [INFO] src.federated.server: Aggregating updates from 3 clients using FedDive.
2025-06-03 06:02:21,727 [INFO] src.federated.aggregation: FedDive: Aggregating updates from 3 clients (momentum=0.9).
2025-06-03 06:02:21,729 [INFO] src.federated.aggregation: FedDive: Aggregation complete.
2025-06-03 06:02:21,731 [INFO] src.federated.server: Global model updated with aggregated parameters.
2025-06-03 06:02:21,731 [INFO] src.federated.server: Evaluating updated global model...
2025-06-03 06:02:21,736 [INFO] src.federated.server: Round 4 completed in 0.19s. Eval Metrics: {'loss': 0.22923533618450165, 'accuracy': 0.956140350877193}
2025-06-03 06:02:21,736 [INFO] src.federated.server: ===== Starting Round 5/5 =====
2025-06-03 06:02:21,736 [INFO] src.federated.server: Starting federated training round...
2025-06-03 06:02:21,737 [INFO] src.federated.server: Selected 3 clients out of 5 available (fraction=0.1, min_clients=3): ['classical_mlp_client_3', 'classical_mlp_client_0', 'classical_mlp_client_4']
2025-06-03 06:02:21,739 [INFO] src.federated.client: Client classical_mlp_client_3: Starting local training for 3 epochs. Proximal term mu=0.0.
2025-06-03 06:02:21,763 [INFO] src.federated.client: Client classical_mlp_client_3 - Epoch 1/3 completed. Average Loss: 0.2414
2025-06-03 06:02:21,783 [INFO] src.federated.client: Client classical_mlp_client_3 - Epoch 2/3 completed. Average Loss: 0.2099
2025-06-03 06:02:21,802 [INFO] src.federated.client: Client classical_mlp_client_3 - Epoch 3/3 completed. Average Loss: 0.1876
2025-06-03 06:02:21,804 [INFO] src.federated.client: Client classical_mlp_client_3: Local training finished. Processed 273 samples.
2025-06-03 06:02:21,806 [INFO] src.federated.client: Client classical_mlp_client_0: Starting local training for 3 epochs. Proximal term mu=0.0.
2025-06-03 06:02:21,824 [INFO] src.federated.client: Client classical_mlp_client_0 - Epoch 1/3 completed. Average Loss: 0.1990
2025-06-03 06:02:21,844 [INFO] src.federated.client: Client classical_mlp_client_0 - Epoch 2/3 completed. Average Loss: 0.1722
2025-06-03 06:02:21,863 [INFO] src.federated.client: Client classical_mlp_client_0 - Epoch 3/3 completed. Average Loss: 0.1490
2025-06-03 06:02:21,864 [INFO] src.federated.client: Client classical_mlp_client_0: Local training finished. Processed 273 samples.
2025-06-03 06:02:21,865 [INFO] src.federated.client: Client classical_mlp_client_4: Starting local training for 3 epochs. Proximal term mu=0.0.
2025-06-03 06:02:21,885 [INFO] src.federated.client: Client classical_mlp_client_4 - Epoch 1/3 completed. Average Loss: 0.1605
2025-06-03 06:02:21,903 [INFO] src.federated.client: Client classical_mlp_client_4 - Epoch 2/3 completed. Average Loss: 0.1323
2025-06-03 06:02:21,922 [INFO] src.federated.client: Client classical_mlp_client_4 - Epoch 3/3 completed. Average Loss: 0.1074
2025-06-03 06:02:21,924 [INFO] src.federated.client: Client classical_mlp_client_4: Local training finished. Processed 273 samples.
2025-06-03 06:02:21,925 [INFO] src.federated.server: Aggregating updates from 3 clients using FedDive.
2025-06-03 06:02:21,925 [INFO] src.federated.aggregation: FedDive: Aggregating updates from 3 clients (momentum=0.9).
2025-06-03 06:02:21,927 [INFO] src.federated.aggregation: FedDive: Aggregation complete.
2025-06-03 06:02:21,929 [INFO] src.federated.server: Global model updated with aggregated parameters.
2025-06-03 06:02:21,929 [INFO] src.federated.server: Evaluating updated global model...
2025-06-03 06:02:21,934 [INFO] src.federated.server: Round 5 completed in 0.20s. Eval Metrics: {'loss': 0.16557800769805908, 'accuracy': 0.956140350877193}
2025-06-03 06:02:21,935 [INFO] src.federated.server: Federated training process completed after 5 rounds.
2025-06-03 06:02:21,935 [INFO] BC_ExperimentRunner: ========== Finished BC_MLP_FedDive_IID_FullFeat ==========

2025-06-03 06:02:21,935 [INFO] BC_ExperimentRunner: ========== Starting BC_MLP_FedDive_NonIID_a0.3_FullFeat ==========
2025-06-03 06:02:21,935 [INFO] BC_ExperimentRunner: --- Setting up experiment: BC_MLP_FedDive_NonIID_a0.3_FullFeat for dataset breast_cancer ---
2025-06-03 06:02:21,936 [INFO] src.utils.data_utils: Set all random seeds to 42
2025-06-03 06:02:21,936 [INFO] BC_ExperimentRunner: Experiment 'BC_MLP_FedDive_NonIID_a0.3_FullFeat' will use tensor_dtype: torch.float32
2025-06-03 06:02:21,936 [INFO] src.utils.data_utils: Loading dataset: breast_cancer, PCA features=None, Scaling=standard, Subset size=None, Dtype=torch.float32
2025-06-03 06:02:21,937 [INFO] src.utils.data_utils: Set all random seeds to 42
2025-06-03 06:02:21,949 [INFO] src.utils.data_utils: Data preparation complete for 'breast_cancer'. Train size: 455, Test size: 114, Features: 30, Classes: 2
2025-06-03 06:02:21,958 [INFO] BC_ExperimentRunner: Successfully loaded configuration from /home/dhanraj/quantum_federated_simulator/configs/federated/server_config.yaml
2025-06-03 06:02:21,963 [INFO] BC_ExperimentRunner: Successfully loaded configuration from /home/dhanraj/quantum_federated_simulator/configs/federated/client_config.yaml
2025-06-03 06:02:21,969 [INFO] BC_ExperimentRunner: Successfully loaded configuration from /home/dhanraj/quantum_federated_simulator/configs/federated/default_aggregation.yaml
2025-06-03 06:02:21,971 [INFO] BC_ExperimentRunner: Creating model of type: classical_mlp with n_features=30, n_classes=2, initial_dtype_request=torch.float32
2025-06-03 06:02:21,972 [INFO] BC_ExperimentRunner: Model 'classical_mlp' parameters set to dtype: torch.float32
2025-06-03 06:02:21,973 [INFO] src.federated.aggregation: Creating aggregation strategy of type: feddive
2025-06-03 06:02:21,973 [INFO] src.federated.aggregation: FedDive parameters: momentum=0.9, epsilon=1e-08, temperature=1.0, normalize_distances=True
2025-06-03 06:02:21,973 [INFO] BC_ExperimentRunner: Using aggregation strategy: FedDive (base: FedDive)
2025-06-03 06:02:21,976 [INFO] src.federated.server: Federated server initialized on device 'cuda' with aggregation strategy: FedDive
2025-06-03 06:02:21,976 [INFO] BC_ExperimentRunner: Creating model of type: classical_mlp with n_features=30, n_classes=2, initial_dtype_request=torch.float32
2025-06-03 06:02:21,977 [INFO] BC_ExperimentRunner: Model 'classical_mlp' parameters set to dtype: torch.float32
2025-06-03 06:02:21,980 [INFO] src.federated.client: Client classical_mlp_client_0 initialized on device 'cuda' with 11 samples.
2025-06-03 06:02:21,980 [INFO] BC_ExperimentRunner: Creating model of type: classical_mlp with n_features=30, n_classes=2, initial_dtype_request=torch.float32
2025-06-03 06:02:21,981 [INFO] BC_ExperimentRunner: Model 'classical_mlp' parameters set to dtype: torch.float32
2025-06-03 06:02:21,983 [INFO] src.federated.client: Client classical_mlp_client_1 initialized on device 'cuda' with 357 samples.
2025-06-03 06:02:21,983 [INFO] BC_ExperimentRunner: Creating model of type: classical_mlp with n_features=30, n_classes=2, initial_dtype_request=torch.float32
2025-06-03 06:02:21,984 [INFO] BC_ExperimentRunner: Model 'classical_mlp' parameters set to dtype: torch.float32
2025-06-03 06:02:21,986 [INFO] src.federated.client: Client classical_mlp_client_2 initialized on device 'cuda' with 2 samples.
2025-06-03 06:02:21,986 [INFO] BC_ExperimentRunner: Creating model of type: classical_mlp with n_features=30, n_classes=2, initial_dtype_request=torch.float32
2025-06-03 06:02:21,987 [INFO] BC_ExperimentRunner: Model 'classical_mlp' parameters set to dtype: torch.float32
2025-06-03 06:02:21,989 [INFO] src.federated.client: Client classical_mlp_client_3 initialized on device 'cuda' with 7 samples.
2025-06-03 06:02:21,989 [INFO] BC_ExperimentRunner: Creating model of type: classical_mlp with n_features=30, n_classes=2, initial_dtype_request=torch.float32
2025-06-03 06:02:21,990 [INFO] BC_ExperimentRunner: Model 'classical_mlp' parameters set to dtype: torch.float32
2025-06-03 06:02:21,992 [INFO] src.federated.client: Client classical_mlp_client_4 initialized on device 'cuda' with 78 samples.
2025-06-03 06:02:21,992 [INFO] src.federated.server: Registered client 'classical_mlp_client_0'. Total clients: 1.
2025-06-03 06:02:21,992 [INFO] src.federated.server: Registered client 'classical_mlp_client_1'. Total clients: 2.
2025-06-03 06:02:21,993 [INFO] src.federated.server: Registered client 'classical_mlp_client_2'. Total clients: 3.
2025-06-03 06:02:21,993 [INFO] src.federated.server: Registered client 'classical_mlp_client_3'. Total clients: 4.
2025-06-03 06:02:21,993 [INFO] src.federated.server: Registered client 'classical_mlp_client_4'. Total clients: 5.
2025-06-03 06:02:21,993 [INFO] BC_ExperimentRunner: --- Scenario setup complete for BC_MLP_FedDive_NonIID_a0.3_FullFeat ---
2025-06-03 06:02:21,994 [INFO] src.federated.server: Starting federated training process for 5 rounds.
2025-06-03 06:02:21,994 [INFO] src.federated.server: Config: local_epochs=3, client_fraction=0.1, min_clients=3, FedProx mu=0.0
2025-06-03 06:02:21,994 [INFO] src.federated.server: Performing initial evaluation of global model...
2025-06-03 06:02:21,998 [INFO] src.federated.server: Initial Evaluation Metrics: {'loss': 0.7107932567596436, 'accuracy': 0.40350877192982454}
2025-06-03 06:02:21,999 [INFO] src.federated.server: ===== Starting Round 1/5 =====
2025-06-03 06:02:21,999 [INFO] src.federated.server: Starting federated training round...
2025-06-03 06:02:21,999 [INFO] src.federated.server: Selected 3 clients out of 5 available (fraction=0.1, min_clients=3): ['classical_mlp_client_1', 'classical_mlp_client_4', 'classical_mlp_client_3']
2025-06-03 06:02:22,002 [INFO] src.federated.client: Client classical_mlp_client_1: Starting local training for 3 epochs. Proximal term mu=0.0.
2025-06-03 06:02:22,076 [INFO] src.federated.client: Client classical_mlp_client_1 - Epoch 1/3 completed. Average Loss: 0.6472
2025-06-03 06:02:22,148 [INFO] src.federated.client: Client classical_mlp_client_1 - Epoch 2/3 completed. Average Loss: 0.5018
2025-06-03 06:02:22,215 [INFO] src.federated.client: Client classical_mlp_client_1 - Epoch 3/3 completed. Average Loss: 0.3288
2025-06-03 06:02:22,216 [INFO] src.federated.client: Client classical_mlp_client_1: Local training finished. Processed 1071 samples.
2025-06-03 06:02:22,217 [INFO] src.federated.client: Client classical_mlp_client_4: Starting local training for 3 epochs. Proximal term mu=0.0.
2025-06-03 06:02:22,237 [INFO] src.federated.client: Client classical_mlp_client_4 - Epoch 1/3 completed. Average Loss: 0.7094
2025-06-03 06:02:22,253 [INFO] src.federated.client: Client classical_mlp_client_4 - Epoch 2/3 completed. Average Loss: 0.6597
2025-06-03 06:02:22,274 [INFO] src.federated.client: Client classical_mlp_client_4 - Epoch 3/3 completed. Average Loss: 0.6198
2025-06-03 06:02:22,276 [INFO] src.federated.client: Client classical_mlp_client_4: Local training finished. Processed 234 samples.
2025-06-03 06:02:22,278 [INFO] src.federated.client: Client classical_mlp_client_3: Starting local training for 3 epochs. Proximal term mu=0.0.
2025-06-03 06:02:22,286 [INFO] src.federated.client: Client classical_mlp_client_3 - Epoch 1/3 completed. Average Loss: 0.6567
2025-06-03 06:02:22,293 [INFO] src.federated.client: Client classical_mlp_client_3 - Epoch 2/3 completed. Average Loss: 0.6351
2025-06-03 06:02:22,300 [INFO] src.federated.client: Client classical_mlp_client_3 - Epoch 3/3 completed. Average Loss: 0.6149
2025-06-03 06:02:22,302 [INFO] src.federated.client: Client classical_mlp_client_3: Local training finished. Processed 21 samples.
2025-06-03 06:02:22,302 [INFO] src.federated.server: Aggregating updates from 3 clients using FedDive.
2025-06-03 06:02:22,303 [INFO] src.federated.aggregation: FedDive: Aggregating updates from 3 clients (momentum=0.9).
2025-06-03 06:02:22,303 [INFO] src.federated.aggregation: FedDive: Initializing velocity and previous parameters.
2025-06-03 06:02:22,306 [INFO] src.federated.aggregation: FedDive: Aggregation complete.
2025-06-03 06:02:22,307 [INFO] src.federated.server: Global model updated with aggregated parameters.
2025-06-03 06:02:22,307 [INFO] src.federated.server: Evaluating updated global model...
2025-06-03 06:02:22,312 [INFO] src.federated.server: Round 1 completed in 0.31s. Eval Metrics: {'loss': 0.33950769901275635, 'accuracy': 0.9385964912280702}
2025-06-03 06:02:22,312 [INFO] src.federated.server: ===== Starting Round 2/5 =====
2025-06-03 06:02:22,313 [INFO] src.federated.server: Starting federated training round...
2025-06-03 06:02:22,315 [INFO] src.federated.server: Selected 3 clients out of 5 available (fraction=0.1, min_clients=3): ['classical_mlp_client_2', 'classical_mlp_client_4', 'classical_mlp_client_0']
2025-06-03 06:02:22,318 [INFO] src.federated.client: Client classical_mlp_client_2: Starting local training for 3 epochs. Proximal term mu=0.0.
2025-06-03 06:02:22,326 [INFO] src.federated.client: Client classical_mlp_client_2 - Epoch 1/3 completed. Average Loss: 0.6618
2025-06-03 06:02:22,333 [INFO] src.federated.client: Client classical_mlp_client_2 - Epoch 2/3 completed. Average Loss: 0.6395
2025-06-03 06:02:22,341 [INFO] src.federated.client: Client classical_mlp_client_2 - Epoch 3/3 completed. Average Loss: 0.6180
2025-06-03 06:02:22,342 [INFO] src.federated.client: Client classical_mlp_client_2: Local training finished. Processed 6 samples.
2025-06-03 06:02:22,345 [INFO] src.federated.client: Client classical_mlp_client_4: Starting local training for 3 epochs. Proximal term mu=0.0.
2025-06-03 06:02:22,364 [INFO] src.federated.client: Client classical_mlp_client_4 - Epoch 1/3 completed. Average Loss: 0.3739
2025-06-03 06:02:22,382 [INFO] src.federated.client: Client classical_mlp_client_4 - Epoch 2/3 completed. Average Loss: 0.3373
2025-06-03 06:02:22,399 [INFO] src.federated.client: Client classical_mlp_client_4 - Epoch 3/3 completed. Average Loss: 0.3001
2025-06-03 06:02:22,401 [INFO] src.federated.client: Client classical_mlp_client_4: Local training finished. Processed 234 samples.
2025-06-03 06:02:22,402 [INFO] src.federated.client: Client classical_mlp_client_0: Starting local training for 3 epochs. Proximal term mu=0.0.
2025-06-03 06:02:22,409 [INFO] src.federated.client: Client classical_mlp_client_0 - Epoch 1/3 completed. Average Loss: 0.3387
2025-06-03 06:02:22,414 [INFO] src.federated.client: Client classical_mlp_client_0 - Epoch 2/3 completed. Average Loss: 0.3106
2025-06-03 06:02:22,420 [INFO] src.federated.client: Client classical_mlp_client_0 - Epoch 3/3 completed. Average Loss: 0.2853
2025-06-03 06:02:22,421 [INFO] src.federated.client: Client classical_mlp_client_0: Local training finished. Processed 33 samples.
2025-06-03 06:02:22,421 [INFO] src.federated.server: Aggregating updates from 3 clients using FedDive.
2025-06-03 06:02:22,422 [INFO] src.federated.aggregation: FedDive: Aggregating updates from 3 clients (momentum=0.9).
2025-06-03 06:02:22,425 [INFO] src.federated.aggregation: FedDive: Aggregation complete.
2025-06-03 06:02:22,426 [INFO] src.federated.server: Global model updated with aggregated parameters.
2025-06-03 06:02:22,427 [INFO] src.federated.server: Evaluating updated global model...
2025-06-03 06:02:22,431 [INFO] src.federated.server: Round 2 completed in 0.12s. Eval Metrics: {'loss': 0.29483333230018616, 'accuracy': 0.9210526315789473}
2025-06-03 06:02:22,431 [INFO] src.federated.server: ===== Starting Round 3/5 =====
2025-06-03 06:02:22,432 [INFO] src.federated.server: Starting federated training round...
2025-06-03 06:02:22,432 [INFO] src.federated.server: Selected 3 clients out of 5 available (fraction=0.1, min_clients=3): ['classical_mlp_client_1', 'classical_mlp_client_0', 'classical_mlp_client_2']
2025-06-03 06:02:22,435 [INFO] src.federated.client: Client classical_mlp_client_1: Starting local training for 3 epochs. Proximal term mu=0.0.
2025-06-03 06:02:22,504 [INFO] src.federated.client: Client classical_mlp_client_1 - Epoch 1/3 completed. Average Loss: 0.2129
2025-06-03 06:02:22,571 [INFO] src.federated.client: Client classical_mlp_client_1 - Epoch 2/3 completed. Average Loss: 0.1282
2025-06-03 06:02:22,645 [INFO] src.federated.client: Client classical_mlp_client_1 - Epoch 3/3 completed. Average Loss: 0.0938
2025-06-03 06:02:22,646 [INFO] src.federated.client: Client classical_mlp_client_1: Local training finished. Processed 1071 samples.
2025-06-03 06:02:22,647 [INFO] src.federated.client: Client classical_mlp_client_0: Starting local training for 3 epochs. Proximal term mu=0.0.
2025-06-03 06:02:22,654 [INFO] src.federated.client: Client classical_mlp_client_0 - Epoch 1/3 completed. Average Loss: 0.2097
2025-06-03 06:02:22,662 [INFO] src.federated.client: Client classical_mlp_client_0 - Epoch 2/3 completed. Average Loss: 0.1919
2025-06-03 06:02:22,669 [INFO] src.federated.client: Client classical_mlp_client_0 - Epoch 3/3 completed. Average Loss: 0.1761
2025-06-03 06:02:22,671 [INFO] src.federated.client: Client classical_mlp_client_0: Local training finished. Processed 33 samples.
2025-06-03 06:02:22,673 [INFO] src.federated.client: Client classical_mlp_client_2: Starting local training for 3 epochs. Proximal term mu=0.0.
2025-06-03 06:02:22,680 [INFO] src.federated.client: Client classical_mlp_client_2 - Epoch 1/3 completed. Average Loss: 0.7098
2025-06-03 06:02:22,687 [INFO] src.federated.client: Client classical_mlp_client_2 - Epoch 2/3 completed. Average Loss: 0.6856
2025-06-03 06:02:22,695 [INFO] src.federated.client: Client classical_mlp_client_2 - Epoch 3/3 completed. Average Loss: 0.6612
2025-06-03 06:02:22,697 [INFO] src.federated.client: Client classical_mlp_client_2: Local training finished. Processed 6 samples.
2025-06-03 06:02:22,697 [INFO] src.federated.server: Aggregating updates from 3 clients using FedDive.
2025-06-03 06:02:22,698 [INFO] src.federated.aggregation: FedDive: Aggregating updates from 3 clients (momentum=0.9).
2025-06-03 06:02:22,702 [INFO] src.federated.aggregation: FedDive: Aggregation complete.
2025-06-03 06:02:22,703 [INFO] src.federated.server: Global model updated with aggregated parameters.
2025-06-03 06:02:22,704 [INFO] src.federated.server: Evaluating updated global model...
2025-06-03 06:02:22,709 [INFO] src.federated.server: Round 3 completed in 0.28s. Eval Metrics: {'loss': 0.12787452340126038, 'accuracy': 0.956140350877193}
2025-06-03 06:02:22,710 [INFO] src.federated.server: ===== Starting Round 4/5 =====
2025-06-03 06:02:22,710 [INFO] src.federated.server: Starting federated training round...
2025-06-03 06:02:22,711 [INFO] src.federated.server: Selected 3 clients out of 5 available (fraction=0.1, min_clients=3): ['classical_mlp_client_1', 'classical_mlp_client_3', 'classical_mlp_client_4']
2025-06-03 06:02:22,716 [INFO] src.federated.client: Client classical_mlp_client_1: Starting local training for 3 epochs. Proximal term mu=0.0.
2025-06-03 06:02:22,783 [INFO] src.federated.client: Client classical_mlp_client_1 - Epoch 1/3 completed. Average Loss: 0.0909
2025-06-03 06:02:22,846 [INFO] src.federated.client: Client classical_mlp_client_1 - Epoch 2/3 completed. Average Loss: 0.0746
2025-06-03 06:02:22,915 [INFO] src.federated.client: Client classical_mlp_client_1 - Epoch 3/3 completed. Average Loss: 0.0646
2025-06-03 06:02:22,916 [INFO] src.federated.client: Client classical_mlp_client_1: Local training finished. Processed 1071 samples.
2025-06-03 06:02:22,917 [INFO] src.federated.client: Client classical_mlp_client_3: Starting local training for 3 epochs. Proximal term mu=0.0.
2025-06-03 06:02:22,922 [INFO] src.federated.client: Client classical_mlp_client_3 - Epoch 1/3 completed. Average Loss: 0.0430
2025-06-03 06:02:22,929 [INFO] src.federated.client: Client classical_mlp_client_3 - Epoch 2/3 completed. Average Loss: 0.0354
2025-06-03 06:02:22,937 [INFO] src.federated.client: Client classical_mlp_client_3 - Epoch 3/3 completed. Average Loss: 0.0290
2025-06-03 06:02:22,939 [INFO] src.federated.client: Client classical_mlp_client_3: Local training finished. Processed 21 samples.
2025-06-03 06:02:22,942 [INFO] src.federated.client: Client classical_mlp_client_4: Starting local training for 3 epochs. Proximal term mu=0.0.
2025-06-03 06:02:22,959 [INFO] src.federated.client: Client classical_mlp_client_4 - Epoch 1/3 completed. Average Loss: 0.1803
2025-06-03 06:02:22,980 [INFO] src.federated.client: Client classical_mlp_client_4 - Epoch 2/3 completed. Average Loss: 0.1572
2025-06-03 06:02:22,998 [INFO] src.federated.client: Client classical_mlp_client_4 - Epoch 3/3 completed. Average Loss: 0.1356
2025-06-03 06:02:22,999 [INFO] src.federated.client: Client classical_mlp_client_4: Local training finished. Processed 234 samples.
2025-06-03 06:02:23,000 [INFO] src.federated.server: Aggregating updates from 3 clients using FedDive.
2025-06-03 06:02:23,000 [INFO] src.federated.aggregation: FedDive: Aggregating updates from 3 clients (momentum=0.9).
2025-06-03 06:02:23,003 [INFO] src.federated.aggregation: FedDive: Aggregation complete.
2025-06-03 06:02:23,004 [INFO] src.federated.server: Global model updated with aggregated parameters.
2025-06-03 06:02:23,004 [INFO] src.federated.server: Evaluating updated global model...
2025-06-03 06:02:23,009 [INFO] src.federated.server: Round 4 completed in 0.30s. Eval Metrics: {'loss': 0.09547439217567444, 'accuracy': 0.9649122807017544}
2025-06-03 06:02:23,009 [INFO] src.federated.server: ===== Starting Round 5/5 =====
2025-06-03 06:02:23,009 [INFO] src.federated.server: Starting federated training round...
2025-06-03 06:02:23,009 [INFO] src.federated.server: Selected 3 clients out of 5 available (fraction=0.1, min_clients=3): ['classical_mlp_client_2', 'classical_mlp_client_0', 'classical_mlp_client_1']
2025-06-03 06:02:23,011 [INFO] src.federated.client: Client classical_mlp_client_2: Starting local training for 3 epochs. Proximal term mu=0.0.
2025-06-03 06:02:23,018 [INFO] src.federated.client: Client classical_mlp_client_2 - Epoch 1/3 completed. Average Loss: 0.5212
2025-06-03 06:02:23,026 [INFO] src.federated.client: Client classical_mlp_client_2 - Epoch 2/3 completed. Average Loss: 0.4685
2025-06-03 06:02:23,034 [INFO] src.federated.client: Client classical_mlp_client_2 - Epoch 3/3 completed. Average Loss: 0.4172
2025-06-03 06:02:23,035 [INFO] src.federated.client: Client classical_mlp_client_2: Local training finished. Processed 6 samples.
2025-06-03 06:02:23,036 [INFO] src.federated.client: Client classical_mlp_client_0: Starting local training for 3 epochs. Proximal term mu=0.0.
2025-06-03 06:02:23,043 [INFO] src.federated.client: Client classical_mlp_client_0 - Epoch 1/3 completed. Average Loss: 0.0737
2025-06-03 06:02:23,050 [INFO] src.federated.client: Client classical_mlp_client_0 - Epoch 2/3 completed. Average Loss: 0.0595
2025-06-03 06:02:23,056 [INFO] src.federated.client: Client classical_mlp_client_0 - Epoch 3/3 completed. Average Loss: 0.0476
2025-06-03 06:02:23,057 [INFO] src.federated.client: Client classical_mlp_client_0: Local training finished. Processed 33 samples.
2025-06-03 06:02:23,059 [INFO] src.federated.client: Client classical_mlp_client_1: Starting local training for 3 epochs. Proximal term mu=0.0.
2025-06-03 06:02:23,128 [INFO] src.federated.client: Client classical_mlp_client_1 - Epoch 1/3 completed. Average Loss: 0.0611
2025-06-03 06:02:23,200 [INFO] src.federated.client: Client classical_mlp_client_1 - Epoch 2/3 completed. Average Loss: 0.0560
2025-06-03 06:02:23,268 [INFO] src.federated.client: Client classical_mlp_client_1 - Epoch 3/3 completed. Average Loss: 0.0498
2025-06-03 06:02:23,270 [INFO] src.federated.client: Client classical_mlp_client_1: Local training finished. Processed 1071 samples.
2025-06-03 06:02:23,270 [INFO] src.federated.server: Aggregating updates from 3 clients using FedDive.
2025-06-03 06:02:23,270 [INFO] src.federated.aggregation: FedDive: Aggregating updates from 3 clients (momentum=0.9).
2025-06-03 06:02:23,272 [INFO] src.federated.aggregation: FedDive: Aggregation complete.
2025-06-03 06:02:23,274 [INFO] src.federated.server: Global model updated with aggregated parameters.
2025-06-03 06:02:23,274 [INFO] src.federated.server: Evaluating updated global model...
2025-06-03 06:02:23,277 [INFO] src.federated.server: Round 5 completed in 0.27s. Eval Metrics: {'loss': 0.08516411483287811, 'accuracy': 0.956140350877193}
2025-06-03 06:02:23,278 [INFO] src.federated.server: Federated training process completed after 5 rounds.
2025-06-03 06:02:23,278 [INFO] BC_ExperimentRunner: ========== Finished BC_MLP_FedDive_NonIID_a0.3_FullFeat ==========

2025-06-03 06:02:23,278 [INFO] BC_ExperimentRunner: ========== Starting BC_VQC_FedAvg_IID_PCA4_L2_Basic ==========
2025-06-03 06:02:23,279 [INFO] BC_ExperimentRunner: --- Setting up experiment: BC_VQC_FedAvg_IID_PCA4_L2_Basic for dataset breast_cancer ---
2025-06-03 06:02:23,280 [INFO] src.utils.data_utils: Set all random seeds to 42
2025-06-03 06:02:23,280 [INFO] BC_ExperimentRunner: Experiment 'BC_VQC_FedAvg_IID_PCA4_L2_Basic' will use tensor_dtype: torch.float32
2025-06-03 06:02:23,280 [INFO] src.utils.data_utils: Loading dataset: breast_cancer, PCA features=4, Scaling=minmax, Subset size=None, Dtype=torch.float32
2025-06-03 06:02:23,281 [INFO] src.utils.data_utils: Set all random seeds to 42
2025-06-03 06:02:23,299 [INFO] src.utils.data_utils: Applying PCA to reduce features to 4
2025-06-03 06:02:23,306 [INFO] src.utils.data_utils: PCA applied. New feature count: 4. Explained variance: 0.8393
2025-06-03 06:02:23,307 [INFO] src.utils.data_utils: Data preparation complete for 'breast_cancer'. Train size: 455, Test size: 114, Features: 4, Classes: 2
2025-06-03 06:02:23,314 [INFO] BC_ExperimentRunner: Successfully loaded configuration from /home/dhanraj/quantum_federated_simulator/configs/federated/server_config.yaml
2025-06-03 06:02:23,320 [INFO] BC_ExperimentRunner: Successfully loaded configuration from /home/dhanraj/quantum_federated_simulator/configs/federated/client_config.yaml
2025-06-03 06:02:23,327 [INFO] BC_ExperimentRunner: Successfully loaded configuration from /home/dhanraj/quantum_federated_simulator/configs/federated/default_aggregation.yaml
2025-06-03 06:02:23,328 [INFO] BC_ExperimentRunner: Creating model of type: vqc with n_features=4, n_classes=2, initial_dtype_request=torch.float32
2025-06-03 06:02:23,328 [INFO] src.quantum.models: Initializing VQC (TorchLayer): qubits=4, layers=2, circuit='basic', device='lightning.qubit', shots=None, diff_method='best'
2025-06-03 06:02:23,409 [INFO] src.quantum.circuits: Creating basic circuit with 4 qubits, 2 layers.
2025-06-03 06:02:23,410 [INFO] src.quantum.circuits: Basic circuit expects 24 trainable parameters.
2025-06-03 06:02:23,410 [INFO] src.quantum.models: VQC circuit requires 24 parameters.
2025-06-03 06:02:23,410 [INFO] src.quantum.models: VariationalQuantumClassifier: Using 'lightning.qubit' with no shots. Defaulting to 'adjoint'.
2025-06-03 06:02:23,410 [INFO] src.quantum.models: VariationalQuantumClassifier attempting to use differentiation method: adjoint
2025-06-03 06:02:23,441 [INFO] src.quantum.models: VQC raw circuit output dimension: 4
2025-06-03 06:02:23,441 [INFO] src.quantum.models: VQC: Added Linear head: 4 -> 2 logits for CrossEntropyLoss.
2025-06-03 06:02:23,442 [INFO] src.federated.aggregation: Creating aggregation strategy of type: fedavg
2025-06-03 06:02:23,443 [INFO] BC_ExperimentRunner: Using aggregation strategy: QuantumAggregationStrategy (base: FedAvg)
2025-06-03 06:02:23,443 [INFO] src.core.quantum_manager: QuantumServer: Initializing with global model type 'vqc'.
2025-06-03 06:02:23,445 [INFO] src.federated.server: Federated server initialized on device 'cuda' with aggregation strategy: QuantumAggregationStrategy
2025-06-03 06:02:23,445 [INFO] BC_ExperimentRunner: Creating model of type: vqc with n_features=4, n_classes=2, initial_dtype_request=torch.float32
2025-06-03 06:02:23,446 [INFO] src.quantum.models: Initializing VQC (TorchLayer): qubits=4, layers=2, circuit='basic', device='lightning.qubit', shots=None, diff_method='best'
2025-06-03 06:02:23,446 [INFO] src.quantum.circuits: Creating basic circuit with 4 qubits, 2 layers.
2025-06-03 06:02:23,447 [INFO] src.quantum.circuits: Basic circuit expects 24 trainable parameters.
2025-06-03 06:02:23,447 [INFO] src.quantum.models: VQC circuit requires 24 parameters.
2025-06-03 06:02:23,447 [INFO] src.quantum.models: VariationalQuantumClassifier: Using 'lightning.qubit' with no shots. Defaulting to 'adjoint'.
2025-06-03 06:02:23,447 [INFO] src.quantum.models: VariationalQuantumClassifier attempting to use differentiation method: adjoint
2025-06-03 06:02:23,494 [INFO] src.quantum.models: VQC raw circuit output dimension: 4
2025-06-03 06:02:23,495 [INFO] src.quantum.models: VQC: Added Linear head: 4 -> 2 logits for CrossEntropyLoss.
2025-06-03 06:02:23,495 [INFO] src.core.quantum_client: QuantumClient vqc_client_0: Initializing with model type 'vqc'.
2025-06-03 06:02:23,496 [INFO] src.federated.client: Client vqc_client_0 initialized on device 'cuda' with 151 samples.
2025-06-03 06:02:23,496 [INFO] BC_ExperimentRunner: Creating model of type: vqc with n_features=4, n_classes=2, initial_dtype_request=torch.float32
2025-06-03 06:02:23,497 [INFO] src.quantum.models: Initializing VQC (TorchLayer): qubits=4, layers=2, circuit='basic', device='lightning.qubit', shots=None, diff_method='best'
2025-06-03 06:02:23,497 [INFO] src.quantum.circuits: Creating basic circuit with 4 qubits, 2 layers.
2025-06-03 06:02:23,497 [INFO] src.quantum.circuits: Basic circuit expects 24 trainable parameters.
2025-06-03 06:02:23,497 [INFO] src.quantum.models: VQC circuit requires 24 parameters.
2025-06-03 06:02:23,498 [INFO] src.quantum.models: VariationalQuantumClassifier: Using 'lightning.qubit' with no shots. Defaulting to 'adjoint'.
2025-06-03 06:02:23,498 [INFO] src.quantum.models: VariationalQuantumClassifier attempting to use differentiation method: adjoint
2025-06-03 06:02:23,519 [INFO] src.quantum.models: VQC raw circuit output dimension: 4
2025-06-03 06:02:23,522 [INFO] src.quantum.models: VQC: Added Linear head: 4 -> 2 logits for CrossEntropyLoss.
2025-06-03 06:02:23,522 [INFO] src.core.quantum_client: QuantumClient vqc_client_1: Initializing with model type 'vqc'.
2025-06-03 06:02:23,524 [INFO] src.federated.client: Client vqc_client_1 initialized on device 'cuda' with 151 samples.
2025-06-03 06:02:23,524 [INFO] BC_ExperimentRunner: Creating model of type: vqc with n_features=4, n_classes=2, initial_dtype_request=torch.float32
2025-06-03 06:02:23,524 [INFO] src.quantum.models: Initializing VQC (TorchLayer): qubits=4, layers=2, circuit='basic', device='lightning.qubit', shots=None, diff_method='best'
2025-06-03 06:02:23,525 [INFO] src.quantum.circuits: Creating basic circuit with 4 qubits, 2 layers.
2025-06-03 06:02:23,525 [INFO] src.quantum.circuits: Basic circuit expects 24 trainable parameters.
2025-06-03 06:02:23,525 [INFO] src.quantum.models: VQC circuit requires 24 parameters.
2025-06-03 06:02:23,526 [INFO] src.quantum.models: VariationalQuantumClassifier: Using 'lightning.qubit' with no shots. Defaulting to 'adjoint'.
2025-06-03 06:02:23,526 [INFO] src.quantum.models: VariationalQuantumClassifier attempting to use differentiation method: adjoint
2025-06-03 06:02:23,554 [INFO] src.quantum.models: VQC raw circuit output dimension: 4
2025-06-03 06:02:23,554 [INFO] src.quantum.models: VQC: Added Linear head: 4 -> 2 logits for CrossEntropyLoss.
2025-06-03 06:02:23,555 [INFO] src.core.quantum_client: QuantumClient vqc_client_2: Initializing with model type 'vqc'.
2025-06-03 06:02:23,556 [INFO] src.federated.client: Client vqc_client_2 initialized on device 'cuda' with 153 samples.
2025-06-03 06:02:23,556 [INFO] src.federated.server: Registered client 'vqc_client_0'. Total clients: 1.
2025-06-03 06:02:23,556 [INFO] src.federated.server: Registered client 'vqc_client_1'. Total clients: 2.
2025-06-03 06:02:23,556 [INFO] src.federated.server: Registered client 'vqc_client_2'. Total clients: 3.
2025-06-03 06:02:23,557 [INFO] BC_ExperimentRunner: --- Scenario setup complete for BC_VQC_FedAvg_IID_PCA4_L2_Basic ---
2025-06-03 06:02:23,557 [INFO] src.federated.server: Starting federated training process for 5 rounds.
2025-06-03 06:02:23,557 [INFO] src.federated.server: Config: local_epochs=3, client_fraction=0.1, min_clients=3, FedProx mu=0.0
2025-06-03 06:02:23,558 [INFO] src.federated.server: Performing initial evaluation of global model...
2025-06-03 06:02:23,558 [INFO] src.core.quantum_manager: Server: Starting evaluation of global model (type: vqc).
2025-06-03 06:02:25,044 [INFO] src.core.quantum_manager: Evaluation results: Loss=0.6952, Accuracy=0.4298
2025-06-03 06:02:25,045 [INFO] src.federated.server: Initial Evaluation Metrics: {'loss': 0.6951935155349865, 'accuracy': 0.4298245614035088}
2025-06-03 06:02:25,045 [INFO] src.federated.server: ===== Starting Round 1/5 =====
2025-06-03 06:02:25,045 [INFO] src.federated.server: Starting federated training round...
2025-06-03 06:02:25,045 [INFO] src.federated.server: Selected 3 clients out of 3 available (fraction=0.1, min_clients=3): ['vqc_client_2', 'vqc_client_0', 'vqc_client_1']
2025-06-03 06:02:25,047 [INFO] src.core.quantum_client: Client vqc_client_2: Starting local training for 3 epochs (model type: vqc). Proximal term mu=0.0.
2025-06-03 06:02:25,048 [INFO] src.federated.client: Client vqc_client_2: Starting local training for 3 epochs. Proximal term mu=0.0.
2025-06-03 06:02:42,345 [INFO] src.federated.client: Client vqc_client_2 - Epoch 1/3 completed. Average Loss: 0.6858
2025-06-03 06:02:57,092 [INFO] src.federated.client: Client vqc_client_2 - Epoch 2/3 completed. Average Loss: 0.6605
2025-06-03 06:03:14,091 [INFO] src.federated.client: Client vqc_client_2 - Epoch 3/3 completed. Average Loss: 0.6349
2025-06-03 06:03:14,092 [INFO] src.federated.client: Client vqc_client_2: Local training finished. Processed 459 samples.
2025-06-03 06:03:14,097 [INFO] src.core.quantum_client: Client vqc_client_0: Starting local training for 3 epochs (model type: vqc). Proximal term mu=0.0.
2025-06-03 06:03:14,097 [INFO] src.federated.client: Client vqc_client_0: Starting local training for 3 epochs. Proximal term mu=0.0.
2025-06-03 06:03:28,291 [INFO] src.federated.client: Client vqc_client_0 - Epoch 1/3 completed. Average Loss: 0.6855
2025-06-03 06:03:42,092 [INFO] src.federated.client: Client vqc_client_0 - Epoch 2/3 completed. Average Loss: 0.6584
2025-06-03 06:03:58,676 [INFO] src.federated.client: Client vqc_client_0 - Epoch 3/3 completed. Average Loss: 0.6362
2025-06-03 06:03:58,677 [INFO] src.federated.client: Client vqc_client_0: Local training finished. Processed 453 samples.
2025-06-03 06:03:58,680 [INFO] src.core.quantum_client: Client vqc_client_1: Starting local training for 3 epochs (model type: vqc). Proximal term mu=0.0.
2025-06-03 06:03:58,681 [INFO] src.federated.client: Client vqc_client_1: Starting local training for 3 epochs. Proximal term mu=0.0.
2025-06-03 06:04:12,234 [INFO] src.federated.client: Client vqc_client_1 - Epoch 1/3 completed. Average Loss: 0.6850
2025-06-03 06:04:28,916 [INFO] src.federated.client: Client vqc_client_1 - Epoch 2/3 completed. Average Loss: 0.6633
2025-06-03 06:04:42,484 [INFO] src.federated.client: Client vqc_client_1 - Epoch 3/3 completed. Average Loss: 0.6450
2025-06-03 06:04:42,486 [INFO] src.federated.client: Client vqc_client_1: Local training finished. Processed 453 samples.
2025-06-03 06:04:42,489 [INFO] src.federated.server: Aggregating updates from 3 clients using QuantumAggregationStrategy.
2025-06-03 06:04:42,490 [INFO] src.core.quantum_manager: QuantumAggregationStrategy: Detected nn.Module (QNN/VQC/Hybrid) state_dict. Delegating to base strategy: FedAvg
2025-06-03 06:04:42,490 [INFO] src.federated.aggregation: FedAvg: Aggregating updates from 3 clients.
2025-06-03 06:04:42,491 [INFO] src.federated.aggregation: FedAvg: Aggregation complete.
2025-06-03 06:04:42,492 [INFO] src.federated.server: Global model updated with aggregated parameters.
2025-06-03 06:04:42,492 [INFO] src.federated.server: Evaluating updated global model...
2025-06-03 06:04:42,492 [INFO] src.core.quantum_manager: Server: Starting evaluation of global model (type: vqc).
2025-06-03 06:04:43,885 [INFO] src.core.quantum_manager: Evaluation results: Loss=0.6235, Accuracy=0.6404
2025-06-03 06:04:43,885 [INFO] src.federated.server: Round 1 completed in 138.84s. Eval Metrics: {'loss': 0.6234722628928068, 'accuracy': 0.6403508771929824}
2025-06-03 06:04:43,885 [INFO] src.federated.server: ===== Starting Round 2/5 =====
2025-06-03 06:04:43,886 [INFO] src.federated.server: Starting federated training round...
2025-06-03 06:04:43,886 [INFO] src.federated.server: Selected 3 clients out of 3 available (fraction=0.1, min_clients=3): ['vqc_client_2', 'vqc_client_1', 'vqc_client_0']
2025-06-03 06:04:43,888 [INFO] src.core.quantum_client: Client vqc_client_2: Starting local training for 3 epochs (model type: vqc). Proximal term mu=0.0.
2025-06-03 06:04:43,889 [INFO] src.federated.client: Client vqc_client_2: Starting local training for 3 epochs. Proximal term mu=0.0.
2025-06-03 06:05:00,934 [INFO] src.federated.client: Client vqc_client_2 - Epoch 1/3 completed. Average Loss: 0.6202
2025-06-03 06:05:15,809 [INFO] src.federated.client: Client vqc_client_2 - Epoch 2/3 completed. Average Loss: 0.6043
2025-06-03 06:05:30,469 [INFO] src.federated.client: Client vqc_client_2 - Epoch 3/3 completed. Average Loss: 0.5865
2025-06-03 06:05:30,471 [INFO] src.federated.client: Client vqc_client_2: Local training finished. Processed 459 samples.
2025-06-03 06:05:30,476 [INFO] src.core.quantum_client: Client vqc_client_1: Starting local training for 3 epochs (model type: vqc). Proximal term mu=0.0.
2025-06-03 06:05:30,476 [INFO] src.federated.client: Client vqc_client_1: Starting local training for 3 epochs. Proximal term mu=0.0.
2025-06-03 06:05:45,009 [INFO] src.federated.client: Client vqc_client_1 - Epoch 1/3 completed. Average Loss: 0.6268
2025-06-03 06:05:58,632 [INFO] src.federated.client: Client vqc_client_1 - Epoch 2/3 completed. Average Loss: 0.6117
2025-06-03 06:06:14,908 [INFO] src.federated.client: Client vqc_client_1 - Epoch 3/3 completed. Average Loss: 0.5970
2025-06-03 06:06:14,909 [INFO] src.federated.client: Client vqc_client_1: Local training finished. Processed 453 samples.
2025-06-03 06:06:14,912 [INFO] src.core.quantum_client: Client vqc_client_0: Starting local training for 3 epochs (model type: vqc). Proximal term mu=0.0.
2025-06-03 06:06:14,913 [INFO] src.federated.client: Client vqc_client_0: Starting local training for 3 epochs. Proximal term mu=0.0.
2025-06-03 06:06:28,497 [INFO] src.federated.client: Client vqc_client_0 - Epoch 1/3 completed. Average Loss: 0.6201
2025-06-03 06:06:45,392 [INFO] src.federated.client: Client vqc_client_0 - Epoch 2/3 completed. Average Loss: 0.6029
2025-06-03 06:07:00,338 [INFO] src.federated.client: Client vqc_client_0 - Epoch 3/3 completed. Average Loss: 0.5858
2025-06-03 06:07:00,340 [INFO] src.federated.client: Client vqc_client_0: Local training finished. Processed 453 samples.
2025-06-03 06:07:00,343 [INFO] src.federated.server: Aggregating updates from 3 clients using QuantumAggregationStrategy.
2025-06-03 06:07:00,344 [INFO] src.core.quantum_manager: QuantumAggregationStrategy: Detected nn.Module (QNN/VQC/Hybrid) state_dict. Delegating to base strategy: FedAvg
2025-06-03 06:07:00,344 [INFO] src.federated.aggregation: FedAvg: Aggregating updates from 3 clients.
2025-06-03 06:07:00,345 [INFO] src.federated.aggregation: FedAvg: Aggregation complete.
2025-06-03 06:07:00,347 [INFO] src.federated.server: Global model updated with aggregated parameters.
2025-06-03 06:07:00,347 [INFO] src.federated.server: Evaluating updated global model...
2025-06-03 06:07:00,347 [INFO] src.core.quantum_manager: Server: Starting evaluation of global model (type: vqc).
2025-06-03 06:07:01,718 [INFO] src.core.quantum_manager: Evaluation results: Loss=0.5722, Accuracy=0.6491
2025-06-03 06:07:01,719 [INFO] src.federated.server: Round 2 completed in 137.83s. Eval Metrics: {'loss': 0.5721591292766103, 'accuracy': 0.6491228070175439}
2025-06-03 06:07:01,719 [INFO] src.federated.server: ===== Starting Round 3/5 =====
2025-06-03 06:07:01,719 [INFO] src.federated.server: Starting federated training round...
2025-06-03 06:07:01,719 [INFO] src.federated.server: Selected 3 clients out of 3 available (fraction=0.1, min_clients=3): ['vqc_client_0', 'vqc_client_2', 'vqc_client_1']
2025-06-03 06:07:01,721 [INFO] src.core.quantum_client: Client vqc_client_0: Starting local training for 3 epochs (model type: vqc). Proximal term mu=0.0.
2025-06-03 06:07:01,722 [INFO] src.federated.client: Client vqc_client_0: Starting local training for 3 epochs. Proximal term mu=0.0.
2025-06-03 06:07:16,570 [INFO] src.federated.client: Client vqc_client_0 - Epoch 1/3 completed. Average Loss: 0.5714
2025-06-03 06:07:29,894 [INFO] src.federated.client: Client vqc_client_0 - Epoch 2/3 completed. Average Loss: 0.5563
2025-06-03 06:07:43,686 [INFO] src.federated.client: Client vqc_client_0 - Epoch 3/3 completed. Average Loss: 0.5405
2025-06-03 06:07:43,687 [INFO] src.federated.client: Client vqc_client_0: Local training finished. Processed 453 samples.
2025-06-03 06:07:43,691 [INFO] src.core.quantum_client: Client vqc_client_2: Starting local training for 3 epochs (model type: vqc). Proximal term mu=0.0.
2025-06-03 06:07:43,692 [INFO] src.federated.client: Client vqc_client_2: Starting local training for 3 epochs. Proximal term mu=0.0.
2025-06-03 06:08:00,119 [INFO] src.federated.client: Client vqc_client_2 - Epoch 1/3 completed. Average Loss: 0.5723
2025-06-03 06:08:13,540 [INFO] src.federated.client: Client vqc_client_2 - Epoch 2/3 completed. Average Loss: 0.5586
