2025-05-03 10:12:08,792 [INFO] ExperimentRunner: Starting All Experiments...
2025-05-03 10:12:08,793 [INFO] ExperimentRunner: Loading SMALL SUBSET of Iris data for testing...
2025-05-03 10:12:08,793 [INFO] src.utils.data_utils: Loading Iris data. Target features: None. Normalize: True
2025-05-03 10:12:08,800 [INFO] src.utils.data_utils: Using original 4 features (PCA not requested).
2025-05-03 10:12:08,800 [INFO] src.utils.data_utils: Applying MinMaxScaler to scale features to [-1, 1] range.
2025-05-03 10:12:08,809 [INFO] src.utils.data_utils: Iris data loaded. Train size: 112, Test size: 38, Features: 4
2025-05-03 10:12:08,813 [INFO] ExperimentRunner: Using subset: Train size=112, Test size=38
2025-05-03 10:12:08,813 [INFO] ExperimentRunner: ========== Starting Iris_MLP_FedAvg_IID ==========
2025-05-03 10:12:08,813 [INFO] ExperimentRunner: --- Setting up experiment: Iris_MLP_FedAvg_IID ---
2025-05-03 10:12:11,524 [INFO] src.utils.data_utils: Set random seed to 42
2025-05-03 10:12:11,532 [INFO] src.utils.data_utils: Successfully loaded configuration from /home/dhanraj/quantum_federated_simulator/configs/federated/server_config.yaml
2025-05-03 10:12:11,544 [INFO] src.utils.data_utils: Successfully loaded configuration from /home/dhanraj/quantum_federated_simulator/configs/federated/client_config.yaml
2025-05-03 10:12:11,550 [INFO] src.utils.data_utils: Successfully loaded configuration from /home/dhanraj/quantum_federated_simulator/configs/federated/default_aggregation.yaml
2025-05-03 10:12:11,551 [INFO] src.utils.data_utils: Partitioning data IID among 5 clients.
2025-05-03 10:12:11,551 [INFO] src.utils.data_utils: Data partitioning complete.
2025-05-03 10:12:11,552 [INFO] ExperimentRunner: Creating model of type: classical_mlp
2025-05-03 10:12:11,556 [INFO] src.federated.aggregation: Creating aggregation strategy of type: fedavg
2025-05-03 10:12:11,556 [INFO] ExperimentRunner: Using aggregation strategy: FedAvg
2025-05-03 10:12:12,701 [INFO] src.federated.server: Federated server initialized on device 'cuda' with aggregation strategy: FedAvg
2025-05-03 10:12:12,701 [INFO] ExperimentRunner: Creating model of type: classical_mlp
2025-05-03 10:12:12,706 [INFO] src.federated.client: Client classical_mlp_client_0 initialized on device 'cuda' with 23 samples.
2025-05-03 10:12:12,706 [INFO] src.federated.server: Registered client 'classical_mlp_client_0'. Total clients: 1.
2025-05-03 10:12:12,706 [INFO] ExperimentRunner: Creating model of type: classical_mlp
2025-05-03 10:12:12,709 [INFO] src.federated.client: Client classical_mlp_client_1 initialized on device 'cuda' with 23 samples.
2025-05-03 10:12:12,709 [INFO] src.federated.server: Registered client 'classical_mlp_client_1'. Total clients: 2.
2025-05-03 10:12:12,709 [INFO] ExperimentRunner: Creating model of type: classical_mlp
2025-05-03 10:12:12,712 [INFO] src.federated.client: Client classical_mlp_client_2 initialized on device 'cuda' with 22 samples.
2025-05-03 10:12:12,712 [INFO] src.federated.server: Registered client 'classical_mlp_client_2'. Total clients: 3.
2025-05-03 10:12:12,712 [INFO] ExperimentRunner: Creating model of type: classical_mlp
2025-05-03 10:12:12,715 [INFO] src.federated.client: Client classical_mlp_client_3 initialized on device 'cuda' with 22 samples.
2025-05-03 10:12:12,715 [INFO] src.federated.server: Registered client 'classical_mlp_client_3'. Total clients: 4.
2025-05-03 10:12:12,715 [INFO] ExperimentRunner: Creating model of type: classical_mlp
2025-05-03 10:12:12,717 [INFO] src.federated.client: Client classical_mlp_client_4 initialized on device 'cuda' with 22 samples.
2025-05-03 10:12:12,717 [INFO] src.federated.server: Registered client 'classical_mlp_client_4'. Total clients: 5.
2025-05-03 10:12:12,778 [INFO] ExperimentRunner: --- Scenario setup complete for Iris_MLP_FedAvg_IID ---
2025-05-03 10:12:12,778 [INFO] src.federated.server: Starting federated training process for 20 rounds.
2025-05-03 10:12:12,779 [INFO] src.federated.server: Config: local_epochs=5, client_fraction=0.1, min_clients=3, FedProx mu=0.0
2025-05-03 10:12:12,779 [INFO] src.federated.server: Performing initial evaluation of global model...
2025-05-03 10:12:13,199 [INFO] src.federated.server: Initial Evaluation Metrics: {'loss': 1.107144706056725, 'accuracy': 0.34210526315789475}
2025-05-03 10:12:13,200 [INFO] src.federated.server: ===== Starting Round 1/20 =====
2025-05-03 10:12:13,200 [INFO] src.federated.server: Starting federated training round...
2025-05-03 10:12:13,200 [INFO] src.federated.server: Selected 3 clients out of 5 available (fraction=0.1, min_clients=3): ['classical_mlp_client_0', 'classical_mlp_client_4', 'classical_mlp_client_2']
2025-05-03 10:12:13,202 [INFO] src.federated.client: Client classical_mlp_client_0: Starting local training for 5 epochs. Proximal term mu=0.0.
2025-05-03 10:12:13,500 [INFO] src.federated.client: Client classical_mlp_client_0 - Epoch 1/5 completed. Average Loss: 1.1131
2025-05-03 10:12:13,509 [INFO] src.federated.client: Client classical_mlp_client_0 - Epoch 2/5 completed. Average Loss: 1.0465
2025-05-03 10:12:13,517 [INFO] src.federated.client: Client classical_mlp_client_0 - Epoch 3/5 completed. Average Loss: 0.9749
2025-05-03 10:12:13,526 [INFO] src.federated.client: Client classical_mlp_client_0 - Epoch 4/5 completed. Average Loss: 0.8874
2025-05-03 10:12:13,533 [INFO] src.federated.client: Client classical_mlp_client_0 - Epoch 5/5 completed. Average Loss: 0.7921
2025-05-03 10:12:13,535 [INFO] src.federated.client: Client classical_mlp_client_0: Local training finished. Processed 115 samples.
2025-05-03 10:12:13,536 [INFO] src.federated.client: Client classical_mlp_client_4: Starting local training for 5 epochs. Proximal term mu=0.0.
2025-05-03 10:12:13,545 [INFO] src.federated.client: Client classical_mlp_client_4 - Epoch 1/5 completed. Average Loss: 1.0941
2025-05-03 10:12:13,551 [INFO] src.federated.client: Client classical_mlp_client_4 - Epoch 2/5 completed. Average Loss: 1.0462
2025-05-03 10:12:13,561 [INFO] src.federated.client: Client classical_mlp_client_4 - Epoch 3/5 completed. Average Loss: 0.9883
2025-05-03 10:12:13,569 [INFO] src.federated.client: Client classical_mlp_client_4 - Epoch 4/5 completed. Average Loss: 0.9138
2025-05-03 10:12:13,576 [INFO] src.federated.client: Client classical_mlp_client_4 - Epoch 5/5 completed. Average Loss: 0.8315
2025-05-03 10:12:13,577 [INFO] src.federated.client: Client classical_mlp_client_4: Local training finished. Processed 110 samples.
2025-05-03 10:12:13,579 [INFO] src.federated.client: Client classical_mlp_client_2: Starting local training for 5 epochs. Proximal term mu=0.0.
2025-05-03 10:12:13,589 [INFO] src.federated.client: Client classical_mlp_client_2 - Epoch 1/5 completed. Average Loss: 1.1296
2025-05-03 10:12:13,596 [INFO] src.federated.client: Client classical_mlp_client_2 - Epoch 2/5 completed. Average Loss: 1.0429
2025-05-03 10:12:13,605 [INFO] src.federated.client: Client classical_mlp_client_2 - Epoch 3/5 completed. Average Loss: 0.9450
2025-05-03 10:12:13,613 [INFO] src.federated.client: Client classical_mlp_client_2 - Epoch 4/5 completed. Average Loss: 0.8278
2025-05-03 10:12:13,622 [INFO] src.federated.client: Client classical_mlp_client_2 - Epoch 5/5 completed. Average Loss: 0.7051
2025-05-03 10:12:13,623 [INFO] src.federated.client: Client classical_mlp_client_2: Local training finished. Processed 110 samples.
2025-05-03 10:12:13,624 [INFO] src.federated.server: Aggregating updates from 3 clients using FedAvg.
2025-05-03 10:12:13,624 [INFO] src.federated.aggregation: FedAvg: Aggregating updates from 3 clients.
2025-05-03 10:12:13,626 [INFO] src.federated.aggregation: FedAvg: Aggregation complete.
2025-05-03 10:12:13,628 [INFO] src.federated.server: Global model updated with aggregated parameters.
2025-05-03 10:12:13,628 [INFO] src.federated.server: Evaluating updated global model...
2025-05-03 10:12:13,634 [INFO] src.federated.server: Round 1 completed in 0.43s. Eval Metrics: {'loss': 0.7696873981436673, 'accuracy': 0.6578947368421053}
2025-05-03 10:12:13,634 [INFO] src.federated.server: ===== Starting Round 2/20 =====
2025-05-03 10:12:13,634 [INFO] src.federated.server: Starting federated training round...
2025-05-03 10:12:13,635 [INFO] src.federated.server: Selected 3 clients out of 5 available (fraction=0.1, min_clients=3): ['classical_mlp_client_2', 'classical_mlp_client_1', 'classical_mlp_client_0']
2025-05-03 10:12:13,639 [INFO] src.federated.client: Client classical_mlp_client_2: Starting local training for 5 epochs. Proximal term mu=0.0.
2025-05-03 10:12:13,647 [INFO] src.federated.client: Client classical_mlp_client_2 - Epoch 1/5 completed. Average Loss: 0.6517
2025-05-03 10:12:13,653 [INFO] src.federated.client: Client classical_mlp_client_2 - Epoch 2/5 completed. Average Loss: 0.5287
2025-05-03 10:12:13,659 [INFO] src.federated.client: Client classical_mlp_client_2 - Epoch 3/5 completed. Average Loss: 0.4289
2025-05-03 10:12:13,667 [INFO] src.federated.client: Client classical_mlp_client_2 - Epoch 4/5 completed. Average Loss: 0.3625
2025-05-03 10:12:13,674 [INFO] src.federated.client: Client classical_mlp_client_2 - Epoch 5/5 completed. Average Loss: 0.3151
2025-05-03 10:12:13,677 [INFO] src.federated.client: Client classical_mlp_client_2: Local training finished. Processed 110 samples.
2025-05-03 10:12:13,679 [INFO] src.federated.client: Client classical_mlp_client_1: Starting local training for 5 epochs. Proximal term mu=0.0.
2025-05-03 10:12:13,689 [INFO] src.federated.client: Client classical_mlp_client_1 - Epoch 1/5 completed. Average Loss: 0.6916
2025-05-03 10:12:13,694 [INFO] src.federated.client: Client classical_mlp_client_1 - Epoch 2/5 completed. Average Loss: 0.5646
2025-05-03 10:12:13,701 [INFO] src.federated.client: Client classical_mlp_client_1 - Epoch 3/5 completed. Average Loss: 0.4555
2025-05-03 10:12:13,707 [INFO] src.federated.client: Client classical_mlp_client_1 - Epoch 4/5 completed. Average Loss: 0.3719
2025-05-03 10:12:13,713 [INFO] src.federated.client: Client classical_mlp_client_1 - Epoch 5/5 completed. Average Loss: 0.3015
2025-05-03 10:12:13,715 [INFO] src.federated.client: Client classical_mlp_client_1: Local training finished. Processed 115 samples.
2025-05-03 10:12:13,716 [INFO] src.federated.client: Client classical_mlp_client_0: Starting local training for 5 epochs. Proximal term mu=0.0.
2025-05-03 10:12:13,723 [INFO] src.federated.client: Client classical_mlp_client_0 - Epoch 1/5 completed. Average Loss: 0.7430
2025-05-03 10:12:13,731 [INFO] src.federated.client: Client classical_mlp_client_0 - Epoch 2/5 completed. Average Loss: 0.6428
2025-05-03 10:12:13,738 [INFO] src.federated.client: Client classical_mlp_client_0 - Epoch 3/5 completed. Average Loss: 0.5457
2025-05-03 10:12:13,746 [INFO] src.federated.client: Client classical_mlp_client_0 - Epoch 4/5 completed. Average Loss: 0.4575
2025-05-03 10:12:13,752 [INFO] src.federated.client: Client classical_mlp_client_0 - Epoch 5/5 completed. Average Loss: 0.3777
2025-05-03 10:12:13,753 [INFO] src.federated.client: Client classical_mlp_client_0: Local training finished. Processed 115 samples.
2025-05-03 10:12:13,754 [INFO] src.federated.server: Aggregating updates from 3 clients using FedAvg.
2025-05-03 10:12:13,754 [INFO] src.federated.aggregation: FedAvg: Aggregating updates from 3 clients.
2025-05-03 10:12:13,755 [INFO] src.federated.aggregation: FedAvg: Aggregation complete.
2025-05-03 10:12:13,757 [INFO] src.federated.server: Global model updated with aggregated parameters.
2025-05-03 10:12:13,757 [INFO] src.federated.server: Evaluating updated global model...
2025-05-03 10:12:13,763 [INFO] src.federated.server: Round 2 completed in 0.13s. Eval Metrics: {'loss': 0.4425237529966031, 'accuracy': 0.8157894736842105}
2025-05-03 10:12:13,764 [INFO] src.federated.server: ===== Starting Round 3/20 =====
2025-05-03 10:12:13,764 [INFO] src.federated.server: Starting federated training round...
2025-05-03 10:12:13,764 [INFO] src.federated.server: Selected 3 clients out of 5 available (fraction=0.1, min_clients=3): ['classical_mlp_client_1', 'classical_mlp_client_0', 'classical_mlp_client_2']
2025-05-03 10:12:13,768 [INFO] src.federated.client: Client classical_mlp_client_1: Starting local training for 5 epochs. Proximal term mu=0.0.
2025-05-03 10:12:13,775 [INFO] src.federated.client: Client classical_mlp_client_1 - Epoch 1/5 completed. Average Loss: 0.2819
2025-05-03 10:12:13,781 [INFO] src.federated.client: Client classical_mlp_client_1 - Epoch 2/5 completed. Average Loss: 0.2168
2025-05-03 10:12:13,787 [INFO] src.federated.client: Client classical_mlp_client_1 - Epoch 3/5 completed. Average Loss: 0.1575
2025-05-03 10:12:13,794 [INFO] src.federated.client: Client classical_mlp_client_1 - Epoch 4/5 completed. Average Loss: 0.1087
2025-05-03 10:12:13,803 [INFO] src.federated.client: Client classical_mlp_client_1 - Epoch 5/5 completed. Average Loss: 0.0728
2025-05-03 10:12:13,805 [INFO] src.federated.client: Client classical_mlp_client_1: Local training finished. Processed 115 samples.
2025-05-03 10:12:13,806 [INFO] src.federated.client: Client classical_mlp_client_0: Starting local training for 5 epochs. Proximal term mu=0.0.
2025-05-03 10:12:13,813 [INFO] src.federated.client: Client classical_mlp_client_0 - Epoch 1/5 completed. Average Loss: 0.3410
2025-05-03 10:12:13,820 [INFO] src.federated.client: Client classical_mlp_client_0 - Epoch 2/5 completed. Average Loss: 0.2623
2025-05-03 10:12:13,827 [INFO] src.federated.client: Client classical_mlp_client_0 - Epoch 3/5 completed. Average Loss: 0.1930
2025-05-03 10:12:13,834 [INFO] src.federated.client: Client classical_mlp_client_0 - Epoch 4/5 completed. Average Loss: 0.1442
2025-05-03 10:12:13,840 [INFO] src.federated.client: Client classical_mlp_client_0 - Epoch 5/5 completed. Average Loss: 0.1131
2025-05-03 10:12:13,842 [INFO] src.federated.client: Client classical_mlp_client_0: Local training finished. Processed 115 samples.
2025-05-03 10:12:13,844 [INFO] src.federated.client: Client classical_mlp_client_2: Starting local training for 5 epochs. Proximal term mu=0.0.
2025-05-03 10:12:13,852 [INFO] src.federated.client: Client classical_mlp_client_2 - Epoch 1/5 completed. Average Loss: 0.2281
2025-05-03 10:12:13,858 [INFO] src.federated.client: Client classical_mlp_client_2 - Epoch 2/5 completed. Average Loss: 0.1846
2025-05-03 10:12:13,865 [INFO] src.federated.client: Client classical_mlp_client_2 - Epoch 3/5 completed. Average Loss: 0.1453
2025-05-03 10:12:13,872 [INFO] src.federated.client: Client classical_mlp_client_2 - Epoch 4/5 completed. Average Loss: 0.1113
2025-05-03 10:12:13,878 [INFO] src.federated.client: Client classical_mlp_client_2 - Epoch 5/5 completed. Average Loss: 0.0841
2025-05-03 10:12:13,881 [INFO] src.federated.client: Client classical_mlp_client_2: Local training finished. Processed 110 samples.
2025-05-03 10:12:13,881 [INFO] src.federated.server: Aggregating updates from 3 clients using FedAvg.
2025-05-03 10:12:13,882 [INFO] src.federated.aggregation: FedAvg: Aggregating updates from 3 clients.
2025-05-03 10:12:13,883 [INFO] src.federated.aggregation: FedAvg: Aggregation complete.
2025-05-03 10:12:13,885 [INFO] src.federated.server: Global model updated with aggregated parameters.
2025-05-03 10:12:13,886 [INFO] src.federated.server: Evaluating updated global model...
2025-05-03 10:12:13,889 [INFO] src.federated.server: Round 3 completed in 0.13s. Eval Metrics: {'loss': 0.23844667853902207, 'accuracy': 0.8947368421052632}
2025-05-03 10:12:13,890 [INFO] src.federated.server: ===== Starting Round 4/20 =====
2025-05-03 10:12:13,890 [INFO] src.federated.server: Starting federated training round...
2025-05-03 10:12:13,890 [INFO] src.federated.server: Selected 3 clients out of 5 available (fraction=0.1, min_clients=3): ['classical_mlp_client_4', 'classical_mlp_client_0', 'classical_mlp_client_2']
2025-05-03 10:12:13,893 [INFO] src.federated.client: Client classical_mlp_client_4: Starting local training for 5 epochs. Proximal term mu=0.0.
2025-05-03 10:12:13,902 [INFO] src.federated.client: Client classical_mlp_client_4 - Epoch 1/5 completed. Average Loss: 0.1583
2025-05-03 10:12:13,910 [INFO] src.federated.client: Client classical_mlp_client_4 - Epoch 2/5 completed. Average Loss: 0.1389
2025-05-03 10:12:13,917 [INFO] src.federated.client: Client classical_mlp_client_4 - Epoch 3/5 completed. Average Loss: 0.1203
2025-05-03 10:12:13,924 [INFO] src.federated.client: Client classical_mlp_client_4 - Epoch 4/5 completed. Average Loss: 0.1028
2025-05-03 10:12:13,930 [INFO] src.federated.client: Client classical_mlp_client_4 - Epoch 5/5 completed. Average Loss: 0.0855
2025-05-03 10:12:13,931 [INFO] src.federated.client: Client classical_mlp_client_4: Local training finished. Processed 110 samples.
2025-05-03 10:12:13,933 [INFO] src.federated.client: Client classical_mlp_client_0: Starting local training for 5 epochs. Proximal term mu=0.0.
2025-05-03 10:12:13,943 [INFO] src.federated.client: Client classical_mlp_client_0 - Epoch 1/5 completed. Average Loss: 0.0765
2025-05-03 10:12:13,949 [INFO] src.federated.client: Client classical_mlp_client_0 - Epoch 2/5 completed. Average Loss: 0.0571
2025-05-03 10:12:13,956 [INFO] src.federated.client: Client classical_mlp_client_0 - Epoch 3/5 completed. Average Loss: 0.0431
2025-05-03 10:12:13,963 [INFO] src.federated.client: Client classical_mlp_client_0 - Epoch 4/5 completed. Average Loss: 0.0323
2025-05-03 10:12:13,970 [INFO] src.federated.client: Client classical_mlp_client_0 - Epoch 5/5 completed. Average Loss: 0.0238
2025-05-03 10:12:13,971 [INFO] src.federated.client: Client classical_mlp_client_0: Local training finished. Processed 115 samples.
2025-05-03 10:12:13,973 [INFO] src.federated.client: Client classical_mlp_client_2: Starting local training for 5 epochs. Proximal term mu=0.0.
2025-05-03 10:12:13,981 [INFO] src.federated.client: Client classical_mlp_client_2 - Epoch 1/5 completed. Average Loss: 0.0669
2025-05-03 10:12:13,988 [INFO] src.federated.client: Client classical_mlp_client_2 - Epoch 2/5 completed. Average Loss: 0.0498
2025-05-03 10:12:13,994 [INFO] src.federated.client: Client classical_mlp_client_2 - Epoch 3/5 completed. Average Loss: 0.0355
2025-05-03 10:12:14,000 [INFO] src.federated.client: Client classical_mlp_client_2 - Epoch 4/5 completed. Average Loss: 0.0285
2025-05-03 10:12:14,006 [INFO] src.federated.client: Client classical_mlp_client_2 - Epoch 5/5 completed. Average Loss: 0.0253
2025-05-03 10:12:14,007 [INFO] src.federated.client: Client classical_mlp_client_2: Local training finished. Processed 110 samples.
2025-05-03 10:12:14,008 [INFO] src.federated.server: Aggregating updates from 3 clients using FedAvg.
2025-05-03 10:12:14,008 [INFO] src.federated.aggregation: FedAvg: Aggregating updates from 3 clients.
2025-05-03 10:12:14,010 [INFO] src.federated.aggregation: FedAvg: Aggregation complete.
2025-05-03 10:12:14,012 [INFO] src.federated.server: Global model updated with aggregated parameters.
2025-05-03 10:12:14,012 [INFO] src.federated.server: Evaluating updated global model...
2025-05-03 10:12:14,017 [INFO] src.federated.server: Round 4 completed in 0.13s. Eval Metrics: {'loss': 0.18585863801650737, 'accuracy': 0.9210526315789473}
2025-05-03 10:12:14,017 [INFO] src.federated.server: ===== Starting Round 5/20 =====
2025-05-03 10:12:14,017 [INFO] src.federated.server: Starting federated training round...
2025-05-03 10:12:14,018 [INFO] src.federated.server: Selected 3 clients out of 5 available (fraction=0.1, min_clients=3): ['classical_mlp_client_3', 'classical_mlp_client_0', 'classical_mlp_client_4']
2025-05-03 10:12:14,020 [INFO] src.federated.client: Client classical_mlp_client_3: Starting local training for 5 epochs. Proximal term mu=0.0.
2025-05-03 10:12:14,027 [INFO] src.federated.client: Client classical_mlp_client_3 - Epoch 1/5 completed. Average Loss: 0.2199
2025-05-03 10:12:14,034 [INFO] src.federated.client: Client classical_mlp_client_3 - Epoch 2/5 completed. Average Loss: 0.2975
2025-05-03 10:12:14,040 [INFO] src.federated.client: Client classical_mlp_client_3 - Epoch 3/5 completed. Average Loss: 0.1967
2025-05-03 10:12:14,047 [INFO] src.federated.client: Client classical_mlp_client_3 - Epoch 4/5 completed. Average Loss: 0.1873
2025-05-03 10:12:14,054 [INFO] src.federated.client: Client classical_mlp_client_3 - Epoch 5/5 completed. Average Loss: 0.2180
2025-05-03 10:12:14,055 [INFO] src.federated.client: Client classical_mlp_client_3: Local training finished. Processed 110 samples.
2025-05-03 10:12:14,057 [INFO] src.federated.client: Client classical_mlp_client_0: Starting local training for 5 epochs. Proximal term mu=0.0.
2025-05-03 10:12:14,066 [INFO] src.federated.client: Client classical_mlp_client_0 - Epoch 1/5 completed. Average Loss: 0.0192
2025-05-03 10:12:14,074 [INFO] src.federated.client: Client classical_mlp_client_0 - Epoch 2/5 completed. Average Loss: 0.0140
2025-05-03 10:12:14,079 [INFO] src.federated.client: Client classical_mlp_client_0 - Epoch 3/5 completed. Average Loss: 0.0101
2025-05-03 10:12:14,088 [INFO] src.federated.client: Client classical_mlp_client_0 - Epoch 4/5 completed. Average Loss: 0.0072
2025-05-03 10:12:14,095 [INFO] src.federated.client: Client classical_mlp_client_0 - Epoch 5/5 completed. Average Loss: 0.0051
2025-05-03 10:12:14,096 [INFO] src.federated.client: Client classical_mlp_client_0: Local training finished. Processed 115 samples.
2025-05-03 10:12:14,098 [INFO] src.federated.client: Client classical_mlp_client_4: Starting local training for 5 epochs. Proximal term mu=0.0.
2025-05-03 10:12:14,106 [INFO] src.federated.client: Client classical_mlp_client_4 - Epoch 1/5 completed. Average Loss: 0.1213
2025-05-03 10:12:14,113 [INFO] src.federated.client: Client classical_mlp_client_4 - Epoch 2/5 completed. Average Loss: 0.0775
2025-05-03 10:12:14,121 [INFO] src.federated.client: Client classical_mlp_client_4 - Epoch 3/5 completed. Average Loss: 0.0728
2025-05-03 10:12:14,127 [INFO] src.federated.client: Client classical_mlp_client_4 - Epoch 4/5 completed. Average Loss: 0.0749
2025-05-03 10:12:14,138 [INFO] src.federated.client: Client classical_mlp_client_4 - Epoch 5/5 completed. Average Loss: 0.0481
2025-05-03 10:12:14,140 [INFO] src.federated.client: Client classical_mlp_client_4: Local training finished. Processed 110 samples.
2025-05-03 10:12:14,141 [INFO] src.federated.server: Aggregating updates from 3 clients using FedAvg.
2025-05-03 10:12:14,141 [INFO] src.federated.aggregation: FedAvg: Aggregating updates from 3 clients.
2025-05-03 10:12:14,143 [INFO] src.federated.aggregation: FedAvg: Aggregation complete.
2025-05-03 10:12:14,145 [INFO] src.federated.server: Global model updated with aggregated parameters.
2025-05-03 10:12:14,145 [INFO] src.federated.server: Evaluating updated global model...
2025-05-03 10:12:14,148 [INFO] src.federated.server: Round 5 completed in 0.13s. Eval Metrics: {'loss': 0.1469454164032434, 'accuracy': 0.9210526315789473}
2025-05-03 10:12:14,149 [INFO] src.federated.server: ===== Starting Round 6/20 =====
2025-05-03 10:12:14,149 [INFO] src.federated.server: Starting federated training round...
2025-05-03 10:12:14,149 [INFO] src.federated.server: Selected 3 clients out of 5 available (fraction=0.1, min_clients=3): ['classical_mlp_client_0', 'classical_mlp_client_1', 'classical_mlp_client_4']
2025-05-03 10:12:14,152 [INFO] src.federated.client: Client classical_mlp_client_0: Starting local training for 5 epochs. Proximal term mu=0.0.
2025-05-03 10:12:14,158 [INFO] src.federated.client: Client classical_mlp_client_0 - Epoch 1/5 completed. Average Loss: 0.0085
2025-05-03 10:12:14,165 [INFO] src.federated.client: Client classical_mlp_client_0 - Epoch 2/5 completed. Average Loss: 0.0061
2025-05-03 10:12:14,172 [INFO] src.federated.client: Client classical_mlp_client_0 - Epoch 3/5 completed. Average Loss: 0.0040
2025-05-03 10:12:14,178 [INFO] src.federated.client: Client classical_mlp_client_0 - Epoch 4/5 completed. Average Loss: 0.0028
2025-05-03 10:12:14,185 [INFO] src.federated.client: Client classical_mlp_client_0 - Epoch 5/5 completed. Average Loss: 0.0022
2025-05-03 10:12:14,187 [INFO] src.federated.client: Client classical_mlp_client_0: Local training finished. Processed 115 samples.
2025-05-03 10:12:14,188 [INFO] src.federated.client: Client classical_mlp_client_1: Starting local training for 5 epochs. Proximal term mu=0.0.
2025-05-03 10:12:14,196 [INFO] src.federated.client: Client classical_mlp_client_1 - Epoch 1/5 completed. Average Loss: 0.0051
2025-05-03 10:12:14,202 [INFO] src.federated.client: Client classical_mlp_client_1 - Epoch 2/5 completed. Average Loss: 0.0027
2025-05-03 10:12:14,209 [INFO] src.federated.client: Client classical_mlp_client_1 - Epoch 3/5 completed. Average Loss: 0.0014
2025-05-03 10:12:14,215 [INFO] src.federated.client: Client classical_mlp_client_1 - Epoch 4/5 completed. Average Loss: 0.0007
2025-05-03 10:12:14,221 [INFO] src.federated.client: Client classical_mlp_client_1 - Epoch 5/5 completed. Average Loss: 0.0004
2025-05-03 10:12:14,223 [INFO] src.federated.client: Client classical_mlp_client_1: Local training finished. Processed 115 samples.
2025-05-03 10:12:14,225 [INFO] src.federated.client: Client classical_mlp_client_4: Starting local training for 5 epochs. Proximal term mu=0.0.
2025-05-03 10:12:14,231 [INFO] src.federated.client: Client classical_mlp_client_4 - Epoch 1/5 completed. Average Loss: 0.0741
2025-05-03 10:12:14,237 [INFO] src.federated.client: Client classical_mlp_client_4 - Epoch 2/5 completed. Average Loss: 0.0689
2025-05-03 10:12:14,243 [INFO] src.federated.client: Client classical_mlp_client_4 - Epoch 3/5 completed. Average Loss: 0.0467
2025-05-03 10:12:14,248 [INFO] src.federated.client: Client classical_mlp_client_4 - Epoch 4/5 completed. Average Loss: 0.0287
2025-05-03 10:12:14,256 [INFO] src.federated.client: Client classical_mlp_client_4 - Epoch 5/5 completed. Average Loss: 0.0284
2025-05-03 10:12:14,257 [INFO] src.federated.client: Client classical_mlp_client_4: Local training finished. Processed 110 samples.
2025-05-03 10:12:14,258 [INFO] src.federated.server: Aggregating updates from 3 clients using FedAvg.
2025-05-03 10:12:14,258 [INFO] src.federated.aggregation: FedAvg: Aggregating updates from 3 clients.
2025-05-03 10:12:14,260 [INFO] src.federated.aggregation: FedAvg: Aggregation complete.
2025-05-03 10:12:14,261 [INFO] src.federated.server: Global model updated with aggregated parameters.
2025-05-03 10:12:14,261 [INFO] src.federated.server: Evaluating updated global model...
2025-05-03 10:12:14,265 [INFO] src.federated.server: Round 6 completed in 0.12s. Eval Metrics: {'loss': 0.12065619195428483, 'accuracy': 0.9210526315789473}
2025-05-03 10:12:14,265 [INFO] src.federated.server: ===== Starting Round 7/20 =====
2025-05-03 10:12:14,265 [INFO] src.federated.server: Starting federated training round...
2025-05-03 10:12:14,265 [INFO] src.federated.server: Selected 3 clients out of 5 available (fraction=0.1, min_clients=3): ['classical_mlp_client_4', 'classical_mlp_client_0', 'classical_mlp_client_2']
2025-05-03 10:12:14,268 [INFO] src.federated.client: Client classical_mlp_client_4: Starting local training for 5 epochs. Proximal term mu=0.0.
2025-05-03 10:12:14,274 [INFO] src.federated.client: Client classical_mlp_client_4 - Epoch 1/5 completed. Average Loss: 0.0606
2025-05-03 10:12:14,281 [INFO] src.federated.client: Client classical_mlp_client_4 - Epoch 2/5 completed. Average Loss: 0.0268
2025-05-03 10:12:14,289 [INFO] src.federated.client: Client classical_mlp_client_4 - Epoch 3/5 completed. Average Loss: 0.0168
2025-05-03 10:12:14,297 [INFO] src.federated.client: Client classical_mlp_client_4 - Epoch 4/5 completed. Average Loss: 0.0311
2025-05-03 10:12:14,306 [INFO] src.federated.client: Client classical_mlp_client_4 - Epoch 5/5 completed. Average Loss: 0.0375
2025-05-03 10:12:14,309 [INFO] src.federated.client: Client classical_mlp_client_4: Local training finished. Processed 110 samples.
2025-05-03 10:12:14,311 [INFO] src.federated.client: Client classical_mlp_client_0: Starting local training for 5 epochs. Proximal term mu=0.0.
2025-05-03 10:12:14,317 [INFO] src.federated.client: Client classical_mlp_client_0 - Epoch 1/5 completed. Average Loss: 0.0033
2025-05-03 10:12:14,323 [INFO] src.federated.client: Client classical_mlp_client_0 - Epoch 2/5 completed. Average Loss: 0.0017
2025-05-03 10:12:14,330 [INFO] src.federated.client: Client classical_mlp_client_0 - Epoch 3/5 completed. Average Loss: 0.0010
2025-05-03 10:12:14,337 [INFO] src.federated.client: Client classical_mlp_client_0 - Epoch 4/5 completed. Average Loss: 0.0007
2025-05-03 10:12:14,343 [INFO] src.federated.client: Client classical_mlp_client_0 - Epoch 5/5 completed. Average Loss: 0.0007
2025-05-03 10:12:14,345 [INFO] src.federated.client: Client classical_mlp_client_0: Local training finished. Processed 115 samples.
2025-05-03 10:12:14,347 [INFO] src.federated.client: Client classical_mlp_client_2: Starting local training for 5 epochs. Proximal term mu=0.0.
2025-05-03 10:12:14,354 [INFO] src.federated.client: Client classical_mlp_client_2 - Epoch 1/5 completed. Average Loss: 0.0098
2025-05-03 10:12:14,362 [INFO] src.federated.client: Client classical_mlp_client_2 - Epoch 2/5 completed. Average Loss: 0.0048
2025-05-03 10:12:14,370 [INFO] src.federated.client: Client classical_mlp_client_2 - Epoch 3/5 completed. Average Loss: 0.0025
2025-05-03 10:12:14,376 [INFO] src.federated.client: Client classical_mlp_client_2 - Epoch 4/5 completed. Average Loss: 0.0022
2025-05-03 10:12:14,383 [INFO] src.federated.client: Client classical_mlp_client_2 - Epoch 5/5 completed. Average Loss: 0.0028
2025-05-03 10:12:14,385 [INFO] src.federated.client: Client classical_mlp_client_2: Local training finished. Processed 110 samples.
2025-05-03 10:12:14,386 [INFO] src.federated.server: Aggregating updates from 3 clients using FedAvg.
2025-05-03 10:12:14,386 [INFO] src.federated.aggregation: FedAvg: Aggregating updates from 3 clients.
2025-05-03 10:12:14,389 [INFO] src.federated.aggregation: FedAvg: Aggregation complete.
2025-05-03 10:12:14,390 [INFO] src.federated.server: Global model updated with aggregated parameters.
2025-05-03 10:12:14,390 [INFO] src.federated.server: Evaluating updated global model...
2025-05-03 10:12:14,395 [INFO] src.federated.server: Round 7 completed in 0.13s. Eval Metrics: {'loss': 0.1005035321791769, 'accuracy': 0.9210526315789473}
2025-05-03 10:12:14,395 [INFO] src.federated.server: ===== Starting Round 8/20 =====
2025-05-03 10:12:14,395 [INFO] src.federated.server: Starting federated training round...
2025-05-03 10:12:14,396 [INFO] src.federated.server: Selected 3 clients out of 5 available (fraction=0.1, min_clients=3): ['classical_mlp_client_1', 'classical_mlp_client_3', 'classical_mlp_client_0']
2025-05-03 10:12:14,398 [INFO] src.federated.client: Client classical_mlp_client_1: Starting local training for 5 epochs. Proximal term mu=0.0.
2025-05-03 10:12:14,406 [INFO] src.federated.client: Client classical_mlp_client_1 - Epoch 1/5 completed. Average Loss: 0.0003
2025-05-03 10:12:14,413 [INFO] src.federated.client: Client classical_mlp_client_1 - Epoch 2/5 completed. Average Loss: 0.0002
2025-05-03 10:12:14,420 [INFO] src.federated.client: Client classical_mlp_client_1 - Epoch 3/5 completed. Average Loss: 0.0001
2025-05-03 10:12:14,427 [INFO] src.federated.client: Client classical_mlp_client_1 - Epoch 4/5 completed. Average Loss: 0.0001
2025-05-03 10:12:14,438 [INFO] src.federated.client: Client classical_mlp_client_1 - Epoch 5/5 completed. Average Loss: 0.0001
2025-05-03 10:12:14,440 [INFO] src.federated.client: Client classical_mlp_client_1: Local training finished. Processed 115 samples.
2025-05-03 10:12:14,442 [INFO] src.federated.client: Client classical_mlp_client_3: Starting local training for 5 epochs. Proximal term mu=0.0.
2025-05-03 10:12:14,452 [INFO] src.federated.client: Client classical_mlp_client_3 - Epoch 1/5 completed. Average Loss: 0.1767
2025-05-03 10:12:14,458 [INFO] src.federated.client: Client classical_mlp_client_3 - Epoch 2/5 completed. Average Loss: 0.1622
2025-05-03 10:12:14,466 [INFO] src.federated.client: Client classical_mlp_client_3 - Epoch 3/5 completed. Average Loss: 0.1742
2025-05-03 10:12:14,475 [INFO] src.federated.client: Client classical_mlp_client_3 - Epoch 4/5 completed. Average Loss: 0.1606
2025-05-03 10:12:14,483 [INFO] src.federated.client: Client classical_mlp_client_3 - Epoch 5/5 completed. Average Loss: 0.1465
2025-05-03 10:12:14,486 [INFO] src.federated.client: Client classical_mlp_client_3: Local training finished. Processed 110 samples.
2025-05-03 10:12:14,487 [INFO] src.federated.client: Client classical_mlp_client_0: Starting local training for 5 epochs. Proximal term mu=0.0.
2025-05-03 10:12:14,495 [INFO] src.federated.client: Client classical_mlp_client_0 - Epoch 1/5 completed. Average Loss: 0.0007
2025-05-03 10:12:14,502 [INFO] src.federated.client: Client classical_mlp_client_0 - Epoch 2/5 completed. Average Loss: 0.0004
2025-05-03 10:12:14,511 [INFO] src.federated.client: Client classical_mlp_client_0 - Epoch 3/5 completed. Average Loss: 0.0003
2025-05-03 10:12:14,518 [INFO] src.federated.client: Client classical_mlp_client_0 - Epoch 4/5 completed. Average Loss: 0.0003
2025-05-03 10:12:14,528 [INFO] src.federated.client: Client classical_mlp_client_0 - Epoch 5/5 completed. Average Loss: 0.0003
2025-05-03 10:12:14,529 [INFO] src.federated.client: Client classical_mlp_client_0: Local training finished. Processed 115 samples.
2025-05-03 10:12:14,529 [INFO] src.federated.server: Aggregating updates from 3 clients using FedAvg.
2025-05-03 10:12:14,530 [INFO] src.federated.aggregation: FedAvg: Aggregating updates from 3 clients.
2025-05-03 10:12:14,532 [INFO] src.federated.aggregation: FedAvg: Aggregation complete.
2025-05-03 10:12:14,533 [INFO] src.federated.server: Global model updated with aggregated parameters.
2025-05-03 10:12:14,534 [INFO] src.federated.server: Evaluating updated global model...
2025-05-03 10:12:14,537 [INFO] src.federated.server: Round 8 completed in 0.14s. Eval Metrics: {'loss': 0.09014367850151747, 'accuracy': 0.9736842105263158}
2025-05-03 10:12:14,538 [INFO] src.federated.server: ===== Starting Round 9/20 =====
2025-05-03 10:12:14,538 [INFO] src.federated.server: Starting federated training round...
2025-05-03 10:12:14,538 [INFO] src.federated.server: Selected 3 clients out of 5 available (fraction=0.1, min_clients=3): ['classical_mlp_client_3', 'classical_mlp_client_2', 'classical_mlp_client_0']
2025-05-03 10:12:14,541 [INFO] src.federated.client: Client classical_mlp_client_3: Starting local training for 5 epochs. Proximal term mu=0.0.
2025-05-03 10:12:14,549 [INFO] src.federated.client: Client classical_mlp_client_3 - Epoch 1/5 completed. Average Loss: 0.1713
2025-05-03 10:12:14,555 [INFO] src.federated.client: Client classical_mlp_client_3 - Epoch 2/5 completed. Average Loss: 0.1665
2025-05-03 10:12:14,562 [INFO] src.federated.client: Client classical_mlp_client_3 - Epoch 3/5 completed. Average Loss: 0.1655
2025-05-03 10:12:14,569 [INFO] src.federated.client: Client classical_mlp_client_3 - Epoch 4/5 completed. Average Loss: 0.1488
2025-05-03 10:12:14,577 [INFO] src.federated.client: Client classical_mlp_client_3 - Epoch 5/5 completed. Average Loss: 0.1417
2025-05-03 10:12:14,578 [INFO] src.federated.client: Client classical_mlp_client_3: Local training finished. Processed 110 samples.
2025-05-03 10:12:14,580 [INFO] src.federated.client: Client classical_mlp_client_2: Starting local training for 5 epochs. Proximal term mu=0.0.
2025-05-03 10:12:14,588 [INFO] src.federated.client: Client classical_mlp_client_2 - Epoch 1/5 completed. Average Loss: 0.0014
2025-05-03 10:12:14,594 [INFO] src.federated.client: Client classical_mlp_client_2 - Epoch 2/5 completed. Average Loss: 0.0012
2025-05-03 10:12:14,603 [INFO] src.federated.client: Client classical_mlp_client_2 - Epoch 3/5 completed. Average Loss: 0.0012
2025-05-03 10:12:14,609 [INFO] src.federated.client: Client classical_mlp_client_2 - Epoch 4/5 completed. Average Loss: 0.0011
2025-05-03 10:12:14,615 [INFO] src.federated.client: Client classical_mlp_client_2 - Epoch 5/5 completed. Average Loss: 0.0009
2025-05-03 10:12:14,617 [INFO] src.federated.client: Client classical_mlp_client_2: Local training finished. Processed 110 samples.
2025-05-03 10:12:14,618 [INFO] src.federated.client: Client classical_mlp_client_0: Starting local training for 5 epochs. Proximal term mu=0.0.
2025-05-03 10:12:14,625 [INFO] src.federated.client: Client classical_mlp_client_0 - Epoch 1/5 completed. Average Loss: 0.0002
2025-05-03 10:12:14,633 [INFO] src.federated.client: Client classical_mlp_client_0 - Epoch 2/5 completed. Average Loss: 0.0002
2025-05-03 10:12:14,642 [INFO] src.federated.client: Client classical_mlp_client_0 - Epoch 3/5 completed. Average Loss: 0.0002
2025-05-03 10:12:14,650 [INFO] src.federated.client: Client classical_mlp_client_0 - Epoch 4/5 completed. Average Loss: 0.0002
2025-05-03 10:12:14,658 [INFO] src.federated.client: Client classical_mlp_client_0 - Epoch 5/5 completed. Average Loss: 0.0002
2025-05-03 10:12:14,659 [INFO] src.federated.client: Client classical_mlp_client_0: Local training finished. Processed 115 samples.
2025-05-03 10:12:14,660 [INFO] src.federated.server: Aggregating updates from 3 clients using FedAvg.
2025-05-03 10:12:14,660 [INFO] src.federated.aggregation: FedAvg: Aggregating updates from 3 clients.
2025-05-03 10:12:14,661 [INFO] src.federated.aggregation: FedAvg: Aggregation complete.
2025-05-03 10:12:14,663 [INFO] src.federated.server: Global model updated with aggregated parameters.
2025-05-03 10:12:14,663 [INFO] src.federated.server: Evaluating updated global model...
2025-05-03 10:12:14,667 [INFO] src.federated.server: Round 9 completed in 0.13s. Eval Metrics: {'loss': 0.11890712831297756, 'accuracy': 0.9736842105263158}
2025-05-03 10:12:14,668 [INFO] src.federated.server: ===== Starting Round 10/20 =====
2025-05-03 10:12:14,668 [INFO] src.federated.server: Starting federated training round...
2025-05-03 10:12:14,668 [INFO] src.federated.server: Selected 3 clients out of 5 available (fraction=0.1, min_clients=3): ['classical_mlp_client_1', 'classical_mlp_client_3', 'classical_mlp_client_4']
2025-05-03 10:12:14,670 [INFO] src.federated.client: Client classical_mlp_client_1: Starting local training for 5 epochs. Proximal term mu=0.0.
2025-05-03 10:12:14,679 [INFO] src.federated.client: Client classical_mlp_client_1 - Epoch 1/5 completed. Average Loss: 0.0006
2025-05-03 10:12:14,688 [INFO] src.federated.client: Client classical_mlp_client_1 - Epoch 2/5 completed. Average Loss: 0.0004
2025-05-03 10:12:14,695 [INFO] src.federated.client: Client classical_mlp_client_1 - Epoch 3/5 completed. Average Loss: 0.0002
2025-05-03 10:12:14,703 [INFO] src.federated.client: Client classical_mlp_client_1 - Epoch 4/5 completed. Average Loss: 0.0001
2025-05-03 10:12:14,711 [INFO] src.federated.client: Client classical_mlp_client_1 - Epoch 5/5 completed. Average Loss: 0.0001
2025-05-03 10:12:14,713 [INFO] src.federated.client: Client classical_mlp_client_1: Local training finished. Processed 115 samples.
2025-05-03 10:12:14,714 [INFO] src.federated.client: Client classical_mlp_client_3: Starting local training for 5 epochs. Proximal term mu=0.0.
2025-05-03 10:12:14,722 [INFO] src.federated.client: Client classical_mlp_client_3 - Epoch 1/5 completed. Average Loss: 0.1839
2025-05-03 10:12:14,729 [INFO] src.federated.client: Client classical_mlp_client_3 - Epoch 2/5 completed. Average Loss: 0.1622
2025-05-03 10:12:14,736 [INFO] src.federated.client: Client classical_mlp_client_3 - Epoch 3/5 completed. Average Loss: 0.1444
2025-05-03 10:12:14,744 [INFO] src.federated.client: Client classical_mlp_client_3 - Epoch 4/5 completed. Average Loss: 0.1523
2025-05-03 10:12:14,751 [INFO] src.federated.client: Client classical_mlp_client_3 - Epoch 5/5 completed. Average Loss: 0.1438
2025-05-03 10:12:14,752 [INFO] src.federated.client: Client classical_mlp_client_3: Local training finished. Processed 110 samples.
2025-05-03 10:12:14,754 [INFO] src.federated.client: Client classical_mlp_client_4: Starting local training for 5 epochs. Proximal term mu=0.0.
2025-05-03 10:12:14,760 [INFO] src.federated.client: Client classical_mlp_client_4 - Epoch 1/5 completed. Average Loss: 0.1656
2025-05-03 10:12:14,766 [INFO] src.federated.client: Client classical_mlp_client_4 - Epoch 2/5 completed. Average Loss: 0.0803
2025-05-03 10:12:14,774 [INFO] src.federated.client: Client classical_mlp_client_4 - Epoch 3/5 completed. Average Loss: 0.0159
2025-05-03 10:12:14,782 [INFO] src.federated.client: Client classical_mlp_client_4 - Epoch 4/5 completed. Average Loss: 0.0037
2025-05-03 10:12:14,791 [INFO] src.federated.client: Client classical_mlp_client_4 - Epoch 5/5 completed. Average Loss: 0.0166
2025-05-03 10:12:14,793 [INFO] src.federated.client: Client classical_mlp_client_4: Local training finished. Processed 110 samples.
2025-05-03 10:12:14,793 [INFO] src.federated.server: Aggregating updates from 3 clients using FedAvg.
2025-05-03 10:12:14,793 [INFO] src.federated.aggregation: FedAvg: Aggregating updates from 3 clients.
2025-05-03 10:12:14,795 [INFO] src.federated.aggregation: FedAvg: Aggregation complete.
2025-05-03 10:12:14,797 [INFO] src.federated.server: Global model updated with aggregated parameters.
2025-05-03 10:12:14,797 [INFO] src.federated.server: Evaluating updated global model...
2025-05-03 10:12:14,803 [INFO] src.federated.server: Round 10 completed in 0.13s. Eval Metrics: {'loss': 0.22168868835566471, 'accuracy': 0.9210526315789473}
2025-05-03 10:12:14,803 [INFO] src.federated.server: ===== Starting Round 11/20 =====
2025-05-03 10:12:14,804 [INFO] src.federated.server: Starting federated training round...
2025-05-03 10:12:14,804 [INFO] src.federated.server: Selected 3 clients out of 5 available (fraction=0.1, min_clients=3): ['classical_mlp_client_2', 'classical_mlp_client_1', 'classical_mlp_client_0']
2025-05-03 10:12:14,808 [INFO] src.federated.client: Client classical_mlp_client_2: Starting local training for 5 epochs. Proximal term mu=0.0.
2025-05-03 10:12:14,816 [INFO] src.federated.client: Client classical_mlp_client_2 - Epoch 1/5 completed. Average Loss: 0.0080
2025-05-03 10:12:14,823 [INFO] src.federated.client: Client classical_mlp_client_2 - Epoch 2/5 completed. Average Loss: 0.0034
2025-05-03 10:12:14,830 [INFO] src.federated.client: Client classical_mlp_client_2 - Epoch 3/5 completed. Average Loss: 0.0012
2025-05-03 10:12:14,839 [INFO] src.federated.client: Client classical_mlp_client_2 - Epoch 4/5 completed. Average Loss: 0.0007
2025-05-03 10:12:14,848 [INFO] src.federated.client: Client classical_mlp_client_2 - Epoch 5/5 completed. Average Loss: 0.0008
2025-05-03 10:12:14,850 [INFO] src.federated.client: Client classical_mlp_client_2: Local training finished. Processed 110 samples.
2025-05-03 10:12:14,851 [INFO] src.federated.client: Client classical_mlp_client_1: Starting local training for 5 epochs. Proximal term mu=0.0.
2025-05-03 10:12:14,858 [INFO] src.federated.client: Client classical_mlp_client_1 - Epoch 1/5 completed. Average Loss: 0.0004
2025-05-03 10:12:14,865 [INFO] src.federated.client: Client classical_mlp_client_1 - Epoch 2/5 completed. Average Loss: 0.0004
2025-05-03 10:12:14,872 [INFO] src.federated.client: Client classical_mlp_client_1 - Epoch 3/5 completed. Average Loss: 0.0003
2025-05-03 10:12:14,881 [INFO] src.federated.client: Client classical_mlp_client_1 - Epoch 4/5 completed. Average Loss: 0.0002
2025-05-03 10:12:14,889 [INFO] src.federated.client: Client classical_mlp_client_1 - Epoch 5/5 completed. Average Loss: 0.0002
2025-05-03 10:12:14,891 [INFO] src.federated.client: Client classical_mlp_client_1: Local training finished. Processed 115 samples.
2025-05-03 10:12:14,892 [INFO] src.federated.client: Client classical_mlp_client_0: Starting local training for 5 epochs. Proximal term mu=0.0.
2025-05-03 10:12:14,899 [INFO] src.federated.client: Client classical_mlp_client_0 - Epoch 1/5 completed. Average Loss: 0.0017
2025-05-03 10:12:14,907 [INFO] src.federated.client: Client classical_mlp_client_0 - Epoch 2/5 completed. Average Loss: 0.0010
2025-05-03 10:12:14,913 [INFO] src.federated.client: Client classical_mlp_client_0 - Epoch 3/5 completed. Average Loss: 0.0005
2025-05-03 10:12:14,921 [INFO] src.federated.client: Client classical_mlp_client_0 - Epoch 4/5 completed. Average Loss: 0.0002
2025-05-03 10:12:14,930 [INFO] src.federated.client: Client classical_mlp_client_0 - Epoch 5/5 completed. Average Loss: 0.0001
2025-05-03 10:12:14,931 [INFO] src.federated.client: Client classical_mlp_client_0: Local training finished. Processed 115 samples.
2025-05-03 10:12:14,932 [INFO] src.federated.server: Aggregating updates from 3 clients using FedAvg.
2025-05-03 10:12:14,932 [INFO] src.federated.aggregation: FedAvg: Aggregating updates from 3 clients.
2025-05-03 10:12:14,935 [INFO] src.federated.aggregation: FedAvg: Aggregation complete.
2025-05-03 10:12:14,937 [INFO] src.federated.server: Global model updated with aggregated parameters.
2025-05-03 10:12:14,937 [INFO] src.federated.server: Evaluating updated global model...
2025-05-03 10:12:14,941 [INFO] src.federated.server: Round 11 completed in 0.14s. Eval Metrics: {'loss': 0.14011633724360162, 'accuracy': 0.9473684210526315}
2025-05-03 10:12:14,942 [INFO] src.federated.server: ===== Starting Round 12/20 =====
2025-05-03 10:12:14,942 [INFO] src.federated.server: Starting federated training round...
2025-05-03 10:12:14,942 [INFO] src.federated.server: Selected 3 clients out of 5 available (fraction=0.1, min_clients=3): ['classical_mlp_client_2', 'classical_mlp_client_0', 'classical_mlp_client_3']
2025-05-03 10:12:14,945 [INFO] src.federated.client: Client classical_mlp_client_2: Starting local training for 5 epochs. Proximal term mu=0.0.
2025-05-03 10:12:14,951 [INFO] src.federated.client: Client classical_mlp_client_2 - Epoch 1/5 completed. Average Loss: 0.0007
2025-05-03 10:12:14,960 [INFO] src.federated.client: Client classical_mlp_client_2 - Epoch 2/5 completed. Average Loss: 0.0006
2025-05-03 10:12:14,968 [INFO] src.federated.client: Client classical_mlp_client_2 - Epoch 3/5 completed. Average Loss: 0.0008
2025-05-03 10:12:14,975 [INFO] src.federated.client: Client classical_mlp_client_2 - Epoch 4/5 completed. Average Loss: 0.0010
2025-05-03 10:12:14,982 [INFO] src.federated.client: Client classical_mlp_client_2 - Epoch 5/5 completed. Average Loss: 0.0012
2025-05-03 10:12:14,984 [INFO] src.federated.client: Client classical_mlp_client_2: Local training finished. Processed 110 samples.
2025-05-03 10:12:14,986 [INFO] src.federated.client: Client classical_mlp_client_0: Starting local training for 5 epochs. Proximal term mu=0.0.
2025-05-03 10:12:14,995 [INFO] src.federated.client: Client classical_mlp_client_0 - Epoch 1/5 completed. Average Loss: 0.0001
2025-05-03 10:12:15,004 [INFO] src.federated.client: Client classical_mlp_client_0 - Epoch 2/5 completed. Average Loss: 0.0001
2025-05-03 10:12:15,012 [INFO] src.federated.client: Client classical_mlp_client_0 - Epoch 3/5 completed. Average Loss: 0.0000
2025-05-03 10:12:15,019 [INFO] src.federated.client: Client classical_mlp_client_0 - Epoch 4/5 completed. Average Loss: 0.0000
2025-05-03 10:12:15,025 [INFO] src.federated.client: Client classical_mlp_client_0 - Epoch 5/5 completed. Average Loss: 0.0001
2025-05-03 10:12:15,026 [INFO] src.federated.client: Client classical_mlp_client_0: Local training finished. Processed 115 samples.
2025-05-03 10:12:15,027 [INFO] src.federated.client: Client classical_mlp_client_3: Starting local training for 5 epochs. Proximal term mu=0.0.
2025-05-03 10:12:15,034 [INFO] src.federated.client: Client classical_mlp_client_3 - Epoch 1/5 completed. Average Loss: 0.1708
2025-05-03 10:12:15,043 [INFO] src.federated.client: Client classical_mlp_client_3 - Epoch 2/5 completed. Average Loss: 0.1648
2025-05-03 10:12:15,050 [INFO] src.federated.client: Client classical_mlp_client_3 - Epoch 3/5 completed. Average Loss: 0.1616
2025-05-03 10:12:15,057 [INFO] src.federated.client: Client classical_mlp_client_3 - Epoch 4/5 completed. Average Loss: 0.1403
2025-05-03 10:12:15,066 [INFO] src.federated.client: Client classical_mlp_client_3 - Epoch 5/5 completed. Average Loss: 0.1277
2025-05-03 10:12:15,068 [INFO] src.federated.client: Client classical_mlp_client_3: Local training finished. Processed 110 samples.
2025-05-03 10:12:15,068 [INFO] src.federated.server: Aggregating updates from 3 clients using FedAvg.
2025-05-03 10:12:15,068 [INFO] src.federated.aggregation: FedAvg: Aggregating updates from 3 clients.
2025-05-03 10:12:15,070 [INFO] src.federated.aggregation: FedAvg: Aggregation complete.
2025-05-03 10:12:15,071 [INFO] src.federated.server: Global model updated with aggregated parameters.
2025-05-03 10:12:15,072 [INFO] src.federated.server: Evaluating updated global model...
2025-05-03 10:12:15,076 [INFO] src.federated.server: Round 12 completed in 0.13s. Eval Metrics: {'loss': 0.1810786313152905, 'accuracy': 0.9473684210526315}
2025-05-03 10:12:15,077 [INFO] src.federated.server: ===== Starting Round 13/20 =====
2025-05-03 10:12:15,077 [INFO] src.federated.server: Starting federated training round...
2025-05-03 10:12:15,077 [INFO] src.federated.server: Selected 3 clients out of 5 available (fraction=0.1, min_clients=3): ['classical_mlp_client_3', 'classical_mlp_client_0', 'classical_mlp_client_1']
2025-05-03 10:12:15,081 [INFO] src.federated.client: Client classical_mlp_client_3: Starting local training for 5 epochs. Proximal term mu=0.0.
2025-05-03 10:12:15,090 [INFO] src.federated.client: Client classical_mlp_client_3 - Epoch 1/5 completed. Average Loss: 0.1715
2025-05-03 10:12:15,097 [INFO] src.federated.client: Client classical_mlp_client_3 - Epoch 2/5 completed. Average Loss: 0.1431
2025-05-03 10:12:15,105 [INFO] src.federated.client: Client classical_mlp_client_3 - Epoch 3/5 completed. Average Loss: 0.1531
2025-05-03 10:12:15,113 [INFO] src.federated.client: Client classical_mlp_client_3 - Epoch 4/5 completed. Average Loss: 0.1407
2025-05-03 10:12:15,121 [INFO] src.federated.client: Client classical_mlp_client_3 - Epoch 5/5 completed. Average Loss: 0.1169
2025-05-03 10:12:15,123 [INFO] src.federated.client: Client classical_mlp_client_3: Local training finished. Processed 110 samples.
2025-05-03 10:12:15,125 [INFO] src.federated.client: Client classical_mlp_client_0: Starting local training for 5 epochs. Proximal term mu=0.0.
2025-05-03 10:12:15,133 [INFO] src.federated.client: Client classical_mlp_client_0 - Epoch 1/5 completed. Average Loss: 0.0001
2025-05-03 10:12:15,139 [INFO] src.federated.client: Client classical_mlp_client_0 - Epoch 2/5 completed. Average Loss: 0.0001
2025-05-03 10:12:15,148 [INFO] src.federated.client: Client classical_mlp_client_0 - Epoch 3/5 completed. Average Loss: 0.0001
2025-05-03 10:12:15,155 [INFO] src.federated.client: Client classical_mlp_client_0 - Epoch 4/5 completed. Average Loss: 0.0001
2025-05-03 10:12:15,162 [INFO] src.federated.client: Client classical_mlp_client_0 - Epoch 5/5 completed. Average Loss: 0.0001
2025-05-03 10:12:15,164 [INFO] src.federated.client: Client classical_mlp_client_0: Local training finished. Processed 115 samples.
2025-05-03 10:12:15,165 [INFO] src.federated.client: Client classical_mlp_client_1: Starting local training for 5 epochs. Proximal term mu=0.0.
2025-05-03 10:12:15,172 [INFO] src.federated.client: Client classical_mlp_client_1 - Epoch 1/5 completed. Average Loss: 0.0006
2025-05-03 10:12:15,178 [INFO] src.federated.client: Client classical_mlp_client_1 - Epoch 2/5 completed. Average Loss: 0.0005
2025-05-03 10:12:15,186 [INFO] src.federated.client: Client classical_mlp_client_1 - Epoch 3/5 completed. Average Loss: 0.0004
2025-05-03 10:12:15,195 [INFO] src.federated.client: Client classical_mlp_client_1 - Epoch 4/5 completed. Average Loss: 0.0002
2025-05-03 10:12:15,201 [INFO] src.federated.client: Client classical_mlp_client_1 - Epoch 5/5 completed. Average Loss: 0.0001
2025-05-03 10:12:15,202 [INFO] src.federated.client: Client classical_mlp_client_1: Local training finished. Processed 115 samples.
2025-05-03 10:12:15,203 [INFO] src.federated.server: Aggregating updates from 3 clients using FedAvg.
2025-05-03 10:12:15,203 [INFO] src.federated.aggregation: FedAvg: Aggregating updates from 3 clients.
2025-05-03 10:12:15,205 [INFO] src.federated.aggregation: FedAvg: Aggregation complete.
2025-05-03 10:12:15,206 [INFO] src.federated.server: Global model updated with aggregated parameters.
2025-05-03 10:12:15,207 [INFO] src.federated.server: Evaluating updated global model...
2025-05-03 10:12:15,211 [INFO] src.federated.server: Round 13 completed in 0.13s. Eval Metrics: {'loss': 0.22158791155190227, 'accuracy': 0.9473684210526315}
2025-05-03 10:12:15,211 [INFO] src.federated.server: ===== Starting Round 14/20 =====
2025-05-03 10:12:15,211 [INFO] src.federated.server: Starting federated training round...
2025-05-03 10:12:15,211 [INFO] src.federated.server: Selected 3 clients out of 5 available (fraction=0.1, min_clients=3): ['classical_mlp_client_2', 'classical_mlp_client_4', 'classical_mlp_client_0']
2025-05-03 10:12:15,214 [INFO] src.federated.client: Client classical_mlp_client_2: Starting local training for 5 epochs. Proximal term mu=0.0.
2025-05-03 10:12:15,221 [INFO] src.federated.client: Client classical_mlp_client_2 - Epoch 1/5 completed. Average Loss: 0.0017
2025-05-03 10:12:15,228 [INFO] src.federated.client: Client classical_mlp_client_2 - Epoch 2/5 completed. Average Loss: 0.0014
2025-05-03 10:12:15,235 [INFO] src.federated.client: Client classical_mlp_client_2 - Epoch 3/5 completed. Average Loss: 0.0011
2025-05-03 10:12:15,242 [INFO] src.federated.client: Client classical_mlp_client_2 - Epoch 4/5 completed. Average Loss: 0.0009
2025-05-03 10:12:15,250 [INFO] src.federated.client: Client classical_mlp_client_2 - Epoch 5/5 completed. Average Loss: 0.0007
2025-05-03 10:12:15,252 [INFO] src.federated.client: Client classical_mlp_client_2: Local training finished. Processed 110 samples.
2025-05-03 10:12:15,255 [INFO] src.federated.client: Client classical_mlp_client_4: Starting local training for 5 epochs. Proximal term mu=0.0.
2025-05-03 10:12:15,264 [INFO] src.federated.client: Client classical_mlp_client_4 - Epoch 1/5 completed. Average Loss: 0.1208
2025-05-03 10:12:15,272 [INFO] src.federated.client: Client classical_mlp_client_4 - Epoch 2/5 completed. Average Loss: 0.0120
2025-05-03 10:12:15,280 [INFO] src.federated.client: Client classical_mlp_client_4 - Epoch 3/5 completed. Average Loss: 0.0025
2025-05-03 10:12:15,287 [INFO] src.federated.client: Client classical_mlp_client_4 - Epoch 4/5 completed. Average Loss: 0.0263
2025-05-03 10:12:15,296 [INFO] src.federated.client: Client classical_mlp_client_4 - Epoch 5/5 completed. Average Loss: 0.1008
2025-05-03 10:12:15,298 [INFO] src.federated.client: Client classical_mlp_client_4: Local training finished. Processed 110 samples.
2025-05-03 10:12:15,300 [INFO] src.federated.client: Client classical_mlp_client_0: Starting local training for 5 epochs. Proximal term mu=0.0.
2025-05-03 10:12:15,306 [INFO] src.federated.client: Client classical_mlp_client_0 - Epoch 1/5 completed. Average Loss: 0.0001
2025-05-03 10:12:15,312 [INFO] src.federated.client: Client classical_mlp_client_0 - Epoch 2/5 completed. Average Loss: 0.0001
2025-05-03 10:12:15,321 [INFO] src.federated.client: Client classical_mlp_client_0 - Epoch 3/5 completed. Average Loss: 0.0001
2025-05-03 10:12:15,329 [INFO] src.federated.client: Client classical_mlp_client_0 - Epoch 4/5 completed. Average Loss: 0.0001
2025-05-03 10:12:15,336 [INFO] src.federated.client: Client classical_mlp_client_0 - Epoch 5/5 completed. Average Loss: 0.0001
2025-05-03 10:12:15,338 [INFO] src.federated.client: Client classical_mlp_client_0: Local training finished. Processed 115 samples.
2025-05-03 10:12:15,339 [INFO] src.federated.server: Aggregating updates from 3 clients using FedAvg.
2025-05-03 10:12:15,339 [INFO] src.federated.aggregation: FedAvg: Aggregating updates from 3 clients.
2025-05-03 10:12:15,341 [INFO] src.federated.aggregation: FedAvg: Aggregation complete.
2025-05-03 10:12:15,343 [INFO] src.federated.server: Global model updated with aggregated parameters.
2025-05-03 10:12:15,343 [INFO] src.federated.server: Evaluating updated global model...
2025-05-03 10:12:15,349 [INFO] src.federated.server: Round 14 completed in 0.14s. Eval Metrics: {'loss': 0.285792125724188, 'accuracy': 0.8947368421052632}
2025-05-03 10:12:15,350 [INFO] src.federated.server: ===== Starting Round 15/20 =====
2025-05-03 10:12:15,350 [INFO] src.federated.server: Starting federated training round...
2025-05-03 10:12:15,351 [INFO] src.federated.server: Selected 3 clients out of 5 available (fraction=0.1, min_clients=3): ['classical_mlp_client_3', 'classical_mlp_client_0', 'classical_mlp_client_1']
2025-05-03 10:12:15,354 [INFO] src.federated.client: Client classical_mlp_client_3: Starting local training for 5 epochs. Proximal term mu=0.0.
2025-05-03 10:12:15,362 [INFO] src.federated.client: Client classical_mlp_client_3 - Epoch 1/5 completed. Average Loss: 0.2687
2025-05-03 10:12:15,370 [INFO] src.federated.client: Client classical_mlp_client_3 - Epoch 2/5 completed. Average Loss: 0.1411
2025-05-03 10:12:15,379 [INFO] src.federated.client: Client classical_mlp_client_3 - Epoch 3/5 completed. Average Loss: 0.2061
2025-05-03 10:12:15,386 [INFO] src.federated.client: Client classical_mlp_client_3 - Epoch 4/5 completed. Average Loss: 0.2534
2025-05-03 10:12:15,392 [INFO] src.federated.client: Client classical_mlp_client_3 - Epoch 5/5 completed. Average Loss: 0.1798
2025-05-03 10:12:15,394 [INFO] src.federated.client: Client classical_mlp_client_3: Local training finished. Processed 110 samples.
2025-05-03 10:12:15,395 [INFO] src.federated.client: Client classical_mlp_client_0: Starting local training for 5 epochs. Proximal term mu=0.0.
2025-05-03 10:12:15,402 [INFO] src.federated.client: Client classical_mlp_client_0 - Epoch 1/5 completed. Average Loss: 0.0008
2025-05-03 10:12:15,407 [INFO] src.federated.client: Client classical_mlp_client_0 - Epoch 2/5 completed. Average Loss: 0.0007
2025-05-03 10:12:15,415 [INFO] src.federated.client: Client classical_mlp_client_0 - Epoch 3/5 completed. Average Loss: 0.0004
2025-05-03 10:12:15,422 [INFO] src.federated.client: Client classical_mlp_client_0 - Epoch 4/5 completed. Average Loss: 0.0003
2025-05-03 10:12:15,430 [INFO] src.federated.client: Client classical_mlp_client_0 - Epoch 5/5 completed. Average Loss: 0.0002
2025-05-03 10:12:15,432 [INFO] src.federated.client: Client classical_mlp_client_0: Local training finished. Processed 115 samples.
2025-05-03 10:12:15,434 [INFO] src.federated.client: Client classical_mlp_client_1: Starting local training for 5 epochs. Proximal term mu=0.0.
2025-05-03 10:12:15,441 [INFO] src.federated.client: Client classical_mlp_client_1 - Epoch 1/5 completed. Average Loss: 0.0003
2025-05-03 10:12:15,447 [INFO] src.federated.client: Client classical_mlp_client_1 - Epoch 2/5 completed. Average Loss: 0.0003
2025-05-03 10:12:15,454 [INFO] src.federated.client: Client classical_mlp_client_1 - Epoch 3/5 completed. Average Loss: 0.0003
2025-05-03 10:12:15,461 [INFO] src.federated.client: Client classical_mlp_client_1 - Epoch 4/5 completed. Average Loss: 0.0003
2025-05-03 10:12:15,468 [INFO] src.federated.client: Client classical_mlp_client_1 - Epoch 5/5 completed. Average Loss: 0.0002
2025-05-03 10:12:15,469 [INFO] src.federated.client: Client classical_mlp_client_1: Local training finished. Processed 115 samples.
2025-05-03 10:12:15,470 [INFO] src.federated.server: Aggregating updates from 3 clients using FedAvg.
2025-05-03 10:12:15,470 [INFO] src.federated.aggregation: FedAvg: Aggregating updates from 3 clients.
2025-05-03 10:12:15,472 [INFO] src.federated.aggregation: FedAvg: Aggregation complete.
2025-05-03 10:12:15,474 [INFO] src.federated.server: Global model updated with aggregated parameters.
2025-05-03 10:12:15,474 [INFO] src.federated.server: Evaluating updated global model...
2025-05-03 10:12:15,478 [INFO] src.federated.server: Round 15 completed in 0.13s. Eval Metrics: {'loss': 0.2770594636006923, 'accuracy': 0.9473684210526315}
2025-05-03 10:12:15,478 [INFO] src.federated.server: ===== Starting Round 16/20 =====
2025-05-03 10:12:15,478 [INFO] src.federated.server: Starting federated training round...
2025-05-03 10:12:15,479 [INFO] src.federated.server: Selected 3 clients out of 5 available (fraction=0.1, min_clients=3): ['classical_mlp_client_0', 'classical_mlp_client_2', 'classical_mlp_client_3']
2025-05-03 10:12:15,481 [INFO] src.federated.client: Client classical_mlp_client_0: Starting local training for 5 epochs. Proximal term mu=0.0.
2025-05-03 10:12:15,487 [INFO] src.federated.client: Client classical_mlp_client_0 - Epoch 1/5 completed. Average Loss: 0.0002
2025-05-03 10:12:15,495 [INFO] src.federated.client: Client classical_mlp_client_0 - Epoch 2/5 completed. Average Loss: 0.0002
2025-05-03 10:12:15,502 [INFO] src.federated.client: Client classical_mlp_client_0 - Epoch 3/5 completed. Average Loss: 0.0001
2025-05-03 10:12:15,510 [INFO] src.federated.client: Client classical_mlp_client_0 - Epoch 4/5 completed. Average Loss: 0.0001
2025-05-03 10:12:15,517 [INFO] src.federated.client: Client classical_mlp_client_0 - Epoch 5/5 completed. Average Loss: 0.0001
2025-05-03 10:12:15,519 [INFO] src.federated.client: Client classical_mlp_client_0: Local training finished. Processed 115 samples.
2025-05-03 10:12:15,520 [INFO] src.federated.client: Client classical_mlp_client_2: Starting local training for 5 epochs. Proximal term mu=0.0.
2025-05-03 10:12:15,526 [INFO] src.federated.client: Client classical_mlp_client_2 - Epoch 1/5 completed. Average Loss: 0.0027
2025-05-03 10:12:15,533 [INFO] src.federated.client: Client classical_mlp_client_2 - Epoch 2/5 completed. Average Loss: 0.0022
2025-05-03 10:12:15,541 [INFO] src.federated.client: Client classical_mlp_client_2 - Epoch 3/5 completed. Average Loss: 0.0015
2025-05-03 10:12:15,549 [INFO] src.federated.client: Client classical_mlp_client_2 - Epoch 4/5 completed. Average Loss: 0.0010
2025-05-03 10:12:15,556 [INFO] src.federated.client: Client classical_mlp_client_2 - Epoch 5/5 completed. Average Loss: 0.0007
2025-05-03 10:12:15,557 [INFO] src.federated.client: Client classical_mlp_client_2: Local training finished. Processed 110 samples.
2025-05-03 10:12:15,559 [INFO] src.federated.client: Client classical_mlp_client_3: Starting local training for 5 epochs. Proximal term mu=0.0.
2025-05-03 10:12:15,566 [INFO] src.federated.client: Client classical_mlp_client_3 - Epoch 1/5 completed. Average Loss: 0.1675
2025-05-03 10:12:15,572 [INFO] src.federated.client: Client classical_mlp_client_3 - Epoch 2/5 completed. Average Loss: 0.2158
2025-05-03 10:12:15,578 [INFO] src.federated.client: Client classical_mlp_client_3 - Epoch 3/5 completed. Average Loss: 0.1799
2025-05-03 10:12:15,584 [INFO] src.federated.client: Client classical_mlp_client_3 - Epoch 4/5 completed. Average Loss: 0.1203
2025-05-03 10:12:15,590 [INFO] src.federated.client: Client classical_mlp_client_3 - Epoch 5/5 completed. Average Loss: 0.1303
2025-05-03 10:12:15,591 [INFO] src.federated.client: Client classical_mlp_client_3: Local training finished. Processed 110 samples.
2025-05-03 10:12:15,592 [INFO] src.federated.server: Aggregating updates from 3 clients using FedAvg.
2025-05-03 10:12:15,592 [INFO] src.federated.aggregation: FedAvg: Aggregating updates from 3 clients.
2025-05-03 10:12:15,593 [INFO] src.federated.aggregation: FedAvg: Aggregation complete.
2025-05-03 10:12:15,595 [INFO] src.federated.server: Global model updated with aggregated parameters.
2025-05-03 10:12:15,595 [INFO] src.federated.server: Evaluating updated global model...
2025-05-03 10:12:15,599 [INFO] src.federated.server: Round 16 completed in 0.12s. Eval Metrics: {'loss': 0.2880670579318296, 'accuracy': 0.9473684210526315}
2025-05-03 10:12:15,600 [INFO] src.federated.server: ===== Starting Round 17/20 =====
2025-05-03 10:12:15,600 [INFO] src.federated.server: Starting federated training round...
2025-05-03 10:12:15,600 [INFO] src.federated.server: Selected 3 clients out of 5 available (fraction=0.1, min_clients=3): ['classical_mlp_client_4', 'classical_mlp_client_2', 'classical_mlp_client_3']
2025-05-03 10:12:15,603 [INFO] src.federated.client: Client classical_mlp_client_4: Starting local training for 5 epochs. Proximal term mu=0.0.
2025-05-03 10:12:15,610 [INFO] src.federated.client: Client classical_mlp_client_4 - Epoch 1/5 completed. Average Loss: 0.1085
2025-05-03 10:12:15,616 [INFO] src.federated.client: Client classical_mlp_client_4 - Epoch 2/5 completed. Average Loss: 0.0373
2025-05-03 10:12:15,622 [INFO] src.federated.client: Client classical_mlp_client_4 - Epoch 3/5 completed. Average Loss: 0.0069
2025-05-03 10:12:15,629 [INFO] src.federated.client: Client classical_mlp_client_4 - Epoch 4/5 completed. Average Loss: 0.0017
2025-05-03 10:12:15,635 [INFO] src.federated.client: Client classical_mlp_client_4 - Epoch 5/5 completed. Average Loss: 0.0026
2025-05-03 10:12:15,637 [INFO] src.federated.client: Client classical_mlp_client_4: Local training finished. Processed 110 samples.
2025-05-03 10:12:15,639 [INFO] src.federated.client: Client classical_mlp_client_2: Starting local training for 5 epochs. Proximal term mu=0.0.
2025-05-03 10:12:15,645 [INFO] src.federated.client: Client classical_mlp_client_2 - Epoch 1/5 completed. Average Loss: 0.0020
2025-05-03 10:12:15,651 [INFO] src.federated.client: Client classical_mlp_client_2 - Epoch 2/5 completed. Average Loss: 0.0021
2025-05-03 10:12:15,657 [INFO] src.federated.client: Client classical_mlp_client_2 - Epoch 3/5 completed. Average Loss: 0.0018
2025-05-03 10:12:15,664 [INFO] src.federated.client: Client classical_mlp_client_2 - Epoch 4/5 completed. Average Loss: 0.0014
2025-05-03 10:12:15,671 [INFO] src.federated.client: Client classical_mlp_client_2 - Epoch 5/5 completed. Average Loss: 0.0010
2025-05-03 10:12:15,672 [INFO] src.federated.client: Client classical_mlp_client_2: Local training finished. Processed 110 samples.
2025-05-03 10:12:15,673 [INFO] src.federated.client: Client classical_mlp_client_3: Starting local training for 5 epochs. Proximal term mu=0.0.
2025-05-03 10:12:15,680 [INFO] src.federated.client: Client classical_mlp_client_3 - Epoch 1/5 completed. Average Loss: 0.1454
2025-05-03 10:12:15,687 [INFO] src.federated.client: Client classical_mlp_client_3 - Epoch 2/5 completed. Average Loss: 0.1442
2025-05-03 10:12:15,694 [INFO] src.federated.client: Client classical_mlp_client_3 - Epoch 3/5 completed. Average Loss: 0.1244
2025-05-03 10:12:15,700 [INFO] src.federated.client: Client classical_mlp_client_3 - Epoch 4/5 completed. Average Loss: 0.1087
2025-05-03 10:12:15,706 [INFO] src.federated.client: Client classical_mlp_client_3 - Epoch 5/5 completed. Average Loss: 0.1159
2025-05-03 10:12:15,708 [INFO] src.federated.client: Client classical_mlp_client_3: Local training finished. Processed 110 samples.
2025-05-03 10:12:15,708 [INFO] src.federated.server: Aggregating updates from 3 clients using FedAvg.
2025-05-03 10:12:15,708 [INFO] src.federated.aggregation: FedAvg: Aggregating updates from 3 clients.
2025-05-03 10:12:15,710 [INFO] src.federated.aggregation: FedAvg: Aggregation complete.
2025-05-03 10:12:15,711 [INFO] src.federated.server: Global model updated with aggregated parameters.
2025-05-03 10:12:15,711 [INFO] src.federated.server: Evaluating updated global model...
2025-05-03 10:12:15,715 [INFO] src.federated.server: Round 17 completed in 0.11s. Eval Metrics: {'loss': 0.38074231033639805, 'accuracy': 0.8947368421052632}
2025-05-03 10:12:15,715 [INFO] src.federated.server: ===== Starting Round 18/20 =====
2025-05-03 10:12:15,715 [INFO] src.federated.server: Starting federated training round...
2025-05-03 10:12:15,715 [INFO] src.federated.server: Selected 3 clients out of 5 available (fraction=0.1, min_clients=3): ['classical_mlp_client_1', 'classical_mlp_client_0', 'classical_mlp_client_3']
2025-05-03 10:12:15,719 [INFO] src.federated.client: Client classical_mlp_client_1: Starting local training for 5 epochs. Proximal term mu=0.0.
2025-05-03 10:12:15,725 [INFO] src.federated.client: Client classical_mlp_client_1 - Epoch 1/5 completed. Average Loss: 0.0008
2025-05-03 10:12:15,732 [INFO] src.federated.client: Client classical_mlp_client_1 - Epoch 2/5 completed. Average Loss: 0.0006
2025-05-03 10:12:15,738 [INFO] src.federated.client: Client classical_mlp_client_1 - Epoch 3/5 completed. Average Loss: 0.0004
2025-05-03 10:12:15,746 [INFO] src.federated.client: Client classical_mlp_client_1 - Epoch 4/5 completed. Average Loss: 0.0003
2025-05-03 10:12:15,753 [INFO] src.federated.client: Client classical_mlp_client_1 - Epoch 5/5 completed. Average Loss: 0.0003
2025-05-03 10:12:15,754 [INFO] src.federated.client: Client classical_mlp_client_1: Local training finished. Processed 115 samples.
2025-05-03 10:12:15,756 [INFO] src.federated.client: Client classical_mlp_client_0: Starting local training for 5 epochs. Proximal term mu=0.0.
2025-05-03 10:12:15,762 [INFO] src.federated.client: Client classical_mlp_client_0 - Epoch 1/5 completed. Average Loss: 0.0009
2025-05-03 10:12:15,769 [INFO] src.federated.client: Client classical_mlp_client_0 - Epoch 2/5 completed. Average Loss: 0.0006
2025-05-03 10:12:15,775 [INFO] src.federated.client: Client classical_mlp_client_0 - Epoch 3/5 completed. Average Loss: 0.0003
2025-05-03 10:12:15,781 [INFO] src.federated.client: Client classical_mlp_client_0 - Epoch 4/5 completed. Average Loss: 0.0002
2025-05-03 10:12:15,788 [INFO] src.federated.client: Client classical_mlp_client_0 - Epoch 5/5 completed. Average Loss: 0.0001
2025-05-03 10:12:15,789 [INFO] src.federated.client: Client classical_mlp_client_0: Local training finished. Processed 115 samples.
2025-05-03 10:12:15,791 [INFO] src.federated.client: Client classical_mlp_client_3: Starting local training for 5 epochs. Proximal term mu=0.0.
2025-05-03 10:12:15,797 [INFO] src.federated.client: Client classical_mlp_client_3 - Epoch 1/5 completed. Average Loss: 0.2564
2025-05-03 10:12:15,803 [INFO] src.federated.client: Client classical_mlp_client_3 - Epoch 2/5 completed. Average Loss: 0.1596
2025-05-03 10:12:15,810 [INFO] src.federated.client: Client classical_mlp_client_3 - Epoch 3/5 completed. Average Loss: 0.1182
2025-05-03 10:12:15,817 [INFO] src.federated.client: Client classical_mlp_client_3 - Epoch 4/5 completed. Average Loss: 0.1724
2025-05-03 10:12:15,824 [INFO] src.federated.client: Client classical_mlp_client_3 - Epoch 5/5 completed. Average Loss: 0.1947
2025-05-03 10:12:15,825 [INFO] src.federated.client: Client classical_mlp_client_3: Local training finished. Processed 110 samples.
2025-05-03 10:12:15,826 [INFO] src.federated.server: Aggregating updates from 3 clients using FedAvg.
2025-05-03 10:12:15,826 [INFO] src.federated.aggregation: FedAvg: Aggregating updates from 3 clients.
2025-05-03 10:12:15,827 [INFO] src.federated.aggregation: FedAvg: Aggregation complete.
2025-05-03 10:12:15,829 [INFO] src.federated.server: Global model updated with aggregated parameters.
2025-05-03 10:12:15,829 [INFO] src.federated.server: Evaluating updated global model...
2025-05-03 10:12:15,833 [INFO] src.federated.server: Round 18 completed in 0.12s. Eval Metrics: {'loss': 0.3383334979915727, 'accuracy': 0.9473684210526315}
2025-05-03 10:12:15,833 [INFO] src.federated.server: ===== Starting Round 19/20 =====
2025-05-03 10:12:15,834 [INFO] src.federated.server: Starting federated training round...
2025-05-03 10:12:15,834 [INFO] src.federated.server: Selected 3 clients out of 5 available (fraction=0.1, min_clients=3): ['classical_mlp_client_1', 'classical_mlp_client_2', 'classical_mlp_client_0']
2025-05-03 10:12:15,836 [INFO] src.federated.client: Client classical_mlp_client_1: Starting local training for 5 epochs. Proximal term mu=0.0.
2025-05-03 10:12:15,843 [INFO] src.federated.client: Client classical_mlp_client_1 - Epoch 1/5 completed. Average Loss: 0.0016
2025-05-03 10:12:15,849 [INFO] src.federated.client: Client classical_mlp_client_1 - Epoch 2/5 completed. Average Loss: 0.0012
2025-05-03 10:12:15,856 [INFO] src.federated.client: Client classical_mlp_client_1 - Epoch 3/5 completed. Average Loss: 0.0007
2025-05-03 10:12:15,863 [INFO] src.federated.client: Client classical_mlp_client_1 - Epoch 4/5 completed. Average Loss: 0.0004
2025-05-03 10:12:15,870 [INFO] src.federated.client: Client classical_mlp_client_1 - Epoch 5/5 completed. Average Loss: 0.0003
2025-05-03 10:12:15,871 [INFO] src.federated.client: Client classical_mlp_client_1: Local training finished. Processed 115 samples.
2025-05-03 10:12:15,873 [INFO] src.federated.client: Client classical_mlp_client_2: Starting local training for 5 epochs. Proximal term mu=0.0.
2025-05-03 10:12:15,879 [INFO] src.federated.client: Client classical_mlp_client_2 - Epoch 1/5 completed. Average Loss: 0.0022
2025-05-03 10:12:15,887 [INFO] src.federated.client: Client classical_mlp_client_2 - Epoch 2/5 completed. Average Loss: 0.0020
2025-05-03 10:12:15,896 [INFO] src.federated.client: Client classical_mlp_client_2 - Epoch 3/5 completed. Average Loss: 0.0018
2025-05-03 10:12:15,902 [INFO] src.federated.client: Client classical_mlp_client_2 - Epoch 4/5 completed. Average Loss: 0.0015
2025-05-03 10:12:15,907 [INFO] src.federated.client: Client classical_mlp_client_2 - Epoch 5/5 completed. Average Loss: 0.0012
2025-05-03 10:12:15,909 [INFO] src.federated.client: Client classical_mlp_client_2: Local training finished. Processed 110 samples.
2025-05-03 10:12:15,911 [INFO] src.federated.client: Client classical_mlp_client_0: Starting local training for 5 epochs. Proximal term mu=0.0.
2025-05-03 10:12:15,917 [INFO] src.federated.client: Client classical_mlp_client_0 - Epoch 1/5 completed. Average Loss: 0.0002
2025-05-03 10:12:15,924 [INFO] src.federated.client: Client classical_mlp_client_0 - Epoch 2/5 completed. Average Loss: 0.0002
2025-05-03 10:12:15,930 [INFO] src.federated.client: Client classical_mlp_client_0 - Epoch 3/5 completed. Average Loss: 0.0002
2025-05-03 10:12:15,937 [INFO] src.federated.client: Client classical_mlp_client_0 - Epoch 4/5 completed. Average Loss: 0.0002
2025-05-03 10:12:15,943 [INFO] src.federated.client: Client classical_mlp_client_0 - Epoch 5/5 completed. Average Loss: 0.0003
2025-05-03 10:12:15,944 [INFO] src.federated.client: Client classical_mlp_client_0: Local training finished. Processed 115 samples.
2025-05-03 10:12:15,945 [INFO] src.federated.server: Aggregating updates from 3 clients using FedAvg.
2025-05-03 10:12:15,945 [INFO] src.federated.aggregation: FedAvg: Aggregating updates from 3 clients.
2025-05-03 10:12:15,946 [INFO] src.federated.aggregation: FedAvg: Aggregation complete.
2025-05-03 10:12:15,948 [INFO] src.federated.server: Global model updated with aggregated parameters.
2025-05-03 10:12:15,948 [INFO] src.federated.server: Evaluating updated global model...
2025-05-03 10:12:15,952 [INFO] src.federated.server: Round 19 completed in 0.12s. Eval Metrics: {'loss': 0.3088016278972638, 'accuracy': 0.9473684210526315}
2025-05-03 10:12:15,952 [INFO] src.federated.server: ===== Starting Round 20/20 =====
2025-05-03 10:12:15,952 [INFO] src.federated.server: Starting federated training round...
2025-05-03 10:12:15,953 [INFO] src.federated.server: Selected 3 clients out of 5 available (fraction=0.1, min_clients=3): ['classical_mlp_client_1', 'classical_mlp_client_0', 'classical_mlp_client_4']
2025-05-03 10:12:15,956 [INFO] src.federated.client: Client classical_mlp_client_1: Starting local training for 5 epochs. Proximal term mu=0.0.
2025-05-03 10:12:15,962 [INFO] src.federated.client: Client classical_mlp_client_1 - Epoch 1/5 completed. Average Loss: 0.0007
2025-05-03 10:12:15,969 [INFO] src.federated.client: Client classical_mlp_client_1 - Epoch 2/5 completed. Average Loss: 0.0004
2025-05-03 10:12:15,976 [INFO] src.federated.client: Client classical_mlp_client_1 - Epoch 3/5 completed. Average Loss: 0.0003
2025-05-03 10:12:15,981 [INFO] src.federated.client: Client classical_mlp_client_1 - Epoch 4/5 completed. Average Loss: 0.0002
2025-05-03 10:12:15,987 [INFO] src.federated.client: Client classical_mlp_client_1 - Epoch 5/5 completed. Average Loss: 0.0003
2025-05-03 10:12:15,989 [INFO] src.federated.client: Client classical_mlp_client_1: Local training finished. Processed 115 samples.
2025-05-03 10:12:15,990 [INFO] src.federated.client: Client classical_mlp_client_0: Starting local training for 5 epochs. Proximal term mu=0.0.
2025-05-03 10:12:15,996 [INFO] src.federated.client: Client classical_mlp_client_0 - Epoch 1/5 completed. Average Loss: 0.0001
2025-05-03 10:12:16,003 [INFO] src.federated.client: Client classical_mlp_client_0 - Epoch 2/5 completed. Average Loss: 0.0001
2025-05-03 10:12:16,009 [INFO] src.federated.client: Client classical_mlp_client_0 - Epoch 3/5 completed. Average Loss: 0.0001
2025-05-03 10:12:16,015 [INFO] src.federated.client: Client classical_mlp_client_0 - Epoch 4/5 completed. Average Loss: 0.0001
2025-05-03 10:12:16,022 [INFO] src.federated.client: Client classical_mlp_client_0 - Epoch 5/5 completed. Average Loss: 0.0001
2025-05-03 10:12:16,024 [INFO] src.federated.client: Client classical_mlp_client_0: Local training finished. Processed 115 samples.
2025-05-03 10:12:16,025 [INFO] src.federated.client: Client classical_mlp_client_4: Starting local training for 5 epochs. Proximal term mu=0.0.
2025-05-03 10:12:16,031 [INFO] src.federated.client: Client classical_mlp_client_4 - Epoch 1/5 completed. Average Loss: 0.0460
2025-05-03 10:12:16,037 [INFO] src.federated.client: Client classical_mlp_client_4 - Epoch 2/5 completed. Average Loss: 0.0066
2025-05-03 10:12:16,043 [INFO] src.federated.client: Client classical_mlp_client_4 - Epoch 3/5 completed. Average Loss: 0.0016
2025-05-03 10:12:16,051 [INFO] src.federated.client: Client classical_mlp_client_4 - Epoch 4/5 completed. Average Loss: 0.0045
2025-05-03 10:12:16,058 [INFO] src.federated.client: Client classical_mlp_client_4 - Epoch 5/5 completed. Average Loss: 0.0190
2025-05-03 10:12:16,060 [INFO] src.federated.client: Client classical_mlp_client_4: Local training finished. Processed 110 samples.
2025-05-03 10:12:16,061 [INFO] src.federated.server: Aggregating updates from 3 clients using FedAvg.
2025-05-03 10:12:16,061 [INFO] src.federated.aggregation: FedAvg: Aggregating updates from 3 clients.
2025-05-03 10:12:16,063 [INFO] src.federated.aggregation: FedAvg: Aggregation complete.
2025-05-03 10:12:16,065 [INFO] src.federated.server: Global model updated with aggregated parameters.
2025-05-03 10:12:16,065 [INFO] src.federated.server: Evaluating updated global model...
2025-05-03 10:12:16,071 [INFO] src.federated.server: Round 20 completed in 0.12s. Eval Metrics: {'loss': 0.3954961902935304, 'accuracy': 0.868421052631579}
2025-05-03 10:12:16,071 [INFO] src.federated.server: Federated training process completed after 20 rounds.
2025-05-03 10:12:16,071 [INFO] ExperimentRunner: ========== Finished Iris_MLP_FedAvg_IID ==========

2025-05-03 10:12:16,071 [INFO] ExperimentRunner: ========== Starting Iris_MLP_FedAvg_NonIID_a0.3 ==========
2025-05-03 10:12:16,072 [INFO] ExperimentRunner: --- Setting up experiment: Iris_MLP_FedAvg_NonIID_a0.3 ---
2025-05-03 10:12:16,073 [INFO] src.utils.data_utils: Set random seed to 42
2025-05-03 10:12:16,080 [INFO] src.utils.data_utils: Successfully loaded configuration from /home/dhanraj/quantum_federated_simulator/configs/federated/server_config.yaml
2025-05-03 10:12:16,085 [INFO] src.utils.data_utils: Successfully loaded configuration from /home/dhanraj/quantum_federated_simulator/configs/federated/client_config.yaml
2025-05-03 10:12:16,091 [INFO] src.utils.data_utils: Successfully loaded configuration from /home/dhanraj/quantum_federated_simulator/configs/federated/default_aggregation.yaml
2025-05-03 10:12:16,091 [INFO] src.utils.data_utils: Partitioning data Non-IID (Dirichlet alpha=0.3) among 5 clients.
2025-05-03 10:12:16,097 [INFO] src.utils.data_utils: Data partitioning complete.
2025-05-03 10:12:16,098 [INFO] ExperimentRunner: Creating model of type: classical_mlp
2025-05-03 10:12:16,098 [INFO] src.federated.aggregation: Creating aggregation strategy of type: fedavg
2025-05-03 10:12:16,099 [INFO] ExperimentRunner: Using aggregation strategy: FedAvg
2025-05-03 10:12:16,101 [INFO] src.federated.server: Federated server initialized on device 'cuda' with aggregation strategy: FedAvg
2025-05-03 10:12:16,101 [INFO] ExperimentRunner: Creating model of type: classical_mlp
2025-05-03 10:12:16,104 [INFO] src.federated.client: Client classical_mlp_client_0 initialized on device 'cuda' with 25 samples.
2025-05-03 10:12:16,104 [INFO] src.federated.server: Registered client 'classical_mlp_client_0'. Total clients: 1.
2025-05-03 10:12:16,104 [INFO] ExperimentRunner: Creating model of type: classical_mlp
2025-05-03 10:12:16,106 [ERROR] ExperimentRunner: ========== Experiment Iris_MLP_FedAvg_NonIID_a0.3 failed: num_samples should be a positive integer value, but got num_samples=0 ==========
Traceback (most recent call last):
  File "/home/dhanraj/quantum_federated_simulator/run_iris_experiment.py", line 254, in run_all_experiments
    server, server_cfg = setup_federated_scenario(exp_config, train_data, test_data, n_features_original)
                         ^^^^^^^^^^^^^^^^^^^^^^^^^^^^^^^^^^^^^^^^^^^^^^^^^^^^^^^^^^^^^^^^^^^^^^^^^^^^^^^^
  File "/home/dhanraj/quantum_federated_simulator/run_iris_experiment.py", line 220, in setup_federated_scenario
    client = ClientClass(client_id=client_id, model=client_model_instance, dataset=client_datasets[i], **client_setup_kwargs)
             ^^^^^^^^^^^^^^^^^^^^^^^^^^^^^^^^^^^^^^^^^^^^^^^^^^^^^^^^^^^^^^^^^^^^^^^^^^^^^^^^^^^^^^^^^^^^^^^^^^^^^^^^^^^^^^^^
  File "/home/dhanraj/quantum_federated_simulator/src/federated/client.py", line 102, in __init__
    self.data_loader = DataLoader(
                       ^^^^^^^^^^^
  File "/home/dhanraj/quantum_federated_simulator/qfl-env/lib/python3.12/site-packages/torch/utils/data/dataloader.py", line 383, in __init__
    sampler = RandomSampler(dataset, generator=generator)  # type: ignore[arg-type]
              ^^^^^^^^^^^^^^^^^^^^^^^^^^^^^^^^^^^^^^^^^^^
  File "/home/dhanraj/quantum_federated_simulator/qfl-env/lib/python3.12/site-packages/torch/utils/data/sampler.py", line 165, in __init__
    raise ValueError(
ValueError: num_samples should be a positive integer value, but got num_samples=0
2025-05-03 10:12:16,110 [INFO] ExperimentRunner: ========== Starting Iris_MLP_FedProx_IID ==========
2025-05-03 10:12:16,111 [INFO] ExperimentRunner: --- Setting up experiment: Iris_MLP_FedProx_IID ---
2025-05-03 10:12:16,111 [INFO] src.utils.data_utils: Set random seed to 42
2025-05-03 10:12:16,120 [INFO] src.utils.data_utils: Successfully loaded configuration from /home/dhanraj/quantum_federated_simulator/configs/federated/server_config.yaml
2025-05-03 10:12:16,125 [INFO] src.utils.data_utils: Successfully loaded configuration from /home/dhanraj/quantum_federated_simulator/configs/federated/client_config.yaml
2025-05-03 10:12:16,131 [INFO] src.utils.data_utils: Successfully loaded configuration from /home/dhanraj/quantum_federated_simulator/configs/federated/default_aggregation.yaml
2025-05-03 10:12:16,131 [INFO] src.utils.data_utils: Partitioning data IID among 5 clients.
2025-05-03 10:12:16,132 [INFO] src.utils.data_utils: Data partitioning complete.
2025-05-03 10:12:16,132 [INFO] ExperimentRunner: Creating model of type: classical_mlp
2025-05-03 10:12:16,133 [INFO] src.federated.aggregation: Creating aggregation strategy of type: fedavg
2025-05-03 10:12:16,133 [INFO] ExperimentRunner: Using aggregation strategy: FedAvg
2025-05-03 10:12:16,134 [INFO] src.federated.server: Federated server initialized on device 'cuda' with aggregation strategy: FedAvg
2025-05-03 10:12:16,135 [INFO] ExperimentRunner: Creating model of type: classical_mlp
2025-05-03 10:12:16,137 [INFO] src.federated.client: Client classical_mlp_client_0 initialized on device 'cuda' with 23 samples.
2025-05-03 10:12:16,137 [INFO] src.federated.server: Registered client 'classical_mlp_client_0'. Total clients: 1.
2025-05-03 10:12:16,137 [INFO] ExperimentRunner: Creating model of type: classical_mlp
2025-05-03 10:12:16,140 [INFO] src.federated.client: Client classical_mlp_client_1 initialized on device 'cuda' with 23 samples.
2025-05-03 10:12:16,141 [INFO] src.federated.server: Registered client 'classical_mlp_client_1'. Total clients: 2.
2025-05-03 10:12:16,141 [INFO] ExperimentRunner: Creating model of type: classical_mlp
2025-05-03 10:12:16,143 [INFO] src.federated.client: Client classical_mlp_client_2 initialized on device 'cuda' with 22 samples.
2025-05-03 10:12:16,143 [INFO] src.federated.server: Registered client 'classical_mlp_client_2'. Total clients: 3.
2025-05-03 10:12:16,143 [INFO] ExperimentRunner: Creating model of type: classical_mlp
2025-05-03 10:12:16,146 [INFO] src.federated.client: Client classical_mlp_client_3 initialized on device 'cuda' with 22 samples.
2025-05-03 10:12:16,147 [INFO] src.federated.server: Registered client 'classical_mlp_client_3'. Total clients: 4.
2025-05-03 10:12:16,147 [INFO] ExperimentRunner: Creating model of type: classical_mlp
2025-05-03 10:12:16,149 [INFO] src.federated.client: Client classical_mlp_client_4 initialized on device 'cuda' with 22 samples.
2025-05-03 10:12:16,149 [INFO] src.federated.server: Registered client 'classical_mlp_client_4'. Total clients: 5.
2025-05-03 10:12:16,150 [INFO] ExperimentRunner: --- Scenario setup complete for Iris_MLP_FedProx_IID ---
2025-05-03 10:12:16,151 [INFO] src.federated.server: Starting federated training process for 20 rounds.
2025-05-03 10:12:16,152 [INFO] src.federated.server: Config: local_epochs=5, client_fraction=0.1, min_clients=3, FedProx mu=0.01
2025-05-03 10:12:16,152 [INFO] src.federated.server: Performing initial evaluation of global model...
2025-05-03 10:12:16,157 [INFO] src.federated.server: Initial Evaluation Metrics: {'loss': 1.107144706056725, 'accuracy': 0.34210526315789475}
2025-05-03 10:12:16,157 [INFO] src.federated.server: ===== Starting Round 1/20 =====
2025-05-03 10:12:16,157 [INFO] src.federated.server: Starting federated training round...
2025-05-03 10:12:16,158 [INFO] src.federated.server: Selected 3 clients out of 5 available (fraction=0.1, min_clients=3): ['classical_mlp_client_0', 'classical_mlp_client_4', 'classical_mlp_client_2']
2025-05-03 10:12:16,160 [INFO] src.federated.client: Client classical_mlp_client_0: Starting local training for 5 epochs. Proximal term mu=0.01.
2025-05-03 10:12:16,311 [INFO] src.federated.client: Client classical_mlp_client_0 - Epoch 1/5 completed. Average Loss: 1.1131
2025-05-03 10:12:16,321 [INFO] src.federated.client: Client classical_mlp_client_0 - Epoch 2/5 completed. Average Loss: 1.0479
2025-05-03 10:12:16,331 [INFO] src.federated.client: Client classical_mlp_client_0 - Epoch 3/5 completed. Average Loss: 0.9774
2025-05-03 10:12:16,341 [INFO] src.federated.client: Client classical_mlp_client_0 - Epoch 4/5 completed. Average Loss: 0.8966
2025-05-03 10:12:16,355 [INFO] src.federated.client: Client classical_mlp_client_0 - Epoch 5/5 completed. Average Loss: 0.8080
2025-05-03 10:12:16,356 [INFO] src.federated.client: Client classical_mlp_client_0: Local training finished. Processed 115 samples.
2025-05-03 10:12:16,357 [INFO] src.federated.client: Client classical_mlp_client_4: Starting local training for 5 epochs. Proximal term mu=0.01.
2025-05-03 10:12:16,370 [INFO] src.federated.client: Client classical_mlp_client_4 - Epoch 1/5 completed. Average Loss: 1.0941
2025-05-03 10:12:16,380 [INFO] src.federated.client: Client classical_mlp_client_4 - Epoch 2/5 completed. Average Loss: 1.0477
2025-05-03 10:12:16,392 [INFO] src.federated.client: Client classical_mlp_client_4 - Epoch 3/5 completed. Average Loss: 0.9908
2025-05-03 10:12:16,401 [INFO] src.federated.client: Client classical_mlp_client_4 - Epoch 4/5 completed. Average Loss: 0.9221
2025-05-03 10:12:16,410 [INFO] src.federated.client: Client classical_mlp_client_4 - Epoch 5/5 completed. Average Loss: 0.8451
2025-05-03 10:12:16,412 [INFO] src.federated.client: Client classical_mlp_client_4: Local training finished. Processed 110 samples.
2025-05-03 10:12:16,413 [INFO] src.federated.client: Client classical_mlp_client_2: Starting local training for 5 epochs. Proximal term mu=0.01.
2025-05-03 10:12:16,426 [INFO] src.federated.client: Client classical_mlp_client_2 - Epoch 1/5 completed. Average Loss: 1.1296
2025-05-03 10:12:16,436 [INFO] src.federated.client: Client classical_mlp_client_2 - Epoch 2/5 completed. Average Loss: 1.0444
2025-05-03 10:12:16,446 [INFO] src.federated.client: Client classical_mlp_client_2 - Epoch 3/5 completed. Average Loss: 0.9463
2025-05-03 10:12:16,455 [INFO] src.federated.client: Client classical_mlp_client_2 - Epoch 4/5 completed. Average Loss: 0.8360
2025-05-03 10:12:16,463 [INFO] src.federated.client: Client classical_mlp_client_2 - Epoch 5/5 completed. Average Loss: 0.7191
2025-05-03 10:12:16,465 [INFO] src.federated.client: Client classical_mlp_client_2: Local training finished. Processed 110 samples.
2025-05-03 10:12:16,466 [INFO] src.federated.server: Aggregating updates from 3 clients using FedAvg.
2025-05-03 10:12:16,466 [INFO] src.federated.aggregation: FedAvg: Aggregating updates from 3 clients.
2025-05-03 10:12:16,467 [INFO] src.federated.aggregation: FedAvg: Aggregation complete.
2025-05-03 10:12:16,469 [INFO] src.federated.server: Global model updated with aggregated parameters.
2025-05-03 10:12:16,469 [INFO] src.federated.server: Evaluating updated global model...
2025-05-03 10:12:16,474 [INFO] src.federated.server: Round 1 completed in 0.32s. Eval Metrics: {'loss': 0.7751818788942131, 'accuracy': 0.6578947368421053}
2025-05-03 10:12:16,474 [INFO] src.federated.server: ===== Starting Round 2/20 =====
2025-05-03 10:12:16,474 [INFO] src.federated.server: Starting federated training round...
2025-05-03 10:12:16,475 [INFO] src.federated.server: Selected 3 clients out of 5 available (fraction=0.1, min_clients=3): ['classical_mlp_client_2', 'classical_mlp_client_1', 'classical_mlp_client_0']
2025-05-03 10:12:16,477 [INFO] src.federated.client: Client classical_mlp_client_2: Starting local training for 5 epochs. Proximal term mu=0.01.
2025-05-03 10:12:16,489 [INFO] src.federated.client: Client classical_mlp_client_2 - Epoch 1/5 completed. Average Loss: 0.6562
2025-05-03 10:12:16,502 [INFO] src.federated.client: Client classical_mlp_client_2 - Epoch 2/5 completed. Average Loss: 0.5332
2025-05-03 10:12:16,511 [INFO] src.federated.client: Client classical_mlp_client_2 - Epoch 3/5 completed. Average Loss: 0.4402
2025-05-03 10:12:16,521 [INFO] src.federated.client: Client classical_mlp_client_2 - Epoch 4/5 completed. Average Loss: 0.3826
2025-05-03 10:12:16,533 [INFO] src.federated.client: Client classical_mlp_client_2 - Epoch 5/5 completed. Average Loss: 0.3469
2025-05-03 10:12:16,534 [INFO] src.federated.client: Client classical_mlp_client_2: Local training finished. Processed 110 samples.
2025-05-03 10:12:16,536 [INFO] src.federated.client: Client classical_mlp_client_1: Starting local training for 5 epochs. Proximal term mu=0.01.
2025-05-03 10:12:16,547 [INFO] src.federated.client: Client classical_mlp_client_1 - Epoch 1/5 completed. Average Loss: 0.6944
2025-05-03 10:12:16,558 [INFO] src.federated.client: Client classical_mlp_client_1 - Epoch 2/5 completed. Average Loss: 0.5725
2025-05-03 10:12:16,573 [INFO] src.federated.client: Client classical_mlp_client_1 - Epoch 3/5 completed. Average Loss: 0.4753
2025-05-03 10:12:16,586 [INFO] src.federated.client: Client classical_mlp_client_1 - Epoch 4/5 completed. Average Loss: 0.4040
2025-05-03 10:12:16,595 [INFO] src.federated.client: Client classical_mlp_client_1 - Epoch 5/5 completed. Average Loss: 0.3477
2025-05-03 10:12:16,597 [INFO] src.federated.client: Client classical_mlp_client_1: Local training finished. Processed 115 samples.
2025-05-03 10:12:16,598 [INFO] src.federated.client: Client classical_mlp_client_0: Starting local training for 5 epochs. Proximal term mu=0.01.
2025-05-03 10:12:16,613 [INFO] src.federated.client: Client classical_mlp_client_0 - Epoch 1/5 completed. Average Loss: 0.7500
2025-05-03 10:12:16,624 [INFO] src.federated.client: Client classical_mlp_client_0 - Epoch 2/5 completed. Average Loss: 0.6520
2025-05-03 10:12:16,638 [INFO] src.federated.client: Client classical_mlp_client_0 - Epoch 3/5 completed. Average Loss: 0.5606
2025-05-03 10:12:16,652 [INFO] src.federated.client: Client classical_mlp_client_0 - Epoch 4/5 completed. Average Loss: 0.4845
2025-05-03 10:12:16,665 [INFO] src.federated.client: Client classical_mlp_client_0 - Epoch 5/5 completed. Average Loss: 0.4205
2025-05-03 10:12:16,667 [INFO] src.federated.client: Client classical_mlp_client_0: Local training finished. Processed 115 samples.
2025-05-03 10:12:16,667 [INFO] src.federated.server: Aggregating updates from 3 clients using FedAvg.
2025-05-03 10:12:16,668 [INFO] src.federated.aggregation: FedAvg: Aggregating updates from 3 clients.
2025-05-03 10:12:16,669 [INFO] src.federated.aggregation: FedAvg: Aggregation complete.
2025-05-03 10:12:16,670 [INFO] src.federated.server: Global model updated with aggregated parameters.
2025-05-03 10:12:16,671 [INFO] src.federated.server: Evaluating updated global model...
2025-05-03 10:12:16,674 [INFO] src.federated.server: Round 2 completed in 0.20s. Eval Metrics: {'loss': 0.48355267548027203, 'accuracy': 0.7631578947368421}
2025-05-03 10:12:16,674 [INFO] src.federated.server: ===== Starting Round 3/20 =====
2025-05-03 10:12:16,675 [INFO] src.federated.server: Starting federated training round...
2025-05-03 10:12:16,675 [INFO] src.federated.server: Selected 3 clients out of 5 available (fraction=0.1, min_clients=3): ['classical_mlp_client_1', 'classical_mlp_client_0', 'classical_mlp_client_2']
2025-05-03 10:12:16,677 [INFO] src.federated.client: Client classical_mlp_client_1: Starting local training for 5 epochs. Proximal term mu=0.01.
2025-05-03 10:12:16,689 [INFO] src.federated.client: Client classical_mlp_client_1 - Epoch 1/5 completed. Average Loss: 0.3203
2025-05-03 10:12:16,702 [INFO] src.federated.client: Client classical_mlp_client_1 - Epoch 2/5 completed. Average Loss: 0.2647
2025-05-03 10:12:16,712 [INFO] src.federated.client: Client classical_mlp_client_1 - Epoch 3/5 completed. Average Loss: 0.2124
2025-05-03 10:12:16,722 [INFO] src.federated.client: Client classical_mlp_client_1 - Epoch 4/5 completed. Average Loss: 0.1663
2025-05-03 10:12:16,731 [INFO] src.federated.client: Client classical_mlp_client_1 - Epoch 5/5 completed. Average Loss: 0.1280
2025-05-03 10:12:16,733 [INFO] src.federated.client: Client classical_mlp_client_1: Local training finished. Processed 115 samples.
2025-05-03 10:12:16,734 [INFO] src.federated.client: Client classical_mlp_client_0: Starting local training for 5 epochs. Proximal term mu=0.01.
2025-05-03 10:12:16,747 [INFO] src.federated.client: Client classical_mlp_client_0 - Epoch 1/5 completed. Average Loss: 0.3974
2025-05-03 10:12:16,763 [INFO] src.federated.client: Client classical_mlp_client_0 - Epoch 2/5 completed. Average Loss: 0.3298
2025-05-03 10:12:16,773 [INFO] src.federated.client: Client classical_mlp_client_0 - Epoch 3/5 completed. Average Loss: 0.2652
2025-05-03 10:12:16,787 [INFO] src.federated.client: Client classical_mlp_client_0 - Epoch 4/5 completed. Average Loss: 0.2118
2025-05-03 10:12:16,798 [INFO] src.federated.client: Client classical_mlp_client_0 - Epoch 5/5 completed. Average Loss: 0.1727
2025-05-03 10:12:16,799 [INFO] src.federated.client: Client classical_mlp_client_0: Local training finished. Processed 115 samples.
2025-05-03 10:12:16,801 [INFO] src.federated.client: Client classical_mlp_client_2: Starting local training for 5 epochs. Proximal term mu=0.01.
2025-05-03 10:12:16,811 [INFO] src.federated.client: Client classical_mlp_client_2 - Epoch 1/5 completed. Average Loss: 0.2580
2025-05-03 10:12:16,824 [INFO] src.federated.client: Client classical_mlp_client_2 - Epoch 2/5 completed. Average Loss: 0.2237
2025-05-03 10:12:16,838 [INFO] src.federated.client: Client classical_mlp_client_2 - Epoch 3/5 completed. Average Loss: 0.1916
2025-05-03 10:12:16,852 [INFO] src.federated.client: Client classical_mlp_client_2 - Epoch 4/5 completed. Average Loss: 0.1632
2025-05-03 10:12:16,863 [INFO] src.federated.client: Client classical_mlp_client_2 - Epoch 5/5 completed. Average Loss: 0.1377
2025-05-03 10:12:16,864 [INFO] src.federated.client: Client classical_mlp_client_2: Local training finished. Processed 110 samples.
2025-05-03 10:12:16,864 [INFO] src.federated.server: Aggregating updates from 3 clients using FedAvg.
2025-05-03 10:12:16,864 [INFO] src.federated.aggregation: FedAvg: Aggregating updates from 3 clients.
2025-05-03 10:12:16,866 [INFO] src.federated.aggregation: FedAvg: Aggregation complete.
2025-05-03 10:12:16,867 [INFO] src.federated.server: Global model updated with aggregated parameters.
2025-05-03 10:12:16,868 [INFO] src.federated.server: Evaluating updated global model...
2025-05-03 10:12:16,871 [INFO] src.federated.server: Round 3 completed in 0.20s. Eval Metrics: {'loss': 0.2688753055672144, 'accuracy': 0.8947368421052632}
2025-05-03 10:12:16,872 [INFO] src.federated.server: ===== Starting Round 4/20 =====
2025-05-03 10:12:16,872 [INFO] src.federated.server: Starting federated training round...
2025-05-03 10:12:16,872 [INFO] src.federated.server: Selected 3 clients out of 5 available (fraction=0.1, min_clients=3): ['classical_mlp_client_4', 'classical_mlp_client_0', 'classical_mlp_client_2']
2025-05-03 10:12:16,876 [INFO] src.federated.client: Client classical_mlp_client_4: Starting local training for 5 epochs. Proximal term mu=0.01.
2025-05-03 10:12:16,889 [INFO] src.federated.client: Client classical_mlp_client_4 - Epoch 1/5 completed. Average Loss: 0.2055
2025-05-03 10:12:16,899 [INFO] src.federated.client: Client classical_mlp_client_4 - Epoch 2/5 completed. Average Loss: 0.1848
2025-05-03 10:12:16,908 [INFO] src.federated.client: Client classical_mlp_client_4 - Epoch 3/5 completed. Average Loss: 0.1611
2025-05-03 10:12:16,918 [INFO] src.federated.client: Client classical_mlp_client_4 - Epoch 4/5 completed. Average Loss: 0.1429
2025-05-03 10:12:16,927 [INFO] src.federated.client: Client classical_mlp_client_4 - Epoch 5/5 completed. Average Loss: 0.1270
2025-05-03 10:12:16,929 [INFO] src.federated.client: Client classical_mlp_client_4: Local training finished. Processed 110 samples.
2025-05-03 10:12:16,931 [INFO] src.federated.client: Client classical_mlp_client_0: Starting local training for 5 epochs. Proximal term mu=0.01.
2025-05-03 10:12:16,941 [INFO] src.federated.client: Client classical_mlp_client_0 - Epoch 1/5 completed. Average Loss: 0.1335
2025-05-03 10:12:16,953 [INFO] src.federated.client: Client classical_mlp_client_0 - Epoch 2/5 completed. Average Loss: 0.1028
2025-05-03 10:12:16,962 [INFO] src.federated.client: Client classical_mlp_client_0 - Epoch 3/5 completed. Average Loss: 0.0823
2025-05-03 10:12:16,975 [INFO] src.federated.client: Client classical_mlp_client_0 - Epoch 4/5 completed. Average Loss: 0.0681
2025-05-03 10:12:16,987 [INFO] src.federated.client: Client classical_mlp_client_0 - Epoch 5/5 completed. Average Loss: 0.0564
2025-05-03 10:12:16,989 [INFO] src.federated.client: Client classical_mlp_client_0: Local training finished. Processed 115 samples.
2025-05-03 10:12:16,991 [INFO] src.federated.client: Client classical_mlp_client_2: Starting local training for 5 epochs. Proximal term mu=0.01.
2025-05-03 10:12:17,009 [INFO] src.federated.client: Client classical_mlp_client_2 - Epoch 1/5 completed. Average Loss: 0.1000
2025-05-03 10:12:17,020 [INFO] src.federated.client: Client classical_mlp_client_2 - Epoch 2/5 completed. Average Loss: 0.0839
2025-05-03 10:12:17,037 [INFO] src.federated.client: Client classical_mlp_client_2 - Epoch 3/5 completed. Average Loss: 0.0678
2025-05-03 10:12:17,048 [INFO] src.federated.client: Client classical_mlp_client_2 - Epoch 4/5 completed. Average Loss: 0.0542
2025-05-03 10:12:17,064 [INFO] src.federated.client: Client classical_mlp_client_2 - Epoch 5/5 completed. Average Loss: 0.0456
2025-05-03 10:12:17,066 [INFO] src.federated.client: Client classical_mlp_client_2: Local training finished. Processed 110 samples.
2025-05-03 10:12:17,066 [INFO] src.federated.server: Aggregating updates from 3 clients using FedAvg.
2025-05-03 10:12:17,067 [INFO] src.federated.aggregation: FedAvg: Aggregating updates from 3 clients.
2025-05-03 10:12:17,068 [INFO] src.federated.aggregation: FedAvg: Aggregation complete.
2025-05-03 10:12:17,070 [INFO] src.federated.server: Global model updated with aggregated parameters.
2025-05-03 10:12:17,070 [INFO] src.federated.server: Evaluating updated global model...
2025-05-03 10:12:17,074 [INFO] src.federated.server: Round 4 completed in 0.20s. Eval Metrics: {'loss': 0.19029849984009514, 'accuracy': 0.9210526315789473}
2025-05-03 10:12:17,074 [INFO] src.federated.server: ===== Starting Round 5/20 =====
2025-05-03 10:12:17,075 [INFO] src.federated.server: Starting federated training round...
2025-05-03 10:12:17,075 [INFO] src.federated.server: Selected 3 clients out of 5 available (fraction=0.1, min_clients=3): ['classical_mlp_client_3', 'classical_mlp_client_0', 'classical_mlp_client_4']
2025-05-03 10:12:17,078 [INFO] src.federated.client: Client classical_mlp_client_3: Starting local training for 5 epochs. Proximal term mu=0.01.
2025-05-03 10:12:17,094 [INFO] src.federated.client: Client classical_mlp_client_3 - Epoch 1/5 completed. Average Loss: 0.2268
2025-05-03 10:12:17,104 [INFO] src.federated.client: Client classical_mlp_client_3 - Epoch 2/5 completed. Average Loss: 0.2405
2025-05-03 10:12:17,117 [INFO] src.federated.client: Client classical_mlp_client_3 - Epoch 3/5 completed. Average Loss: 0.2019
2025-05-03 10:12:17,127 [INFO] src.federated.client: Client classical_mlp_client_3 - Epoch 4/5 completed. Average Loss: 0.1833
2025-05-03 10:12:17,141 [INFO] src.federated.client: Client classical_mlp_client_3 - Epoch 5/5 completed. Average Loss: 0.1970
2025-05-03 10:12:17,142 [INFO] src.federated.client: Client classical_mlp_client_3: Local training finished. Processed 110 samples.
2025-05-03 10:12:17,144 [INFO] src.federated.client: Client classical_mlp_client_0: Starting local training for 5 epochs. Proximal term mu=0.01.
2025-05-03 10:12:17,163 [INFO] src.federated.client: Client classical_mlp_client_0 - Epoch 1/5 completed. Average Loss: 0.0418
2025-05-03 10:12:17,174 [INFO] src.federated.client: Client classical_mlp_client_0 - Epoch 2/5 completed. Average Loss: 0.0328
2025-05-03 10:12:17,185 [INFO] src.federated.client: Client classical_mlp_client_0 - Epoch 3/5 completed. Average Loss: 0.0265
2025-05-03 10:12:17,196 [INFO] src.federated.client: Client classical_mlp_client_0 - Epoch 4/5 completed. Average Loss: 0.0219
2025-05-03 10:12:17,206 [INFO] src.federated.client: Client classical_mlp_client_0 - Epoch 5/5 completed. Average Loss: 0.0185
2025-05-03 10:12:17,207 [INFO] src.federated.client: Client classical_mlp_client_0: Local training finished. Processed 115 samples.
2025-05-03 10:12:17,208 [INFO] src.federated.client: Client classical_mlp_client_4: Starting local training for 5 epochs. Proximal term mu=0.01.
2025-05-03 10:12:17,220 [INFO] src.federated.client: Client classical_mlp_client_4 - Epoch 1/5 completed. Average Loss: 0.1230
2025-05-03 10:12:17,230 [INFO] src.federated.client: Client classical_mlp_client_4 - Epoch 2/5 completed. Average Loss: 0.1020
2025-05-03 10:12:17,241 [INFO] src.federated.client: Client classical_mlp_client_4 - Epoch 3/5 completed. Average Loss: 0.0873
2025-05-03 10:12:17,252 [INFO] src.federated.client: Client classical_mlp_client_4 - Epoch 4/5 completed. Average Loss: 0.0813
2025-05-03 10:12:17,264 [INFO] src.federated.client: Client classical_mlp_client_4 - Epoch 5/5 completed. Average Loss: 0.0703
2025-05-03 10:12:17,266 [INFO] src.federated.client: Client classical_mlp_client_4: Local training finished. Processed 110 samples.
2025-05-03 10:12:17,266 [INFO] src.federated.server: Aggregating updates from 3 clients using FedAvg.
2025-05-03 10:12:17,266 [INFO] src.federated.aggregation: FedAvg: Aggregating updates from 3 clients.
2025-05-03 10:12:17,268 [INFO] src.federated.aggregation: FedAvg: Aggregation complete.
2025-05-03 10:12:17,270 [INFO] src.federated.server: Global model updated with aggregated parameters.
2025-05-03 10:12:17,270 [INFO] src.federated.server: Evaluating updated global model...
2025-05-03 10:12:17,274 [INFO] src.federated.server: Round 5 completed in 0.20s. Eval Metrics: {'loss': 0.14451137890469387, 'accuracy': 0.9210526315789473}
2025-05-03 10:12:17,275 [INFO] src.federated.server: ===== Starting Round 6/20 =====
2025-05-03 10:12:17,275 [INFO] src.federated.server: Starting federated training round...
2025-05-03 10:12:17,275 [INFO] src.federated.server: Selected 3 clients out of 5 available (fraction=0.1, min_clients=3): ['classical_mlp_client_0', 'classical_mlp_client_1', 'classical_mlp_client_4']
2025-05-03 10:12:17,279 [INFO] src.federated.client: Client classical_mlp_client_0: Starting local training for 5 epochs. Proximal term mu=0.01.
2025-05-03 10:12:17,292 [INFO] src.federated.client: Client classical_mlp_client_0 - Epoch 1/5 completed. Average Loss: 0.0184
2025-05-03 10:12:17,304 [INFO] src.federated.client: Client classical_mlp_client_0 - Epoch 2/5 completed. Average Loss: 0.0146
2025-05-03 10:12:17,314 [INFO] src.federated.client: Client classical_mlp_client_0 - Epoch 3/5 completed. Average Loss: 0.0114
2025-05-03 10:12:17,327 [INFO] src.federated.client: Client classical_mlp_client_0 - Epoch 4/5 completed. Average Loss: 0.0092
2025-05-03 10:12:17,336 [INFO] src.federated.client: Client classical_mlp_client_0 - Epoch 5/5 completed. Average Loss: 0.0081
2025-05-03 10:12:17,337 [INFO] src.federated.client: Client classical_mlp_client_0: Local training finished. Processed 115 samples.
2025-05-03 10:12:17,339 [INFO] src.federated.client: Client classical_mlp_client_1: Starting local training for 5 epochs. Proximal term mu=0.01.
2025-05-03 10:12:17,349 [INFO] src.federated.client: Client classical_mlp_client_1 - Epoch 1/5 completed. Average Loss: 0.0129
2025-05-03 10:12:17,359 [INFO] src.federated.client: Client classical_mlp_client_1 - Epoch 2/5 completed. Average Loss: 0.0090
2025-05-03 10:12:17,371 [INFO] src.federated.client: Client classical_mlp_client_1 - Epoch 3/5 completed. Average Loss: 0.0070
2025-05-03 10:12:17,385 [INFO] src.federated.client: Client classical_mlp_client_1 - Epoch 4/5 completed. Average Loss: 0.0065
2025-05-03 10:12:17,396 [INFO] src.federated.client: Client classical_mlp_client_1 - Epoch 5/5 completed. Average Loss: 0.0070
2025-05-03 10:12:17,398 [INFO] src.federated.client: Client classical_mlp_client_1: Local training finished. Processed 115 samples.
2025-05-03 10:12:17,400 [INFO] src.federated.client: Client classical_mlp_client_4: Starting local training for 5 epochs. Proximal term mu=0.01.
2025-05-03 10:12:17,412 [INFO] src.federated.client: Client classical_mlp_client_4 - Epoch 1/5 completed. Average Loss: 0.0818
2025-05-03 10:12:17,422 [INFO] src.federated.client: Client classical_mlp_client_4 - Epoch 2/5 completed. Average Loss: 0.0686
2025-05-03 10:12:17,430 [INFO] src.federated.client: Client classical_mlp_client_4 - Epoch 3/5 completed. Average Loss: 0.0528
2025-05-03 10:12:17,440 [INFO] src.federated.client: Client classical_mlp_client_4 - Epoch 4/5 completed. Average Loss: 0.0469
2025-05-03 10:12:17,450 [INFO] src.federated.client: Client classical_mlp_client_4 - Epoch 5/5 completed. Average Loss: 0.0468
2025-05-03 10:12:17,451 [INFO] src.federated.client: Client classical_mlp_client_4: Local training finished. Processed 110 samples.
2025-05-03 10:12:17,451 [INFO] src.federated.server: Aggregating updates from 3 clients using FedAvg.
2025-05-03 10:12:17,452 [INFO] src.federated.aggregation: FedAvg: Aggregating updates from 3 clients.
2025-05-03 10:12:17,453 [INFO] src.federated.aggregation: FedAvg: Aggregation complete.
2025-05-03 10:12:17,455 [INFO] src.federated.server: Global model updated with aggregated parameters.
2025-05-03 10:12:17,455 [INFO] src.federated.server: Evaluating updated global model...
2025-05-03 10:12:17,459 [INFO] src.federated.server: Round 6 completed in 0.18s. Eval Metrics: {'loss': 0.1128229781569297, 'accuracy': 0.9210526315789473}
2025-05-03 10:12:17,460 [INFO] src.federated.server: ===== Starting Round 7/20 =====
2025-05-03 10:12:17,460 [INFO] src.federated.server: Starting federated training round...
2025-05-03 10:12:17,460 [INFO] src.federated.server: Selected 3 clients out of 5 available (fraction=0.1, min_clients=3): ['classical_mlp_client_4', 'classical_mlp_client_0', 'classical_mlp_client_2']
2025-05-03 10:12:17,462 [INFO] src.federated.client: Client classical_mlp_client_4: Starting local training for 5 epochs. Proximal term mu=0.01.
2025-05-03 10:12:17,476 [INFO] src.federated.client: Client classical_mlp_client_4 - Epoch 1/5 completed. Average Loss: 0.0659
2025-05-03 10:12:17,487 [INFO] src.federated.client: Client classical_mlp_client_4 - Epoch 2/5 completed. Average Loss: 0.0452
2025-05-03 10:12:17,503 [INFO] src.federated.client: Client classical_mlp_client_4 - Epoch 3/5 completed. Average Loss: 0.0294
2025-05-03 10:12:17,518 [INFO] src.federated.client: Client classical_mlp_client_4 - Epoch 4/5 completed. Average Loss: 0.0304
2025-05-03 10:12:17,529 [INFO] src.federated.client: Client classical_mlp_client_4 - Epoch 5/5 completed. Average Loss: 0.0360
2025-05-03 10:12:17,530 [INFO] src.federated.client: Client classical_mlp_client_4: Local training finished. Processed 110 samples.
2025-05-03 10:12:17,532 [INFO] src.federated.client: Client classical_mlp_client_0: Starting local training for 5 epochs. Proximal term mu=0.01.
2025-05-03 10:12:17,546 [INFO] src.federated.client: Client classical_mlp_client_0 - Epoch 1/5 completed. Average Loss: 0.0077
2025-05-03 10:12:17,557 [INFO] src.federated.client: Client classical_mlp_client_0 - Epoch 2/5 completed. Average Loss: 0.0051
2025-05-03 10:12:17,569 [INFO] src.federated.client: Client classical_mlp_client_0 - Epoch 3/5 completed. Average Loss: 0.0037
2025-05-03 10:12:17,583 [INFO] src.federated.client: Client classical_mlp_client_0 - Epoch 4/5 completed. Average Loss: 0.0032
2025-05-03 10:12:17,594 [INFO] src.federated.client: Client classical_mlp_client_0 - Epoch 5/5 completed. Average Loss: 0.0034
2025-05-03 10:12:17,595 [INFO] src.federated.client: Client classical_mlp_client_0: Local training finished. Processed 115 samples.
2025-05-03 10:12:17,597 [INFO] src.federated.client: Client classical_mlp_client_2: Starting local training for 5 epochs. Proximal term mu=0.01.
2025-05-03 10:12:17,608 [INFO] src.federated.client: Client classical_mlp_client_2 - Epoch 1/5 completed. Average Loss: 0.0174
2025-05-03 10:12:17,618 [INFO] src.federated.client: Client classical_mlp_client_2 - Epoch 2/5 completed. Average Loss: 0.0088
2025-05-03 10:12:17,628 [INFO] src.federated.client: Client classical_mlp_client_2 - Epoch 3/5 completed. Average Loss: 0.0068
2025-05-03 10:12:17,638 [INFO] src.federated.client: Client classical_mlp_client_2 - Epoch 4/5 completed. Average Loss: 0.0086
2025-05-03 10:12:17,647 [INFO] src.federated.client: Client classical_mlp_client_2 - Epoch 5/5 completed. Average Loss: 0.0112
2025-05-03 10:12:17,648 [INFO] src.federated.client: Client classical_mlp_client_2: Local training finished. Processed 110 samples.
2025-05-03 10:12:17,649 [INFO] src.federated.server: Aggregating updates from 3 clients using FedAvg.
2025-05-03 10:12:17,649 [INFO] src.federated.aggregation: FedAvg: Aggregating updates from 3 clients.
2025-05-03 10:12:17,651 [INFO] src.federated.aggregation: FedAvg: Aggregation complete.
2025-05-03 10:12:17,652 [INFO] src.federated.server: Global model updated with aggregated parameters.
2025-05-03 10:12:17,652 [INFO] src.federated.server: Evaluating updated global model...
2025-05-03 10:12:17,656 [INFO] src.federated.server: Round 7 completed in 0.20s. Eval Metrics: {'loss': 0.08905425672709999, 'accuracy': 0.9473684210526315}
2025-05-03 10:12:17,657 [INFO] src.federated.server: ===== Starting Round 8/20 =====
2025-05-03 10:12:17,657 [INFO] src.federated.server: Starting federated training round...
2025-05-03 10:12:17,657 [INFO] src.federated.server: Selected 3 clients out of 5 available (fraction=0.1, min_clients=3): ['classical_mlp_client_1', 'classical_mlp_client_3', 'classical_mlp_client_0']
2025-05-03 10:12:17,660 [INFO] src.federated.client: Client classical_mlp_client_1: Starting local training for 5 epochs. Proximal term mu=0.01.
2025-05-03 10:12:17,672 [INFO] src.federated.client: Client classical_mlp_client_1 - Epoch 1/5 completed. Average Loss: 0.0014
2025-05-03 10:12:17,688 [INFO] src.federated.client: Client classical_mlp_client_1 - Epoch 2/5 completed. Average Loss: 0.0011
2025-05-03 10:12:17,703 [INFO] src.federated.client: Client classical_mlp_client_1 - Epoch 3/5 completed. Average Loss: 0.0012
2025-05-03 10:12:17,713 [INFO] src.federated.client: Client classical_mlp_client_1 - Epoch 4/5 completed. Average Loss: 0.0015
2025-05-03 10:12:17,725 [INFO] src.federated.client: Client classical_mlp_client_1 - Epoch 5/5 completed. Average Loss: 0.0019
2025-05-03 10:12:17,726 [INFO] src.federated.client: Client classical_mlp_client_1: Local training finished. Processed 115 samples.
2025-05-03 10:12:17,728 [INFO] src.federated.client: Client classical_mlp_client_3: Starting local training for 5 epochs. Proximal term mu=0.01.
2025-05-03 10:12:17,739 [INFO] src.federated.client: Client classical_mlp_client_3 - Epoch 1/5 completed. Average Loss: 0.1616
2025-05-03 10:12:17,757 [INFO] src.federated.client: Client classical_mlp_client_3 - Epoch 2/5 completed. Average Loss: 0.1543
2025-05-03 10:12:17,768 [INFO] src.federated.client: Client classical_mlp_client_3 - Epoch 3/5 completed. Average Loss: 0.1582
2025-05-03 10:12:17,780 [INFO] src.federated.client: Client classical_mlp_client_3 - Epoch 4/5 completed. Average Loss: 0.1510
2025-05-03 10:12:17,789 [INFO] src.federated.client: Client classical_mlp_client_3 - Epoch 5/5 completed. Average Loss: 0.1445
2025-05-03 10:12:17,791 [INFO] src.federated.client: Client classical_mlp_client_3: Local training finished. Processed 110 samples.
2025-05-03 10:12:17,792 [INFO] src.federated.client: Client classical_mlp_client_0: Starting local training for 5 epochs. Proximal term mu=0.01.
2025-05-03 10:12:17,803 [INFO] src.federated.client: Client classical_mlp_client_0 - Epoch 1/5 completed. Average Loss: 0.0021
2025-05-03 10:12:17,813 [INFO] src.federated.client: Client classical_mlp_client_0 - Epoch 2/5 completed. Average Loss: 0.0016
2025-05-03 10:12:17,823 [INFO] src.federated.client: Client classical_mlp_client_0 - Epoch 3/5 completed. Average Loss: 0.0015
2025-05-03 10:12:17,834 [INFO] src.federated.client: Client classical_mlp_client_0 - Epoch 4/5 completed. Average Loss: 0.0015
2025-05-03 10:12:17,846 [INFO] src.federated.client: Client classical_mlp_client_0 - Epoch 5/5 completed. Average Loss: 0.0016
2025-05-03 10:12:17,848 [INFO] src.federated.client: Client classical_mlp_client_0: Local training finished. Processed 115 samples.
2025-05-03 10:12:17,849 [INFO] src.federated.server: Aggregating updates from 3 clients using FedAvg.
2025-05-03 10:12:17,849 [INFO] src.federated.aggregation: FedAvg: Aggregating updates from 3 clients.
2025-05-03 10:12:17,851 [INFO] src.federated.aggregation: FedAvg: Aggregation complete.
2025-05-03 10:12:17,853 [INFO] src.federated.server: Global model updated with aggregated parameters.
2025-05-03 10:12:17,853 [INFO] src.federated.server: Evaluating updated global model...
2025-05-03 10:12:17,858 [INFO] src.federated.server: Round 8 completed in 0.20s. Eval Metrics: {'loss': 0.08109993898253846, 'accuracy': 0.9736842105263158}
2025-05-03 10:12:17,858 [INFO] src.federated.server: ===== Starting Round 9/20 =====
2025-05-03 10:12:17,858 [INFO] src.federated.server: Starting federated training round...
2025-05-03 10:12:17,858 [INFO] src.federated.server: Selected 3 clients out of 5 available (fraction=0.1, min_clients=3): ['classical_mlp_client_3', 'classical_mlp_client_2', 'classical_mlp_client_0']
2025-05-03 10:12:17,860 [INFO] src.federated.client: Client classical_mlp_client_3: Starting local training for 5 epochs. Proximal term mu=0.01.
2025-05-03 10:12:17,874 [INFO] src.federated.client: Client classical_mlp_client_3 - Epoch 1/5 completed. Average Loss: 0.1601
2025-05-03 10:12:17,883 [INFO] src.federated.client: Client classical_mlp_client_3 - Epoch 2/5 completed. Average Loss: 0.1542
2025-05-03 10:12:17,893 [INFO] src.federated.client: Client classical_mlp_client_3 - Epoch 3/5 completed. Average Loss: 0.1529
2025-05-03 10:12:17,903 [INFO] src.federated.client: Client classical_mlp_client_3 - Epoch 4/5 completed. Average Loss: 0.1440
2025-05-03 10:12:17,913 [INFO] src.federated.client: Client classical_mlp_client_3 - Epoch 5/5 completed. Average Loss: 0.1407
2025-05-03 10:12:17,914 [INFO] src.federated.client: Client classical_mlp_client_3: Local training finished. Processed 110 samples.
2025-05-03 10:12:17,916 [INFO] src.federated.client: Client classical_mlp_client_2: Starting local training for 5 epochs. Proximal term mu=0.01.
2025-05-03 10:12:17,926 [INFO] src.federated.client: Client classical_mlp_client_2 - Epoch 1/5 completed. Average Loss: 0.0035
2025-05-03 10:12:17,935 [INFO] src.federated.client: Client classical_mlp_client_2 - Epoch 2/5 completed. Average Loss: 0.0031
2025-05-03 10:12:17,945 [INFO] src.federated.client: Client classical_mlp_client_2 - Epoch 3/5 completed. Average Loss: 0.0028
2025-05-03 10:12:17,960 [INFO] src.federated.client: Client classical_mlp_client_2 - Epoch 4/5 completed. Average Loss: 0.0027
2025-05-03 10:12:17,974 [INFO] src.federated.client: Client classical_mlp_client_2 - Epoch 5/5 completed. Average Loss: 0.0026
2025-05-03 10:12:17,975 [INFO] src.federated.client: Client classical_mlp_client_2: Local training finished. Processed 110 samples.
2025-05-03 10:12:17,976 [INFO] src.federated.client: Client classical_mlp_client_0: Starting local training for 5 epochs. Proximal term mu=0.01.
2025-05-03 10:12:17,988 [INFO] src.federated.client: Client classical_mlp_client_0 - Epoch 1/5 completed. Average Loss: 0.0009
2025-05-03 10:12:18,002 [INFO] src.federated.client: Client classical_mlp_client_0 - Epoch 2/5 completed. Average Loss: 0.0009
2025-05-03 10:12:18,011 [INFO] src.federated.client: Client classical_mlp_client_0 - Epoch 3/5 completed. Average Loss: 0.0008
2025-05-03 10:12:18,025 [INFO] src.federated.client: Client classical_mlp_client_0 - Epoch 4/5 completed. Average Loss: 0.0008
2025-05-03 10:12:18,038 [INFO] src.federated.client: Client classical_mlp_client_0 - Epoch 5/5 completed. Average Loss: 0.0008
2025-05-03 10:12:18,039 [INFO] src.federated.client: Client classical_mlp_client_0: Local training finished. Processed 115 samples.
2025-05-03 10:12:18,039 [INFO] src.federated.server: Aggregating updates from 3 clients using FedAvg.
2025-05-03 10:12:18,040 [INFO] src.federated.aggregation: FedAvg: Aggregating updates from 3 clients.
2025-05-03 10:12:18,041 [INFO] src.federated.aggregation: FedAvg: Aggregation complete.
2025-05-03 10:12:18,043 [INFO] src.federated.server: Global model updated with aggregated parameters.
2025-05-03 10:12:18,043 [INFO] src.federated.server: Evaluating updated global model...
2025-05-03 10:12:18,047 [INFO] src.federated.server: Round 9 completed in 0.19s. Eval Metrics: {'loss': 0.09735592453041901, 'accuracy': 0.9736842105263158}
2025-05-03 10:12:18,047 [INFO] src.federated.server: ===== Starting Round 10/20 =====
2025-05-03 10:12:18,047 [INFO] src.federated.server: Starting federated training round...
2025-05-03 10:12:18,048 [INFO] src.federated.server: Selected 3 clients out of 5 available (fraction=0.1, min_clients=3): ['classical_mlp_client_1', 'classical_mlp_client_3', 'classical_mlp_client_4']
2025-05-03 10:12:18,050 [INFO] src.federated.client: Client classical_mlp_client_1: Starting local training for 5 epochs. Proximal term mu=0.01.
2025-05-03 10:12:18,064 [INFO] src.federated.client: Client classical_mlp_client_1 - Epoch 1/5 completed. Average Loss: 0.0012
2025-05-03 10:12:18,079 [INFO] src.federated.client: Client classical_mlp_client_1 - Epoch 2/5 completed. Average Loss: 0.0010
2025-05-03 10:12:18,089 [INFO] src.federated.client: Client classical_mlp_client_1 - Epoch 3/5 completed. Average Loss: 0.0009
2025-05-03 10:12:18,099 [INFO] src.federated.client: Client classical_mlp_client_1 - Epoch 4/5 completed. Average Loss: 0.0008
2025-05-03 10:12:18,108 [INFO] src.federated.client: Client classical_mlp_client_1 - Epoch 5/5 completed. Average Loss: 0.0009
2025-05-03 10:12:18,109 [INFO] src.federated.client: Client classical_mlp_client_1: Local training finished. Processed 115 samples.
2025-05-03 10:12:18,111 [INFO] src.federated.client: Client classical_mlp_client_3: Starting local training for 5 epochs. Proximal term mu=0.01.
2025-05-03 10:12:18,121 [INFO] src.federated.client: Client classical_mlp_client_3 - Epoch 1/5 completed. Average Loss: 0.1598
2025-05-03 10:12:18,131 [INFO] src.federated.client: Client classical_mlp_client_3 - Epoch 2/5 completed. Average Loss: 0.1479
2025-05-03 10:12:18,146 [INFO] src.federated.client: Client classical_mlp_client_3 - Epoch 3/5 completed. Average Loss: 0.1419
2025-05-03 10:12:18,161 [INFO] src.federated.client: Client classical_mlp_client_3 - Epoch 4/5 completed. Average Loss: 0.1429
2025-05-03 10:12:18,170 [INFO] src.federated.client: Client classical_mlp_client_3 - Epoch 5/5 completed. Average Loss: 0.1350
2025-05-03 10:12:18,171 [INFO] src.federated.client: Client classical_mlp_client_3: Local training finished. Processed 110 samples.
2025-05-03 10:12:18,172 [INFO] src.federated.client: Client classical_mlp_client_4: Starting local training for 5 epochs. Proximal term mu=0.01.
2025-05-03 10:12:18,185 [INFO] src.federated.client: Client classical_mlp_client_4 - Epoch 1/5 completed. Average Loss: 0.1379
2025-05-03 10:12:18,194 [INFO] src.federated.client: Client classical_mlp_client_4 - Epoch 2/5 completed. Average Loss: 0.0696
2025-05-03 10:12:18,203 [INFO] src.federated.client: Client classical_mlp_client_4 - Epoch 3/5 completed. Average Loss: 0.0193
2025-05-03 10:12:18,213 [INFO] src.federated.client: Client classical_mlp_client_4 - Epoch 4/5 completed. Average Loss: 0.0103
2025-05-03 10:12:18,223 [INFO] src.federated.client: Client classical_mlp_client_4 - Epoch 5/5 completed. Average Loss: 0.0339
2025-05-03 10:12:18,224 [INFO] src.federated.client: Client classical_mlp_client_4: Local training finished. Processed 110 samples.
2025-05-03 10:12:18,225 [INFO] src.federated.server: Aggregating updates from 3 clients using FedAvg.
2025-05-03 10:12:18,225 [INFO] src.federated.aggregation: FedAvg: Aggregating updates from 3 clients.
2025-05-03 10:12:18,227 [INFO] src.federated.aggregation: FedAvg: Aggregation complete.
2025-05-03 10:12:18,228 [INFO] src.federated.server: Global model updated with aggregated parameters.
2025-05-03 10:12:18,228 [INFO] src.federated.server: Evaluating updated global model...
2025-05-03 10:12:18,233 [INFO] src.federated.server: Round 10 completed in 0.19s. Eval Metrics: {'loss': 0.17076986728291155, 'accuracy': 0.9210526315789473}
2025-05-03 10:12:18,233 [INFO] src.federated.server: ===== Starting Round 11/20 =====
2025-05-03 10:12:18,234 [INFO] src.federated.server: Starting federated training round...
2025-05-03 10:12:18,234 [INFO] src.federated.server: Selected 3 clients out of 5 available (fraction=0.1, min_clients=3): ['classical_mlp_client_2', 'classical_mlp_client_1', 'classical_mlp_client_0']
2025-05-03 10:12:18,236 [INFO] src.federated.client: Client classical_mlp_client_2: Starting local training for 5 epochs. Proximal term mu=0.01.
2025-05-03 10:12:18,247 [INFO] src.federated.client: Client classical_mlp_client_2 - Epoch 1/5 completed. Average Loss: 0.0097
2025-05-03 10:12:18,261 [INFO] src.federated.client: Client classical_mlp_client_2 - Epoch 2/5 completed. Average Loss: 0.0059
2025-05-03 10:12:18,270 [INFO] src.federated.client: Client classical_mlp_client_2 - Epoch 3/5 completed. Average Loss: 0.0031
2025-05-03 10:12:18,281 [INFO] src.federated.client: Client classical_mlp_client_2 - Epoch 4/5 completed. Average Loss: 0.0021
2025-05-03 10:12:18,295 [INFO] src.federated.client: Client classical_mlp_client_2 - Epoch 5/5 completed. Average Loss: 0.0021
2025-05-03 10:12:18,296 [INFO] src.federated.client: Client classical_mlp_client_2: Local training finished. Processed 110 samples.
2025-05-03 10:12:18,298 [INFO] src.federated.client: Client classical_mlp_client_1: Starting local training for 5 epochs. Proximal term mu=0.01.
2025-05-03 10:12:18,308 [INFO] src.federated.client: Client classical_mlp_client_1 - Epoch 1/5 completed. Average Loss: 0.0011
2025-05-03 10:12:18,325 [INFO] src.federated.client: Client classical_mlp_client_1 - Epoch 2/5 completed. Average Loss: 0.0010
2025-05-03 10:12:18,335 [INFO] src.federated.client: Client classical_mlp_client_1 - Epoch 3/5 completed. Average Loss: 0.0009
2025-05-03 10:12:18,345 [INFO] src.federated.client: Client classical_mlp_client_1 - Epoch 4/5 completed. Average Loss: 0.0008
2025-05-03 10:12:18,354 [INFO] src.federated.client: Client classical_mlp_client_1 - Epoch 5/5 completed. Average Loss: 0.0008
2025-05-03 10:12:18,355 [INFO] src.federated.client: Client classical_mlp_client_1: Local training finished. Processed 115 samples.
2025-05-03 10:12:18,357 [INFO] src.federated.client: Client classical_mlp_client_0: Starting local training for 5 epochs. Proximal term mu=0.01.
2025-05-03 10:12:18,367 [INFO] src.federated.client: Client classical_mlp_client_0 - Epoch 1/5 completed. Average Loss: 0.0031
2025-05-03 10:12:18,378 [INFO] src.federated.client: Client classical_mlp_client_0 - Epoch 2/5 completed. Average Loss: 0.0022
2025-05-03 10:12:18,386 [INFO] src.federated.client: Client classical_mlp_client_0 - Epoch 3/5 completed. Average Loss: 0.0014
2025-05-03 10:12:18,395 [INFO] src.federated.client: Client classical_mlp_client_0 - Epoch 4/5 completed. Average Loss: 0.0009
2025-05-03 10:12:18,405 [INFO] src.federated.client: Client classical_mlp_client_0 - Epoch 5/5 completed. Average Loss: 0.0007
2025-05-03 10:12:18,406 [INFO] src.federated.client: Client classical_mlp_client_0: Local training finished. Processed 115 samples.
2025-05-03 10:12:18,407 [INFO] src.federated.server: Aggregating updates from 3 clients using FedAvg.
2025-05-03 10:12:18,407 [INFO] src.federated.aggregation: FedAvg: Aggregating updates from 3 clients.
2025-05-03 10:12:18,408 [INFO] src.federated.aggregation: FedAvg: Aggregation complete.
2025-05-03 10:12:18,410 [INFO] src.federated.server: Global model updated with aggregated parameters.
2025-05-03 10:12:18,410 [INFO] src.federated.server: Evaluating updated global model...
2025-05-03 10:12:18,413 [INFO] src.federated.server: Round 11 completed in 0.18s. Eval Metrics: {'loss': 0.11372303234777495, 'accuracy': 0.9473684210526315}
2025-05-03 10:12:18,414 [INFO] src.federated.server: ===== Starting Round 12/20 =====
2025-05-03 10:12:18,414 [INFO] src.federated.server: Starting federated training round...
2025-05-03 10:12:18,414 [INFO] src.federated.server: Selected 3 clients out of 5 available (fraction=0.1, min_clients=3): ['classical_mlp_client_2', 'classical_mlp_client_0', 'classical_mlp_client_3']
2025-05-03 10:12:18,417 [INFO] src.federated.client: Client classical_mlp_client_2: Starting local training for 5 epochs. Proximal term mu=0.01.
2025-05-03 10:12:18,427 [INFO] src.federated.client: Client classical_mlp_client_2 - Epoch 1/5 completed. Average Loss: 0.0018
2025-05-03 10:12:18,436 [INFO] src.federated.client: Client classical_mlp_client_2 - Epoch 2/5 completed. Average Loss: 0.0015
2025-05-03 10:12:18,446 [INFO] src.federated.client: Client classical_mlp_client_2 - Epoch 3/5 completed. Average Loss: 0.0018
2025-05-03 10:12:18,455 [INFO] src.federated.client: Client classical_mlp_client_2 - Epoch 4/5 completed. Average Loss: 0.0021
2025-05-03 10:12:18,464 [INFO] src.federated.client: Client classical_mlp_client_2 - Epoch 5/5 completed. Average Loss: 0.0024
2025-05-03 10:12:18,466 [INFO] src.federated.client: Client classical_mlp_client_2: Local training finished. Processed 110 samples.
2025-05-03 10:12:18,467 [INFO] src.federated.client: Client classical_mlp_client_0: Starting local training for 5 epochs. Proximal term mu=0.01.
2025-05-03 10:12:18,478 [INFO] src.federated.client: Client classical_mlp_client_0 - Epoch 1/5 completed. Average Loss: 0.0004
2025-05-03 10:12:18,493 [INFO] src.federated.client: Client classical_mlp_client_0 - Epoch 2/5 completed. Average Loss: 0.0003
2025-05-03 10:12:18,506 [INFO] src.federated.client: Client classical_mlp_client_0 - Epoch 3/5 completed. Average Loss: 0.0003
2025-05-03 10:12:18,520 [INFO] src.federated.client: Client classical_mlp_client_0 - Epoch 4/5 completed. Average Loss: 0.0003
2025-05-03 10:12:18,531 [INFO] src.federated.client: Client classical_mlp_client_0 - Epoch 5/5 completed. Average Loss: 0.0004
2025-05-03 10:12:18,533 [INFO] src.federated.client: Client classical_mlp_client_0: Local training finished. Processed 115 samples.
2025-05-03 10:12:18,536 [INFO] src.federated.client: Client classical_mlp_client_3: Starting local training for 5 epochs. Proximal term mu=0.01.
2025-05-03 10:12:18,552 [INFO] src.federated.client: Client classical_mlp_client_3 - Epoch 1/5 completed. Average Loss: 0.1544
2025-05-03 10:12:18,562 [INFO] src.federated.client: Client classical_mlp_client_3 - Epoch 2/5 completed. Average Loss: 0.1494
2025-05-03 10:12:18,572 [INFO] src.federated.client: Client classical_mlp_client_3 - Epoch 3/5 completed. Average Loss: 0.1476
2025-05-03 10:12:18,582 [INFO] src.federated.client: Client classical_mlp_client_3 - Epoch 4/5 completed. Average Loss: 0.1337
2025-05-03 10:12:18,593 [INFO] src.federated.client: Client classical_mlp_client_3 - Epoch 5/5 completed. Average Loss: 0.1303
2025-05-03 10:12:18,595 [INFO] src.federated.client: Client classical_mlp_client_3: Local training finished. Processed 110 samples.
2025-05-03 10:12:18,596 [INFO] src.federated.server: Aggregating updates from 3 clients using FedAvg.
2025-05-03 10:12:18,596 [INFO] src.federated.aggregation: FedAvg: Aggregating updates from 3 clients.
2025-05-03 10:12:18,598 [INFO] src.federated.aggregation: FedAvg: Aggregation complete.
2025-05-03 10:12:18,600 [INFO] src.federated.server: Global model updated with aggregated parameters.
2025-05-03 10:12:18,600 [INFO] src.federated.server: Evaluating updated global model...
2025-05-03 10:12:18,605 [INFO] src.federated.server: Round 12 completed in 0.19s. Eval Metrics: {'loss': 0.14101763950808016, 'accuracy': 0.9473684210526315}
2025-05-03 10:12:18,606 [INFO] src.federated.server: ===== Starting Round 13/20 =====
2025-05-03 10:12:18,606 [INFO] src.federated.server: Starting federated training round...
2025-05-03 10:12:18,607 [INFO] src.federated.server: Selected 3 clients out of 5 available (fraction=0.1, min_clients=3): ['classical_mlp_client_3', 'classical_mlp_client_0', 'classical_mlp_client_1']
2025-05-03 10:12:18,609 [INFO] src.federated.client: Client classical_mlp_client_3: Starting local training for 5 epochs. Proximal term mu=0.01.
2025-05-03 10:12:18,621 [INFO] src.federated.client: Client classical_mlp_client_3 - Epoch 1/5 completed. Average Loss: 0.1534
2025-05-03 10:12:18,636 [INFO] src.federated.client: Client classical_mlp_client_3 - Epoch 2/5 completed. Average Loss: 0.1358
2025-05-03 10:12:18,646 [INFO] src.federated.client: Client classical_mlp_client_3 - Epoch 3/5 completed. Average Loss: 0.1408
2025-05-03 10:12:18,657 [INFO] src.federated.client: Client classical_mlp_client_3 - Epoch 4/5 completed. Average Loss: 0.1324
2025-05-03 10:12:18,669 [INFO] src.federated.client: Client classical_mlp_client_3 - Epoch 5/5 completed. Average Loss: 0.1206
2025-05-03 10:12:18,670 [INFO] src.federated.client: Client classical_mlp_client_3: Local training finished. Processed 110 samples.
2025-05-03 10:12:18,671 [INFO] src.federated.client: Client classical_mlp_client_0: Starting local training for 5 epochs. Proximal term mu=0.01.
2025-05-03 10:12:18,681 [INFO] src.federated.client: Client classical_mlp_client_0 - Epoch 1/5 completed. Average Loss: 0.0003
2025-05-03 10:12:18,691 [INFO] src.federated.client: Client classical_mlp_client_0 - Epoch 2/5 completed. Average Loss: 0.0004
2025-05-03 10:12:18,702 [INFO] src.federated.client: Client classical_mlp_client_0 - Epoch 3/5 completed. Average Loss: 0.0004
2025-05-03 10:12:18,713 [INFO] src.federated.client: Client classical_mlp_client_0 - Epoch 4/5 completed. Average Loss: 0.0004
2025-05-03 10:12:18,724 [INFO] src.federated.client: Client classical_mlp_client_0 - Epoch 5/5 completed. Average Loss: 0.0004
2025-05-03 10:12:18,726 [INFO] src.federated.client: Client classical_mlp_client_0: Local training finished. Processed 115 samples.
2025-05-03 10:12:18,727 [INFO] src.federated.client: Client classical_mlp_client_1: Starting local training for 5 epochs. Proximal term mu=0.01.
2025-05-03 10:12:18,739 [INFO] src.federated.client: Client classical_mlp_client_1 - Epoch 1/5 completed. Average Loss: 0.0014
2025-05-03 10:12:18,749 [INFO] src.federated.client: Client classical_mlp_client_1 - Epoch 2/5 completed. Average Loss: 0.0013
2025-05-03 10:12:18,757 [INFO] src.federated.client: Client classical_mlp_client_1 - Epoch 3/5 completed. Average Loss: 0.0010
2025-05-03 10:12:18,772 [INFO] src.federated.client: Client classical_mlp_client_1 - Epoch 4/5 completed. Average Loss: 0.0008
2025-05-03 10:12:18,781 [INFO] src.federated.client: Client classical_mlp_client_1 - Epoch 5/5 completed. Average Loss: 0.0006
2025-05-03 10:12:18,783 [INFO] src.federated.client: Client classical_mlp_client_1: Local training finished. Processed 115 samples.
2025-05-03 10:12:18,783 [INFO] src.federated.server: Aggregating updates from 3 clients using FedAvg.
2025-05-03 10:12:18,783 [INFO] src.federated.aggregation: FedAvg: Aggregating updates from 3 clients.
2025-05-03 10:12:18,784 [INFO] src.federated.aggregation: FedAvg: Aggregation complete.
2025-05-03 10:12:18,786 [INFO] src.federated.server: Global model updated with aggregated parameters.
2025-05-03 10:12:18,786 [INFO] src.federated.server: Evaluating updated global model...
2025-05-03 10:12:18,789 [INFO] src.federated.server: Round 13 completed in 0.18s. Eval Metrics: {'loss': 0.17031578626944754, 'accuracy': 0.9473684210526315}
2025-05-03 10:12:18,790 [INFO] src.federated.server: ===== Starting Round 14/20 =====
2025-05-03 10:12:18,790 [INFO] src.federated.server: Starting federated training round...
2025-05-03 10:12:18,790 [INFO] src.federated.server: Selected 3 clients out of 5 available (fraction=0.1, min_clients=3): ['classical_mlp_client_2', 'classical_mlp_client_4', 'classical_mlp_client_0']
2025-05-03 10:12:18,793 [INFO] src.federated.client: Client classical_mlp_client_2: Starting local training for 5 epochs. Proximal term mu=0.01.
2025-05-03 10:12:18,805 [INFO] src.federated.client: Client classical_mlp_client_2 - Epoch 1/5 completed. Average Loss: 0.0029
2025-05-03 10:12:18,818 [INFO] src.federated.client: Client classical_mlp_client_2 - Epoch 2/5 completed. Average Loss: 0.0026
2025-05-03 10:12:18,828 [INFO] src.federated.client: Client classical_mlp_client_2 - Epoch 3/5 completed. Average Loss: 0.0023
2025-05-03 10:12:18,841 [INFO] src.federated.client: Client classical_mlp_client_2 - Epoch 4/5 completed. Average Loss: 0.0019
2025-05-03 10:12:18,851 [INFO] src.federated.client: Client classical_mlp_client_2 - Epoch 5/5 completed. Average Loss: 0.0017
2025-05-03 10:12:18,853 [INFO] src.federated.client: Client classical_mlp_client_2: Local training finished. Processed 110 samples.
2025-05-03 10:12:18,854 [INFO] src.federated.client: Client classical_mlp_client_4: Starting local training for 5 epochs. Proximal term mu=0.01.
2025-05-03 10:12:18,866 [INFO] src.federated.client: Client classical_mlp_client_4 - Epoch 1/5 completed. Average Loss: 0.1171
2025-05-03 10:12:18,878 [INFO] src.federated.client: Client classical_mlp_client_4 - Epoch 2/5 completed. Average Loss: 0.0276
2025-05-03 10:12:18,892 [INFO] src.federated.client: Client classical_mlp_client_4 - Epoch 3/5 completed. Average Loss: 0.0059
2025-05-03 10:12:18,901 [INFO] src.federated.client: Client classical_mlp_client_4 - Epoch 4/5 completed. Average Loss: 0.0158
2025-05-03 10:12:18,911 [INFO] src.federated.client: Client classical_mlp_client_4 - Epoch 5/5 completed. Average Loss: 0.0606
2025-05-03 10:12:18,912 [INFO] src.federated.client: Client classical_mlp_client_4: Local training finished. Processed 110 samples.
2025-05-03 10:12:18,914 [INFO] src.federated.client: Client classical_mlp_client_0: Starting local training for 5 epochs. Proximal term mu=0.01.
2025-05-03 10:12:18,924 [INFO] src.federated.client: Client classical_mlp_client_0 - Epoch 1/5 completed. Average Loss: 0.0004
2025-05-03 10:12:18,935 [INFO] src.federated.client: Client classical_mlp_client_0 - Epoch 2/5 completed. Average Loss: 0.0004
2025-05-03 10:12:18,943 [INFO] src.federated.client: Client classical_mlp_client_0 - Epoch 3/5 completed. Average Loss: 0.0004
2025-05-03 10:12:18,958 [INFO] src.federated.client: Client classical_mlp_client_0 - Epoch 4/5 completed. Average Loss: 0.0004
2025-05-03 10:12:18,973 [INFO] src.federated.client: Client classical_mlp_client_0 - Epoch 5/5 completed. Average Loss: 0.0004
2025-05-03 10:12:18,975 [INFO] src.federated.client: Client classical_mlp_client_0: Local training finished. Processed 115 samples.
2025-05-03 10:12:18,975 [INFO] src.federated.server: Aggregating updates from 3 clients using FedAvg.
2025-05-03 10:12:18,975 [INFO] src.federated.aggregation: FedAvg: Aggregating updates from 3 clients.
2025-05-03 10:12:18,977 [INFO] src.federated.aggregation: FedAvg: Aggregation complete.
2025-05-03 10:12:18,979 [INFO] src.federated.server: Global model updated with aggregated parameters.
2025-05-03 10:12:18,979 [INFO] src.federated.server: Evaluating updated global model...
2025-05-03 10:12:18,984 [INFO] src.federated.server: Round 14 completed in 0.19s. Eval Metrics: {'loss': 0.2291674912273102, 'accuracy': 0.8947368421052632}
2025-05-03 10:12:18,984 [INFO] src.federated.server: ===== Starting Round 15/20 =====
2025-05-03 10:12:18,984 [INFO] src.federated.server: Starting federated training round...
2025-05-03 10:12:18,984 [INFO] src.federated.server: Selected 3 clients out of 5 available (fraction=0.1, min_clients=3): ['classical_mlp_client_3', 'classical_mlp_client_0', 'classical_mlp_client_1']
2025-05-03 10:12:18,987 [INFO] src.federated.client: Client classical_mlp_client_3: Starting local training for 5 epochs. Proximal term mu=0.01.
2025-05-03 10:12:18,997 [INFO] src.federated.client: Client classical_mlp_client_3 - Epoch 1/5 completed. Average Loss: 0.2348
2025-05-03 10:12:19,009 [INFO] src.federated.client: Client classical_mlp_client_3 - Epoch 2/5 completed. Average Loss: 0.1374
2025-05-03 10:12:19,021 [INFO] src.federated.client: Client classical_mlp_client_3 - Epoch 3/5 completed. Average Loss: 0.1799
2025-05-03 10:12:19,035 [INFO] src.federated.client: Client classical_mlp_client_3 - Epoch 4/5 completed. Average Loss: 0.2155
2025-05-03 10:12:19,044 [INFO] src.federated.client: Client classical_mlp_client_3 - Epoch 5/5 completed. Average Loss: 0.1636
2025-05-03 10:12:19,046 [INFO] src.federated.client: Client classical_mlp_client_3: Local training finished. Processed 110 samples.
2025-05-03 10:12:19,047 [INFO] src.federated.client: Client classical_mlp_client_0: Starting local training for 5 epochs. Proximal term mu=0.01.
2025-05-03 10:12:19,058 [INFO] src.federated.client: Client classical_mlp_client_0 - Epoch 1/5 completed. Average Loss: 0.0019
2025-05-03 10:12:19,068 [INFO] src.federated.client: Client classical_mlp_client_0 - Epoch 2/5 completed. Average Loss: 0.0015
2025-05-03 10:12:19,075 [INFO] src.federated.client: Client classical_mlp_client_0 - Epoch 3/5 completed. Average Loss: 0.0011
2025-05-03 10:12:19,086 [INFO] src.federated.client: Client classical_mlp_client_0 - Epoch 4/5 completed. Average Loss: 0.0008
2025-05-03 10:12:19,099 [INFO] src.federated.client: Client classical_mlp_client_0 - Epoch 5/5 completed. Average Loss: 0.0005
2025-05-03 10:12:19,100 [INFO] src.federated.client: Client classical_mlp_client_0: Local training finished. Processed 115 samples.
2025-05-03 10:12:19,102 [INFO] src.federated.client: Client classical_mlp_client_1: Starting local training for 5 epochs. Proximal term mu=0.01.
2025-05-03 10:12:19,113 [INFO] src.federated.client: Client classical_mlp_client_1 - Epoch 1/5 completed. Average Loss: 0.0007
2025-05-03 10:12:19,126 [INFO] src.federated.client: Client classical_mlp_client_1 - Epoch 2/5 completed. Average Loss: 0.0007
2025-05-03 10:12:19,136 [INFO] src.federated.client: Client classical_mlp_client_1 - Epoch 3/5 completed. Average Loss: 0.0007
2025-05-03 10:12:19,146 [INFO] src.federated.client: Client classical_mlp_client_1 - Epoch 4/5 completed. Average Loss: 0.0007
2025-05-03 10:12:19,157 [INFO] src.federated.client: Client classical_mlp_client_1 - Epoch 5/5 completed. Average Loss: 0.0006
2025-05-03 10:12:19,158 [INFO] src.federated.client: Client classical_mlp_client_1: Local training finished. Processed 115 samples.
2025-05-03 10:12:19,158 [INFO] src.federated.server: Aggregating updates from 3 clients using FedAvg.
2025-05-03 10:12:19,159 [INFO] src.federated.aggregation: FedAvg: Aggregating updates from 3 clients.
2025-05-03 10:12:19,160 [INFO] src.federated.aggregation: FedAvg: Aggregation complete.
2025-05-03 10:12:19,162 [INFO] src.federated.server: Global model updated with aggregated parameters.
2025-05-03 10:12:19,162 [INFO] src.federated.server: Evaluating updated global model...
2025-05-03 10:12:19,168 [INFO] src.federated.server: Round 15 completed in 0.18s. Eval Metrics: {'loss': 0.21528008378024194, 'accuracy': 0.9473684210526315}
2025-05-03 10:12:19,168 [INFO] src.federated.server: ===== Starting Round 16/20 =====
2025-05-03 10:12:19,169 [INFO] src.federated.server: Starting federated training round...
2025-05-03 10:12:19,169 [INFO] src.federated.server: Selected 3 clients out of 5 available (fraction=0.1, min_clients=3): ['classical_mlp_client_0', 'classical_mlp_client_2', 'classical_mlp_client_3']
2025-05-03 10:12:19,173 [INFO] src.federated.client: Client classical_mlp_client_0: Starting local training for 5 epochs. Proximal term mu=0.01.
2025-05-03 10:12:19,183 [INFO] src.federated.client: Client classical_mlp_client_0 - Epoch 1/5 completed. Average Loss: 0.0006
2025-05-03 10:12:19,194 [INFO] src.federated.client: Client classical_mlp_client_0 - Epoch 2/5 completed. Average Loss: 0.0004
2025-05-03 10:12:19,209 [INFO] src.federated.client: Client classical_mlp_client_0 - Epoch 3/5 completed. Average Loss: 0.0003
2025-05-03 10:12:19,219 [INFO] src.federated.client: Client classical_mlp_client_0 - Epoch 4/5 completed. Average Loss: 0.0003
2025-05-03 10:12:19,230 [INFO] src.federated.client: Client classical_mlp_client_0 - Epoch 5/5 completed. Average Loss: 0.0003
2025-05-03 10:12:19,232 [INFO] src.federated.client: Client classical_mlp_client_0: Local training finished. Processed 115 samples.
2025-05-03 10:12:19,234 [INFO] src.federated.client: Client classical_mlp_client_2: Starting local training for 5 epochs. Proximal term mu=0.01.
2025-05-03 10:12:19,243 [INFO] src.federated.client: Client classical_mlp_client_2 - Epoch 1/5 completed. Average Loss: 0.0037
2025-05-03 10:12:19,254 [INFO] src.federated.client: Client classical_mlp_client_2 - Epoch 2/5 completed. Average Loss: 0.0034
2025-05-03 10:12:19,264 [INFO] src.federated.client: Client classical_mlp_client_2 - Epoch 3/5 completed. Average Loss: 0.0027
2025-05-03 10:12:19,275 [INFO] src.federated.client: Client classical_mlp_client_2 - Epoch 4/5 completed. Average Loss: 0.0021
2025-05-03 10:12:19,284 [INFO] src.federated.client: Client classical_mlp_client_2 - Epoch 5/5 completed. Average Loss: 0.0017
2025-05-03 10:12:19,286 [INFO] src.federated.client: Client classical_mlp_client_2: Local training finished. Processed 110 samples.
2025-05-03 10:12:19,287 [INFO] src.federated.client: Client classical_mlp_client_3: Starting local training for 5 epochs. Proximal term mu=0.01.
2025-05-03 10:12:19,298 [INFO] src.federated.client: Client classical_mlp_client_3 - Epoch 1/5 completed. Average Loss: 0.1562
2025-05-03 10:12:19,310 [INFO] src.federated.client: Client classical_mlp_client_3 - Epoch 2/5 completed. Average Loss: 0.1902
2025-05-03 10:12:19,320 [INFO] src.federated.client: Client classical_mlp_client_3 - Epoch 3/5 completed. Average Loss: 0.1654
2025-05-03 10:12:19,329 [INFO] src.federated.client: Client classical_mlp_client_3 - Epoch 4/5 completed. Average Loss: 0.1230
2025-05-03 10:12:19,339 [INFO] src.federated.client: Client classical_mlp_client_3 - Epoch 5/5 completed. Average Loss: 0.1274
2025-05-03 10:12:19,340 [INFO] src.federated.client: Client classical_mlp_client_3: Local training finished. Processed 110 samples.
2025-05-03 10:12:19,340 [INFO] src.federated.server: Aggregating updates from 3 clients using FedAvg.
2025-05-03 10:12:19,340 [INFO] src.federated.aggregation: FedAvg: Aggregating updates from 3 clients.
2025-05-03 10:12:19,342 [INFO] src.federated.aggregation: FedAvg: Aggregation complete.
2025-05-03 10:12:19,343 [INFO] src.federated.server: Global model updated with aggregated parameters.
2025-05-03 10:12:19,344 [INFO] src.federated.server: Evaluating updated global model...
2025-05-03 10:12:19,347 [INFO] src.federated.server: Round 16 completed in 0.18s. Eval Metrics: {'loss': 0.22040027009309884, 'accuracy': 0.9473684210526315}
2025-05-03 10:12:19,347 [INFO] src.federated.server: ===== Starting Round 17/20 =====
2025-05-03 10:12:19,348 [INFO] src.federated.server: Starting federated training round...
2025-05-03 10:12:19,348 [INFO] src.federated.server: Selected 3 clients out of 5 available (fraction=0.1, min_clients=3): ['classical_mlp_client_4', 'classical_mlp_client_2', 'classical_mlp_client_3']
2025-05-03 10:12:19,350 [INFO] src.federated.client: Client classical_mlp_client_4: Starting local training for 5 epochs. Proximal term mu=0.01.
2025-05-03 10:12:19,361 [INFO] src.federated.client: Client classical_mlp_client_4 - Epoch 1/5 completed. Average Loss: 0.1081
2025-05-03 10:12:19,372 [INFO] src.federated.client: Client classical_mlp_client_4 - Epoch 2/5 completed. Average Loss: 0.0343
2025-05-03 10:12:19,382 [INFO] src.federated.client: Client classical_mlp_client_4 - Epoch 3/5 completed. Average Loss: 0.0076
2025-05-03 10:12:19,393 [INFO] src.federated.client: Client classical_mlp_client_4 - Epoch 4/5 completed. Average Loss: 0.0052
2025-05-03 10:12:19,402 [INFO] src.federated.client: Client classical_mlp_client_4 - Epoch 5/5 completed. Average Loss: 0.0157
2025-05-03 10:12:19,403 [INFO] src.federated.client: Client classical_mlp_client_4: Local training finished. Processed 110 samples.
2025-05-03 10:12:19,405 [INFO] src.federated.client: Client classical_mlp_client_2: Starting local training for 5 epochs. Proximal term mu=0.01.
2025-05-03 10:12:19,415 [INFO] src.federated.client: Client classical_mlp_client_2 - Epoch 1/5 completed. Average Loss: 0.0033
2025-05-03 10:12:19,425 [INFO] src.federated.client: Client classical_mlp_client_2 - Epoch 2/5 completed. Average Loss: 0.0033
2025-05-03 10:12:19,434 [INFO] src.federated.client: Client classical_mlp_client_2 - Epoch 3/5 completed. Average Loss: 0.0030
2025-05-03 10:12:19,445 [INFO] src.federated.client: Client classical_mlp_client_2 - Epoch 4/5 completed. Average Loss: 0.0025
2025-05-03 10:12:19,455 [INFO] src.federated.client: Client classical_mlp_client_2 - Epoch 5/5 completed. Average Loss: 0.0021
2025-05-03 10:12:19,456 [INFO] src.federated.client: Client classical_mlp_client_2: Local training finished. Processed 110 samples.
2025-05-03 10:12:19,458 [INFO] src.federated.client: Client classical_mlp_client_3: Starting local training for 5 epochs. Proximal term mu=0.01.
2025-05-03 10:12:19,471 [INFO] src.federated.client: Client classical_mlp_client_3 - Epoch 1/5 completed. Average Loss: 0.1393
2025-05-03 10:12:19,481 [INFO] src.federated.client: Client classical_mlp_client_3 - Epoch 2/5 completed. Average Loss: 0.1393
2025-05-03 10:12:19,490 [INFO] src.federated.client: Client classical_mlp_client_3 - Epoch 3/5 completed. Average Loss: 0.1253
2025-05-03 10:12:19,502 [INFO] src.federated.client: Client classical_mlp_client_3 - Epoch 4/5 completed. Average Loss: 0.1128
2025-05-03 10:12:19,514 [INFO] src.federated.client: Client classical_mlp_client_3 - Epoch 5/5 completed. Average Loss: 0.1164
2025-05-03 10:12:19,516 [INFO] src.federated.client: Client classical_mlp_client_3: Local training finished. Processed 110 samples.
2025-05-03 10:12:19,516 [INFO] src.federated.server: Aggregating updates from 3 clients using FedAvg.
2025-05-03 10:12:19,516 [INFO] src.federated.aggregation: FedAvg: Aggregating updates from 3 clients.
2025-05-03 10:12:19,518 [INFO] src.federated.aggregation: FedAvg: Aggregation complete.
2025-05-03 10:12:19,519 [INFO] src.federated.server: Global model updated with aggregated parameters.
2025-05-03 10:12:19,520 [INFO] src.federated.server: Evaluating updated global model...
2025-05-03 10:12:19,523 [INFO] src.federated.server: Round 17 completed in 0.18s. Eval Metrics: {'loss': 0.3212702324967063, 'accuracy': 0.8947368421052632}
2025-05-03 10:12:19,523 [INFO] src.federated.server: ===== Starting Round 18/20 =====
2025-05-03 10:12:19,523 [INFO] src.federated.server: Starting federated training round...
2025-05-03 10:12:19,524 [INFO] src.federated.server: Selected 3 clients out of 5 available (fraction=0.1, min_clients=3): ['classical_mlp_client_1', 'classical_mlp_client_0', 'classical_mlp_client_3']
2025-05-03 10:12:19,527 [INFO] src.federated.client: Client classical_mlp_client_1: Starting local training for 5 epochs. Proximal term mu=0.01.
2025-05-03 10:12:19,538 [INFO] src.federated.client: Client classical_mlp_client_1 - Epoch 1/5 completed. Average Loss: 0.0016
2025-05-03 10:12:19,548 [INFO] src.federated.client: Client classical_mlp_client_1 - Epoch 2/5 completed. Average Loss: 0.0012
2025-05-03 10:12:19,563 [INFO] src.federated.client: Client classical_mlp_client_1 - Epoch 3/5 completed. Average Loss: 0.0009
2025-05-03 10:12:19,572 [INFO] src.federated.client: Client classical_mlp_client_1 - Epoch 4/5 completed. Average Loss: 0.0007
2025-05-03 10:12:19,585 [INFO] src.federated.client: Client classical_mlp_client_1 - Epoch 5/5 completed. Average Loss: 0.0007
2025-05-03 10:12:19,587 [INFO] src.federated.client: Client classical_mlp_client_1: Local training finished. Processed 115 samples.
2025-05-03 10:12:19,588 [INFO] src.federated.client: Client classical_mlp_client_0: Starting local training for 5 epochs. Proximal term mu=0.01.
2025-05-03 10:12:19,599 [INFO] src.federated.client: Client classical_mlp_client_0 - Epoch 1/5 completed. Average Loss: 0.0026
2025-05-03 10:12:19,608 [INFO] src.federated.client: Client classical_mlp_client_0 - Epoch 2/5 completed. Average Loss: 0.0015
2025-05-03 10:12:19,618 [INFO] src.federated.client: Client classical_mlp_client_0 - Epoch 3/5 completed. Average Loss: 0.0008
2025-05-03 10:12:19,628 [INFO] src.federated.client: Client classical_mlp_client_0 - Epoch 4/5 completed. Average Loss: 0.0005
2025-05-03 10:12:19,637 [INFO] src.federated.client: Client classical_mlp_client_0 - Epoch 5/5 completed. Average Loss: 0.0005
2025-05-03 10:12:19,639 [INFO] src.federated.client: Client classical_mlp_client_0: Local training finished. Processed 115 samples.
2025-05-03 10:12:19,640 [INFO] src.federated.client: Client classical_mlp_client_3: Starting local training for 5 epochs. Proximal term mu=0.01.
2025-05-03 10:12:19,652 [INFO] src.federated.client: Client classical_mlp_client_3 - Epoch 1/5 completed. Average Loss: 0.2566
2025-05-03 10:12:19,662 [INFO] src.federated.client: Client classical_mlp_client_3 - Epoch 2/5 completed. Average Loss: 0.1704
2025-05-03 10:12:19,672 [INFO] src.federated.client: Client classical_mlp_client_3 - Epoch 3/5 completed. Average Loss: 0.1157
2025-05-03 10:12:19,683 [INFO] src.federated.client: Client classical_mlp_client_3 - Epoch 4/5 completed. Average Loss: 0.1628
2025-05-03 10:12:19,695 [INFO] src.federated.client: Client classical_mlp_client_3 - Epoch 5/5 completed. Average Loss: 0.1998
2025-05-03 10:12:19,697 [INFO] src.federated.client: Client classical_mlp_client_3: Local training finished. Processed 110 samples.
2025-05-03 10:12:19,697 [INFO] src.federated.server: Aggregating updates from 3 clients using FedAvg.
2025-05-03 10:12:19,698 [INFO] src.federated.aggregation: FedAvg: Aggregating updates from 3 clients.
2025-05-03 10:12:19,700 [INFO] src.federated.aggregation: FedAvg: Aggregation complete.
2025-05-03 10:12:19,702 [INFO] src.federated.server: Global model updated with aggregated parameters.
2025-05-03 10:12:19,703 [INFO] src.federated.server: Evaluating updated global model...
2025-05-03 10:12:19,707 [INFO] src.federated.server: Round 18 completed in 0.18s. Eval Metrics: {'loss': 0.26338218670535496, 'accuracy': 0.9473684210526315}
2025-05-03 10:12:19,707 [INFO] src.federated.server: ===== Starting Round 19/20 =====
2025-05-03 10:12:19,708 [INFO] src.federated.server: Starting federated training round...
2025-05-03 10:12:19,708 [INFO] src.federated.server: Selected 3 clients out of 5 available (fraction=0.1, min_clients=3): ['classical_mlp_client_1', 'classical_mlp_client_2', 'classical_mlp_client_0']
2025-05-03 10:12:19,711 [INFO] src.federated.client: Client classical_mlp_client_1: Starting local training for 5 epochs. Proximal term mu=0.01.
2025-05-03 10:12:19,725 [INFO] src.federated.client: Client classical_mlp_client_1 - Epoch 1/5 completed. Average Loss: 0.0032
2025-05-03 10:12:19,740 [INFO] src.federated.client: Client classical_mlp_client_1 - Epoch 2/5 completed. Average Loss: 0.0025
2025-05-03 10:12:19,750 [INFO] src.federated.client: Client classical_mlp_client_1 - Epoch 3/5 completed. Average Loss: 0.0015
2025-05-03 10:12:19,764 [INFO] src.federated.client: Client classical_mlp_client_1 - Epoch 4/5 completed. Average Loss: 0.0010
2025-05-03 10:12:19,776 [INFO] src.federated.client: Client classical_mlp_client_1 - Epoch 5/5 completed. Average Loss: 0.0009
2025-05-03 10:12:19,777 [INFO] src.federated.client: Client classical_mlp_client_1: Local training finished. Processed 115 samples.
2025-05-03 10:12:19,778 [INFO] src.federated.client: Client classical_mlp_client_2: Starting local training for 5 epochs. Proximal term mu=0.01.
2025-05-03 10:12:19,789 [INFO] src.federated.client: Client classical_mlp_client_2 - Epoch 1/5 completed. Average Loss: 0.0034
2025-05-03 10:12:19,804 [INFO] src.federated.client: Client classical_mlp_client_2 - Epoch 2/5 completed. Average Loss: 0.0031
2025-05-03 10:12:19,814 [INFO] src.federated.client: Client classical_mlp_client_2 - Epoch 3/5 completed. Average Loss: 0.0029
2025-05-03 10:12:19,825 [INFO] src.federated.client: Client classical_mlp_client_2 - Epoch 4/5 completed. Average Loss: 0.0027
2025-05-03 10:12:19,837 [INFO] src.federated.client: Client classical_mlp_client_2 - Epoch 5/5 completed. Average Loss: 0.0024
2025-05-03 10:12:19,839 [INFO] src.federated.client: Client classical_mlp_client_2: Local training finished. Processed 110 samples.
2025-05-03 10:12:19,841 [INFO] src.federated.client: Client classical_mlp_client_0: Starting local training for 5 epochs. Proximal term mu=0.01.
2025-05-03 10:12:19,853 [INFO] src.federated.client: Client classical_mlp_client_0 - Epoch 1/5 completed. Average Loss: 0.0004
2025-05-03 10:12:19,869 [INFO] src.federated.client: Client classical_mlp_client_0 - Epoch 2/5 completed. Average Loss: 0.0005
2025-05-03 10:12:19,884 [INFO] src.federated.client: Client classical_mlp_client_0 - Epoch 3/5 completed. Average Loss: 0.0007
2025-05-03 10:12:19,895 [INFO] src.federated.client: Client classical_mlp_client_0 - Epoch 4/5 completed. Average Loss: 0.0008
2025-05-03 10:12:19,905 [INFO] src.federated.client: Client classical_mlp_client_0 - Epoch 5/5 completed. Average Loss: 0.0009
2025-05-03 10:12:19,907 [INFO] src.federated.client: Client classical_mlp_client_0: Local training finished. Processed 115 samples.
2025-05-03 10:12:19,907 [INFO] src.federated.server: Aggregating updates from 3 clients using FedAvg.
2025-05-03 10:12:19,908 [INFO] src.federated.aggregation: FedAvg: Aggregating updates from 3 clients.
2025-05-03 10:12:19,909 [INFO] src.federated.aggregation: FedAvg: Aggregation complete.
2025-05-03 10:12:19,911 [INFO] src.federated.server: Global model updated with aggregated parameters.
2025-05-03 10:12:19,911 [INFO] src.federated.server: Evaluating updated global model...
2025-05-03 10:12:19,915 [INFO] src.federated.server: Round 19 completed in 0.21s. Eval Metrics: {'loss': 0.24099370153654548, 'accuracy': 0.9473684210526315}
2025-05-03 10:12:19,915 [INFO] src.federated.server: ===== Starting Round 20/20 =====
2025-05-03 10:12:19,915 [INFO] src.federated.server: Starting federated training round...
2025-05-03 10:12:19,915 [INFO] src.federated.server: Selected 3 clients out of 5 available (fraction=0.1, min_clients=3): ['classical_mlp_client_1', 'classical_mlp_client_0', 'classical_mlp_client_4']
2025-05-03 10:12:19,919 [INFO] src.federated.client: Client classical_mlp_client_1: Starting local training for 5 epochs. Proximal term mu=0.01.
2025-05-03 10:12:19,934 [INFO] src.federated.client: Client classical_mlp_client_1 - Epoch 1/5 completed. Average Loss: 0.0013
2025-05-03 10:12:19,945 [INFO] src.federated.client: Client classical_mlp_client_1 - Epoch 2/5 completed. Average Loss: 0.0007
2025-05-03 10:12:19,960 [INFO] src.federated.client: Client classical_mlp_client_1 - Epoch 3/5 completed. Average Loss: 0.0005
2025-05-03 10:12:19,973 [INFO] src.federated.client: Client classical_mlp_client_1 - Epoch 4/5 completed. Average Loss: 0.0006
2025-05-03 10:12:19,981 [INFO] src.federated.client: Client classical_mlp_client_1 - Epoch 5/5 completed. Average Loss: 0.0007
2025-05-03 10:12:19,982 [INFO] src.federated.client: Client classical_mlp_client_1: Local training finished. Processed 115 samples.
2025-05-03 10:12:19,984 [INFO] src.federated.client: Client classical_mlp_client_0: Starting local training for 5 epochs. Proximal term mu=0.01.
2025-05-03 10:12:19,994 [INFO] src.federated.client: Client classical_mlp_client_0 - Epoch 1/5 completed. Average Loss: 0.0003
2025-05-03 10:12:20,005 [INFO] src.federated.client: Client classical_mlp_client_0 - Epoch 2/5 completed. Average Loss: 0.0003
2025-05-03 10:12:20,016 [INFO] src.federated.client: Client classical_mlp_client_0 - Epoch 3/5 completed. Average Loss: 0.0003
2025-05-03 10:12:20,026 [INFO] src.federated.client: Client classical_mlp_client_0 - Epoch 4/5 completed. Average Loss: 0.0003
2025-05-03 10:12:20,038 [INFO] src.federated.client: Client classical_mlp_client_0 - Epoch 5/5 completed. Average Loss: 0.0003
2025-05-03 10:12:20,039 [INFO] src.federated.client: Client classical_mlp_client_0: Local training finished. Processed 115 samples.
2025-05-03 10:12:20,041 [INFO] src.federated.client: Client classical_mlp_client_4: Starting local training for 5 epochs. Proximal term mu=0.01.
2025-05-03 10:12:20,052 [INFO] src.federated.client: Client classical_mlp_client_4 - Epoch 1/5 completed. Average Loss: 0.0569
2025-05-03 10:12:20,062 [INFO] src.federated.client: Client classical_mlp_client_4 - Epoch 2/5 completed. Average Loss: 0.0126
2025-05-03 10:12:20,073 [INFO] src.federated.client: Client classical_mlp_client_4 - Epoch 3/5 completed. Average Loss: 0.0040
2025-05-03 10:12:20,083 [INFO] src.federated.client: Client classical_mlp_client_4 - Epoch 4/5 completed. Average Loss: 0.0080
2025-05-03 10:12:20,093 [INFO] src.federated.client: Client classical_mlp_client_4 - Epoch 5/5 completed. Average Loss: 0.0258
2025-05-03 10:12:20,094 [INFO] src.federated.client: Client classical_mlp_client_4: Local training finished. Processed 110 samples.
2025-05-03 10:12:20,094 [INFO] src.federated.server: Aggregating updates from 3 clients using FedAvg.
2025-05-03 10:12:20,095 [INFO] src.federated.aggregation: FedAvg: Aggregating updates from 3 clients.
2025-05-03 10:12:20,096 [INFO] src.federated.aggregation: FedAvg: Aggregation complete.
2025-05-03 10:12:20,097 [INFO] src.federated.server: Global model updated with aggregated parameters.
2025-05-03 10:12:20,098 [INFO] src.federated.server: Evaluating updated global model...
2025-05-03 10:12:20,101 [INFO] src.federated.server: Round 20 completed in 0.19s. Eval Metrics: {'loss': 0.32108025036350024, 'accuracy': 0.8947368421052632}
2025-05-03 10:12:20,102 [INFO] src.federated.server: Federated training process completed after 20 rounds.
2025-05-03 10:12:20,102 [INFO] ExperimentRunner: ========== Finished Iris_MLP_FedProx_IID ==========

2025-05-03 10:12:20,102 [INFO] ExperimentRunner: ========== Starting Iris_MLP_FedDive_IID ==========
2025-05-03 10:12:20,102 [INFO] ExperimentRunner: --- Setting up experiment: Iris_MLP_FedDive_IID ---
2025-05-03 10:12:20,103 [INFO] src.utils.data_utils: Set random seed to 42
2025-05-03 10:12:20,110 [INFO] src.utils.data_utils: Successfully loaded configuration from /home/dhanraj/quantum_federated_simulator/configs/federated/server_config.yaml
2025-05-03 10:12:20,115 [INFO] src.utils.data_utils: Successfully loaded configuration from /home/dhanraj/quantum_federated_simulator/configs/federated/client_config.yaml
2025-05-03 10:12:20,120 [INFO] src.utils.data_utils: Successfully loaded configuration from /home/dhanraj/quantum_federated_simulator/configs/federated/default_aggregation.yaml
2025-05-03 10:12:20,120 [INFO] src.utils.data_utils: Partitioning data IID among 5 clients.
2025-05-03 10:12:20,121 [INFO] src.utils.data_utils: Data partitioning complete.
2025-05-03 10:12:20,121 [INFO] ExperimentRunner: Creating model of type: classical_mlp
2025-05-03 10:12:20,122 [INFO] src.federated.aggregation: Creating aggregation strategy of type: fedavg
2025-05-03 10:12:20,122 [INFO] ExperimentRunner: Using aggregation strategy: FedAvg
2025-05-03 10:12:20,124 [INFO] src.federated.server: Federated server initialized on device 'cuda' with aggregation strategy: FedAvg
2025-05-03 10:12:20,125 [INFO] ExperimentRunner: Creating model of type: classical_mlp
2025-05-03 10:12:20,127 [INFO] src.federated.client: Client classical_mlp_client_0 initialized on device 'cuda' with 23 samples.
2025-05-03 10:12:20,127 [INFO] src.federated.server: Registered client 'classical_mlp_client_0'. Total clients: 1.
2025-05-03 10:12:20,128 [INFO] ExperimentRunner: Creating model of type: classical_mlp
2025-05-03 10:12:20,131 [INFO] src.federated.client: Client classical_mlp_client_1 initialized on device 'cuda' with 23 samples.
2025-05-03 10:12:20,131 [INFO] src.federated.server: Registered client 'classical_mlp_client_1'. Total clients: 2.
2025-05-03 10:12:20,131 [INFO] ExperimentRunner: Creating model of type: classical_mlp
2025-05-03 10:12:20,134 [INFO] src.federated.client: Client classical_mlp_client_2 initialized on device 'cuda' with 22 samples.
2025-05-03 10:12:20,134 [INFO] src.federated.server: Registered client 'classical_mlp_client_2'. Total clients: 3.
2025-05-03 10:12:20,134 [INFO] ExperimentRunner: Creating model of type: classical_mlp
2025-05-03 10:12:20,138 [INFO] src.federated.client: Client classical_mlp_client_3 initialized on device 'cuda' with 22 samples.
2025-05-03 10:12:20,138 [INFO] src.federated.server: Registered client 'classical_mlp_client_3'. Total clients: 4.
2025-05-03 10:12:20,138 [INFO] ExperimentRunner: Creating model of type: classical_mlp
2025-05-03 10:12:20,141 [INFO] src.federated.client: Client classical_mlp_client_4 initialized on device 'cuda' with 22 samples.
2025-05-03 10:12:20,141 [INFO] src.federated.server: Registered client 'classical_mlp_client_4'. Total clients: 5.
2025-05-03 10:12:20,142 [INFO] ExperimentRunner: --- Scenario setup complete for Iris_MLP_FedDive_IID ---
2025-05-03 10:12:20,142 [INFO] src.federated.server: Starting federated training process for 20 rounds.
2025-05-03 10:12:20,143 [INFO] src.federated.server: Config: local_epochs=5, client_fraction=0.1, min_clients=3, FedProx mu=0.0
2025-05-03 10:12:20,143 [INFO] src.federated.server: Performing initial evaluation of global model...
2025-05-03 10:12:20,147 [INFO] src.federated.server: Initial Evaluation Metrics: {'loss': 1.107144706056725, 'accuracy': 0.34210526315789475}
2025-05-03 10:12:20,148 [INFO] src.federated.server: ===== Starting Round 1/20 =====
2025-05-03 10:12:20,148 [INFO] src.federated.server: Starting federated training round...
2025-05-03 10:12:20,148 [INFO] src.federated.server: Selected 3 clients out of 5 available (fraction=0.1, min_clients=3): ['classical_mlp_client_0', 'classical_mlp_client_4', 'classical_mlp_client_2']
2025-05-03 10:12:20,152 [INFO] src.federated.client: Client classical_mlp_client_0: Starting local training for 5 epochs. Proximal term mu=0.0.
2025-05-03 10:12:20,161 [INFO] src.federated.client: Client classical_mlp_client_0 - Epoch 1/5 completed. Average Loss: 1.1131
2025-05-03 10:12:20,169 [INFO] src.federated.client: Client classical_mlp_client_0 - Epoch 2/5 completed. Average Loss: 1.0465
2025-05-03 10:12:20,176 [INFO] src.federated.client: Client classical_mlp_client_0 - Epoch 3/5 completed. Average Loss: 0.9749
2025-05-03 10:12:20,185 [INFO] src.federated.client: Client classical_mlp_client_0 - Epoch 4/5 completed. Average Loss: 0.8874
2025-05-03 10:12:20,193 [INFO] src.federated.client: Client classical_mlp_client_0 - Epoch 5/5 completed. Average Loss: 0.7921
2025-05-03 10:12:20,194 [INFO] src.federated.client: Client classical_mlp_client_0: Local training finished. Processed 115 samples.
2025-05-03 10:12:20,196 [INFO] src.federated.client: Client classical_mlp_client_4: Starting local training for 5 epochs. Proximal term mu=0.0.
2025-05-03 10:12:20,207 [INFO] src.federated.client: Client classical_mlp_client_4 - Epoch 1/5 completed. Average Loss: 1.0941
2025-05-03 10:12:20,214 [INFO] src.federated.client: Client classical_mlp_client_4 - Epoch 2/5 completed. Average Loss: 1.0462
2025-05-03 10:12:20,223 [INFO] src.federated.client: Client classical_mlp_client_4 - Epoch 3/5 completed. Average Loss: 0.9883
2025-05-03 10:12:20,231 [INFO] src.federated.client: Client classical_mlp_client_4 - Epoch 4/5 completed. Average Loss: 0.9138
2025-05-03 10:12:20,241 [INFO] src.federated.client: Client classical_mlp_client_4 - Epoch 5/5 completed. Average Loss: 0.8315
2025-05-03 10:12:20,244 [INFO] src.federated.client: Client classical_mlp_client_4: Local training finished. Processed 110 samples.
2025-05-03 10:12:20,246 [INFO] src.federated.client: Client classical_mlp_client_2: Starting local training for 5 epochs. Proximal term mu=0.0.
2025-05-03 10:12:20,257 [INFO] src.federated.client: Client classical_mlp_client_2 - Epoch 1/5 completed. Average Loss: 1.1296
2025-05-03 10:12:20,266 [INFO] src.federated.client: Client classical_mlp_client_2 - Epoch 2/5 completed. Average Loss: 1.0429
2025-05-03 10:12:20,275 [INFO] src.federated.client: Client classical_mlp_client_2 - Epoch 3/5 completed. Average Loss: 0.9450
2025-05-03 10:12:20,282 [INFO] src.federated.client: Client classical_mlp_client_2 - Epoch 4/5 completed. Average Loss: 0.8278
2025-05-03 10:12:20,289 [INFO] src.federated.client: Client classical_mlp_client_2 - Epoch 5/5 completed. Average Loss: 0.7051
2025-05-03 10:12:20,290 [INFO] src.federated.client: Client classical_mlp_client_2: Local training finished. Processed 110 samples.
2025-05-03 10:12:20,291 [INFO] src.federated.server: Aggregating updates from 3 clients using FedAvg.
2025-05-03 10:12:20,291 [INFO] src.federated.aggregation: FedAvg: Aggregating updates from 3 clients.
2025-05-03 10:12:20,293 [INFO] src.federated.aggregation: FedAvg: Aggregation complete.
2025-05-03 10:12:20,295 [INFO] src.federated.server: Global model updated with aggregated parameters.
2025-05-03 10:12:20,295 [INFO] src.federated.server: Evaluating updated global model...
2025-05-03 10:12:20,304 [INFO] src.federated.server: Round 1 completed in 0.16s. Eval Metrics: {'loss': 0.7696873981436673, 'accuracy': 0.6578947368421053}
2025-05-03 10:12:20,305 [INFO] src.federated.server: ===== Starting Round 2/20 =====
2025-05-03 10:12:20,305 [INFO] src.federated.server: Starting federated training round...
2025-05-03 10:12:20,305 [INFO] src.federated.server: Selected 3 clients out of 5 available (fraction=0.1, min_clients=3): ['classical_mlp_client_2', 'classical_mlp_client_1', 'classical_mlp_client_0']
2025-05-03 10:12:20,309 [INFO] src.federated.client: Client classical_mlp_client_2: Starting local training for 5 epochs. Proximal term mu=0.0.
2025-05-03 10:12:20,317 [INFO] src.federated.client: Client classical_mlp_client_2 - Epoch 1/5 completed. Average Loss: 0.6517
2025-05-03 10:12:20,324 [INFO] src.federated.client: Client classical_mlp_client_2 - Epoch 2/5 completed. Average Loss: 0.5287
2025-05-03 10:12:20,333 [INFO] src.federated.client: Client classical_mlp_client_2 - Epoch 3/5 completed. Average Loss: 0.4289
2025-05-03 10:12:20,339 [INFO] src.federated.client: Client classical_mlp_client_2 - Epoch 4/5 completed. Average Loss: 0.3625
2025-05-03 10:12:20,346 [INFO] src.federated.client: Client classical_mlp_client_2 - Epoch 5/5 completed. Average Loss: 0.3151
2025-05-03 10:12:20,348 [INFO] src.federated.client: Client classical_mlp_client_2: Local training finished. Processed 110 samples.
2025-05-03 10:12:20,351 [INFO] src.federated.client: Client classical_mlp_client_1: Starting local training for 5 epochs. Proximal term mu=0.0.
2025-05-03 10:12:20,359 [INFO] src.federated.client: Client classical_mlp_client_1 - Epoch 1/5 completed. Average Loss: 0.6916
2025-05-03 10:12:20,366 [INFO] src.federated.client: Client classical_mlp_client_1 - Epoch 2/5 completed. Average Loss: 0.5646
2025-05-03 10:12:20,375 [INFO] src.federated.client: Client classical_mlp_client_1 - Epoch 3/5 completed. Average Loss: 0.4555
2025-05-03 10:12:20,382 [INFO] src.federated.client: Client classical_mlp_client_1 - Epoch 4/5 completed. Average Loss: 0.3719
2025-05-03 10:12:20,388 [INFO] src.federated.client: Client classical_mlp_client_1 - Epoch 5/5 completed. Average Loss: 0.3015
2025-05-03 10:12:20,390 [INFO] src.federated.client: Client classical_mlp_client_1: Local training finished. Processed 115 samples.
2025-05-03 10:12:20,397 [INFO] src.federated.client: Client classical_mlp_client_0: Starting local training for 5 epochs. Proximal term mu=0.0.
2025-05-03 10:12:20,407 [INFO] src.federated.client: Client classical_mlp_client_0 - Epoch 1/5 completed. Average Loss: 0.7430
2025-05-03 10:12:20,415 [INFO] src.federated.client: Client classical_mlp_client_0 - Epoch 2/5 completed. Average Loss: 0.6428
2025-05-03 10:12:20,424 [INFO] src.federated.client: Client classical_mlp_client_0 - Epoch 3/5 completed. Average Loss: 0.5457
2025-05-03 10:12:20,434 [INFO] src.federated.client: Client classical_mlp_client_0 - Epoch 4/5 completed. Average Loss: 0.4575
2025-05-03 10:12:20,444 [INFO] src.federated.client: Client classical_mlp_client_0 - Epoch 5/5 completed. Average Loss: 0.3777
2025-05-03 10:12:20,445 [INFO] src.federated.client: Client classical_mlp_client_0: Local training finished. Processed 115 samples.
2025-05-03 10:12:20,445 [INFO] src.federated.server: Aggregating updates from 3 clients using FedAvg.
2025-05-03 10:12:20,446 [INFO] src.federated.aggregation: FedAvg: Aggregating updates from 3 clients.
2025-05-03 10:12:20,447 [INFO] src.federated.aggregation: FedAvg: Aggregation complete.
2025-05-03 10:12:20,450 [INFO] src.federated.server: Global model updated with aggregated parameters.
2025-05-03 10:12:20,450 [INFO] src.federated.server: Evaluating updated global model...
2025-05-03 10:12:20,454 [INFO] src.federated.server: Round 2 completed in 0.15s. Eval Metrics: {'loss': 0.4425237529966031, 'accuracy': 0.8157894736842105}
2025-05-03 10:12:20,454 [INFO] src.federated.server: ===== Starting Round 3/20 =====
2025-05-03 10:12:20,454 [INFO] src.federated.server: Starting federated training round...
2025-05-03 10:12:20,454 [INFO] src.federated.server: Selected 3 clients out of 5 available (fraction=0.1, min_clients=3): ['classical_mlp_client_1', 'classical_mlp_client_0', 'classical_mlp_client_2']
2025-05-03 10:12:20,458 [INFO] src.federated.client: Client classical_mlp_client_1: Starting local training for 5 epochs. Proximal term mu=0.0.
2025-05-03 10:12:20,465 [INFO] src.federated.client: Client classical_mlp_client_1 - Epoch 1/5 completed. Average Loss: 0.2819
2025-05-03 10:12:20,473 [INFO] src.federated.client: Client classical_mlp_client_1 - Epoch 2/5 completed. Average Loss: 0.2168
2025-05-03 10:12:20,480 [INFO] src.federated.client: Client classical_mlp_client_1 - Epoch 3/5 completed. Average Loss: 0.1575
2025-05-03 10:12:20,487 [INFO] src.federated.client: Client classical_mlp_client_1 - Epoch 4/5 completed. Average Loss: 0.1087
2025-05-03 10:12:20,493 [INFO] src.federated.client: Client classical_mlp_client_1 - Epoch 5/5 completed. Average Loss: 0.0728
2025-05-03 10:12:20,494 [INFO] src.federated.client: Client classical_mlp_client_1: Local training finished. Processed 115 samples.
2025-05-03 10:12:20,497 [INFO] src.federated.client: Client classical_mlp_client_0: Starting local training for 5 epochs. Proximal term mu=0.0.
2025-05-03 10:12:20,504 [INFO] src.federated.client: Client classical_mlp_client_0 - Epoch 1/5 completed. Average Loss: 0.3410
2025-05-03 10:12:20,512 [INFO] src.federated.client: Client classical_mlp_client_0 - Epoch 2/5 completed. Average Loss: 0.2623
2025-05-03 10:12:20,519 [INFO] src.federated.client: Client classical_mlp_client_0 - Epoch 3/5 completed. Average Loss: 0.1930
2025-05-03 10:12:20,527 [INFO] src.federated.client: Client classical_mlp_client_0 - Epoch 4/5 completed. Average Loss: 0.1442
2025-05-03 10:12:20,536 [INFO] src.federated.client: Client classical_mlp_client_0 - Epoch 5/5 completed. Average Loss: 0.1131
2025-05-03 10:12:20,539 [INFO] src.federated.client: Client classical_mlp_client_0: Local training finished. Processed 115 samples.
2025-05-03 10:12:20,541 [INFO] src.federated.client: Client classical_mlp_client_2: Starting local training for 5 epochs. Proximal term mu=0.0.
2025-05-03 10:12:20,549 [INFO] src.federated.client: Client classical_mlp_client_2 - Epoch 1/5 completed. Average Loss: 0.2281
2025-05-03 10:12:20,556 [INFO] src.federated.client: Client classical_mlp_client_2 - Epoch 2/5 completed. Average Loss: 0.1846
2025-05-03 10:12:20,564 [INFO] src.federated.client: Client classical_mlp_client_2 - Epoch 3/5 completed. Average Loss: 0.1453
2025-05-03 10:12:20,570 [INFO] src.federated.client: Client classical_mlp_client_2 - Epoch 4/5 completed. Average Loss: 0.1113
2025-05-03 10:12:20,577 [INFO] src.federated.client: Client classical_mlp_client_2 - Epoch 5/5 completed. Average Loss: 0.0841
2025-05-03 10:12:20,579 [INFO] src.federated.client: Client classical_mlp_client_2: Local training finished. Processed 110 samples.
2025-05-03 10:12:20,579 [INFO] src.federated.server: Aggregating updates from 3 clients using FedAvg.
2025-05-03 10:12:20,579 [INFO] src.federated.aggregation: FedAvg: Aggregating updates from 3 clients.
2025-05-03 10:12:20,581 [INFO] src.federated.aggregation: FedAvg: Aggregation complete.
2025-05-03 10:12:20,584 [INFO] src.federated.server: Global model updated with aggregated parameters.
2025-05-03 10:12:20,584 [INFO] src.federated.server: Evaluating updated global model...
2025-05-03 10:12:20,589 [INFO] src.federated.server: Round 3 completed in 0.13s. Eval Metrics: {'loss': 0.23844667853902207, 'accuracy': 0.8947368421052632}
2025-05-03 10:12:20,589 [INFO] src.federated.server: ===== Starting Round 4/20 =====
2025-05-03 10:12:20,589 [INFO] src.federated.server: Starting federated training round...
2025-05-03 10:12:20,589 [INFO] src.federated.server: Selected 3 clients out of 5 available (fraction=0.1, min_clients=3): ['classical_mlp_client_4', 'classical_mlp_client_0', 'classical_mlp_client_2']
2025-05-03 10:12:20,593 [INFO] src.federated.client: Client classical_mlp_client_4: Starting local training for 5 epochs. Proximal term mu=0.0.
2025-05-03 10:12:20,600 [INFO] src.federated.client: Client classical_mlp_client_4 - Epoch 1/5 completed. Average Loss: 0.1583
2025-05-03 10:12:20,608 [INFO] src.federated.client: Client classical_mlp_client_4 - Epoch 2/5 completed. Average Loss: 0.1389
2025-05-03 10:12:20,616 [INFO] src.federated.client: Client classical_mlp_client_4 - Epoch 3/5 completed. Average Loss: 0.1203
2025-05-03 10:12:20,624 [INFO] src.federated.client: Client classical_mlp_client_4 - Epoch 4/5 completed. Average Loss: 0.1028
2025-05-03 10:12:20,632 [INFO] src.federated.client: Client classical_mlp_client_4 - Epoch 5/5 completed. Average Loss: 0.0855
2025-05-03 10:12:20,634 [INFO] src.federated.client: Client classical_mlp_client_4: Local training finished. Processed 110 samples.
2025-05-03 10:12:20,636 [INFO] src.federated.client: Client classical_mlp_client_0: Starting local training for 5 epochs. Proximal term mu=0.0.
2025-05-03 10:12:20,643 [INFO] src.federated.client: Client classical_mlp_client_0 - Epoch 1/5 completed. Average Loss: 0.0765
2025-05-03 10:12:20,652 [INFO] src.federated.client: Client classical_mlp_client_0 - Epoch 2/5 completed. Average Loss: 0.0571
2025-05-03 10:12:20,660 [INFO] src.federated.client: Client classical_mlp_client_0 - Epoch 3/5 completed. Average Loss: 0.0431
2025-05-03 10:12:20,667 [INFO] src.federated.client: Client classical_mlp_client_0 - Epoch 4/5 completed. Average Loss: 0.0323
2025-05-03 10:12:20,676 [INFO] src.federated.client: Client classical_mlp_client_0 - Epoch 5/5 completed. Average Loss: 0.0238
2025-05-03 10:12:20,678 [INFO] src.federated.client: Client classical_mlp_client_0: Local training finished. Processed 115 samples.
2025-05-03 10:12:20,681 [INFO] src.federated.client: Client classical_mlp_client_2: Starting local training for 5 epochs. Proximal term mu=0.0.
2025-05-03 10:12:20,688 [INFO] src.federated.client: Client classical_mlp_client_2 - Epoch 1/5 completed. Average Loss: 0.0669
2025-05-03 10:12:20,695 [INFO] src.federated.client: Client classical_mlp_client_2 - Epoch 2/5 completed. Average Loss: 0.0498
2025-05-03 10:12:20,703 [INFO] src.federated.client: Client classical_mlp_client_2 - Epoch 3/5 completed. Average Loss: 0.0355
2025-05-03 10:12:20,711 [INFO] src.federated.client: Client classical_mlp_client_2 - Epoch 4/5 completed. Average Loss: 0.0285
2025-05-03 10:12:20,719 [INFO] src.federated.client: Client classical_mlp_client_2 - Epoch 5/5 completed. Average Loss: 0.0253
2025-05-03 10:12:20,721 [INFO] src.federated.client: Client classical_mlp_client_2: Local training finished. Processed 110 samples.
2025-05-03 10:12:20,721 [INFO] src.federated.server: Aggregating updates from 3 clients using FedAvg.
2025-05-03 10:12:20,721 [INFO] src.federated.aggregation: FedAvg: Aggregating updates from 3 clients.
2025-05-03 10:12:20,723 [INFO] src.federated.aggregation: FedAvg: Aggregation complete.
2025-05-03 10:12:20,726 [INFO] src.federated.server: Global model updated with aggregated parameters.
2025-05-03 10:12:20,726 [INFO] src.federated.server: Evaluating updated global model...
2025-05-03 10:12:20,731 [INFO] src.federated.server: Round 4 completed in 0.14s. Eval Metrics: {'loss': 0.18585863801650737, 'accuracy': 0.9210526315789473}
2025-05-03 10:12:20,731 [INFO] src.federated.server: ===== Starting Round 5/20 =====
2025-05-03 10:12:20,731 [INFO] src.federated.server: Starting federated training round...
2025-05-03 10:12:20,731 [INFO] src.federated.server: Selected 3 clients out of 5 available (fraction=0.1, min_clients=3): ['classical_mlp_client_3', 'classical_mlp_client_0', 'classical_mlp_client_4']
2025-05-03 10:12:20,735 [INFO] src.federated.client: Client classical_mlp_client_3: Starting local training for 5 epochs. Proximal term mu=0.0.
2025-05-03 10:12:20,743 [INFO] src.federated.client: Client classical_mlp_client_3 - Epoch 1/5 completed. Average Loss: 0.2199
2025-05-03 10:12:20,750 [INFO] src.federated.client: Client classical_mlp_client_3 - Epoch 2/5 completed. Average Loss: 0.2975
2025-05-03 10:12:20,758 [INFO] src.federated.client: Client classical_mlp_client_3 - Epoch 3/5 completed. Average Loss: 0.1967
2025-05-03 10:12:20,766 [INFO] src.federated.client: Client classical_mlp_client_3 - Epoch 4/5 completed. Average Loss: 0.1873
2025-05-03 10:12:20,775 [INFO] src.federated.client: Client classical_mlp_client_3 - Epoch 5/5 completed. Average Loss: 0.2180
2025-05-03 10:12:20,776 [INFO] src.federated.client: Client classical_mlp_client_3: Local training finished. Processed 110 samples.
2025-05-03 10:12:20,778 [INFO] src.federated.client: Client classical_mlp_client_0: Starting local training for 5 epochs. Proximal term mu=0.0.
2025-05-03 10:12:20,786 [INFO] src.federated.client: Client classical_mlp_client_0 - Epoch 1/5 completed. Average Loss: 0.0192
2025-05-03 10:12:20,795 [INFO] src.federated.client: Client classical_mlp_client_0 - Epoch 2/5 completed. Average Loss: 0.0140
2025-05-03 10:12:20,801 [INFO] src.federated.client: Client classical_mlp_client_0 - Epoch 3/5 completed. Average Loss: 0.0101
2025-05-03 10:12:20,808 [INFO] src.federated.client: Client classical_mlp_client_0 - Epoch 4/5 completed. Average Loss: 0.0072
2025-05-03 10:12:20,816 [INFO] src.federated.client: Client classical_mlp_client_0 - Epoch 5/5 completed. Average Loss: 0.0051
2025-05-03 10:12:20,818 [INFO] src.federated.client: Client classical_mlp_client_0: Local training finished. Processed 115 samples.
2025-05-03 10:12:20,820 [INFO] src.federated.client: Client classical_mlp_client_4: Starting local training for 5 epochs. Proximal term mu=0.0.
2025-05-03 10:12:20,829 [INFO] src.federated.client: Client classical_mlp_client_4 - Epoch 1/5 completed. Average Loss: 0.1213
2025-05-03 10:12:20,837 [INFO] src.federated.client: Client classical_mlp_client_4 - Epoch 2/5 completed. Average Loss: 0.0775
2025-05-03 10:12:20,845 [INFO] src.federated.client: Client classical_mlp_client_4 - Epoch 3/5 completed. Average Loss: 0.0728
2025-05-03 10:12:20,852 [INFO] src.federated.client: Client classical_mlp_client_4 - Epoch 4/5 completed. Average Loss: 0.0749
2025-05-03 10:12:20,861 [INFO] src.federated.client: Client classical_mlp_client_4 - Epoch 5/5 completed. Average Loss: 0.0481
2025-05-03 10:12:20,862 [INFO] src.federated.client: Client classical_mlp_client_4: Local training finished. Processed 110 samples.
2025-05-03 10:12:20,863 [INFO] src.federated.server: Aggregating updates from 3 clients using FedAvg.
2025-05-03 10:12:20,863 [INFO] src.federated.aggregation: FedAvg: Aggregating updates from 3 clients.
2025-05-03 10:12:20,864 [INFO] src.federated.aggregation: FedAvg: Aggregation complete.
2025-05-03 10:12:20,867 [INFO] src.federated.server: Global model updated with aggregated parameters.
2025-05-03 10:12:20,867 [INFO] src.federated.server: Evaluating updated global model...
2025-05-03 10:12:20,871 [INFO] src.federated.server: Round 5 completed in 0.14s. Eval Metrics: {'loss': 0.1469454164032434, 'accuracy': 0.9210526315789473}
2025-05-03 10:12:20,872 [INFO] src.federated.server: ===== Starting Round 6/20 =====
2025-05-03 10:12:20,872 [INFO] src.federated.server: Starting federated training round...
2025-05-03 10:12:20,872 [INFO] src.federated.server: Selected 3 clients out of 5 available (fraction=0.1, min_clients=3): ['classical_mlp_client_0', 'classical_mlp_client_1', 'classical_mlp_client_4']
2025-05-03 10:12:20,878 [INFO] src.federated.client: Client classical_mlp_client_0: Starting local training for 5 epochs. Proximal term mu=0.0.
2025-05-03 10:12:20,887 [INFO] src.federated.client: Client classical_mlp_client_0 - Epoch 1/5 completed. Average Loss: 0.0085
2025-05-03 10:12:20,895 [INFO] src.federated.client: Client classical_mlp_client_0 - Epoch 2/5 completed. Average Loss: 0.0061
2025-05-03 10:12:20,902 [INFO] src.federated.client: Client classical_mlp_client_0 - Epoch 3/5 completed. Average Loss: 0.0040
2025-05-03 10:12:20,910 [INFO] src.federated.client: Client classical_mlp_client_0 - Epoch 4/5 completed. Average Loss: 0.0028
2025-05-03 10:12:20,917 [INFO] src.federated.client: Client classical_mlp_client_0 - Epoch 5/5 completed. Average Loss: 0.0022
2025-05-03 10:12:20,919 [INFO] src.federated.client: Client classical_mlp_client_0: Local training finished. Processed 115 samples.
2025-05-03 10:12:20,921 [INFO] src.federated.client: Client classical_mlp_client_1: Starting local training for 5 epochs. Proximal term mu=0.0.
2025-05-03 10:12:20,930 [INFO] src.federated.client: Client classical_mlp_client_1 - Epoch 1/5 completed. Average Loss: 0.0051
2025-05-03 10:12:20,937 [INFO] src.federated.client: Client classical_mlp_client_1 - Epoch 2/5 completed. Average Loss: 0.0027
2025-05-03 10:12:20,944 [INFO] src.federated.client: Client classical_mlp_client_1 - Epoch 3/5 completed. Average Loss: 0.0014
2025-05-03 10:12:20,954 [INFO] src.federated.client: Client classical_mlp_client_1 - Epoch 4/5 completed. Average Loss: 0.0007
2025-05-03 10:12:20,961 [INFO] src.federated.client: Client classical_mlp_client_1 - Epoch 5/5 completed. Average Loss: 0.0004
2025-05-03 10:12:20,963 [INFO] src.federated.client: Client classical_mlp_client_1: Local training finished. Processed 115 samples.
2025-05-03 10:12:20,965 [INFO] src.federated.client: Client classical_mlp_client_4: Starting local training for 5 epochs. Proximal term mu=0.0.
2025-05-03 10:12:20,974 [INFO] src.federated.client: Client classical_mlp_client_4 - Epoch 1/5 completed. Average Loss: 0.0741
2025-05-03 10:12:20,981 [INFO] src.federated.client: Client classical_mlp_client_4 - Epoch 2/5 completed. Average Loss: 0.0689
2025-05-03 10:12:20,988 [INFO] src.federated.client: Client classical_mlp_client_4 - Epoch 3/5 completed. Average Loss: 0.0467
2025-05-03 10:12:20,996 [INFO] src.federated.client: Client classical_mlp_client_4 - Epoch 4/5 completed. Average Loss: 0.0287
2025-05-03 10:12:21,004 [INFO] src.federated.client: Client classical_mlp_client_4 - Epoch 5/5 completed. Average Loss: 0.0284
2025-05-03 10:12:21,007 [INFO] src.federated.client: Client classical_mlp_client_4: Local training finished. Processed 110 samples.
2025-05-03 10:12:21,007 [INFO] src.federated.server: Aggregating updates from 3 clients using FedAvg.
2025-05-03 10:12:21,007 [INFO] src.federated.aggregation: FedAvg: Aggregating updates from 3 clients.
2025-05-03 10:12:21,009 [INFO] src.federated.aggregation: FedAvg: Aggregation complete.
2025-05-03 10:12:21,011 [INFO] src.federated.server: Global model updated with aggregated parameters.
2025-05-03 10:12:21,011 [INFO] src.federated.server: Evaluating updated global model...
2025-05-03 10:12:21,016 [INFO] src.federated.server: Round 6 completed in 0.14s. Eval Metrics: {'loss': 0.12065619195428483, 'accuracy': 0.9210526315789473}
2025-05-03 10:12:21,016 [INFO] src.federated.server: ===== Starting Round 7/20 =====
2025-05-03 10:12:21,016 [INFO] src.federated.server: Starting federated training round...
2025-05-03 10:12:21,016 [INFO] src.federated.server: Selected 3 clients out of 5 available (fraction=0.1, min_clients=3): ['classical_mlp_client_4', 'classical_mlp_client_0', 'classical_mlp_client_2']
2025-05-03 10:12:21,021 [INFO] src.federated.client: Client classical_mlp_client_4: Starting local training for 5 epochs. Proximal term mu=0.0.
2025-05-03 10:12:21,030 [INFO] src.federated.client: Client classical_mlp_client_4 - Epoch 1/5 completed. Average Loss: 0.0606
2025-05-03 10:12:21,036 [INFO] src.federated.client: Client classical_mlp_client_4 - Epoch 2/5 completed. Average Loss: 0.0268
2025-05-03 10:12:21,044 [INFO] src.federated.client: Client classical_mlp_client_4 - Epoch 3/5 completed. Average Loss: 0.0168
2025-05-03 10:12:21,052 [INFO] src.federated.client: Client classical_mlp_client_4 - Epoch 4/5 completed. Average Loss: 0.0311
2025-05-03 10:12:21,060 [INFO] src.federated.client: Client classical_mlp_client_4 - Epoch 5/5 completed. Average Loss: 0.0375
2025-05-03 10:12:21,062 [INFO] src.federated.client: Client classical_mlp_client_4: Local training finished. Processed 110 samples.
2025-05-03 10:12:21,064 [INFO] src.federated.client: Client classical_mlp_client_0: Starting local training for 5 epochs. Proximal term mu=0.0.
2025-05-03 10:12:21,071 [INFO] src.federated.client: Client classical_mlp_client_0 - Epoch 1/5 completed. Average Loss: 0.0033
2025-05-03 10:12:21,080 [INFO] src.federated.client: Client classical_mlp_client_0 - Epoch 2/5 completed. Average Loss: 0.0017
2025-05-03 10:12:21,088 [INFO] src.federated.client: Client classical_mlp_client_0 - Epoch 3/5 completed. Average Loss: 0.0010
2025-05-03 10:12:21,095 [INFO] src.federated.client: Client classical_mlp_client_0 - Epoch 4/5 completed. Average Loss: 0.0007
2025-05-03 10:12:21,102 [INFO] src.federated.client: Client classical_mlp_client_0 - Epoch 5/5 completed. Average Loss: 0.0007
2025-05-03 10:12:21,104 [INFO] src.federated.client: Client classical_mlp_client_0: Local training finished. Processed 115 samples.
2025-05-03 10:12:21,106 [INFO] src.federated.client: Client classical_mlp_client_2: Starting local training for 5 epochs. Proximal term mu=0.0.
2025-05-03 10:12:21,115 [INFO] src.federated.client: Client classical_mlp_client_2 - Epoch 1/5 completed. Average Loss: 0.0098
2025-05-03 10:12:21,122 [INFO] src.federated.client: Client classical_mlp_client_2 - Epoch 2/5 completed. Average Loss: 0.0048
2025-05-03 10:12:21,131 [INFO] src.federated.client: Client classical_mlp_client_2 - Epoch 3/5 completed. Average Loss: 0.0025
2025-05-03 10:12:21,139 [INFO] src.federated.client: Client classical_mlp_client_2 - Epoch 4/5 completed. Average Loss: 0.0022
2025-05-03 10:12:21,165 [INFO] src.federated.client: Client classical_mlp_client_2 - Epoch 5/5 completed. Average Loss: 0.0028
2025-05-03 10:12:21,167 [INFO] src.federated.client: Client classical_mlp_client_2: Local training finished. Processed 110 samples.
2025-05-03 10:12:21,167 [INFO] src.federated.server: Aggregating updates from 3 clients using FedAvg.
2025-05-03 10:12:21,167 [INFO] src.federated.aggregation: FedAvg: Aggregating updates from 3 clients.
2025-05-03 10:12:21,169 [INFO] src.federated.aggregation: FedAvg: Aggregation complete.
2025-05-03 10:12:21,171 [INFO] src.federated.server: Global model updated with aggregated parameters.
2025-05-03 10:12:21,172 [INFO] src.federated.server: Evaluating updated global model...
2025-05-03 10:12:21,178 [INFO] src.federated.server: Round 7 completed in 0.16s. Eval Metrics: {'loss': 0.1005035321791769, 'accuracy': 0.9210526315789473}
2025-05-03 10:12:21,179 [INFO] src.federated.server: ===== Starting Round 8/20 =====
2025-05-03 10:12:21,179 [INFO] src.federated.server: Starting federated training round...
2025-05-03 10:12:21,180 [INFO] src.federated.server: Selected 3 clients out of 5 available (fraction=0.1, min_clients=3): ['classical_mlp_client_1', 'classical_mlp_client_3', 'classical_mlp_client_0']
2025-05-03 10:12:21,187 [INFO] src.federated.client: Client classical_mlp_client_1: Starting local training for 5 epochs. Proximal term mu=0.0.
2025-05-03 10:12:21,195 [INFO] src.federated.client: Client classical_mlp_client_1 - Epoch 1/5 completed. Average Loss: 0.0003
2025-05-03 10:12:21,202 [INFO] src.federated.client: Client classical_mlp_client_1 - Epoch 2/5 completed. Average Loss: 0.0002
2025-05-03 10:12:21,212 [INFO] src.federated.client: Client classical_mlp_client_1 - Epoch 3/5 completed. Average Loss: 0.0001
2025-05-03 10:12:21,220 [INFO] src.federated.client: Client classical_mlp_client_1 - Epoch 4/5 completed. Average Loss: 0.0001
2025-05-03 10:12:21,227 [INFO] src.federated.client: Client classical_mlp_client_1 - Epoch 5/5 completed. Average Loss: 0.0001
2025-05-03 10:12:21,229 [INFO] src.federated.client: Client classical_mlp_client_1: Local training finished. Processed 115 samples.
2025-05-03 10:12:21,231 [INFO] src.federated.client: Client classical_mlp_client_3: Starting local training for 5 epochs. Proximal term mu=0.0.
2025-05-03 10:12:21,237 [INFO] src.federated.client: Client classical_mlp_client_3 - Epoch 1/5 completed. Average Loss: 0.1767
2025-05-03 10:12:21,245 [INFO] src.federated.client: Client classical_mlp_client_3 - Epoch 2/5 completed. Average Loss: 0.1622
2025-05-03 10:12:21,252 [INFO] src.federated.client: Client classical_mlp_client_3 - Epoch 3/5 completed. Average Loss: 0.1742
2025-05-03 10:12:21,260 [INFO] src.federated.client: Client classical_mlp_client_3 - Epoch 4/5 completed. Average Loss: 0.1606
2025-05-03 10:12:21,268 [INFO] src.federated.client: Client classical_mlp_client_3 - Epoch 5/5 completed. Average Loss: 0.1465
2025-05-03 10:12:21,270 [INFO] src.federated.client: Client classical_mlp_client_3: Local training finished. Processed 110 samples.
2025-05-03 10:12:21,272 [INFO] src.federated.client: Client classical_mlp_client_0: Starting local training for 5 epochs. Proximal term mu=0.0.
2025-05-03 10:12:21,279 [INFO] src.federated.client: Client classical_mlp_client_0 - Epoch 1/5 completed. Average Loss: 0.0007
2025-05-03 10:12:21,290 [INFO] src.federated.client: Client classical_mlp_client_0 - Epoch 2/5 completed. Average Loss: 0.0004
2025-05-03 10:12:21,297 [INFO] src.federated.client: Client classical_mlp_client_0 - Epoch 3/5 completed. Average Loss: 0.0003
2025-05-03 10:12:21,304 [INFO] src.federated.client: Client classical_mlp_client_0 - Epoch 4/5 completed. Average Loss: 0.0003
2025-05-03 10:12:21,312 [INFO] src.federated.client: Client classical_mlp_client_0 - Epoch 5/5 completed. Average Loss: 0.0003
2025-05-03 10:12:21,314 [INFO] src.federated.client: Client classical_mlp_client_0: Local training finished. Processed 115 samples.
2025-05-03 10:12:21,315 [INFO] src.federated.server: Aggregating updates from 3 clients using FedAvg.
2025-05-03 10:12:21,315 [INFO] src.federated.aggregation: FedAvg: Aggregating updates from 3 clients.
2025-05-03 10:12:21,316 [INFO] src.federated.aggregation: FedAvg: Aggregation complete.
2025-05-03 10:12:21,319 [INFO] src.federated.server: Global model updated with aggregated parameters.
2025-05-03 10:12:21,319 [INFO] src.federated.server: Evaluating updated global model...
2025-05-03 10:12:21,324 [INFO] src.federated.server: Round 8 completed in 0.14s. Eval Metrics: {'loss': 0.09014367850151747, 'accuracy': 0.9736842105263158}
2025-05-03 10:12:21,324 [INFO] src.federated.server: ===== Starting Round 9/20 =====
2025-05-03 10:12:21,325 [INFO] src.federated.server: Starting federated training round...
2025-05-03 10:12:21,325 [INFO] src.federated.server: Selected 3 clients out of 5 available (fraction=0.1, min_clients=3): ['classical_mlp_client_3', 'classical_mlp_client_2', 'classical_mlp_client_0']
2025-05-03 10:12:21,330 [INFO] src.federated.client: Client classical_mlp_client_3: Starting local training for 5 epochs. Proximal term mu=0.0.
2025-05-03 10:12:21,338 [INFO] src.federated.client: Client classical_mlp_client_3 - Epoch 1/5 completed. Average Loss: 0.1713
2025-05-03 10:12:21,345 [INFO] src.federated.client: Client classical_mlp_client_3 - Epoch 2/5 completed. Average Loss: 0.1665
2025-05-03 10:12:21,352 [INFO] src.federated.client: Client classical_mlp_client_3 - Epoch 3/5 completed. Average Loss: 0.1655
2025-05-03 10:12:21,359 [INFO] src.federated.client: Client classical_mlp_client_3 - Epoch 4/5 completed. Average Loss: 0.1488
2025-05-03 10:12:21,366 [INFO] src.federated.client: Client classical_mlp_client_3 - Epoch 5/5 completed. Average Loss: 0.1417
2025-05-03 10:12:21,368 [INFO] src.federated.client: Client classical_mlp_client_3: Local training finished. Processed 110 samples.
2025-05-03 10:12:21,370 [INFO] src.federated.client: Client classical_mlp_client_2: Starting local training for 5 epochs. Proximal term mu=0.0.
2025-05-03 10:12:21,378 [INFO] src.federated.client: Client classical_mlp_client_2 - Epoch 1/5 completed. Average Loss: 0.0014
2025-05-03 10:12:21,385 [INFO] src.federated.client: Client classical_mlp_client_2 - Epoch 2/5 completed. Average Loss: 0.0012
2025-05-03 10:12:21,392 [INFO] src.federated.client: Client classical_mlp_client_2 - Epoch 3/5 completed. Average Loss: 0.0012
2025-05-03 10:12:21,399 [INFO] src.federated.client: Client classical_mlp_client_2 - Epoch 4/5 completed. Average Loss: 0.0011
2025-05-03 10:12:21,406 [INFO] src.federated.client: Client classical_mlp_client_2 - Epoch 5/5 completed. Average Loss: 0.0009
2025-05-03 10:12:21,408 [INFO] src.federated.client: Client classical_mlp_client_2: Local training finished. Processed 110 samples.
2025-05-03 10:12:21,410 [INFO] src.federated.client: Client classical_mlp_client_0: Starting local training for 5 epochs. Proximal term mu=0.0.
2025-05-03 10:12:21,416 [INFO] src.federated.client: Client classical_mlp_client_0 - Epoch 1/5 completed. Average Loss: 0.0002
2025-05-03 10:12:21,423 [INFO] src.federated.client: Client classical_mlp_client_0 - Epoch 2/5 completed. Average Loss: 0.0002
2025-05-03 10:12:21,431 [INFO] src.federated.client: Client classical_mlp_client_0 - Epoch 3/5 completed. Average Loss: 0.0002
2025-05-03 10:12:21,438 [INFO] src.federated.client: Client classical_mlp_client_0 - Epoch 4/5 completed. Average Loss: 0.0002
2025-05-03 10:12:21,445 [INFO] src.federated.client: Client classical_mlp_client_0 - Epoch 5/5 completed. Average Loss: 0.0002
2025-05-03 10:12:21,447 [INFO] src.federated.client: Client classical_mlp_client_0: Local training finished. Processed 115 samples.
2025-05-03 10:12:21,447 [INFO] src.federated.server: Aggregating updates from 3 clients using FedAvg.
2025-05-03 10:12:21,447 [INFO] src.federated.aggregation: FedAvg: Aggregating updates from 3 clients.
2025-05-03 10:12:21,449 [INFO] src.federated.aggregation: FedAvg: Aggregation complete.
2025-05-03 10:12:21,451 [INFO] src.federated.server: Global model updated with aggregated parameters.
2025-05-03 10:12:21,451 [INFO] src.federated.server: Evaluating updated global model...
2025-05-03 10:12:21,457 [INFO] src.federated.server: Round 9 completed in 0.13s. Eval Metrics: {'loss': 0.11890712831297756, 'accuracy': 0.9736842105263158}
2025-05-03 10:12:21,458 [INFO] src.federated.server: ===== Starting Round 10/20 =====
2025-05-03 10:12:21,458 [INFO] src.federated.server: Starting federated training round...
2025-05-03 10:12:21,458 [INFO] src.federated.server: Selected 3 clients out of 5 available (fraction=0.1, min_clients=3): ['classical_mlp_client_1', 'classical_mlp_client_3', 'classical_mlp_client_4']
2025-05-03 10:12:21,463 [INFO] src.federated.client: Client classical_mlp_client_1: Starting local training for 5 epochs. Proximal term mu=0.0.
2025-05-03 10:12:21,471 [INFO] src.federated.client: Client classical_mlp_client_1 - Epoch 1/5 completed. Average Loss: 0.0006
2025-05-03 10:12:21,478 [INFO] src.federated.client: Client classical_mlp_client_1 - Epoch 2/5 completed. Average Loss: 0.0004
2025-05-03 10:12:21,487 [INFO] src.federated.client: Client classical_mlp_client_1 - Epoch 3/5 completed. Average Loss: 0.0002
2025-05-03 10:12:21,496 [INFO] src.federated.client: Client classical_mlp_client_1 - Epoch 4/5 completed. Average Loss: 0.0001
2025-05-03 10:12:21,504 [INFO] src.federated.client: Client classical_mlp_client_1 - Epoch 5/5 completed. Average Loss: 0.0001
2025-05-03 10:12:21,505 [INFO] src.federated.client: Client classical_mlp_client_1: Local training finished. Processed 115 samples.
2025-05-03 10:12:21,507 [INFO] src.federated.client: Client classical_mlp_client_3: Starting local training for 5 epochs. Proximal term mu=0.0.
2025-05-03 10:12:21,514 [INFO] src.federated.client: Client classical_mlp_client_3 - Epoch 1/5 completed. Average Loss: 0.1839
2025-05-03 10:12:21,522 [INFO] src.federated.client: Client classical_mlp_client_3 - Epoch 2/5 completed. Average Loss: 0.1622
2025-05-03 10:12:21,531 [INFO] src.federated.client: Client classical_mlp_client_3 - Epoch 3/5 completed. Average Loss: 0.1444
2025-05-03 10:12:21,539 [INFO] src.federated.client: Client classical_mlp_client_3 - Epoch 4/5 completed. Average Loss: 0.1523
2025-05-03 10:12:21,550 [INFO] src.federated.client: Client classical_mlp_client_3 - Epoch 5/5 completed. Average Loss: 0.1438
2025-05-03 10:12:21,552 [INFO] src.federated.client: Client classical_mlp_client_3: Local training finished. Processed 110 samples.
2025-05-03 10:12:21,555 [INFO] src.federated.client: Client classical_mlp_client_4: Starting local training for 5 epochs. Proximal term mu=0.0.
2025-05-03 10:12:21,563 [INFO] src.federated.client: Client classical_mlp_client_4 - Epoch 1/5 completed. Average Loss: 0.1656
2025-05-03 10:12:21,570 [INFO] src.federated.client: Client classical_mlp_client_4 - Epoch 2/5 completed. Average Loss: 0.0803
2025-05-03 10:12:21,578 [INFO] src.federated.client: Client classical_mlp_client_4 - Epoch 3/5 completed. Average Loss: 0.0159
2025-05-03 10:12:21,585 [INFO] src.federated.client: Client classical_mlp_client_4 - Epoch 4/5 completed. Average Loss: 0.0037
2025-05-03 10:12:21,592 [INFO] src.federated.client: Client classical_mlp_client_4 - Epoch 5/5 completed. Average Loss: 0.0166
2025-05-03 10:12:21,594 [INFO] src.federated.client: Client classical_mlp_client_4: Local training finished. Processed 110 samples.
2025-05-03 10:12:21,594 [INFO] src.federated.server: Aggregating updates from 3 clients using FedAvg.
2025-05-03 10:12:21,594 [INFO] src.federated.aggregation: FedAvg: Aggregating updates from 3 clients.
2025-05-03 10:12:21,596 [INFO] src.federated.aggregation: FedAvg: Aggregation complete.
2025-05-03 10:12:21,598 [INFO] src.federated.server: Global model updated with aggregated parameters.
2025-05-03 10:12:21,598 [INFO] src.federated.server: Evaluating updated global model...
2025-05-03 10:12:21,603 [INFO] src.federated.server: Round 10 completed in 0.14s. Eval Metrics: {'loss': 0.22168868835566471, 'accuracy': 0.9210526315789473}
2025-05-03 10:12:21,603 [INFO] src.federated.server: ===== Starting Round 11/20 =====
2025-05-03 10:12:21,603 [INFO] src.federated.server: Starting federated training round...
2025-05-03 10:12:21,603 [INFO] src.federated.server: Selected 3 clients out of 5 available (fraction=0.1, min_clients=3): ['classical_mlp_client_2', 'classical_mlp_client_1', 'classical_mlp_client_0']
2025-05-03 10:12:21,607 [INFO] src.federated.client: Client classical_mlp_client_2: Starting local training for 5 epochs. Proximal term mu=0.0.
2025-05-03 10:12:21,614 [INFO] src.federated.client: Client classical_mlp_client_2 - Epoch 1/5 completed. Average Loss: 0.0080
2025-05-03 10:12:21,621 [INFO] src.federated.client: Client classical_mlp_client_2 - Epoch 2/5 completed. Average Loss: 0.0034
2025-05-03 10:12:21,628 [INFO] src.federated.client: Client classical_mlp_client_2 - Epoch 3/5 completed. Average Loss: 0.0012
2025-05-03 10:12:21,635 [INFO] src.federated.client: Client classical_mlp_client_2 - Epoch 4/5 completed. Average Loss: 0.0007
2025-05-03 10:12:21,643 [INFO] src.federated.client: Client classical_mlp_client_2 - Epoch 5/5 completed. Average Loss: 0.0008
2025-05-03 10:12:21,645 [INFO] src.federated.client: Client classical_mlp_client_2: Local training finished. Processed 110 samples.
2025-05-03 10:12:21,647 [INFO] src.federated.client: Client classical_mlp_client_1: Starting local training for 5 epochs. Proximal term mu=0.0.
2025-05-03 10:12:21,655 [INFO] src.federated.client: Client classical_mlp_client_1 - Epoch 1/5 completed. Average Loss: 0.0004
2025-05-03 10:12:21,662 [INFO] src.federated.client: Client classical_mlp_client_1 - Epoch 2/5 completed. Average Loss: 0.0004
2025-05-03 10:12:21,669 [INFO] src.federated.client: Client classical_mlp_client_1 - Epoch 3/5 completed. Average Loss: 0.0003
2025-05-03 10:12:21,677 [INFO] src.federated.client: Client classical_mlp_client_1 - Epoch 4/5 completed. Average Loss: 0.0002
2025-05-03 10:12:21,684 [INFO] src.federated.client: Client classical_mlp_client_1 - Epoch 5/5 completed. Average Loss: 0.0002
2025-05-03 10:12:21,687 [INFO] src.federated.client: Client classical_mlp_client_1: Local training finished. Processed 115 samples.
2025-05-03 10:12:21,689 [INFO] src.federated.client: Client classical_mlp_client_0: Starting local training for 5 epochs. Proximal term mu=0.0.
2025-05-03 10:12:21,696 [INFO] src.federated.client: Client classical_mlp_client_0 - Epoch 1/5 completed. Average Loss: 0.0017
2025-05-03 10:12:21,704 [INFO] src.federated.client: Client classical_mlp_client_0 - Epoch 2/5 completed. Average Loss: 0.0010
2025-05-03 10:12:21,711 [INFO] src.federated.client: Client classical_mlp_client_0 - Epoch 3/5 completed. Average Loss: 0.0005
2025-05-03 10:12:21,718 [INFO] src.federated.client: Client classical_mlp_client_0 - Epoch 4/5 completed. Average Loss: 0.0002
2025-05-03 10:12:21,726 [INFO] src.federated.client: Client classical_mlp_client_0 - Epoch 5/5 completed. Average Loss: 0.0001
2025-05-03 10:12:21,729 [INFO] src.federated.client: Client classical_mlp_client_0: Local training finished. Processed 115 samples.
2025-05-03 10:12:21,729 [INFO] src.federated.server: Aggregating updates from 3 clients using FedAvg.
2025-05-03 10:12:21,730 [INFO] src.federated.aggregation: FedAvg: Aggregating updates from 3 clients.
2025-05-03 10:12:21,731 [INFO] src.federated.aggregation: FedAvg: Aggregation complete.
2025-05-03 10:12:21,733 [INFO] src.federated.server: Global model updated with aggregated parameters.
2025-05-03 10:12:21,734 [INFO] src.federated.server: Evaluating updated global model...
2025-05-03 10:12:21,738 [INFO] src.federated.server: Round 11 completed in 0.13s. Eval Metrics: {'loss': 0.14011633724360162, 'accuracy': 0.9473684210526315}
2025-05-03 10:12:21,738 [INFO] src.federated.server: ===== Starting Round 12/20 =====
2025-05-03 10:12:21,738 [INFO] src.federated.server: Starting federated training round...
2025-05-03 10:12:21,739 [INFO] src.federated.server: Selected 3 clients out of 5 available (fraction=0.1, min_clients=3): ['classical_mlp_client_2', 'classical_mlp_client_0', 'classical_mlp_client_3']
2025-05-03 10:12:21,742 [INFO] src.federated.client: Client classical_mlp_client_2: Starting local training for 5 epochs. Proximal term mu=0.0.
2025-05-03 10:12:21,750 [INFO] src.federated.client: Client classical_mlp_client_2 - Epoch 1/5 completed. Average Loss: 0.0007
2025-05-03 10:12:21,758 [INFO] src.federated.client: Client classical_mlp_client_2 - Epoch 2/5 completed. Average Loss: 0.0006
2025-05-03 10:12:21,767 [INFO] src.federated.client: Client classical_mlp_client_2 - Epoch 3/5 completed. Average Loss: 0.0008
2025-05-03 10:12:21,774 [INFO] src.federated.client: Client classical_mlp_client_2 - Epoch 4/5 completed. Average Loss: 0.0010
2025-05-03 10:12:21,781 [INFO] src.federated.client: Client classical_mlp_client_2 - Epoch 5/5 completed. Average Loss: 0.0012
2025-05-03 10:12:21,783 [INFO] src.federated.client: Client classical_mlp_client_2: Local training finished. Processed 110 samples.
2025-05-03 10:12:21,785 [INFO] src.federated.client: Client classical_mlp_client_0: Starting local training for 5 epochs. Proximal term mu=0.0.
2025-05-03 10:12:21,793 [INFO] src.federated.client: Client classical_mlp_client_0 - Epoch 1/5 completed. Average Loss: 0.0001
2025-05-03 10:12:21,800 [INFO] src.federated.client: Client classical_mlp_client_0 - Epoch 2/5 completed. Average Loss: 0.0001
2025-05-03 10:12:21,808 [INFO] src.federated.client: Client classical_mlp_client_0 - Epoch 3/5 completed. Average Loss: 0.0000
2025-05-03 10:12:21,817 [INFO] src.federated.client: Client classical_mlp_client_0 - Epoch 4/5 completed. Average Loss: 0.0000
2025-05-03 10:12:21,825 [INFO] src.federated.client: Client classical_mlp_client_0 - Epoch 5/5 completed. Average Loss: 0.0001
2025-05-03 10:12:21,829 [INFO] src.federated.client: Client classical_mlp_client_0: Local training finished. Processed 115 samples.
2025-05-03 10:12:21,832 [INFO] src.federated.client: Client classical_mlp_client_3: Starting local training for 5 epochs. Proximal term mu=0.0.
2025-05-03 10:12:21,841 [INFO] src.federated.client: Client classical_mlp_client_3 - Epoch 1/5 completed. Average Loss: 0.1708
2025-05-03 10:12:21,850 [INFO] src.federated.client: Client classical_mlp_client_3 - Epoch 2/5 completed. Average Loss: 0.1648
2025-05-03 10:12:21,857 [INFO] src.federated.client: Client classical_mlp_client_3 - Epoch 3/5 completed. Average Loss: 0.1616
2025-05-03 10:12:21,865 [INFO] src.federated.client: Client classical_mlp_client_3 - Epoch 4/5 completed. Average Loss: 0.1403
2025-05-03 10:12:21,872 [INFO] src.federated.client: Client classical_mlp_client_3 - Epoch 5/5 completed. Average Loss: 0.1277
2025-05-03 10:12:21,874 [INFO] src.federated.client: Client classical_mlp_client_3: Local training finished. Processed 110 samples.
2025-05-03 10:12:21,874 [INFO] src.federated.server: Aggregating updates from 3 clients using FedAvg.
2025-05-03 10:12:21,874 [INFO] src.federated.aggregation: FedAvg: Aggregating updates from 3 clients.
2025-05-03 10:12:21,876 [INFO] src.federated.aggregation: FedAvg: Aggregation complete.
2025-05-03 10:12:21,878 [INFO] src.federated.server: Global model updated with aggregated parameters.
2025-05-03 10:12:21,879 [INFO] src.federated.server: Evaluating updated global model...
2025-05-03 10:12:21,883 [INFO] src.federated.server: Round 12 completed in 0.14s. Eval Metrics: {'loss': 0.1810786313152905, 'accuracy': 0.9473684210526315}
2025-05-03 10:12:21,883 [INFO] src.federated.server: ===== Starting Round 13/20 =====
2025-05-03 10:12:21,883 [INFO] src.federated.server: Starting federated training round...
2025-05-03 10:12:21,884 [INFO] src.federated.server: Selected 3 clients out of 5 available (fraction=0.1, min_clients=3): ['classical_mlp_client_3', 'classical_mlp_client_0', 'classical_mlp_client_1']
2025-05-03 10:12:21,887 [INFO] src.federated.client: Client classical_mlp_client_3: Starting local training for 5 epochs. Proximal term mu=0.0.
2025-05-03 10:12:21,895 [INFO] src.federated.client: Client classical_mlp_client_3 - Epoch 1/5 completed. Average Loss: 0.1715
2025-05-03 10:12:21,902 [INFO] src.federated.client: Client classical_mlp_client_3 - Epoch 2/5 completed. Average Loss: 0.1431
2025-05-03 10:12:21,910 [INFO] src.federated.client: Client classical_mlp_client_3 - Epoch 3/5 completed. Average Loss: 0.1531
2025-05-03 10:12:21,919 [INFO] src.federated.client: Client classical_mlp_client_3 - Epoch 4/5 completed. Average Loss: 0.1407
2025-05-03 10:12:21,926 [INFO] src.federated.client: Client classical_mlp_client_3 - Epoch 5/5 completed. Average Loss: 0.1169
2025-05-03 10:12:21,928 [INFO] src.federated.client: Client classical_mlp_client_3: Local training finished. Processed 110 samples.
2025-05-03 10:12:21,931 [INFO] src.federated.client: Client classical_mlp_client_0: Starting local training for 5 epochs. Proximal term mu=0.0.
2025-05-03 10:12:21,938 [INFO] src.federated.client: Client classical_mlp_client_0 - Epoch 1/5 completed. Average Loss: 0.0001
2025-05-03 10:12:21,947 [INFO] src.federated.client: Client classical_mlp_client_0 - Epoch 2/5 completed. Average Loss: 0.0001
2025-05-03 10:12:21,955 [INFO] src.federated.client: Client classical_mlp_client_0 - Epoch 3/5 completed. Average Loss: 0.0001
2025-05-03 10:12:21,962 [INFO] src.federated.client: Client classical_mlp_client_0 - Epoch 4/5 completed. Average Loss: 0.0001
2025-05-03 10:12:21,969 [INFO] src.federated.client: Client classical_mlp_client_0 - Epoch 5/5 completed. Average Loss: 0.0001
2025-05-03 10:12:21,971 [INFO] src.federated.client: Client classical_mlp_client_0: Local training finished. Processed 115 samples.
2025-05-03 10:12:21,974 [INFO] src.federated.client: Client classical_mlp_client_1: Starting local training for 5 epochs. Proximal term mu=0.0.
2025-05-03 10:12:21,982 [INFO] src.federated.client: Client classical_mlp_client_1 - Epoch 1/5 completed. Average Loss: 0.0006
2025-05-03 10:12:21,990 [INFO] src.federated.client: Client classical_mlp_client_1 - Epoch 2/5 completed. Average Loss: 0.0005
2025-05-03 10:12:21,998 [INFO] src.federated.client: Client classical_mlp_client_1 - Epoch 3/5 completed. Average Loss: 0.0004
2025-05-03 10:12:22,006 [INFO] src.federated.client: Client classical_mlp_client_1 - Epoch 4/5 completed. Average Loss: 0.0002
2025-05-03 10:12:22,013 [INFO] src.federated.client: Client classical_mlp_client_1 - Epoch 5/5 completed. Average Loss: 0.0001
2025-05-03 10:12:22,015 [INFO] src.federated.client: Client classical_mlp_client_1: Local training finished. Processed 115 samples.
2025-05-03 10:12:22,016 [INFO] src.federated.server: Aggregating updates from 3 clients using FedAvg.
2025-05-03 10:12:22,016 [INFO] src.federated.aggregation: FedAvg: Aggregating updates from 3 clients.
2025-05-03 10:12:22,018 [INFO] src.federated.aggregation: FedAvg: Aggregation complete.
2025-05-03 10:12:22,021 [INFO] src.federated.server: Global model updated with aggregated parameters.
2025-05-03 10:12:22,021 [INFO] src.federated.server: Evaluating updated global model...
2025-05-03 10:12:22,026 [INFO] src.federated.server: Round 13 completed in 0.14s. Eval Metrics: {'loss': 0.22158791155190227, 'accuracy': 0.9473684210526315}
2025-05-03 10:12:22,026 [INFO] src.federated.server: ===== Starting Round 14/20 =====
2025-05-03 10:12:22,026 [INFO] src.federated.server: Starting federated training round...
2025-05-03 10:12:22,027 [INFO] src.federated.server: Selected 3 clients out of 5 available (fraction=0.1, min_clients=3): ['classical_mlp_client_2', 'classical_mlp_client_4', 'classical_mlp_client_0']
2025-05-03 10:12:22,030 [INFO] src.federated.client: Client classical_mlp_client_2: Starting local training for 5 epochs. Proximal term mu=0.0.
2025-05-03 10:12:22,040 [INFO] src.federated.client: Client classical_mlp_client_2 - Epoch 1/5 completed. Average Loss: 0.0017
2025-05-03 10:12:22,047 [INFO] src.federated.client: Client classical_mlp_client_2 - Epoch 2/5 completed. Average Loss: 0.0014
2025-05-03 10:12:22,055 [INFO] src.federated.client: Client classical_mlp_client_2 - Epoch 3/5 completed. Average Loss: 0.0011
2025-05-03 10:12:22,063 [INFO] src.federated.client: Client classical_mlp_client_2 - Epoch 4/5 completed. Average Loss: 0.0009
2025-05-03 10:12:22,071 [INFO] src.federated.client: Client classical_mlp_client_2 - Epoch 5/5 completed. Average Loss: 0.0007
2025-05-03 10:12:22,073 [INFO] src.federated.client: Client classical_mlp_client_2: Local training finished. Processed 110 samples.
2025-05-03 10:12:22,075 [INFO] src.federated.client: Client classical_mlp_client_4: Starting local training for 5 epochs. Proximal term mu=0.0.
2025-05-03 10:12:22,083 [INFO] src.federated.client: Client classical_mlp_client_4 - Epoch 1/5 completed. Average Loss: 0.1208
2025-05-03 10:12:22,089 [INFO] src.federated.client: Client classical_mlp_client_4 - Epoch 2/5 completed. Average Loss: 0.0120
2025-05-03 10:12:22,097 [INFO] src.federated.client: Client classical_mlp_client_4 - Epoch 3/5 completed. Average Loss: 0.0025
2025-05-03 10:12:22,105 [INFO] src.federated.client: Client classical_mlp_client_4 - Epoch 4/5 completed. Average Loss: 0.0263
2025-05-03 10:12:22,113 [INFO] src.federated.client: Client classical_mlp_client_4 - Epoch 5/5 completed. Average Loss: 0.1008
2025-05-03 10:12:22,115 [INFO] src.federated.client: Client classical_mlp_client_4: Local training finished. Processed 110 samples.
2025-05-03 10:12:22,117 [INFO] src.federated.client: Client classical_mlp_client_0: Starting local training for 5 epochs. Proximal term mu=0.0.
2025-05-03 10:12:22,125 [INFO] src.federated.client: Client classical_mlp_client_0 - Epoch 1/5 completed. Average Loss: 0.0001
2025-05-03 10:12:22,132 [INFO] src.federated.client: Client classical_mlp_client_0 - Epoch 2/5 completed. Average Loss: 0.0001
2025-05-03 10:12:22,140 [INFO] src.federated.client: Client classical_mlp_client_0 - Epoch 3/5 completed. Average Loss: 0.0001
2025-05-03 10:12:22,150 [INFO] src.federated.client: Client classical_mlp_client_0 - Epoch 4/5 completed. Average Loss: 0.0001
2025-05-03 10:12:22,157 [INFO] src.federated.client: Client classical_mlp_client_0 - Epoch 5/5 completed. Average Loss: 0.0001
2025-05-03 10:12:22,160 [INFO] src.federated.client: Client classical_mlp_client_0: Local training finished. Processed 115 samples.
2025-05-03 10:12:22,160 [INFO] src.federated.server: Aggregating updates from 3 clients using FedAvg.
2025-05-03 10:12:22,161 [INFO] src.federated.aggregation: FedAvg: Aggregating updates from 3 clients.
2025-05-03 10:12:22,162 [INFO] src.federated.aggregation: FedAvg: Aggregation complete.
2025-05-03 10:12:22,164 [INFO] src.federated.server: Global model updated with aggregated parameters.
2025-05-03 10:12:22,165 [INFO] src.federated.server: Evaluating updated global model...
2025-05-03 10:12:22,169 [INFO] src.federated.server: Round 14 completed in 0.14s. Eval Metrics: {'loss': 0.285792125724188, 'accuracy': 0.8947368421052632}
2025-05-03 10:12:22,169 [INFO] src.federated.server: ===== Starting Round 15/20 =====
2025-05-03 10:12:22,170 [INFO] src.federated.server: Starting federated training round...
2025-05-03 10:12:22,170 [INFO] src.federated.server: Selected 3 clients out of 5 available (fraction=0.1, min_clients=3): ['classical_mlp_client_3', 'classical_mlp_client_0', 'classical_mlp_client_1']
2025-05-03 10:12:22,174 [INFO] src.federated.client: Client classical_mlp_client_3: Starting local training for 5 epochs. Proximal term mu=0.0.
2025-05-03 10:12:22,181 [INFO] src.federated.client: Client classical_mlp_client_3 - Epoch 1/5 completed. Average Loss: 0.2687
2025-05-03 10:12:22,190 [INFO] src.federated.client: Client classical_mlp_client_3 - Epoch 2/5 completed. Average Loss: 0.1411
2025-05-03 10:12:22,198 [INFO] src.federated.client: Client classical_mlp_client_3 - Epoch 3/5 completed. Average Loss: 0.2061
2025-05-03 10:12:22,206 [INFO] src.federated.client: Client classical_mlp_client_3 - Epoch 4/5 completed. Average Loss: 0.2534
2025-05-03 10:12:22,214 [INFO] src.federated.client: Client classical_mlp_client_3 - Epoch 5/5 completed. Average Loss: 0.1798
2025-05-03 10:12:22,216 [INFO] src.federated.client: Client classical_mlp_client_3: Local training finished. Processed 110 samples.
2025-05-03 10:12:22,219 [INFO] src.federated.client: Client classical_mlp_client_0: Starting local training for 5 epochs. Proximal term mu=0.0.
2025-05-03 10:12:22,226 [INFO] src.federated.client: Client classical_mlp_client_0 - Epoch 1/5 completed. Average Loss: 0.0008
2025-05-03 10:12:22,233 [INFO] src.federated.client: Client classical_mlp_client_0 - Epoch 2/5 completed. Average Loss: 0.0007
2025-05-03 10:12:22,239 [INFO] src.federated.client: Client classical_mlp_client_0 - Epoch 3/5 completed. Average Loss: 0.0004
2025-05-03 10:12:22,246 [INFO] src.federated.client: Client classical_mlp_client_0 - Epoch 4/5 completed. Average Loss: 0.0003
2025-05-03 10:12:22,254 [INFO] src.federated.client: Client classical_mlp_client_0 - Epoch 5/5 completed. Average Loss: 0.0002
2025-05-03 10:12:22,255 [INFO] src.federated.client: Client classical_mlp_client_0: Local training finished. Processed 115 samples.
2025-05-03 10:12:22,257 [INFO] src.federated.client: Client classical_mlp_client_1: Starting local training for 5 epochs. Proximal term mu=0.0.
2025-05-03 10:12:22,266 [INFO] src.federated.client: Client classical_mlp_client_1 - Epoch 1/5 completed. Average Loss: 0.0003
2025-05-03 10:12:22,276 [INFO] src.federated.client: Client classical_mlp_client_1 - Epoch 2/5 completed. Average Loss: 0.0003
2025-05-03 10:12:22,284 [INFO] src.federated.client: Client classical_mlp_client_1 - Epoch 3/5 completed. Average Loss: 0.0003
2025-05-03 10:12:22,293 [INFO] src.federated.client: Client classical_mlp_client_1 - Epoch 4/5 completed. Average Loss: 0.0003
2025-05-03 10:12:22,301 [INFO] src.federated.client: Client classical_mlp_client_1 - Epoch 5/5 completed. Average Loss: 0.0002
2025-05-03 10:12:22,303 [INFO] src.federated.client: Client classical_mlp_client_1: Local training finished. Processed 115 samples.
2025-05-03 10:12:22,303 [INFO] src.federated.server: Aggregating updates from 3 clients using FedAvg.
2025-05-03 10:12:22,304 [INFO] src.federated.aggregation: FedAvg: Aggregating updates from 3 clients.
2025-05-03 10:12:22,305 [INFO] src.federated.aggregation: FedAvg: Aggregation complete.
2025-05-03 10:12:22,308 [INFO] src.federated.server: Global model updated with aggregated parameters.
2025-05-03 10:12:22,308 [INFO] src.federated.server: Evaluating updated global model...
2025-05-03 10:12:22,314 [INFO] src.federated.server: Round 15 completed in 0.14s. Eval Metrics: {'loss': 0.2770594636006923, 'accuracy': 0.9473684210526315}
2025-05-03 10:12:22,315 [INFO] src.federated.server: ===== Starting Round 16/20 =====
2025-05-03 10:12:22,315 [INFO] src.federated.server: Starting federated training round...
2025-05-03 10:12:22,315 [INFO] src.federated.server: Selected 3 clients out of 5 available (fraction=0.1, min_clients=3): ['classical_mlp_client_0', 'classical_mlp_client_2', 'classical_mlp_client_3']
2025-05-03 10:12:22,319 [INFO] src.federated.client: Client classical_mlp_client_0: Starting local training for 5 epochs. Proximal term mu=0.0.
2025-05-03 10:12:22,327 [INFO] src.federated.client: Client classical_mlp_client_0 - Epoch 1/5 completed. Average Loss: 0.0002
2025-05-03 10:12:22,335 [INFO] src.federated.client: Client classical_mlp_client_0 - Epoch 2/5 completed. Average Loss: 0.0002
2025-05-03 10:12:22,342 [INFO] src.federated.client: Client classical_mlp_client_0 - Epoch 3/5 completed. Average Loss: 0.0001
2025-05-03 10:12:22,350 [INFO] src.federated.client: Client classical_mlp_client_0 - Epoch 4/5 completed. Average Loss: 0.0001
2025-05-03 10:12:22,357 [INFO] src.federated.client: Client classical_mlp_client_0 - Epoch 5/5 completed. Average Loss: 0.0001
2025-05-03 10:12:22,359 [INFO] src.federated.client: Client classical_mlp_client_0: Local training finished. Processed 115 samples.
2025-05-03 10:12:22,361 [INFO] src.federated.client: Client classical_mlp_client_2: Starting local training for 5 epochs. Proximal term mu=0.0.
2025-05-03 10:12:22,368 [INFO] src.federated.client: Client classical_mlp_client_2 - Epoch 1/5 completed. Average Loss: 0.0027
2025-05-03 10:12:22,375 [INFO] src.federated.client: Client classical_mlp_client_2 - Epoch 2/5 completed. Average Loss: 0.0022
2025-05-03 10:12:22,383 [INFO] src.federated.client: Client classical_mlp_client_2 - Epoch 3/5 completed. Average Loss: 0.0015
2025-05-03 10:12:22,390 [INFO] src.federated.client: Client classical_mlp_client_2 - Epoch 4/5 completed. Average Loss: 0.0010
2025-05-03 10:12:22,399 [INFO] src.federated.client: Client classical_mlp_client_2 - Epoch 5/5 completed. Average Loss: 0.0007
2025-05-03 10:12:22,401 [INFO] src.federated.client: Client classical_mlp_client_2: Local training finished. Processed 110 samples.
2025-05-03 10:12:22,403 [INFO] src.federated.client: Client classical_mlp_client_3: Starting local training for 5 epochs. Proximal term mu=0.0.
2025-05-03 10:12:22,411 [INFO] src.federated.client: Client classical_mlp_client_3 - Epoch 1/5 completed. Average Loss: 0.1675
2025-05-03 10:12:22,417 [INFO] src.federated.client: Client classical_mlp_client_3 - Epoch 2/5 completed. Average Loss: 0.2158
2025-05-03 10:12:22,427 [INFO] src.federated.client: Client classical_mlp_client_3 - Epoch 3/5 completed. Average Loss: 0.1799
2025-05-03 10:12:22,434 [INFO] src.federated.client: Client classical_mlp_client_3 - Epoch 4/5 completed. Average Loss: 0.1203
2025-05-03 10:12:22,442 [INFO] src.federated.client: Client classical_mlp_client_3 - Epoch 5/5 completed. Average Loss: 0.1303
2025-05-03 10:12:22,445 [INFO] src.federated.client: Client classical_mlp_client_3: Local training finished. Processed 110 samples.
2025-05-03 10:12:22,445 [INFO] src.federated.server: Aggregating updates from 3 clients using FedAvg.
2025-05-03 10:12:22,445 [INFO] src.federated.aggregation: FedAvg: Aggregating updates from 3 clients.
2025-05-03 10:12:22,447 [INFO] src.federated.aggregation: FedAvg: Aggregation complete.
2025-05-03 10:12:22,450 [INFO] src.federated.server: Global model updated with aggregated parameters.
2025-05-03 10:12:22,450 [INFO] src.federated.server: Evaluating updated global model...
2025-05-03 10:12:22,456 [INFO] src.federated.server: Round 16 completed in 0.14s. Eval Metrics: {'loss': 0.2880670579318296, 'accuracy': 0.9473684210526315}
2025-05-03 10:12:22,456 [INFO] src.federated.server: ===== Starting Round 17/20 =====
2025-05-03 10:12:22,456 [INFO] src.federated.server: Starting federated training round...
2025-05-03 10:12:22,456 [INFO] src.federated.server: Selected 3 clients out of 5 available (fraction=0.1, min_clients=3): ['classical_mlp_client_4', 'classical_mlp_client_2', 'classical_mlp_client_3']
2025-05-03 10:12:22,460 [INFO] src.federated.client: Client classical_mlp_client_4: Starting local training for 5 epochs. Proximal term mu=0.0.
2025-05-03 10:12:22,467 [INFO] src.federated.client: Client classical_mlp_client_4 - Epoch 1/5 completed. Average Loss: 0.1085
2025-05-03 10:12:22,474 [INFO] src.federated.client: Client classical_mlp_client_4 - Epoch 2/5 completed. Average Loss: 0.0373
2025-05-03 10:12:22,483 [INFO] src.federated.client: Client classical_mlp_client_4 - Epoch 3/5 completed. Average Loss: 0.0069
2025-05-03 10:12:22,491 [INFO] src.federated.client: Client classical_mlp_client_4 - Epoch 4/5 completed. Average Loss: 0.0017
2025-05-03 10:12:22,498 [INFO] src.federated.client: Client classical_mlp_client_4 - Epoch 5/5 completed. Average Loss: 0.0026
2025-05-03 10:12:22,499 [INFO] src.federated.client: Client classical_mlp_client_4: Local training finished. Processed 110 samples.
2025-05-03 10:12:22,501 [INFO] src.federated.client: Client classical_mlp_client_2: Starting local training for 5 epochs. Proximal term mu=0.0.
2025-05-03 10:12:22,509 [INFO] src.federated.client: Client classical_mlp_client_2 - Epoch 1/5 completed. Average Loss: 0.0020
2025-05-03 10:12:22,516 [INFO] src.federated.client: Client classical_mlp_client_2 - Epoch 2/5 completed. Average Loss: 0.0021
2025-05-03 10:12:22,523 [INFO] src.federated.client: Client classical_mlp_client_2 - Epoch 3/5 completed. Average Loss: 0.0018
2025-05-03 10:12:22,532 [INFO] src.federated.client: Client classical_mlp_client_2 - Epoch 4/5 completed. Average Loss: 0.0014
2025-05-03 10:12:22,539 [INFO] src.federated.client: Client classical_mlp_client_2 - Epoch 5/5 completed. Average Loss: 0.0010
2025-05-03 10:12:22,541 [INFO] src.federated.client: Client classical_mlp_client_2: Local training finished. Processed 110 samples.
2025-05-03 10:12:22,543 [INFO] src.federated.client: Client classical_mlp_client_3: Starting local training for 5 epochs. Proximal term mu=0.0.
2025-05-03 10:12:22,551 [INFO] src.federated.client: Client classical_mlp_client_3 - Epoch 1/5 completed. Average Loss: 0.1454
2025-05-03 10:12:22,559 [INFO] src.federated.client: Client classical_mlp_client_3 - Epoch 2/5 completed. Average Loss: 0.1442
2025-05-03 10:12:22,566 [INFO] src.federated.client: Client classical_mlp_client_3 - Epoch 3/5 completed. Average Loss: 0.1244
2025-05-03 10:12:22,574 [INFO] src.federated.client: Client classical_mlp_client_3 - Epoch 4/5 completed. Average Loss: 0.1087
2025-05-03 10:12:22,583 [INFO] src.federated.client: Client classical_mlp_client_3 - Epoch 5/5 completed. Average Loss: 0.1159
2025-05-03 10:12:22,586 [INFO] src.federated.client: Client classical_mlp_client_3: Local training finished. Processed 110 samples.
2025-05-03 10:12:22,586 [INFO] src.federated.server: Aggregating updates from 3 clients using FedAvg.
2025-05-03 10:12:22,587 [INFO] src.federated.aggregation: FedAvg: Aggregating updates from 3 clients.
2025-05-03 10:12:22,588 [INFO] src.federated.aggregation: FedAvg: Aggregation complete.
2025-05-03 10:12:22,592 [INFO] src.federated.server: Global model updated with aggregated parameters.
2025-05-03 10:12:22,592 [INFO] src.federated.server: Evaluating updated global model...
2025-05-03 10:12:22,596 [INFO] src.federated.server: Round 17 completed in 0.14s. Eval Metrics: {'loss': 0.38074231033639805, 'accuracy': 0.8947368421052632}
2025-05-03 10:12:22,597 [INFO] src.federated.server: ===== Starting Round 18/20 =====
2025-05-03 10:12:22,597 [INFO] src.federated.server: Starting federated training round...
2025-05-03 10:12:22,597 [INFO] src.federated.server: Selected 3 clients out of 5 available (fraction=0.1, min_clients=3): ['classical_mlp_client_1', 'classical_mlp_client_0', 'classical_mlp_client_3']
2025-05-03 10:12:22,601 [INFO] src.federated.client: Client classical_mlp_client_1: Starting local training for 5 epochs. Proximal term mu=0.0.
2025-05-03 10:12:22,609 [INFO] src.federated.client: Client classical_mlp_client_1 - Epoch 1/5 completed. Average Loss: 0.0008
2025-05-03 10:12:22,616 [INFO] src.federated.client: Client classical_mlp_client_1 - Epoch 2/5 completed. Average Loss: 0.0006
2025-05-03 10:12:22,623 [INFO] src.federated.client: Client classical_mlp_client_1 - Epoch 3/5 completed. Average Loss: 0.0004
2025-05-03 10:12:22,630 [INFO] src.federated.client: Client classical_mlp_client_1 - Epoch 4/5 completed. Average Loss: 0.0003
2025-05-03 10:12:22,639 [INFO] src.federated.client: Client classical_mlp_client_1 - Epoch 5/5 completed. Average Loss: 0.0003
2025-05-03 10:12:22,641 [INFO] src.federated.client: Client classical_mlp_client_1: Local training finished. Processed 115 samples.
2025-05-03 10:12:22,644 [INFO] src.federated.client: Client classical_mlp_client_0: Starting local training for 5 epochs. Proximal term mu=0.0.
2025-05-03 10:12:22,652 [INFO] src.federated.client: Client classical_mlp_client_0 - Epoch 1/5 completed. Average Loss: 0.0009
2025-05-03 10:12:22,660 [INFO] src.federated.client: Client classical_mlp_client_0 - Epoch 2/5 completed. Average Loss: 0.0006
2025-05-03 10:12:22,670 [INFO] src.federated.client: Client classical_mlp_client_0 - Epoch 3/5 completed. Average Loss: 0.0003
2025-05-03 10:12:22,678 [INFO] src.federated.client: Client classical_mlp_client_0 - Epoch 4/5 completed. Average Loss: 0.0002
2025-05-03 10:12:22,686 [INFO] src.federated.client: Client classical_mlp_client_0 - Epoch 5/5 completed. Average Loss: 0.0001
2025-05-03 10:12:22,689 [INFO] src.federated.client: Client classical_mlp_client_0: Local training finished. Processed 115 samples.
2025-05-03 10:12:22,691 [INFO] src.federated.client: Client classical_mlp_client_3: Starting local training for 5 epochs. Proximal term mu=0.0.
2025-05-03 10:12:22,699 [INFO] src.federated.client: Client classical_mlp_client_3 - Epoch 1/5 completed. Average Loss: 0.2564
2025-05-03 10:12:22,707 [INFO] src.federated.client: Client classical_mlp_client_3 - Epoch 2/5 completed. Average Loss: 0.1596
2025-05-03 10:12:22,715 [INFO] src.federated.client: Client classical_mlp_client_3 - Epoch 3/5 completed. Average Loss: 0.1182
2025-05-03 10:12:22,723 [INFO] src.federated.client: Client classical_mlp_client_3 - Epoch 4/5 completed. Average Loss: 0.1724
2025-05-03 10:12:22,731 [INFO] src.federated.client: Client classical_mlp_client_3 - Epoch 5/5 completed. Average Loss: 0.1947
2025-05-03 10:12:22,733 [INFO] src.federated.client: Client classical_mlp_client_3: Local training finished. Processed 110 samples.
2025-05-03 10:12:22,733 [INFO] src.federated.server: Aggregating updates from 3 clients using FedAvg.
2025-05-03 10:12:22,733 [INFO] src.federated.aggregation: FedAvg: Aggregating updates from 3 clients.
2025-05-03 10:12:22,735 [INFO] src.federated.aggregation: FedAvg: Aggregation complete.
2025-05-03 10:12:22,737 [INFO] src.federated.server: Global model updated with aggregated parameters.
2025-05-03 10:12:22,738 [INFO] src.federated.server: Evaluating updated global model...
2025-05-03 10:12:22,744 [INFO] src.federated.server: Round 18 completed in 0.15s. Eval Metrics: {'loss': 0.3383334979915727, 'accuracy': 0.9473684210526315}
2025-05-03 10:12:22,745 [INFO] src.federated.server: ===== Starting Round 19/20 =====
2025-05-03 10:12:22,745 [INFO] src.federated.server: Starting federated training round...
2025-05-03 10:12:22,746 [INFO] src.federated.server: Selected 3 clients out of 5 available (fraction=0.1, min_clients=3): ['classical_mlp_client_1', 'classical_mlp_client_2', 'classical_mlp_client_0']
2025-05-03 10:12:22,749 [INFO] src.federated.client: Client classical_mlp_client_1: Starting local training for 5 epochs. Proximal term mu=0.0.
2025-05-03 10:12:22,756 [INFO] src.federated.client: Client classical_mlp_client_1 - Epoch 1/5 completed. Average Loss: 0.0016
2025-05-03 10:12:22,766 [INFO] src.federated.client: Client classical_mlp_client_1 - Epoch 2/5 completed. Average Loss: 0.0012
2025-05-03 10:12:22,773 [INFO] src.federated.client: Client classical_mlp_client_1 - Epoch 3/5 completed. Average Loss: 0.0007
2025-05-03 10:12:22,782 [INFO] src.federated.client: Client classical_mlp_client_1 - Epoch 4/5 completed. Average Loss: 0.0004
2025-05-03 10:12:22,791 [INFO] src.federated.client: Client classical_mlp_client_1 - Epoch 5/5 completed. Average Loss: 0.0003
2025-05-03 10:12:22,793 [INFO] src.federated.client: Client classical_mlp_client_1: Local training finished. Processed 115 samples.
2025-05-03 10:12:22,795 [INFO] src.federated.client: Client classical_mlp_client_2: Starting local training for 5 epochs. Proximal term mu=0.0.
2025-05-03 10:12:22,803 [INFO] src.federated.client: Client classical_mlp_client_2 - Epoch 1/5 completed. Average Loss: 0.0022
2025-05-03 10:12:22,810 [INFO] src.federated.client: Client classical_mlp_client_2 - Epoch 2/5 completed. Average Loss: 0.0020
2025-05-03 10:12:22,818 [INFO] src.federated.client: Client classical_mlp_client_2 - Epoch 3/5 completed. Average Loss: 0.0018
2025-05-03 10:12:22,826 [INFO] src.federated.client: Client classical_mlp_client_2 - Epoch 4/5 completed. Average Loss: 0.0015
2025-05-03 10:12:22,836 [INFO] src.federated.client: Client classical_mlp_client_2 - Epoch 5/5 completed. Average Loss: 0.0012
2025-05-03 10:12:22,839 [INFO] src.federated.client: Client classical_mlp_client_2: Local training finished. Processed 110 samples.
2025-05-03 10:12:22,841 [INFO] src.federated.client: Client classical_mlp_client_0: Starting local training for 5 epochs. Proximal term mu=0.0.
2025-05-03 10:12:22,848 [INFO] src.federated.client: Client classical_mlp_client_0 - Epoch 1/5 completed. Average Loss: 0.0002
2025-05-03 10:12:22,857 [INFO] src.federated.client: Client classical_mlp_client_0 - Epoch 2/5 completed. Average Loss: 0.0002
2025-05-03 10:12:22,865 [INFO] src.federated.client: Client classical_mlp_client_0 - Epoch 3/5 completed. Average Loss: 0.0002
2025-05-03 10:12:22,874 [INFO] src.federated.client: Client classical_mlp_client_0 - Epoch 4/5 completed. Average Loss: 0.0002
2025-05-03 10:12:22,881 [INFO] src.federated.client: Client classical_mlp_client_0 - Epoch 5/5 completed. Average Loss: 0.0003
2025-05-03 10:12:22,882 [INFO] src.federated.client: Client classical_mlp_client_0: Local training finished. Processed 115 samples.
2025-05-03 10:12:22,883 [INFO] src.federated.server: Aggregating updates from 3 clients using FedAvg.
2025-05-03 10:12:22,883 [INFO] src.federated.aggregation: FedAvg: Aggregating updates from 3 clients.
2025-05-03 10:12:22,885 [INFO] src.federated.aggregation: FedAvg: Aggregation complete.
2025-05-03 10:12:22,887 [INFO] src.federated.server: Global model updated with aggregated parameters.
2025-05-03 10:12:22,888 [INFO] src.federated.server: Evaluating updated global model...
2025-05-03 10:12:22,894 [INFO] src.federated.server: Round 19 completed in 0.15s. Eval Metrics: {'loss': 0.3088016278972638, 'accuracy': 0.9473684210526315}
2025-05-03 10:12:22,894 [INFO] src.federated.server: ===== Starting Round 20/20 =====
2025-05-03 10:12:22,894 [INFO] src.federated.server: Starting federated training round...
2025-05-03 10:12:22,895 [INFO] src.federated.server: Selected 3 clients out of 5 available (fraction=0.1, min_clients=3): ['classical_mlp_client_1', 'classical_mlp_client_0', 'classical_mlp_client_4']
2025-05-03 10:12:22,900 [INFO] src.federated.client: Client classical_mlp_client_1: Starting local training for 5 epochs. Proximal term mu=0.0.
2025-05-03 10:12:22,908 [INFO] src.federated.client: Client classical_mlp_client_1 - Epoch 1/5 completed. Average Loss: 0.0007
2025-05-03 10:12:22,915 [INFO] src.federated.client: Client classical_mlp_client_1 - Epoch 2/5 completed. Average Loss: 0.0004
2025-05-03 10:12:22,923 [INFO] src.federated.client: Client classical_mlp_client_1 - Epoch 3/5 completed. Average Loss: 0.0003
2025-05-03 10:12:22,933 [INFO] src.federated.client: Client classical_mlp_client_1 - Epoch 4/5 completed. Average Loss: 0.0002
2025-05-03 10:12:22,943 [INFO] src.federated.client: Client classical_mlp_client_1 - Epoch 5/5 completed. Average Loss: 0.0003
2025-05-03 10:12:22,944 [INFO] src.federated.client: Client classical_mlp_client_1: Local training finished. Processed 115 samples.
2025-05-03 10:12:22,946 [INFO] src.federated.client: Client classical_mlp_client_0: Starting local training for 5 epochs. Proximal term mu=0.0.
2025-05-03 10:12:22,954 [INFO] src.federated.client: Client classical_mlp_client_0 - Epoch 1/5 completed. Average Loss: 0.0001
2025-05-03 10:12:22,961 [INFO] src.federated.client: Client classical_mlp_client_0 - Epoch 2/5 completed. Average Loss: 0.0001
2025-05-03 10:12:22,969 [INFO] src.federated.client: Client classical_mlp_client_0 - Epoch 3/5 completed. Average Loss: 0.0001
2025-05-03 10:12:22,977 [INFO] src.federated.client: Client classical_mlp_client_0 - Epoch 4/5 completed. Average Loss: 0.0001
2025-05-03 10:12:22,984 [INFO] src.federated.client: Client classical_mlp_client_0 - Epoch 5/5 completed. Average Loss: 0.0001
2025-05-03 10:12:22,986 [INFO] src.federated.client: Client classical_mlp_client_0: Local training finished. Processed 115 samples.
2025-05-03 10:12:22,988 [INFO] src.federated.client: Client classical_mlp_client_4: Starting local training for 5 epochs. Proximal term mu=0.0.
2025-05-03 10:12:22,996 [INFO] src.federated.client: Client classical_mlp_client_4 - Epoch 1/5 completed. Average Loss: 0.0460
2025-05-03 10:12:23,003 [INFO] src.federated.client: Client classical_mlp_client_4 - Epoch 2/5 completed. Average Loss: 0.0066
2025-05-03 10:12:23,011 [INFO] src.federated.client: Client classical_mlp_client_4 - Epoch 3/5 completed. Average Loss: 0.0016
2025-05-03 10:12:23,018 [INFO] src.federated.client: Client classical_mlp_client_4 - Epoch 4/5 completed. Average Loss: 0.0045
2025-05-03 10:12:23,025 [INFO] src.federated.client: Client classical_mlp_client_4 - Epoch 5/5 completed. Average Loss: 0.0190
2025-05-03 10:12:23,026 [INFO] src.federated.client: Client classical_mlp_client_4: Local training finished. Processed 110 samples.
2025-05-03 10:12:23,027 [INFO] src.federated.server: Aggregating updates from 3 clients using FedAvg.
2025-05-03 10:12:23,027 [INFO] src.federated.aggregation: FedAvg: Aggregating updates from 3 clients.
2025-05-03 10:12:23,028 [INFO] src.federated.aggregation: FedAvg: Aggregation complete.
2025-05-03 10:12:23,031 [INFO] src.federated.server: Global model updated with aggregated parameters.
2025-05-03 10:12:23,031 [INFO] src.federated.server: Evaluating updated global model...
2025-05-03 10:12:23,036 [INFO] src.federated.server: Round 20 completed in 0.14s. Eval Metrics: {'loss': 0.3954961902935304, 'accuracy': 0.868421052631579}
2025-05-03 10:12:23,036 [INFO] src.federated.server: Federated training process completed after 20 rounds.
2025-05-03 10:12:23,037 [INFO] ExperimentRunner: ========== Finished Iris_MLP_FedDive_IID ==========

2025-05-03 10:12:23,037 [INFO] ExperimentRunner: ========== Starting Iris_MLP_FedDive_NonIID_a0.3 ==========
2025-05-03 10:12:23,038 [INFO] ExperimentRunner: --- Setting up experiment: Iris_MLP_FedDive_NonIID_a0.3 ---
2025-05-03 10:12:23,039 [INFO] src.utils.data_utils: Set random seed to 42
2025-05-03 10:12:23,047 [INFO] src.utils.data_utils: Successfully loaded configuration from /home/dhanraj/quantum_federated_simulator/configs/federated/server_config.yaml
2025-05-03 10:12:23,052 [INFO] src.utils.data_utils: Successfully loaded configuration from /home/dhanraj/quantum_federated_simulator/configs/federated/client_config.yaml
2025-05-03 10:12:23,058 [INFO] src.utils.data_utils: Successfully loaded configuration from /home/dhanraj/quantum_federated_simulator/configs/federated/default_aggregation.yaml
2025-05-03 10:12:23,059 [INFO] src.utils.data_utils: Partitioning data Non-IID (Dirichlet alpha=0.3) among 5 clients.
2025-05-03 10:12:23,060 [INFO] src.utils.data_utils: Data partitioning complete.
2025-05-03 10:12:23,060 [INFO] ExperimentRunner: Creating model of type: classical_mlp
2025-05-03 10:12:23,061 [INFO] src.federated.aggregation: Creating aggregation strategy of type: fedavg
2025-05-03 10:12:23,061 [INFO] ExperimentRunner: Using aggregation strategy: FedAvg
2025-05-03 10:12:23,063 [INFO] src.federated.server: Federated server initialized on device 'cuda' with aggregation strategy: FedAvg
2025-05-03 10:12:23,064 [INFO] ExperimentRunner: Creating model of type: classical_mlp
2025-05-03 10:12:23,067 [INFO] src.federated.client: Client classical_mlp_client_0 initialized on device 'cuda' with 25 samples.
2025-05-03 10:12:23,067 [INFO] src.federated.server: Registered client 'classical_mlp_client_0'. Total clients: 1.
2025-05-03 10:12:23,067 [INFO] ExperimentRunner: Creating model of type: classical_mlp
2025-05-03 10:12:23,070 [ERROR] ExperimentRunner: ========== Experiment Iris_MLP_FedDive_NonIID_a0.3 failed: num_samples should be a positive integer value, but got num_samples=0 ==========
Traceback (most recent call last):
  File "/home/dhanraj/quantum_federated_simulator/run_iris_experiment.py", line 254, in run_all_experiments
    server, server_cfg = setup_federated_scenario(exp_config, train_data, test_data, n_features_original)
                         ^^^^^^^^^^^^^^^^^^^^^^^^^^^^^^^^^^^^^^^^^^^^^^^^^^^^^^^^^^^^^^^^^^^^^^^^^^^^^^^^
  File "/home/dhanraj/quantum_federated_simulator/run_iris_experiment.py", line 220, in setup_federated_scenario
    client = ClientClass(client_id=client_id, model=client_model_instance, dataset=client_datasets[i], **client_setup_kwargs)
             ^^^^^^^^^^^^^^^^^^^^^^^^^^^^^^^^^^^^^^^^^^^^^^^^^^^^^^^^^^^^^^^^^^^^^^^^^^^^^^^^^^^^^^^^^^^^^^^^^^^^^^^^^^^^^^^^
  File "/home/dhanraj/quantum_federated_simulator/src/federated/client.py", line 102, in __init__
    self.data_loader = DataLoader(
                       ^^^^^^^^^^^
  File "/home/dhanraj/quantum_federated_simulator/qfl-env/lib/python3.12/site-packages/torch/utils/data/dataloader.py", line 383, in __init__
    sampler = RandomSampler(dataset, generator=generator)  # type: ignore[arg-type]
              ^^^^^^^^^^^^^^^^^^^^^^^^^^^^^^^^^^^^^^^^^^^
  File "/home/dhanraj/quantum_federated_simulator/qfl-env/lib/python3.12/site-packages/torch/utils/data/sampler.py", line 165, in __init__
    raise ValueError(
ValueError: num_samples should be a positive integer value, but got num_samples=0
2025-05-03 10:12:23,072 [INFO] ExperimentRunner: ========== Starting Iris_VQC_FedAvg_IID_PCA3 ==========
2025-05-03 10:12:23,072 [INFO] ExperimentRunner: --- Setting up experiment: Iris_VQC_FedAvg_IID_PCA3 ---
2025-05-03 10:12:23,073 [INFO] src.utils.data_utils: Set random seed to 42
2025-05-03 10:12:23,081 [INFO] src.utils.data_utils: Successfully loaded configuration from /home/dhanraj/quantum_federated_simulator/configs/federated/server_config.yaml
2025-05-03 10:12:23,087 [INFO] src.utils.data_utils: Successfully loaded configuration from /home/dhanraj/quantum_federated_simulator/configs/federated/client_config.yaml
2025-05-03 10:12:23,092 [INFO] src.utils.data_utils: Successfully loaded configuration from /home/dhanraj/quantum_federated_simulator/configs/federated/default_aggregation.yaml
2025-05-03 10:12:23,092 [INFO] ExperimentRunner: Quantum model specified: Reloading data with PCA features=3
2025-05-03 10:12:23,092 [INFO] src.utils.data_utils: Loading Iris data. Target features: 3. Normalize: True
2025-05-03 10:12:23,095 [INFO] src.utils.data_utils: Applying PCA to reduce features from 4 to 3
2025-05-03 10:12:23,098 [INFO] src.utils.data_utils: PCA completed. Explained variance ratio sum: 0.9948
2025-05-03 10:12:23,099 [INFO] src.utils.data_utils: Applying MinMaxScaler to scale features to [-1, 1] range.
2025-05-03 10:12:23,103 [INFO] src.utils.data_utils: Iris data loaded. Train size: 112, Test size: 38, Features: 3
2025-05-03 10:12:23,103 [INFO] src.utils.data_utils: Partitioning data IID among 5 clients.
2025-05-03 10:12:23,103 [INFO] src.utils.data_utils: Data partitioning complete.
2025-05-03 10:12:23,104 [INFO] ExperimentRunner: Creating model of type: vqc
2025-05-03 10:12:23,104 [INFO] src.quantum.models: Initializing VQC: qubits=3, layers=2, classes=3, circuit='basic', device='default.qubit', shots=None
2025-05-03 10:12:23,104 [INFO] src.quantum.utils: Loading PennyLane device 'default.qubit' with wires=3, shots=None, kwargs={}
2025-05-03 10:12:23,105 [INFO] src.quantum.utils: Device 'default.qubit' loaded successfully.
2025-05-03 10:12:23,106 [INFO] src.quantum.circuits: Creating basic circuit with 3 qubits, 2 layers.
2025-05-03 10:12:23,106 [INFO] src.quantum.circuits: Basic circuit expects 18 trainable parameters.
2025-05-03 10:12:23,106 [INFO] src.quantum.models: Circuit function requires 18 parameters.
2025-05-03 10:12:23,107 [INFO] src.quantum.models: Initialized 18 parameters randomly.
2025-05-03 10:12:23,107 [INFO] src.federated.aggregation: Creating aggregation strategy of type: fedavg
2025-05-03 10:12:23,107 [INFO] ExperimentRunner: Using aggregation strategy: QuantumAggregationStrategy
2025-05-03 10:12:23,108 [INFO] src.core.quantum_manager: QuantumServer: Initializing with model type 'vqc'.
2025-05-03 10:12:23,108 [INFO] src.federated.server: Federated server initialized on device 'cuda' with aggregation strategy: QuantumAggregationStrategy
2025-05-03 10:12:23,108 [INFO] ExperimentRunner: Creating model of type: vqc
2025-05-03 10:12:23,108 [INFO] src.quantum.models: Initializing VQC: qubits=3, layers=2, classes=3, circuit='basic', device='default.qubit', shots=None
2025-05-03 10:12:23,108 [INFO] src.quantum.utils: Loading PennyLane device 'default.qubit' with wires=3, shots=None, kwargs={}
2025-05-03 10:12:23,109 [INFO] src.quantum.utils: Device 'default.qubit' loaded successfully.
2025-05-03 10:12:23,109 [INFO] src.quantum.circuits: Creating basic circuit with 3 qubits, 2 layers.
2025-05-03 10:12:23,109 [INFO] src.quantum.circuits: Basic circuit expects 18 trainable parameters.
2025-05-03 10:12:23,110 [INFO] src.quantum.models: Circuit function requires 18 parameters.
2025-05-03 10:12:23,110 [INFO] src.quantum.models: Initialized 18 parameters randomly.
2025-05-03 10:12:23,110 [INFO] src.core.quantum_client: QuantumClient vqc_client_0: Initializing with model type 'vqc'.
2025-05-03 10:12:23,111 [INFO] src.federated.client: Client vqc_client_0 initialized on device 'cuda' with 23 samples.
2025-05-03 10:12:23,111 [INFO] src.federated.server: Registered client 'vqc_client_0'. Total clients: 1.
2025-05-03 10:12:23,111 [INFO] ExperimentRunner: Creating model of type: vqc
2025-05-03 10:12:23,111 [INFO] src.quantum.models: Initializing VQC: qubits=3, layers=2, classes=3, circuit='basic', device='default.qubit', shots=None
2025-05-03 10:12:23,111 [INFO] src.quantum.utils: Loading PennyLane device 'default.qubit' with wires=3, shots=None, kwargs={}
2025-05-03 10:12:23,112 [INFO] src.quantum.utils: Device 'default.qubit' loaded successfully.
2025-05-03 10:12:23,112 [INFO] src.quantum.circuits: Creating basic circuit with 3 qubits, 2 layers.
2025-05-03 10:12:23,112 [INFO] src.quantum.circuits: Basic circuit expects 18 trainable parameters.
2025-05-03 10:12:23,112 [INFO] src.quantum.models: Circuit function requires 18 parameters.
2025-05-03 10:12:23,113 [INFO] src.quantum.models: Initialized 18 parameters randomly.
2025-05-03 10:12:23,113 [INFO] src.core.quantum_client: QuantumClient vqc_client_1: Initializing with model type 'vqc'.
2025-05-03 10:12:23,114 [INFO] src.federated.client: Client vqc_client_1 initialized on device 'cuda' with 23 samples.
2025-05-03 10:12:23,114 [INFO] src.federated.server: Registered client 'vqc_client_1'. Total clients: 2.
2025-05-03 10:12:23,114 [INFO] ExperimentRunner: Creating model of type: vqc
2025-05-03 10:12:23,114 [INFO] src.quantum.models: Initializing VQC: qubits=3, layers=2, classes=3, circuit='basic', device='default.qubit', shots=None
2025-05-03 10:12:23,115 [INFO] src.quantum.utils: Loading PennyLane device 'default.qubit' with wires=3, shots=None, kwargs={}
2025-05-03 10:12:23,115 [INFO] src.quantum.utils: Device 'default.qubit' loaded successfully.
2025-05-03 10:12:23,115 [INFO] src.quantum.circuits: Creating basic circuit with 3 qubits, 2 layers.
2025-05-03 10:12:23,116 [INFO] src.quantum.circuits: Basic circuit expects 18 trainable parameters.
2025-05-03 10:12:23,116 [INFO] src.quantum.models: Circuit function requires 18 parameters.
2025-05-03 10:12:23,116 [INFO] src.quantum.models: Initialized 18 parameters randomly.
2025-05-03 10:12:23,117 [INFO] src.core.quantum_client: QuantumClient vqc_client_2: Initializing with model type 'vqc'.
2025-05-03 10:12:23,117 [INFO] src.federated.client: Client vqc_client_2 initialized on device 'cuda' with 22 samples.
2025-05-03 10:12:23,118 [INFO] src.federated.server: Registered client 'vqc_client_2'. Total clients: 3.
2025-05-03 10:12:23,118 [INFO] ExperimentRunner: Creating model of type: vqc
2025-05-03 10:12:23,118 [INFO] src.quantum.models: Initializing VQC: qubits=3, layers=2, classes=3, circuit='basic', device='default.qubit', shots=None
2025-05-03 10:12:23,118 [INFO] src.quantum.utils: Loading PennyLane device 'default.qubit' with wires=3, shots=None, kwargs={}
2025-05-03 10:12:23,119 [INFO] src.quantum.utils: Device 'default.qubit' loaded successfully.
2025-05-03 10:12:23,119 [INFO] src.quantum.circuits: Creating basic circuit with 3 qubits, 2 layers.
2025-05-03 10:12:23,119 [INFO] src.quantum.circuits: Basic circuit expects 18 trainable parameters.
2025-05-03 10:12:23,119 [INFO] src.quantum.models: Circuit function requires 18 parameters.
2025-05-03 10:12:23,120 [INFO] src.quantum.models: Initialized 18 parameters randomly.
2025-05-03 10:12:23,121 [INFO] src.core.quantum_client: QuantumClient vqc_client_3: Initializing with model type 'vqc'.
2025-05-03 10:12:23,121 [INFO] src.federated.client: Client vqc_client_3 initialized on device 'cuda' with 22 samples.
2025-05-03 10:12:23,122 [INFO] src.federated.server: Registered client 'vqc_client_3'. Total clients: 4.
2025-05-03 10:12:23,122 [INFO] ExperimentRunner: Creating model of type: vqc
2025-05-03 10:12:23,122 [INFO] src.quantum.models: Initializing VQC: qubits=3, layers=2, classes=3, circuit='basic', device='default.qubit', shots=None
2025-05-03 10:12:23,123 [INFO] src.quantum.utils: Loading PennyLane device 'default.qubit' with wires=3, shots=None, kwargs={}
2025-05-03 10:12:23,123 [INFO] src.quantum.utils: Device 'default.qubit' loaded successfully.
2025-05-03 10:12:23,123 [INFO] src.quantum.circuits: Creating basic circuit with 3 qubits, 2 layers.
2025-05-03 10:12:23,124 [INFO] src.quantum.circuits: Basic circuit expects 18 trainable parameters.
2025-05-03 10:12:23,124 [INFO] src.quantum.models: Circuit function requires 18 parameters.
2025-05-03 10:12:23,124 [INFO] src.quantum.models: Initialized 18 parameters randomly.
2025-05-03 10:12:23,125 [INFO] src.core.quantum_client: QuantumClient vqc_client_4: Initializing with model type 'vqc'.
2025-05-03 10:12:23,125 [INFO] src.federated.client: Client vqc_client_4 initialized on device 'cuda' with 22 samples.
2025-05-03 10:12:23,125 [INFO] src.federated.server: Registered client 'vqc_client_4'. Total clients: 5.
2025-05-03 10:12:23,125 [INFO] ExperimentRunner: --- Scenario setup complete for Iris_VQC_FedAvg_IID_PCA3 ---
2025-05-03 10:12:23,126 [INFO] src.federated.server: Starting federated training process for 15 rounds.
2025-05-03 10:12:23,127 [INFO] src.federated.server: Config: local_epochs=2, client_fraction=0.1, min_clients=3, FedProx mu=0.0
2025-05-03 10:12:23,127 [INFO] src.federated.server: Performing initial evaluation of global model...
2025-05-03 10:12:23,127 [INFO] src.core.quantum_manager: Server: Starting evaluation (model type: vqc).
2025-05-03 10:12:23,429 [INFO] src.core.quantum_manager: Server VQC: Evaluation finished. Metrics: {'accuracy': 0.5, 'loss': None}
2025-05-03 10:12:23,430 [INFO] src.federated.server: Initial Evaluation Metrics: {'accuracy': 0.5, 'loss': None}
2025-05-03 10:12:23,430 [INFO] src.federated.server: ===== Starting Round 1/15 =====
2025-05-03 10:12:23,430 [INFO] src.federated.server: Starting federated training round...
2025-05-03 10:12:23,431 [INFO] src.federated.server: Selected 3 clients out of 5 available (fraction=0.1, min_clients=3): ['vqc_client_0', 'vqc_client_4', 'vqc_client_2']
2025-05-03 10:12:23,431 [INFO] src.core.quantum_client: Client vqc_client_0: Starting local training (model type: vqc).
2025-05-03 10:12:29,868 [INFO] src.core.quantum_client: Client vqc_client_0 [VQC] - Epoch 1/2 completed. Average Loss: 0.5065
2025-05-03 10:12:36,460 [INFO] src.core.quantum_client: Client vqc_client_0 [VQC] - Epoch 2/2 completed. Average Loss: 0.5038
2025-05-03 10:12:36,460 [INFO] src.core.quantum_client: Client vqc_client_0 [VQC]: Local training finished. Processed 46 samples.
2025-05-03 10:12:36,461 [INFO] src.core.quantum_client: Client vqc_client_4: Starting local training (model type: vqc).
2025-05-03 10:12:42,700 [INFO] src.core.quantum_client: Client vqc_client_4 [VQC] - Epoch 1/2 completed. Average Loss: 0.5055
2025-05-03 10:12:48,944 [INFO] src.core.quantum_client: Client vqc_client_4 [VQC] - Epoch 2/2 completed. Average Loss: 0.5028
2025-05-03 10:12:48,945 [INFO] src.core.quantum_client: Client vqc_client_4 [VQC]: Local training finished. Processed 44 samples.
2025-05-03 10:12:48,945 [INFO] src.core.quantum_client: Client vqc_client_2: Starting local training (model type: vqc).
2025-05-03 10:12:55,233 [INFO] src.core.quantum_client: Client vqc_client_2 [VQC] - Epoch 1/2 completed. Average Loss: 0.5416
2025-05-03 10:13:01,486 [INFO] src.core.quantum_client: Client vqc_client_2 [VQC] - Epoch 2/2 completed. Average Loss: 0.5388
2025-05-03 10:13:01,487 [INFO] src.core.quantum_client: Client vqc_client_2 [VQC]: Local training finished. Processed 44 samples.
2025-05-03 10:13:01,487 [INFO] src.federated.server: Aggregating updates from 3 clients using QuantumAggregationStrategy.
2025-05-03 10:13:01,488 [INFO] src.core.quantum_manager: QuantumAggregationStrategy: Detected VQC parameter structure. Aggregating 'quantum_params'.
2025-05-03 10:13:01,488 [INFO] src.federated.server: Global model updated with aggregated parameters.
2025-05-03 10:13:01,489 [INFO] src.federated.server: Evaluating updated global model...
2025-05-03 10:13:01,489 [INFO] src.core.quantum_manager: Server: Starting evaluation (model type: vqc).
2025-05-03 10:13:01,825 [INFO] src.core.quantum_manager: Server VQC: Evaluation finished. Metrics: {'accuracy': 0.5, 'loss': None}
2025-05-03 10:13:01,826 [INFO] src.federated.server: Round 1 completed in 38.40s. Eval Metrics: {'accuracy': 0.5, 'loss': None}
2025-05-03 10:13:01,826 [INFO] src.federated.server: ===== Starting Round 2/15 =====
2025-05-03 10:13:01,826 [INFO] src.federated.server: Starting federated training round...
2025-05-03 10:13:01,826 [INFO] src.federated.server: Selected 3 clients out of 5 available (fraction=0.1, min_clients=3): ['vqc_client_2', 'vqc_client_1', 'vqc_client_0']
2025-05-03 10:13:01,827 [INFO] src.core.quantum_client: Client vqc_client_2: Starting local training (model type: vqc).
2025-05-03 10:13:08,172 [INFO] src.core.quantum_client: Client vqc_client_2 [VQC] - Epoch 1/2 completed. Average Loss: 0.5362
2025-05-03 10:13:14,655 [INFO] src.core.quantum_client: Client vqc_client_2 [VQC] - Epoch 2/2 completed. Average Loss: 0.5333
2025-05-03 10:13:14,656 [INFO] src.core.quantum_client: Client vqc_client_2 [VQC]: Local training finished. Processed 44 samples.
2025-05-03 10:13:14,656 [INFO] src.core.quantum_client: Client vqc_client_1: Starting local training (model type: vqc).
2025-05-03 10:13:21,227 [INFO] src.core.quantum_client: Client vqc_client_1 [VQC] - Epoch 1/2 completed. Average Loss: 0.5191
2025-05-03 10:13:27,688 [INFO] src.core.quantum_client: Client vqc_client_1 [VQC] - Epoch 2/2 completed. Average Loss: 0.5162
2025-05-03 10:13:27,689 [INFO] src.core.quantum_client: Client vqc_client_1 [VQC]: Local training finished. Processed 46 samples.
2025-05-03 10:13:27,689 [INFO] src.core.quantum_client: Client vqc_client_0: Starting local training (model type: vqc).
2025-05-03 10:13:34,178 [INFO] src.core.quantum_client: Client vqc_client_0 [VQC] - Epoch 1/2 completed. Average Loss: 0.5010
2025-05-03 10:13:40,753 [INFO] src.core.quantum_client: Client vqc_client_0 [VQC] - Epoch 2/2 completed. Average Loss: 0.4983
2025-05-03 10:13:40,753 [INFO] src.core.quantum_client: Client vqc_client_0 [VQC]: Local training finished. Processed 46 samples.
2025-05-03 10:13:40,754 [INFO] src.federated.server: Aggregating updates from 3 clients using QuantumAggregationStrategy.
2025-05-03 10:13:40,754 [INFO] src.core.quantum_manager: QuantumAggregationStrategy: Detected VQC parameter structure. Aggregating 'quantum_params'.
2025-05-03 10:13:40,755 [INFO] src.federated.server: Global model updated with aggregated parameters.
2025-05-03 10:13:40,756 [INFO] src.federated.server: Evaluating updated global model...
2025-05-03 10:13:40,756 [INFO] src.core.quantum_manager: Server: Starting evaluation (model type: vqc).
2025-05-03 10:13:41,100 [INFO] src.core.quantum_manager: Server VQC: Evaluation finished. Metrics: {'accuracy': 0.5526315789473685, 'loss': None}
2025-05-03 10:13:41,100 [INFO] src.federated.server: Round 2 completed in 39.27s. Eval Metrics: {'accuracy': 0.5526315789473685, 'loss': None}
2025-05-03 10:13:41,101 [INFO] src.federated.server: ===== Starting Round 3/15 =====
2025-05-03 10:13:41,101 [INFO] src.federated.server: Starting federated training round...
2025-05-03 10:13:41,101 [INFO] src.federated.server: Selected 3 clients out of 5 available (fraction=0.1, min_clients=3): ['vqc_client_1', 'vqc_client_0', 'vqc_client_2']
2025-05-03 10:13:41,101 [INFO] src.core.quantum_client: Client vqc_client_1: Starting local training (model type: vqc).
2025-05-03 10:13:47,658 [INFO] src.core.quantum_client: Client vqc_client_1 [VQC] - Epoch 1/2 completed. Average Loss: 0.5134
2025-05-03 10:13:54,311 [INFO] src.core.quantum_client: Client vqc_client_1 [VQC] - Epoch 2/2 completed. Average Loss: 0.5104
2025-05-03 10:13:54,311 [INFO] src.core.quantum_client: Client vqc_client_1 [VQC]: Local training finished. Processed 46 samples.
2025-05-03 10:13:54,312 [INFO] src.core.quantum_client: Client vqc_client_0: Starting local training (model type: vqc).
2025-05-03 10:14:00,826 [INFO] src.core.quantum_client: Client vqc_client_0 [VQC] - Epoch 1/2 completed. Average Loss: 0.4955
2025-05-03 10:14:07,415 [INFO] src.core.quantum_client: Client vqc_client_0 [VQC] - Epoch 2/2 completed. Average Loss: 0.4927
2025-05-03 10:14:07,415 [INFO] src.core.quantum_client: Client vqc_client_0 [VQC]: Local training finished. Processed 46 samples.
2025-05-03 10:14:07,416 [INFO] src.core.quantum_client: Client vqc_client_2: Starting local training (model type: vqc).
2025-05-03 10:14:13,949 [INFO] src.core.quantum_client: Client vqc_client_2 [VQC] - Epoch 1/2 completed. Average Loss: 0.5306
2025-05-03 10:14:20,141 [INFO] src.core.quantum_client: Client vqc_client_2 [VQC] - Epoch 2/2 completed. Average Loss: 0.5277
2025-05-03 10:14:20,141 [INFO] src.core.quantum_client: Client vqc_client_2 [VQC]: Local training finished. Processed 44 samples.
2025-05-03 10:14:20,142 [INFO] src.federated.server: Aggregating updates from 3 clients using QuantumAggregationStrategy.
2025-05-03 10:14:20,142 [INFO] src.core.quantum_manager: QuantumAggregationStrategy: Detected VQC parameter structure. Aggregating 'quantum_params'.
2025-05-03 10:14:20,142 [INFO] src.federated.server: Global model updated with aggregated parameters.
2025-05-03 10:14:20,143 [INFO] src.federated.server: Evaluating updated global model...
2025-05-03 10:14:20,143 [INFO] src.core.quantum_manager: Server: Starting evaluation (model type: vqc).
2025-05-03 10:14:20,490 [INFO] src.core.quantum_manager: Server VQC: Evaluation finished. Metrics: {'accuracy': 0.6052631578947368, 'loss': None}
2025-05-03 10:14:20,491 [INFO] src.federated.server: Round 3 completed in 39.39s. Eval Metrics: {'accuracy': 0.6052631578947368, 'loss': None}
2025-05-03 10:14:20,491 [INFO] src.federated.server: ===== Starting Round 4/15 =====
2025-05-03 10:14:20,491 [INFO] src.federated.server: Starting federated training round...
2025-05-03 10:14:20,491 [INFO] src.federated.server: Selected 3 clients out of 5 available (fraction=0.1, min_clients=3): ['vqc_client_4', 'vqc_client_0', 'vqc_client_2']
2025-05-03 10:14:20,492 [INFO] src.core.quantum_client: Client vqc_client_4: Starting local training (model type: vqc).
2025-05-03 10:14:26,744 [INFO] src.core.quantum_client: Client vqc_client_4 [VQC] - Epoch 1/2 completed. Average Loss: 0.4896
2025-05-03 10:14:33,061 [INFO] src.core.quantum_client: Client vqc_client_4 [VQC] - Epoch 2/2 completed. Average Loss: 0.4868
2025-05-03 10:14:33,061 [INFO] src.core.quantum_client: Client vqc_client_4 [VQC]: Local training finished. Processed 44 samples.
2025-05-03 10:14:33,061 [INFO] src.core.quantum_client: Client vqc_client_0: Starting local training (model type: vqc).
2025-05-03 10:14:39,567 [INFO] src.core.quantum_client: Client vqc_client_0 [VQC] - Epoch 1/2 completed. Average Loss: 0.4899
2025-05-03 10:14:46,172 [INFO] src.core.quantum_client: Client vqc_client_0 [VQC] - Epoch 2/2 completed. Average Loss: 0.4871
2025-05-03 10:14:46,173 [INFO] src.core.quantum_client: Client vqc_client_0 [VQC]: Local training finished. Processed 46 samples.
2025-05-03 10:14:46,173 [INFO] src.core.quantum_client: Client vqc_client_2: Starting local training (model type: vqc).
2025-05-03 10:14:52,445 [INFO] src.core.quantum_client: Client vqc_client_2 [VQC] - Epoch 1/2 completed. Average Loss: 0.5249
2025-05-03 10:14:58,787 [INFO] src.core.quantum_client: Client vqc_client_2 [VQC] - Epoch 2/2 completed. Average Loss: 0.5220
2025-05-03 10:14:58,788 [INFO] src.core.quantum_client: Client vqc_client_2 [VQC]: Local training finished. Processed 44 samples.
2025-05-03 10:14:58,788 [INFO] src.federated.server: Aggregating updates from 3 clients using QuantumAggregationStrategy.
2025-05-03 10:14:58,788 [INFO] src.core.quantum_manager: QuantumAggregationStrategy: Detected VQC parameter structure. Aggregating 'quantum_params'.
2025-05-03 10:14:58,789 [INFO] src.federated.server: Global model updated with aggregated parameters.
2025-05-03 10:14:58,789 [INFO] src.federated.server: Evaluating updated global model...
2025-05-03 10:14:58,789 [INFO] src.core.quantum_manager: Server: Starting evaluation (model type: vqc).
2025-05-03 10:14:59,198 [INFO] src.core.quantum_manager: Server VQC: Evaluation finished. Metrics: {'accuracy': 0.631578947368421, 'loss': None}
2025-05-03 10:14:59,198 [INFO] src.federated.server: Round 4 completed in 38.71s. Eval Metrics: {'accuracy': 0.631578947368421, 'loss': None}
2025-05-03 10:14:59,199 [INFO] src.federated.server: ===== Starting Round 5/15 =====
2025-05-03 10:14:59,199 [INFO] src.federated.server: Starting federated training round...
2025-05-03 10:14:59,199 [INFO] src.federated.server: Selected 3 clients out of 5 available (fraction=0.1, min_clients=3): ['vqc_client_3', 'vqc_client_0', 'vqc_client_4']
2025-05-03 10:14:59,200 [INFO] src.core.quantum_client: Client vqc_client_3: Starting local training (model type: vqc).
2025-05-03 10:15:06,436 [INFO] src.core.quantum_client: Client vqc_client_3 [VQC] - Epoch 1/2 completed. Average Loss: 0.4915
2025-05-03 10:15:12,924 [INFO] src.core.quantum_client: Client vqc_client_3 [VQC] - Epoch 2/2 completed. Average Loss: 0.4883
2025-05-03 10:15:12,924 [INFO] src.core.quantum_client: Client vqc_client_3 [VQC]: Local training finished. Processed 44 samples.
2025-05-03 10:15:12,925 [INFO] src.core.quantum_client: Client vqc_client_0: Starting local training (model type: vqc).
2025-05-03 10:15:19,772 [INFO] src.core.quantum_client: Client vqc_client_0 [VQC] - Epoch 1/2 completed. Average Loss: 0.4843
2025-05-03 10:20:50,409 [INFO] src.core.quantum_client: Client vqc_client_0 [VQC] - Epoch 2/2 completed. Average Loss: 0.4815
2025-05-03 10:20:50,410 [INFO] src.core.quantum_client: Client vqc_client_0 [VQC]: Local training finished. Processed 46 samples.
2025-05-03 10:20:50,410 [INFO] src.core.quantum_client: Client vqc_client_4: Starting local training (model type: vqc).
2025-05-03 10:20:56,984 [INFO] src.core.quantum_client: Client vqc_client_4 [VQC] - Epoch 1/2 completed. Average Loss: 0.4842
2025-05-03 10:21:03,333 [INFO] src.core.quantum_client: Client vqc_client_4 [VQC] - Epoch 2/2 completed. Average Loss: 0.4814
2025-05-03 10:21:03,333 [INFO] src.core.quantum_client: Client vqc_client_4 [VQC]: Local training finished. Processed 44 samples.
2025-05-03 10:21:03,334 [INFO] src.federated.server: Aggregating updates from 3 clients using QuantumAggregationStrategy.
2025-05-03 10:21:03,334 [INFO] src.core.quantum_manager: QuantumAggregationStrategy: Detected VQC parameter structure. Aggregating 'quantum_params'.
2025-05-03 10:21:03,335 [INFO] src.federated.server: Global model updated with aggregated parameters.
2025-05-03 10:21:03,335 [INFO] src.federated.server: Evaluating updated global model...
2025-05-03 10:21:03,335 [INFO] src.core.quantum_manager: Server: Starting evaluation (model type: vqc).
2025-05-03 10:21:03,650 [INFO] src.core.quantum_manager: Server VQC: Evaluation finished. Metrics: {'accuracy': 0.631578947368421, 'loss': None}
2025-05-03 10:21:03,650 [INFO] src.federated.server: Round 5 completed in 364.45s. Eval Metrics: {'accuracy': 0.631578947368421, 'loss': None}
2025-05-03 10:21:03,651 [INFO] src.federated.server: ===== Starting Round 6/15 =====
2025-05-03 10:21:03,651 [INFO] src.federated.server: Starting federated training round...
2025-05-03 10:21:03,651 [INFO] src.federated.server: Selected 3 clients out of 5 available (fraction=0.1, min_clients=3): ['vqc_client_0', 'vqc_client_1', 'vqc_client_4']
2025-05-03 10:21:03,652 [INFO] src.core.quantum_client: Client vqc_client_0: Starting local training (model type: vqc).
2025-05-03 10:21:10,118 [INFO] src.core.quantum_client: Client vqc_client_0 [VQC] - Epoch 1/2 completed. Average Loss: 0.4786
2025-05-03 10:21:16,939 [INFO] src.core.quantum_client: Client vqc_client_0 [VQC] - Epoch 2/2 completed. Average Loss: 0.4758
2025-05-03 10:21:16,940 [INFO] src.core.quantum_client: Client vqc_client_0 [VQC]: Local training finished. Processed 46 samples.
2025-05-03 10:21:16,940 [INFO] src.core.quantum_client: Client vqc_client_1: Starting local training (model type: vqc).
2025-05-03 10:21:23,873 [INFO] src.core.quantum_client: Client vqc_client_1 [VQC] - Epoch 1/2 completed. Average Loss: 0.4960
2025-05-03 10:21:30,305 [INFO] src.core.quantum_client: Client vqc_client_1 [VQC] - Epoch 2/2 completed. Average Loss: 0.4930
2025-05-03 10:21:30,305 [INFO] src.core.quantum_client: Client vqc_client_1 [VQC]: Local training finished. Processed 46 samples.
2025-05-03 10:21:30,306 [INFO] src.core.quantum_client: Client vqc_client_4: Starting local training (model type: vqc).
2025-05-03 10:21:36,497 [INFO] src.core.quantum_client: Client vqc_client_4 [VQC] - Epoch 1/2 completed. Average Loss: 0.4788
2025-05-03 10:21:42,653 [INFO] src.core.quantum_client: Client vqc_client_4 [VQC] - Epoch 2/2 completed. Average Loss: 0.4760
2025-05-03 10:21:42,654 [INFO] src.core.quantum_client: Client vqc_client_4 [VQC]: Local training finished. Processed 44 samples.
2025-05-03 10:21:42,654 [INFO] src.federated.server: Aggregating updates from 3 clients using QuantumAggregationStrategy.
2025-05-03 10:21:42,655 [INFO] src.core.quantum_manager: QuantumAggregationStrategy: Detected VQC parameter structure. Aggregating 'quantum_params'.
2025-05-03 10:21:42,655 [INFO] src.federated.server: Global model updated with aggregated parameters.
2025-05-03 10:21:42,655 [INFO] src.federated.server: Evaluating updated global model...
2025-05-03 10:21:42,656 [INFO] src.core.quantum_manager: Server: Starting evaluation (model type: vqc).
2025-05-03 10:21:42,972 [INFO] src.core.quantum_manager: Server VQC: Evaluation finished. Metrics: {'accuracy': 0.631578947368421, 'loss': None}
2025-05-03 10:21:42,972 [INFO] src.federated.server: Round 6 completed in 39.32s. Eval Metrics: {'accuracy': 0.631578947368421, 'loss': None}
2025-05-03 10:21:42,972 [INFO] src.federated.server: ===== Starting Round 7/15 =====
2025-05-03 10:21:42,972 [INFO] src.federated.server: Starting federated training round...
2025-05-03 10:21:42,973 [INFO] src.federated.server: Selected 3 clients out of 5 available (fraction=0.1, min_clients=3): ['vqc_client_4', 'vqc_client_0', 'vqc_client_2']
2025-05-03 10:21:42,973 [INFO] src.core.quantum_client: Client vqc_client_4: Starting local training (model type: vqc).
2025-05-03 10:21:49,325 [INFO] src.core.quantum_client: Client vqc_client_4 [VQC] - Epoch 1/2 completed. Average Loss: 0.4734
2025-05-03 10:21:55,887 [INFO] src.core.quantum_client: Client vqc_client_4 [VQC] - Epoch 2/2 completed. Average Loss: 0.4706
2025-05-03 10:21:55,888 [INFO] src.core.quantum_client: Client vqc_client_4 [VQC]: Local training finished. Processed 44 samples.
2025-05-03 10:21:55,888 [INFO] src.core.quantum_client: Client vqc_client_0: Starting local training (model type: vqc).
2025-05-03 10:22:02,317 [INFO] src.core.quantum_client: Client vqc_client_0 [VQC] - Epoch 1/2 completed. Average Loss: 0.4730
2025-05-03 10:22:08,738 [INFO] src.core.quantum_client: Client vqc_client_0 [VQC] - Epoch 2/2 completed. Average Loss: 0.4702
2025-05-03 10:22:08,739 [INFO] src.core.quantum_client: Client vqc_client_0 [VQC]: Local training finished. Processed 46 samples.
2025-05-03 10:22:08,739 [INFO] src.core.quantum_client: Client vqc_client_2: Starting local training (model type: vqc).
2025-05-03 10:22:14,988 [INFO] src.core.quantum_client: Client vqc_client_2 [VQC] - Epoch 1/2 completed. Average Loss: 0.5078
2025-05-03 10:22:21,172 [INFO] src.core.quantum_client: Client vqc_client_2 [VQC] - Epoch 2/2 completed. Average Loss: 0.5047
2025-05-03 10:22:21,173 [INFO] src.core.quantum_client: Client vqc_client_2 [VQC]: Local training finished. Processed 44 samples.
2025-05-03 10:22:21,173 [INFO] src.federated.server: Aggregating updates from 3 clients using QuantumAggregationStrategy.
2025-05-03 10:22:21,174 [INFO] src.core.quantum_manager: QuantumAggregationStrategy: Detected VQC parameter structure. Aggregating 'quantum_params'.
2025-05-03 10:22:21,174 [INFO] src.federated.server: Global model updated with aggregated parameters.
2025-05-03 10:22:21,175 [INFO] src.federated.server: Evaluating updated global model...
2025-05-03 10:22:21,175 [INFO] src.core.quantum_manager: Server: Starting evaluation (model type: vqc).
2025-05-03 10:22:21,535 [INFO] src.core.quantum_manager: Server VQC: Evaluation finished. Metrics: {'accuracy': 0.6578947368421053, 'loss': None}
2025-05-03 10:22:21,535 [INFO] src.federated.server: Round 7 completed in 38.56s. Eval Metrics: {'accuracy': 0.6578947368421053, 'loss': None}
2025-05-03 10:22:21,535 [INFO] src.federated.server: ===== Starting Round 8/15 =====
2025-05-03 10:22:21,536 [INFO] src.federated.server: Starting federated training round...
2025-05-03 10:22:21,536 [INFO] src.federated.server: Selected 3 clients out of 5 available (fraction=0.1, min_clients=3): ['vqc_client_1', 'vqc_client_3', 'vqc_client_0']
2025-05-03 10:22:21,536 [INFO] src.core.quantum_client: Client vqc_client_1: Starting local training (model type: vqc).
2025-05-03 10:22:28,006 [INFO] src.core.quantum_client: Client vqc_client_1 [VQC] - Epoch 1/2 completed. Average Loss: 0.4844
2025-05-03 10:22:34,314 [INFO] src.core.quantum_client: Client vqc_client_1 [VQC] - Epoch 2/2 completed. Average Loss: 0.4814
2025-05-03 10:22:34,315 [INFO] src.core.quantum_client: Client vqc_client_1 [VQC]: Local training finished. Processed 46 samples.
2025-05-03 10:22:34,315 [INFO] src.core.quantum_client: Client vqc_client_3: Starting local training (model type: vqc).
2025-05-03 10:22:40,471 [INFO] src.core.quantum_client: Client vqc_client_3 [VQC] - Epoch 1/2 completed. Average Loss: 0.4734
2025-05-03 10:22:46,692 [INFO] src.core.quantum_client: Client vqc_client_3 [VQC] - Epoch 2/2 completed. Average Loss: 0.4703
2025-05-03 10:22:46,692 [INFO] src.core.quantum_client: Client vqc_client_3 [VQC]: Local training finished. Processed 44 samples.
2025-05-03 10:22:46,693 [INFO] src.core.quantum_client: Client vqc_client_0: Starting local training (model type: vqc).
2025-05-03 10:22:53,204 [INFO] src.core.quantum_client: Client vqc_client_0 [VQC] - Epoch 1/2 completed. Average Loss: 0.4673
2025-05-03 10:22:59,881 [INFO] src.core.quantum_client: Client vqc_client_0 [VQC] - Epoch 2/2 completed. Average Loss: 0.4645
2025-05-03 10:22:59,881 [INFO] src.core.quantum_client: Client vqc_client_0 [VQC]: Local training finished. Processed 46 samples.
2025-05-03 10:22:59,882 [INFO] src.federated.server: Aggregating updates from 3 clients using QuantumAggregationStrategy.
2025-05-03 10:22:59,882 [INFO] src.core.quantum_manager: QuantumAggregationStrategy: Detected VQC parameter structure. Aggregating 'quantum_params'.
2025-05-03 10:22:59,883 [INFO] src.federated.server: Global model updated with aggregated parameters.
2025-05-03 10:22:59,883 [INFO] src.federated.server: Evaluating updated global model...
2025-05-03 10:22:59,883 [INFO] src.core.quantum_manager: Server: Starting evaluation (model type: vqc).
2025-05-03 10:23:00,203 [INFO] src.core.quantum_manager: Server VQC: Evaluation finished. Metrics: {'accuracy': 0.6578947368421053, 'loss': None}
2025-05-03 10:23:00,203 [INFO] src.federated.server: Round 8 completed in 38.67s. Eval Metrics: {'accuracy': 0.6578947368421053, 'loss': None}
2025-05-03 10:23:00,204 [INFO] src.federated.server: ===== Starting Round 9/15 =====
2025-05-03 10:23:00,204 [INFO] src.federated.server: Starting federated training round...
2025-05-03 10:23:00,204 [INFO] src.federated.server: Selected 3 clients out of 5 available (fraction=0.1, min_clients=3): ['vqc_client_3', 'vqc_client_2', 'vqc_client_0']
2025-05-03 10:23:00,205 [INFO] src.core.quantum_client: Client vqc_client_3: Starting local training (model type: vqc).
2025-05-03 10:23:06,400 [INFO] src.core.quantum_client: Client vqc_client_3 [VQC] - Epoch 1/2 completed. Average Loss: 0.4673
2025-05-03 10:23:12,602 [INFO] src.core.quantum_client: Client vqc_client_3 [VQC] - Epoch 2/2 completed. Average Loss: 0.4642
2025-05-03 10:23:12,603 [INFO] src.core.quantum_client: Client vqc_client_3 [VQC]: Local training finished. Processed 44 samples.
2025-05-03 10:23:12,603 [INFO] src.core.quantum_client: Client vqc_client_2: Starting local training (model type: vqc).
2025-05-03 10:23:18,797 [INFO] src.core.quantum_client: Client vqc_client_2 [VQC] - Epoch 1/2 completed. Average Loss: 0.4960
2025-05-03 10:23:25,027 [INFO] src.core.quantum_client: Client vqc_client_2 [VQC] - Epoch 2/2 completed. Average Loss: 0.4930
2025-05-03 10:23:25,028 [INFO] src.core.quantum_client: Client vqc_client_2 [VQC]: Local training finished. Processed 44 samples.
2025-05-03 10:23:25,028 [INFO] src.core.quantum_client: Client vqc_client_0: Starting local training (model type: vqc).
2025-05-03 10:23:31,466 [INFO] src.core.quantum_client: Client vqc_client_0 [VQC] - Epoch 1/2 completed. Average Loss: 0.4616
2025-05-03 10:23:37,914 [INFO] src.core.quantum_client: Client vqc_client_0 [VQC] - Epoch 2/2 completed. Average Loss: 0.4588
2025-05-03 10:23:37,915 [INFO] src.core.quantum_client: Client vqc_client_0 [VQC]: Local training finished. Processed 46 samples.
2025-05-03 10:23:37,915 [INFO] src.federated.server: Aggregating updates from 3 clients using QuantumAggregationStrategy.
2025-05-03 10:23:37,915 [INFO] src.core.quantum_manager: QuantumAggregationStrategy: Detected VQC parameter structure. Aggregating 'quantum_params'.
2025-05-03 10:23:37,916 [INFO] src.federated.server: Global model updated with aggregated parameters.
2025-05-03 10:23:37,916 [INFO] src.federated.server: Evaluating updated global model...
2025-05-03 10:23:37,917 [INFO] src.core.quantum_manager: Server: Starting evaluation (model type: vqc).
2025-05-03 10:23:38,229 [INFO] src.core.quantum_manager: Server VQC: Evaluation finished. Metrics: {'accuracy': 0.6578947368421053, 'loss': None}
2025-05-03 10:23:38,230 [INFO] src.federated.server: Round 9 completed in 38.03s. Eval Metrics: {'accuracy': 0.6578947368421053, 'loss': None}
2025-05-03 10:23:38,230 [INFO] src.federated.server: ===== Starting Round 10/15 =====
2025-05-03 10:23:38,230 [INFO] src.federated.server: Starting federated training round...
2025-05-03 10:23:38,230 [INFO] src.federated.server: Selected 3 clients out of 5 available (fraction=0.1, min_clients=3): ['vqc_client_1', 'vqc_client_3', 'vqc_client_4']
2025-05-03 10:23:38,231 [INFO] src.core.quantum_client: Client vqc_client_1: Starting local training (model type: vqc).
2025-05-03 10:23:44,666 [INFO] src.core.quantum_client: Client vqc_client_1 [VQC] - Epoch 1/2 completed. Average Loss: 0.4727
2025-05-03 10:23:51,565 [INFO] src.core.quantum_client: Client vqc_client_1 [VQC] - Epoch 2/2 completed. Average Loss: 0.4697
2025-05-03 10:23:51,565 [INFO] src.core.quantum_client: Client vqc_client_1 [VQC]: Local training finished. Processed 46 samples.
2025-05-03 10:23:51,566 [INFO] src.core.quantum_client: Client vqc_client_3: Starting local training (model type: vqc).
2025-05-03 10:23:58,414 [INFO] src.core.quantum_client: Client vqc_client_3 [VQC] - Epoch 1/2 completed. Average Loss: 0.4612
2025-05-03 10:24:04,694 [INFO] src.core.quantum_client: Client vqc_client_3 [VQC] - Epoch 2/2 completed. Average Loss: 0.4581
2025-05-03 10:24:04,694 [INFO] src.core.quantum_client: Client vqc_client_3 [VQC]: Local training finished. Processed 44 samples.
2025-05-03 10:24:04,695 [INFO] src.core.quantum_client: Client vqc_client_4: Starting local training (model type: vqc).
2025-05-03 10:24:10,779 [INFO] src.core.quantum_client: Client vqc_client_4 [VQC] - Epoch 1/2 completed. Average Loss: 0.4571
2025-05-03 10:24:15,910 [INFO] src.core.quantum_client: Client vqc_client_4 [VQC] - Epoch 2/2 completed. Average Loss: 0.4543
2025-05-03 10:24:15,910 [INFO] src.core.quantum_client: Client vqc_client_4 [VQC]: Local training finished. Processed 44 samples.
2025-05-03 10:24:15,910 [INFO] src.federated.server: Aggregating updates from 3 clients using QuantumAggregationStrategy.
2025-05-03 10:24:15,910 [INFO] src.core.quantum_manager: QuantumAggregationStrategy: Detected VQC parameter structure. Aggregating 'quantum_params'.
2025-05-03 10:24:15,911 [INFO] src.federated.server: Global model updated with aggregated parameters.
2025-05-03 10:24:15,911 [INFO] src.federated.server: Evaluating updated global model...
2025-05-03 10:24:15,911 [INFO] src.core.quantum_manager: Server: Starting evaluation (model type: vqc).
2025-05-03 10:24:16,116 [INFO] src.core.quantum_manager: Server VQC: Evaluation finished. Metrics: {'accuracy': 0.631578947368421, 'loss': None}
2025-05-03 10:24:16,116 [INFO] src.federated.server: Round 10 completed in 37.89s. Eval Metrics: {'accuracy': 0.631578947368421, 'loss': None}
2025-05-03 10:24:16,117 [INFO] src.federated.server: ===== Starting Round 11/15 =====
2025-05-03 10:24:16,117 [INFO] src.federated.server: Starting federated training round...
2025-05-03 10:24:16,117 [INFO] src.federated.server: Selected 3 clients out of 5 available (fraction=0.1, min_clients=3): ['vqc_client_2', 'vqc_client_1', 'vqc_client_0']
2025-05-03 10:24:16,117 [INFO] src.core.quantum_client: Client vqc_client_2: Starting local training (model type: vqc).
2025-05-03 10:24:19,834 [INFO] src.core.quantum_client: Client vqc_client_2 [VQC] - Epoch 1/2 completed. Average Loss: 0.4842
2025-05-03 10:24:26,411 [INFO] src.core.quantum_client: Client vqc_client_2 [VQC] - Epoch 2/2 completed. Average Loss: 0.4811
2025-05-03 10:24:26,411 [INFO] src.core.quantum_client: Client vqc_client_2 [VQC]: Local training finished. Processed 44 samples.
2025-05-03 10:24:26,412 [INFO] src.core.quantum_client: Client vqc_client_1: Starting local training (model type: vqc).
2025-05-03 10:24:33,923 [INFO] src.core.quantum_client: Client vqc_client_1 [VQC] - Epoch 1/2 completed. Average Loss: 0.4669
2025-05-03 10:24:40,647 [INFO] src.core.quantum_client: Client vqc_client_1 [VQC] - Epoch 2/2 completed. Average Loss: 0.4639
2025-05-03 10:24:40,648 [INFO] src.core.quantum_client: Client vqc_client_1 [VQC]: Local training finished. Processed 46 samples.
2025-05-03 10:24:40,648 [INFO] src.core.quantum_client: Client vqc_client_0: Starting local training (model type: vqc).
2025-05-03 10:24:47,824 [INFO] src.core.quantum_client: Client vqc_client_0 [VQC] - Epoch 1/2 completed. Average Loss: 0.4502
2025-05-03 10:24:54,726 [INFO] src.core.quantum_client: Client vqc_client_0 [VQC] - Epoch 2/2 completed. Average Loss: 0.4474
2025-05-03 10:24:54,726 [INFO] src.core.quantum_client: Client vqc_client_0 [VQC]: Local training finished. Processed 46 samples.
2025-05-03 10:24:54,727 [INFO] src.federated.server: Aggregating updates from 3 clients using QuantumAggregationStrategy.
2025-05-03 10:24:54,727 [INFO] src.core.quantum_manager: QuantumAggregationStrategy: Detected VQC parameter structure. Aggregating 'quantum_params'.
2025-05-03 10:24:54,728 [INFO] src.federated.server: Global model updated with aggregated parameters.
2025-05-03 10:24:54,728 [INFO] src.federated.server: Evaluating updated global model...
2025-05-03 10:24:54,728 [INFO] src.core.quantum_manager: Server: Starting evaluation (model type: vqc).
2025-05-03 10:24:55,046 [INFO] src.core.quantum_manager: Server VQC: Evaluation finished. Metrics: {'accuracy': 0.631578947368421, 'loss': None}
2025-05-03 10:24:55,046 [INFO] src.federated.server: Round 11 completed in 38.93s. Eval Metrics: {'accuracy': 0.631578947368421, 'loss': None}
2025-05-03 10:24:55,047 [INFO] src.federated.server: ===== Starting Round 12/15 =====
2025-05-03 10:24:55,047 [INFO] src.federated.server: Starting federated training round...
2025-05-03 10:24:55,047 [INFO] src.federated.server: Selected 3 clients out of 5 available (fraction=0.1, min_clients=3): ['vqc_client_2', 'vqc_client_0', 'vqc_client_3']
2025-05-03 10:24:55,047 [INFO] src.core.quantum_client: Client vqc_client_2: Starting local training (model type: vqc).
2025-05-03 10:25:01,335 [INFO] src.core.quantum_client: Client vqc_client_2 [VQC] - Epoch 1/2 completed. Average Loss: 0.4783
2025-05-03 10:25:07,650 [INFO] src.core.quantum_client: Client vqc_client_2 [VQC] - Epoch 2/2 completed. Average Loss: 0.4752
2025-05-03 10:25:07,650 [INFO] src.core.quantum_client: Client vqc_client_2 [VQC]: Local training finished. Processed 44 samples.
2025-05-03 10:25:07,651 [INFO] src.core.quantum_client: Client vqc_client_0: Starting local training (model type: vqc).
2025-05-03 10:25:14,045 [INFO] src.core.quantum_client: Client vqc_client_0 [VQC] - Epoch 1/2 completed. Average Loss: 0.4445
2025-05-03 10:25:20,510 [INFO] src.core.quantum_client: Client vqc_client_0 [VQC] - Epoch 2/2 completed. Average Loss: 0.4417
2025-05-03 10:25:20,511 [INFO] src.core.quantum_client: Client vqc_client_0 [VQC]: Local training finished. Processed 46 samples.
2025-05-03 10:25:20,511 [INFO] src.core.quantum_client: Client vqc_client_3: Starting local training (model type: vqc).
2025-05-03 10:25:26,795 [INFO] src.core.quantum_client: Client vqc_client_3 [VQC] - Epoch 1/2 completed. Average Loss: 0.4492
2025-05-03 10:25:32,828 [INFO] src.core.quantum_client: Client vqc_client_3 [VQC] - Epoch 2/2 completed. Average Loss: 0.4462
2025-05-03 10:25:32,828 [INFO] src.core.quantum_client: Client vqc_client_3 [VQC]: Local training finished. Processed 44 samples.
2025-05-03 10:25:32,828 [INFO] src.federated.server: Aggregating updates from 3 clients using QuantumAggregationStrategy.
2025-05-03 10:25:32,828 [INFO] src.core.quantum_manager: QuantumAggregationStrategy: Detected VQC parameter structure. Aggregating 'quantum_params'.
2025-05-03 10:25:32,829 [INFO] src.federated.server: Global model updated with aggregated parameters.
2025-05-03 10:25:32,829 [INFO] src.federated.server: Evaluating updated global model...
2025-05-03 10:25:32,829 [INFO] src.core.quantum_manager: Server: Starting evaluation (model type: vqc).
2025-05-03 10:25:33,145 [INFO] src.core.quantum_manager: Server VQC: Evaluation finished. Metrics: {'accuracy': 0.631578947368421, 'loss': None}
2025-05-03 10:25:33,145 [INFO] src.federated.server: Round 12 completed in 38.10s. Eval Metrics: {'accuracy': 0.631578947368421, 'loss': None}
2025-05-03 10:25:33,145 [INFO] src.federated.server: ===== Starting Round 13/15 =====
2025-05-03 10:25:33,145 [INFO] src.federated.server: Starting federated training round...
2025-05-03 10:25:33,146 [INFO] src.federated.server: Selected 3 clients out of 5 available (fraction=0.1, min_clients=3): ['vqc_client_3', 'vqc_client_0', 'vqc_client_1']
2025-05-03 10:25:33,146 [INFO] src.core.quantum_client: Client vqc_client_3: Starting local training (model type: vqc).
2025-05-03 10:25:39,287 [INFO] src.core.quantum_client: Client vqc_client_3 [VQC] - Epoch 1/2 completed. Average Loss: 0.4433
2025-05-03 10:25:45,499 [INFO] src.core.quantum_client: Client vqc_client_3 [VQC] - Epoch 2/2 completed. Average Loss: 0.4402
2025-05-03 10:25:45,500 [INFO] src.core.quantum_client: Client vqc_client_3 [VQC]: Local training finished. Processed 44 samples.
2025-05-03 10:25:45,500 [INFO] src.core.quantum_client: Client vqc_client_0: Starting local training (model type: vqc).
2025-05-03 10:25:52,310 [INFO] src.core.quantum_client: Client vqc_client_0 [VQC] - Epoch 1/2 completed. Average Loss: 0.4388
2025-05-03 10:25:58,747 [INFO] src.core.quantum_client: Client vqc_client_0 [VQC] - Epoch 2/2 completed. Average Loss: 0.4361
2025-05-03 10:25:58,747 [INFO] src.core.quantum_client: Client vqc_client_0 [VQC]: Local training finished. Processed 46 samples.
2025-05-03 10:25:58,748 [INFO] src.core.quantum_client: Client vqc_client_1: Starting local training (model type: vqc).
2025-05-03 10:26:05,325 [INFO] src.core.quantum_client: Client vqc_client_1 [VQC] - Epoch 1/2 completed. Average Loss: 0.4553
2025-05-03 10:26:11,823 [INFO] src.core.quantum_client: Client vqc_client_1 [VQC] - Epoch 2/2 completed. Average Loss: 0.4525
2025-05-03 10:26:11,824 [INFO] src.core.quantum_client: Client vqc_client_1 [VQC]: Local training finished. Processed 46 samples.
2025-05-03 10:26:11,825 [INFO] src.federated.server: Aggregating updates from 3 clients using QuantumAggregationStrategy.
2025-05-03 10:26:11,825 [INFO] src.core.quantum_manager: QuantumAggregationStrategy: Detected VQC parameter structure. Aggregating 'quantum_params'.
2025-05-03 10:26:11,826 [INFO] src.federated.server: Global model updated with aggregated parameters.
2025-05-03 10:26:11,826 [INFO] src.federated.server: Evaluating updated global model...
2025-05-03 10:26:11,826 [INFO] src.core.quantum_manager: Server: Starting evaluation (model type: vqc).
2025-05-03 10:26:12,160 [INFO] src.core.quantum_manager: Server VQC: Evaluation finished. Metrics: {'accuracy': 0.6578947368421053, 'loss': None}
2025-05-03 10:26:12,160 [INFO] src.federated.server: Round 13 completed in 39.01s. Eval Metrics: {'accuracy': 0.6578947368421053, 'loss': None}
2025-05-03 10:26:12,160 [INFO] src.federated.server: ===== Starting Round 14/15 =====
2025-05-03 10:26:12,161 [INFO] src.federated.server: Starting federated training round...
2025-05-03 10:26:12,161 [INFO] src.federated.server: Selected 3 clients out of 5 available (fraction=0.1, min_clients=3): ['vqc_client_2', 'vqc_client_4', 'vqc_client_0']
2025-05-03 10:26:12,161 [INFO] src.core.quantum_client: Client vqc_client_2: Starting local training (model type: vqc).
2025-05-03 10:26:18,308 [INFO] src.core.quantum_client: Client vqc_client_2 [VQC] - Epoch 1/2 completed. Average Loss: 0.4665
2025-05-03 10:26:24,524 [INFO] src.core.quantum_client: Client vqc_client_2 [VQC] - Epoch 2/2 completed. Average Loss: 0.4635
2025-05-03 10:26:24,525 [INFO] src.core.quantum_client: Client vqc_client_2 [VQC]: Local training finished. Processed 44 samples.
2025-05-03 10:26:24,525 [INFO] src.core.quantum_client: Client vqc_client_4: Starting local training (model type: vqc).
2025-05-03 10:26:30,655 [INFO] src.core.quantum_client: Client vqc_client_4 [VQC] - Epoch 1/2 completed. Average Loss: 0.4357
2025-05-03 10:26:36,832 [INFO] src.core.quantum_client: Client vqc_client_4 [VQC] - Epoch 2/2 completed. Average Loss: 0.4330
2025-05-03 10:26:36,832 [INFO] src.core.quantum_client: Client vqc_client_4 [VQC]: Local training finished. Processed 44 samples.
2025-05-03 10:26:36,832 [INFO] src.core.quantum_client: Client vqc_client_0: Starting local training (model type: vqc).
2025-05-03 10:26:43,268 [INFO] src.core.quantum_client: Client vqc_client_0 [VQC] - Epoch 1/2 completed. Average Loss: 0.4333
2025-05-03 10:26:49,734 [INFO] src.core.quantum_client: Client vqc_client_0 [VQC] - Epoch 2/2 completed. Average Loss: 0.4305
2025-05-03 10:26:49,735 [INFO] src.core.quantum_client: Client vqc_client_0 [VQC]: Local training finished. Processed 46 samples.
2025-05-03 10:26:49,735 [INFO] src.federated.server: Aggregating updates from 3 clients using QuantumAggregationStrategy.
2025-05-03 10:26:49,735 [INFO] src.core.quantum_manager: QuantumAggregationStrategy: Detected VQC parameter structure. Aggregating 'quantum_params'.
2025-05-03 10:26:49,736 [INFO] src.federated.server: Global model updated with aggregated parameters.
2025-05-03 10:26:49,736 [INFO] src.federated.server: Evaluating updated global model...
2025-05-03 10:26:49,736 [INFO] src.core.quantum_manager: Server: Starting evaluation (model type: vqc).
2025-05-03 10:26:50,055 [INFO] src.core.quantum_manager: Server VQC: Evaluation finished. Metrics: {'accuracy': 0.6578947368421053, 'loss': None}
2025-05-03 10:26:50,055 [INFO] src.federated.server: Round 14 completed in 37.89s. Eval Metrics: {'accuracy': 0.6578947368421053, 'loss': None}
2025-05-03 10:26:50,055 [INFO] src.federated.server: ===== Starting Round 15/15 =====
2025-05-03 10:26:50,056 [INFO] src.federated.server: Starting federated training round...
2025-05-03 10:26:50,056 [INFO] src.federated.server: Selected 3 clients out of 5 available (fraction=0.1, min_clients=3): ['vqc_client_3', 'vqc_client_0', 'vqc_client_1']
2025-05-03 10:26:50,056 [INFO] src.core.quantum_client: Client vqc_client_3: Starting local training (model type: vqc).
2025-05-03 10:26:56,203 [INFO] src.core.quantum_client: Client vqc_client_3 [VQC] - Epoch 1/2 completed. Average Loss: 0.4317
2025-05-03 10:27:02,309 [INFO] src.core.quantum_client: Client vqc_client_3 [VQC] - Epoch 2/2 completed. Average Loss: 0.4288
2025-05-03 10:27:02,310 [INFO] src.core.quantum_client: Client vqc_client_3 [VQC]: Local training finished. Processed 44 samples.
2025-05-03 10:27:02,310 [INFO] src.core.quantum_client: Client vqc_client_0: Starting local training (model type: vqc).
2025-05-03 10:27:08,844 [INFO] src.core.quantum_client: Client vqc_client_0 [VQC] - Epoch 1/2 completed. Average Loss: 0.4278
2025-05-03 10:27:15,390 [INFO] src.core.quantum_client: Client vqc_client_0 [VQC] - Epoch 2/2 completed. Average Loss: 0.4251
2025-05-03 10:27:15,390 [INFO] src.core.quantum_client: Client vqc_client_0 [VQC]: Local training finished. Processed 46 samples.
2025-05-03 10:27:15,391 [INFO] src.core.quantum_client: Client vqc_client_1: Starting local training (model type: vqc).
2025-05-03 10:27:21,871 [INFO] src.core.quantum_client: Client vqc_client_1 [VQC] - Epoch 1/2 completed. Average Loss: 0.4441
2025-05-03 10:27:28,302 [INFO] src.core.quantum_client: Client vqc_client_1 [VQC] - Epoch 2/2 completed. Average Loss: 0.4414
2025-05-03 10:27:28,302 [INFO] src.core.quantum_client: Client vqc_client_1 [VQC]: Local training finished. Processed 46 samples.
2025-05-03 10:27:28,302 [INFO] src.federated.server: Aggregating updates from 3 clients using QuantumAggregationStrategy.
2025-05-03 10:27:28,303 [INFO] src.core.quantum_manager: QuantumAggregationStrategy: Detected VQC parameter structure. Aggregating 'quantum_params'.
2025-05-03 10:27:28,303 [INFO] src.federated.server: Global model updated with aggregated parameters.
2025-05-03 10:27:28,303 [INFO] src.federated.server: Evaluating updated global model...
2025-05-03 10:27:28,303 [INFO] src.core.quantum_manager: Server: Starting evaluation (model type: vqc).
2025-05-03 10:27:28,618 [INFO] src.core.quantum_manager: Server VQC: Evaluation finished. Metrics: {'accuracy': 0.6578947368421053, 'loss': None}
2025-05-03 10:27:28,618 [INFO] src.federated.server: Round 15 completed in 38.56s. Eval Metrics: {'accuracy': 0.6578947368421053, 'loss': None}
2025-05-03 10:27:28,618 [INFO] src.federated.server: Federated training process completed after 15 rounds.
2025-05-03 10:27:28,618 [INFO] ExperimentRunner: ========== Finished Iris_VQC_FedAvg_IID_PCA3 ==========

2025-05-03 10:27:28,619 [INFO] ExperimentRunner: ========== Starting Iris_VQC_FedAvg_NonIID_a0.3 ==========
2025-05-03 10:27:28,619 [INFO] ExperimentRunner: --- Setting up experiment: Iris_VQC_FedAvg_NonIID_a0.3 ---
2025-05-03 10:27:28,620 [INFO] src.utils.data_utils: Set random seed to 42
2025-05-03 10:27:28,627 [INFO] src.utils.data_utils: Successfully loaded configuration from /home/dhanraj/quantum_federated_simulator/configs/federated/server_config.yaml
2025-05-03 10:27:28,631 [INFO] src.utils.data_utils: Successfully loaded configuration from /home/dhanraj/quantum_federated_simulator/configs/federated/client_config.yaml
2025-05-03 10:27:28,638 [INFO] src.utils.data_utils: Successfully loaded configuration from /home/dhanraj/quantum_federated_simulator/configs/federated/default_aggregation.yaml
2025-05-03 10:27:28,638 [INFO] ExperimentRunner: Quantum model specified: Reloading data with PCA features=3
2025-05-03 10:27:28,639 [INFO] src.utils.data_utils: Loading Iris data. Target features: 3. Normalize: True
2025-05-03 10:27:28,643 [INFO] src.utils.data_utils: Applying PCA to reduce features from 4 to 3
2025-05-03 10:27:28,645 [INFO] src.utils.data_utils: PCA completed. Explained variance ratio sum: 0.9948
2025-05-03 10:27:28,645 [INFO] src.utils.data_utils: Applying MinMaxScaler to scale features to [-1, 1] range.
2025-05-03 10:27:28,650 [INFO] src.utils.data_utils: Iris data loaded. Train size: 112, Test size: 38, Features: 3
2025-05-03 10:27:28,650 [INFO] src.utils.data_utils: Partitioning data Non-IID (Dirichlet alpha=0.3) among 5 clients.
2025-05-03 10:27:28,651 [INFO] src.utils.data_utils: Data partitioning complete.
2025-05-03 10:27:28,651 [INFO] ExperimentRunner: Creating model of type: vqc
2025-05-03 10:27:28,651 [INFO] src.quantum.models: Initializing VQC: qubits=3, layers=2, classes=3, circuit='basic', device='default.qubit', shots=None
2025-05-03 10:27:28,652 [INFO] src.quantum.utils: Loading PennyLane device 'default.qubit' with wires=3, shots=None, kwargs={}
2025-05-03 10:27:28,652 [INFO] src.quantum.utils: Device 'default.qubit' loaded successfully.
2025-05-03 10:27:28,652 [INFO] src.quantum.circuits: Creating basic circuit with 3 qubits, 2 layers.
2025-05-03 10:27:28,653 [INFO] src.quantum.circuits: Basic circuit expects 18 trainable parameters.
2025-05-03 10:27:28,653 [INFO] src.quantum.models: Circuit function requires 18 parameters.
2025-05-03 10:27:28,653 [INFO] src.quantum.models: Initialized 18 parameters randomly.
2025-05-03 10:27:28,654 [INFO] src.federated.aggregation: Creating aggregation strategy of type: fedavg
2025-05-03 10:27:28,654 [INFO] ExperimentRunner: Using aggregation strategy: QuantumAggregationStrategy
2025-05-03 10:27:28,654 [INFO] src.core.quantum_manager: QuantumServer: Initializing with model type 'vqc'.
2025-05-03 10:27:28,655 [INFO] src.federated.server: Federated server initialized on device 'cuda' with aggregation strategy: QuantumAggregationStrategy
2025-05-03 10:27:28,655 [INFO] ExperimentRunner: Creating model of type: vqc
2025-05-03 10:27:28,655 [INFO] src.quantum.models: Initializing VQC: qubits=3, layers=2, classes=3, circuit='basic', device='default.qubit', shots=None
2025-05-03 10:27:28,655 [INFO] src.quantum.utils: Loading PennyLane device 'default.qubit' with wires=3, shots=None, kwargs={}
2025-05-03 10:27:28,656 [INFO] src.quantum.utils: Device 'default.qubit' loaded successfully.
2025-05-03 10:27:28,656 [INFO] src.quantum.circuits: Creating basic circuit with 3 qubits, 2 layers.
2025-05-03 10:27:28,656 [INFO] src.quantum.circuits: Basic circuit expects 18 trainable parameters.
2025-05-03 10:27:28,656 [INFO] src.quantum.models: Circuit function requires 18 parameters.
2025-05-03 10:27:28,657 [INFO] src.quantum.models: Initialized 18 parameters randomly.
2025-05-03 10:27:28,657 [INFO] src.core.quantum_client: QuantumClient vqc_client_0: Initializing with model type 'vqc'.
2025-05-03 10:27:28,658 [INFO] src.federated.client: Client vqc_client_0 initialized on device 'cuda' with 25 samples.
2025-05-03 10:27:28,658 [INFO] src.federated.server: Registered client 'vqc_client_0'. Total clients: 1.
2025-05-03 10:27:28,659 [INFO] ExperimentRunner: Creating model of type: vqc
2025-05-03 10:27:28,659 [INFO] src.quantum.models: Initializing VQC: qubits=3, layers=2, classes=3, circuit='basic', device='default.qubit', shots=None
2025-05-03 10:27:28,659 [INFO] src.quantum.utils: Loading PennyLane device 'default.qubit' with wires=3, shots=None, kwargs={}
2025-05-03 10:27:28,660 [INFO] src.quantum.utils: Device 'default.qubit' loaded successfully.
2025-05-03 10:27:28,660 [INFO] src.quantum.circuits: Creating basic circuit with 3 qubits, 2 layers.
2025-05-03 10:27:28,661 [INFO] src.quantum.circuits: Basic circuit expects 18 trainable parameters.
2025-05-03 10:27:28,661 [INFO] src.quantum.models: Circuit function requires 18 parameters.
2025-05-03 10:27:28,661 [INFO] src.quantum.models: Initialized 18 parameters randomly.
2025-05-03 10:27:28,662 [INFO] src.core.quantum_client: QuantumClient vqc_client_1: Initializing with model type 'vqc'.
2025-05-03 10:27:28,662 [ERROR] ExperimentRunner: ========== Experiment Iris_VQC_FedAvg_NonIID_a0.3 failed: num_samples should be a positive integer value, but got num_samples=0 ==========
Traceback (most recent call last):
  File "/home/dhanraj/quantum_federated_simulator/run_iris_experiment.py", line 254, in run_all_experiments
    server, server_cfg = setup_federated_scenario(exp_config, train_data, test_data, n_features_original)
                         ^^^^^^^^^^^^^^^^^^^^^^^^^^^^^^^^^^^^^^^^^^^^^^^^^^^^^^^^^^^^^^^^^^^^^^^^^^^^^^^^
  File "/home/dhanraj/quantum_federated_simulator/run_iris_experiment.py", line 220, in setup_federated_scenario
    client = ClientClass(client_id=client_id, model=client_model_instance, dataset=client_datasets[i], **client_setup_kwargs)
             ^^^^^^^^^^^^^^^^^^^^^^^^^^^^^^^^^^^^^^^^^^^^^^^^^^^^^^^^^^^^^^^^^^^^^^^^^^^^^^^^^^^^^^^^^^^^^^^^^^^^^^^^^^^^^^^^
  File "/home/dhanraj/quantum_federated_simulator/src/core/quantum_client.py", line 58, in __init__
    super().__init__(
  File "/home/dhanraj/quantum_federated_simulator/src/federated/client.py", line 102, in __init__
    self.data_loader = DataLoader(
                       ^^^^^^^^^^^
  File "/home/dhanraj/quantum_federated_simulator/qfl-env/lib/python3.12/site-packages/torch/utils/data/dataloader.py", line 383, in __init__
    sampler = RandomSampler(dataset, generator=generator)  # type: ignore[arg-type]
              ^^^^^^^^^^^^^^^^^^^^^^^^^^^^^^^^^^^^^^^^^^^
  File "/home/dhanraj/quantum_federated_simulator/qfl-env/lib/python3.12/site-packages/torch/utils/data/sampler.py", line 165, in __init__
    raise ValueError(
ValueError: num_samples should be a positive integer value, but got num_samples=0
2025-05-03 10:27:28,664 [INFO] ExperimentRunner: ========== Starting Iris_VQC_FedDive_IID_PCA3 ==========
2025-05-03 10:27:28,664 [INFO] ExperimentRunner: --- Setting up experiment: Iris_VQC_FedDive_IID_PCA3 ---
2025-05-03 10:27:28,665 [INFO] src.utils.data_utils: Set random seed to 42
2025-05-03 10:27:28,675 [INFO] src.utils.data_utils: Successfully loaded configuration from /home/dhanraj/quantum_federated_simulator/configs/federated/server_config.yaml
2025-05-03 10:27:28,680 [INFO] src.utils.data_utils: Successfully loaded configuration from /home/dhanraj/quantum_federated_simulator/configs/federated/client_config.yaml
2025-05-03 10:27:28,686 [INFO] src.utils.data_utils: Successfully loaded configuration from /home/dhanraj/quantum_federated_simulator/configs/federated/default_aggregation.yaml
2025-05-03 10:27:28,687 [INFO] ExperimentRunner: Quantum model specified: Reloading data with PCA features=3
2025-05-03 10:27:28,687 [INFO] src.utils.data_utils: Loading Iris data. Target features: 3. Normalize: True
2025-05-03 10:27:28,690 [INFO] src.utils.data_utils: Applying PCA to reduce features from 4 to 3
2025-05-03 10:27:28,691 [INFO] src.utils.data_utils: PCA completed. Explained variance ratio sum: 0.9948
2025-05-03 10:27:28,691 [INFO] src.utils.data_utils: Applying MinMaxScaler to scale features to [-1, 1] range.
2025-05-03 10:27:28,694 [INFO] src.utils.data_utils: Iris data loaded. Train size: 112, Test size: 38, Features: 3
2025-05-03 10:27:28,694 [INFO] src.utils.data_utils: Partitioning data IID among 5 clients.
2025-05-03 10:27:28,694 [INFO] src.utils.data_utils: Data partitioning complete.
2025-05-03 10:27:28,694 [INFO] ExperimentRunner: Creating model of type: vqc
2025-05-03 10:27:28,695 [INFO] src.quantum.models: Initializing VQC: qubits=3, layers=2, classes=3, circuit='basic', device='default.qubit', shots=None
2025-05-03 10:27:28,695 [INFO] src.quantum.utils: Loading PennyLane device 'default.qubit' with wires=3, shots=None, kwargs={}
2025-05-03 10:27:28,696 [INFO] src.quantum.utils: Device 'default.qubit' loaded successfully.
2025-05-03 10:27:28,696 [INFO] src.quantum.circuits: Creating basic circuit with 3 qubits, 2 layers.
2025-05-03 10:27:28,696 [INFO] src.quantum.circuits: Basic circuit expects 18 trainable parameters.
2025-05-03 10:27:28,697 [INFO] src.quantum.models: Circuit function requires 18 parameters.
2025-05-03 10:27:28,697 [INFO] src.quantum.models: Initialized 18 parameters randomly.
2025-05-03 10:27:28,697 [INFO] src.federated.aggregation: Creating aggregation strategy of type: fedavg
2025-05-03 10:27:28,698 [INFO] ExperimentRunner: Using aggregation strategy: QuantumAggregationStrategy
2025-05-03 10:27:28,698 [INFO] src.core.quantum_manager: QuantumServer: Initializing with model type 'vqc'.
2025-05-03 10:27:28,698 [INFO] src.federated.server: Federated server initialized on device 'cuda' with aggregation strategy: QuantumAggregationStrategy
2025-05-03 10:27:28,698 [INFO] ExperimentRunner: Creating model of type: vqc
2025-05-03 10:27:28,699 [INFO] src.quantum.models: Initializing VQC: qubits=3, layers=2, classes=3, circuit='basic', device='default.qubit', shots=None
2025-05-03 10:27:28,699 [INFO] src.quantum.utils: Loading PennyLane device 'default.qubit' with wires=3, shots=None, kwargs={}
2025-05-03 10:27:28,700 [INFO] src.quantum.utils: Device 'default.qubit' loaded successfully.
2025-05-03 10:27:28,700 [INFO] src.quantum.circuits: Creating basic circuit with 3 qubits, 2 layers.
2025-05-03 10:27:28,700 [INFO] src.quantum.circuits: Basic circuit expects 18 trainable parameters.
2025-05-03 10:27:28,701 [INFO] src.quantum.models: Circuit function requires 18 parameters.
2025-05-03 10:27:28,701 [INFO] src.quantum.models: Initialized 18 parameters randomly.
2025-05-03 10:27:28,701 [INFO] src.core.quantum_client: QuantumClient vqc_client_0: Initializing with model type 'vqc'.
2025-05-03 10:27:28,702 [INFO] src.federated.client: Client vqc_client_0 initialized on device 'cuda' with 23 samples.
2025-05-03 10:27:28,702 [INFO] src.federated.server: Registered client 'vqc_client_0'. Total clients: 1.
2025-05-03 10:27:28,702 [INFO] ExperimentRunner: Creating model of type: vqc
2025-05-03 10:27:28,703 [INFO] src.quantum.models: Initializing VQC: qubits=3, layers=2, classes=3, circuit='basic', device='default.qubit', shots=None
2025-05-03 10:27:28,703 [INFO] src.quantum.utils: Loading PennyLane device 'default.qubit' with wires=3, shots=None, kwargs={}
2025-05-03 10:27:28,703 [INFO] src.quantum.utils: Device 'default.qubit' loaded successfully.
2025-05-03 10:27:28,703 [INFO] src.quantum.circuits: Creating basic circuit with 3 qubits, 2 layers.
2025-05-03 10:27:28,704 [INFO] src.quantum.circuits: Basic circuit expects 18 trainable parameters.
2025-05-03 10:27:28,704 [INFO] src.quantum.models: Circuit function requires 18 parameters.
2025-05-03 10:27:28,704 [INFO] src.quantum.models: Initialized 18 parameters randomly.
2025-05-03 10:27:28,705 [INFO] src.core.quantum_client: QuantumClient vqc_client_1: Initializing with model type 'vqc'.
2025-05-03 10:27:28,705 [INFO] src.federated.client: Client vqc_client_1 initialized on device 'cuda' with 23 samples.
2025-05-03 10:27:28,706 [INFO] src.federated.server: Registered client 'vqc_client_1'. Total clients: 2.
2025-05-03 10:27:28,706 [INFO] ExperimentRunner: Creating model of type: vqc
2025-05-03 10:27:28,706 [INFO] src.quantum.models: Initializing VQC: qubits=3, layers=2, classes=3, circuit='basic', device='default.qubit', shots=None
2025-05-03 10:27:28,706 [INFO] src.quantum.utils: Loading PennyLane device 'default.qubit' with wires=3, shots=None, kwargs={}
2025-05-03 10:27:28,707 [INFO] src.quantum.utils: Device 'default.qubit' loaded successfully.
2025-05-03 10:27:28,707 [INFO] src.quantum.circuits: Creating basic circuit with 3 qubits, 2 layers.
2025-05-03 10:27:28,707 [INFO] src.quantum.circuits: Basic circuit expects 18 trainable parameters.
2025-05-03 10:27:28,708 [INFO] src.quantum.models: Circuit function requires 18 parameters.
2025-05-03 10:27:28,708 [INFO] src.quantum.models: Initialized 18 parameters randomly.
2025-05-03 10:27:28,708 [INFO] src.core.quantum_client: QuantumClient vqc_client_2: Initializing with model type 'vqc'.
2025-05-03 10:27:28,709 [INFO] src.federated.client: Client vqc_client_2 initialized on device 'cuda' with 22 samples.
2025-05-03 10:27:28,709 [INFO] src.federated.server: Registered client 'vqc_client_2'. Total clients: 3.
2025-05-03 10:27:28,710 [INFO] ExperimentRunner: Creating model of type: vqc
2025-05-03 10:27:28,710 [INFO] src.quantum.models: Initializing VQC: qubits=3, layers=2, classes=3, circuit='basic', device='default.qubit', shots=None
2025-05-03 10:27:28,710 [INFO] src.quantum.utils: Loading PennyLane device 'default.qubit' with wires=3, shots=None, kwargs={}
2025-05-03 10:27:28,711 [INFO] src.quantum.utils: Device 'default.qubit' loaded successfully.
2025-05-03 10:27:28,711 [INFO] src.quantum.circuits: Creating basic circuit with 3 qubits, 2 layers.
2025-05-03 10:27:28,711 [INFO] src.quantum.circuits: Basic circuit expects 18 trainable parameters.
2025-05-03 10:27:28,711 [INFO] src.quantum.models: Circuit function requires 18 parameters.
2025-05-03 10:27:28,711 [INFO] src.quantum.models: Initialized 18 parameters randomly.
2025-05-03 10:27:28,712 [INFO] src.core.quantum_client: QuantumClient vqc_client_3: Initializing with model type 'vqc'.
2025-05-03 10:27:28,712 [INFO] src.federated.client: Client vqc_client_3 initialized on device 'cuda' with 22 samples.
2025-05-03 10:27:28,713 [INFO] src.federated.server: Registered client 'vqc_client_3'. Total clients: 4.
2025-05-03 10:27:28,713 [INFO] ExperimentRunner: Creating model of type: vqc
2025-05-03 10:27:28,713 [INFO] src.quantum.models: Initializing VQC: qubits=3, layers=2, classes=3, circuit='basic', device='default.qubit', shots=None
2025-05-03 10:27:28,713 [INFO] src.quantum.utils: Loading PennyLane device 'default.qubit' with wires=3, shots=None, kwargs={}
2025-05-03 10:27:28,713 [INFO] src.quantum.utils: Device 'default.qubit' loaded successfully.
2025-05-03 10:27:28,714 [INFO] src.quantum.circuits: Creating basic circuit with 3 qubits, 2 layers.
2025-05-03 10:27:28,714 [INFO] src.quantum.circuits: Basic circuit expects 18 trainable parameters.
2025-05-03 10:27:28,714 [INFO] src.quantum.models: Circuit function requires 18 parameters.
2025-05-03 10:27:28,714 [INFO] src.quantum.models: Initialized 18 parameters randomly.
2025-05-03 10:27:28,714 [INFO] src.core.quantum_client: QuantumClient vqc_client_4: Initializing with model type 'vqc'.
2025-05-03 10:27:28,714 [INFO] src.federated.client: Client vqc_client_4 initialized on device 'cuda' with 22 samples.
2025-05-03 10:27:28,715 [INFO] src.federated.server: Registered client 'vqc_client_4'. Total clients: 5.
2025-05-03 10:27:28,715 [INFO] ExperimentRunner: --- Scenario setup complete for Iris_VQC_FedDive_IID_PCA3 ---
2025-05-03 10:27:28,715 [INFO] src.federated.server: Starting federated training process for 15 rounds.
2025-05-03 10:27:28,715 [INFO] src.federated.server: Config: local_epochs=2, client_fraction=0.1, min_clients=3, FedProx mu=0.0
2025-05-03 10:27:28,715 [INFO] src.federated.server: Performing initial evaluation of global model...
2025-05-03 10:27:28,715 [INFO] src.core.quantum_manager: Server: Starting evaluation (model type: vqc).
2025-05-03 10:27:29,053 [INFO] src.core.quantum_manager: Server VQC: Evaluation finished. Metrics: {'accuracy': 0.5, 'loss': None}
2025-05-03 10:27:29,054 [INFO] src.federated.server: Initial Evaluation Metrics: {'accuracy': 0.5, 'loss': None}
2025-05-03 10:27:29,054 [INFO] src.federated.server: ===== Starting Round 1/15 =====
2025-05-03 10:27:29,054 [INFO] src.federated.server: Starting federated training round...
2025-05-03 10:27:29,054 [INFO] src.federated.server: Selected 3 clients out of 5 available (fraction=0.1, min_clients=3): ['vqc_client_0', 'vqc_client_4', 'vqc_client_2']
2025-05-03 10:27:29,055 [INFO] src.core.quantum_client: Client vqc_client_0: Starting local training (model type: vqc).
2025-05-03 10:27:35,533 [INFO] src.core.quantum_client: Client vqc_client_0 [VQC] - Epoch 1/2 completed. Average Loss: 0.5065
2025-05-03 10:27:41,971 [INFO] src.core.quantum_client: Client vqc_client_0 [VQC] - Epoch 2/2 completed. Average Loss: 0.5038
2025-05-03 10:27:41,971 [INFO] src.core.quantum_client: Client vqc_client_0 [VQC]: Local training finished. Processed 46 samples.
2025-05-03 10:27:41,972 [INFO] src.core.quantum_client: Client vqc_client_4: Starting local training (model type: vqc).
2025-05-03 10:27:48,165 [INFO] src.core.quantum_client: Client vqc_client_4 [VQC] - Epoch 1/2 completed. Average Loss: 0.5055
2025-05-03 10:27:54,665 [INFO] src.core.quantum_client: Client vqc_client_4 [VQC] - Epoch 2/2 completed. Average Loss: 0.5028
2025-05-03 10:27:54,665 [INFO] src.core.quantum_client: Client vqc_client_4 [VQC]: Local training finished. Processed 44 samples.
2025-05-03 10:27:54,666 [INFO] src.core.quantum_client: Client vqc_client_2: Starting local training (model type: vqc).
2025-05-03 10:28:01,459 [INFO] src.core.quantum_client: Client vqc_client_2 [VQC] - Epoch 1/2 completed. Average Loss: 0.5416
2025-05-03 10:28:07,617 [INFO] src.core.quantum_client: Client vqc_client_2 [VQC] - Epoch 2/2 completed. Average Loss: 0.5388
2025-05-03 10:28:07,618 [INFO] src.core.quantum_client: Client vqc_client_2 [VQC]: Local training finished. Processed 44 samples.
2025-05-03 10:28:07,618 [INFO] src.federated.server: Aggregating updates from 3 clients using QuantumAggregationStrategy.
2025-05-03 10:28:07,619 [INFO] src.core.quantum_manager: QuantumAggregationStrategy: Detected VQC parameter structure. Aggregating 'quantum_params'.
2025-05-03 10:28:07,619 [INFO] src.federated.server: Global model updated with aggregated parameters.
2025-05-03 10:28:07,619 [INFO] src.federated.server: Evaluating updated global model...
2025-05-03 10:28:07,620 [INFO] src.core.quantum_manager: Server: Starting evaluation (model type: vqc).
2025-05-03 10:28:07,983 [INFO] src.core.quantum_manager: Server VQC: Evaluation finished. Metrics: {'accuracy': 0.5, 'loss': None}
2025-05-03 10:28:07,983 [INFO] src.federated.server: Round 1 completed in 38.93s. Eval Metrics: {'accuracy': 0.5, 'loss': None}
2025-05-03 10:28:07,983 [INFO] src.federated.server: ===== Starting Round 2/15 =====
2025-05-03 10:28:07,983 [INFO] src.federated.server: Starting federated training round...
2025-05-03 10:28:07,983 [INFO] src.federated.server: Selected 3 clients out of 5 available (fraction=0.1, min_clients=3): ['vqc_client_2', 'vqc_client_1', 'vqc_client_0']
2025-05-03 10:28:07,984 [INFO] src.core.quantum_client: Client vqc_client_2: Starting local training (model type: vqc).
2025-05-03 10:28:14,348 [INFO] src.core.quantum_client: Client vqc_client_2 [VQC] - Epoch 1/2 completed. Average Loss: 0.5362
2025-05-03 11:17:56,749 [INFO] src.core.quantum_client: Client vqc_client_2 [VQC] - Epoch 2/2 completed. Average Loss: 0.5333
2025-05-03 11:17:56,750 [INFO] src.core.quantum_client: Client vqc_client_2 [VQC]: Local training finished. Processed 44 samples.
2025-05-03 11:17:56,750 [INFO] src.core.quantum_client: Client vqc_client_1: Starting local training (model type: vqc).
2025-05-03 11:21:56,810 [INFO] src.core.quantum_client: Client vqc_client_1 [VQC] - Epoch 1/2 completed. Average Loss: 0.5191
2025-05-03 11:22:04,241 [INFO] src.core.quantum_client: Client vqc_client_1 [VQC] - Epoch 2/2 completed. Average Loss: 0.5162
2025-05-03 11:22:04,241 [INFO] src.core.quantum_client: Client vqc_client_1 [VQC]: Local training finished. Processed 46 samples.
2025-05-03 11:22:04,241 [INFO] src.core.quantum_client: Client vqc_client_0: Starting local training (model type: vqc).
2025-05-03 11:22:11,888 [INFO] src.core.quantum_client: Client vqc_client_0 [VQC] - Epoch 1/2 completed. Average Loss: 0.5010
2025-05-03 11:22:19,270 [INFO] src.core.quantum_client: Client vqc_client_0 [VQC] - Epoch 2/2 completed. Average Loss: 0.4983
2025-05-03 11:22:19,270 [INFO] src.core.quantum_client: Client vqc_client_0 [VQC]: Local training finished. Processed 46 samples.
2025-05-03 11:22:19,271 [INFO] src.federated.server: Aggregating updates from 3 clients using QuantumAggregationStrategy.
2025-05-03 11:22:19,271 [INFO] src.core.quantum_manager: QuantumAggregationStrategy: Detected VQC parameter structure. Aggregating 'quantum_params'.
2025-05-03 11:22:19,272 [INFO] src.federated.server: Global model updated with aggregated parameters.
2025-05-03 11:22:19,272 [INFO] src.federated.server: Evaluating updated global model...
2025-05-03 11:22:19,272 [INFO] src.core.quantum_manager: Server: Starting evaluation (model type: vqc).
2025-05-03 11:22:19,629 [INFO] src.core.quantum_manager: Server VQC: Evaluation finished. Metrics: {'accuracy': 0.5526315789473685, 'loss': None}
2025-05-03 11:22:19,629 [INFO] src.federated.server: Round 2 completed in 3251.65s. Eval Metrics: {'accuracy': 0.5526315789473685, 'loss': None}
2025-05-03 11:22:19,629 [INFO] src.federated.server: ===== Starting Round 3/15 =====
2025-05-03 11:22:19,630 [INFO] src.federated.server: Starting federated training round...
2025-05-03 11:22:19,630 [INFO] src.federated.server: Selected 3 clients out of 5 available (fraction=0.1, min_clients=3): ['vqc_client_1', 'vqc_client_0', 'vqc_client_2']
2025-05-03 11:22:19,631 [INFO] src.core.quantum_client: Client vqc_client_1: Starting local training (model type: vqc).
2025-05-03 11:22:27,532 [INFO] src.core.quantum_client: Client vqc_client_1 [VQC] - Epoch 1/2 completed. Average Loss: 0.5134
2025-05-03 11:22:35,147 [INFO] src.core.quantum_client: Client vqc_client_1 [VQC] - Epoch 2/2 completed. Average Loss: 0.5104
2025-05-03 11:22:35,148 [INFO] src.core.quantum_client: Client vqc_client_1 [VQC]: Local training finished. Processed 46 samples.
2025-05-03 11:22:35,148 [INFO] src.core.quantum_client: Client vqc_client_0: Starting local training (model type: vqc).
2025-05-03 11:22:42,934 [INFO] src.core.quantum_client: Client vqc_client_0 [VQC] - Epoch 1/2 completed. Average Loss: 0.4955
2025-05-03 11:22:50,457 [INFO] src.core.quantum_client: Client vqc_client_0 [VQC] - Epoch 2/2 completed. Average Loss: 0.4927
2025-05-03 11:22:50,458 [INFO] src.core.quantum_client: Client vqc_client_0 [VQC]: Local training finished. Processed 46 samples.
2025-05-03 11:22:50,458 [INFO] src.core.quantum_client: Client vqc_client_2: Starting local training (model type: vqc).
2025-05-03 11:22:57,602 [INFO] src.core.quantum_client: Client vqc_client_2 [VQC] - Epoch 1/2 completed. Average Loss: 0.5306
2025-05-03 11:23:04,720 [INFO] src.core.quantum_client: Client vqc_client_2 [VQC] - Epoch 2/2 completed. Average Loss: 0.5277
2025-05-03 11:23:04,720 [INFO] src.core.quantum_client: Client vqc_client_2 [VQC]: Local training finished. Processed 44 samples.
2025-05-03 11:23:04,721 [INFO] src.federated.server: Aggregating updates from 3 clients using QuantumAggregationStrategy.
2025-05-03 11:23:04,721 [INFO] src.core.quantum_manager: QuantumAggregationStrategy: Detected VQC parameter structure. Aggregating 'quantum_params'.
2025-05-03 11:23:04,722 [INFO] src.federated.server: Global model updated with aggregated parameters.
2025-05-03 11:23:04,722 [INFO] src.federated.server: Evaluating updated global model...
2025-05-03 11:23:04,722 [INFO] src.core.quantum_manager: Server: Starting evaluation (model type: vqc).
2025-05-03 11:23:05,146 [INFO] src.core.quantum_manager: Server VQC: Evaluation finished. Metrics: {'accuracy': 0.6052631578947368, 'loss': None}
2025-05-03 11:23:05,146 [INFO] src.federated.server: Round 3 completed in 45.52s. Eval Metrics: {'accuracy': 0.6052631578947368, 'loss': None}
2025-05-03 11:23:05,146 [INFO] src.federated.server: ===== Starting Round 4/15 =====
2025-05-03 11:23:05,147 [INFO] src.federated.server: Starting federated training round...
2025-05-03 11:23:05,147 [INFO] src.federated.server: Selected 3 clients out of 5 available (fraction=0.1, min_clients=3): ['vqc_client_4', 'vqc_client_0', 'vqc_client_2']
2025-05-03 11:23:05,147 [INFO] src.core.quantum_client: Client vqc_client_4: Starting local training (model type: vqc).
2025-05-03 11:23:11,907 [INFO] src.core.quantum_client: Client vqc_client_4 [VQC] - Epoch 1/2 completed. Average Loss: 0.4896
2025-05-03 11:23:19,291 [INFO] src.core.quantum_client: Client vqc_client_4 [VQC] - Epoch 2/2 completed. Average Loss: 0.4868
2025-05-03 11:23:19,291 [INFO] src.core.quantum_client: Client vqc_client_4 [VQC]: Local training finished. Processed 44 samples.
2025-05-03 11:23:19,291 [INFO] src.core.quantum_client: Client vqc_client_0: Starting local training (model type: vqc).
2025-05-03 11:23:26,575 [INFO] src.core.quantum_client: Client vqc_client_0 [VQC] - Epoch 1/2 completed. Average Loss: 0.4899
2025-05-03 11:23:33,636 [INFO] src.core.quantum_client: Client vqc_client_0 [VQC] - Epoch 2/2 completed. Average Loss: 0.4871
2025-05-03 11:23:33,636 [INFO] src.core.quantum_client: Client vqc_client_0 [VQC]: Local training finished. Processed 46 samples.
2025-05-03 11:23:33,637 [INFO] src.core.quantum_client: Client vqc_client_2: Starting local training (model type: vqc).
2025-05-03 11:23:40,619 [INFO] src.core.quantum_client: Client vqc_client_2 [VQC] - Epoch 1/2 completed. Average Loss: 0.5249
2025-05-03 11:23:47,998 [INFO] src.core.quantum_client: Client vqc_client_2 [VQC] - Epoch 2/2 completed. Average Loss: 0.5220
2025-05-03 11:23:47,999 [INFO] src.core.quantum_client: Client vqc_client_2 [VQC]: Local training finished. Processed 44 samples.
2025-05-03 11:23:48,000 [INFO] src.federated.server: Aggregating updates from 3 clients using QuantumAggregationStrategy.
2025-05-03 11:23:48,001 [INFO] src.core.quantum_manager: QuantumAggregationStrategy: Detected VQC parameter structure. Aggregating 'quantum_params'.
2025-05-03 11:23:48,001 [INFO] src.federated.server: Global model updated with aggregated parameters.
2025-05-03 11:23:48,001 [INFO] src.federated.server: Evaluating updated global model...
2025-05-03 11:23:48,002 [INFO] src.core.quantum_manager: Server: Starting evaluation (model type: vqc).
2025-05-03 11:23:48,396 [INFO] src.core.quantum_manager: Server VQC: Evaluation finished. Metrics: {'accuracy': 0.631578947368421, 'loss': None}
2025-05-03 11:23:48,397 [INFO] src.federated.server: Round 4 completed in 43.25s. Eval Metrics: {'accuracy': 0.631578947368421, 'loss': None}
2025-05-03 11:23:48,397 [INFO] src.federated.server: ===== Starting Round 5/15 =====
2025-05-03 11:23:48,397 [INFO] src.federated.server: Starting federated training round...
2025-05-03 11:23:48,398 [INFO] src.federated.server: Selected 3 clients out of 5 available (fraction=0.1, min_clients=3): ['vqc_client_3', 'vqc_client_0', 'vqc_client_4']
2025-05-03 11:23:48,398 [INFO] src.core.quantum_client: Client vqc_client_3: Starting local training (model type: vqc).
2025-05-03 11:23:55,694 [INFO] src.core.quantum_client: Client vqc_client_3 [VQC] - Epoch 1/2 completed. Average Loss: 0.4915
2025-05-03 11:24:02,995 [INFO] src.core.quantum_client: Client vqc_client_3 [VQC] - Epoch 2/2 completed. Average Loss: 0.4883
2025-05-03 11:24:02,996 [INFO] src.core.quantum_client: Client vqc_client_3 [VQC]: Local training finished. Processed 44 samples.
2025-05-03 11:24:02,997 [INFO] src.core.quantum_client: Client vqc_client_0: Starting local training (model type: vqc).
2025-05-03 11:24:10,950 [INFO] src.core.quantum_client: Client vqc_client_0 [VQC] - Epoch 1/2 completed. Average Loss: 0.4843
2025-05-03 11:24:18,521 [INFO] src.core.quantum_client: Client vqc_client_0 [VQC] - Epoch 2/2 completed. Average Loss: 0.4815
2025-05-03 11:24:18,522 [INFO] src.core.quantum_client: Client vqc_client_0 [VQC]: Local training finished. Processed 46 samples.
2025-05-03 11:24:18,522 [INFO] src.core.quantum_client: Client vqc_client_4: Starting local training (model type: vqc).
2025-05-03 11:24:25,669 [INFO] src.core.quantum_client: Client vqc_client_4 [VQC] - Epoch 1/2 completed. Average Loss: 0.4842
2025-05-03 11:24:32,722 [INFO] src.core.quantum_client: Client vqc_client_4 [VQC] - Epoch 2/2 completed. Average Loss: 0.4814
2025-05-03 11:24:32,723 [INFO] src.core.quantum_client: Client vqc_client_4 [VQC]: Local training finished. Processed 44 samples.
2025-05-03 11:24:32,723 [INFO] src.federated.server: Aggregating updates from 3 clients using QuantumAggregationStrategy.
2025-05-03 11:24:32,723 [INFO] src.core.quantum_manager: QuantumAggregationStrategy: Detected VQC parameter structure. Aggregating 'quantum_params'.
2025-05-03 11:24:32,724 [INFO] src.federated.server: Global model updated with aggregated parameters.
2025-05-03 11:24:32,725 [INFO] src.federated.server: Evaluating updated global model...
2025-05-03 11:24:32,725 [INFO] src.core.quantum_manager: Server: Starting evaluation (model type: vqc).
2025-05-03 11:24:33,114 [INFO] src.core.quantum_manager: Server VQC: Evaluation finished. Metrics: {'accuracy': 0.631578947368421, 'loss': None}
2025-05-03 11:24:33,115 [INFO] src.federated.server: Round 5 completed in 44.72s. Eval Metrics: {'accuracy': 0.631578947368421, 'loss': None}
2025-05-03 11:24:33,115 [INFO] src.federated.server: ===== Starting Round 6/15 =====
2025-05-03 11:24:33,115 [INFO] src.federated.server: Starting federated training round...
2025-05-03 11:24:33,115 [INFO] src.federated.server: Selected 3 clients out of 5 available (fraction=0.1, min_clients=3): ['vqc_client_0', 'vqc_client_1', 'vqc_client_4']
2025-05-03 11:24:33,116 [INFO] src.core.quantum_client: Client vqc_client_0: Starting local training (model type: vqc).
2025-05-03 11:24:40,466 [INFO] src.core.quantum_client: Client vqc_client_0 [VQC] - Epoch 1/2 completed. Average Loss: 0.4786
2025-05-03 11:24:48,007 [INFO] src.core.quantum_client: Client vqc_client_0 [VQC] - Epoch 2/2 completed. Average Loss: 0.4758
2025-05-03 11:24:48,007 [INFO] src.core.quantum_client: Client vqc_client_0 [VQC]: Local training finished. Processed 46 samples.
2025-05-03 11:24:48,010 [INFO] src.core.quantum_client: Client vqc_client_1: Starting local training (model type: vqc).
2025-05-03 11:24:55,125 [INFO] src.core.quantum_client: Client vqc_client_1 [VQC] - Epoch 1/2 completed. Average Loss: 0.4960
2025-05-03 11:25:02,651 [INFO] src.core.quantum_client: Client vqc_client_1 [VQC] - Epoch 2/2 completed. Average Loss: 0.4930
2025-05-03 11:25:02,651 [INFO] src.core.quantum_client: Client vqc_client_1 [VQC]: Local training finished. Processed 46 samples.
2025-05-03 11:25:02,652 [INFO] src.core.quantum_client: Client vqc_client_4: Starting local training (model type: vqc).
2025-05-03 11:25:10,252 [INFO] src.core.quantum_client: Client vqc_client_4 [VQC] - Epoch 1/2 completed. Average Loss: 0.4788
2025-05-03 11:25:17,954 [INFO] src.core.quantum_client: Client vqc_client_4 [VQC] - Epoch 2/2 completed. Average Loss: 0.4760
2025-05-03 11:25:17,955 [INFO] src.core.quantum_client: Client vqc_client_4 [VQC]: Local training finished. Processed 44 samples.
2025-05-03 11:25:17,955 [INFO] src.federated.server: Aggregating updates from 3 clients using QuantumAggregationStrategy.
2025-05-03 11:25:17,955 [INFO] src.core.quantum_manager: QuantumAggregationStrategy: Detected VQC parameter structure. Aggregating 'quantum_params'.
2025-05-03 11:25:17,956 [INFO] src.federated.server: Global model updated with aggregated parameters.
2025-05-03 11:25:17,956 [INFO] src.federated.server: Evaluating updated global model...
2025-05-03 11:25:17,956 [INFO] src.core.quantum_manager: Server: Starting evaluation (model type: vqc).
2025-05-03 11:25:18,375 [INFO] src.core.quantum_manager: Server VQC: Evaluation finished. Metrics: {'accuracy': 0.631578947368421, 'loss': None}
2025-05-03 11:25:18,376 [INFO] src.federated.server: Round 6 completed in 45.26s. Eval Metrics: {'accuracy': 0.631578947368421, 'loss': None}
2025-05-03 11:25:18,376 [INFO] src.federated.server: ===== Starting Round 7/15 =====
2025-05-03 11:25:18,376 [INFO] src.federated.server: Starting federated training round...
2025-05-03 11:25:18,376 [INFO] src.federated.server: Selected 3 clients out of 5 available (fraction=0.1, min_clients=3): ['vqc_client_4', 'vqc_client_0', 'vqc_client_2']
2025-05-03 11:25:18,379 [INFO] src.core.quantum_client: Client vqc_client_4: Starting local training (model type: vqc).
2025-05-03 11:25:25,884 [INFO] src.core.quantum_client: Client vqc_client_4 [VQC] - Epoch 1/2 completed. Average Loss: 0.4734
2025-05-03 11:25:33,372 [INFO] src.core.quantum_client: Client vqc_client_4 [VQC] - Epoch 2/2 completed. Average Loss: 0.4706
2025-05-03 11:25:33,372 [INFO] src.core.quantum_client: Client vqc_client_4 [VQC]: Local training finished. Processed 44 samples.
2025-05-03 11:25:33,373 [INFO] src.core.quantum_client: Client vqc_client_0: Starting local training (model type: vqc).
2025-05-03 11:25:40,929 [INFO] src.core.quantum_client: Client vqc_client_0 [VQC] - Epoch 1/2 completed. Average Loss: 0.4730
2025-05-03 11:25:48,609 [INFO] src.core.quantum_client: Client vqc_client_0 [VQC] - Epoch 2/2 completed. Average Loss: 0.4702
2025-05-03 11:25:48,610 [INFO] src.core.quantum_client: Client vqc_client_0 [VQC]: Local training finished. Processed 46 samples.
2025-05-03 11:25:48,610 [INFO] src.core.quantum_client: Client vqc_client_2: Starting local training (model type: vqc).
2025-05-03 11:25:55,625 [INFO] src.core.quantum_client: Client vqc_client_2 [VQC] - Epoch 1/2 completed. Average Loss: 0.5078
2025-05-03 11:26:02,709 [INFO] src.core.quantum_client: Client vqc_client_2 [VQC] - Epoch 2/2 completed. Average Loss: 0.5047
2025-05-03 11:26:02,709 [INFO] src.core.quantum_client: Client vqc_client_2 [VQC]: Local training finished. Processed 44 samples.
2025-05-03 11:26:02,710 [INFO] src.federated.server: Aggregating updates from 3 clients using QuantumAggregationStrategy.
2025-05-03 11:26:02,710 [INFO] src.core.quantum_manager: QuantumAggregationStrategy: Detected VQC parameter structure. Aggregating 'quantum_params'.
2025-05-03 11:26:02,710 [INFO] src.federated.server: Global model updated with aggregated parameters.
2025-05-03 11:26:02,711 [INFO] src.federated.server: Evaluating updated global model...
2025-05-03 11:26:02,711 [INFO] src.core.quantum_manager: Server: Starting evaluation (model type: vqc).
2025-05-03 11:26:03,100 [INFO] src.core.quantum_manager: Server VQC: Evaluation finished. Metrics: {'accuracy': 0.6578947368421053, 'loss': None}
2025-05-03 11:26:03,100 [INFO] src.federated.server: Round 7 completed in 44.72s. Eval Metrics: {'accuracy': 0.6578947368421053, 'loss': None}
2025-05-03 11:26:03,100 [INFO] src.federated.server: ===== Starting Round 8/15 =====
2025-05-03 11:26:03,101 [INFO] src.federated.server: Starting federated training round...
2025-05-03 11:26:03,101 [INFO] src.federated.server: Selected 3 clients out of 5 available (fraction=0.1, min_clients=3): ['vqc_client_1', 'vqc_client_3', 'vqc_client_0']
2025-05-03 11:26:03,101 [INFO] src.core.quantum_client: Client vqc_client_1: Starting local training (model type: vqc).
2025-05-03 11:26:10,701 [INFO] src.core.quantum_client: Client vqc_client_1 [VQC] - Epoch 1/2 completed. Average Loss: 0.4844
2025-05-03 11:26:18,411 [INFO] src.core.quantum_client: Client vqc_client_1 [VQC] - Epoch 2/2 completed. Average Loss: 0.4814
2025-05-03 11:26:18,412 [INFO] src.core.quantum_client: Client vqc_client_1 [VQC]: Local training finished. Processed 46 samples.
2025-05-03 11:26:18,412 [INFO] src.core.quantum_client: Client vqc_client_3: Starting local training (model type: vqc).
2025-05-03 11:26:25,515 [INFO] src.core.quantum_client: Client vqc_client_3 [VQC] - Epoch 1/2 completed. Average Loss: 0.4734
2025-05-03 11:26:32,528 [INFO] src.core.quantum_client: Client vqc_client_3 [VQC] - Epoch 2/2 completed. Average Loss: 0.4703
2025-05-03 11:26:32,528 [INFO] src.core.quantum_client: Client vqc_client_3 [VQC]: Local training finished. Processed 44 samples.
2025-05-03 11:26:32,528 [INFO] src.core.quantum_client: Client vqc_client_0: Starting local training (model type: vqc).
2025-05-03 11:26:40,041 [INFO] src.core.quantum_client: Client vqc_client_0 [VQC] - Epoch 1/2 completed. Average Loss: 0.4673
2025-05-03 11:26:47,657 [INFO] src.core.quantum_client: Client vqc_client_0 [VQC] - Epoch 2/2 completed. Average Loss: 0.4645
2025-05-03 11:26:47,658 [INFO] src.core.quantum_client: Client vqc_client_0 [VQC]: Local training finished. Processed 46 samples.
2025-05-03 11:26:47,658 [INFO] src.federated.server: Aggregating updates from 3 clients using QuantumAggregationStrategy.
2025-05-03 11:26:47,658 [INFO] src.core.quantum_manager: QuantumAggregationStrategy: Detected VQC parameter structure. Aggregating 'quantum_params'.
2025-05-03 11:26:47,659 [INFO] src.federated.server: Global model updated with aggregated parameters.
2025-05-03 11:26:47,659 [INFO] src.federated.server: Evaluating updated global model...
2025-05-03 11:26:47,660 [INFO] src.core.quantum_manager: Server: Starting evaluation (model type: vqc).
2025-05-03 11:26:48,079 [INFO] src.core.quantum_manager: Server VQC: Evaluation finished. Metrics: {'accuracy': 0.6578947368421053, 'loss': None}
2025-05-03 11:26:48,079 [INFO] src.federated.server: Round 8 completed in 44.98s. Eval Metrics: {'accuracy': 0.6578947368421053, 'loss': None}
2025-05-03 11:26:48,080 [INFO] src.federated.server: ===== Starting Round 9/15 =====
2025-05-03 11:26:48,080 [INFO] src.federated.server: Starting federated training round...
2025-05-03 11:26:48,080 [INFO] src.federated.server: Selected 3 clients out of 5 available (fraction=0.1, min_clients=3): ['vqc_client_3', 'vqc_client_2', 'vqc_client_0']
2025-05-03 11:26:48,081 [INFO] src.core.quantum_client: Client vqc_client_3: Starting local training (model type: vqc).
2025-05-03 11:26:55,698 [INFO] src.core.quantum_client: Client vqc_client_3 [VQC] - Epoch 1/2 completed. Average Loss: 0.4673
2025-05-03 11:27:02,851 [INFO] src.core.quantum_client: Client vqc_client_3 [VQC] - Epoch 2/2 completed. Average Loss: 0.4642
2025-05-03 11:27:02,851 [INFO] src.core.quantum_client: Client vqc_client_3 [VQC]: Local training finished. Processed 44 samples.
2025-05-03 11:27:02,852 [INFO] src.core.quantum_client: Client vqc_client_2: Starting local training (model type: vqc).
2025-05-03 11:27:10,255 [INFO] src.core.quantum_client: Client vqc_client_2 [VQC] - Epoch 1/2 completed. Average Loss: 0.4960
2025-05-03 11:27:17,380 [INFO] src.core.quantum_client: Client vqc_client_2 [VQC] - Epoch 2/2 completed. Average Loss: 0.4930
2025-05-03 11:27:17,380 [INFO] src.core.quantum_client: Client vqc_client_2 [VQC]: Local training finished. Processed 44 samples.
2025-05-03 11:27:17,381 [INFO] src.core.quantum_client: Client vqc_client_0: Starting local training (model type: vqc).
2025-05-03 11:27:25,015 [INFO] src.core.quantum_client: Client vqc_client_0 [VQC] - Epoch 1/2 completed. Average Loss: 0.4616
2025-05-03 11:27:32,456 [INFO] src.core.quantum_client: Client vqc_client_0 [VQC] - Epoch 2/2 completed. Average Loss: 0.4588
2025-05-03 11:27:32,456 [INFO] src.core.quantum_client: Client vqc_client_0 [VQC]: Local training finished. Processed 46 samples.
2025-05-03 11:27:32,456 [INFO] src.federated.server: Aggregating updates from 3 clients using QuantumAggregationStrategy.
2025-05-03 11:27:32,456 [INFO] src.core.quantum_manager: QuantumAggregationStrategy: Detected VQC parameter structure. Aggregating 'quantum_params'.
2025-05-03 11:27:32,457 [INFO] src.federated.server: Global model updated with aggregated parameters.
2025-05-03 11:27:32,457 [INFO] src.federated.server: Evaluating updated global model...
2025-05-03 11:27:32,457 [INFO] src.core.quantum_manager: Server: Starting evaluation (model type: vqc).
2025-05-03 11:27:32,822 [INFO] src.core.quantum_manager: Server VQC: Evaluation finished. Metrics: {'accuracy': 0.6578947368421053, 'loss': None}
2025-05-03 11:27:32,823 [INFO] src.federated.server: Round 9 completed in 44.74s. Eval Metrics: {'accuracy': 0.6578947368421053, 'loss': None}
2025-05-03 11:27:32,823 [INFO] src.federated.server: ===== Starting Round 10/15 =====
2025-05-03 11:27:32,823 [INFO] src.federated.server: Starting federated training round...
2025-05-03 11:27:32,823 [INFO] src.federated.server: Selected 3 clients out of 5 available (fraction=0.1, min_clients=3): ['vqc_client_1', 'vqc_client_3', 'vqc_client_4']
2025-05-03 11:27:32,824 [INFO] src.core.quantum_client: Client vqc_client_1: Starting local training (model type: vqc).
2025-05-03 11:27:40,213 [INFO] src.core.quantum_client: Client vqc_client_1 [VQC] - Epoch 1/2 completed. Average Loss: 0.4727
2025-05-03 11:27:47,364 [INFO] src.core.quantum_client: Client vqc_client_1 [VQC] - Epoch 2/2 completed. Average Loss: 0.4697
2025-05-03 11:27:47,365 [INFO] src.core.quantum_client: Client vqc_client_1 [VQC]: Local training finished. Processed 46 samples.
2025-05-03 11:27:47,365 [INFO] src.core.quantum_client: Client vqc_client_3: Starting local training (model type: vqc).
2025-05-03 11:27:54,401 [INFO] src.core.quantum_client: Client vqc_client_3 [VQC] - Epoch 1/2 completed. Average Loss: 0.4612
2025-05-03 11:28:01,291 [INFO] src.core.quantum_client: Client vqc_client_3 [VQC] - Epoch 2/2 completed. Average Loss: 0.4581
2025-05-03 11:28:01,291 [INFO] src.core.quantum_client: Client vqc_client_3 [VQC]: Local training finished. Processed 44 samples.
2025-05-03 11:28:01,292 [INFO] src.core.quantum_client: Client vqc_client_4: Starting local training (model type: vqc).
2025-05-03 11:28:08,035 [INFO] src.core.quantum_client: Client vqc_client_4 [VQC] - Epoch 1/2 completed. Average Loss: 0.4571
2025-05-03 11:28:15,463 [INFO] src.core.quantum_client: Client vqc_client_4 [VQC] - Epoch 2/2 completed. Average Loss: 0.4543
2025-05-03 11:28:15,464 [INFO] src.core.quantum_client: Client vqc_client_4 [VQC]: Local training finished. Processed 44 samples.
2025-05-03 11:28:15,464 [INFO] src.federated.server: Aggregating updates from 3 clients using QuantumAggregationStrategy.
2025-05-03 11:28:15,464 [INFO] src.core.quantum_manager: QuantumAggregationStrategy: Detected VQC parameter structure. Aggregating 'quantum_params'.
2025-05-03 11:28:15,465 [INFO] src.federated.server: Global model updated with aggregated parameters.
2025-05-03 11:28:15,465 [INFO] src.federated.server: Evaluating updated global model...
2025-05-03 11:28:15,465 [INFO] src.core.quantum_manager: Server: Starting evaluation (model type: vqc).
2025-05-03 11:28:15,800 [INFO] src.core.quantum_manager: Server VQC: Evaluation finished. Metrics: {'accuracy': 0.631578947368421, 'loss': None}
2025-05-03 11:28:15,800 [INFO] src.federated.server: Round 10 completed in 42.98s. Eval Metrics: {'accuracy': 0.631578947368421, 'loss': None}
2025-05-03 11:28:15,801 [INFO] src.federated.server: ===== Starting Round 11/15 =====
2025-05-03 11:28:15,801 [INFO] src.federated.server: Starting federated training round...
2025-05-03 11:28:15,801 [INFO] src.federated.server: Selected 3 clients out of 5 available (fraction=0.1, min_clients=3): ['vqc_client_2', 'vqc_client_1', 'vqc_client_0']
2025-05-03 11:28:15,802 [INFO] src.core.quantum_client: Client vqc_client_2: Starting local training (model type: vqc).
2025-05-03 11:28:23,207 [INFO] src.core.quantum_client: Client vqc_client_2 [VQC] - Epoch 1/2 completed. Average Loss: 0.4842
2025-05-03 11:28:30,363 [INFO] src.core.quantum_client: Client vqc_client_2 [VQC] - Epoch 2/2 completed. Average Loss: 0.4811
2025-05-03 11:28:30,363 [INFO] src.core.quantum_client: Client vqc_client_2 [VQC]: Local training finished. Processed 44 samples.
2025-05-03 11:28:30,364 [INFO] src.core.quantum_client: Client vqc_client_1: Starting local training (model type: vqc).
2025-05-03 11:28:38,052 [INFO] src.core.quantum_client: Client vqc_client_1 [VQC] - Epoch 1/2 completed. Average Loss: 0.4669
2025-05-03 11:28:45,619 [INFO] src.core.quantum_client: Client vqc_client_1 [VQC] - Epoch 2/2 completed. Average Loss: 0.4639
2025-05-03 11:28:45,619 [INFO] src.core.quantum_client: Client vqc_client_1 [VQC]: Local training finished. Processed 46 samples.
2025-05-03 11:28:45,620 [INFO] src.core.quantum_client: Client vqc_client_0: Starting local training (model type: vqc).
2025-05-03 11:28:52,990 [INFO] src.core.quantum_client: Client vqc_client_0 [VQC] - Epoch 1/2 completed. Average Loss: 0.4502
2025-05-03 11:29:00,393 [INFO] src.core.quantum_client: Client vqc_client_0 [VQC] - Epoch 2/2 completed. Average Loss: 0.4474
2025-05-03 11:29:00,393 [INFO] src.core.quantum_client: Client vqc_client_0 [VQC]: Local training finished. Processed 46 samples.
2025-05-03 11:29:00,394 [INFO] src.federated.server: Aggregating updates from 3 clients using QuantumAggregationStrategy.
2025-05-03 11:29:00,394 [INFO] src.core.quantum_manager: QuantumAggregationStrategy: Detected VQC parameter structure. Aggregating 'quantum_params'.
2025-05-03 11:29:00,395 [INFO] src.federated.server: Global model updated with aggregated parameters.
2025-05-03 11:29:00,395 [INFO] src.federated.server: Evaluating updated global model...
2025-05-03 11:29:00,395 [INFO] src.core.quantum_manager: Server: Starting evaluation (model type: vqc).
2025-05-03 11:29:00,759 [INFO] src.core.quantum_manager: Server VQC: Evaluation finished. Metrics: {'accuracy': 0.631578947368421, 'loss': None}
2025-05-03 11:29:00,759 [INFO] src.federated.server: Round 11 completed in 44.96s. Eval Metrics: {'accuracy': 0.631578947368421, 'loss': None}
2025-05-03 11:29:00,759 [INFO] src.federated.server: ===== Starting Round 12/15 =====
2025-05-03 11:29:00,760 [INFO] src.federated.server: Starting federated training round...
2025-05-03 11:29:00,760 [INFO] src.federated.server: Selected 3 clients out of 5 available (fraction=0.1, min_clients=3): ['vqc_client_2', 'vqc_client_0', 'vqc_client_3']
2025-05-03 11:29:00,760 [INFO] src.core.quantum_client: Client vqc_client_2: Starting local training (model type: vqc).
2025-05-03 11:29:08,220 [INFO] src.core.quantum_client: Client vqc_client_2 [VQC] - Epoch 1/2 completed. Average Loss: 0.4783
2025-05-03 11:29:15,275 [INFO] src.core.quantum_client: Client vqc_client_2 [VQC] - Epoch 2/2 completed. Average Loss: 0.4752
2025-05-03 11:29:15,276 [INFO] src.core.quantum_client: Client vqc_client_2 [VQC]: Local training finished. Processed 44 samples.
2025-05-03 11:29:15,276 [INFO] src.core.quantum_client: Client vqc_client_0: Starting local training (model type: vqc).
2025-05-03 11:29:23,276 [INFO] src.core.quantum_client: Client vqc_client_0 [VQC] - Epoch 1/2 completed. Average Loss: 0.4445
2025-05-03 11:29:30,906 [INFO] src.core.quantum_client: Client vqc_client_0 [VQC] - Epoch 2/2 completed. Average Loss: 0.4417
2025-05-03 11:29:30,906 [INFO] src.core.quantum_client: Client vqc_client_0 [VQC]: Local training finished. Processed 46 samples.
2025-05-03 11:29:30,906 [INFO] src.core.quantum_client: Client vqc_client_3: Starting local training (model type: vqc).
2025-05-03 11:29:37,910 [INFO] src.core.quantum_client: Client vqc_client_3 [VQC] - Epoch 1/2 completed. Average Loss: 0.4492
2025-05-03 11:29:45,204 [INFO] src.core.quantum_client: Client vqc_client_3 [VQC] - Epoch 2/2 completed. Average Loss: 0.4462
2025-05-03 11:29:45,205 [INFO] src.core.quantum_client: Client vqc_client_3 [VQC]: Local training finished. Processed 44 samples.
2025-05-03 11:29:45,205 [INFO] src.federated.server: Aggregating updates from 3 clients using QuantumAggregationStrategy.
2025-05-03 11:29:45,205 [INFO] src.core.quantum_manager: QuantumAggregationStrategy: Detected VQC parameter structure. Aggregating 'quantum_params'.
2025-05-03 11:29:45,206 [INFO] src.federated.server: Global model updated with aggregated parameters.
2025-05-03 11:29:45,207 [INFO] src.federated.server: Evaluating updated global model...
2025-05-03 11:29:45,207 [INFO] src.core.quantum_manager: Server: Starting evaluation (model type: vqc).
2025-05-03 11:29:45,525 [INFO] src.core.quantum_manager: Server VQC: Evaluation finished. Metrics: {'accuracy': 0.631578947368421, 'loss': None}
2025-05-03 11:29:45,526 [INFO] src.federated.server: Round 12 completed in 44.77s. Eval Metrics: {'accuracy': 0.631578947368421, 'loss': None}
2025-05-03 11:29:45,526 [INFO] src.federated.server: ===== Starting Round 13/15 =====
2025-05-03 11:29:45,526 [INFO] src.federated.server: Starting federated training round...
2025-05-03 11:29:45,527 [INFO] src.federated.server: Selected 3 clients out of 5 available (fraction=0.1, min_clients=3): ['vqc_client_3', 'vqc_client_0', 'vqc_client_1']
2025-05-03 11:29:45,527 [INFO] src.core.quantum_client: Client vqc_client_3: Starting local training (model type: vqc).
2025-05-03 11:29:52,400 [INFO] src.core.quantum_client: Client vqc_client_3 [VQC] - Epoch 1/2 completed. Average Loss: 0.4433
2025-05-03 11:29:59,725 [INFO] src.core.quantum_client: Client vqc_client_3 [VQC] - Epoch 2/2 completed. Average Loss: 0.4402
2025-05-03 11:29:59,726 [INFO] src.core.quantum_client: Client vqc_client_3 [VQC]: Local training finished. Processed 44 samples.
2025-05-03 11:29:59,726 [INFO] src.core.quantum_client: Client vqc_client_0: Starting local training (model type: vqc).
2025-05-03 11:30:07,012 [INFO] src.core.quantum_client: Client vqc_client_0 [VQC] - Epoch 1/2 completed. Average Loss: 0.4388
2025-05-03 11:30:14,279 [INFO] src.core.quantum_client: Client vqc_client_0 [VQC] - Epoch 2/2 completed. Average Loss: 0.4361
2025-05-03 11:30:14,279 [INFO] src.core.quantum_client: Client vqc_client_0 [VQC]: Local training finished. Processed 46 samples.
2025-05-03 11:30:14,280 [INFO] src.core.quantum_client: Client vqc_client_1: Starting local training (model type: vqc).
2025-05-03 11:30:21,940 [INFO] src.core.quantum_client: Client vqc_client_1 [VQC] - Epoch 1/2 completed. Average Loss: 0.4553
2025-05-03 11:30:30,233 [INFO] src.core.quantum_client: Client vqc_client_1 [VQC] - Epoch 2/2 completed. Average Loss: 0.4525
2025-05-03 11:30:30,233 [INFO] src.core.quantum_client: Client vqc_client_1 [VQC]: Local training finished. Processed 46 samples.
2025-05-03 11:30:30,234 [INFO] src.federated.server: Aggregating updates from 3 clients using QuantumAggregationStrategy.
2025-05-03 11:30:30,234 [INFO] src.core.quantum_manager: QuantumAggregationStrategy: Detected VQC parameter structure. Aggregating 'quantum_params'.
2025-05-03 11:30:30,234 [INFO] src.federated.server: Global model updated with aggregated parameters.
2025-05-03 11:30:30,235 [INFO] src.federated.server: Evaluating updated global model...
2025-05-03 11:30:30,235 [INFO] src.core.quantum_manager: Server: Starting evaluation (model type: vqc).
2025-05-03 11:30:30,594 [INFO] src.core.quantum_manager: Server VQC: Evaluation finished. Metrics: {'accuracy': 0.6578947368421053, 'loss': None}
2025-05-03 11:30:30,595 [INFO] src.federated.server: Round 13 completed in 45.07s. Eval Metrics: {'accuracy': 0.6578947368421053, 'loss': None}
2025-05-03 11:30:30,595 [INFO] src.federated.server: ===== Starting Round 14/15 =====
2025-05-03 11:30:30,595 [INFO] src.federated.server: Starting federated training round...
2025-05-03 11:30:30,595 [INFO] src.federated.server: Selected 3 clients out of 5 available (fraction=0.1, min_clients=3): ['vqc_client_2', 'vqc_client_4', 'vqc_client_0']
2025-05-03 11:30:30,596 [INFO] src.core.quantum_client: Client vqc_client_2: Starting local training (model type: vqc).
2025-05-03 11:30:38,034 [INFO] src.core.quantum_client: Client vqc_client_2 [VQC] - Epoch 1/2 completed. Average Loss: 0.4665
2025-05-03 11:30:45,086 [INFO] src.core.quantum_client: Client vqc_client_2 [VQC] - Epoch 2/2 completed. Average Loss: 0.4635
2025-05-03 11:30:45,086 [INFO] src.core.quantum_client: Client vqc_client_2 [VQC]: Local training finished. Processed 44 samples.
2025-05-03 11:30:45,087 [INFO] src.core.quantum_client: Client vqc_client_4: Starting local training (model type: vqc).
2025-05-03 11:30:52,215 [INFO] src.core.quantum_client: Client vqc_client_4 [VQC] - Epoch 1/2 completed. Average Loss: 0.4357
2025-05-03 11:30:59,480 [INFO] src.core.quantum_client: Client vqc_client_4 [VQC] - Epoch 2/2 completed. Average Loss: 0.4330
2025-05-03 11:30:59,480 [INFO] src.core.quantum_client: Client vqc_client_4 [VQC]: Local training finished. Processed 44 samples.
2025-05-03 11:30:59,481 [INFO] src.core.quantum_client: Client vqc_client_0: Starting local training (model type: vqc).
2025-05-03 11:31:06,729 [INFO] src.core.quantum_client: Client vqc_client_0 [VQC] - Epoch 1/2 completed. Average Loss: 0.4333
2025-05-03 11:31:13,701 [INFO] src.core.quantum_client: Client vqc_client_0 [VQC] - Epoch 2/2 completed. Average Loss: 0.4305
2025-05-03 11:31:13,702 [INFO] src.core.quantum_client: Client vqc_client_0 [VQC]: Local training finished. Processed 46 samples.
2025-05-03 11:31:13,702 [INFO] src.federated.server: Aggregating updates from 3 clients using QuantumAggregationStrategy.
2025-05-03 11:31:13,702 [INFO] src.core.quantum_manager: QuantumAggregationStrategy: Detected VQC parameter structure. Aggregating 'quantum_params'.
2025-05-03 11:31:13,703 [INFO] src.federated.server: Global model updated with aggregated parameters.
2025-05-03 11:31:13,703 [INFO] src.federated.server: Evaluating updated global model...
2025-05-03 11:31:13,703 [INFO] src.core.quantum_manager: Server: Starting evaluation (model type: vqc).
2025-05-03 11:31:14,035 [INFO] src.core.quantum_manager: Server VQC: Evaluation finished. Metrics: {'accuracy': 0.6578947368421053, 'loss': None}
2025-05-03 11:31:14,036 [INFO] src.federated.server: Round 14 completed in 43.44s. Eval Metrics: {'accuracy': 0.6578947368421053, 'loss': None}
2025-05-03 11:31:14,036 [INFO] src.federated.server: ===== Starting Round 15/15 =====
2025-05-03 11:31:14,036 [INFO] src.federated.server: Starting federated training round...
2025-05-03 11:31:14,036 [INFO] src.federated.server: Selected 3 clients out of 5 available (fraction=0.1, min_clients=3): ['vqc_client_3', 'vqc_client_0', 'vqc_client_1']
2025-05-03 11:31:14,037 [INFO] src.core.quantum_client: Client vqc_client_3: Starting local training (model type: vqc).
2025-05-03 11:31:20,739 [INFO] src.core.quantum_client: Client vqc_client_3 [VQC] - Epoch 1/2 completed. Average Loss: 0.4317
2025-05-03 11:31:27,424 [INFO] src.core.quantum_client: Client vqc_client_3 [VQC] - Epoch 2/2 completed. Average Loss: 0.4288
2025-05-03 11:31:27,425 [INFO] src.core.quantum_client: Client vqc_client_3 [VQC]: Local training finished. Processed 44 samples.
2025-05-03 11:31:27,425 [INFO] src.core.quantum_client: Client vqc_client_0: Starting local training (model type: vqc).
2025-05-03 11:31:35,242 [INFO] src.core.quantum_client: Client vqc_client_0 [VQC] - Epoch 1/2 completed. Average Loss: 0.4278
2025-05-03 11:31:42,897 [INFO] src.core.quantum_client: Client vqc_client_0 [VQC] - Epoch 2/2 completed. Average Loss: 0.4251
2025-05-03 11:31:42,898 [INFO] src.core.quantum_client: Client vqc_client_0 [VQC]: Local training finished. Processed 46 samples.
2025-05-03 11:31:42,898 [INFO] src.core.quantum_client: Client vqc_client_1: Starting local training (model type: vqc).
2025-05-03 11:31:50,315 [INFO] src.core.quantum_client: Client vqc_client_1 [VQC] - Epoch 1/2 completed. Average Loss: 0.4441
2025-05-03 11:31:57,952 [INFO] src.core.quantum_client: Client vqc_client_1 [VQC] - Epoch 2/2 completed. Average Loss: 0.4414
2025-05-03 11:31:57,953 [INFO] src.core.quantum_client: Client vqc_client_1 [VQC]: Local training finished. Processed 46 samples.
2025-05-03 11:31:57,953 [INFO] src.federated.server: Aggregating updates from 3 clients using QuantumAggregationStrategy.
2025-05-03 11:31:57,953 [INFO] src.core.quantum_manager: QuantumAggregationStrategy: Detected VQC parameter structure. Aggregating 'quantum_params'.
2025-05-03 11:31:57,954 [INFO] src.federated.server: Global model updated with aggregated parameters.
2025-05-03 11:31:57,954 [INFO] src.federated.server: Evaluating updated global model...
2025-05-03 11:31:57,954 [INFO] src.core.quantum_manager: Server: Starting evaluation (model type: vqc).
2025-05-03 11:31:58,293 [INFO] src.core.quantum_manager: Server VQC: Evaluation finished. Metrics: {'accuracy': 0.6578947368421053, 'loss': None}
2025-05-03 11:31:58,293 [INFO] src.federated.server: Round 15 completed in 44.26s. Eval Metrics: {'accuracy': 0.6578947368421053, 'loss': None}
2025-05-03 11:31:58,293 [INFO] src.federated.server: Federated training process completed after 15 rounds.
2025-05-03 11:31:58,293 [INFO] ExperimentRunner: ========== Finished Iris_VQC_FedDive_IID_PCA3 ==========

2025-05-03 11:31:58,293 [INFO] ExperimentRunner: ========== Starting Iris_VQC_FedProx_IID_PCA3 ==========
2025-05-03 11:31:58,293 [INFO] ExperimentRunner: --- Setting up experiment: Iris_VQC_FedProx_IID_PCA3 ---
2025-05-03 11:31:58,294 [INFO] src.utils.data_utils: Set random seed to 42
2025-05-03 11:31:58,301 [INFO] src.utils.data_utils: Successfully loaded configuration from /home/dhanraj/quantum_federated_simulator/configs/federated/server_config.yaml
2025-05-03 11:31:58,305 [INFO] src.utils.data_utils: Successfully loaded configuration from /home/dhanraj/quantum_federated_simulator/configs/federated/client_config.yaml
2025-05-03 11:31:58,313 [INFO] src.utils.data_utils: Successfully loaded configuration from /home/dhanraj/quantum_federated_simulator/configs/federated/default_aggregation.yaml
2025-05-03 11:31:58,314 [INFO] ExperimentRunner: Quantum model specified: Reloading data with PCA features=3
2025-05-03 11:31:58,314 [INFO] src.utils.data_utils: Loading Iris data. Target features: 3. Normalize: True
2025-05-03 11:31:58,318 [INFO] src.utils.data_utils: Applying PCA to reduce features from 4 to 3
2025-05-03 11:31:58,321 [INFO] src.utils.data_utils: PCA completed. Explained variance ratio sum: 0.9948
2025-05-03 11:31:58,321 [INFO] src.utils.data_utils: Applying MinMaxScaler to scale features to [-1, 1] range.
2025-05-03 11:31:58,327 [INFO] src.utils.data_utils: Iris data loaded. Train size: 112, Test size: 38, Features: 3
2025-05-03 11:31:58,327 [INFO] src.utils.data_utils: Partitioning data IID among 5 clients.
2025-05-03 11:31:58,327 [INFO] src.utils.data_utils: Data partitioning complete.
2025-05-03 11:31:58,328 [INFO] ExperimentRunner: Creating model of type: vqc
2025-05-03 11:31:58,328 [INFO] src.quantum.models: Initializing VQC: qubits=3, layers=2, classes=3, circuit='basic', device='default.qubit', shots=None
2025-05-03 11:31:58,328 [INFO] src.quantum.utils: Loading PennyLane device 'default.qubit' with wires=3, shots=None, kwargs={}
2025-05-03 11:31:58,329 [INFO] src.quantum.utils: Device 'default.qubit' loaded successfully.
2025-05-03 11:31:58,330 [INFO] src.quantum.circuits: Creating basic circuit with 3 qubits, 2 layers.
2025-05-03 11:31:58,330 [INFO] src.quantum.circuits: Basic circuit expects 18 trainable parameters.
2025-05-03 11:31:58,330 [INFO] src.quantum.models: Circuit function requires 18 parameters.
2025-05-03 11:31:58,330 [INFO] src.quantum.models: Initialized 18 parameters randomly.
2025-05-03 11:31:58,331 [INFO] src.federated.aggregation: Creating aggregation strategy of type: fedavg
2025-05-03 11:31:58,331 [INFO] ExperimentRunner: Using aggregation strategy: QuantumAggregationStrategy
2025-05-03 11:31:58,331 [INFO] src.core.quantum_manager: QuantumServer: Initializing with model type 'vqc'.
2025-05-03 11:31:58,332 [INFO] src.federated.server: Federated server initialized on device 'cuda' with aggregation strategy: QuantumAggregationStrategy
2025-05-03 11:31:58,332 [INFO] ExperimentRunner: Creating model of type: vqc
2025-05-03 11:31:58,332 [INFO] src.quantum.models: Initializing VQC: qubits=3, layers=2, classes=3, circuit='basic', device='default.qubit', shots=None
2025-05-03 11:31:58,332 [INFO] src.quantum.utils: Loading PennyLane device 'default.qubit' with wires=3, shots=None, kwargs={}
2025-05-03 11:31:58,333 [INFO] src.quantum.utils: Device 'default.qubit' loaded successfully.
2025-05-03 11:31:58,333 [INFO] src.quantum.circuits: Creating basic circuit with 3 qubits, 2 layers.
2025-05-03 11:31:58,333 [INFO] src.quantum.circuits: Basic circuit expects 18 trainable parameters.
2025-05-03 11:31:58,334 [INFO] src.quantum.models: Circuit function requires 18 parameters.
2025-05-03 11:31:58,334 [INFO] src.quantum.models: Initialized 18 parameters randomly.
2025-05-03 11:31:58,334 [INFO] src.core.quantum_client: QuantumClient vqc_client_0: Initializing with model type 'vqc'.
2025-05-03 11:31:58,335 [INFO] src.federated.client: Client vqc_client_0 initialized on device 'cuda' with 23 samples.
2025-05-03 11:31:58,335 [INFO] src.federated.server: Registered client 'vqc_client_0'. Total clients: 1.
2025-05-03 11:31:58,335 [INFO] ExperimentRunner: Creating model of type: vqc
2025-05-03 11:31:58,335 [INFO] src.quantum.models: Initializing VQC: qubits=3, layers=2, classes=3, circuit='basic', device='default.qubit', shots=None
2025-05-03 11:31:58,336 [INFO] src.quantum.utils: Loading PennyLane device 'default.qubit' with wires=3, shots=None, kwargs={}
2025-05-03 11:31:58,336 [INFO] src.quantum.utils: Device 'default.qubit' loaded successfully.
2025-05-03 11:31:58,336 [INFO] src.quantum.circuits: Creating basic circuit with 3 qubits, 2 layers.
2025-05-03 11:31:58,337 [INFO] src.quantum.circuits: Basic circuit expects 18 trainable parameters.
2025-05-03 11:31:58,337 [INFO] src.quantum.models: Circuit function requires 18 parameters.
2025-05-03 11:31:58,337 [INFO] src.quantum.models: Initialized 18 parameters randomly.
2025-05-03 11:31:58,338 [INFO] src.core.quantum_client: QuantumClient vqc_client_1: Initializing with model type 'vqc'.
2025-05-03 11:31:58,338 [INFO] src.federated.client: Client vqc_client_1 initialized on device 'cuda' with 23 samples.
2025-05-03 11:31:58,339 [INFO] src.federated.server: Registered client 'vqc_client_1'. Total clients: 2.
2025-05-03 11:31:58,339 [INFO] ExperimentRunner: Creating model of type: vqc
2025-05-03 11:31:58,339 [INFO] src.quantum.models: Initializing VQC: qubits=3, layers=2, classes=3, circuit='basic', device='default.qubit', shots=None
2025-05-03 11:31:58,340 [INFO] src.quantum.utils: Loading PennyLane device 'default.qubit' with wires=3, shots=None, kwargs={}
2025-05-03 11:31:58,340 [INFO] src.quantum.utils: Device 'default.qubit' loaded successfully.
2025-05-03 11:31:58,340 [INFO] src.quantum.circuits: Creating basic circuit with 3 qubits, 2 layers.
2025-05-03 11:31:58,341 [INFO] src.quantum.circuits: Basic circuit expects 18 trainable parameters.
2025-05-03 11:31:58,341 [INFO] src.quantum.models: Circuit function requires 18 parameters.
2025-05-03 11:31:58,341 [INFO] src.quantum.models: Initialized 18 parameters randomly.
2025-05-03 11:31:58,342 [INFO] src.core.quantum_client: QuantumClient vqc_client_2: Initializing with model type 'vqc'.
2025-05-03 11:31:58,342 [INFO] src.federated.client: Client vqc_client_2 initialized on device 'cuda' with 22 samples.
2025-05-03 11:31:58,343 [INFO] src.federated.server: Registered client 'vqc_client_2'. Total clients: 3.
2025-05-03 11:31:58,343 [INFO] ExperimentRunner: Creating model of type: vqc
2025-05-03 11:31:58,343 [INFO] src.quantum.models: Initializing VQC: qubits=3, layers=2, classes=3, circuit='basic', device='default.qubit', shots=None
2025-05-03 11:31:58,344 [INFO] src.quantum.utils: Loading PennyLane device 'default.qubit' with wires=3, shots=None, kwargs={}
2025-05-03 11:31:58,345 [INFO] src.quantum.utils: Device 'default.qubit' loaded successfully.
2025-05-03 11:31:58,345 [INFO] src.quantum.circuits: Creating basic circuit with 3 qubits, 2 layers.
2025-05-03 11:31:58,345 [INFO] src.quantum.circuits: Basic circuit expects 18 trainable parameters.
2025-05-03 11:31:58,345 [INFO] src.quantum.models: Circuit function requires 18 parameters.
2025-05-03 11:31:58,346 [INFO] src.quantum.models: Initialized 18 parameters randomly.
2025-05-03 11:31:58,346 [INFO] src.core.quantum_client: QuantumClient vqc_client_3: Initializing with model type 'vqc'.
2025-05-03 11:31:58,346 [INFO] src.federated.client: Client vqc_client_3 initialized on device 'cuda' with 22 samples.
2025-05-03 11:31:58,347 [INFO] src.federated.server: Registered client 'vqc_client_3'. Total clients: 4.
2025-05-03 11:31:58,347 [INFO] ExperimentRunner: Creating model of type: vqc
2025-05-03 11:31:58,347 [INFO] src.quantum.models: Initializing VQC: qubits=3, layers=2, classes=3, circuit='basic', device='default.qubit', shots=None
2025-05-03 11:31:58,347 [INFO] src.quantum.utils: Loading PennyLane device 'default.qubit' with wires=3, shots=None, kwargs={}
2025-05-03 11:31:58,348 [INFO] src.quantum.utils: Device 'default.qubit' loaded successfully.
2025-05-03 11:31:58,348 [INFO] src.quantum.circuits: Creating basic circuit with 3 qubits, 2 layers.
2025-05-03 11:31:58,348 [INFO] src.quantum.circuits: Basic circuit expects 18 trainable parameters.
2025-05-03 11:31:58,349 [INFO] src.quantum.models: Circuit function requires 18 parameters.
2025-05-03 11:31:58,349 [INFO] src.quantum.models: Initialized 18 parameters randomly.
2025-05-03 11:31:58,349 [INFO] src.core.quantum_client: QuantumClient vqc_client_4: Initializing with model type 'vqc'.
2025-05-03 11:31:58,350 [INFO] src.federated.client: Client vqc_client_4 initialized on device 'cuda' with 22 samples.
2025-05-03 11:31:58,350 [INFO] src.federated.server: Registered client 'vqc_client_4'. Total clients: 5.
2025-05-03 11:31:58,350 [INFO] ExperimentRunner: --- Scenario setup complete for Iris_VQC_FedProx_IID_PCA3 ---
2025-05-03 11:31:58,350 [INFO] src.federated.server: Starting federated training process for 15 rounds.
2025-05-03 11:31:58,351 [INFO] src.federated.server: Config: local_epochs=2, client_fraction=0.1, min_clients=3, FedProx mu=0.01
2025-05-03 11:31:58,351 [INFO] src.federated.server: Performing initial evaluation of global model...
2025-05-03 11:31:58,351 [INFO] src.core.quantum_manager: Server: Starting evaluation (model type: vqc).
2025-05-03 11:31:58,746 [INFO] src.core.quantum_manager: Server VQC: Evaluation finished. Metrics: {'accuracy': 0.5, 'loss': None}
2025-05-03 11:31:58,746 [INFO] src.federated.server: Initial Evaluation Metrics: {'accuracy': 0.5, 'loss': None}
2025-05-03 11:31:58,747 [INFO] src.federated.server: ===== Starting Round 1/15 =====
2025-05-03 11:31:58,747 [INFO] src.federated.server: Starting federated training round...
2025-05-03 11:31:58,747 [INFO] src.federated.server: Selected 3 clients out of 5 available (fraction=0.1, min_clients=3): ['vqc_client_0', 'vqc_client_4', 'vqc_client_2']
2025-05-03 11:31:58,747 [INFO] src.core.quantum_client: Client vqc_client_0: Starting local training (model type: vqc).
2025-05-03 11:32:06,160 [INFO] src.core.quantum_client: Client vqc_client_0 [VQC] - Epoch 1/2 completed. Average Loss: 0.5065
2025-05-03 11:32:13,914 [INFO] src.core.quantum_client: Client vqc_client_0 [VQC] - Epoch 2/2 completed. Average Loss: 0.5038
2025-05-03 11:32:13,915 [INFO] src.core.quantum_client: Client vqc_client_0 [VQC]: Local training finished. Processed 46 samples.
2025-05-03 11:32:13,915 [INFO] src.core.quantum_client: Client vqc_client_4: Starting local training (model type: vqc).
2025-05-03 11:32:21,691 [INFO] src.core.quantum_client: Client vqc_client_4 [VQC] - Epoch 1/2 completed. Average Loss: 0.5055
2025-05-03 11:32:29,202 [INFO] src.core.quantum_client: Client vqc_client_4 [VQC] - Epoch 2/2 completed. Average Loss: 0.5028
2025-05-03 11:32:29,202 [INFO] src.core.quantum_client: Client vqc_client_4 [VQC]: Local training finished. Processed 44 samples.
2025-05-03 11:32:29,203 [INFO] src.core.quantum_client: Client vqc_client_2: Starting local training (model type: vqc).
2025-05-03 11:32:36,202 [INFO] src.core.quantum_client: Client vqc_client_2 [VQC] - Epoch 1/2 completed. Average Loss: 0.5416
2025-05-03 11:32:42,830 [INFO] src.core.quantum_client: Client vqc_client_2 [VQC] - Epoch 2/2 completed. Average Loss: 0.5388
2025-05-03 11:32:42,830 [INFO] src.core.quantum_client: Client vqc_client_2 [VQC]: Local training finished. Processed 44 samples.
2025-05-03 11:32:42,830 [INFO] src.federated.server: Aggregating updates from 3 clients using QuantumAggregationStrategy.
2025-05-03 11:32:42,831 [INFO] src.core.quantum_manager: QuantumAggregationStrategy: Detected VQC parameter structure. Aggregating 'quantum_params'.
2025-05-03 11:32:42,831 [INFO] src.federated.server: Global model updated with aggregated parameters.
2025-05-03 11:32:42,832 [INFO] src.federated.server: Evaluating updated global model...
2025-05-03 11:32:42,832 [INFO] src.core.quantum_manager: Server: Starting evaluation (model type: vqc).
2025-05-03 11:32:43,163 [INFO] src.core.quantum_manager: Server VQC: Evaluation finished. Metrics: {'accuracy': 0.5, 'loss': None}
2025-05-03 11:32:43,163 [INFO] src.federated.server: Round 1 completed in 44.42s. Eval Metrics: {'accuracy': 0.5, 'loss': None}
2025-05-03 11:32:43,163 [INFO] src.federated.server: ===== Starting Round 2/15 =====
2025-05-03 11:32:43,163 [INFO] src.federated.server: Starting federated training round...
2025-05-03 11:32:43,163 [INFO] src.federated.server: Selected 3 clients out of 5 available (fraction=0.1, min_clients=3): ['vqc_client_2', 'vqc_client_1', 'vqc_client_0']
2025-05-03 11:32:43,164 [INFO] src.core.quantum_client: Client vqc_client_2: Starting local training (model type: vqc).
2025-05-03 11:32:50,094 [INFO] src.core.quantum_client: Client vqc_client_2 [VQC] - Epoch 1/2 completed. Average Loss: 0.5362
2025-05-03 11:32:56,741 [INFO] src.core.quantum_client: Client vqc_client_2 [VQC] - Epoch 2/2 completed. Average Loss: 0.5333
2025-05-03 11:32:56,741 [INFO] src.core.quantum_client: Client vqc_client_2 [VQC]: Local training finished. Processed 44 samples.
2025-05-03 11:32:56,742 [INFO] src.core.quantum_client: Client vqc_client_1: Starting local training (model type: vqc).
2025-05-03 11:33:03,367 [INFO] src.core.quantum_client: Client vqc_client_1 [VQC] - Epoch 1/2 completed. Average Loss: 0.5191
2025-05-03 11:33:10,733 [INFO] src.core.quantum_client: Client vqc_client_1 [VQC] - Epoch 2/2 completed. Average Loss: 0.5162
2025-05-03 11:33:10,733 [INFO] src.core.quantum_client: Client vqc_client_1 [VQC]: Local training finished. Processed 46 samples.
2025-05-03 11:33:10,733 [INFO] src.core.quantum_client: Client vqc_client_0: Starting local training (model type: vqc).
2025-05-03 11:33:18,072 [INFO] src.core.quantum_client: Client vqc_client_0 [VQC] - Epoch 1/2 completed. Average Loss: 0.5010
2025-05-03 11:33:25,187 [INFO] src.core.quantum_client: Client vqc_client_0 [VQC] - Epoch 2/2 completed. Average Loss: 0.4983
2025-05-03 11:33:25,188 [INFO] src.core.quantum_client: Client vqc_client_0 [VQC]: Local training finished. Processed 46 samples.
2025-05-03 11:33:25,188 [INFO] src.federated.server: Aggregating updates from 3 clients using QuantumAggregationStrategy.
2025-05-03 11:33:25,188 [INFO] src.core.quantum_manager: QuantumAggregationStrategy: Detected VQC parameter structure. Aggregating 'quantum_params'.
2025-05-03 11:33:25,189 [INFO] src.federated.server: Global model updated with aggregated parameters.
2025-05-03 11:33:25,189 [INFO] src.federated.server: Evaluating updated global model...
2025-05-03 11:33:25,189 [INFO] src.core.quantum_manager: Server: Starting evaluation (model type: vqc).
2025-05-03 11:33:25,552 [INFO] src.core.quantum_manager: Server VQC: Evaluation finished. Metrics: {'accuracy': 0.5526315789473685, 'loss': None}
2025-05-03 11:33:25,552 [INFO] src.federated.server: Round 2 completed in 42.39s. Eval Metrics: {'accuracy': 0.5526315789473685, 'loss': None}
2025-05-03 11:33:25,552 [INFO] src.federated.server: ===== Starting Round 3/15 =====
2025-05-03 11:33:25,553 [INFO] src.federated.server: Starting federated training round...
2025-05-03 11:33:25,553 [INFO] src.federated.server: Selected 3 clients out of 5 available (fraction=0.1, min_clients=3): ['vqc_client_1', 'vqc_client_0', 'vqc_client_2']
2025-05-03 11:33:25,553 [INFO] src.core.quantum_client: Client vqc_client_1: Starting local training (model type: vqc).
2025-05-03 11:33:32,876 [INFO] src.core.quantum_client: Client vqc_client_1 [VQC] - Epoch 1/2 completed. Average Loss: 0.5134
2025-05-03 11:33:40,470 [INFO] src.core.quantum_client: Client vqc_client_1 [VQC] - Epoch 2/2 completed. Average Loss: 0.5104
2025-05-03 11:33:40,470 [INFO] src.core.quantum_client: Client vqc_client_1 [VQC]: Local training finished. Processed 46 samples.
2025-05-03 11:33:40,471 [INFO] src.core.quantum_client: Client vqc_client_0: Starting local training (model type: vqc).
2025-05-03 11:33:48,063 [INFO] src.core.quantum_client: Client vqc_client_0 [VQC] - Epoch 1/2 completed. Average Loss: 0.4955
2025-05-03 11:33:55,814 [INFO] src.core.quantum_client: Client vqc_client_0 [VQC] - Epoch 2/2 completed. Average Loss: 0.4928
2025-05-03 11:33:55,814 [INFO] src.core.quantum_client: Client vqc_client_0 [VQC]: Local training finished. Processed 46 samples.
2025-05-03 11:33:55,815 [INFO] src.core.quantum_client: Client vqc_client_2: Starting local training (model type: vqc).
2025-05-03 11:34:03,375 [INFO] src.core.quantum_client: Client vqc_client_2 [VQC] - Epoch 1/2 completed. Average Loss: 0.5306
2025-05-03 11:34:10,603 [INFO] src.core.quantum_client: Client vqc_client_2 [VQC] - Epoch 2/2 completed. Average Loss: 0.5277
2025-05-03 11:34:10,604 [INFO] src.core.quantum_client: Client vqc_client_2 [VQC]: Local training finished. Processed 44 samples.
2025-05-03 11:34:10,604 [INFO] src.federated.server: Aggregating updates from 3 clients using QuantumAggregationStrategy.
2025-05-03 11:34:10,604 [INFO] src.core.quantum_manager: QuantumAggregationStrategy: Detected VQC parameter structure. Aggregating 'quantum_params'.
2025-05-03 11:34:10,605 [INFO] src.federated.server: Global model updated with aggregated parameters.
2025-05-03 11:34:10,605 [INFO] src.federated.server: Evaluating updated global model...
2025-05-03 11:34:10,605 [INFO] src.core.quantum_manager: Server: Starting evaluation (model type: vqc).
2025-05-03 11:34:10,973 [INFO] src.core.quantum_manager: Server VQC: Evaluation finished. Metrics: {'accuracy': 0.6052631578947368, 'loss': None}
2025-05-03 11:34:10,973 [INFO] src.federated.server: Round 3 completed in 45.42s. Eval Metrics: {'accuracy': 0.6052631578947368, 'loss': None}
2025-05-03 11:34:10,974 [INFO] src.federated.server: ===== Starting Round 4/15 =====
2025-05-03 11:34:10,974 [INFO] src.federated.server: Starting federated training round...
2025-05-03 11:34:10,974 [INFO] src.federated.server: Selected 3 clients out of 5 available (fraction=0.1, min_clients=3): ['vqc_client_4', 'vqc_client_0', 'vqc_client_2']
2025-05-03 11:34:10,975 [INFO] src.core.quantum_client: Client vqc_client_4: Starting local training (model type: vqc).
2025-05-03 11:34:18,081 [INFO] src.core.quantum_client: Client vqc_client_4 [VQC] - Epoch 1/2 completed. Average Loss: 0.4896
2025-05-03 11:34:25,438 [INFO] src.core.quantum_client: Client vqc_client_4 [VQC] - Epoch 2/2 completed. Average Loss: 0.4869
2025-05-03 11:34:25,438 [INFO] src.core.quantum_client: Client vqc_client_4 [VQC]: Local training finished. Processed 44 samples.
2025-05-03 11:34:25,439 [INFO] src.core.quantum_client: Client vqc_client_0: Starting local training (model type: vqc).
2025-05-03 11:34:32,445 [INFO] src.core.quantum_client: Client vqc_client_0 [VQC] - Epoch 1/2 completed. Average Loss: 0.4899
2025-05-03 11:34:39,696 [INFO] src.core.quantum_client: Client vqc_client_0 [VQC] - Epoch 2/2 completed. Average Loss: 0.4871
2025-05-03 11:34:39,697 [INFO] src.core.quantum_client: Client vqc_client_0 [VQC]: Local training finished. Processed 46 samples.
2025-05-03 11:34:39,697 [INFO] src.core.quantum_client: Client vqc_client_2: Starting local training (model type: vqc).
2025-05-03 11:34:47,119 [INFO] src.core.quantum_client: Client vqc_client_2 [VQC] - Epoch 1/2 completed. Average Loss: 0.5249
2025-05-03 11:34:54,348 [INFO] src.core.quantum_client: Client vqc_client_2 [VQC] - Epoch 2/2 completed. Average Loss: 0.5220
2025-05-03 11:34:54,349 [INFO] src.core.quantum_client: Client vqc_client_2 [VQC]: Local training finished. Processed 44 samples.
2025-05-03 11:34:54,349 [INFO] src.federated.server: Aggregating updates from 3 clients using QuantumAggregationStrategy.
2025-05-03 11:34:54,350 [INFO] src.core.quantum_manager: QuantumAggregationStrategy: Detected VQC parameter structure. Aggregating 'quantum_params'.
2025-05-03 11:34:54,350 [INFO] src.federated.server: Global model updated with aggregated parameters.
2025-05-03 11:34:54,351 [INFO] src.federated.server: Evaluating updated global model...
2025-05-03 11:34:54,351 [INFO] src.core.quantum_manager: Server: Starting evaluation (model type: vqc).
2025-05-03 11:34:54,759 [INFO] src.core.quantum_manager: Server VQC: Evaluation finished. Metrics: {'accuracy': 0.631578947368421, 'loss': None}
2025-05-03 11:34:54,759 [INFO] src.federated.server: Round 4 completed in 43.78s. Eval Metrics: {'accuracy': 0.631578947368421, 'loss': None}
2025-05-03 11:34:54,759 [INFO] src.federated.server: ===== Starting Round 5/15 =====
2025-05-03 11:34:54,759 [INFO] src.federated.server: Starting federated training round...
2025-05-03 11:34:54,760 [INFO] src.federated.server: Selected 3 clients out of 5 available (fraction=0.1, min_clients=3): ['vqc_client_3', 'vqc_client_0', 'vqc_client_4']
2025-05-03 11:34:54,760 [INFO] src.core.quantum_client: Client vqc_client_3: Starting local training (model type: vqc).
2025-05-03 11:35:02,216 [INFO] src.core.quantum_client: Client vqc_client_3 [VQC] - Epoch 1/2 completed. Average Loss: 0.4915
2025-05-03 11:35:09,985 [INFO] src.core.quantum_client: Client vqc_client_3 [VQC] - Epoch 2/2 completed. Average Loss: 0.4884
2025-05-03 11:35:09,985 [INFO] src.core.quantum_client: Client vqc_client_3 [VQC]: Local training finished. Processed 44 samples.
2025-05-03 11:35:09,986 [INFO] src.core.quantum_client: Client vqc_client_0: Starting local training (model type: vqc).
2025-05-03 11:35:17,733 [INFO] src.core.quantum_client: Client vqc_client_0 [VQC] - Epoch 1/2 completed. Average Loss: 0.4843
2025-05-03 11:35:25,258 [INFO] src.core.quantum_client: Client vqc_client_0 [VQC] - Epoch 2/2 completed. Average Loss: 0.4815
2025-05-03 11:35:25,259 [INFO] src.core.quantum_client: Client vqc_client_0 [VQC]: Local training finished. Processed 46 samples.
2025-05-03 11:35:25,259 [INFO] src.core.quantum_client: Client vqc_client_4: Starting local training (model type: vqc).
2025-05-03 11:35:32,095 [INFO] src.core.quantum_client: Client vqc_client_4 [VQC] - Epoch 1/2 completed. Average Loss: 0.4842
2025-05-03 11:35:39,258 [INFO] src.core.quantum_client: Client vqc_client_4 [VQC] - Epoch 2/2 completed. Average Loss: 0.4815
2025-05-03 11:35:39,258 [INFO] src.core.quantum_client: Client vqc_client_4 [VQC]: Local training finished. Processed 44 samples.
2025-05-03 11:35:39,259 [INFO] src.federated.server: Aggregating updates from 3 clients using QuantumAggregationStrategy.
2025-05-03 11:35:39,259 [INFO] src.core.quantum_manager: QuantumAggregationStrategy: Detected VQC parameter structure. Aggregating 'quantum_params'.
2025-05-03 11:35:39,259 [INFO] src.federated.server: Global model updated with aggregated parameters.
2025-05-03 11:35:39,260 [INFO] src.federated.server: Evaluating updated global model...
2025-05-03 11:35:39,260 [INFO] src.core.quantum_manager: Server: Starting evaluation (model type: vqc).
2025-05-03 11:35:39,621 [INFO] src.core.quantum_manager: Server VQC: Evaluation finished. Metrics: {'accuracy': 0.631578947368421, 'loss': None}
2025-05-03 11:35:39,622 [INFO] src.federated.server: Round 5 completed in 44.86s. Eval Metrics: {'accuracy': 0.631578947368421, 'loss': None}
2025-05-03 11:35:39,622 [INFO] src.federated.server: ===== Starting Round 6/15 =====
2025-05-03 11:35:39,622 [INFO] src.federated.server: Starting federated training round...
2025-05-03 11:35:39,623 [INFO] src.federated.server: Selected 3 clients out of 5 available (fraction=0.1, min_clients=3): ['vqc_client_0', 'vqc_client_1', 'vqc_client_4']
2025-05-03 11:35:39,623 [INFO] src.core.quantum_client: Client vqc_client_0: Starting local training (model type: vqc).
2025-05-03 11:35:47,522 [INFO] src.core.quantum_client: Client vqc_client_0 [VQC] - Epoch 1/2 completed. Average Loss: 0.4787
2025-05-03 11:35:55,495 [INFO] src.core.quantum_client: Client vqc_client_0 [VQC] - Epoch 2/2 completed. Average Loss: 0.4758
2025-05-03 11:35:55,496 [INFO] src.core.quantum_client: Client vqc_client_0 [VQC]: Local training finished. Processed 46 samples.
2025-05-03 11:35:55,496 [INFO] src.core.quantum_client: Client vqc_client_1: Starting local training (model type: vqc).
2025-05-03 11:36:02,854 [INFO] src.core.quantum_client: Client vqc_client_1 [VQC] - Epoch 1/2 completed. Average Loss: 0.4960
2025-05-03 11:36:11,052 [INFO] src.core.quantum_client: Client vqc_client_1 [VQC] - Epoch 2/2 completed. Average Loss: 0.4931
2025-05-03 11:36:11,052 [INFO] src.core.quantum_client: Client vqc_client_1 [VQC]: Local training finished. Processed 46 samples.
2025-05-03 11:36:11,053 [INFO] src.core.quantum_client: Client vqc_client_4: Starting local training (model type: vqc).
2025-05-03 11:36:18,372 [INFO] src.core.quantum_client: Client vqc_client_4 [VQC] - Epoch 1/2 completed. Average Loss: 0.4788
2025-05-03 11:36:25,318 [INFO] src.core.quantum_client: Client vqc_client_4 [VQC] - Epoch 2/2 completed. Average Loss: 0.4761
2025-05-03 11:36:25,318 [INFO] src.core.quantum_client: Client vqc_client_4 [VQC]: Local training finished. Processed 44 samples.
2025-05-03 11:36:25,318 [INFO] src.federated.server: Aggregating updates from 3 clients using QuantumAggregationStrategy.
2025-05-03 11:36:25,319 [INFO] src.core.quantum_manager: QuantumAggregationStrategy: Detected VQC parameter structure. Aggregating 'quantum_params'.
2025-05-03 11:36:25,319 [INFO] src.federated.server: Global model updated with aggregated parameters.
2025-05-03 11:36:25,320 [INFO] src.federated.server: Evaluating updated global model...
2025-05-03 11:36:25,320 [INFO] src.core.quantum_manager: Server: Starting evaluation (model type: vqc).
2025-05-03 11:36:25,668 [INFO] src.core.quantum_manager: Server VQC: Evaluation finished. Metrics: {'accuracy': 0.631578947368421, 'loss': None}
2025-05-03 11:36:25,668 [INFO] src.federated.server: Round 6 completed in 46.05s. Eval Metrics: {'accuracy': 0.631578947368421, 'loss': None}
2025-05-03 11:36:25,668 [INFO] src.federated.server: ===== Starting Round 7/15 =====
2025-05-03 11:36:25,668 [INFO] src.federated.server: Starting federated training round...
2025-05-03 11:36:25,669 [INFO] src.federated.server: Selected 3 clients out of 5 available (fraction=0.1, min_clients=3): ['vqc_client_4', 'vqc_client_0', 'vqc_client_2']
2025-05-03 11:36:25,669 [INFO] src.core.quantum_client: Client vqc_client_4: Starting local training (model type: vqc).
2025-05-03 11:36:32,344 [INFO] src.core.quantum_client: Client vqc_client_4 [VQC] - Epoch 1/2 completed. Average Loss: 0.4734
2025-05-03 11:36:39,484 [INFO] src.core.quantum_client: Client vqc_client_4 [VQC] - Epoch 2/2 completed. Average Loss: 0.4706
2025-05-03 11:36:39,484 [INFO] src.core.quantum_client: Client vqc_client_4 [VQC]: Local training finished. Processed 44 samples.
2025-05-03 11:36:39,485 [INFO] src.core.quantum_client: Client vqc_client_0: Starting local training (model type: vqc).
2025-05-03 11:36:46,947 [INFO] src.core.quantum_client: Client vqc_client_0 [VQC] - Epoch 1/2 completed. Average Loss: 0.4730
2025-05-03 11:36:54,869 [INFO] src.core.quantum_client: Client vqc_client_0 [VQC] - Epoch 2/2 completed. Average Loss: 0.4702
2025-05-03 11:36:54,869 [INFO] src.core.quantum_client: Client vqc_client_0 [VQC]: Local training finished. Processed 46 samples.
2025-05-03 11:36:54,870 [INFO] src.core.quantum_client: Client vqc_client_2: Starting local training (model type: vqc).
2025-05-03 11:37:01,968 [INFO] src.core.quantum_client: Client vqc_client_2 [VQC] - Epoch 1/2 completed. Average Loss: 0.5078
2025-05-03 11:37:09,388 [INFO] src.core.quantum_client: Client vqc_client_2 [VQC] - Epoch 2/2 completed. Average Loss: 0.5048
2025-05-03 11:37:09,389 [INFO] src.core.quantum_client: Client vqc_client_2 [VQC]: Local training finished. Processed 44 samples.
2025-05-03 11:37:09,389 [INFO] src.federated.server: Aggregating updates from 3 clients using QuantumAggregationStrategy.
2025-05-03 11:37:09,389 [INFO] src.core.quantum_manager: QuantumAggregationStrategy: Detected VQC parameter structure. Aggregating 'quantum_params'.
2025-05-03 11:37:09,390 [INFO] src.federated.server: Global model updated with aggregated parameters.
2025-05-03 11:37:09,390 [INFO] src.federated.server: Evaluating updated global model...
2025-05-03 11:37:09,390 [INFO] src.core.quantum_manager: Server: Starting evaluation (model type: vqc).
2025-05-03 11:37:09,707 [INFO] src.core.quantum_manager: Server VQC: Evaluation finished. Metrics: {'accuracy': 0.6578947368421053, 'loss': None}
2025-05-03 11:37:09,707 [INFO] src.federated.server: Round 7 completed in 44.04s. Eval Metrics: {'accuracy': 0.6578947368421053, 'loss': None}
2025-05-03 11:37:09,707 [INFO] src.federated.server: ===== Starting Round 8/15 =====
2025-05-03 11:37:09,707 [INFO] src.federated.server: Starting federated training round...
2025-05-03 11:37:09,708 [INFO] src.federated.server: Selected 3 clients out of 5 available (fraction=0.1, min_clients=3): ['vqc_client_1', 'vqc_client_3', 'vqc_client_0']
2025-05-03 11:37:09,708 [INFO] src.core.quantum_client: Client vqc_client_1: Starting local training (model type: vqc).
2025-05-03 11:37:17,258 [INFO] src.core.quantum_client: Client vqc_client_1 [VQC] - Epoch 1/2 completed. Average Loss: 0.4844
2025-05-03 11:37:24,783 [INFO] src.core.quantum_client: Client vqc_client_1 [VQC] - Epoch 2/2 completed. Average Loss: 0.4814
2025-05-03 11:37:24,784 [INFO] src.core.quantum_client: Client vqc_client_1 [VQC]: Local training finished. Processed 46 samples.
2025-05-03 11:37:24,784 [INFO] src.core.quantum_client: Client vqc_client_3: Starting local training (model type: vqc).
2025-05-03 11:37:31,632 [INFO] src.core.quantum_client: Client vqc_client_3 [VQC] - Epoch 1/2 completed. Average Loss: 0.4735
2025-05-03 11:37:38,216 [INFO] src.core.quantum_client: Client vqc_client_3 [VQC] - Epoch 2/2 completed. Average Loss: 0.4703
2025-05-03 11:37:38,217 [INFO] src.core.quantum_client: Client vqc_client_3 [VQC]: Local training finished. Processed 44 samples.
2025-05-03 11:37:38,217 [INFO] src.core.quantum_client: Client vqc_client_0: Starting local training (model type: vqc).
2025-05-03 11:37:45,214 [INFO] src.core.quantum_client: Client vqc_client_0 [VQC] - Epoch 1/2 completed. Average Loss: 0.4674
2025-05-03 11:37:52,930 [INFO] src.core.quantum_client: Client vqc_client_0 [VQC] - Epoch 2/2 completed. Average Loss: 0.4645
2025-05-03 11:37:52,930 [INFO] src.core.quantum_client: Client vqc_client_0 [VQC]: Local training finished. Processed 46 samples.
2025-05-03 11:37:52,931 [INFO] src.federated.server: Aggregating updates from 3 clients using QuantumAggregationStrategy.
2025-05-03 11:37:52,931 [INFO] src.core.quantum_manager: QuantumAggregationStrategy: Detected VQC parameter structure. Aggregating 'quantum_params'.
2025-05-03 11:37:52,932 [INFO] src.federated.server: Global model updated with aggregated parameters.
2025-05-03 11:37:52,932 [INFO] src.federated.server: Evaluating updated global model...
2025-05-03 11:37:52,933 [INFO] src.core.quantum_manager: Server: Starting evaluation (model type: vqc).
2025-05-03 11:37:53,360 [INFO] src.core.quantum_manager: Server VQC: Evaluation finished. Metrics: {'accuracy': 0.6578947368421053, 'loss': None}
2025-05-03 11:37:53,361 [INFO] src.federated.server: Round 8 completed in 43.65s. Eval Metrics: {'accuracy': 0.6578947368421053, 'loss': None}
2025-05-03 11:37:53,361 [INFO] src.federated.server: ===== Starting Round 9/15 =====
2025-05-03 11:37:53,361 [INFO] src.federated.server: Starting federated training round...
2025-05-03 11:37:53,362 [INFO] src.federated.server: Selected 3 clients out of 5 available (fraction=0.1, min_clients=3): ['vqc_client_3', 'vqc_client_2', 'vqc_client_0']
2025-05-03 11:37:53,362 [INFO] src.core.quantum_client: Client vqc_client_3: Starting local training (model type: vqc).
2025-05-03 11:38:00,530 [INFO] src.core.quantum_client: Client vqc_client_3 [VQC] - Epoch 1/2 completed. Average Loss: 0.4674
2025-05-03 11:38:07,751 [INFO] src.core.quantum_client: Client vqc_client_3 [VQC] - Epoch 2/2 completed. Average Loss: 0.4642
2025-05-03 11:38:07,751 [INFO] src.core.quantum_client: Client vqc_client_3 [VQC]: Local training finished. Processed 44 samples.
2025-05-03 11:38:07,751 [INFO] src.core.quantum_client: Client vqc_client_2: Starting local training (model type: vqc).
2025-05-03 11:38:15,207 [INFO] src.core.quantum_client: Client vqc_client_2 [VQC] - Epoch 1/2 completed. Average Loss: 0.4961
2025-05-03 11:38:22,347 [INFO] src.core.quantum_client: Client vqc_client_2 [VQC] - Epoch 2/2 completed. Average Loss: 0.4930
2025-05-03 11:38:22,348 [INFO] src.core.quantum_client: Client vqc_client_2 [VQC]: Local training finished. Processed 44 samples.
2025-05-03 11:38:22,348 [INFO] src.core.quantum_client: Client vqc_client_0: Starting local training (model type: vqc).
2025-05-03 11:38:29,829 [INFO] src.core.quantum_client: Client vqc_client_0 [VQC] - Epoch 1/2 completed. Average Loss: 0.4616
2025-05-03 11:38:37,535 [INFO] src.core.quantum_client: Client vqc_client_0 [VQC] - Epoch 2/2 completed. Average Loss: 0.4588
2025-05-03 11:38:37,535 [INFO] src.core.quantum_client: Client vqc_client_0 [VQC]: Local training finished. Processed 46 samples.
2025-05-03 11:38:37,535 [INFO] src.federated.server: Aggregating updates from 3 clients using QuantumAggregationStrategy.
2025-05-03 11:38:37,536 [INFO] src.core.quantum_manager: QuantumAggregationStrategy: Detected VQC parameter structure. Aggregating 'quantum_params'.
2025-05-03 11:38:37,536 [INFO] src.federated.server: Global model updated with aggregated parameters.
2025-05-03 11:38:37,536 [INFO] src.federated.server: Evaluating updated global model...
2025-05-03 11:38:37,537 [INFO] src.core.quantum_manager: Server: Starting evaluation (model type: vqc).
2025-05-03 11:38:37,880 [INFO] src.core.quantum_manager: Server VQC: Evaluation finished. Metrics: {'accuracy': 0.6578947368421053, 'loss': None}
2025-05-03 11:38:37,880 [INFO] src.federated.server: Round 9 completed in 44.52s. Eval Metrics: {'accuracy': 0.6578947368421053, 'loss': None}
2025-05-03 11:38:37,881 [INFO] src.federated.server: ===== Starting Round 10/15 =====
2025-05-03 11:38:37,881 [INFO] src.federated.server: Starting federated training round...
2025-05-03 11:38:37,881 [INFO] src.federated.server: Selected 3 clients out of 5 available (fraction=0.1, min_clients=3): ['vqc_client_1', 'vqc_client_3', 'vqc_client_4']
2025-05-03 11:38:37,881 [INFO] src.core.quantum_client: Client vqc_client_1: Starting local training (model type: vqc).
2025-05-03 11:38:45,576 [INFO] src.core.quantum_client: Client vqc_client_1 [VQC] - Epoch 1/2 completed. Average Loss: 0.4727
2025-05-03 11:38:53,407 [INFO] src.core.quantum_client: Client vqc_client_1 [VQC] - Epoch 2/2 completed. Average Loss: 0.4698
2025-05-03 11:38:53,408 [INFO] src.core.quantum_client: Client vqc_client_1 [VQC]: Local training finished. Processed 46 samples.
2025-05-03 11:38:53,408 [INFO] src.core.quantum_client: Client vqc_client_3: Starting local training (model type: vqc).
2025-05-03 11:39:01,017 [INFO] src.core.quantum_client: Client vqc_client_3 [VQC] - Epoch 1/2 completed. Average Loss: 0.4613
2025-05-03 11:39:07,978 [INFO] src.core.quantum_client: Client vqc_client_3 [VQC] - Epoch 2/2 completed. Average Loss: 0.4582
2025-05-03 11:39:07,979 [INFO] src.core.quantum_client: Client vqc_client_3 [VQC]: Local training finished. Processed 44 samples.
2025-05-03 11:39:07,979 [INFO] src.core.quantum_client: Client vqc_client_4: Starting local training (model type: vqc).
2025-05-03 11:39:15,154 [INFO] src.core.quantum_client: Client vqc_client_4 [VQC] - Epoch 1/2 completed. Average Loss: 0.4571
2025-05-03 11:39:22,535 [INFO] src.core.quantum_client: Client vqc_client_4 [VQC] - Epoch 2/2 completed. Average Loss: 0.4544
2025-05-03 11:39:22,535 [INFO] src.core.quantum_client: Client vqc_client_4 [VQC]: Local training finished. Processed 44 samples.
2025-05-03 11:39:22,536 [INFO] src.federated.server: Aggregating updates from 3 clients using QuantumAggregationStrategy.
2025-05-03 11:39:22,536 [INFO] src.core.quantum_manager: QuantumAggregationStrategy: Detected VQC parameter structure. Aggregating 'quantum_params'.
2025-05-03 11:39:22,537 [INFO] src.federated.server: Global model updated with aggregated parameters.
2025-05-03 11:39:22,537 [INFO] src.federated.server: Evaluating updated global model...
2025-05-03 11:39:22,537 [INFO] src.core.quantum_manager: Server: Starting evaluation (model type: vqc).
2025-05-03 11:39:22,930 [INFO] src.core.quantum_manager: Server VQC: Evaluation finished. Metrics: {'accuracy': 0.631578947368421, 'loss': None}
2025-05-03 11:39:22,930 [INFO] src.federated.server: Round 10 completed in 45.05s. Eval Metrics: {'accuracy': 0.631578947368421, 'loss': None}
2025-05-03 11:39:22,931 [INFO] src.federated.server: ===== Starting Round 11/15 =====
2025-05-03 11:39:22,931 [INFO] src.federated.server: Starting federated training round...
2025-05-03 11:39:22,932 [INFO] src.federated.server: Selected 3 clients out of 5 available (fraction=0.1, min_clients=3): ['vqc_client_2', 'vqc_client_1', 'vqc_client_0']
2025-05-03 11:39:22,932 [INFO] src.core.quantum_client: Client vqc_client_2: Starting local training (model type: vqc).
2025-05-03 11:39:29,674 [INFO] src.core.quantum_client: Client vqc_client_2 [VQC] - Epoch 1/2 completed. Average Loss: 0.4842
2025-05-03 11:39:36,499 [INFO] src.core.quantum_client: Client vqc_client_2 [VQC] - Epoch 2/2 completed. Average Loss: 0.4812
2025-05-03 11:39:36,499 [INFO] src.core.quantum_client: Client vqc_client_2 [VQC]: Local training finished. Processed 44 samples.
2025-05-03 11:39:36,499 [INFO] src.core.quantum_client: Client vqc_client_1: Starting local training (model type: vqc).
2025-05-03 11:39:43,440 [INFO] src.core.quantum_client: Client vqc_client_1 [VQC] - Epoch 1/2 completed. Average Loss: 0.4669
2025-05-03 11:39:50,700 [INFO] src.core.quantum_client: Client vqc_client_1 [VQC] - Epoch 2/2 completed. Average Loss: 0.4640
2025-05-03 11:39:50,701 [INFO] src.core.quantum_client: Client vqc_client_1 [VQC]: Local training finished. Processed 46 samples.
2025-05-03 11:39:50,702 [INFO] src.core.quantum_client: Client vqc_client_0: Starting local training (model type: vqc).
2025-05-03 11:39:58,046 [INFO] src.core.quantum_client: Client vqc_client_0 [VQC] - Epoch 1/2 completed. Average Loss: 0.4502
2025-05-03 11:40:05,781 [INFO] src.core.quantum_client: Client vqc_client_0 [VQC] - Epoch 2/2 completed. Average Loss: 0.4474
2025-05-03 11:40:05,782 [INFO] src.core.quantum_client: Client vqc_client_0 [VQC]: Local training finished. Processed 46 samples.
2025-05-03 11:40:05,782 [INFO] src.federated.server: Aggregating updates from 3 clients using QuantumAggregationStrategy.
2025-05-03 11:40:05,783 [INFO] src.core.quantum_manager: QuantumAggregationStrategy: Detected VQC parameter structure. Aggregating 'quantum_params'.
2025-05-03 11:40:05,783 [INFO] src.federated.server: Global model updated with aggregated parameters.
2025-05-03 11:40:05,783 [INFO] src.federated.server: Evaluating updated global model...
2025-05-03 11:40:05,783 [INFO] src.core.quantum_manager: Server: Starting evaluation (model type: vqc).
2025-05-03 11:40:06,214 [INFO] src.core.quantum_manager: Server VQC: Evaluation finished. Metrics: {'accuracy': 0.631578947368421, 'loss': None}
2025-05-03 11:40:06,214 [INFO] src.federated.server: Round 11 completed in 43.28s. Eval Metrics: {'accuracy': 0.631578947368421, 'loss': None}
2025-05-03 11:40:06,214 [INFO] src.federated.server: ===== Starting Round 12/15 =====
2025-05-03 11:40:06,215 [INFO] src.federated.server: Starting federated training round...
2025-05-03 11:40:06,215 [INFO] src.federated.server: Selected 3 clients out of 5 available (fraction=0.1, min_clients=3): ['vqc_client_2', 'vqc_client_0', 'vqc_client_3']
2025-05-03 11:40:06,215 [INFO] src.core.quantum_client: Client vqc_client_2: Starting local training (model type: vqc).
2025-05-03 11:40:13,279 [INFO] src.core.quantum_client: Client vqc_client_2 [VQC] - Epoch 1/2 completed. Average Loss: 0.4783
2025-05-03 11:40:20,490 [INFO] src.core.quantum_client: Client vqc_client_2 [VQC] - Epoch 2/2 completed. Average Loss: 0.4753
2025-05-03 11:40:20,491 [INFO] src.core.quantum_client: Client vqc_client_2 [VQC]: Local training finished. Processed 44 samples.
2025-05-03 11:40:20,491 [INFO] src.core.quantum_client: Client vqc_client_0: Starting local training (model type: vqc).
2025-05-03 11:40:28,165 [INFO] src.core.quantum_client: Client vqc_client_0 [VQC] - Epoch 1/2 completed. Average Loss: 0.4446
2025-05-03 11:40:35,804 [INFO] src.core.quantum_client: Client vqc_client_0 [VQC] - Epoch 2/2 completed. Average Loss: 0.4418
2025-05-03 11:40:35,804 [INFO] src.core.quantum_client: Client vqc_client_0 [VQC]: Local training finished. Processed 46 samples.
2025-05-03 11:40:35,805 [INFO] src.core.quantum_client: Client vqc_client_3: Starting local training (model type: vqc).
2025-05-03 11:40:42,866 [INFO] src.core.quantum_client: Client vqc_client_3 [VQC] - Epoch 1/2 completed. Average Loss: 0.4493
2025-05-03 11:40:49,635 [INFO] src.core.quantum_client: Client vqc_client_3 [VQC] - Epoch 2/2 completed. Average Loss: 0.4462
2025-05-03 11:40:49,636 [INFO] src.core.quantum_client: Client vqc_client_3 [VQC]: Local training finished. Processed 44 samples.
2025-05-03 11:40:49,636 [INFO] src.federated.server: Aggregating updates from 3 clients using QuantumAggregationStrategy.
2025-05-03 11:40:49,637 [INFO] src.core.quantum_manager: QuantumAggregationStrategy: Detected VQC parameter structure. Aggregating 'quantum_params'.
2025-05-03 11:40:49,637 [INFO] src.federated.server: Global model updated with aggregated parameters.
2025-05-03 11:40:49,638 [INFO] src.federated.server: Evaluating updated global model...
2025-05-03 11:40:49,638 [INFO] src.core.quantum_manager: Server: Starting evaluation (model type: vqc).
2025-05-03 11:40:50,006 [INFO] src.core.quantum_manager: Server VQC: Evaluation finished. Metrics: {'accuracy': 0.631578947368421, 'loss': None}
2025-05-03 11:40:50,006 [INFO] src.federated.server: Round 12 completed in 43.79s. Eval Metrics: {'accuracy': 0.631578947368421, 'loss': None}
2025-05-03 11:40:50,007 [INFO] src.federated.server: ===== Starting Round 13/15 =====
2025-05-03 11:40:50,007 [INFO] src.federated.server: Starting federated training round...
2025-05-03 11:40:50,007 [INFO] src.federated.server: Selected 3 clients out of 5 available (fraction=0.1, min_clients=3): ['vqc_client_3', 'vqc_client_0', 'vqc_client_1']
2025-05-03 11:40:50,007 [INFO] src.core.quantum_client: Client vqc_client_3: Starting local training (model type: vqc).
2025-05-03 11:40:57,584 [INFO] src.core.quantum_client: Client vqc_client_3 [VQC] - Epoch 1/2 completed. Average Loss: 0.4433
2025-05-03 11:41:04,881 [INFO] src.core.quantum_client: Client vqc_client_3 [VQC] - Epoch 2/2 completed. Average Loss: 0.4403
2025-05-03 11:41:04,882 [INFO] src.core.quantum_client: Client vqc_client_3 [VQC]: Local training finished. Processed 44 samples.
2025-05-03 11:41:04,882 [INFO] src.core.quantum_client: Client vqc_client_0: Starting local training (model type: vqc).
2025-05-03 11:41:12,570 [INFO] src.core.quantum_client: Client vqc_client_0 [VQC] - Epoch 1/2 completed. Average Loss: 0.4389
2025-05-03 11:41:19,754 [INFO] src.core.quantum_client: Client vqc_client_0 [VQC] - Epoch 2/2 completed. Average Loss: 0.4361
2025-05-03 11:41:19,755 [INFO] src.core.quantum_client: Client vqc_client_0 [VQC]: Local training finished. Processed 46 samples.
2025-05-03 11:41:19,755 [INFO] src.core.quantum_client: Client vqc_client_1: Starting local training (model type: vqc).
2025-05-03 11:41:26,781 [INFO] src.core.quantum_client: Client vqc_client_1 [VQC] - Epoch 1/2 completed. Average Loss: 0.4554
2025-05-03 11:41:33,875 [INFO] src.core.quantum_client: Client vqc_client_1 [VQC] - Epoch 2/2 completed. Average Loss: 0.4526
2025-05-03 11:41:33,875 [INFO] src.core.quantum_client: Client vqc_client_1 [VQC]: Local training finished. Processed 46 samples.
2025-05-03 11:41:33,875 [INFO] src.federated.server: Aggregating updates from 3 clients using QuantumAggregationStrategy.
2025-05-03 11:41:33,876 [INFO] src.core.quantum_manager: QuantumAggregationStrategy: Detected VQC parameter structure. Aggregating 'quantum_params'.
2025-05-03 11:41:33,876 [INFO] src.federated.server: Global model updated with aggregated parameters.
2025-05-03 11:41:33,876 [INFO] src.federated.server: Evaluating updated global model...
2025-05-03 11:41:33,877 [INFO] src.core.quantum_manager: Server: Starting evaluation (model type: vqc).
2025-05-03 11:41:34,259 [INFO] src.core.quantum_manager: Server VQC: Evaluation finished. Metrics: {'accuracy': 0.6578947368421053, 'loss': None}
2025-05-03 11:41:34,260 [INFO] src.federated.server: Round 13 completed in 44.25s. Eval Metrics: {'accuracy': 0.6578947368421053, 'loss': None}
2025-05-03 11:41:34,260 [INFO] src.federated.server: ===== Starting Round 14/15 =====
2025-05-03 11:41:34,260 [INFO] src.federated.server: Starting federated training round...
2025-05-03 11:41:34,260 [INFO] src.federated.server: Selected 3 clients out of 5 available (fraction=0.1, min_clients=3): ['vqc_client_2', 'vqc_client_4', 'vqc_client_0']
2025-05-03 11:41:34,261 [INFO] src.core.quantum_client: Client vqc_client_2: Starting local training (model type: vqc).
2025-05-03 11:41:41,259 [INFO] src.core.quantum_client: Client vqc_client_2 [VQC] - Epoch 1/2 completed. Average Loss: 0.4666
2025-05-03 11:41:48,029 [INFO] src.core.quantum_client: Client vqc_client_2 [VQC] - Epoch 2/2 completed. Average Loss: 0.4636
2025-05-03 11:41:48,029 [INFO] src.core.quantum_client: Client vqc_client_2 [VQC]: Local training finished. Processed 44 samples.
2025-05-03 11:41:48,030 [INFO] src.core.quantum_client: Client vqc_client_4: Starting local training (model type: vqc).
2025-05-03 11:41:54,863 [INFO] src.core.quantum_client: Client vqc_client_4 [VQC] - Epoch 1/2 completed. Average Loss: 0.4357
2025-05-03 11:42:01,670 [INFO] src.core.quantum_client: Client vqc_client_4 [VQC] - Epoch 2/2 completed. Average Loss: 0.4331
2025-05-03 11:42:01,671 [INFO] src.core.quantum_client: Client vqc_client_4 [VQC]: Local training finished. Processed 44 samples.
2025-05-03 11:42:01,671 [INFO] src.core.quantum_client: Client vqc_client_0: Starting local training (model type: vqc).
2025-05-03 11:42:09,878 [INFO] src.core.quantum_client: Client vqc_client_0 [VQC] - Epoch 1/2 completed. Average Loss: 0.4333
2025-05-03 11:42:18,116 [INFO] src.core.quantum_client: Client vqc_client_0 [VQC] - Epoch 2/2 completed. Average Loss: 0.4306
2025-05-03 11:42:18,116 [INFO] src.core.quantum_client: Client vqc_client_0 [VQC]: Local training finished. Processed 46 samples.
2025-05-03 11:42:18,117 [INFO] src.federated.server: Aggregating updates from 3 clients using QuantumAggregationStrategy.
2025-05-03 11:42:18,117 [INFO] src.core.quantum_manager: QuantumAggregationStrategy: Detected VQC parameter structure. Aggregating 'quantum_params'.
2025-05-03 11:42:18,117 [INFO] src.federated.server: Global model updated with aggregated parameters.
2025-05-03 11:42:18,118 [INFO] src.federated.server: Evaluating updated global model...
2025-05-03 11:42:18,118 [INFO] src.core.quantum_manager: Server: Starting evaluation (model type: vqc).
2025-05-03 11:42:18,502 [INFO] src.core.quantum_manager: Server VQC: Evaluation finished. Metrics: {'accuracy': 0.6578947368421053, 'loss': None}
2025-05-03 11:42:18,502 [INFO] src.federated.server: Round 14 completed in 44.24s. Eval Metrics: {'accuracy': 0.6578947368421053, 'loss': None}
2025-05-03 11:42:18,503 [INFO] src.federated.server: ===== Starting Round 15/15 =====
2025-05-03 11:42:18,503 [INFO] src.federated.server: Starting federated training round...
2025-05-03 11:42:18,503 [INFO] src.federated.server: Selected 3 clients out of 5 available (fraction=0.1, min_clients=3): ['vqc_client_3', 'vqc_client_0', 'vqc_client_1']
2025-05-03 11:42:18,503 [INFO] src.core.quantum_client: Client vqc_client_3: Starting local training (model type: vqc).
2025-05-03 11:42:25,248 [INFO] src.core.quantum_client: Client vqc_client_3 [VQC] - Epoch 1/2 completed. Average Loss: 0.4318
2025-05-03 11:42:32,311 [INFO] src.core.quantum_client: Client vqc_client_3 [VQC] - Epoch 2/2 completed. Average Loss: 0.4288
2025-05-03 11:42:32,312 [INFO] src.core.quantum_client: Client vqc_client_3 [VQC]: Local training finished. Processed 44 samples.
2025-05-03 11:42:32,312 [INFO] src.core.quantum_client: Client vqc_client_0: Starting local training (model type: vqc).
2025-05-03 11:42:39,273 [INFO] src.core.quantum_client: Client vqc_client_0 [VQC] - Epoch 1/2 completed. Average Loss: 0.4278
2025-05-03 11:42:46,265 [INFO] src.core.quantum_client: Client vqc_client_0 [VQC] - Epoch 2/2 completed. Average Loss: 0.4251
2025-05-03 11:42:46,266 [INFO] src.core.quantum_client: Client vqc_client_0 [VQC]: Local training finished. Processed 46 samples.
2025-05-03 11:42:46,266 [INFO] src.core.quantum_client: Client vqc_client_1: Starting local training (model type: vqc).
2025-05-03 11:42:52,891 [INFO] src.core.quantum_client: Client vqc_client_1 [VQC] - Epoch 1/2 completed. Average Loss: 0.4442
2025-05-03 11:43:00,006 [INFO] src.core.quantum_client: Client vqc_client_1 [VQC] - Epoch 2/2 completed. Average Loss: 0.4414
2025-05-03 11:43:00,006 [INFO] src.core.quantum_client: Client vqc_client_1 [VQC]: Local training finished. Processed 46 samples.
2025-05-03 11:43:00,006 [INFO] src.federated.server: Aggregating updates from 3 clients using QuantumAggregationStrategy.
2025-05-03 11:43:00,007 [INFO] src.core.quantum_manager: QuantumAggregationStrategy: Detected VQC parameter structure. Aggregating 'quantum_params'.
2025-05-03 11:43:00,007 [INFO] src.federated.server: Global model updated with aggregated parameters.
2025-05-03 11:43:00,007 [INFO] src.federated.server: Evaluating updated global model...
2025-05-03 11:43:00,007 [INFO] src.core.quantum_manager: Server: Starting evaluation (model type: vqc).
2025-05-03 11:43:00,315 [INFO] src.core.quantum_manager: Server VQC: Evaluation finished. Metrics: {'accuracy': 0.6578947368421053, 'loss': None}
2025-05-03 11:43:00,316 [INFO] src.federated.server: Round 15 completed in 41.81s. Eval Metrics: {'accuracy': 0.6578947368421053, 'loss': None}
2025-05-03 11:43:00,316 [INFO] src.federated.server: Federated training process completed after 15 rounds.
2025-05-03 11:43:00,316 [INFO] ExperimentRunner: ========== Finished Iris_VQC_FedProx_IID_PCA3 ==========

2025-05-03 11:43:00,316 [INFO] ExperimentRunner: ========== Starting Iris_Hybrid_FedAvg_IID_PCA3 ==========
2025-05-03 11:43:00,317 [INFO] ExperimentRunner: --- Setting up experiment: Iris_Hybrid_FedAvg_IID_PCA3 ---
2025-05-03 11:43:00,318 [INFO] src.utils.data_utils: Set random seed to 42
2025-05-03 11:43:00,324 [INFO] src.utils.data_utils: Successfully loaded configuration from /home/dhanraj/quantum_federated_simulator/configs/federated/server_config.yaml
2025-05-03 11:43:00,332 [INFO] src.utils.data_utils: Successfully loaded configuration from /home/dhanraj/quantum_federated_simulator/configs/federated/client_config.yaml
2025-05-03 11:43:00,341 [INFO] src.utils.data_utils: Successfully loaded configuration from /home/dhanraj/quantum_federated_simulator/configs/federated/default_aggregation.yaml
2025-05-03 11:43:00,341 [INFO] ExperimentRunner: Quantum model specified: Reloading data with PCA features=3
2025-05-03 11:43:00,342 [INFO] src.utils.data_utils: Loading Iris data. Target features: 3. Normalize: True
2025-05-03 11:43:00,346 [INFO] src.utils.data_utils: Applying PCA to reduce features from 4 to 3
2025-05-03 11:43:00,348 [INFO] src.utils.data_utils: PCA completed. Explained variance ratio sum: 0.9948
2025-05-03 11:43:00,348 [INFO] src.utils.data_utils: Applying MinMaxScaler to scale features to [-1, 1] range.
2025-05-03 11:43:00,352 [INFO] src.utils.data_utils: Iris data loaded. Train size: 112, Test size: 38, Features: 3
2025-05-03 11:43:00,352 [INFO] src.utils.data_utils: Partitioning data IID among 5 clients.
2025-05-03 11:43:00,352 [INFO] src.utils.data_utils: Data partitioning complete.
2025-05-03 11:43:00,353 [INFO] ExperimentRunner: Creating model of type: hybrid
2025-05-03 11:43:00,353 [INFO] src.quantum.models: Initializing HybridQuantumModel: Input=3, Hidden=8, Output=3, Qubits=3, QCircuit='basic'
2025-05-03 11:43:00,355 [INFO] src.quantum.models: Initializing QNN Layer: qubits=3, layers=1, circuit='basic', device='default.qubit', shots=None
2025-05-03 11:43:00,355 [INFO] src.quantum.utils: Loading PennyLane device 'default.qubit' with wires=3, shots=None, kwargs={}
2025-05-03 11:43:00,356 [INFO] src.quantum.utils: Device 'default.qubit' loaded successfully.
2025-05-03 11:43:00,356 [INFO] src.quantum.circuits: Creating basic circuit with 3 qubits, 1 layers.
2025-05-03 11:43:00,357 [INFO] src.quantum.circuits: Basic circuit expects 9 trainable parameters.
2025-05-03 11:43:00,357 [INFO] src.quantum.models: QNN circuit requires 9 parameters.
2025-05-03 11:43:00,357 [INFO] src.quantum.models: Using differentiation method: backprop
2025-05-03 11:43:00,402 [INFO] src.quantum.models: Inferred QNN output dimension: 3
2025-05-03 11:43:00,403 [INFO] src.federated.aggregation: Creating aggregation strategy of type: fedavg
2025-05-03 11:43:00,403 [INFO] ExperimentRunner: Using aggregation strategy: FedAvg
2025-05-03 11:43:00,404 [INFO] src.core.quantum_manager: QuantumServer: Initializing with model type 'hybrid'.
2025-05-03 11:43:01,066 [INFO] src.federated.server: Federated server initialized on device 'cuda' with aggregation strategy: FedAvg
2025-05-03 11:43:01,067 [INFO] ExperimentRunner: Creating model of type: hybrid
2025-05-03 11:43:01,067 [INFO] src.quantum.models: Initializing HybridQuantumModel: Input=3, Hidden=8, Output=3, Qubits=3, QCircuit='basic'
2025-05-03 11:43:01,068 [INFO] src.quantum.models: Initializing QNN Layer: qubits=3, layers=1, circuit='basic', device='default.qubit', shots=None
2025-05-03 11:43:01,069 [INFO] src.quantum.utils: Loading PennyLane device 'default.qubit' with wires=3, shots=None, kwargs={}
2025-05-03 11:43:01,069 [INFO] src.quantum.utils: Device 'default.qubit' loaded successfully.
2025-05-03 11:43:01,069 [INFO] src.quantum.circuits: Creating basic circuit with 3 qubits, 1 layers.
2025-05-03 11:43:01,070 [INFO] src.quantum.circuits: Basic circuit expects 9 trainable parameters.
2025-05-03 11:43:01,070 [INFO] src.quantum.models: QNN circuit requires 9 parameters.
2025-05-03 11:43:01,070 [INFO] src.quantum.models: Using differentiation method: backprop
2025-05-03 11:43:01,087 [INFO] src.quantum.models: Inferred QNN output dimension: 3
2025-05-03 11:43:01,089 [INFO] src.core.quantum_client: QuantumClient hybrid_client_0: Initializing with model type 'hybrid'.
2025-05-03 11:43:01,091 [INFO] src.federated.client: Client hybrid_client_0 initialized on device 'cuda' with 23 samples.
2025-05-03 11:43:01,091 [INFO] src.federated.server: Registered client 'hybrid_client_0'. Total clients: 1.
2025-05-03 11:43:01,092 [INFO] ExperimentRunner: Creating model of type: hybrid
2025-05-03 11:43:01,092 [INFO] src.quantum.models: Initializing HybridQuantumModel: Input=3, Hidden=8, Output=3, Qubits=3, QCircuit='basic'
2025-05-03 11:43:01,093 [INFO] src.quantum.models: Initializing QNN Layer: qubits=3, layers=1, circuit='basic', device='default.qubit', shots=None
2025-05-03 11:43:01,093 [INFO] src.quantum.utils: Loading PennyLane device 'default.qubit' with wires=3, shots=None, kwargs={}
2025-05-03 11:43:01,094 [INFO] src.quantum.utils: Device 'default.qubit' loaded successfully.
2025-05-03 11:43:01,094 [INFO] src.quantum.circuits: Creating basic circuit with 3 qubits, 1 layers.
2025-05-03 11:43:01,094 [INFO] src.quantum.circuits: Basic circuit expects 9 trainable parameters.
2025-05-03 11:43:01,095 [INFO] src.quantum.models: QNN circuit requires 9 parameters.
2025-05-03 11:43:01,095 [INFO] src.quantum.models: Using differentiation method: backprop
2025-05-03 11:43:01,112 [INFO] src.quantum.models: Inferred QNN output dimension: 3
2025-05-03 11:43:01,113 [INFO] src.core.quantum_client: QuantumClient hybrid_client_1: Initializing with model type 'hybrid'.
2025-05-03 11:43:01,115 [INFO] src.federated.client: Client hybrid_client_1 initialized on device 'cuda' with 23 samples.
2025-05-03 11:43:01,116 [INFO] src.federated.server: Registered client 'hybrid_client_1'. Total clients: 2.
2025-05-03 11:43:01,116 [INFO] ExperimentRunner: Creating model of type: hybrid
2025-05-03 11:43:01,116 [INFO] src.quantum.models: Initializing HybridQuantumModel: Input=3, Hidden=8, Output=3, Qubits=3, QCircuit='basic'
2025-05-03 11:43:01,117 [INFO] src.quantum.models: Initializing QNN Layer: qubits=3, layers=1, circuit='basic', device='default.qubit', shots=None
2025-05-03 11:43:01,118 [INFO] src.quantum.utils: Loading PennyLane device 'default.qubit' with wires=3, shots=None, kwargs={}
2025-05-03 11:43:01,118 [INFO] src.quantum.utils: Device 'default.qubit' loaded successfully.
2025-05-03 11:43:01,119 [INFO] src.quantum.circuits: Creating basic circuit with 3 qubits, 1 layers.
2025-05-03 11:43:01,119 [INFO] src.quantum.circuits: Basic circuit expects 9 trainable parameters.
2025-05-03 11:43:01,119 [INFO] src.quantum.models: QNN circuit requires 9 parameters.
2025-05-03 11:43:01,119 [INFO] src.quantum.models: Using differentiation method: backprop
2025-05-03 11:43:01,134 [INFO] src.quantum.models: Inferred QNN output dimension: 3
2025-05-03 11:43:01,135 [INFO] src.core.quantum_client: QuantumClient hybrid_client_2: Initializing with model type 'hybrid'.
2025-05-03 11:43:01,138 [INFO] src.federated.client: Client hybrid_client_2 initialized on device 'cuda' with 22 samples.
2025-05-03 11:43:01,139 [INFO] src.federated.server: Registered client 'hybrid_client_2'. Total clients: 3.
2025-05-03 11:43:01,139 [INFO] ExperimentRunner: Creating model of type: hybrid
2025-05-03 11:43:01,139 [INFO] src.quantum.models: Initializing HybridQuantumModel: Input=3, Hidden=8, Output=3, Qubits=3, QCircuit='basic'
2025-05-03 11:43:01,140 [INFO] src.quantum.models: Initializing QNN Layer: qubits=3, layers=1, circuit='basic', device='default.qubit', shots=None
2025-05-03 11:43:01,140 [INFO] src.quantum.utils: Loading PennyLane device 'default.qubit' with wires=3, shots=None, kwargs={}
2025-05-03 11:43:01,141 [INFO] src.quantum.utils: Device 'default.qubit' loaded successfully.
2025-05-03 11:43:01,141 [INFO] src.quantum.circuits: Creating basic circuit with 3 qubits, 1 layers.
2025-05-03 11:43:01,142 [INFO] src.quantum.circuits: Basic circuit expects 9 trainable parameters.
2025-05-03 11:43:01,142 [INFO] src.quantum.models: QNN circuit requires 9 parameters.
2025-05-03 11:43:01,142 [INFO] src.quantum.models: Using differentiation method: backprop
2025-05-03 11:43:01,159 [INFO] src.quantum.models: Inferred QNN output dimension: 3
2025-05-03 11:43:01,161 [INFO] src.core.quantum_client: QuantumClient hybrid_client_3: Initializing with model type 'hybrid'.
2025-05-03 11:43:01,165 [INFO] src.federated.client: Client hybrid_client_3 initialized on device 'cuda' with 22 samples.
2025-05-03 11:43:01,165 [INFO] src.federated.server: Registered client 'hybrid_client_3'. Total clients: 4.
2025-05-03 11:43:01,165 [INFO] ExperimentRunner: Creating model of type: hybrid
2025-05-03 11:43:01,165 [INFO] src.quantum.models: Initializing HybridQuantumModel: Input=3, Hidden=8, Output=3, Qubits=3, QCircuit='basic'
2025-05-03 11:43:01,166 [INFO] src.quantum.models: Initializing QNN Layer: qubits=3, layers=1, circuit='basic', device='default.qubit', shots=None
2025-05-03 11:43:01,166 [INFO] src.quantum.utils: Loading PennyLane device 'default.qubit' with wires=3, shots=None, kwargs={}
2025-05-03 11:43:01,167 [INFO] src.quantum.utils: Device 'default.qubit' loaded successfully.
2025-05-03 11:43:01,167 [INFO] src.quantum.circuits: Creating basic circuit with 3 qubits, 1 layers.
2025-05-03 11:43:01,167 [INFO] src.quantum.circuits: Basic circuit expects 9 trainable parameters.
2025-05-03 11:43:01,167 [INFO] src.quantum.models: QNN circuit requires 9 parameters.
2025-05-03 11:43:01,167 [INFO] src.quantum.models: Using differentiation method: backprop
2025-05-03 11:43:01,184 [INFO] src.quantum.models: Inferred QNN output dimension: 3
2025-05-03 11:43:01,186 [INFO] src.core.quantum_client: QuantumClient hybrid_client_4: Initializing with model type 'hybrid'.
2025-05-03 11:43:01,189 [INFO] src.federated.client: Client hybrid_client_4 initialized on device 'cuda' with 22 samples.
2025-05-03 11:43:01,189 [INFO] src.federated.server: Registered client 'hybrid_client_4'. Total clients: 5.
2025-05-03 11:43:01,190 [INFO] ExperimentRunner: --- Scenario setup complete for Iris_Hybrid_FedAvg_IID_PCA3 ---
2025-05-03 11:43:01,191 [INFO] src.federated.server: Starting federated training process for 15 rounds.
2025-05-03 11:43:01,191 [INFO] src.federated.server: Config: local_epochs=3, client_fraction=0.1, min_clients=3, FedProx mu=0.0
2025-05-03 11:43:01,191 [INFO] src.federated.server: Performing initial evaluation of global model...
2025-05-03 11:43:01,191 [INFO] src.core.quantum_manager: Server: Starting evaluation (model type: hybrid).
2025-05-03 11:43:02,262 [INFO] src.federated.server: Initial Evaluation Metrics: {'loss': 1.1103501950022352, 'accuracy': 0.34210526315789475}
2025-05-03 11:43:02,262 [INFO] src.federated.server: ===== Starting Round 1/15 =====
2025-05-03 11:43:02,262 [INFO] src.federated.server: Starting federated training round...
2025-05-03 11:43:02,262 [INFO] src.federated.server: Selected 3 clients out of 5 available (fraction=0.1, min_clients=3): ['hybrid_client_0', 'hybrid_client_4', 'hybrid_client_2']
2025-05-03 11:43:02,265 [INFO] src.core.quantum_client: Client hybrid_client_0: Starting local training (model type: hybrid).
2025-05-03 11:43:02,265 [INFO] src.federated.client: Client hybrid_client_0: Starting local training for 3 epochs. Proximal term mu=0.0.
2025-05-03 11:43:03,354 [INFO] src.federated.client: Client hybrid_client_0 - Epoch 1/3 completed. Average Loss: 1.1140
2025-05-03 11:43:04,493 [INFO] src.federated.client: Client hybrid_client_0 - Epoch 2/3 completed. Average Loss: 1.1041
2025-05-03 11:43:05,775 [INFO] src.federated.client: Client hybrid_client_0 - Epoch 3/3 completed. Average Loss: 1.0970
2025-05-03 11:43:05,779 [INFO] src.federated.client: Client hybrid_client_0: Local training finished. Processed 69 samples.
2025-05-03 11:43:05,789 [INFO] src.core.quantum_client: Client hybrid_client_4: Starting local training (model type: hybrid).
2025-05-03 11:43:05,792 [INFO] src.federated.client: Client hybrid_client_4: Starting local training for 3 epochs. Proximal term mu=0.0.
2025-05-03 11:43:06,775 [INFO] src.federated.client: Client hybrid_client_4 - Epoch 1/3 completed. Average Loss: 1.1520
2025-05-03 11:43:07,818 [INFO] src.federated.client: Client hybrid_client_4 - Epoch 2/3 completed. Average Loss: 1.1380
2025-05-03 11:43:09,024 [INFO] src.federated.client: Client hybrid_client_4 - Epoch 3/3 completed. Average Loss: 1.1261
2025-05-03 11:43:09,026 [INFO] src.federated.client: Client hybrid_client_4: Local training finished. Processed 66 samples.
2025-05-03 11:43:09,036 [INFO] src.core.quantum_client: Client hybrid_client_2: Starting local training (model type: hybrid).
2025-05-03 11:43:09,038 [INFO] src.federated.client: Client hybrid_client_2: Starting local training for 3 epochs. Proximal term mu=0.0.
2025-05-03 11:43:10,113 [INFO] src.federated.client: Client hybrid_client_2 - Epoch 1/3 completed. Average Loss: 1.1369
2025-05-03 11:43:11,205 [INFO] src.federated.client: Client hybrid_client_2 - Epoch 2/3 completed. Average Loss: 1.1255
2025-05-03 11:43:12,453 [INFO] src.federated.client: Client hybrid_client_2 - Epoch 3/3 completed. Average Loss: 1.1163
2025-05-03 11:43:12,455 [INFO] src.federated.client: Client hybrid_client_2: Local training finished. Processed 66 samples.
2025-05-03 11:43:12,460 [INFO] src.federated.server: Aggregating updates from 3 clients using FedAvg.
2025-05-03 11:43:12,461 [INFO] src.federated.aggregation: FedAvg: Aggregating updates from 3 clients.
2025-05-03 11:43:12,465 [INFO] src.federated.aggregation: FedAvg: Aggregation complete.
2025-05-03 11:43:12,467 [INFO] src.federated.server: Global model updated with aggregated parameters.
2025-05-03 11:43:12,467 [INFO] src.federated.server: Evaluating updated global model...
2025-05-03 11:43:12,468 [INFO] src.core.quantum_manager: Server: Starting evaluation (model type: hybrid).
2025-05-03 11:43:13,619 [INFO] src.federated.server: Round 1 completed in 11.36s. Eval Metrics: {'loss': 1.0987248944329657, 'accuracy': 0.34210526315789475}
2025-05-03 11:43:13,619 [INFO] src.federated.server: ===== Starting Round 2/15 =====
2025-05-03 11:43:13,620 [INFO] src.federated.server: Starting federated training round...
2025-05-03 11:43:13,620 [INFO] src.federated.server: Selected 3 clients out of 5 available (fraction=0.1, min_clients=3): ['hybrid_client_2', 'hybrid_client_1', 'hybrid_client_0']
2025-05-03 11:43:13,623 [INFO] src.core.quantum_client: Client hybrid_client_2: Starting local training (model type: hybrid).
2025-05-03 11:43:13,623 [INFO] src.federated.client: Client hybrid_client_2: Starting local training for 3 epochs. Proximal term mu=0.0.
2025-05-03 11:43:14,691 [INFO] src.federated.client: Client hybrid_client_2 - Epoch 1/3 completed. Average Loss: 1.1094
2025-05-03 11:43:15,880 [INFO] src.federated.client: Client hybrid_client_2 - Epoch 2/3 completed. Average Loss: 1.1032
2025-05-03 11:43:17,048 [INFO] src.federated.client: Client hybrid_client_2 - Epoch 3/3 completed. Average Loss: 1.0983
2025-05-03 11:43:17,049 [INFO] src.federated.client: Client hybrid_client_2: Local training finished. Processed 66 samples.
2025-05-03 11:43:17,056 [INFO] src.core.quantum_client: Client hybrid_client_1: Starting local training (model type: hybrid).
2025-05-03 11:43:17,058 [INFO] src.federated.client: Client hybrid_client_1: Starting local training for 3 epochs. Proximal term mu=0.0.
2025-05-03 11:43:18,274 [INFO] src.federated.client: Client hybrid_client_1 - Epoch 1/3 completed. Average Loss: 1.1123
2025-05-03 11:43:19,454 [INFO] src.federated.client: Client hybrid_client_1 - Epoch 2/3 completed. Average Loss: 1.1032
2025-05-03 11:43:20,668 [INFO] src.federated.client: Client hybrid_client_1 - Epoch 3/3 completed. Average Loss: 1.0981
2025-05-03 11:43:20,671 [INFO] src.federated.client: Client hybrid_client_1: Local training finished. Processed 69 samples.
2025-05-03 11:43:20,679 [INFO] src.core.quantum_client: Client hybrid_client_0: Starting local training (model type: hybrid).
2025-05-03 11:43:20,682 [INFO] src.federated.client: Client hybrid_client_0: Starting local training for 3 epochs. Proximal term mu=0.0.
2025-05-03 11:43:21,733 [INFO] src.federated.client: Client hybrid_client_0 - Epoch 1/3 completed. Average Loss: 1.0928
2025-05-03 11:43:22,748 [INFO] src.federated.client: Client hybrid_client_0 - Epoch 2/3 completed. Average Loss: 1.0885
2025-05-03 11:43:23,923 [INFO] src.federated.client: Client hybrid_client_0 - Epoch 3/3 completed. Average Loss: 1.0856
2025-05-03 11:43:23,925 [INFO] src.federated.client: Client hybrid_client_0: Local training finished. Processed 69 samples.
2025-05-03 11:43:23,930 [INFO] src.federated.server: Aggregating updates from 3 clients using FedAvg.
2025-05-03 11:43:23,932 [INFO] src.federated.aggregation: FedAvg: Aggregating updates from 3 clients.
2025-05-03 11:43:23,934 [INFO] src.federated.aggregation: FedAvg: Aggregation complete.
2025-05-03 11:43:23,937 [INFO] src.federated.server: Global model updated with aggregated parameters.
2025-05-03 11:43:23,937 [INFO] src.federated.server: Evaluating updated global model...
2025-05-03 11:43:23,937 [INFO] src.core.quantum_manager: Server: Starting evaluation (model type: hybrid).
2025-05-03 11:43:25,039 [INFO] src.federated.server: Round 2 completed in 11.42s. Eval Metrics: {'loss': 1.0949312508290132, 'accuracy': 0.34210526315789475}
2025-05-03 11:43:25,040 [INFO] src.federated.server: ===== Starting Round 3/15 =====
2025-05-03 11:43:25,040 [INFO] src.federated.server: Starting federated training round...
2025-05-03 11:43:25,040 [INFO] src.federated.server: Selected 3 clients out of 5 available (fraction=0.1, min_clients=3): ['hybrid_client_1', 'hybrid_client_0', 'hybrid_client_2']
2025-05-03 11:43:25,043 [INFO] src.core.quantum_client: Client hybrid_client_1: Starting local training (model type: hybrid).
2025-05-03 11:43:25,044 [INFO] src.federated.client: Client hybrid_client_1: Starting local training for 3 epochs. Proximal term mu=0.0.
2025-05-03 11:43:26,242 [INFO] src.federated.client: Client hybrid_client_1 - Epoch 1/3 completed. Average Loss: 1.1074
2025-05-03 11:43:27,341 [INFO] src.federated.client: Client hybrid_client_1 - Epoch 2/3 completed. Average Loss: 1.0996
2025-05-03 11:43:28,585 [INFO] src.federated.client: Client hybrid_client_1 - Epoch 3/3 completed. Average Loss: 1.0951
2025-05-03 11:43:28,586 [INFO] src.federated.client: Client hybrid_client_1: Local training finished. Processed 69 samples.
2025-05-03 11:43:28,595 [INFO] src.core.quantum_client: Client hybrid_client_0: Starting local training (model type: hybrid).
2025-05-03 11:43:28,598 [INFO] src.federated.client: Client hybrid_client_0: Starting local training for 3 epochs. Proximal term mu=0.0.
2025-05-03 11:43:29,700 [INFO] src.federated.client: Client hybrid_client_0 - Epoch 1/3 completed. Average Loss: 1.0879
2025-05-03 11:43:30,868 [INFO] src.federated.client: Client hybrid_client_0 - Epoch 2/3 completed. Average Loss: 1.0841
2025-05-03 11:43:32,048 [INFO] src.federated.client: Client hybrid_client_0 - Epoch 3/3 completed. Average Loss: 1.0811
2025-05-03 11:43:32,049 [INFO] src.federated.client: Client hybrid_client_0: Local training finished. Processed 69 samples.
2025-05-03 11:43:32,056 [INFO] src.core.quantum_client: Client hybrid_client_2: Starting local training (model type: hybrid).
2025-05-03 11:43:32,058 [INFO] src.federated.client: Client hybrid_client_2: Starting local training for 3 epochs. Proximal term mu=0.0.
2025-05-03 11:43:33,079 [INFO] src.federated.client: Client hybrid_client_2 - Epoch 1/3 completed. Average Loss: 1.0992
2025-05-03 11:43:34,125 [INFO] src.federated.client: Client hybrid_client_2 - Epoch 2/3 completed. Average Loss: 1.0947
2025-05-03 11:43:35,203 [INFO] src.federated.client: Client hybrid_client_2 - Epoch 3/3 completed. Average Loss: 1.0911
2025-05-03 11:43:35,205 [INFO] src.federated.client: Client hybrid_client_2: Local training finished. Processed 66 samples.
2025-05-03 11:43:35,209 [INFO] src.federated.server: Aggregating updates from 3 clients using FedAvg.
2025-05-03 11:43:35,212 [INFO] src.federated.aggregation: FedAvg: Aggregating updates from 3 clients.
2025-05-03 11:43:35,214 [INFO] src.federated.aggregation: FedAvg: Aggregation complete.
2025-05-03 11:43:35,217 [INFO] src.federated.server: Global model updated with aggregated parameters.
2025-05-03 11:43:35,217 [INFO] src.federated.server: Evaluating updated global model...
2025-05-03 11:43:35,218 [INFO] src.core.quantum_manager: Server: Starting evaluation (model type: hybrid).
2025-05-03 11:43:36,319 [INFO] src.federated.server: Round 3 completed in 11.28s. Eval Metrics: {'loss': 1.0929961653812839, 'accuracy': 0.34210526315789475}
2025-05-03 11:43:36,320 [INFO] src.federated.server: ===== Starting Round 4/15 =====
2025-05-03 11:43:36,320 [INFO] src.federated.server: Starting federated training round...
2025-05-03 11:43:36,320 [INFO] src.federated.server: Selected 3 clients out of 5 available (fraction=0.1, min_clients=3): ['hybrid_client_4', 'hybrid_client_0', 'hybrid_client_2']
2025-05-03 11:43:36,323 [INFO] src.core.quantum_client: Client hybrid_client_4: Starting local training (model type: hybrid).
2025-05-03 11:43:36,323 [INFO] src.federated.client: Client hybrid_client_4: Starting local training for 3 epochs. Proximal term mu=0.0.
2025-05-03 11:43:37,380 [INFO] src.federated.client: Client hybrid_client_4 - Epoch 1/3 completed. Average Loss: 1.0960
2025-05-03 11:43:38,411 [INFO] src.federated.client: Client hybrid_client_4 - Epoch 2/3 completed. Average Loss: 1.0919
2025-05-03 11:43:39,521 [INFO] src.federated.client: Client hybrid_client_4 - Epoch 3/3 completed. Average Loss: 1.0885
2025-05-03 11:43:39,523 [INFO] src.federated.client: Client hybrid_client_4: Local training finished. Processed 66 samples.
2025-05-03 11:43:39,533 [INFO] src.core.quantum_client: Client hybrid_client_0: Starting local training (model type: hybrid).
2025-05-03 11:43:39,533 [INFO] src.federated.client: Client hybrid_client_0: Starting local training for 3 epochs. Proximal term mu=0.0.
2025-05-03 11:43:40,668 [INFO] src.federated.client: Client hybrid_client_0 - Epoch 1/3 completed. Average Loss: 1.0845
2025-05-03 11:43:41,832 [INFO] src.federated.client: Client hybrid_client_0 - Epoch 2/3 completed. Average Loss: 1.0797
2025-05-03 11:43:43,035 [INFO] src.federated.client: Client hybrid_client_0 - Epoch 3/3 completed. Average Loss: 1.0756
2025-05-03 11:43:43,037 [INFO] src.federated.client: Client hybrid_client_0: Local training finished. Processed 69 samples.
2025-05-03 11:43:43,045 [INFO] src.core.quantum_client: Client hybrid_client_2: Starting local training (model type: hybrid).
2025-05-03 11:43:43,048 [INFO] src.federated.client: Client hybrid_client_2: Starting local training for 3 epochs. Proximal term mu=0.0.
2025-05-03 11:43:44,079 [INFO] src.federated.client: Client hybrid_client_2 - Epoch 1/3 completed. Average Loss: 1.0921
2025-05-03 11:43:45,151 [INFO] src.federated.client: Client hybrid_client_2 - Epoch 2/3 completed. Average Loss: 1.0882
2025-05-03 11:43:46,333 [INFO] src.federated.client: Client hybrid_client_2 - Epoch 3/3 completed. Average Loss: 1.0848
2025-05-03 11:43:46,335 [INFO] src.federated.client: Client hybrid_client_2: Local training finished. Processed 66 samples.
2025-05-03 11:43:46,358 [INFO] src.federated.server: Aggregating updates from 3 clients using FedAvg.
2025-05-03 11:43:46,359 [INFO] src.federated.aggregation: FedAvg: Aggregating updates from 3 clients.
2025-05-03 11:43:46,362 [INFO] src.federated.aggregation: FedAvg: Aggregation complete.
2025-05-03 11:43:46,364 [INFO] src.federated.server: Global model updated with aggregated parameters.
2025-05-03 11:43:46,364 [INFO] src.federated.server: Evaluating updated global model...
2025-05-03 11:43:46,364 [INFO] src.core.quantum_manager: Server: Starting evaluation (model type: hybrid).
2025-05-03 11:43:47,523 [INFO] src.federated.server: Round 4 completed in 11.20s. Eval Metrics: {'loss': 1.0947540769816382, 'accuracy': 0.34210526315789475}
2025-05-03 11:43:47,523 [INFO] src.federated.server: ===== Starting Round 5/15 =====
2025-05-03 11:43:47,524 [INFO] src.federated.server: Starting federated training round...
2025-05-03 11:43:47,524 [INFO] src.federated.server: Selected 3 clients out of 5 available (fraction=0.1, min_clients=3): ['hybrid_client_3', 'hybrid_client_0', 'hybrid_client_4']
2025-05-03 11:43:47,529 [INFO] src.core.quantum_client: Client hybrid_client_3: Starting local training (model type: hybrid).
2025-05-03 11:43:47,529 [INFO] src.federated.client: Client hybrid_client_3: Starting local training for 3 epochs. Proximal term mu=0.0.
2025-05-03 11:43:48,730 [INFO] src.federated.client: Client hybrid_client_3 - Epoch 1/3 completed. Average Loss: 1.1049
2025-05-03 11:43:49,907 [INFO] src.federated.client: Client hybrid_client_3 - Epoch 2/3 completed. Average Loss: 1.0946
2025-05-03 11:43:51,076 [INFO] src.federated.client: Client hybrid_client_3 - Epoch 3/3 completed. Average Loss: 1.0866
2025-05-03 11:43:51,078 [INFO] src.federated.client: Client hybrid_client_3: Local training finished. Processed 66 samples.
2025-05-03 11:43:51,085 [INFO] src.core.quantum_client: Client hybrid_client_0: Starting local training (model type: hybrid).
2025-05-03 11:43:51,087 [INFO] src.federated.client: Client hybrid_client_0: Starting local training for 3 epochs. Proximal term mu=0.0.
2025-05-03 11:43:52,127 [INFO] src.federated.client: Client hybrid_client_0 - Epoch 1/3 completed. Average Loss: 1.0766
2025-05-03 11:43:53,282 [INFO] src.federated.client: Client hybrid_client_0 - Epoch 2/3 completed. Average Loss: 1.0726
2025-05-03 11:43:54,512 [INFO] src.federated.client: Client hybrid_client_0 - Epoch 3/3 completed. Average Loss: 1.0689
2025-05-03 11:43:54,514 [INFO] src.federated.client: Client hybrid_client_0: Local training finished. Processed 69 samples.
2025-05-03 11:43:54,523 [INFO] src.core.quantum_client: Client hybrid_client_4: Starting local training (model type: hybrid).
2025-05-03 11:43:54,526 [INFO] src.federated.client: Client hybrid_client_4: Starting local training for 3 epochs. Proximal term mu=0.0.
2025-05-03 11:43:55,631 [INFO] src.federated.client: Client hybrid_client_4 - Epoch 1/3 completed. Average Loss: 1.0855
2025-05-03 11:43:56,882 [INFO] src.federated.client: Client hybrid_client_4 - Epoch 2/3 completed. Average Loss: 1.0819
2025-05-03 11:43:58,144 [INFO] src.federated.client: Client hybrid_client_4 - Epoch 3/3 completed. Average Loss: 1.0783
2025-05-03 11:43:58,147 [INFO] src.federated.client: Client hybrid_client_4: Local training finished. Processed 66 samples.
2025-05-03 11:43:58,152 [INFO] src.federated.server: Aggregating updates from 3 clients using FedAvg.
2025-05-03 11:43:58,154 [INFO] src.federated.aggregation: FedAvg: Aggregating updates from 3 clients.
2025-05-03 11:43:58,156 [INFO] src.federated.aggregation: FedAvg: Aggregation complete.
2025-05-03 11:43:58,159 [INFO] src.federated.server: Global model updated with aggregated parameters.
2025-05-03 11:43:58,159 [INFO] src.federated.server: Evaluating updated global model...
2025-05-03 11:43:58,159 [INFO] src.core.quantum_manager: Server: Starting evaluation (model type: hybrid).
2025-05-03 11:43:59,237 [INFO] src.federated.server: Round 5 completed in 11.71s. Eval Metrics: {'loss': 1.087882170184058, 'accuracy': 0.34210526315789475}
2025-05-03 11:43:59,238 [INFO] src.federated.server: ===== Starting Round 6/15 =====
2025-05-03 11:43:59,238 [INFO] src.federated.server: Starting federated training round...
2025-05-03 11:43:59,238 [INFO] src.federated.server: Selected 3 clients out of 5 available (fraction=0.1, min_clients=3): ['hybrid_client_0', 'hybrid_client_1', 'hybrid_client_4']
2025-05-03 11:43:59,242 [INFO] src.core.quantum_client: Client hybrid_client_0: Starting local training (model type: hybrid).
2025-05-03 11:43:59,243 [INFO] src.federated.client: Client hybrid_client_0: Starting local training for 3 epochs. Proximal term mu=0.0.
2025-05-03 11:44:00,403 [INFO] src.federated.client: Client hybrid_client_0 - Epoch 1/3 completed. Average Loss: 1.0664
2025-05-03 11:44:01,625 [INFO] src.federated.client: Client hybrid_client_0 - Epoch 2/3 completed. Average Loss: 1.0602
2025-05-03 11:44:02,764 [INFO] src.federated.client: Client hybrid_client_0 - Epoch 3/3 completed. Average Loss: 1.0538
2025-05-03 11:44:02,767 [INFO] src.federated.client: Client hybrid_client_0: Local training finished. Processed 69 samples.
2025-05-03 11:44:02,776 [INFO] src.core.quantum_client: Client hybrid_client_1: Starting local training (model type: hybrid).
2025-05-03 11:44:02,779 [INFO] src.federated.client: Client hybrid_client_1: Starting local training for 3 epochs. Proximal term mu=0.0.
2025-05-03 11:44:03,928 [INFO] src.federated.client: Client hybrid_client_1 - Epoch 1/3 completed. Average Loss: 1.1094
2025-05-03 11:44:05,149 [INFO] src.federated.client: Client hybrid_client_1 - Epoch 2/3 completed. Average Loss: 1.0973
2025-05-03 11:44:06,415 [INFO] src.federated.client: Client hybrid_client_1 - Epoch 3/3 completed. Average Loss: 1.0888
2025-05-03 11:44:06,416 [INFO] src.federated.client: Client hybrid_client_1: Local training finished. Processed 69 samples.
2025-05-03 11:44:06,423 [INFO] src.core.quantum_client: Client hybrid_client_4: Starting local training (model type: hybrid).
2025-05-03 11:44:06,426 [INFO] src.federated.client: Client hybrid_client_4: Starting local training for 3 epochs. Proximal term mu=0.0.
2025-05-03 11:44:07,532 [INFO] src.federated.client: Client hybrid_client_4 - Epoch 1/3 completed. Average Loss: 1.0761
2025-05-03 11:44:08,774 [INFO] src.federated.client: Client hybrid_client_4 - Epoch 2/3 completed. Average Loss: 1.0706
2025-05-03 11:44:09,986 [INFO] src.federated.client: Client hybrid_client_4 - Epoch 3/3 completed. Average Loss: 1.0647
2025-05-03 11:44:09,988 [INFO] src.federated.client: Client hybrid_client_4: Local training finished. Processed 66 samples.
2025-05-03 11:44:09,993 [INFO] src.federated.server: Aggregating updates from 3 clients using FedAvg.
2025-05-03 11:44:09,995 [INFO] src.federated.aggregation: FedAvg: Aggregating updates from 3 clients.
2025-05-03 11:44:09,998 [INFO] src.federated.aggregation: FedAvg: Aggregation complete.
2025-05-03 11:44:10,003 [INFO] src.federated.server: Global model updated with aggregated parameters.
2025-05-03 11:44:10,003 [INFO] src.federated.server: Evaluating updated global model...
2025-05-03 11:44:10,004 [INFO] src.core.quantum_manager: Server: Starting evaluation (model type: hybrid).
2025-05-03 11:44:11,003 [INFO] src.federated.server: Round 6 completed in 11.76s. Eval Metrics: {'loss': 1.0778568461540474, 'accuracy': 0.34210526315789475}
2025-05-03 11:44:11,003 [INFO] src.federated.server: ===== Starting Round 7/15 =====
2025-05-03 11:44:11,003 [INFO] src.federated.server: Starting federated training round...
2025-05-03 11:44:11,004 [INFO] src.federated.server: Selected 3 clients out of 5 available (fraction=0.1, min_clients=3): ['hybrid_client_4', 'hybrid_client_0', 'hybrid_client_2']
2025-05-03 11:44:11,007 [INFO] src.core.quantum_client: Client hybrid_client_4: Starting local training (model type: hybrid).
2025-05-03 11:44:11,007 [INFO] src.federated.client: Client hybrid_client_4: Starting local training for 3 epochs. Proximal term mu=0.0.
2025-05-03 11:44:12,040 [INFO] src.federated.client: Client hybrid_client_4 - Epoch 1/3 completed. Average Loss: 1.0632
2025-05-03 11:44:13,291 [INFO] src.federated.client: Client hybrid_client_4 - Epoch 2/3 completed. Average Loss: 1.0556
2025-05-03 11:44:14,496 [INFO] src.federated.client: Client hybrid_client_4 - Epoch 3/3 completed. Average Loss: 1.0473
2025-05-03 11:44:14,498 [INFO] src.federated.client: Client hybrid_client_4: Local training finished. Processed 66 samples.
2025-05-03 11:44:14,504 [INFO] src.core.quantum_client: Client hybrid_client_0: Starting local training (model type: hybrid).
2025-05-03 11:44:14,506 [INFO] src.federated.client: Client hybrid_client_0: Starting local training for 3 epochs. Proximal term mu=0.0.
2025-05-03 11:44:15,799 [INFO] src.federated.client: Client hybrid_client_0 - Epoch 1/3 completed. Average Loss: 1.0560
2025-05-03 11:44:16,928 [INFO] src.federated.client: Client hybrid_client_0 - Epoch 2/3 completed. Average Loss: 1.0470
2025-05-03 11:44:18,058 [INFO] src.federated.client: Client hybrid_client_0 - Epoch 3/3 completed. Average Loss: 1.0376
2025-05-03 11:44:18,060 [INFO] src.federated.client: Client hybrid_client_0: Local training finished. Processed 69 samples.
2025-05-03 11:44:18,066 [INFO] src.core.quantum_client: Client hybrid_client_2: Starting local training (model type: hybrid).
2025-05-03 11:44:18,070 [INFO] src.federated.client: Client hybrid_client_2: Starting local training for 3 epochs. Proximal term mu=0.0.
2025-05-03 11:44:19,228 [INFO] src.federated.client: Client hybrid_client_2 - Epoch 1/3 completed. Average Loss: 1.0655
2025-05-03 11:44:20,382 [INFO] src.federated.client: Client hybrid_client_2 - Epoch 2/3 completed. Average Loss: 1.0611
2025-05-03 11:44:21,532 [INFO] src.federated.client: Client hybrid_client_2 - Epoch 3/3 completed. Average Loss: 1.0565
2025-05-03 11:44:21,535 [INFO] src.federated.client: Client hybrid_client_2: Local training finished. Processed 66 samples.
2025-05-03 11:44:21,539 [INFO] src.federated.server: Aggregating updates from 3 clients using FedAvg.
2025-05-03 11:44:21,541 [INFO] src.federated.aggregation: FedAvg: Aggregating updates from 3 clients.
2025-05-03 11:44:21,542 [INFO] src.federated.aggregation: FedAvg: Aggregation complete.
2025-05-03 11:44:21,545 [INFO] src.federated.server: Global model updated with aggregated parameters.
2025-05-03 11:44:21,545 [INFO] src.federated.server: Evaluating updated global model...
2025-05-03 11:44:21,545 [INFO] src.core.quantum_manager: Server: Starting evaluation (model type: hybrid).
2025-05-03 11:44:22,477 [INFO] src.federated.server: Round 7 completed in 11.47s. Eval Metrics: {'loss': 1.0677040514997478, 'accuracy': 0.42105263157894735}
2025-05-03 11:44:22,478 [INFO] src.federated.server: ===== Starting Round 8/15 =====
2025-05-03 11:44:22,478 [INFO] src.federated.server: Starting federated training round...
2025-05-03 11:44:22,478 [INFO] src.federated.server: Selected 3 clients out of 5 available (fraction=0.1, min_clients=3): ['hybrid_client_1', 'hybrid_client_3', 'hybrid_client_0']
2025-05-03 11:44:22,481 [INFO] src.core.quantum_client: Client hybrid_client_1: Starting local training (model type: hybrid).
2025-05-03 11:44:22,481 [INFO] src.federated.client: Client hybrid_client_1: Starting local training for 3 epochs. Proximal term mu=0.0.
2025-05-03 11:44:23,660 [INFO] src.federated.client: Client hybrid_client_1 - Epoch 1/3 completed. Average Loss: 1.0931
2025-05-03 11:44:24,891 [INFO] src.federated.client: Client hybrid_client_1 - Epoch 2/3 completed. Average Loss: 1.0764
2025-05-03 11:44:26,151 [INFO] src.federated.client: Client hybrid_client_1 - Epoch 3/3 completed. Average Loss: 1.0646
2025-05-03 11:44:26,153 [INFO] src.federated.client: Client hybrid_client_1: Local training finished. Processed 69 samples.
2025-05-03 11:44:26,159 [INFO] src.core.quantum_client: Client hybrid_client_3: Starting local training (model type: hybrid).
2025-05-03 11:44:26,163 [INFO] src.federated.client: Client hybrid_client_3: Starting local training for 3 epochs. Proximal term mu=0.0.
2025-05-03 11:44:27,394 [INFO] src.federated.client: Client hybrid_client_3 - Epoch 1/3 completed. Average Loss: 1.0788
2025-05-03 11:44:28,574 [INFO] src.federated.client: Client hybrid_client_3 - Epoch 2/3 completed. Average Loss: 1.0650
2025-05-03 11:44:29,833 [INFO] src.federated.client: Client hybrid_client_3 - Epoch 3/3 completed. Average Loss: 1.0519
2025-05-03 11:44:29,834 [INFO] src.federated.client: Client hybrid_client_3: Local training finished. Processed 66 samples.
2025-05-03 11:44:29,840 [INFO] src.core.quantum_client: Client hybrid_client_0: Starting local training (model type: hybrid).
2025-05-03 11:44:29,843 [INFO] src.federated.client: Client hybrid_client_0: Starting local training for 3 epochs. Proximal term mu=0.0.
2025-05-03 11:44:31,107 [INFO] src.federated.client: Client hybrid_client_0 - Epoch 1/3 completed. Average Loss: 1.0348
2025-05-03 11:44:32,155 [INFO] src.federated.client: Client hybrid_client_0 - Epoch 2/3 completed. Average Loss: 1.0236
2025-05-03 11:44:33,292 [INFO] src.federated.client: Client hybrid_client_0 - Epoch 3/3 completed. Average Loss: 1.0119
2025-05-03 11:44:33,294 [INFO] src.federated.client: Client hybrid_client_0: Local training finished. Processed 69 samples.
2025-05-03 11:44:33,301 [INFO] src.federated.server: Aggregating updates from 3 clients using FedAvg.
2025-05-03 11:44:33,304 [INFO] src.federated.aggregation: FedAvg: Aggregating updates from 3 clients.
2025-05-03 11:44:33,306 [INFO] src.federated.aggregation: FedAvg: Aggregation complete.
2025-05-03 11:44:33,309 [INFO] src.federated.server: Global model updated with aggregated parameters.
2025-05-03 11:44:33,309 [INFO] src.federated.server: Evaluating updated global model...
2025-05-03 11:44:33,309 [INFO] src.core.quantum_manager: Server: Starting evaluation (model type: hybrid).
2025-05-03 11:44:34,412 [INFO] src.federated.server: Round 8 completed in 11.93s. Eval Metrics: {'loss': 1.044874277085254, 'accuracy': 0.5263157894736842}
2025-05-03 11:44:34,413 [INFO] src.federated.server: ===== Starting Round 9/15 =====
2025-05-03 11:44:34,413 [INFO] src.federated.server: Starting federated training round...
2025-05-03 11:44:34,413 [INFO] src.federated.server: Selected 3 clients out of 5 available (fraction=0.1, min_clients=3): ['hybrid_client_3', 'hybrid_client_2', 'hybrid_client_0']
2025-05-03 11:44:34,419 [INFO] src.core.quantum_client: Client hybrid_client_3: Starting local training (model type: hybrid).
2025-05-03 11:44:34,419 [INFO] src.federated.client: Client hybrid_client_3: Starting local training for 3 epochs. Proximal term mu=0.0.
2025-05-03 11:44:35,400 [INFO] src.federated.client: Client hybrid_client_3 - Epoch 1/3 completed. Average Loss: 1.0453
2025-05-03 11:44:36,468 [INFO] src.federated.client: Client hybrid_client_3 - Epoch 2/3 completed. Average Loss: 1.0325
2025-05-03 11:44:37,643 [INFO] src.federated.client: Client hybrid_client_3 - Epoch 3/3 completed. Average Loss: 1.0206
2025-05-03 11:44:37,645 [INFO] src.federated.client: Client hybrid_client_3: Local training finished. Processed 66 samples.
2025-05-03 11:44:37,654 [INFO] src.core.quantum_client: Client hybrid_client_2: Starting local training (model type: hybrid).
2025-05-03 11:44:37,655 [INFO] src.federated.client: Client hybrid_client_2: Starting local training for 3 epochs. Proximal term mu=0.0.
2025-05-03 11:44:38,830 [INFO] src.federated.client: Client hybrid_client_2 - Epoch 1/3 completed. Average Loss: 1.0315
2025-05-03 11:44:39,994 [INFO] src.federated.client: Client hybrid_client_2 - Epoch 2/3 completed. Average Loss: 1.0220
2025-05-03 11:44:41,165 [INFO] src.federated.client: Client hybrid_client_2 - Epoch 3/3 completed. Average Loss: 1.0117
2025-05-03 11:44:41,168 [INFO] src.federated.client: Client hybrid_client_2: Local training finished. Processed 66 samples.
2025-05-03 11:44:41,179 [INFO] src.core.quantum_client: Client hybrid_client_0: Starting local training (model type: hybrid).
2025-05-03 11:44:41,180 [INFO] src.federated.client: Client hybrid_client_0: Starting local training for 3 epochs. Proximal term mu=0.0.
2025-05-03 11:44:42,361 [INFO] src.federated.client: Client hybrid_client_0 - Epoch 1/3 completed. Average Loss: 1.0157
2025-05-03 11:44:43,567 [INFO] src.federated.client: Client hybrid_client_0 - Epoch 2/3 completed. Average Loss: 1.0012
2025-05-03 11:44:44,631 [INFO] src.federated.client: Client hybrid_client_0 - Epoch 3/3 completed. Average Loss: 0.9860
2025-05-03 11:44:44,636 [INFO] src.federated.client: Client hybrid_client_0: Local training finished. Processed 69 samples.
2025-05-03 11:44:44,644 [INFO] src.federated.server: Aggregating updates from 3 clients using FedAvg.
2025-05-03 11:44:44,647 [INFO] src.federated.aggregation: FedAvg: Aggregating updates from 3 clients.
2025-05-03 11:44:44,650 [INFO] src.federated.aggregation: FedAvg: Aggregation complete.
2025-05-03 11:44:44,658 [INFO] src.federated.server: Global model updated with aggregated parameters.
2025-05-03 11:44:44,658 [INFO] src.federated.server: Evaluating updated global model...
2025-05-03 11:44:44,658 [INFO] src.core.quantum_manager: Server: Starting evaluation (model type: hybrid).
2025-05-03 11:44:45,726 [INFO] src.federated.server: Round 9 completed in 11.31s. Eval Metrics: {'loss': 1.0197930635468653, 'accuracy': 0.5526315789473685}
2025-05-03 11:44:45,726 [INFO] src.federated.server: ===== Starting Round 10/15 =====
2025-05-03 11:44:45,727 [INFO] src.federated.server: Starting federated training round...
2025-05-03 11:44:45,727 [INFO] src.federated.server: Selected 3 clients out of 5 available (fraction=0.1, min_clients=3): ['hybrid_client_1', 'hybrid_client_3', 'hybrid_client_4']
2025-05-03 11:44:45,731 [INFO] src.core.quantum_client: Client hybrid_client_1: Starting local training (model type: hybrid).
2025-05-03 11:44:45,732 [INFO] src.federated.client: Client hybrid_client_1: Starting local training for 3 epochs. Proximal term mu=0.0.
2025-05-03 11:44:46,863 [INFO] src.federated.client: Client hybrid_client_1 - Epoch 1/3 completed. Average Loss: 1.0328
2025-05-03 11:44:48,002 [INFO] src.federated.client: Client hybrid_client_1 - Epoch 2/3 completed. Average Loss: 1.0183
2025-05-03 11:44:49,270 [INFO] src.federated.client: Client hybrid_client_1 - Epoch 3/3 completed. Average Loss: 1.0076
2025-05-03 11:44:49,272 [INFO] src.federated.client: Client hybrid_client_1: Local training finished. Processed 69 samples.
2025-05-03 11:44:49,283 [INFO] src.core.quantum_client: Client hybrid_client_3: Starting local training (model type: hybrid).
2025-05-03 11:44:49,286 [INFO] src.federated.client: Client hybrid_client_3: Starting local training for 3 epochs. Proximal term mu=0.0.
2025-05-03 11:44:50,344 [INFO] src.federated.client: Client hybrid_client_3 - Epoch 1/3 completed. Average Loss: 1.0148
2025-05-03 11:44:51,418 [INFO] src.federated.client: Client hybrid_client_3 - Epoch 2/3 completed. Average Loss: 1.0003
2025-05-03 11:44:52,459 [INFO] src.federated.client: Client hybrid_client_3 - Epoch 3/3 completed. Average Loss: 0.9865
2025-05-03 11:44:52,461 [INFO] src.federated.client: Client hybrid_client_3: Local training finished. Processed 66 samples.
2025-05-03 11:44:52,472 [INFO] src.core.quantum_client: Client hybrid_client_4: Starting local training (model type: hybrid).
2025-05-03 11:44:52,474 [INFO] src.federated.client: Client hybrid_client_4: Starting local training for 3 epochs. Proximal term mu=0.0.
2025-05-03 11:44:53,652 [INFO] src.federated.client: Client hybrid_client_4 - Epoch 1/3 completed. Average Loss: 0.9961
2025-05-03 11:44:54,828 [INFO] src.federated.client: Client hybrid_client_4 - Epoch 2/3 completed. Average Loss: 0.9822
2025-05-03 11:44:55,963 [INFO] src.federated.client: Client hybrid_client_4 - Epoch 3/3 completed. Average Loss: 0.9669
2025-05-03 11:44:55,965 [INFO] src.federated.client: Client hybrid_client_4: Local training finished. Processed 66 samples.
2025-05-03 11:44:55,971 [INFO] src.federated.server: Aggregating updates from 3 clients using FedAvg.
2025-05-03 11:44:55,972 [INFO] src.federated.aggregation: FedAvg: Aggregating updates from 3 clients.
2025-05-03 11:44:55,974 [INFO] src.federated.aggregation: FedAvg: Aggregation complete.
2025-05-03 11:44:55,976 [INFO] src.federated.server: Global model updated with aggregated parameters.
2025-05-03 11:44:55,976 [INFO] src.federated.server: Evaluating updated global model...
2025-05-03 11:44:55,976 [INFO] src.core.quantum_manager: Server: Starting evaluation (model type: hybrid).
2025-05-03 11:44:57,137 [INFO] src.federated.server: Round 10 completed in 11.41s. Eval Metrics: {'loss': 0.9942333283456966, 'accuracy': 0.6052631578947368}
2025-05-03 11:44:57,137 [INFO] src.federated.server: ===== Starting Round 11/15 =====
2025-05-03 11:44:57,137 [INFO] src.federated.server: Starting federated training round...
2025-05-03 11:44:57,138 [INFO] src.federated.server: Selected 3 clients out of 5 available (fraction=0.1, min_clients=3): ['hybrid_client_2', 'hybrid_client_1', 'hybrid_client_0']
2025-05-03 11:44:57,140 [INFO] src.core.quantum_client: Client hybrid_client_2: Starting local training (model type: hybrid).
2025-05-03 11:44:57,140 [INFO] src.federated.client: Client hybrid_client_2: Starting local training for 3 epochs. Proximal term mu=0.0.
2025-05-03 11:44:58,164 [INFO] src.federated.client: Client hybrid_client_2 - Epoch 1/3 completed. Average Loss: 0.9754
2025-05-03 11:44:59,214 [INFO] src.federated.client: Client hybrid_client_2 - Epoch 2/3 completed. Average Loss: 0.9592
2025-05-03 11:45:00,335 [INFO] src.federated.client: Client hybrid_client_2 - Epoch 3/3 completed. Average Loss: 0.9426
2025-05-03 11:45:00,337 [INFO] src.federated.client: Client hybrid_client_2: Local training finished. Processed 66 samples.
2025-05-03 11:45:00,347 [INFO] src.core.quantum_client: Client hybrid_client_1: Starting local training (model type: hybrid).
2025-05-03 11:45:00,348 [INFO] src.federated.client: Client hybrid_client_1: Starting local training for 3 epochs. Proximal term mu=0.0.
2025-05-03 11:45:01,589 [INFO] src.federated.client: Client hybrid_client_1 - Epoch 1/3 completed. Average Loss: 0.9954
2025-05-03 11:45:02,902 [INFO] src.federated.client: Client hybrid_client_1 - Epoch 2/3 completed. Average Loss: 0.9820
2025-05-03 11:45:04,091 [INFO] src.federated.client: Client hybrid_client_1 - Epoch 3/3 completed. Average Loss: 0.9694
2025-05-03 11:45:04,093 [INFO] src.federated.client: Client hybrid_client_1: Local training finished. Processed 69 samples.
2025-05-03 11:45:04,103 [INFO] src.core.quantum_client: Client hybrid_client_0: Starting local training (model type: hybrid).
2025-05-03 11:45:04,108 [INFO] src.federated.client: Client hybrid_client_0: Starting local training for 3 epochs. Proximal term mu=0.0.
2025-05-03 11:45:05,259 [INFO] src.federated.client: Client hybrid_client_0 - Epoch 1/3 completed. Average Loss: 0.9555
2025-05-03 11:45:06,475 [INFO] src.federated.client: Client hybrid_client_0 - Epoch 2/3 completed. Average Loss: 0.9355
2025-05-03 11:45:07,616 [INFO] src.federated.client: Client hybrid_client_0 - Epoch 3/3 completed. Average Loss: 0.9152
2025-05-03 11:45:07,619 [INFO] src.federated.client: Client hybrid_client_0: Local training finished. Processed 69 samples.
2025-05-03 11:45:07,626 [INFO] src.federated.server: Aggregating updates from 3 clients using FedAvg.
2025-05-03 11:45:07,630 [INFO] src.federated.aggregation: FedAvg: Aggregating updates from 3 clients.
2025-05-03 11:45:07,632 [INFO] src.federated.aggregation: FedAvg: Aggregation complete.
2025-05-03 11:45:07,636 [INFO] src.federated.server: Global model updated with aggregated parameters.
2025-05-03 11:45:07,636 [INFO] src.federated.server: Evaluating updated global model...
2025-05-03 11:45:07,637 [INFO] src.core.quantum_manager: Server: Starting evaluation (model type: hybrid).
2025-05-03 11:45:08,752 [INFO] src.federated.server: Round 11 completed in 11.61s. Eval Metrics: {'loss': 0.961282452472758, 'accuracy': 0.6578947368421053}
2025-05-03 11:45:08,752 [INFO] src.federated.server: ===== Starting Round 12/15 =====
2025-05-03 11:45:08,753 [INFO] src.federated.server: Starting federated training round...
2025-05-03 11:45:08,753 [INFO] src.federated.server: Selected 3 clients out of 5 available (fraction=0.1, min_clients=3): ['hybrid_client_2', 'hybrid_client_0', 'hybrid_client_3']
2025-05-03 11:45:08,757 [INFO] src.core.quantum_client: Client hybrid_client_2: Starting local training (model type: hybrid).
2025-05-03 11:45:08,758 [INFO] src.federated.client: Client hybrid_client_2: Starting local training for 3 epochs. Proximal term mu=0.0.
2025-05-03 11:45:09,937 [INFO] src.federated.client: Client hybrid_client_2 - Epoch 1/3 completed. Average Loss: 0.9317
2025-05-03 11:45:11,042 [INFO] src.federated.client: Client hybrid_client_2 - Epoch 2/3 completed. Average Loss: 0.9128
2025-05-03 11:45:12,205 [INFO] src.federated.client: Client hybrid_client_2 - Epoch 3/3 completed. Average Loss: 0.8943
2025-05-03 11:45:12,208 [INFO] src.federated.client: Client hybrid_client_2: Local training finished. Processed 66 samples.
2025-05-03 11:45:12,225 [INFO] src.core.quantum_client: Client hybrid_client_0: Starting local training (model type: hybrid).
2025-05-03 11:45:12,227 [INFO] src.federated.client: Client hybrid_client_0: Starting local training for 3 epochs. Proximal term mu=0.0.
2025-05-03 11:45:13,526 [INFO] src.federated.client: Client hybrid_client_0 - Epoch 1/3 completed. Average Loss: 0.9111
2025-05-03 11:45:14,687 [INFO] src.federated.client: Client hybrid_client_0 - Epoch 2/3 completed. Average Loss: 0.8878
2025-05-03 11:45:16,014 [INFO] src.federated.client: Client hybrid_client_0 - Epoch 3/3 completed. Average Loss: 0.8657
2025-05-03 11:45:16,016 [INFO] src.federated.client: Client hybrid_client_0: Local training finished. Processed 69 samples.
2025-05-03 11:45:16,025 [INFO] src.core.quantum_client: Client hybrid_client_3: Starting local training (model type: hybrid).
2025-05-03 11:45:16,028 [INFO] src.federated.client: Client hybrid_client_3: Starting local training for 3 epochs. Proximal term mu=0.0.
2025-05-03 11:45:17,285 [INFO] src.federated.client: Client hybrid_client_3 - Epoch 1/3 completed. Average Loss: 0.9416
2025-05-03 11:45:18,381 [INFO] src.federated.client: Client hybrid_client_3 - Epoch 2/3 completed. Average Loss: 0.9257
2025-05-03 11:45:19,775 [INFO] src.federated.client: Client hybrid_client_3 - Epoch 3/3 completed. Average Loss: 0.9097
2025-05-03 11:45:19,777 [INFO] src.federated.client: Client hybrid_client_3: Local training finished. Processed 66 samples.
2025-05-03 11:45:19,782 [INFO] src.federated.server: Aggregating updates from 3 clients using FedAvg.
2025-05-03 11:45:19,785 [INFO] src.federated.aggregation: FedAvg: Aggregating updates from 3 clients.
2025-05-03 11:45:19,787 [INFO] src.federated.aggregation: FedAvg: Aggregation complete.
2025-05-03 11:45:19,790 [INFO] src.federated.server: Global model updated with aggregated parameters.
2025-05-03 11:45:19,790 [INFO] src.federated.server: Evaluating updated global model...
2025-05-03 11:45:19,790 [INFO] src.core.quantum_manager: Server: Starting evaluation (model type: hybrid).
2025-05-03 11:45:20,729 [INFO] src.federated.server: Round 12 completed in 11.98s. Eval Metrics: {'loss': 0.9211718150990293, 'accuracy': 0.6578947368421053}
2025-05-03 11:45:20,729 [INFO] src.federated.server: ===== Starting Round 13/15 =====
2025-05-03 11:45:20,730 [INFO] src.federated.server: Starting federated training round...
2025-05-03 11:45:20,730 [INFO] src.federated.server: Selected 3 clients out of 5 available (fraction=0.1, min_clients=3): ['hybrid_client_3', 'hybrid_client_0', 'hybrid_client_1']
2025-05-03 11:45:20,733 [INFO] src.core.quantum_client: Client hybrid_client_3: Starting local training (model type: hybrid).
2025-05-03 11:45:20,734 [INFO] src.federated.client: Client hybrid_client_3: Starting local training for 3 epochs. Proximal term mu=0.0.
2025-05-03 11:45:21,748 [INFO] src.federated.client: Client hybrid_client_3 - Epoch 1/3 completed. Average Loss: 0.8963
2025-05-03 11:45:22,876 [INFO] src.federated.client: Client hybrid_client_3 - Epoch 2/3 completed. Average Loss: 0.8793
2025-05-03 11:45:24,075 [INFO] src.federated.client: Client hybrid_client_3 - Epoch 3/3 completed. Average Loss: 0.8624
2025-05-03 11:45:24,077 [INFO] src.federated.client: Client hybrid_client_3: Local training finished. Processed 66 samples.
2025-05-03 11:45:24,085 [INFO] src.core.quantum_client: Client hybrid_client_0: Starting local training (model type: hybrid).
2025-05-03 11:45:24,087 [INFO] src.federated.client: Client hybrid_client_0: Starting local training for 3 epochs. Proximal term mu=0.0.
2025-05-03 11:45:25,201 [INFO] src.federated.client: Client hybrid_client_0 - Epoch 1/3 completed. Average Loss: 0.8544
2025-05-03 11:45:26,369 [INFO] src.federated.client: Client hybrid_client_0 - Epoch 2/3 completed. Average Loss: 0.8327
2025-05-03 11:45:27,473 [INFO] src.federated.client: Client hybrid_client_0 - Epoch 3/3 completed. Average Loss: 0.8130
2025-05-03 11:45:27,476 [INFO] src.federated.client: Client hybrid_client_0: Local training finished. Processed 69 samples.
2025-05-03 11:45:27,484 [INFO] src.core.quantum_client: Client hybrid_client_1: Starting local training (model type: hybrid).
2025-05-03 11:45:27,487 [INFO] src.federated.client: Client hybrid_client_1: Starting local training for 3 epochs. Proximal term mu=0.0.
2025-05-03 11:45:28,658 [INFO] src.federated.client: Client hybrid_client_1 - Epoch 1/3 completed. Average Loss: 0.9149
2025-05-03 11:45:29,782 [INFO] src.federated.client: Client hybrid_client_1 - Epoch 2/3 completed. Average Loss: 0.8947
2025-05-03 11:45:30,828 [INFO] src.federated.client: Client hybrid_client_1 - Epoch 3/3 completed. Average Loss: 0.8778
2025-05-03 11:45:30,830 [INFO] src.federated.client: Client hybrid_client_1: Local training finished. Processed 69 samples.
2025-05-03 11:45:30,836 [INFO] src.federated.server: Aggregating updates from 3 clients using FedAvg.
2025-05-03 11:45:30,838 [INFO] src.federated.aggregation: FedAvg: Aggregating updates from 3 clients.
2025-05-03 11:45:30,840 [INFO] src.federated.aggregation: FedAvg: Aggregation complete.
2025-05-03 11:45:30,844 [INFO] src.federated.server: Global model updated with aggregated parameters.
2025-05-03 11:45:30,845 [INFO] src.federated.server: Evaluating updated global model...
2025-05-03 11:45:30,845 [INFO] src.core.quantum_manager: Server: Starting evaluation (model type: hybrid).
2025-05-03 11:45:31,827 [INFO] src.federated.server: Round 13 completed in 11.10s. Eval Metrics: {'loss': 0.8819336425211065, 'accuracy': 0.7368421052631579}
2025-05-03 11:45:31,827 [INFO] src.federated.server: ===== Starting Round 14/15 =====
2025-05-03 11:45:31,828 [INFO] src.federated.server: Starting federated training round...
2025-05-03 11:45:31,828 [INFO] src.federated.server: Selected 3 clients out of 5 available (fraction=0.1, min_clients=3): ['hybrid_client_2', 'hybrid_client_4', 'hybrid_client_0']
2025-05-03 11:45:31,831 [INFO] src.core.quantum_client: Client hybrid_client_2: Starting local training (model type: hybrid).
2025-05-03 11:45:31,831 [INFO] src.federated.client: Client hybrid_client_2: Starting local training for 3 epochs. Proximal term mu=0.0.
2025-05-03 11:45:32,933 [INFO] src.federated.client: Client hybrid_client_2 - Epoch 1/3 completed. Average Loss: 0.8339
2025-05-03 11:45:33,947 [INFO] src.federated.client: Client hybrid_client_2 - Epoch 2/3 completed. Average Loss: 0.8159
2025-05-03 11:45:35,017 [INFO] src.federated.client: Client hybrid_client_2 - Epoch 3/3 completed. Average Loss: 0.7987
2025-05-03 11:45:35,019 [INFO] src.federated.client: Client hybrid_client_2: Local training finished. Processed 66 samples.
2025-05-03 11:45:35,029 [INFO] src.core.quantum_client: Client hybrid_client_4: Starting local training (model type: hybrid).
2025-05-03 11:45:35,030 [INFO] src.federated.client: Client hybrid_client_4: Starting local training for 3 epochs. Proximal term mu=0.0.
2025-05-03 11:45:36,208 [INFO] src.federated.client: Client hybrid_client_4 - Epoch 1/3 completed. Average Loss: 0.8338
2025-05-03 11:45:37,420 [INFO] src.federated.client: Client hybrid_client_4 - Epoch 2/3 completed. Average Loss: 0.8124
2025-05-03 11:45:38,652 [INFO] src.federated.client: Client hybrid_client_4 - Epoch 3/3 completed. Average Loss: 0.7897
2025-05-03 11:45:38,655 [INFO] src.federated.client: Client hybrid_client_4: Local training finished. Processed 66 samples.
2025-05-03 11:45:38,662 [INFO] src.core.quantum_client: Client hybrid_client_0: Starting local training (model type: hybrid).
2025-05-03 11:45:38,665 [INFO] src.federated.client: Client hybrid_client_0: Starting local training for 3 epochs. Proximal term mu=0.0.
2025-05-03 11:45:40,060 [INFO] src.federated.client: Client hybrid_client_0 - Epoch 1/3 completed. Average Loss: 0.8063
2025-05-03 11:45:41,139 [INFO] src.federated.client: Client hybrid_client_0 - Epoch 2/3 completed. Average Loss: 0.7842
2025-05-03 11:45:42,363 [INFO] src.federated.client: Client hybrid_client_0 - Epoch 3/3 completed. Average Loss: 0.7634
2025-05-03 11:45:42,365 [INFO] src.federated.client: Client hybrid_client_0: Local training finished. Processed 69 samples.
2025-05-03 11:45:42,371 [INFO] src.federated.server: Aggregating updates from 3 clients using FedAvg.
2025-05-03 11:45:42,373 [INFO] src.federated.aggregation: FedAvg: Aggregating updates from 3 clients.
2025-05-03 11:45:42,375 [INFO] src.federated.aggregation: FedAvg: Aggregation complete.
2025-05-03 11:45:42,377 [INFO] src.federated.server: Global model updated with aggregated parameters.
2025-05-03 11:45:42,378 [INFO] src.federated.server: Evaluating updated global model...
2025-05-03 11:45:42,378 [INFO] src.core.quantum_manager: Server: Starting evaluation (model type: hybrid).
2025-05-03 11:45:43,318 [INFO] src.federated.server: Round 14 completed in 11.49s. Eval Metrics: {'loss': 0.8456667689277871, 'accuracy': 0.6842105263157895}
2025-05-03 11:45:43,318 [INFO] src.federated.server: ===== Starting Round 15/15 =====
2025-05-03 11:45:43,318 [INFO] src.federated.server: Starting federated training round...
2025-05-03 11:45:43,319 [INFO] src.federated.server: Selected 3 clients out of 5 available (fraction=0.1, min_clients=3): ['hybrid_client_3', 'hybrid_client_0', 'hybrid_client_1']
2025-05-03 11:45:43,323 [INFO] src.core.quantum_client: Client hybrid_client_3: Starting local training (model type: hybrid).
2025-05-03 11:45:43,323 [INFO] src.federated.client: Client hybrid_client_3: Starting local training for 3 epochs. Proximal term mu=0.0.
2025-05-03 11:45:44,448 [INFO] src.federated.client: Client hybrid_client_3 - Epoch 1/3 completed. Average Loss: 0.8089
2025-05-03 11:45:45,526 [INFO] src.federated.client: Client hybrid_client_3 - Epoch 2/3 completed. Average Loss: 0.7891
2025-05-03 11:45:46,684 [INFO] src.federated.client: Client hybrid_client_3 - Epoch 3/3 completed. Average Loss: 0.7686
2025-05-03 11:45:46,685 [INFO] src.federated.client: Client hybrid_client_3: Local training finished. Processed 66 samples.
2025-05-03 11:45:46,693 [INFO] src.core.quantum_client: Client hybrid_client_0: Starting local training (model type: hybrid).
2025-05-03 11:45:46,693 [INFO] src.federated.client: Client hybrid_client_0: Starting local training for 3 epochs. Proximal term mu=0.0.
2025-05-03 11:45:47,858 [INFO] src.federated.client: Client hybrid_client_0 - Epoch 1/3 completed. Average Loss: 0.7528
2025-05-03 11:45:48,993 [INFO] src.federated.client: Client hybrid_client_0 - Epoch 2/3 completed. Average Loss: 0.7330
2025-05-03 11:45:50,188 [INFO] src.federated.client: Client hybrid_client_0 - Epoch 3/3 completed. Average Loss: 0.7132
2025-05-03 11:45:50,189 [INFO] src.federated.client: Client hybrid_client_0: Local training finished. Processed 69 samples.
2025-05-03 11:45:50,196 [INFO] src.core.quantum_client: Client hybrid_client_1: Starting local training (model type: hybrid).
2025-05-03 11:45:50,198 [INFO] src.federated.client: Client hybrid_client_1: Starting local training for 3 epochs. Proximal term mu=0.0.
2025-05-03 11:45:51,208 [INFO] src.federated.client: Client hybrid_client_1 - Epoch 1/3 completed. Average Loss: 0.8226
2025-05-03 11:45:52,451 [INFO] src.federated.client: Client hybrid_client_1 - Epoch 2/3 completed. Average Loss: 0.7978
2025-05-03 11:45:53,560 [INFO] src.federated.client: Client hybrid_client_1 - Epoch 3/3 completed. Average Loss: 0.7762
2025-05-03 11:45:53,563 [INFO] src.federated.client: Client hybrid_client_1: Local training finished. Processed 69 samples.
2025-05-03 11:45:53,569 [INFO] src.federated.server: Aggregating updates from 3 clients using FedAvg.
2025-05-03 11:45:53,572 [INFO] src.federated.aggregation: FedAvg: Aggregating updates from 3 clients.
2025-05-03 11:45:53,574 [INFO] src.federated.aggregation: FedAvg: Aggregation complete.
2025-05-03 11:45:53,577 [INFO] src.federated.server: Global model updated with aggregated parameters.
2025-05-03 11:45:53,578 [INFO] src.federated.server: Evaluating updated global model...
2025-05-03 11:45:53,578 [INFO] src.core.quantum_manager: Server: Starting evaluation (model type: hybrid).
2025-05-03 11:45:54,586 [INFO] src.federated.server: Round 15 completed in 11.27s. Eval Metrics: {'loss': 0.8015622447355399, 'accuracy': 0.7631578947368421}
2025-05-03 11:45:54,587 [INFO] src.federated.server: Federated training process completed after 15 rounds.
2025-05-03 11:45:54,588 [INFO] ExperimentRunner: ========== Finished Iris_Hybrid_FedAvg_IID_PCA3 ==========

2025-05-03 11:45:54,588 [INFO] ExperimentRunner: ========== Starting Iris_Hybrid_FedDive_IID_PCA3 ==========
2025-05-03 11:45:54,588 [INFO] ExperimentRunner: --- Setting up experiment: Iris_Hybrid_FedDive_IID_PCA3 ---
2025-05-03 11:45:54,589 [INFO] src.utils.data_utils: Set random seed to 42
2025-05-03 11:45:54,597 [INFO] src.utils.data_utils: Successfully loaded configuration from /home/dhanraj/quantum_federated_simulator/configs/federated/server_config.yaml
2025-05-03 11:45:54,604 [INFO] src.utils.data_utils: Successfully loaded configuration from /home/dhanraj/quantum_federated_simulator/configs/federated/client_config.yaml
2025-05-03 11:45:54,613 [INFO] src.utils.data_utils: Successfully loaded configuration from /home/dhanraj/quantum_federated_simulator/configs/federated/default_aggregation.yaml
2025-05-03 11:45:54,614 [INFO] ExperimentRunner: Quantum model specified: Reloading data with PCA features=3
2025-05-03 11:45:54,614 [INFO] src.utils.data_utils: Loading Iris data. Target features: 3. Normalize: True
2025-05-03 11:45:54,618 [INFO] src.utils.data_utils: Applying PCA to reduce features from 4 to 3
2025-05-03 11:45:54,620 [INFO] src.utils.data_utils: PCA completed. Explained variance ratio sum: 0.9948
2025-05-03 11:45:54,621 [INFO] src.utils.data_utils: Applying MinMaxScaler to scale features to [-1, 1] range.
2025-05-03 11:45:54,625 [INFO] src.utils.data_utils: Iris data loaded. Train size: 112, Test size: 38, Features: 3
2025-05-03 11:45:54,625 [INFO] src.utils.data_utils: Partitioning data IID among 5 clients.
2025-05-03 11:45:54,625 [INFO] src.utils.data_utils: Data partitioning complete.
2025-05-03 11:45:54,626 [INFO] ExperimentRunner: Creating model of type: hybrid
2025-05-03 11:45:54,626 [INFO] src.quantum.models: Initializing HybridQuantumModel: Input=3, Hidden=8, Output=3, Qubits=3, QCircuit='basic'
2025-05-03 11:45:54,627 [INFO] src.quantum.models: Initializing QNN Layer: qubits=3, layers=1, circuit='basic', device='default.qubit', shots=None
2025-05-03 11:45:54,627 [INFO] src.quantum.utils: Loading PennyLane device 'default.qubit' with wires=3, shots=None, kwargs={}
2025-05-03 11:45:54,628 [INFO] src.quantum.utils: Device 'default.qubit' loaded successfully.
2025-05-03 11:45:54,628 [INFO] src.quantum.circuits: Creating basic circuit with 3 qubits, 1 layers.
2025-05-03 11:45:54,628 [INFO] src.quantum.circuits: Basic circuit expects 9 trainable parameters.
2025-05-03 11:45:54,629 [INFO] src.quantum.models: QNN circuit requires 9 parameters.
2025-05-03 11:45:54,629 [INFO] src.quantum.models: Using differentiation method: backprop
2025-05-03 11:45:54,649 [INFO] src.quantum.models: Inferred QNN output dimension: 3
2025-05-03 11:45:54,651 [INFO] src.federated.aggregation: Creating aggregation strategy of type: fedavg
2025-05-03 11:45:54,651 [INFO] ExperimentRunner: Using aggregation strategy: FedAvg
2025-05-03 11:45:54,651 [INFO] src.core.quantum_manager: QuantumServer: Initializing with model type 'hybrid'.
2025-05-03 11:45:54,654 [INFO] src.federated.server: Federated server initialized on device 'cuda' with aggregation strategy: FedAvg
2025-05-03 11:45:54,654 [INFO] ExperimentRunner: Creating model of type: hybrid
2025-05-03 11:45:54,655 [INFO] src.quantum.models: Initializing HybridQuantumModel: Input=3, Hidden=8, Output=3, Qubits=3, QCircuit='basic'
2025-05-03 11:45:54,656 [INFO] src.quantum.models: Initializing QNN Layer: qubits=3, layers=1, circuit='basic', device='default.qubit', shots=None
2025-05-03 11:45:54,656 [INFO] src.quantum.utils: Loading PennyLane device 'default.qubit' with wires=3, shots=None, kwargs={}
2025-05-03 11:45:54,657 [INFO] src.quantum.utils: Device 'default.qubit' loaded successfully.
2025-05-03 11:45:54,657 [INFO] src.quantum.circuits: Creating basic circuit with 3 qubits, 1 layers.
2025-05-03 11:45:54,658 [INFO] src.quantum.circuits: Basic circuit expects 9 trainable parameters.
2025-05-03 11:45:54,658 [INFO] src.quantum.models: QNN circuit requires 9 parameters.
2025-05-03 11:45:54,658 [INFO] src.quantum.models: Using differentiation method: backprop
2025-05-03 11:45:54,676 [INFO] src.quantum.models: Inferred QNN output dimension: 3
2025-05-03 11:45:54,678 [INFO] src.core.quantum_client: QuantumClient hybrid_client_0: Initializing with model type 'hybrid'.
2025-05-03 11:45:54,680 [INFO] src.federated.client: Client hybrid_client_0 initialized on device 'cuda' with 23 samples.
2025-05-03 11:45:54,681 [INFO] src.federated.server: Registered client 'hybrid_client_0'. Total clients: 1.
2025-05-03 11:45:54,681 [INFO] ExperimentRunner: Creating model of type: hybrid
2025-05-03 11:45:54,681 [INFO] src.quantum.models: Initializing HybridQuantumModel: Input=3, Hidden=8, Output=3, Qubits=3, QCircuit='basic'
2025-05-03 11:45:54,682 [INFO] src.quantum.models: Initializing QNN Layer: qubits=3, layers=1, circuit='basic', device='default.qubit', shots=None
2025-05-03 11:45:54,682 [INFO] src.quantum.utils: Loading PennyLane device 'default.qubit' with wires=3, shots=None, kwargs={}
2025-05-03 11:45:54,683 [INFO] src.quantum.utils: Device 'default.qubit' loaded successfully.
2025-05-03 11:45:54,683 [INFO] src.quantum.circuits: Creating basic circuit with 3 qubits, 1 layers.
2025-05-03 11:45:54,683 [INFO] src.quantum.circuits: Basic circuit expects 9 trainable parameters.
2025-05-03 11:45:54,683 [INFO] src.quantum.models: QNN circuit requires 9 parameters.
2025-05-03 11:45:54,684 [INFO] src.quantum.models: Using differentiation method: backprop
2025-05-03 11:45:54,704 [INFO] src.quantum.models: Inferred QNN output dimension: 3
2025-05-03 11:45:54,706 [INFO] src.core.quantum_client: QuantumClient hybrid_client_1: Initializing with model type 'hybrid'.
2025-05-03 11:45:54,708 [INFO] src.federated.client: Client hybrid_client_1 initialized on device 'cuda' with 23 samples.
2025-05-03 11:45:54,709 [INFO] src.federated.server: Registered client 'hybrid_client_1'. Total clients: 2.
2025-05-03 11:45:54,709 [INFO] ExperimentRunner: Creating model of type: hybrid
2025-05-03 11:45:54,709 [INFO] src.quantum.models: Initializing HybridQuantumModel: Input=3, Hidden=8, Output=3, Qubits=3, QCircuit='basic'
2025-05-03 11:45:54,711 [INFO] src.quantum.models: Initializing QNN Layer: qubits=3, layers=1, circuit='basic', device='default.qubit', shots=None
2025-05-03 11:45:54,711 [INFO] src.quantum.utils: Loading PennyLane device 'default.qubit' with wires=3, shots=None, kwargs={}
2025-05-03 11:45:54,712 [INFO] src.quantum.utils: Device 'default.qubit' loaded successfully.
2025-05-03 11:45:54,712 [INFO] src.quantum.circuits: Creating basic circuit with 3 qubits, 1 layers.
2025-05-03 11:45:54,713 [INFO] src.quantum.circuits: Basic circuit expects 9 trainable parameters.
2025-05-03 11:45:54,713 [INFO] src.quantum.models: QNN circuit requires 9 parameters.
2025-05-03 11:45:54,713 [INFO] src.quantum.models: Using differentiation method: backprop
2025-05-03 11:45:54,732 [INFO] src.quantum.models: Inferred QNN output dimension: 3
2025-05-03 11:45:54,734 [INFO] src.core.quantum_client: QuantumClient hybrid_client_2: Initializing with model type 'hybrid'.
2025-05-03 11:45:54,737 [INFO] src.federated.client: Client hybrid_client_2 initialized on device 'cuda' with 22 samples.
2025-05-03 11:45:54,738 [INFO] src.federated.server: Registered client 'hybrid_client_2'. Total clients: 3.
2025-05-03 11:45:54,738 [INFO] ExperimentRunner: Creating model of type: hybrid
2025-05-03 11:45:54,738 [INFO] src.quantum.models: Initializing HybridQuantumModel: Input=3, Hidden=8, Output=3, Qubits=3, QCircuit='basic'
2025-05-03 11:45:54,739 [INFO] src.quantum.models: Initializing QNN Layer: qubits=3, layers=1, circuit='basic', device='default.qubit', shots=None
2025-05-03 11:45:54,740 [INFO] src.quantum.utils: Loading PennyLane device 'default.qubit' with wires=3, shots=None, kwargs={}
2025-05-03 11:45:54,740 [INFO] src.quantum.utils: Device 'default.qubit' loaded successfully.
2025-05-03 11:45:54,741 [INFO] src.quantum.circuits: Creating basic circuit with 3 qubits, 1 layers.
2025-05-03 11:45:54,741 [INFO] src.quantum.circuits: Basic circuit expects 9 trainable parameters.
2025-05-03 11:45:54,741 [INFO] src.quantum.models: QNN circuit requires 9 parameters.
2025-05-03 11:45:54,741 [INFO] src.quantum.models: Using differentiation method: backprop
2025-05-03 11:45:54,756 [INFO] src.quantum.models: Inferred QNN output dimension: 3
2025-05-03 11:45:54,758 [INFO] src.core.quantum_client: QuantumClient hybrid_client_3: Initializing with model type 'hybrid'.
2025-05-03 11:45:54,761 [INFO] src.federated.client: Client hybrid_client_3 initialized on device 'cuda' with 22 samples.
2025-05-03 11:45:54,761 [INFO] src.federated.server: Registered client 'hybrid_client_3'. Total clients: 4.
2025-05-03 11:45:54,761 [INFO] ExperimentRunner: Creating model of type: hybrid
2025-05-03 11:45:54,762 [INFO] src.quantum.models: Initializing HybridQuantumModel: Input=3, Hidden=8, Output=3, Qubits=3, QCircuit='basic'
2025-05-03 11:45:54,762 [INFO] src.quantum.models: Initializing QNN Layer: qubits=3, layers=1, circuit='basic', device='default.qubit', shots=None
2025-05-03 11:45:54,763 [INFO] src.quantum.utils: Loading PennyLane device 'default.qubit' with wires=3, shots=None, kwargs={}
2025-05-03 11:45:54,763 [INFO] src.quantum.utils: Device 'default.qubit' loaded successfully.
2025-05-03 11:45:54,763 [INFO] src.quantum.circuits: Creating basic circuit with 3 qubits, 1 layers.
2025-05-03 11:45:54,764 [INFO] src.quantum.circuits: Basic circuit expects 9 trainable parameters.
2025-05-03 11:45:54,764 [INFO] src.quantum.models: QNN circuit requires 9 parameters.
2025-05-03 11:45:54,764 [INFO] src.quantum.models: Using differentiation method: backprop
2025-05-03 11:45:54,778 [INFO] src.quantum.models: Inferred QNN output dimension: 3
2025-05-03 11:45:54,779 [INFO] src.core.quantum_client: QuantumClient hybrid_client_4: Initializing with model type 'hybrid'.
2025-05-03 11:45:54,782 [INFO] src.federated.client: Client hybrid_client_4 initialized on device 'cuda' with 22 samples.
2025-05-03 11:45:54,782 [INFO] src.federated.server: Registered client 'hybrid_client_4'. Total clients: 5.
2025-05-03 11:45:54,783 [INFO] ExperimentRunner: --- Scenario setup complete for Iris_Hybrid_FedDive_IID_PCA3 ---
2025-05-03 11:45:54,784 [INFO] src.federated.server: Starting federated training process for 15 rounds.
2025-05-03 11:45:54,784 [INFO] src.federated.server: Config: local_epochs=3, client_fraction=0.1, min_clients=3, FedProx mu=0.0
2025-05-03 11:45:54,784 [INFO] src.federated.server: Performing initial evaluation of global model...
2025-05-03 11:45:54,785 [INFO] src.core.quantum_manager: Server: Starting evaluation (model type: hybrid).
2025-05-03 11:45:55,850 [INFO] src.federated.server: Initial Evaluation Metrics: {'loss': 1.1103501950022352, 'accuracy': 0.34210526315789475}
2025-05-03 11:45:55,851 [INFO] src.federated.server: ===== Starting Round 1/15 =====
2025-05-03 11:45:55,851 [INFO] src.federated.server: Starting federated training round...
2025-05-03 11:45:55,851 [INFO] src.federated.server: Selected 3 clients out of 5 available (fraction=0.1, min_clients=3): ['hybrid_client_0', 'hybrid_client_4', 'hybrid_client_2']
2025-05-03 11:45:55,855 [INFO] src.core.quantum_client: Client hybrid_client_0: Starting local training (model type: hybrid).
2025-05-03 11:45:55,855 [INFO] src.federated.client: Client hybrid_client_0: Starting local training for 3 epochs. Proximal term mu=0.0.
2025-05-03 11:45:56,807 [INFO] src.federated.client: Client hybrid_client_0 - Epoch 1/3 completed. Average Loss: 1.1140
2025-05-03 11:45:57,980 [INFO] src.federated.client: Client hybrid_client_0 - Epoch 2/3 completed. Average Loss: 1.1041
2025-05-03 11:45:58,999 [INFO] src.federated.client: Client hybrid_client_0 - Epoch 3/3 completed. Average Loss: 1.0970
2025-05-03 11:45:59,002 [INFO] src.federated.client: Client hybrid_client_0: Local training finished. Processed 69 samples.
2025-05-03 11:45:59,012 [INFO] src.core.quantum_client: Client hybrid_client_4: Starting local training (model type: hybrid).
2025-05-03 11:45:59,016 [INFO] src.federated.client: Client hybrid_client_4: Starting local training for 3 epochs. Proximal term mu=0.0.
2025-05-03 11:46:00,139 [INFO] src.federated.client: Client hybrid_client_4 - Epoch 1/3 completed. Average Loss: 1.1520
2025-05-03 11:46:01,124 [INFO] src.federated.client: Client hybrid_client_4 - Epoch 2/3 completed. Average Loss: 1.1380
2025-05-03 11:46:02,259 [INFO] src.federated.client: Client hybrid_client_4 - Epoch 3/3 completed. Average Loss: 1.1261
2025-05-03 11:46:02,261 [INFO] src.federated.client: Client hybrid_client_4: Local training finished. Processed 66 samples.
2025-05-03 11:46:02,267 [INFO] src.core.quantum_client: Client hybrid_client_2: Starting local training (model type: hybrid).
2025-05-03 11:46:02,268 [INFO] src.federated.client: Client hybrid_client_2: Starting local training for 3 epochs. Proximal term mu=0.0.
2025-05-03 11:46:03,281 [INFO] src.federated.client: Client hybrid_client_2 - Epoch 1/3 completed. Average Loss: 1.1369
2025-05-03 11:46:04,307 [INFO] src.federated.client: Client hybrid_client_2 - Epoch 2/3 completed. Average Loss: 1.1255
2025-05-03 11:46:05,449 [INFO] src.federated.client: Client hybrid_client_2 - Epoch 3/3 completed. Average Loss: 1.1163
2025-05-03 11:46:05,451 [INFO] src.federated.client: Client hybrid_client_2: Local training finished. Processed 66 samples.
2025-05-03 11:46:05,455 [INFO] src.federated.server: Aggregating updates from 3 clients using FedAvg.
2025-05-03 11:46:05,456 [INFO] src.federated.aggregation: FedAvg: Aggregating updates from 3 clients.
2025-05-03 11:46:05,458 [INFO] src.federated.aggregation: FedAvg: Aggregation complete.
2025-05-03 11:46:05,460 [INFO] src.federated.server: Global model updated with aggregated parameters.
2025-05-03 11:46:05,461 [INFO] src.federated.server: Evaluating updated global model...
2025-05-03 11:46:05,461 [INFO] src.core.quantum_manager: Server: Starting evaluation (model type: hybrid).
2025-05-03 11:46:06,437 [INFO] src.federated.server: Round 1 completed in 10.59s. Eval Metrics: {'loss': 1.0987248944329657, 'accuracy': 0.34210526315789475}
2025-05-03 11:46:06,437 [INFO] src.federated.server: ===== Starting Round 2/15 =====
2025-05-03 11:46:06,437 [INFO] src.federated.server: Starting federated training round...
2025-05-03 11:46:06,437 [INFO] src.federated.server: Selected 3 clients out of 5 available (fraction=0.1, min_clients=3): ['hybrid_client_2', 'hybrid_client_1', 'hybrid_client_0']
2025-05-03 11:46:06,440 [INFO] src.core.quantum_client: Client hybrid_client_2: Starting local training (model type: hybrid).
2025-05-03 11:46:06,440 [INFO] src.federated.client: Client hybrid_client_2: Starting local training for 3 epochs. Proximal term mu=0.0.
2025-05-03 11:46:07,524 [INFO] src.federated.client: Client hybrid_client_2 - Epoch 1/3 completed. Average Loss: 1.1094
2025-05-03 11:46:08,603 [INFO] src.federated.client: Client hybrid_client_2 - Epoch 2/3 completed. Average Loss: 1.1032
2025-05-03 11:46:09,684 [INFO] src.federated.client: Client hybrid_client_2 - Epoch 3/3 completed. Average Loss: 1.0983
2025-05-03 11:46:09,685 [INFO] src.federated.client: Client hybrid_client_2: Local training finished. Processed 66 samples.
2025-05-03 11:46:09,692 [INFO] src.core.quantum_client: Client hybrid_client_1: Starting local training (model type: hybrid).
2025-05-03 11:46:09,695 [INFO] src.federated.client: Client hybrid_client_1: Starting local training for 3 epochs. Proximal term mu=0.0.
2025-05-03 11:46:10,883 [INFO] src.federated.client: Client hybrid_client_1 - Epoch 1/3 completed. Average Loss: 1.1123
2025-05-03 11:46:12,046 [INFO] src.federated.client: Client hybrid_client_1 - Epoch 2/3 completed. Average Loss: 1.1032
2025-05-03 11:46:13,201 [INFO] src.federated.client: Client hybrid_client_1 - Epoch 3/3 completed. Average Loss: 1.0981
2025-05-03 11:46:13,202 [INFO] src.federated.client: Client hybrid_client_1: Local training finished. Processed 69 samples.
2025-05-03 11:46:13,209 [INFO] src.core.quantum_client: Client hybrid_client_0: Starting local training (model type: hybrid).
2025-05-03 11:46:13,212 [INFO] src.federated.client: Client hybrid_client_0: Starting local training for 3 epochs. Proximal term mu=0.0.
2025-05-03 11:46:14,349 [INFO] src.federated.client: Client hybrid_client_0 - Epoch 1/3 completed. Average Loss: 1.0928
2025-05-03 11:46:15,426 [INFO] src.federated.client: Client hybrid_client_0 - Epoch 2/3 completed. Average Loss: 1.0885
2025-05-03 11:46:16,616 [INFO] src.federated.client: Client hybrid_client_0 - Epoch 3/3 completed. Average Loss: 1.0856
2025-05-03 11:46:16,618 [INFO] src.federated.client: Client hybrid_client_0: Local training finished. Processed 69 samples.
2025-05-03 11:46:16,624 [INFO] src.federated.server: Aggregating updates from 3 clients using FedAvg.
2025-05-03 11:46:16,626 [INFO] src.federated.aggregation: FedAvg: Aggregating updates from 3 clients.
2025-05-03 11:46:16,628 [INFO] src.federated.aggregation: FedAvg: Aggregation complete.
2025-05-03 11:46:16,632 [INFO] src.federated.server: Global model updated with aggregated parameters.
2025-05-03 11:46:16,632 [INFO] src.federated.server: Evaluating updated global model...
2025-05-03 11:46:16,632 [INFO] src.core.quantum_manager: Server: Starting evaluation (model type: hybrid).
2025-05-03 11:46:17,627 [INFO] src.federated.server: Round 2 completed in 11.19s. Eval Metrics: {'loss': 1.0949312508290132, 'accuracy': 0.34210526315789475}
2025-05-03 11:46:17,628 [INFO] src.federated.server: ===== Starting Round 3/15 =====
2025-05-03 11:46:17,628 [INFO] src.federated.server: Starting federated training round...
2025-05-03 11:46:17,628 [INFO] src.federated.server: Selected 3 clients out of 5 available (fraction=0.1, min_clients=3): ['hybrid_client_1', 'hybrid_client_0', 'hybrid_client_2']
2025-05-03 11:46:17,631 [INFO] src.core.quantum_client: Client hybrid_client_1: Starting local training (model type: hybrid).
2025-05-03 11:46:17,631 [INFO] src.federated.client: Client hybrid_client_1: Starting local training for 3 epochs. Proximal term mu=0.0.
2025-05-03 11:46:18,771 [INFO] src.federated.client: Client hybrid_client_1 - Epoch 1/3 completed. Average Loss: 1.1074
2025-05-03 11:46:19,812 [INFO] src.federated.client: Client hybrid_client_1 - Epoch 2/3 completed. Average Loss: 1.0996
2025-05-03 11:46:21,071 [INFO] src.federated.client: Client hybrid_client_1 - Epoch 3/3 completed. Average Loss: 1.0951
2025-05-03 11:46:21,073 [INFO] src.federated.client: Client hybrid_client_1: Local training finished. Processed 69 samples.
2025-05-03 11:46:21,085 [INFO] src.core.quantum_client: Client hybrid_client_0: Starting local training (model type: hybrid).
2025-05-03 11:46:21,088 [INFO] src.federated.client: Client hybrid_client_0: Starting local training for 3 epochs. Proximal term mu=0.0.
2025-05-03 11:46:22,133 [INFO] src.federated.client: Client hybrid_client_0 - Epoch 1/3 completed. Average Loss: 1.0879
2025-05-03 11:46:23,357 [INFO] src.federated.client: Client hybrid_client_0 - Epoch 2/3 completed. Average Loss: 1.0841
2025-05-03 11:46:24,653 [INFO] src.federated.client: Client hybrid_client_0 - Epoch 3/3 completed. Average Loss: 1.0811
2025-05-03 11:46:24,656 [INFO] src.federated.client: Client hybrid_client_0: Local training finished. Processed 69 samples.
2025-05-03 11:46:24,665 [INFO] src.core.quantum_client: Client hybrid_client_2: Starting local training (model type: hybrid).
2025-05-03 11:46:24,668 [INFO] src.federated.client: Client hybrid_client_2: Starting local training for 3 epochs. Proximal term mu=0.0.
2025-05-03 11:46:25,774 [INFO] src.federated.client: Client hybrid_client_2 - Epoch 1/3 completed. Average Loss: 1.0992
2025-05-03 11:46:26,911 [INFO] src.federated.client: Client hybrid_client_2 - Epoch 2/3 completed. Average Loss: 1.0947
2025-05-03 11:46:28,139 [INFO] src.federated.client: Client hybrid_client_2 - Epoch 3/3 completed. Average Loss: 1.0911
2025-05-03 11:46:28,140 [INFO] src.federated.client: Client hybrid_client_2: Local training finished. Processed 66 samples.
2025-05-03 11:46:28,146 [INFO] src.federated.server: Aggregating updates from 3 clients using FedAvg.
2025-05-03 11:46:28,147 [INFO] src.federated.aggregation: FedAvg: Aggregating updates from 3 clients.
2025-05-03 11:46:28,149 [INFO] src.federated.aggregation: FedAvg: Aggregation complete.
2025-05-03 11:46:28,151 [INFO] src.federated.server: Global model updated with aggregated parameters.
2025-05-03 11:46:28,152 [INFO] src.federated.server: Evaluating updated global model...
2025-05-03 11:46:28,152 [INFO] src.core.quantum_manager: Server: Starting evaluation (model type: hybrid).
2025-05-03 11:46:29,253 [INFO] src.federated.server: Round 3 completed in 11.62s. Eval Metrics: {'loss': 1.0929961653812839, 'accuracy': 0.34210526315789475}
2025-05-03 11:46:29,253 [INFO] src.federated.server: ===== Starting Round 4/15 =====
2025-05-03 11:46:29,254 [INFO] src.federated.server: Starting federated training round...
2025-05-03 11:46:29,254 [INFO] src.federated.server: Selected 3 clients out of 5 available (fraction=0.1, min_clients=3): ['hybrid_client_4', 'hybrid_client_0', 'hybrid_client_2']
2025-05-03 11:46:29,257 [INFO] src.core.quantum_client: Client hybrid_client_4: Starting local training (model type: hybrid).
2025-05-03 11:46:29,257 [INFO] src.federated.client: Client hybrid_client_4: Starting local training for 3 epochs. Proximal term mu=0.0.
2025-05-03 11:46:30,385 [INFO] src.federated.client: Client hybrid_client_4 - Epoch 1/3 completed. Average Loss: 1.0960
2025-05-03 11:46:31,419 [INFO] src.federated.client: Client hybrid_client_4 - Epoch 2/3 completed. Average Loss: 1.0919
2025-05-03 11:46:32,537 [INFO] src.federated.client: Client hybrid_client_4 - Epoch 3/3 completed. Average Loss: 1.0885
2025-05-03 11:46:32,539 [INFO] src.federated.client: Client hybrid_client_4: Local training finished. Processed 66 samples.
2025-05-03 11:46:32,547 [INFO] src.core.quantum_client: Client hybrid_client_0: Starting local training (model type: hybrid).
2025-05-03 11:46:32,550 [INFO] src.federated.client: Client hybrid_client_0: Starting local training for 3 epochs. Proximal term mu=0.0.
2025-05-03 11:46:33,581 [INFO] src.federated.client: Client hybrid_client_0 - Epoch 1/3 completed. Average Loss: 1.0845
2025-05-03 11:46:34,529 [INFO] src.federated.client: Client hybrid_client_0 - Epoch 2/3 completed. Average Loss: 1.0797
2025-05-03 11:46:35,574 [INFO] src.federated.client: Client hybrid_client_0 - Epoch 3/3 completed. Average Loss: 1.0756
2025-05-03 11:46:35,576 [INFO] src.federated.client: Client hybrid_client_0: Local training finished. Processed 69 samples.
2025-05-03 11:46:35,582 [INFO] src.core.quantum_client: Client hybrid_client_2: Starting local training (model type: hybrid).
2025-05-03 11:46:35,584 [INFO] src.federated.client: Client hybrid_client_2: Starting local training for 3 epochs. Proximal term mu=0.0.
2025-05-03 11:46:36,694 [INFO] src.federated.client: Client hybrid_client_2 - Epoch 1/3 completed. Average Loss: 1.0921
2025-05-03 11:46:37,947 [INFO] src.federated.client: Client hybrid_client_2 - Epoch 2/3 completed. Average Loss: 1.0882
2025-05-03 11:46:39,038 [INFO] src.federated.client: Client hybrid_client_2 - Epoch 3/3 completed. Average Loss: 1.0848
2025-05-03 11:46:39,040 [INFO] src.federated.client: Client hybrid_client_2: Local training finished. Processed 66 samples.
2025-05-03 11:46:39,045 [INFO] src.federated.server: Aggregating updates from 3 clients using FedAvg.
2025-05-03 11:46:39,046 [INFO] src.federated.aggregation: FedAvg: Aggregating updates from 3 clients.
2025-05-03 11:46:39,048 [INFO] src.federated.aggregation: FedAvg: Aggregation complete.
2025-05-03 11:46:39,050 [INFO] src.federated.server: Global model updated with aggregated parameters.
2025-05-03 11:46:39,050 [INFO] src.federated.server: Evaluating updated global model...
2025-05-03 11:46:39,051 [INFO] src.core.quantum_manager: Server: Starting evaluation (model type: hybrid).
2025-05-03 11:46:40,162 [INFO] src.federated.server: Round 4 completed in 10.91s. Eval Metrics: {'loss': 1.0947540769816382, 'accuracy': 0.34210526315789475}
2025-05-03 11:46:40,163 [INFO] src.federated.server: ===== Starting Round 5/15 =====
2025-05-03 11:46:40,163 [INFO] src.federated.server: Starting federated training round...
2025-05-03 11:46:40,163 [INFO] src.federated.server: Selected 3 clients out of 5 available (fraction=0.1, min_clients=3): ['hybrid_client_3', 'hybrid_client_0', 'hybrid_client_4']
2025-05-03 11:46:40,166 [INFO] src.core.quantum_client: Client hybrid_client_3: Starting local training (model type: hybrid).
2025-05-03 11:46:40,166 [INFO] src.federated.client: Client hybrid_client_3: Starting local training for 3 epochs. Proximal term mu=0.0.
2025-05-03 11:46:41,336 [INFO] src.federated.client: Client hybrid_client_3 - Epoch 1/3 completed. Average Loss: 1.1049
2025-05-03 11:46:42,355 [INFO] src.federated.client: Client hybrid_client_3 - Epoch 2/3 completed. Average Loss: 1.0946
2025-05-03 11:46:43,403 [INFO] src.federated.client: Client hybrid_client_3 - Epoch 3/3 completed. Average Loss: 1.0866
2025-05-03 11:46:43,405 [INFO] src.federated.client: Client hybrid_client_3: Local training finished. Processed 66 samples.
2025-05-03 11:46:43,412 [INFO] src.core.quantum_client: Client hybrid_client_0: Starting local training (model type: hybrid).
2025-05-03 11:46:43,415 [INFO] src.federated.client: Client hybrid_client_0: Starting local training for 3 epochs. Proximal term mu=0.0.
2025-05-03 11:46:44,579 [INFO] src.federated.client: Client hybrid_client_0 - Epoch 1/3 completed. Average Loss: 1.0766
2025-05-03 11:46:45,679 [INFO] src.federated.client: Client hybrid_client_0 - Epoch 2/3 completed. Average Loss: 1.0726
2025-05-03 11:46:46,761 [INFO] src.federated.client: Client hybrid_client_0 - Epoch 3/3 completed. Average Loss: 1.0689
2025-05-03 11:46:46,763 [INFO] src.federated.client: Client hybrid_client_0: Local training finished. Processed 69 samples.
2025-05-03 11:46:46,768 [INFO] src.core.quantum_client: Client hybrid_client_4: Starting local training (model type: hybrid).
2025-05-03 11:46:46,771 [INFO] src.federated.client: Client hybrid_client_4: Starting local training for 3 epochs. Proximal term mu=0.0.
2025-05-03 11:46:47,894 [INFO] src.federated.client: Client hybrid_client_4 - Epoch 1/3 completed. Average Loss: 1.0855
2025-05-03 11:46:49,013 [INFO] src.federated.client: Client hybrid_client_4 - Epoch 2/3 completed. Average Loss: 1.0819
2025-05-03 11:46:50,087 [INFO] src.federated.client: Client hybrid_client_4 - Epoch 3/3 completed. Average Loss: 1.0783
2025-05-03 11:46:50,089 [INFO] src.federated.client: Client hybrid_client_4: Local training finished. Processed 66 samples.
2025-05-03 11:46:50,095 [INFO] src.federated.server: Aggregating updates from 3 clients using FedAvg.
2025-05-03 11:46:50,097 [INFO] src.federated.aggregation: FedAvg: Aggregating updates from 3 clients.
2025-05-03 11:46:50,099 [INFO] src.federated.aggregation: FedAvg: Aggregation complete.
2025-05-03 11:46:50,103 [INFO] src.federated.server: Global model updated with aggregated parameters.
2025-05-03 11:46:50,103 [INFO] src.federated.server: Evaluating updated global model...
2025-05-03 11:46:50,103 [INFO] src.core.quantum_manager: Server: Starting evaluation (model type: hybrid).
2025-05-03 11:46:51,047 [INFO] src.federated.server: Round 5 completed in 10.88s. Eval Metrics: {'loss': 1.087882170184058, 'accuracy': 0.34210526315789475}
2025-05-03 11:46:51,047 [INFO] src.federated.server: ===== Starting Round 6/15 =====
2025-05-03 11:46:51,048 [INFO] src.federated.server: Starting federated training round...
2025-05-03 11:46:51,048 [INFO] src.federated.server: Selected 3 clients out of 5 available (fraction=0.1, min_clients=3): ['hybrid_client_0', 'hybrid_client_1', 'hybrid_client_4']
2025-05-03 11:46:51,051 [INFO] src.core.quantum_client: Client hybrid_client_0: Starting local training (model type: hybrid).
2025-05-03 11:46:51,051 [INFO] src.federated.client: Client hybrid_client_0: Starting local training for 3 epochs. Proximal term mu=0.0.
2025-05-03 11:46:52,239 [INFO] src.federated.client: Client hybrid_client_0 - Epoch 1/3 completed. Average Loss: 1.0664
2025-05-03 11:46:53,299 [INFO] src.federated.client: Client hybrid_client_0 - Epoch 2/3 completed. Average Loss: 1.0602
2025-05-03 11:46:54,399 [INFO] src.federated.client: Client hybrid_client_0 - Epoch 3/3 completed. Average Loss: 1.0538
2025-05-03 11:46:54,402 [INFO] src.federated.client: Client hybrid_client_0: Local training finished. Processed 69 samples.
2025-05-03 11:46:54,408 [INFO] src.core.quantum_client: Client hybrid_client_1: Starting local training (model type: hybrid).
2025-05-03 11:46:54,411 [INFO] src.federated.client: Client hybrid_client_1: Starting local training for 3 epochs. Proximal term mu=0.0.
2025-05-03 11:46:55,441 [INFO] src.federated.client: Client hybrid_client_1 - Epoch 1/3 completed. Average Loss: 1.1094
2025-05-03 11:46:56,496 [INFO] src.federated.client: Client hybrid_client_1 - Epoch 2/3 completed. Average Loss: 1.0973
2025-05-03 11:46:57,657 [INFO] src.federated.client: Client hybrid_client_1 - Epoch 3/3 completed. Average Loss: 1.0888
2025-05-03 11:46:57,658 [INFO] src.federated.client: Client hybrid_client_1: Local training finished. Processed 69 samples.
2025-05-03 11:46:57,665 [INFO] src.core.quantum_client: Client hybrid_client_4: Starting local training (model type: hybrid).
2025-05-03 11:46:57,668 [INFO] src.federated.client: Client hybrid_client_4: Starting local training for 3 epochs. Proximal term mu=0.0.
2025-05-03 11:46:58,771 [INFO] src.federated.client: Client hybrid_client_4 - Epoch 1/3 completed. Average Loss: 1.0761
2025-05-03 11:46:59,803 [INFO] src.federated.client: Client hybrid_client_4 - Epoch 2/3 completed. Average Loss: 1.0706
2025-05-03 11:47:00,892 [INFO] src.federated.client: Client hybrid_client_4 - Epoch 3/3 completed. Average Loss: 1.0647
2025-05-03 11:47:00,893 [INFO] src.federated.client: Client hybrid_client_4: Local training finished. Processed 66 samples.
2025-05-03 11:47:00,898 [INFO] src.federated.server: Aggregating updates from 3 clients using FedAvg.
2025-05-03 11:47:00,900 [INFO] src.federated.aggregation: FedAvg: Aggregating updates from 3 clients.
2025-05-03 11:47:00,902 [INFO] src.federated.aggregation: FedAvg: Aggregation complete.
2025-05-03 11:47:00,905 [INFO] src.federated.server: Global model updated with aggregated parameters.
2025-05-03 11:47:00,905 [INFO] src.federated.server: Evaluating updated global model...
2025-05-03 11:47:00,905 [INFO] src.core.quantum_manager: Server: Starting evaluation (model type: hybrid).
2025-05-03 11:47:01,857 [INFO] src.federated.server: Round 6 completed in 10.81s. Eval Metrics: {'loss': 1.0778568461540474, 'accuracy': 0.34210526315789475}
2025-05-03 11:47:01,858 [INFO] src.federated.server: ===== Starting Round 7/15 =====
2025-05-03 11:47:01,859 [INFO] src.federated.server: Starting federated training round...
2025-05-03 11:47:01,859 [INFO] src.federated.server: Selected 3 clients out of 5 available (fraction=0.1, min_clients=3): ['hybrid_client_4', 'hybrid_client_0', 'hybrid_client_2']
2025-05-03 11:47:01,863 [INFO] src.core.quantum_client: Client hybrid_client_4: Starting local training (model type: hybrid).
2025-05-03 11:47:01,864 [INFO] src.federated.client: Client hybrid_client_4: Starting local training for 3 epochs. Proximal term mu=0.0.
2025-05-03 11:47:03,044 [INFO] src.federated.client: Client hybrid_client_4 - Epoch 1/3 completed. Average Loss: 1.0632
2025-05-03 11:47:04,133 [INFO] src.federated.client: Client hybrid_client_4 - Epoch 2/3 completed. Average Loss: 1.0556
2025-05-03 11:47:05,102 [INFO] src.federated.client: Client hybrid_client_4 - Epoch 3/3 completed. Average Loss: 1.0473
2025-05-03 11:47:05,104 [INFO] src.federated.client: Client hybrid_client_4: Local training finished. Processed 66 samples.
2025-05-03 11:47:05,111 [INFO] src.core.quantum_client: Client hybrid_client_0: Starting local training (model type: hybrid).
2025-05-03 11:47:05,115 [INFO] src.federated.client: Client hybrid_client_0: Starting local training for 3 epochs. Proximal term mu=0.0.
2025-05-03 11:47:06,323 [INFO] src.federated.client: Client hybrid_client_0 - Epoch 1/3 completed. Average Loss: 1.0560
2025-05-03 11:47:07,431 [INFO] src.federated.client: Client hybrid_client_0 - Epoch 2/3 completed. Average Loss: 1.0470
2025-05-03 11:47:08,448 [INFO] src.federated.client: Client hybrid_client_0 - Epoch 3/3 completed. Average Loss: 1.0376
2025-05-03 11:47:08,450 [INFO] src.federated.client: Client hybrid_client_0: Local training finished. Processed 69 samples.
2025-05-03 11:47:08,457 [INFO] src.core.quantum_client: Client hybrid_client_2: Starting local training (model type: hybrid).
2025-05-03 11:47:08,460 [INFO] src.federated.client: Client hybrid_client_2: Starting local training for 3 epochs. Proximal term mu=0.0.
2025-05-03 11:47:09,531 [INFO] src.federated.client: Client hybrid_client_2 - Epoch 1/3 completed. Average Loss: 1.0655
2025-05-03 11:47:10,702 [INFO] src.federated.client: Client hybrid_client_2 - Epoch 2/3 completed. Average Loss: 1.0611
2025-05-03 11:47:11,802 [INFO] src.federated.client: Client hybrid_client_2 - Epoch 3/3 completed. Average Loss: 1.0565
2025-05-03 11:47:11,804 [INFO] src.federated.client: Client hybrid_client_2: Local training finished. Processed 66 samples.
2025-05-03 11:47:11,808 [INFO] src.federated.server: Aggregating updates from 3 clients using FedAvg.
2025-05-03 11:47:11,811 [INFO] src.federated.aggregation: FedAvg: Aggregating updates from 3 clients.
2025-05-03 11:47:11,812 [INFO] src.federated.aggregation: FedAvg: Aggregation complete.
2025-05-03 11:47:11,815 [INFO] src.federated.server: Global model updated with aggregated parameters.
2025-05-03 11:47:11,815 [INFO] src.federated.server: Evaluating updated global model...
2025-05-03 11:47:11,816 [INFO] src.core.quantum_manager: Server: Starting evaluation (model type: hybrid).
2025-05-03 11:47:12,912 [INFO] src.federated.server: Round 7 completed in 11.05s. Eval Metrics: {'loss': 1.0677040514997478, 'accuracy': 0.42105263157894735}
2025-05-03 11:47:12,912 [INFO] src.federated.server: ===== Starting Round 8/15 =====
2025-05-03 11:47:12,913 [INFO] src.federated.server: Starting federated training round...
2025-05-03 11:47:12,913 [INFO] src.federated.server: Selected 3 clients out of 5 available (fraction=0.1, min_clients=3): ['hybrid_client_1', 'hybrid_client_3', 'hybrid_client_0']
2025-05-03 11:47:12,916 [INFO] src.core.quantum_client: Client hybrid_client_1: Starting local training (model type: hybrid).
2025-05-03 11:47:12,916 [INFO] src.federated.client: Client hybrid_client_1: Starting local training for 3 epochs. Proximal term mu=0.0.
2025-05-03 11:47:14,160 [INFO] src.federated.client: Client hybrid_client_1 - Epoch 1/3 completed. Average Loss: 1.0931
2025-05-03 11:47:15,472 [INFO] src.federated.client: Client hybrid_client_1 - Epoch 2/3 completed. Average Loss: 1.0764
2025-05-03 11:47:16,604 [INFO] src.federated.client: Client hybrid_client_1 - Epoch 3/3 completed. Average Loss: 1.0646
2025-05-03 11:47:16,606 [INFO] src.federated.client: Client hybrid_client_1: Local training finished. Processed 69 samples.
2025-05-03 11:47:16,618 [INFO] src.core.quantum_client: Client hybrid_client_3: Starting local training (model type: hybrid).
2025-05-03 11:47:16,621 [INFO] src.federated.client: Client hybrid_client_3: Starting local training for 3 epochs. Proximal term mu=0.0.
2025-05-03 11:47:17,716 [INFO] src.federated.client: Client hybrid_client_3 - Epoch 1/3 completed. Average Loss: 1.0788
2025-05-03 11:47:18,799 [INFO] src.federated.client: Client hybrid_client_3 - Epoch 2/3 completed. Average Loss: 1.0650
2025-05-03 11:47:19,843 [INFO] src.federated.client: Client hybrid_client_3 - Epoch 3/3 completed. Average Loss: 1.0519
2025-05-03 11:47:19,845 [INFO] src.federated.client: Client hybrid_client_3: Local training finished. Processed 66 samples.
2025-05-03 11:47:19,852 [INFO] src.core.quantum_client: Client hybrid_client_0: Starting local training (model type: hybrid).
2025-05-03 11:47:19,854 [INFO] src.federated.client: Client hybrid_client_0: Starting local training for 3 epochs. Proximal term mu=0.0.
2025-05-03 11:47:20,912 [INFO] src.federated.client: Client hybrid_client_0 - Epoch 1/3 completed. Average Loss: 1.0348
2025-05-03 11:47:22,044 [INFO] src.federated.client: Client hybrid_client_0 - Epoch 2/3 completed. Average Loss: 1.0236
2025-05-03 11:47:23,195 [INFO] src.federated.client: Client hybrid_client_0 - Epoch 3/3 completed. Average Loss: 1.0119
2025-05-03 11:47:23,198 [INFO] src.federated.client: Client hybrid_client_0: Local training finished. Processed 69 samples.
2025-05-03 11:47:23,204 [INFO] src.federated.server: Aggregating updates from 3 clients using FedAvg.
2025-05-03 11:47:23,206 [INFO] src.federated.aggregation: FedAvg: Aggregating updates from 3 clients.
2025-05-03 11:47:23,208 [INFO] src.federated.aggregation: FedAvg: Aggregation complete.
2025-05-03 11:47:23,212 [INFO] src.federated.server: Global model updated with aggregated parameters.
2025-05-03 11:47:23,212 [INFO] src.federated.server: Evaluating updated global model...
2025-05-03 11:47:23,212 [INFO] src.core.quantum_manager: Server: Starting evaluation (model type: hybrid).
2025-05-03 11:47:24,379 [INFO] src.federated.server: Round 8 completed in 11.47s. Eval Metrics: {'loss': 1.044874277085254, 'accuracy': 0.5263157894736842}
2025-05-03 11:47:24,379 [INFO] src.federated.server: ===== Starting Round 9/15 =====
2025-05-03 11:47:24,380 [INFO] src.federated.server: Starting federated training round...
2025-05-03 11:47:24,380 [INFO] src.federated.server: Selected 3 clients out of 5 available (fraction=0.1, min_clients=3): ['hybrid_client_3', 'hybrid_client_2', 'hybrid_client_0']
2025-05-03 11:47:24,383 [INFO] src.core.quantum_client: Client hybrid_client_3: Starting local training (model type: hybrid).
2025-05-03 11:47:24,383 [INFO] src.federated.client: Client hybrid_client_3: Starting local training for 3 epochs. Proximal term mu=0.0.
2025-05-03 11:47:25,574 [INFO] src.federated.client: Client hybrid_client_3 - Epoch 1/3 completed. Average Loss: 1.0453
2025-05-03 11:47:26,689 [INFO] src.federated.client: Client hybrid_client_3 - Epoch 2/3 completed. Average Loss: 1.0325
2025-05-03 11:47:27,759 [INFO] src.federated.client: Client hybrid_client_3 - Epoch 3/3 completed. Average Loss: 1.0206
2025-05-03 11:47:27,761 [INFO] src.federated.client: Client hybrid_client_3: Local training finished. Processed 66 samples.
2025-05-03 11:47:27,769 [INFO] src.core.quantum_client: Client hybrid_client_2: Starting local training (model type: hybrid).
2025-05-03 11:47:27,772 [INFO] src.federated.client: Client hybrid_client_2: Starting local training for 3 epochs. Proximal term mu=0.0.
2025-05-03 11:47:28,823 [INFO] src.federated.client: Client hybrid_client_2 - Epoch 1/3 completed. Average Loss: 1.0315
2025-05-03 11:47:29,835 [INFO] src.federated.client: Client hybrid_client_2 - Epoch 2/3 completed. Average Loss: 1.0220
2025-05-03 11:47:30,980 [INFO] src.federated.client: Client hybrid_client_2 - Epoch 3/3 completed. Average Loss: 1.0117
2025-05-03 11:47:30,982 [INFO] src.federated.client: Client hybrid_client_2: Local training finished. Processed 66 samples.
2025-05-03 11:47:30,990 [INFO] src.core.quantum_client: Client hybrid_client_0: Starting local training (model type: hybrid).
2025-05-03 11:47:30,993 [INFO] src.federated.client: Client hybrid_client_0: Starting local training for 3 epochs. Proximal term mu=0.0.
2025-05-03 11:47:32,086 [INFO] src.federated.client: Client hybrid_client_0 - Epoch 1/3 completed. Average Loss: 1.0157
2025-05-03 11:47:33,130 [INFO] src.federated.client: Client hybrid_client_0 - Epoch 2/3 completed. Average Loss: 1.0012
2025-05-03 11:47:34,163 [INFO] src.federated.client: Client hybrid_client_0 - Epoch 3/3 completed. Average Loss: 0.9860
2025-05-03 11:47:34,165 [INFO] src.federated.client: Client hybrid_client_0: Local training finished. Processed 69 samples.
2025-05-03 11:47:34,169 [INFO] src.federated.server: Aggregating updates from 3 clients using FedAvg.
2025-05-03 11:47:34,171 [INFO] src.federated.aggregation: FedAvg: Aggregating updates from 3 clients.
2025-05-03 11:47:34,173 [INFO] src.federated.aggregation: FedAvg: Aggregation complete.
2025-05-03 11:47:34,175 [INFO] src.federated.server: Global model updated with aggregated parameters.
2025-05-03 11:47:34,175 [INFO] src.federated.server: Evaluating updated global model...
2025-05-03 11:47:34,175 [INFO] src.core.quantum_manager: Server: Starting evaluation (model type: hybrid).
2025-05-03 11:47:35,094 [INFO] src.federated.server: Round 9 completed in 10.71s. Eval Metrics: {'loss': 1.0197930635468653, 'accuracy': 0.5526315789473685}
2025-05-03 11:47:35,094 [INFO] src.federated.server: ===== Starting Round 10/15 =====
2025-05-03 11:47:35,094 [INFO] src.federated.server: Starting federated training round...
2025-05-03 11:47:35,095 [INFO] src.federated.server: Selected 3 clients out of 5 available (fraction=0.1, min_clients=3): ['hybrid_client_1', 'hybrid_client_3', 'hybrid_client_4']
2025-05-03 11:47:35,099 [INFO] src.core.quantum_client: Client hybrid_client_1: Starting local training (model type: hybrid).
2025-05-03 11:47:35,100 [INFO] src.federated.client: Client hybrid_client_1: Starting local training for 3 epochs. Proximal term mu=0.0.
2025-05-03 11:47:36,147 [INFO] src.federated.client: Client hybrid_client_1 - Epoch 1/3 completed. Average Loss: 1.0328
2025-05-03 11:47:37,196 [INFO] src.federated.client: Client hybrid_client_1 - Epoch 2/3 completed. Average Loss: 1.0183
2025-05-03 11:47:38,361 [INFO] src.federated.client: Client hybrid_client_1 - Epoch 3/3 completed. Average Loss: 1.0076
2025-05-03 11:47:38,363 [INFO] src.federated.client: Client hybrid_client_1: Local training finished. Processed 69 samples.
2025-05-03 11:47:38,370 [INFO] src.core.quantum_client: Client hybrid_client_3: Starting local training (model type: hybrid).
2025-05-03 11:47:38,373 [INFO] src.federated.client: Client hybrid_client_3: Starting local training for 3 epochs. Proximal term mu=0.0.
2025-05-03 11:47:39,289 [INFO] src.federated.client: Client hybrid_client_3 - Epoch 1/3 completed. Average Loss: 1.0148
2025-05-03 11:47:40,268 [INFO] src.federated.client: Client hybrid_client_3 - Epoch 2/3 completed. Average Loss: 1.0003
2025-05-03 11:47:41,380 [INFO] src.federated.client: Client hybrid_client_3 - Epoch 3/3 completed. Average Loss: 0.9865
2025-05-03 11:47:41,382 [INFO] src.federated.client: Client hybrid_client_3: Local training finished. Processed 66 samples.
2025-05-03 11:47:41,390 [INFO] src.core.quantum_client: Client hybrid_client_4: Starting local training (model type: hybrid).
2025-05-03 11:47:41,390 [INFO] src.federated.client: Client hybrid_client_4: Starting local training for 3 epochs. Proximal term mu=0.0.
2025-05-03 11:47:42,310 [INFO] src.federated.client: Client hybrid_client_4 - Epoch 1/3 completed. Average Loss: 0.9961
2025-05-03 11:47:43,417 [INFO] src.federated.client: Client hybrid_client_4 - Epoch 2/3 completed. Average Loss: 0.9822
2025-05-03 11:47:44,499 [INFO] src.federated.client: Client hybrid_client_4 - Epoch 3/3 completed. Average Loss: 0.9669
2025-05-03 11:47:44,502 [INFO] src.federated.client: Client hybrid_client_4: Local training finished. Processed 66 samples.
2025-05-03 11:47:44,506 [INFO] src.federated.server: Aggregating updates from 3 clients using FedAvg.
2025-05-03 11:47:44,508 [INFO] src.federated.aggregation: FedAvg: Aggregating updates from 3 clients.
2025-05-03 11:47:44,511 [INFO] src.federated.aggregation: FedAvg: Aggregation complete.
2025-05-03 11:47:44,514 [INFO] src.federated.server: Global model updated with aggregated parameters.
2025-05-03 11:47:44,514 [INFO] src.federated.server: Evaluating updated global model...
2025-05-03 11:47:44,515 [INFO] src.core.quantum_manager: Server: Starting evaluation (model type: hybrid).
2025-05-03 11:47:45,441 [INFO] src.federated.server: Round 10 completed in 10.35s. Eval Metrics: {'loss': 0.9942333283456966, 'accuracy': 0.6052631578947368}
2025-05-03 11:47:45,442 [INFO] src.federated.server: ===== Starting Round 11/15 =====
2025-05-03 11:47:45,442 [INFO] src.federated.server: Starting federated training round...
2025-05-03 11:47:45,442 [INFO] src.federated.server: Selected 3 clients out of 5 available (fraction=0.1, min_clients=3): ['hybrid_client_2', 'hybrid_client_1', 'hybrid_client_0']
2025-05-03 11:47:45,445 [INFO] src.core.quantum_client: Client hybrid_client_2: Starting local training (model type: hybrid).
2025-05-03 11:47:45,445 [INFO] src.federated.client: Client hybrid_client_2: Starting local training for 3 epochs. Proximal term mu=0.0.
2025-05-03 11:47:46,736 [INFO] src.federated.client: Client hybrid_client_2 - Epoch 1/3 completed. Average Loss: 0.9754
2025-05-03 11:47:47,838 [INFO] src.federated.client: Client hybrid_client_2 - Epoch 2/3 completed. Average Loss: 0.9592
2025-05-03 11:47:48,891 [INFO] src.federated.client: Client hybrid_client_2 - Epoch 3/3 completed. Average Loss: 0.9426
2025-05-03 11:47:48,893 [INFO] src.federated.client: Client hybrid_client_2: Local training finished. Processed 66 samples.
2025-05-03 11:47:48,899 [INFO] src.core.quantum_client: Client hybrid_client_1: Starting local training (model type: hybrid).
2025-05-03 11:47:48,901 [INFO] src.federated.client: Client hybrid_client_1: Starting local training for 3 epochs. Proximal term mu=0.0.
2025-05-03 11:47:50,105 [INFO] src.federated.client: Client hybrid_client_1 - Epoch 1/3 completed. Average Loss: 0.9954
2025-05-03 11:47:51,206 [INFO] src.federated.client: Client hybrid_client_1 - Epoch 2/3 completed. Average Loss: 0.9820
2025-05-03 11:47:52,406 [INFO] src.federated.client: Client hybrid_client_1 - Epoch 3/3 completed. Average Loss: 0.9694
2025-05-03 11:47:52,407 [INFO] src.federated.client: Client hybrid_client_1: Local training finished. Processed 69 samples.
2025-05-03 11:47:52,413 [INFO] src.core.quantum_client: Client hybrid_client_0: Starting local training (model type: hybrid).
2025-05-03 11:47:52,416 [INFO] src.federated.client: Client hybrid_client_0: Starting local training for 3 epochs. Proximal term mu=0.0.
2025-05-03 11:47:53,563 [INFO] src.federated.client: Client hybrid_client_0 - Epoch 1/3 completed. Average Loss: 0.9555
2025-05-03 11:47:54,614 [INFO] src.federated.client: Client hybrid_client_0 - Epoch 2/3 completed. Average Loss: 0.9355
2025-05-03 11:47:55,753 [INFO] src.federated.client: Client hybrid_client_0 - Epoch 3/3 completed. Average Loss: 0.9152
2025-05-03 11:47:55,755 [INFO] src.federated.client: Client hybrid_client_0: Local training finished. Processed 69 samples.
2025-05-03 11:47:55,760 [INFO] src.federated.server: Aggregating updates from 3 clients using FedAvg.
2025-05-03 11:47:55,762 [INFO] src.federated.aggregation: FedAvg: Aggregating updates from 3 clients.
2025-05-03 11:47:55,765 [INFO] src.federated.aggregation: FedAvg: Aggregation complete.
2025-05-03 11:47:55,768 [INFO] src.federated.server: Global model updated with aggregated parameters.
2025-05-03 11:47:55,768 [INFO] src.federated.server: Evaluating updated global model...
2025-05-03 11:47:55,768 [INFO] src.core.quantum_manager: Server: Starting evaluation (model type: hybrid).
2025-05-03 11:47:56,753 [INFO] src.federated.server: Round 11 completed in 11.31s. Eval Metrics: {'loss': 0.961282452472758, 'accuracy': 0.6578947368421053}
2025-05-03 11:47:56,753 [INFO] src.federated.server: ===== Starting Round 12/15 =====
2025-05-03 11:47:56,753 [INFO] src.federated.server: Starting federated training round...
2025-05-03 11:47:56,754 [INFO] src.federated.server: Selected 3 clients out of 5 available (fraction=0.1, min_clients=3): ['hybrid_client_2', 'hybrid_client_0', 'hybrid_client_3']
2025-05-03 11:47:56,756 [INFO] src.core.quantum_client: Client hybrid_client_2: Starting local training (model type: hybrid).
2025-05-03 11:47:56,757 [INFO] src.federated.client: Client hybrid_client_2: Starting local training for 3 epochs. Proximal term mu=0.0.
2025-05-03 11:47:57,891 [INFO] src.federated.client: Client hybrid_client_2 - Epoch 1/3 completed. Average Loss: 0.9317
2025-05-03 11:47:58,958 [INFO] src.federated.client: Client hybrid_client_2 - Epoch 2/3 completed. Average Loss: 0.9128
2025-05-03 11:48:00,128 [INFO] src.federated.client: Client hybrid_client_2 - Epoch 3/3 completed. Average Loss: 0.8943
2025-05-03 11:48:00,130 [INFO] src.federated.client: Client hybrid_client_2: Local training finished. Processed 66 samples.
2025-05-03 11:48:00,137 [INFO] src.core.quantum_client: Client hybrid_client_0: Starting local training (model type: hybrid).
2025-05-03 11:48:00,137 [INFO] src.federated.client: Client hybrid_client_0: Starting local training for 3 epochs. Proximal term mu=0.0.
2025-05-03 11:48:01,278 [INFO] src.federated.client: Client hybrid_client_0 - Epoch 1/3 completed. Average Loss: 0.9111
2025-05-03 11:48:02,512 [INFO] src.federated.client: Client hybrid_client_0 - Epoch 2/3 completed. Average Loss: 0.8878
2025-05-03 11:48:03,656 [INFO] src.federated.client: Client hybrid_client_0 - Epoch 3/3 completed. Average Loss: 0.8657
2025-05-03 11:48:03,660 [INFO] src.federated.client: Client hybrid_client_0: Local training finished. Processed 69 samples.
2025-05-03 11:48:03,667 [INFO] src.core.quantum_client: Client hybrid_client_3: Starting local training (model type: hybrid).
2025-05-03 11:48:03,670 [INFO] src.federated.client: Client hybrid_client_3: Starting local training for 3 epochs. Proximal term mu=0.0.
2025-05-03 11:48:04,647 [INFO] src.federated.client: Client hybrid_client_3 - Epoch 1/3 completed. Average Loss: 0.9416
2025-05-03 11:48:05,629 [INFO] src.federated.client: Client hybrid_client_3 - Epoch 2/3 completed. Average Loss: 0.9257
2025-05-03 11:48:06,623 [INFO] src.federated.client: Client hybrid_client_3 - Epoch 3/3 completed. Average Loss: 0.9097
2025-05-03 11:48:06,626 [INFO] src.federated.client: Client hybrid_client_3: Local training finished. Processed 66 samples.
2025-05-03 11:48:06,633 [INFO] src.federated.server: Aggregating updates from 3 clients using FedAvg.
2025-05-03 11:48:06,634 [INFO] src.federated.aggregation: FedAvg: Aggregating updates from 3 clients.
2025-05-03 11:48:06,636 [INFO] src.federated.aggregation: FedAvg: Aggregation complete.
2025-05-03 11:48:06,639 [INFO] src.federated.server: Global model updated with aggregated parameters.
2025-05-03 11:48:06,639 [INFO] src.federated.server: Evaluating updated global model...
2025-05-03 11:48:06,639 [INFO] src.core.quantum_manager: Server: Starting evaluation (model type: hybrid).
2025-05-03 11:48:07,543 [INFO] src.federated.server: Round 12 completed in 10.79s. Eval Metrics: {'loss': 0.9211718150990293, 'accuracy': 0.6578947368421053}
2025-05-03 11:48:07,544 [INFO] src.federated.server: ===== Starting Round 13/15 =====
2025-05-03 11:48:07,544 [INFO] src.federated.server: Starting federated training round...
2025-05-03 11:48:07,544 [INFO] src.federated.server: Selected 3 clients out of 5 available (fraction=0.1, min_clients=3): ['hybrid_client_3', 'hybrid_client_0', 'hybrid_client_1']
2025-05-03 11:48:07,547 [INFO] src.core.quantum_client: Client hybrid_client_3: Starting local training (model type: hybrid).
2025-05-03 11:48:07,547 [INFO] src.federated.client: Client hybrid_client_3: Starting local training for 3 epochs. Proximal term mu=0.0.
2025-05-03 11:48:08,547 [INFO] src.federated.client: Client hybrid_client_3 - Epoch 1/3 completed. Average Loss: 0.8963
2025-05-03 11:48:09,520 [INFO] src.federated.client: Client hybrid_client_3 - Epoch 2/3 completed. Average Loss: 0.8793
2025-05-03 11:48:10,518 [INFO] src.federated.client: Client hybrid_client_3 - Epoch 3/3 completed. Average Loss: 0.8624
2025-05-03 11:48:10,520 [INFO] src.federated.client: Client hybrid_client_3: Local training finished. Processed 66 samples.
2025-05-03 11:48:10,526 [INFO] src.core.quantum_client: Client hybrid_client_0: Starting local training (model type: hybrid).
2025-05-03 11:48:10,528 [INFO] src.federated.client: Client hybrid_client_0: Starting local training for 3 epochs. Proximal term mu=0.0.
2025-05-03 11:48:11,439 [INFO] src.federated.client: Client hybrid_client_0 - Epoch 1/3 completed. Average Loss: 0.8544
2025-05-03 11:48:12,459 [INFO] src.federated.client: Client hybrid_client_0 - Epoch 2/3 completed. Average Loss: 0.8327
2025-05-03 11:48:13,619 [INFO] src.federated.client: Client hybrid_client_0 - Epoch 3/3 completed. Average Loss: 0.8130
2025-05-03 11:48:13,621 [INFO] src.federated.client: Client hybrid_client_0: Local training finished. Processed 69 samples.
2025-05-03 11:48:13,629 [INFO] src.core.quantum_client: Client hybrid_client_1: Starting local training (model type: hybrid).
2025-05-03 11:48:13,631 [INFO] src.federated.client: Client hybrid_client_1: Starting local training for 3 epochs. Proximal term mu=0.0.
2025-05-03 11:48:14,820 [INFO] src.federated.client: Client hybrid_client_1 - Epoch 1/3 completed. Average Loss: 0.9149
2025-05-03 11:48:15,889 [INFO] src.federated.client: Client hybrid_client_1 - Epoch 2/3 completed. Average Loss: 0.8947
2025-05-03 11:48:16,956 [INFO] src.federated.client: Client hybrid_client_1 - Epoch 3/3 completed. Average Loss: 0.8778
2025-05-03 11:48:16,959 [INFO] src.federated.client: Client hybrid_client_1: Local training finished. Processed 69 samples.
2025-05-03 11:48:16,966 [INFO] src.federated.server: Aggregating updates from 3 clients using FedAvg.
2025-05-03 11:48:16,969 [INFO] src.federated.aggregation: FedAvg: Aggregating updates from 3 clients.
2025-05-03 11:48:16,970 [INFO] src.federated.aggregation: FedAvg: Aggregation complete.
2025-05-03 11:48:16,973 [INFO] src.federated.server: Global model updated with aggregated parameters.
2025-05-03 11:48:16,973 [INFO] src.federated.server: Evaluating updated global model...
2025-05-03 11:48:16,973 [INFO] src.core.quantum_manager: Server: Starting evaluation (model type: hybrid).
2025-05-03 11:48:17,922 [INFO] src.federated.server: Round 13 completed in 10.38s. Eval Metrics: {'loss': 0.8819336425211065, 'accuracy': 0.7368421052631579}
2025-05-03 11:48:17,923 [INFO] src.federated.server: ===== Starting Round 14/15 =====
2025-05-03 11:48:17,923 [INFO] src.federated.server: Starting federated training round...
2025-05-03 11:48:17,924 [INFO] src.federated.server: Selected 3 clients out of 5 available (fraction=0.1, min_clients=3): ['hybrid_client_2', 'hybrid_client_4', 'hybrid_client_0']
2025-05-03 11:48:17,928 [INFO] src.core.quantum_client: Client hybrid_client_2: Starting local training (model type: hybrid).
2025-05-03 11:48:17,928 [INFO] src.federated.client: Client hybrid_client_2: Starting local training for 3 epochs. Proximal term mu=0.0.
2025-05-03 11:48:19,058 [INFO] src.federated.client: Client hybrid_client_2 - Epoch 1/3 completed. Average Loss: 0.8339
2025-05-03 11:48:20,285 [INFO] src.federated.client: Client hybrid_client_2 - Epoch 2/3 completed. Average Loss: 0.8159
2025-05-03 11:48:21,322 [INFO] src.federated.client: Client hybrid_client_2 - Epoch 3/3 completed. Average Loss: 0.7987
2025-05-03 11:48:21,325 [INFO] src.federated.client: Client hybrid_client_2: Local training finished. Processed 66 samples.
2025-05-03 11:48:21,337 [INFO] src.core.quantum_client: Client hybrid_client_4: Starting local training (model type: hybrid).
2025-05-03 11:48:21,338 [INFO] src.federated.client: Client hybrid_client_4: Starting local training for 3 epochs. Proximal term mu=0.0.
2025-05-03 11:48:22,444 [INFO] src.federated.client: Client hybrid_client_4 - Epoch 1/3 completed. Average Loss: 0.8338
2025-05-03 11:48:23,518 [INFO] src.federated.client: Client hybrid_client_4 - Epoch 2/3 completed. Average Loss: 0.8124
2025-05-03 11:48:24,560 [INFO] src.federated.client: Client hybrid_client_4 - Epoch 3/3 completed. Average Loss: 0.7897
2025-05-03 11:48:24,563 [INFO] src.federated.client: Client hybrid_client_4: Local training finished. Processed 66 samples.
2025-05-03 11:48:24,569 [INFO] src.core.quantum_client: Client hybrid_client_0: Starting local training (model type: hybrid).
2025-05-03 11:48:24,572 [INFO] src.federated.client: Client hybrid_client_0: Starting local training for 3 epochs. Proximal term mu=0.0.
2025-05-03 11:48:25,696 [INFO] src.federated.client: Client hybrid_client_0 - Epoch 1/3 completed. Average Loss: 0.8063
2025-05-03 11:48:26,747 [INFO] src.federated.client: Client hybrid_client_0 - Epoch 2/3 completed. Average Loss: 0.7842
2025-05-03 11:48:27,829 [INFO] src.federated.client: Client hybrid_client_0 - Epoch 3/3 completed. Average Loss: 0.7634
2025-05-03 11:48:27,830 [INFO] src.federated.client: Client hybrid_client_0: Local training finished. Processed 69 samples.
2025-05-03 11:48:27,836 [INFO] src.federated.server: Aggregating updates from 3 clients using FedAvg.
2025-05-03 11:48:27,838 [INFO] src.federated.aggregation: FedAvg: Aggregating updates from 3 clients.
2025-05-03 11:48:27,841 [INFO] src.federated.aggregation: FedAvg: Aggregation complete.
2025-05-03 11:48:27,843 [INFO] src.federated.server: Global model updated with aggregated parameters.
2025-05-03 11:48:27,844 [INFO] src.federated.server: Evaluating updated global model...
2025-05-03 11:48:27,844 [INFO] src.core.quantum_manager: Server: Starting evaluation (model type: hybrid).
2025-05-03 11:48:28,918 [INFO] src.federated.server: Round 14 completed in 10.99s. Eval Metrics: {'loss': 0.8456667689277871, 'accuracy': 0.6842105263157895}
2025-05-03 11:48:28,918 [INFO] src.federated.server: ===== Starting Round 15/15 =====
2025-05-03 11:48:28,919 [INFO] src.federated.server: Starting federated training round...
2025-05-03 11:48:28,919 [INFO] src.federated.server: Selected 3 clients out of 5 available (fraction=0.1, min_clients=3): ['hybrid_client_3', 'hybrid_client_0', 'hybrid_client_1']
2025-05-03 11:48:28,922 [INFO] src.core.quantum_client: Client hybrid_client_3: Starting local training (model type: hybrid).
2025-05-03 11:48:28,922 [INFO] src.federated.client: Client hybrid_client_3: Starting local training for 3 epochs. Proximal term mu=0.0.
2025-05-03 11:48:29,955 [INFO] src.federated.client: Client hybrid_client_3 - Epoch 1/3 completed. Average Loss: 0.8089
2025-05-03 11:48:30,980 [INFO] src.federated.client: Client hybrid_client_3 - Epoch 2/3 completed. Average Loss: 0.7891
2025-05-03 11:48:32,181 [INFO] src.federated.client: Client hybrid_client_3 - Epoch 3/3 completed. Average Loss: 0.7686
2025-05-03 11:48:32,186 [INFO] src.federated.client: Client hybrid_client_3: Local training finished. Processed 66 samples.
2025-05-03 11:48:32,195 [INFO] src.core.quantum_client: Client hybrid_client_0: Starting local training (model type: hybrid).
2025-05-03 11:48:32,198 [INFO] src.federated.client: Client hybrid_client_0: Starting local training for 3 epochs. Proximal term mu=0.0.
2025-05-03 11:48:33,412 [INFO] src.federated.client: Client hybrid_client_0 - Epoch 1/3 completed. Average Loss: 0.7528
2025-05-03 11:48:34,607 [INFO] src.federated.client: Client hybrid_client_0 - Epoch 2/3 completed. Average Loss: 0.7330
2025-05-03 11:48:35,737 [INFO] src.federated.client: Client hybrid_client_0 - Epoch 3/3 completed. Average Loss: 0.7132
2025-05-03 11:48:35,741 [INFO] src.federated.client: Client hybrid_client_0: Local training finished. Processed 69 samples.
2025-05-03 11:48:35,750 [INFO] src.core.quantum_client: Client hybrid_client_1: Starting local training (model type: hybrid).
2025-05-03 11:48:35,754 [INFO] src.federated.client: Client hybrid_client_1: Starting local training for 3 epochs. Proximal term mu=0.0.
2025-05-03 11:48:36,982 [INFO] src.federated.client: Client hybrid_client_1 - Epoch 1/3 completed. Average Loss: 0.8226
2025-05-03 11:48:38,068 [INFO] src.federated.client: Client hybrid_client_1 - Epoch 2/3 completed. Average Loss: 0.7978
2025-05-03 11:48:39,164 [INFO] src.federated.client: Client hybrid_client_1 - Epoch 3/3 completed. Average Loss: 0.7762
2025-05-03 11:48:39,167 [INFO] src.federated.client: Client hybrid_client_1: Local training finished. Processed 69 samples.
2025-05-03 11:48:39,173 [INFO] src.federated.server: Aggregating updates from 3 clients using FedAvg.
2025-05-03 11:48:39,175 [INFO] src.federated.aggregation: FedAvg: Aggregating updates from 3 clients.
2025-05-03 11:48:39,177 [INFO] src.federated.aggregation: FedAvg: Aggregation complete.
2025-05-03 11:48:39,180 [INFO] src.federated.server: Global model updated with aggregated parameters.
2025-05-03 11:48:39,180 [INFO] src.federated.server: Evaluating updated global model...
2025-05-03 11:48:39,180 [INFO] src.core.quantum_manager: Server: Starting evaluation (model type: hybrid).
2025-05-03 11:48:40,155 [INFO] src.federated.server: Round 15 completed in 11.24s. Eval Metrics: {'loss': 0.8015622447355399, 'accuracy': 0.7631578947368421}
2025-05-03 11:48:40,155 [INFO] src.federated.server: Federated training process completed after 15 rounds.
2025-05-03 11:48:40,155 [INFO] ExperimentRunner: ========== Finished Iris_Hybrid_FedDive_IID_PCA3 ==========

2025-05-03 11:48:40,156 [INFO] ExperimentRunner: ========== Starting Iris_QNN_FedAvg_IID_PCA3 ==========
2025-05-03 11:48:40,156 [INFO] ExperimentRunner: --- Setting up experiment: Iris_QNN_FedAvg_IID_PCA3 ---
2025-05-03 11:48:40,157 [INFO] src.utils.data_utils: Set random seed to 42
2025-05-03 11:48:40,166 [INFO] src.utils.data_utils: Successfully loaded configuration from /home/dhanraj/quantum_federated_simulator/configs/federated/server_config.yaml
2025-05-03 11:48:40,173 [INFO] src.utils.data_utils: Successfully loaded configuration from /home/dhanraj/quantum_federated_simulator/configs/federated/client_config.yaml
2025-05-03 11:48:40,182 [INFO] src.utils.data_utils: Successfully loaded configuration from /home/dhanraj/quantum_federated_simulator/configs/federated/default_aggregation.yaml
2025-05-03 11:48:40,183 [INFO] ExperimentRunner: Quantum model specified: Reloading data with PCA features=3
2025-05-03 11:48:40,183 [INFO] src.utils.data_utils: Loading Iris data. Target features: 3. Normalize: True
2025-05-03 11:48:40,186 [INFO] src.utils.data_utils: Applying PCA to reduce features from 4 to 3
2025-05-03 11:48:40,188 [INFO] src.utils.data_utils: PCA completed. Explained variance ratio sum: 0.9948
2025-05-03 11:48:40,188 [INFO] src.utils.data_utils: Applying MinMaxScaler to scale features to [-1, 1] range.
2025-05-03 11:48:40,192 [INFO] src.utils.data_utils: Iris data loaded. Train size: 112, Test size: 38, Features: 3
2025-05-03 11:48:40,192 [INFO] src.utils.data_utils: Partitioning data IID among 5 clients.
2025-05-03 11:48:40,193 [INFO] src.utils.data_utils: Data partitioning complete.
2025-05-03 11:48:40,193 [INFO] ExperimentRunner: Creating model of type: qnn
2025-05-03 11:48:40,193 [INFO] src.quantum.models: Initializing QNN Layer: qubits=3, layers=2, circuit='basic', device='default.qubit', shots=None
2025-05-03 11:48:40,194 [INFO] src.quantum.utils: Loading PennyLane device 'default.qubit' with wires=3, shots=None, kwargs={}
2025-05-03 11:48:40,195 [INFO] src.quantum.utils: Device 'default.qubit' loaded successfully.
2025-05-03 11:48:40,196 [INFO] src.quantum.circuits: Creating basic circuit with 3 qubits, 2 layers.
2025-05-03 11:48:40,196 [INFO] src.quantum.circuits: Basic circuit expects 18 trainable parameters.
2025-05-03 11:48:40,196 [INFO] src.quantum.models: QNN circuit requires 18 parameters.
2025-05-03 11:48:40,197 [INFO] src.quantum.models: Using differentiation method: backprop
2025-05-03 11:48:40,224 [INFO] src.quantum.models: Inferred QNN output dimension: 3
2025-05-03 11:48:40,225 [INFO] src.federated.aggregation: Creating aggregation strategy of type: fedavg
2025-05-03 11:48:40,226 [INFO] ExperimentRunner: Using aggregation strategy: FedAvg
2025-05-03 11:48:40,226 [INFO] src.core.quantum_manager: QuantumServer: Initializing with model type 'qnn'.
2025-05-03 11:48:40,227 [INFO] src.federated.server: Federated server initialized on device 'cuda' with aggregation strategy: FedAvg
2025-05-03 11:48:40,227 [INFO] ExperimentRunner: Creating model of type: qnn
2025-05-03 11:48:40,227 [INFO] src.quantum.models: Initializing QNN Layer: qubits=3, layers=2, circuit='basic', device='default.qubit', shots=None
2025-05-03 11:48:40,228 [INFO] src.quantum.utils: Loading PennyLane device 'default.qubit' with wires=3, shots=None, kwargs={}
2025-05-03 11:48:40,228 [INFO] src.quantum.utils: Device 'default.qubit' loaded successfully.
2025-05-03 11:48:40,228 [INFO] src.quantum.circuits: Creating basic circuit with 3 qubits, 2 layers.
2025-05-03 11:48:40,228 [INFO] src.quantum.circuits: Basic circuit expects 18 trainable parameters.
2025-05-03 11:48:40,229 [INFO] src.quantum.models: QNN circuit requires 18 parameters.
2025-05-03 11:48:40,229 [INFO] src.quantum.models: Using differentiation method: backprop
2025-05-03 11:48:40,259 [INFO] src.quantum.models: Inferred QNN output dimension: 3
2025-05-03 11:48:40,260 [INFO] src.core.quantum_client: QuantumClient qnn_client_0: Initializing with model type 'qnn'.
2025-05-03 11:48:40,262 [INFO] src.federated.client: Client qnn_client_0 initialized on device 'cuda' with 23 samples.
2025-05-03 11:48:40,262 [INFO] src.federated.server: Registered client 'qnn_client_0'. Total clients: 1.
2025-05-03 11:48:40,262 [INFO] ExperimentRunner: Creating model of type: qnn
2025-05-03 11:48:40,262 [INFO] src.quantum.models: Initializing QNN Layer: qubits=3, layers=2, circuit='basic', device='default.qubit', shots=None
2025-05-03 11:48:40,262 [INFO] src.quantum.utils: Loading PennyLane device 'default.qubit' with wires=3, shots=None, kwargs={}
2025-05-03 11:48:40,263 [INFO] src.quantum.utils: Device 'default.qubit' loaded successfully.
2025-05-03 11:48:40,263 [INFO] src.quantum.circuits: Creating basic circuit with 3 qubits, 2 layers.
2025-05-03 11:48:40,264 [INFO] src.quantum.circuits: Basic circuit expects 18 trainable parameters.
2025-05-03 11:48:40,264 [INFO] src.quantum.models: QNN circuit requires 18 parameters.
2025-05-03 11:48:40,264 [INFO] src.quantum.models: Using differentiation method: backprop
2025-05-03 11:48:40,289 [INFO] src.quantum.models: Inferred QNN output dimension: 3
2025-05-03 11:48:40,290 [INFO] src.core.quantum_client: QuantumClient qnn_client_1: Initializing with model type 'qnn'.
2025-05-03 11:48:40,292 [INFO] src.federated.client: Client qnn_client_1 initialized on device 'cuda' with 23 samples.
2025-05-03 11:48:40,292 [INFO] src.federated.server: Registered client 'qnn_client_1'. Total clients: 2.
2025-05-03 11:48:40,293 [INFO] ExperimentRunner: Creating model of type: qnn
2025-05-03 11:48:40,293 [INFO] src.quantum.models: Initializing QNN Layer: qubits=3, layers=2, circuit='basic', device='default.qubit', shots=None
2025-05-03 11:48:40,293 [INFO] src.quantum.utils: Loading PennyLane device 'default.qubit' with wires=3, shots=None, kwargs={}
2025-05-03 11:48:40,294 [INFO] src.quantum.utils: Device 'default.qubit' loaded successfully.
2025-05-03 11:48:40,294 [INFO] src.quantum.circuits: Creating basic circuit with 3 qubits, 2 layers.
2025-05-03 11:48:40,294 [INFO] src.quantum.circuits: Basic circuit expects 18 trainable parameters.
2025-05-03 11:48:40,294 [INFO] src.quantum.models: QNN circuit requires 18 parameters.
2025-05-03 11:48:40,294 [INFO] src.quantum.models: Using differentiation method: backprop
2025-05-03 11:48:40,322 [INFO] src.quantum.models: Inferred QNN output dimension: 3
2025-05-03 11:48:40,323 [INFO] src.core.quantum_client: QuantumClient qnn_client_2: Initializing with model type 'qnn'.
2025-05-03 11:48:40,324 [INFO] src.federated.client: Client qnn_client_2 initialized on device 'cuda' with 22 samples.
2025-05-03 11:48:40,324 [INFO] src.federated.server: Registered client 'qnn_client_2'. Total clients: 3.
2025-05-03 11:48:40,325 [INFO] ExperimentRunner: Creating model of type: qnn
2025-05-03 11:48:40,325 [INFO] src.quantum.models: Initializing QNN Layer: qubits=3, layers=2, circuit='basic', device='default.qubit', shots=None
2025-05-03 11:48:40,325 [INFO] src.quantum.utils: Loading PennyLane device 'default.qubit' with wires=3, shots=None, kwargs={}
2025-05-03 11:48:40,326 [INFO] src.quantum.utils: Device 'default.qubit' loaded successfully.
2025-05-03 11:48:40,326 [INFO] src.quantum.circuits: Creating basic circuit with 3 qubits, 2 layers.
2025-05-03 11:48:40,326 [INFO] src.quantum.circuits: Basic circuit expects 18 trainable parameters.
2025-05-03 11:48:40,326 [INFO] src.quantum.models: QNN circuit requires 18 parameters.
2025-05-03 11:48:40,326 [INFO] src.quantum.models: Using differentiation method: backprop
2025-05-03 11:48:40,352 [INFO] src.quantum.models: Inferred QNN output dimension: 3
2025-05-03 11:48:40,353 [INFO] src.core.quantum_client: QuantumClient qnn_client_3: Initializing with model type 'qnn'.
2025-05-03 11:48:40,355 [INFO] src.federated.client: Client qnn_client_3 initialized on device 'cuda' with 22 samples.
2025-05-03 11:48:40,355 [INFO] src.federated.server: Registered client 'qnn_client_3'. Total clients: 4.
2025-05-03 11:48:40,356 [INFO] ExperimentRunner: Creating model of type: qnn
2025-05-03 11:48:40,356 [INFO] src.quantum.models: Initializing QNN Layer: qubits=3, layers=2, circuit='basic', device='default.qubit', shots=None
2025-05-03 11:48:40,356 [INFO] src.quantum.utils: Loading PennyLane device 'default.qubit' with wires=3, shots=None, kwargs={}
2025-05-03 11:48:40,357 [INFO] src.quantum.utils: Device 'default.qubit' loaded successfully.
2025-05-03 11:48:40,357 [INFO] src.quantum.circuits: Creating basic circuit with 3 qubits, 2 layers.
2025-05-03 11:48:40,357 [INFO] src.quantum.circuits: Basic circuit expects 18 trainable parameters.
2025-05-03 11:48:40,357 [INFO] src.quantum.models: QNN circuit requires 18 parameters.
2025-05-03 11:48:40,358 [INFO] src.quantum.models: Using differentiation method: backprop
2025-05-03 11:48:40,385 [INFO] src.quantum.models: Inferred QNN output dimension: 3
2025-05-03 11:48:40,385 [INFO] src.core.quantum_client: QuantumClient qnn_client_4: Initializing with model type 'qnn'.
2025-05-03 11:48:40,387 [INFO] src.federated.client: Client qnn_client_4 initialized on device 'cuda' with 22 samples.
2025-05-03 11:48:40,387 [INFO] src.federated.server: Registered client 'qnn_client_4'. Total clients: 5.
2025-05-03 11:48:40,388 [INFO] ExperimentRunner: --- Scenario setup complete for Iris_QNN_FedAvg_IID_PCA3 ---
2025-05-03 11:48:40,389 [INFO] src.federated.server: Starting federated training process for 15 rounds.
2025-05-03 11:48:40,389 [INFO] src.federated.server: Config: local_epochs=3, client_fraction=0.1, min_clients=3, FedProx mu=0.0
2025-05-03 11:48:40,389 [INFO] src.federated.server: Performing initial evaluation of global model...
2025-05-03 11:48:40,389 [INFO] src.core.quantum_manager: Server: Starting evaluation (model type: qnn).
2025-05-03 11:48:42,045 [INFO] src.federated.server: Initial Evaluation Metrics: {'loss': 1.1848866275379966, 'accuracy': 0.21052631578947367}
2025-05-03 11:48:42,046 [INFO] src.federated.server: ===== Starting Round 1/15 =====
2025-05-03 11:48:42,046 [INFO] src.federated.server: Starting federated training round...
2025-05-03 11:48:42,046 [INFO] src.federated.server: Selected 3 clients out of 5 available (fraction=0.1, min_clients=3): ['qnn_client_0', 'qnn_client_4', 'qnn_client_2']
2025-05-03 11:48:42,047 [INFO] src.core.quantum_client: Client qnn_client_0: Starting local training (model type: qnn).
2025-05-03 11:48:42,047 [INFO] src.federated.client: Client qnn_client_0: Starting local training for 3 epochs. Proximal term mu=0.0.
2025-05-03 11:48:43,673 [INFO] src.federated.client: Client qnn_client_0 - Epoch 1/3 completed. Average Loss: 1.1764
2025-05-03 11:48:45,376 [INFO] src.federated.client: Client qnn_client_0 - Epoch 2/3 completed. Average Loss: 1.1717
2025-05-03 11:48:47,100 [INFO] src.federated.client: Client qnn_client_0 - Epoch 3/3 completed. Average Loss: 1.1671
2025-05-03 11:48:47,100 [INFO] src.federated.client: Client qnn_client_0: Local training finished. Processed 69 samples.
2025-05-03 11:48:47,109 [INFO] src.core.quantum_client: Client qnn_client_4: Starting local training (model type: qnn).
2025-05-03 11:48:47,110 [INFO] src.federated.client: Client qnn_client_4: Starting local training for 3 epochs. Proximal term mu=0.0.
2025-05-03 11:48:48,650 [INFO] src.federated.client: Client qnn_client_4 - Epoch 1/3 completed. Average Loss: 1.1949
2025-05-03 11:48:50,290 [INFO] src.federated.client: Client qnn_client_4 - Epoch 2/3 completed. Average Loss: 1.1894
2025-05-03 11:48:51,910 [INFO] src.federated.client: Client qnn_client_4 - Epoch 3/3 completed. Average Loss: 1.1842
2025-05-03 11:48:51,912 [INFO] src.federated.client: Client qnn_client_4: Local training finished. Processed 66 samples.
2025-05-03 11:48:51,921 [INFO] src.core.quantum_client: Client qnn_client_2: Starting local training (model type: qnn).
2025-05-03 11:48:51,926 [INFO] src.federated.client: Client qnn_client_2: Starting local training for 3 epochs. Proximal term mu=0.0.
2025-05-03 11:48:53,453 [INFO] src.federated.client: Client qnn_client_2 - Epoch 1/3 completed. Average Loss: 1.1705
2025-05-03 11:48:55,040 [INFO] src.federated.client: Client qnn_client_2 - Epoch 2/3 completed. Average Loss: 1.1657
2025-05-03 11:48:56,701 [INFO] src.federated.client: Client qnn_client_2 - Epoch 3/3 completed. Average Loss: 1.1612
2025-05-03 11:48:56,702 [INFO] src.federated.client: Client qnn_client_2: Local training finished. Processed 66 samples.
2025-05-03 11:48:56,710 [INFO] src.federated.server: Aggregating updates from 3 clients using FedAvg.
2025-05-03 11:48:56,713 [INFO] src.federated.aggregation: FedAvg: Aggregating updates from 3 clients.
2025-05-03 11:48:56,714 [INFO] src.federated.aggregation: FedAvg: Aggregation complete.
2025-05-03 11:48:56,715 [INFO] src.federated.server: Global model updated with aggregated parameters.
2025-05-03 11:48:56,715 [INFO] src.federated.server: Evaluating updated global model...
2025-05-03 11:48:56,715 [INFO] src.core.quantum_manager: Server: Starting evaluation (model type: qnn).
2025-05-03 11:48:58,323 [INFO] src.federated.server: Round 1 completed in 16.28s. Eval Metrics: {'loss': 1.1738509984206444, 'accuracy': 0.18421052631578946}
2025-05-03 11:48:58,324 [INFO] src.federated.server: ===== Starting Round 2/15 =====
2025-05-03 11:48:58,324 [INFO] src.federated.server: Starting federated training round...
2025-05-03 11:48:58,324 [INFO] src.federated.server: Selected 3 clients out of 5 available (fraction=0.1, min_clients=3): ['qnn_client_2', 'qnn_client_1', 'qnn_client_0']
2025-05-03 11:48:58,325 [INFO] src.core.quantum_client: Client qnn_client_2: Starting local training (model type: qnn).
2025-05-03 11:48:58,325 [INFO] src.federated.client: Client qnn_client_2: Starting local training for 3 epochs. Proximal term mu=0.0.
2025-05-03 11:48:59,953 [INFO] src.federated.client: Client qnn_client_2 - Epoch 1/3 completed. Average Loss: 1.1598
2025-05-03 11:49:01,674 [INFO] src.federated.client: Client qnn_client_2 - Epoch 2/3 completed. Average Loss: 1.1554
2025-05-03 11:49:03,339 [INFO] src.federated.client: Client qnn_client_2 - Epoch 3/3 completed. Average Loss: 1.1512
2025-05-03 11:49:03,340 [INFO] src.federated.client: Client qnn_client_2: Local training finished. Processed 66 samples.
2025-05-03 11:49:03,350 [INFO] src.core.quantum_client: Client qnn_client_1: Starting local training (model type: qnn).
2025-05-03 11:49:03,355 [INFO] src.federated.client: Client qnn_client_1: Starting local training for 3 epochs. Proximal term mu=0.0.
2025-05-03 11:49:04,918 [INFO] src.federated.client: Client qnn_client_1 - Epoch 1/3 completed. Average Loss: 1.1765
2025-05-03 11:49:06,560 [INFO] src.federated.client: Client qnn_client_1 - Epoch 2/3 completed. Average Loss: 1.1710
2025-05-03 11:49:08,371 [INFO] src.federated.client: Client qnn_client_1 - Epoch 3/3 completed. Average Loss: 1.1657
2025-05-03 11:49:08,372 [INFO] src.federated.client: Client qnn_client_1: Local training finished. Processed 69 samples.
2025-05-03 11:49:08,379 [INFO] src.core.quantum_client: Client qnn_client_0: Starting local training (model type: qnn).
2025-05-03 11:49:08,382 [INFO] src.federated.client: Client qnn_client_0: Starting local training for 3 epochs. Proximal term mu=0.0.
2025-05-03 11:49:10,275 [INFO] src.federated.client: Client qnn_client_0 - Epoch 1/3 completed. Average Loss: 1.1633
2025-05-03 11:49:11,947 [INFO] src.federated.client: Client qnn_client_0 - Epoch 2/3 completed. Average Loss: 1.1590
2025-05-03 11:49:13,850 [INFO] src.federated.client: Client qnn_client_0 - Epoch 3/3 completed. Average Loss: 1.1549
2025-05-03 11:49:13,851 [INFO] src.federated.client: Client qnn_client_0: Local training finished. Processed 69 samples.
2025-05-03 11:49:13,858 [INFO] src.federated.server: Aggregating updates from 3 clients using FedAvg.
2025-05-03 11:49:13,861 [INFO] src.federated.aggregation: FedAvg: Aggregating updates from 3 clients.
2025-05-03 11:49:13,862 [INFO] src.federated.aggregation: FedAvg: Aggregation complete.
2025-05-03 11:49:13,863 [INFO] src.federated.server: Global model updated with aggregated parameters.
2025-05-03 11:49:13,864 [INFO] src.federated.server: Evaluating updated global model...
2025-05-03 11:49:13,864 [INFO] src.core.quantum_manager: Server: Starting evaluation (model type: qnn).
2025-05-03 11:49:15,519 [INFO] src.federated.server: Round 2 completed in 17.20s. Eval Metrics: {'loss': 1.161661966719223, 'accuracy': 0.18421052631578946}
2025-05-03 11:49:15,520 [INFO] src.federated.server: ===== Starting Round 3/15 =====
2025-05-03 11:49:15,520 [INFO] src.federated.server: Starting federated training round...
2025-05-03 11:49:15,520 [INFO] src.federated.server: Selected 3 clients out of 5 available (fraction=0.1, min_clients=3): ['qnn_client_1', 'qnn_client_0', 'qnn_client_2']
2025-05-03 11:49:15,522 [INFO] src.core.quantum_client: Client qnn_client_1: Starting local training (model type: qnn).
2025-05-03 11:49:15,522 [INFO] src.federated.client: Client qnn_client_1: Starting local training for 3 epochs. Proximal term mu=0.0.
2025-05-03 11:49:17,212 [INFO] src.federated.client: Client qnn_client_1 - Epoch 1/3 completed. Average Loss: 1.1616
2025-05-03 11:49:18,874 [INFO] src.federated.client: Client qnn_client_1 - Epoch 2/3 completed. Average Loss: 1.1565
2025-05-03 11:49:20,428 [INFO] src.federated.client: Client qnn_client_1 - Epoch 3/3 completed. Average Loss: 1.1516
2025-05-03 11:49:20,429 [INFO] src.federated.client: Client qnn_client_1: Local training finished. Processed 69 samples.
2025-05-03 11:49:20,437 [INFO] src.core.quantum_client: Client qnn_client_0: Starting local training (model type: qnn).
2025-05-03 11:49:20,440 [INFO] src.federated.client: Client qnn_client_0: Starting local training for 3 epochs. Proximal term mu=0.0.
2025-05-03 11:49:22,012 [INFO] src.federated.client: Client qnn_client_0 - Epoch 1/3 completed. Average Loss: 1.1515
2025-05-03 11:49:23,702 [INFO] src.federated.client: Client qnn_client_0 - Epoch 2/3 completed. Average Loss: 1.1477
2025-05-03 11:49:25,459 [INFO] src.federated.client: Client qnn_client_0 - Epoch 3/3 completed. Average Loss: 1.1440
2025-05-03 11:49:25,460 [INFO] src.federated.client: Client qnn_client_0: Local training finished. Processed 69 samples.
2025-05-03 11:49:25,473 [INFO] src.core.quantum_client: Client qnn_client_2: Starting local training (model type: qnn).
2025-05-03 11:49:25,478 [INFO] src.federated.client: Client qnn_client_2: Starting local training for 3 epochs. Proximal term mu=0.0.
2025-05-03 11:49:27,064 [INFO] src.federated.client: Client qnn_client_2 - Epoch 1/3 completed. Average Loss: 1.1485
2025-05-03 11:49:28,687 [INFO] src.federated.client: Client qnn_client_2 - Epoch 2/3 completed. Average Loss: 1.1445
2025-05-03 11:49:30,240 [INFO] src.federated.client: Client qnn_client_2 - Epoch 3/3 completed. Average Loss: 1.1408
2025-05-03 11:49:30,241 [INFO] src.federated.client: Client qnn_client_2: Local training finished. Processed 66 samples.
2025-05-03 11:49:30,249 [INFO] src.federated.server: Aggregating updates from 3 clients using FedAvg.
2025-05-03 11:49:30,250 [INFO] src.federated.aggregation: FedAvg: Aggregating updates from 3 clients.
2025-05-03 11:49:30,251 [INFO] src.federated.aggregation: FedAvg: Aggregation complete.
2025-05-03 11:49:30,252 [INFO] src.federated.server: Global model updated with aggregated parameters.
2025-05-03 11:49:30,252 [INFO] src.federated.server: Evaluating updated global model...
2025-05-03 11:49:30,252 [INFO] src.core.quantum_manager: Server: Starting evaluation (model type: qnn).
2025-05-03 11:49:31,889 [INFO] src.federated.server: Round 3 completed in 16.37s. Eval Metrics: {'loss': 1.150453792874757, 'accuracy': 0.21052631578947367}
2025-05-03 11:49:31,889 [INFO] src.federated.server: ===== Starting Round 4/15 =====
2025-05-03 11:49:31,890 [INFO] src.federated.server: Starting federated training round...
2025-05-03 11:49:31,890 [INFO] src.federated.server: Selected 3 clients out of 5 available (fraction=0.1, min_clients=3): ['qnn_client_4', 'qnn_client_0', 'qnn_client_2']
2025-05-03 11:49:31,891 [INFO] src.core.quantum_client: Client qnn_client_4: Starting local training (model type: qnn).
2025-05-03 11:49:31,891 [INFO] src.federated.client: Client qnn_client_4: Starting local training for 3 epochs. Proximal term mu=0.0.
2025-05-03 11:49:33,562 [INFO] src.federated.client: Client qnn_client_4 - Epoch 1/3 completed. Average Loss: 1.1569
2025-05-03 11:49:35,302 [INFO] src.federated.client: Client qnn_client_4 - Epoch 2/3 completed. Average Loss: 1.1529
2025-05-03 11:49:37,043 [INFO] src.federated.client: Client qnn_client_4 - Epoch 3/3 completed. Average Loss: 1.1491
2025-05-03 11:49:37,043 [INFO] src.federated.client: Client qnn_client_4: Local training finished. Processed 66 samples.
2025-05-03 11:49:37,050 [INFO] src.core.quantum_client: Client qnn_client_0: Starting local training (model type: qnn).
2025-05-03 11:49:37,053 [INFO] src.federated.client: Client qnn_client_0: Starting local training for 3 epochs. Proximal term mu=0.0.
2025-05-03 11:49:38,792 [INFO] src.federated.client: Client qnn_client_0 - Epoch 1/3 completed. Average Loss: 1.1410
2025-05-03 11:49:40,544 [INFO] src.federated.client: Client qnn_client_0 - Epoch 2/3 completed. Average Loss: 1.1376
2025-05-03 11:49:42,284 [INFO] src.federated.client: Client qnn_client_0 - Epoch 3/3 completed. Average Loss: 1.1343
2025-05-03 11:49:42,286 [INFO] src.federated.client: Client qnn_client_0: Local training finished. Processed 69 samples.
2025-05-03 11:49:42,298 [INFO] src.core.quantum_client: Client qnn_client_2: Starting local training (model type: qnn).
2025-05-03 11:49:42,302 [INFO] src.federated.client: Client qnn_client_2: Starting local training for 3 epochs. Proximal term mu=0.0.
2025-05-03 11:49:43,974 [INFO] src.federated.client: Client qnn_client_2 - Epoch 1/3 completed. Average Loss: 1.1382
2025-05-03 11:49:45,644 [INFO] src.federated.client: Client qnn_client_2 - Epoch 2/3 completed. Average Loss: 1.1347
2025-05-03 11:49:47,212 [INFO] src.federated.client: Client qnn_client_2 - Epoch 3/3 completed. Average Loss: 1.1314
2025-05-03 11:49:47,213 [INFO] src.federated.client: Client qnn_client_2: Local training finished. Processed 66 samples.
2025-05-03 11:49:47,219 [INFO] src.federated.server: Aggregating updates from 3 clients using FedAvg.
2025-05-03 11:49:47,222 [INFO] src.federated.aggregation: FedAvg: Aggregating updates from 3 clients.
2025-05-03 11:49:47,224 [INFO] src.federated.aggregation: FedAvg: Aggregation complete.
2025-05-03 11:49:47,225 [INFO] src.federated.server: Global model updated with aggregated parameters.
2025-05-03 11:49:47,225 [INFO] src.federated.server: Evaluating updated global model...
2025-05-03 11:49:47,225 [INFO] src.core.quantum_manager: Server: Starting evaluation (model type: qnn).
2025-05-03 11:49:48,898 [INFO] src.federated.server: Round 4 completed in 17.01s. Eval Metrics: {'loss': 1.142503411748747, 'accuracy': 0.39473684210526316}
2025-05-03 11:49:48,899 [INFO] src.federated.server: ===== Starting Round 5/15 =====
2025-05-03 11:49:48,899 [INFO] src.federated.server: Starting federated training round...
2025-05-03 11:49:48,899 [INFO] src.federated.server: Selected 3 clients out of 5 available (fraction=0.1, min_clients=3): ['qnn_client_3', 'qnn_client_0', 'qnn_client_4']
2025-05-03 11:49:48,900 [INFO] src.core.quantum_client: Client qnn_client_3: Starting local training (model type: qnn).
2025-05-03 11:49:48,901 [INFO] src.federated.client: Client qnn_client_3: Starting local training for 3 epochs. Proximal term mu=0.0.
2025-05-03 11:49:50,444 [INFO] src.federated.client: Client qnn_client_3 - Epoch 1/3 completed. Average Loss: 1.1349
2025-05-03 11:49:52,039 [INFO] src.federated.client: Client qnn_client_3 - Epoch 2/3 completed. Average Loss: 1.1304
2025-05-03 11:49:53,713 [INFO] src.federated.client: Client qnn_client_3 - Epoch 3/3 completed. Average Loss: 1.1261
2025-05-03 11:49:53,714 [INFO] src.federated.client: Client qnn_client_3: Local training finished. Processed 66 samples.
2025-05-03 11:49:53,726 [INFO] src.core.quantum_client: Client qnn_client_0: Starting local training (model type: qnn).
2025-05-03 11:49:53,730 [INFO] src.federated.client: Client qnn_client_0: Starting local training for 3 epochs. Proximal term mu=0.0.
2025-05-03 11:49:55,425 [INFO] src.federated.client: Client qnn_client_0 - Epoch 1/3 completed. Average Loss: 1.1319
2025-05-03 11:49:57,227 [INFO] src.federated.client: Client qnn_client_0 - Epoch 2/3 completed. Average Loss: 1.1288
2025-05-03 11:49:58,873 [INFO] src.federated.client: Client qnn_client_0 - Epoch 3/3 completed. Average Loss: 1.1259
2025-05-03 11:49:58,874 [INFO] src.federated.client: Client qnn_client_0: Local training finished. Processed 69 samples.
2025-05-03 11:49:58,884 [INFO] src.core.quantum_client: Client qnn_client_4: Starting local training (model type: qnn).
2025-05-03 11:49:58,887 [INFO] src.federated.client: Client qnn_client_4: Starting local training for 3 epochs. Proximal term mu=0.0.
2025-05-03 11:50:00,575 [INFO] src.federated.client: Client qnn_client_4 - Epoch 1/3 completed. Average Loss: 1.1469
2025-05-03 11:50:02,288 [INFO] src.federated.client: Client qnn_client_4 - Epoch 2/3 completed. Average Loss: 1.1435
2025-05-03 11:50:04,048 [INFO] src.federated.client: Client qnn_client_4 - Epoch 3/3 completed. Average Loss: 1.1402
2025-05-03 11:50:04,049 [INFO] src.federated.client: Client qnn_client_4: Local training finished. Processed 66 samples.
2025-05-03 11:50:04,058 [INFO] src.federated.server: Aggregating updates from 3 clients using FedAvg.
2025-05-03 11:50:04,062 [INFO] src.federated.aggregation: FedAvg: Aggregating updates from 3 clients.
2025-05-03 11:50:04,063 [INFO] src.federated.aggregation: FedAvg: Aggregation complete.
2025-05-03 11:50:04,064 [INFO] src.federated.server: Global model updated with aggregated parameters.
2025-05-03 11:50:04,064 [INFO] src.federated.server: Evaluating updated global model...
2025-05-03 11:50:04,064 [INFO] src.core.quantum_manager: Server: Starting evaluation (model type: qnn).
2025-05-03 11:50:05,745 [INFO] src.federated.server: Round 5 completed in 16.85s. Eval Metrics: {'loss': 1.1354321715841569, 'accuracy': 0.3684210526315789}
2025-05-03 11:50:05,745 [INFO] src.federated.server: ===== Starting Round 6/15 =====
2025-05-03 11:50:05,748 [INFO] src.federated.server: Starting federated training round...
2025-05-03 11:50:05,748 [INFO] src.federated.server: Selected 3 clients out of 5 available (fraction=0.1, min_clients=3): ['qnn_client_0', 'qnn_client_1', 'qnn_client_4']
2025-05-03 11:50:05,749 [INFO] src.core.quantum_client: Client qnn_client_0: Starting local training (model type: qnn).
2025-05-03 11:50:05,749 [INFO] src.federated.client: Client qnn_client_0: Starting local training for 3 epochs. Proximal term mu=0.0.
2025-05-03 11:50:07,598 [INFO] src.federated.client: Client qnn_client_0 - Epoch 1/3 completed. Average Loss: 1.1243
2025-05-03 11:50:09,398 [INFO] src.federated.client: Client qnn_client_0 - Epoch 2/3 completed. Average Loss: 1.1216
2025-05-03 11:50:11,050 [INFO] src.federated.client: Client qnn_client_0 - Epoch 3/3 completed. Average Loss: 1.1190
2025-05-03 11:50:11,052 [INFO] src.federated.client: Client qnn_client_0: Local training finished. Processed 69 samples.
2025-05-03 11:50:11,059 [INFO] src.core.quantum_client: Client qnn_client_1: Starting local training (model type: qnn).
2025-05-03 11:50:11,064 [INFO] src.federated.client: Client qnn_client_1: Starting local training for 3 epochs. Proximal term mu=0.0.
2025-05-03 11:50:12,882 [INFO] src.federated.client: Client qnn_client_1 - Epoch 1/3 completed. Average Loss: 1.1268
2025-05-03 11:50:14,639 [INFO] src.federated.client: Client qnn_client_1 - Epoch 2/3 completed. Average Loss: 1.1228
2025-05-03 11:50:16,436 [INFO] src.federated.client: Client qnn_client_1 - Epoch 3/3 completed. Average Loss: 1.1190
2025-05-03 11:50:16,438 [INFO] src.federated.client: Client qnn_client_1: Local training finished. Processed 69 samples.
2025-05-03 11:50:16,447 [INFO] src.core.quantum_client: Client qnn_client_4: Starting local training (model type: qnn).
2025-05-03 11:50:16,451 [INFO] src.federated.client: Client qnn_client_4: Starting local training for 3 epochs. Proximal term mu=0.0.
2025-05-03 11:50:18,208 [INFO] src.federated.client: Client qnn_client_4 - Epoch 1/3 completed. Average Loss: 1.1386
2025-05-03 11:50:20,028 [INFO] src.federated.client: Client qnn_client_4 - Epoch 2/3 completed. Average Loss: 1.1355
2025-05-03 11:50:21,709 [INFO] src.federated.client: Client qnn_client_4 - Epoch 3/3 completed. Average Loss: 1.1326
2025-05-03 11:50:21,710 [INFO] src.federated.client: Client qnn_client_4: Local training finished. Processed 66 samples.
2025-05-03 11:50:21,719 [INFO] src.federated.server: Aggregating updates from 3 clients using FedAvg.
2025-05-03 11:50:21,721 [INFO] src.federated.aggregation: FedAvg: Aggregating updates from 3 clients.
2025-05-03 11:50:21,722 [INFO] src.federated.aggregation: FedAvg: Aggregation complete.
2025-05-03 11:50:21,723 [INFO] src.federated.server: Global model updated with aggregated parameters.
2025-05-03 11:50:21,723 [INFO] src.federated.server: Evaluating updated global model...
2025-05-03 11:50:21,723 [INFO] src.core.quantum_manager: Server: Starting evaluation (model type: qnn).
2025-05-03 11:50:23,380 [INFO] src.federated.server: Round 6 completed in 17.63s. Eval Metrics: {'loss': 1.1292301232041961, 'accuracy': 0.2631578947368421}
2025-05-03 11:50:23,380 [INFO] src.federated.server: ===== Starting Round 7/15 =====
2025-05-03 11:50:23,380 [INFO] src.federated.server: Starting federated training round...
2025-05-03 11:50:23,381 [INFO] src.federated.server: Selected 3 clients out of 5 available (fraction=0.1, min_clients=3): ['qnn_client_4', 'qnn_client_0', 'qnn_client_2']
2025-05-03 11:50:23,382 [INFO] src.core.quantum_client: Client qnn_client_4: Starting local training (model type: qnn).
2025-05-03 11:50:23,382 [INFO] src.federated.client: Client qnn_client_4: Starting local training for 3 epochs. Proximal term mu=0.0.
2025-05-03 11:50:25,020 [INFO] src.federated.client: Client qnn_client_4 - Epoch 1/3 completed. Average Loss: 1.1312
2025-05-03 11:50:26,735 [INFO] src.federated.client: Client qnn_client_4 - Epoch 2/3 completed. Average Loss: 1.1285
2025-05-03 11:50:28,557 [INFO] src.federated.client: Client qnn_client_4 - Epoch 3/3 completed. Average Loss: 1.1258
2025-05-03 11:50:28,558 [INFO] src.federated.client: Client qnn_client_4: Local training finished. Processed 66 samples.
2025-05-03 11:50:28,565 [INFO] src.core.quantum_client: Client qnn_client_0: Starting local training (model type: qnn).
2025-05-03 11:50:28,569 [INFO] src.federated.client: Client qnn_client_0: Starting local training for 3 epochs. Proximal term mu=0.0.
2025-05-03 11:50:30,327 [INFO] src.federated.client: Client qnn_client_0 - Epoch 1/3 completed. Average Loss: 1.1177
2025-05-03 11:50:32,289 [INFO] src.federated.client: Client qnn_client_0 - Epoch 2/3 completed. Average Loss: 1.1153
2025-05-03 11:50:33,933 [INFO] src.federated.client: Client qnn_client_0 - Epoch 3/3 completed. Average Loss: 1.1129
2025-05-03 11:50:33,935 [INFO] src.federated.client: Client qnn_client_0: Local training finished. Processed 69 samples.
2025-05-03 11:50:33,944 [INFO] src.core.quantum_client: Client qnn_client_2: Starting local training (model type: qnn).
2025-05-03 11:50:33,948 [INFO] src.federated.client: Client qnn_client_2: Starting local training for 3 epochs. Proximal term mu=0.0.
2025-05-03 11:50:35,645 [INFO] src.federated.client: Client qnn_client_2 - Epoch 1/3 completed. Average Loss: 1.1185
2025-05-03 11:50:37,343 [INFO] src.federated.client: Client qnn_client_2 - Epoch 2/3 completed. Average Loss: 1.1159
2025-05-03 11:50:38,975 [INFO] src.federated.client: Client qnn_client_2 - Epoch 3/3 completed. Average Loss: 1.1135
2025-05-03 11:50:38,976 [INFO] src.federated.client: Client qnn_client_2: Local training finished. Processed 66 samples.
2025-05-03 11:50:38,984 [INFO] src.federated.server: Aggregating updates from 3 clients using FedAvg.
2025-05-03 11:50:38,986 [INFO] src.federated.aggregation: FedAvg: Aggregating updates from 3 clients.
2025-05-03 11:50:38,987 [INFO] src.federated.aggregation: FedAvg: Aggregation complete.
2025-05-03 11:50:38,988 [INFO] src.federated.server: Global model updated with aggregated parameters.
2025-05-03 11:50:38,988 [INFO] src.federated.server: Evaluating updated global model...
2025-05-03 11:50:38,988 [INFO] src.core.quantum_manager: Server: Starting evaluation (model type: qnn).
2025-05-03 11:50:40,693 [INFO] src.federated.server: Round 7 completed in 17.31s. Eval Metrics: {'loss': 1.123732339876088, 'accuracy': 0.2631578947368421}
2025-05-03 11:50:40,694 [INFO] src.federated.server: ===== Starting Round 8/15 =====
2025-05-03 11:50:40,694 [INFO] src.federated.server: Starting federated training round...
2025-05-03 11:50:40,694 [INFO] src.federated.server: Selected 3 clients out of 5 available (fraction=0.1, min_clients=3): ['qnn_client_1', 'qnn_client_3', 'qnn_client_0']
2025-05-03 11:50:40,695 [INFO] src.core.quantum_client: Client qnn_client_1: Starting local training (model type: qnn).
2025-05-03 11:50:40,696 [INFO] src.federated.client: Client qnn_client_1: Starting local training for 3 epochs. Proximal term mu=0.0.
2025-05-03 11:50:42,517 [INFO] src.federated.client: Client qnn_client_1 - Epoch 1/3 completed. Average Loss: 1.1107
2025-05-03 11:50:44,295 [INFO] src.federated.client: Client qnn_client_1 - Epoch 2/3 completed. Average Loss: 1.1071
2025-05-03 11:50:46,048 [INFO] src.federated.client: Client qnn_client_1 - Epoch 3/3 completed. Average Loss: 1.1036
2025-05-03 11:50:46,049 [INFO] src.federated.client: Client qnn_client_1: Local training finished. Processed 69 samples.
2025-05-03 11:50:46,057 [INFO] src.core.quantum_client: Client qnn_client_3: Starting local training (model type: qnn).
2025-05-03 11:50:46,061 [INFO] src.federated.client: Client qnn_client_3: Starting local training for 3 epochs. Proximal term mu=0.0.
2025-05-03 11:50:47,730 [INFO] src.federated.client: Client qnn_client_3 - Epoch 1/3 completed. Average Loss: 1.1157
2025-05-03 11:50:49,361 [INFO] src.federated.client: Client qnn_client_3 - Epoch 2/3 completed. Average Loss: 1.1118
2025-05-03 11:50:50,926 [INFO] src.federated.client: Client qnn_client_3 - Epoch 3/3 completed. Average Loss: 1.1080
2025-05-03 11:50:50,927 [INFO] src.federated.client: Client qnn_client_3: Local training finished. Processed 66 samples.
2025-05-03 11:50:50,938 [INFO] src.core.quantum_client: Client qnn_client_0: Starting local training (model type: qnn).
2025-05-03 11:50:50,940 [INFO] src.federated.client: Client qnn_client_0: Starting local training for 3 epochs. Proximal term mu=0.0.
2025-05-03 11:50:52,554 [INFO] src.federated.client: Client qnn_client_0 - Epoch 1/3 completed. Average Loss: 1.1116
2025-05-03 11:50:54,316 [INFO] src.federated.client: Client qnn_client_0 - Epoch 2/3 completed. Average Loss: 1.1093
2025-05-03 11:50:55,950 [INFO] src.federated.client: Client qnn_client_0 - Epoch 3/3 completed. Average Loss: 1.1071
2025-05-03 11:50:55,951 [INFO] src.federated.client: Client qnn_client_0: Local training finished. Processed 69 samples.
2025-05-03 11:50:55,959 [INFO] src.federated.server: Aggregating updates from 3 clients using FedAvg.
2025-05-03 11:50:55,963 [INFO] src.federated.aggregation: FedAvg: Aggregating updates from 3 clients.
2025-05-03 11:50:55,964 [INFO] src.federated.aggregation: FedAvg: Aggregation complete.
2025-05-03 11:50:55,965 [INFO] src.federated.server: Global model updated with aggregated parameters.
2025-05-03 11:50:55,965 [INFO] src.federated.server: Evaluating updated global model...
2025-05-03 11:50:55,965 [INFO] src.core.quantum_manager: Server: Starting evaluation (model type: qnn).
2025-05-03 11:50:57,614 [INFO] src.federated.server: Round 8 completed in 16.92s. Eval Metrics: {'loss': 1.116914915144852, 'accuracy': 0.2894736842105263}
2025-05-03 11:50:57,615 [INFO] src.federated.server: ===== Starting Round 9/15 =====
2025-05-03 11:50:57,615 [INFO] src.federated.server: Starting federated training round...
2025-05-03 11:50:57,615 [INFO] src.federated.server: Selected 3 clients out of 5 available (fraction=0.1, min_clients=3): ['qnn_client_3', 'qnn_client_2', 'qnn_client_0']
2025-05-03 11:50:57,616 [INFO] src.core.quantum_client: Client qnn_client_3: Starting local training (model type: qnn).
2025-05-03 11:50:57,616 [INFO] src.federated.client: Client qnn_client_3: Starting local training for 3 epochs. Proximal term mu=0.0.
2025-05-03 11:50:59,403 [INFO] src.federated.client: Client qnn_client_3 - Epoch 1/3 completed. Average Loss: 1.1072
2025-05-03 11:51:00,952 [INFO] src.federated.client: Client qnn_client_3 - Epoch 2/3 completed. Average Loss: 1.1034
2025-05-03 11:51:02,666 [INFO] src.federated.client: Client qnn_client_3 - Epoch 3/3 completed. Average Loss: 1.0997
2025-05-03 11:51:02,667 [INFO] src.federated.client: Client qnn_client_3: Local training finished. Processed 66 samples.
2025-05-03 11:51:02,678 [INFO] src.core.quantum_client: Client qnn_client_2: Starting local training (model type: qnn).
2025-05-03 11:51:02,679 [INFO] src.federated.client: Client qnn_client_2: Starting local training for 3 epochs. Proximal term mu=0.0.
2025-05-03 11:51:04,355 [INFO] src.federated.client: Client qnn_client_2 - Epoch 1/3 completed. Average Loss: 1.1075
2025-05-03 11:51:05,965 [INFO] src.federated.client: Client qnn_client_2 - Epoch 2/3 completed. Average Loss: 1.1054
2025-05-03 11:51:07,727 [INFO] src.federated.client: Client qnn_client_2 - Epoch 3/3 completed. Average Loss: 1.1033
2025-05-03 11:51:07,727 [INFO] src.federated.client: Client qnn_client_2: Local training finished. Processed 66 samples.
2025-05-03 11:51:07,737 [INFO] src.core.quantum_client: Client qnn_client_0: Starting local training (model type: qnn).
2025-05-03 11:51:07,738 [INFO] src.federated.client: Client qnn_client_0: Starting local training for 3 epochs. Proximal term mu=0.0.
2025-05-03 11:51:10,418 [INFO] src.federated.client: Client qnn_client_0 - Epoch 1/3 completed. Average Loss: 1.1072
2025-05-03 11:51:12,098 [INFO] src.federated.client: Client qnn_client_0 - Epoch 2/3 completed. Average Loss: 1.1050
2025-05-03 11:51:13,812 [INFO] src.federated.client: Client qnn_client_0 - Epoch 3/3 completed. Average Loss: 1.1028
2025-05-03 11:51:13,813 [INFO] src.federated.client: Client qnn_client_0: Local training finished. Processed 69 samples.
2025-05-03 11:51:13,821 [INFO] src.federated.server: Aggregating updates from 3 clients using FedAvg.
2025-05-03 11:51:13,825 [INFO] src.federated.aggregation: FedAvg: Aggregating updates from 3 clients.
2025-05-03 11:51:13,825 [INFO] src.federated.aggregation: FedAvg: Aggregation complete.
2025-05-03 11:51:13,826 [INFO] src.federated.server: Global model updated with aggregated parameters.
2025-05-03 11:51:13,827 [INFO] src.federated.server: Evaluating updated global model...
2025-05-03 11:51:13,827 [INFO] src.core.quantum_manager: Server: Starting evaluation (model type: qnn).
2025-05-03 11:51:15,313 [INFO] src.federated.server: Round 9 completed in 17.70s. Eval Metrics: {'loss': 1.1106427440116817, 'accuracy': 0.2894736842105263}
2025-05-03 11:51:15,313 [INFO] src.federated.server: ===== Starting Round 10/15 =====
2025-05-03 11:51:15,313 [INFO] src.federated.server: Starting federated training round...
2025-05-03 11:51:15,313 [INFO] src.federated.server: Selected 3 clients out of 5 available (fraction=0.1, min_clients=3): ['qnn_client_1', 'qnn_client_3', 'qnn_client_4']
2025-05-03 11:51:15,314 [INFO] src.core.quantum_client: Client qnn_client_1: Starting local training (model type: qnn).
2025-05-03 11:51:15,314 [INFO] src.federated.client: Client qnn_client_1: Starting local training for 3 epochs. Proximal term mu=0.0.
2025-05-03 11:51:17,051 [INFO] src.federated.client: Client qnn_client_1 - Epoch 1/3 completed. Average Loss: 1.0957
2025-05-03 11:51:18,803 [INFO] src.federated.client: Client qnn_client_1 - Epoch 2/3 completed. Average Loss: 1.0923
2025-05-03 11:51:20,333 [INFO] src.federated.client: Client qnn_client_1 - Epoch 3/3 completed. Average Loss: 1.0890
2025-05-03 11:51:20,334 [INFO] src.federated.client: Client qnn_client_1: Local training finished. Processed 69 samples.
2025-05-03 11:51:20,344 [INFO] src.core.quantum_client: Client qnn_client_3: Starting local training (model type: qnn).
2025-05-03 11:51:20,349 [INFO] src.federated.client: Client qnn_client_3: Starting local training for 3 epochs. Proximal term mu=0.0.
2025-05-03 11:51:21,906 [INFO] src.federated.client: Client qnn_client_3 - Epoch 1/3 completed. Average Loss: 1.0995
2025-05-03 11:51:23,593 [INFO] src.federated.client: Client qnn_client_3 - Epoch 2/3 completed. Average Loss: 1.0959
2025-05-03 11:51:25,318 [INFO] src.federated.client: Client qnn_client_3 - Epoch 3/3 completed. Average Loss: 1.0923
2025-05-03 11:51:25,319 [INFO] src.federated.client: Client qnn_client_3: Local training finished. Processed 66 samples.
2025-05-03 11:51:25,328 [INFO] src.core.quantum_client: Client qnn_client_4: Starting local training (model type: qnn).
2025-05-03 11:51:25,330 [INFO] src.federated.client: Client qnn_client_4: Starting local training for 3 epochs. Proximal term mu=0.0.
2025-05-03 11:51:26,978 [INFO] src.federated.client: Client qnn_client_4 - Epoch 1/3 completed. Average Loss: 1.1173
2025-05-03 11:51:28,532 [INFO] src.federated.client: Client qnn_client_4 - Epoch 2/3 completed. Average Loss: 1.1150
2025-05-03 11:51:30,149 [INFO] src.federated.client: Client qnn_client_4 - Epoch 3/3 completed. Average Loss: 1.1128
2025-05-03 11:51:30,151 [INFO] src.federated.client: Client qnn_client_4: Local training finished. Processed 66 samples.
2025-05-03 11:51:30,157 [INFO] src.federated.server: Aggregating updates from 3 clients using FedAvg.
2025-05-03 11:51:30,161 [INFO] src.federated.aggregation: FedAvg: Aggregating updates from 3 clients.
2025-05-03 11:51:30,162 [INFO] src.federated.aggregation: FedAvg: Aggregation complete.
2025-05-03 11:51:30,163 [INFO] src.federated.server: Global model updated with aggregated parameters.
2025-05-03 11:51:30,163 [INFO] src.federated.server: Evaluating updated global model...
2025-05-03 11:51:30,163 [INFO] src.core.quantum_manager: Server: Starting evaluation (model type: qnn).
2025-05-03 11:51:31,757 [INFO] src.federated.server: Round 10 completed in 16.44s. Eval Metrics: {'loss': 1.1054890322224913, 'accuracy': 0.2894736842105263}
2025-05-03 11:51:31,757 [INFO] src.federated.server: ===== Starting Round 11/15 =====
2025-05-03 11:51:31,758 [INFO] src.federated.server: Starting federated training round...
2025-05-03 11:51:31,758 [INFO] src.federated.server: Selected 3 clients out of 5 available (fraction=0.1, min_clients=3): ['qnn_client_2', 'qnn_client_1', 'qnn_client_0']
2025-05-03 11:51:31,759 [INFO] src.core.quantum_client: Client qnn_client_2: Starting local training (model type: qnn).
2025-05-03 11:51:31,759 [INFO] src.federated.client: Client qnn_client_2: Starting local training for 3 epochs. Proximal term mu=0.0.
2025-05-03 11:51:33,382 [INFO] src.federated.client: Client qnn_client_2 - Epoch 1/3 completed. Average Loss: 1.0982
2025-05-03 11:51:35,087 [INFO] src.federated.client: Client qnn_client_2 - Epoch 2/3 completed. Average Loss: 1.0964
2025-05-03 11:51:36,766 [INFO] src.federated.client: Client qnn_client_2 - Epoch 3/3 completed. Average Loss: 1.0946
2025-05-03 11:51:36,767 [INFO] src.federated.client: Client qnn_client_2: Local training finished. Processed 66 samples.
2025-05-03 11:51:36,778 [INFO] src.core.quantum_client: Client qnn_client_1: Starting local training (model type: qnn).
2025-05-03 11:51:36,781 [INFO] src.federated.client: Client qnn_client_1: Starting local training for 3 epochs. Proximal term mu=0.0.
2025-05-03 11:51:38,518 [INFO] src.federated.client: Client qnn_client_1 - Epoch 1/3 completed. Average Loss: 1.0876
2025-05-03 11:51:40,280 [INFO] src.federated.client: Client qnn_client_1 - Epoch 2/3 completed. Average Loss: 1.0843
2025-05-03 11:51:42,188 [INFO] src.federated.client: Client qnn_client_1 - Epoch 3/3 completed. Average Loss: 1.0810
2025-05-03 11:51:42,189 [INFO] src.federated.client: Client qnn_client_1: Local training finished. Processed 69 samples.
2025-05-03 11:51:42,197 [INFO] src.core.quantum_client: Client qnn_client_0: Starting local training (model type: qnn).
2025-05-03 11:51:42,200 [INFO] src.federated.client: Client qnn_client_0: Starting local training for 3 epochs. Proximal term mu=0.0.
2025-05-03 11:51:43,778 [INFO] src.federated.client: Client qnn_client_0 - Epoch 1/3 completed. Average Loss: 1.1000
2025-05-03 11:51:45,387 [INFO] src.federated.client: Client qnn_client_0 - Epoch 2/3 completed. Average Loss: 1.0978
2025-05-03 11:51:47,027 [INFO] src.federated.client: Client qnn_client_0 - Epoch 3/3 completed. Average Loss: 1.0956
2025-05-03 11:51:47,028 [INFO] src.federated.client: Client qnn_client_0: Local training finished. Processed 69 samples.
2025-05-03 11:51:47,036 [INFO] src.federated.server: Aggregating updates from 3 clients using FedAvg.
2025-05-03 11:51:47,038 [INFO] src.federated.aggregation: FedAvg: Aggregating updates from 3 clients.
2025-05-03 11:51:47,040 [INFO] src.federated.aggregation: FedAvg: Aggregation complete.
2025-05-03 11:51:47,040 [INFO] src.federated.server: Global model updated with aggregated parameters.
2025-05-03 11:51:47,041 [INFO] src.federated.server: Evaluating updated global model...
2025-05-03 11:51:47,041 [INFO] src.core.quantum_manager: Server: Starting evaluation (model type: qnn).
2025-05-03 11:51:48,650 [INFO] src.federated.server: Round 11 completed in 16.89s. Eval Metrics: {'loss': 1.100297493892711, 'accuracy': 0.2894736842105263}
2025-05-03 11:51:48,650 [INFO] src.federated.server: ===== Starting Round 12/15 =====
2025-05-03 11:51:48,650 [INFO] src.federated.server: Starting federated training round...
2025-05-03 11:51:48,651 [INFO] src.federated.server: Selected 3 clients out of 5 available (fraction=0.1, min_clients=3): ['qnn_client_2', 'qnn_client_0', 'qnn_client_3']
2025-05-03 11:51:48,651 [INFO] src.core.quantum_client: Client qnn_client_2: Starting local training (model type: qnn).
2025-05-03 11:51:48,652 [INFO] src.federated.client: Client qnn_client_2: Starting local training for 3 epochs. Proximal term mu=0.0.
2025-05-03 11:51:50,206 [INFO] src.federated.client: Client qnn_client_2 - Epoch 1/3 completed. Average Loss: 1.0934
2025-05-03 11:51:51,965 [INFO] src.federated.client: Client qnn_client_2 - Epoch 2/3 completed. Average Loss: 1.0915
2025-05-03 11:51:53,505 [INFO] src.federated.client: Client qnn_client_2 - Epoch 3/3 completed. Average Loss: 1.0897
2025-05-03 11:51:53,506 [INFO] src.federated.client: Client qnn_client_2: Local training finished. Processed 66 samples.
2025-05-03 11:51:53,513 [INFO] src.core.quantum_client: Client qnn_client_0: Starting local training (model type: qnn).
2025-05-03 11:51:53,517 [INFO] src.federated.client: Client qnn_client_0: Starting local training for 3 epochs. Proximal term mu=0.0.
2025-05-03 11:51:55,446 [INFO] src.federated.client: Client qnn_client_0 - Epoch 1/3 completed. Average Loss: 1.0958
2025-05-03 11:51:57,178 [INFO] src.federated.client: Client qnn_client_0 - Epoch 2/3 completed. Average Loss: 1.0935
2025-05-03 11:51:59,022 [INFO] src.federated.client: Client qnn_client_0 - Epoch 3/3 completed. Average Loss: 1.0912
2025-05-03 11:51:59,024 [INFO] src.federated.client: Client qnn_client_0: Local training finished. Processed 69 samples.
2025-05-03 11:51:59,034 [INFO] src.core.quantum_client: Client qnn_client_3: Starting local training (model type: qnn).
2025-05-03 11:51:59,037 [INFO] src.federated.client: Client qnn_client_3: Starting local training for 3 epochs. Proximal term mu=0.0.
2025-05-03 11:52:00,748 [INFO] src.federated.client: Client qnn_client_3 - Epoch 1/3 completed. Average Loss: 1.0868
2025-05-03 11:52:02,285 [INFO] src.federated.client: Client qnn_client_3 - Epoch 2/3 completed. Average Loss: 1.0834
2025-05-03 11:52:04,033 [INFO] src.federated.client: Client qnn_client_3 - Epoch 3/3 completed. Average Loss: 1.0801
2025-05-03 11:52:04,035 [INFO] src.federated.client: Client qnn_client_3: Local training finished. Processed 66 samples.
2025-05-03 11:52:04,043 [INFO] src.federated.server: Aggregating updates from 3 clients using FedAvg.
2025-05-03 11:52:04,046 [INFO] src.federated.aggregation: FedAvg: Aggregating updates from 3 clients.
2025-05-03 11:52:04,047 [INFO] src.federated.aggregation: FedAvg: Aggregation complete.
2025-05-03 11:52:04,048 [INFO] src.federated.server: Global model updated with aggregated parameters.
2025-05-03 11:52:04,048 [INFO] src.federated.server: Evaluating updated global model...
2025-05-03 11:52:04,049 [INFO] src.core.quantum_manager: Server: Starting evaluation (model type: qnn).
2025-05-03 11:52:05,707 [INFO] src.federated.server: Round 12 completed in 17.06s. Eval Metrics: {'loss': 1.0950090973774664, 'accuracy': 0.2894736842105263}
2025-05-03 11:52:05,707 [INFO] src.federated.server: ===== Starting Round 13/15 =====
2025-05-03 11:52:05,708 [INFO] src.federated.server: Starting federated training round...
2025-05-03 11:52:05,708 [INFO] src.federated.server: Selected 3 clients out of 5 available (fraction=0.1, min_clients=3): ['qnn_client_3', 'qnn_client_0', 'qnn_client_1']
2025-05-03 11:52:05,709 [INFO] src.core.quantum_client: Client qnn_client_3: Starting local training (model type: qnn).
2025-05-03 11:52:05,710 [INFO] src.federated.client: Client qnn_client_3: Starting local training for 3 epochs. Proximal term mu=0.0.
2025-05-03 11:52:07,441 [INFO] src.federated.client: Client qnn_client_3 - Epoch 1/3 completed. Average Loss: 1.0803
2025-05-03 11:52:08,964 [INFO] src.federated.client: Client qnn_client_3 - Epoch 2/3 completed. Average Loss: 1.0769
2025-05-03 11:52:10,550 [INFO] src.federated.client: Client qnn_client_3 - Epoch 3/3 completed. Average Loss: 1.0736
2025-05-03 11:52:10,551 [INFO] src.federated.client: Client qnn_client_3: Local training finished. Processed 66 samples.
2025-05-03 11:52:10,558 [INFO] src.core.quantum_client: Client qnn_client_0: Starting local training (model type: qnn).
2025-05-03 11:52:10,563 [INFO] src.federated.client: Client qnn_client_0: Starting local training for 3 epochs. Proximal term mu=0.0.
2025-05-03 11:52:12,278 [INFO] src.federated.client: Client qnn_client_0 - Epoch 1/3 completed. Average Loss: 1.0915
2025-05-03 11:52:13,822 [INFO] src.federated.client: Client qnn_client_0 - Epoch 2/3 completed. Average Loss: 1.0891
2025-05-03 11:52:15,587 [INFO] src.federated.client: Client qnn_client_0 - Epoch 3/3 completed. Average Loss: 1.0867
2025-05-03 11:52:15,589 [INFO] src.federated.client: Client qnn_client_0: Local training finished. Processed 69 samples.
2025-05-03 11:52:15,601 [INFO] src.core.quantum_client: Client qnn_client_1: Starting local training (model type: qnn).
2025-05-03 11:52:15,606 [INFO] src.federated.client: Client qnn_client_1: Starting local training for 3 epochs. Proximal term mu=0.0.
2025-05-03 11:52:17,487 [INFO] src.federated.client: Client qnn_client_1 - Epoch 1/3 completed. Average Loss: 1.0765
2025-05-03 11:52:19,313 [INFO] src.federated.client: Client qnn_client_1 - Epoch 2/3 completed. Average Loss: 1.0731
2025-05-03 11:52:21,047 [INFO] src.federated.client: Client qnn_client_1 - Epoch 3/3 completed. Average Loss: 1.0697
2025-05-03 11:52:21,048 [INFO] src.federated.client: Client qnn_client_1: Local training finished. Processed 69 samples.
2025-05-03 11:52:21,058 [INFO] src.federated.server: Aggregating updates from 3 clients using FedAvg.
2025-05-03 11:52:21,063 [INFO] src.federated.aggregation: FedAvg: Aggregating updates from 3 clients.
2025-05-03 11:52:21,064 [INFO] src.federated.aggregation: FedAvg: Aggregation complete.
2025-05-03 11:52:21,065 [INFO] src.federated.server: Global model updated with aggregated parameters.
2025-05-03 11:52:21,065 [INFO] src.federated.server: Evaluating updated global model...
2025-05-03 11:52:21,065 [INFO] src.core.quantum_manager: Server: Starting evaluation (model type: qnn).
2025-05-03 11:52:22,696 [INFO] src.federated.server: Round 13 completed in 16.99s. Eval Metrics: {'loss': 1.0898623145143773, 'accuracy': 0.2894736842105263}
2025-05-03 11:52:22,696 [INFO] src.federated.server: ===== Starting Round 14/15 =====
2025-05-03 11:52:22,696 [INFO] src.federated.server: Starting federated training round...
2025-05-03 11:52:22,697 [INFO] src.federated.server: Selected 3 clients out of 5 available (fraction=0.1, min_clients=3): ['qnn_client_2', 'qnn_client_4', 'qnn_client_0']
2025-05-03 11:52:22,698 [INFO] src.core.quantum_client: Client qnn_client_2: Starting local training (model type: qnn).
2025-05-03 11:52:22,698 [INFO] src.federated.client: Client qnn_client_2: Starting local training for 3 epochs. Proximal term mu=0.0.
2025-05-03 11:52:24,177 [INFO] src.federated.client: Client qnn_client_2 - Epoch 1/3 completed. Average Loss: 1.0833
2025-05-03 11:52:25,712 [INFO] src.federated.client: Client qnn_client_2 - Epoch 2/3 completed. Average Loss: 1.0814
2025-05-03 11:52:27,271 [INFO] src.federated.client: Client qnn_client_2 - Epoch 3/3 completed. Average Loss: 1.0795
2025-05-03 11:52:27,272 [INFO] src.federated.client: Client qnn_client_2: Local training finished. Processed 66 samples.
2025-05-03 11:52:27,280 [INFO] src.core.quantum_client: Client qnn_client_4: Starting local training (model type: qnn).
2025-05-03 11:52:27,284 [INFO] src.federated.client: Client qnn_client_4: Starting local training for 3 epochs. Proximal term mu=0.0.
2025-05-03 11:52:28,847 [INFO] src.federated.client: Client qnn_client_4 - Epoch 1/3 completed. Average Loss: 1.1024
2025-05-03 11:52:30,490 [INFO] src.federated.client: Client qnn_client_4 - Epoch 2/3 completed. Average Loss: 1.1000
2025-05-03 11:52:32,076 [INFO] src.federated.client: Client qnn_client_4 - Epoch 3/3 completed. Average Loss: 1.0975
2025-05-03 11:52:32,077 [INFO] src.federated.client: Client qnn_client_4: Local training finished. Processed 66 samples.
2025-05-03 11:52:32,085 [INFO] src.core.quantum_client: Client qnn_client_0: Starting local training (model type: qnn).
2025-05-03 11:52:32,088 [INFO] src.federated.client: Client qnn_client_0: Starting local training for 3 epochs. Proximal term mu=0.0.
2025-05-03 11:52:33,793 [INFO] src.federated.client: Client qnn_client_0 - Epoch 1/3 completed. Average Loss: 1.0875
2025-05-03 11:52:35,808 [INFO] src.federated.client: Client qnn_client_0 - Epoch 2/3 completed. Average Loss: 1.0850
2025-05-03 11:52:37,564 [INFO] src.federated.client: Client qnn_client_0 - Epoch 3/3 completed. Average Loss: 1.0825
2025-05-03 11:52:37,565 [INFO] src.federated.client: Client qnn_client_0: Local training finished. Processed 69 samples.
2025-05-03 11:52:37,572 [INFO] src.federated.server: Aggregating updates from 3 clients using FedAvg.
2025-05-03 11:52:37,575 [INFO] src.federated.aggregation: FedAvg: Aggregating updates from 3 clients.
2025-05-03 11:52:37,576 [INFO] src.federated.aggregation: FedAvg: Aggregation complete.
2025-05-03 11:52:37,577 [INFO] src.federated.server: Global model updated with aggregated parameters.
2025-05-03 11:52:37,577 [INFO] src.federated.server: Evaluating updated global model...
2025-05-03 11:52:37,577 [INFO] src.core.quantum_manager: Server: Starting evaluation (model type: qnn).
2025-05-03 11:52:39,168 [INFO] src.federated.server: Round 14 completed in 16.47s. Eval Metrics: {'loss': 1.0861295801895026, 'accuracy': 0.2894736842105263}
2025-05-03 11:52:39,169 [INFO] src.federated.server: ===== Starting Round 15/15 =====
2025-05-03 11:52:39,169 [INFO] src.federated.server: Starting federated training round...
2025-05-03 11:52:39,169 [INFO] src.federated.server: Selected 3 clients out of 5 available (fraction=0.1, min_clients=3): ['qnn_client_3', 'qnn_client_0', 'qnn_client_1']
2025-05-03 11:52:39,170 [INFO] src.core.quantum_client: Client qnn_client_3: Starting local training (model type: qnn).
2025-05-03 11:52:39,170 [INFO] src.federated.client: Client qnn_client_3: Starting local training for 3 epochs. Proximal term mu=0.0.
2025-05-03 11:52:40,719 [INFO] src.federated.client: Client qnn_client_3 - Epoch 1/3 completed. Average Loss: 1.0707
2025-05-03 11:52:42,298 [INFO] src.federated.client: Client qnn_client_3 - Epoch 2/3 completed. Average Loss: 1.0672
2025-05-03 11:52:43,843 [INFO] src.federated.client: Client qnn_client_3 - Epoch 3/3 completed. Average Loss: 1.0639
2025-05-03 11:52:43,844 [INFO] src.federated.client: Client qnn_client_3: Local training finished. Processed 66 samples.
2025-05-03 11:52:43,853 [INFO] src.core.quantum_client: Client qnn_client_0: Starting local training (model type: qnn).
2025-05-03 11:52:43,855 [INFO] src.federated.client: Client qnn_client_0: Starting local training for 3 epochs. Proximal term mu=0.0.
2025-05-03 11:52:45,547 [INFO] src.federated.client: Client qnn_client_0 - Epoch 1/3 completed. Average Loss: 1.0821
2025-05-03 11:52:47,367 [INFO] src.federated.client: Client qnn_client_0 - Epoch 2/3 completed. Average Loss: 1.0796
2025-05-03 11:52:49,279 [INFO] src.federated.client: Client qnn_client_0 - Epoch 3/3 completed. Average Loss: 1.0771
2025-05-03 11:52:49,280 [INFO] src.federated.client: Client qnn_client_0: Local training finished. Processed 69 samples.
2025-05-03 11:52:49,292 [INFO] src.core.quantum_client: Client qnn_client_1: Starting local training (model type: qnn).
2025-05-03 11:52:49,293 [INFO] src.federated.client: Client qnn_client_1: Starting local training for 3 epochs. Proximal term mu=0.0.
2025-05-03 11:52:50,810 [INFO] src.federated.client: Client qnn_client_1 - Epoch 1/3 completed. Average Loss: 1.0654
2025-05-03 11:52:52,496 [INFO] src.federated.client: Client qnn_client_1 - Epoch 2/3 completed. Average Loss: 1.0618
2025-05-03 11:52:54,273 [INFO] src.federated.client: Client qnn_client_1 - Epoch 3/3 completed. Average Loss: 1.0581
2025-05-03 11:52:54,274 [INFO] src.federated.client: Client qnn_client_1: Local training finished. Processed 69 samples.
2025-05-03 11:52:54,286 [INFO] src.federated.server: Aggregating updates from 3 clients using FedAvg.
2025-05-03 11:52:54,291 [INFO] src.federated.aggregation: FedAvg: Aggregating updates from 3 clients.
2025-05-03 11:52:54,292 [INFO] src.federated.aggregation: FedAvg: Aggregation complete.
2025-05-03 11:52:54,293 [INFO] src.federated.server: Global model updated with aggregated parameters.
2025-05-03 11:52:54,293 [INFO] src.federated.server: Evaluating updated global model...
2025-05-03 11:52:54,294 [INFO] src.core.quantum_manager: Server: Starting evaluation (model type: qnn).
2025-05-03 11:52:55,932 [INFO] src.federated.server: Round 15 completed in 16.76s. Eval Metrics: {'loss': 1.0806501868035185, 'accuracy': 0.2894736842105263}
2025-05-03 11:52:55,932 [INFO] src.federated.server: Federated training process completed after 15 rounds.
2025-05-03 11:52:55,932 [INFO] ExperimentRunner: ========== Finished Iris_QNN_FedAvg_IID_PCA3 ==========

2025-05-03 11:52:55,965 [INFO] ExperimentRunner: All experiment results saved to /home/dhanraj/quantum_federated_simulator/experiments/results/experiment_results_20250503-115255.csv
2025-05-03 11:52:55,966 [INFO] ExperimentRunner: All Experiments Finished.
2025-05-03 11:52:56,078 [INFO] ExperimentRunner: Generating comparison plots...
2025-05-03 11:52:56,080 [WARNING] ExperimentRunner: Skipping plotting/analysis for failed experiment: Iris_MLP_FedAvg_NonIID_a0.3
2025-05-03 11:52:56,080 [WARNING] ExperimentRunner: Skipping plotting/analysis for failed experiment: Iris_MLP_FedDive_NonIID_a0.3
2025-05-03 11:52:56,080 [WARNING] ExperimentRunner: Skipping plotting/analysis for failed experiment: Iris_VQC_FedAvg_NonIID_a0.3
2025-05-03 11:52:56,795 [INFO] ExperimentRunner: Plot saved to /home/dhanraj/quantum_federated_simulator/experiments/visualizations/accuracy_curves/accuracy_vs_round.png
2025-05-03 11:52:57,231 [INFO] ExperimentRunner: Plot saved to /home/dhanraj/quantum_federated_simulator/experiments/visualizations/loss_curves/loss_vs_round.png
2025-05-03 11:52:57,754 [INFO] ExperimentRunner: Plot saved to /home/dhanraj/quantum_federated_simulator/experiments/visualizations/resource_usage/accuracy_vs_time.png
2025-05-03 11:52:58,299 [INFO] ExperimentRunner: Plot saved to /home/dhanraj/quantum_federated_simulator/experiments/visualizations/resource_usage/accuracy_vs_comm_upload.png
2025-05-03 11:52:58,607 [INFO] ExperimentRunner: Plot saved to /home/dhanraj/quantum_federated_simulator/experiments/visualizations/comparisons/final_accuracy_comparison.png
2025-05-03 11:52:58,907 [INFO] ExperimentRunner: Plot saved to /home/dhanraj/quantum_federated_simulator/experiments/visualizations/comparisons/total_time_comparison.png
2025-05-03 11:52:59,198 [INFO] ExperimentRunner: Plot saved to /home/dhanraj/quantum_federated_simulator/experiments/visualizations/comparisons/total_comm_comparison.png
2025-05-03 11:52:59,198 [INFO] ExperimentRunner: Script finished.
