2025-05-03 12:43:33,072 [INFO] ExperimentRunner: Starting All Experiments...
2025-05-03 12:43:33,072 [INFO] ExperimentRunner: Loading SMALL SUBSET of Iris data for testing...
2025-05-03 12:43:33,072 [INFO] src.utils.data_utils: Loading Iris data. Target features: None. Normalize: True
2025-05-03 12:43:33,075 [INFO] src.utils.data_utils: Using original 4 features (PCA not requested).
2025-05-03 12:43:33,075 [INFO] src.utils.data_utils: Applying MinMaxScaler to scale features to [-1, 1] range.
2025-05-03 12:43:33,077 [INFO] src.utils.data_utils: Iris data loaded. Train size: 112, Test size: 38, Features: 4
2025-05-03 12:43:33,078 [INFO] ExperimentRunner: Using subset: Train size=112, Test size=38
2025-05-03 12:43:33,078 [INFO] ExperimentRunner: ========== Starting Iris_MLP_FedAvg_IID ==========
2025-05-03 12:43:33,078 [INFO] ExperimentRunner: --- Setting up experiment: Iris_MLP_FedAvg_IID ---
2025-05-03 12:43:34,357 [INFO] src.utils.data_utils: Set random seed to 42
2025-05-03 12:43:34,360 [INFO] src.utils.data_utils: Successfully loaded configuration from /home/dhanraj/quantum_federated_simulator/configs/federated/server_config.yaml
2025-05-03 12:43:34,362 [INFO] src.utils.data_utils: Successfully loaded configuration from /home/dhanraj/quantum_federated_simulator/configs/federated/client_config.yaml
2025-05-03 12:43:34,364 [INFO] src.utils.data_utils: Successfully loaded configuration from /home/dhanraj/quantum_federated_simulator/configs/federated/default_aggregation.yaml
2025-05-03 12:43:34,365 [INFO] src.utils.data_utils: Partitioning data IID among 5 clients.
2025-05-03 12:43:34,365 [INFO] src.utils.data_utils: Data partitioning complete.
2025-05-03 12:43:34,365 [INFO] ExperimentRunner: Creating model of type: classical_mlp
2025-05-03 12:43:34,366 [INFO] src.federated.aggregation: Creating aggregation strategy of type: fedavg
2025-05-03 12:43:34,366 [INFO] ExperimentRunner: Using aggregation strategy: FedAvg
2025-05-03 12:43:34,644 [INFO] src.federated.server: Federated server initialized on device 'cuda' with aggregation strategy: FedAvg
2025-05-03 12:43:34,644 [INFO] ExperimentRunner: Creating model of type: classical_mlp
2025-05-03 12:43:34,645 [INFO] src.federated.client: Client classical_mlp_client_0 initialized on device 'cuda' with 23 samples.
2025-05-03 12:43:34,646 [INFO] src.federated.server: Registered client 'classical_mlp_client_0'. Total clients: 1.
2025-05-03 12:43:34,646 [INFO] ExperimentRunner: Creating model of type: classical_mlp
2025-05-03 12:43:34,646 [INFO] src.federated.client: Client classical_mlp_client_1 initialized on device 'cuda' with 23 samples.
2025-05-03 12:43:34,647 [INFO] src.federated.server: Registered client 'classical_mlp_client_1'. Total clients: 2.
2025-05-03 12:43:34,647 [INFO] ExperimentRunner: Creating model of type: classical_mlp
2025-05-03 12:43:34,647 [INFO] src.federated.client: Client classical_mlp_client_2 initialized on device 'cuda' with 22 samples.
2025-05-03 12:43:34,647 [INFO] src.federated.server: Registered client 'classical_mlp_client_2'. Total clients: 3.
2025-05-03 12:43:34,647 [INFO] ExperimentRunner: Creating model of type: classical_mlp
2025-05-03 12:43:34,648 [INFO] src.federated.client: Client classical_mlp_client_3 initialized on device 'cuda' with 22 samples.
2025-05-03 12:43:34,649 [INFO] src.federated.server: Registered client 'classical_mlp_client_3'. Total clients: 4.
2025-05-03 12:43:34,649 [INFO] ExperimentRunner: Creating model of type: classical_mlp
2025-05-03 12:43:34,649 [INFO] src.federated.client: Client classical_mlp_client_4 initialized on device 'cuda' with 22 samples.
2025-05-03 12:43:34,649 [INFO] src.federated.server: Registered client 'classical_mlp_client_4'. Total clients: 5.
2025-05-03 12:43:34,668 [INFO] ExperimentRunner: --- Scenario setup complete for Iris_MLP_FedAvg_IID ---
2025-05-03 12:43:34,668 [INFO] src.federated.server: Starting federated training process for 20 rounds.
2025-05-03 12:43:34,668 [INFO] src.federated.server: Config: local_epochs=5, client_fraction=0.1, min_clients=3, FedProx mu=0.0
2025-05-03 12:43:34,668 [INFO] src.federated.server: Performing initial evaluation of global model...
2025-05-03 12:43:34,768 [INFO] src.federated.server: Initial Evaluation Metrics: {'loss': 1.1071447060567248, 'accuracy': 0.34210526315789475}
2025-05-03 12:43:34,768 [INFO] src.federated.server: ===== Starting Round 1/20 =====
2025-05-03 12:43:34,768 [INFO] src.federated.server: Starting federated training round...
2025-05-03 12:43:34,768 [INFO] src.federated.server: Selected 3 clients out of 5 available (fraction=0.1, min_clients=3): ['classical_mlp_client_0', 'classical_mlp_client_4', 'classical_mlp_client_2']
2025-05-03 12:43:34,769 [INFO] src.federated.client: Client classical_mlp_client_0: Starting local training for 5 epochs. Proximal term mu=0.0.
2025-05-03 12:43:34,843 [INFO] src.federated.client: Client classical_mlp_client_0 - Epoch 1/5 completed. Average Loss: 1.1388
2025-05-03 12:43:34,847 [INFO] src.federated.client: Client classical_mlp_client_0 - Epoch 2/5 completed. Average Loss: 1.0651
2025-05-03 12:43:34,850 [INFO] src.federated.client: Client classical_mlp_client_0 - Epoch 3/5 completed. Average Loss: 0.9839
2025-05-03 12:43:34,852 [INFO] src.federated.client: Client classical_mlp_client_0 - Epoch 4/5 completed. Average Loss: 0.8804
2025-05-03 12:43:34,854 [INFO] src.federated.client: Client classical_mlp_client_0 - Epoch 5/5 completed. Average Loss: 0.7592
2025-05-03 12:43:34,855 [INFO] src.federated.client: Client classical_mlp_client_0: Local training finished. Processed 115 samples.
2025-05-03 12:43:34,855 [INFO] src.federated.client: Client classical_mlp_client_4: Starting local training for 5 epochs. Proximal term mu=0.0.
2025-05-03 12:43:34,859 [INFO] src.federated.client: Client classical_mlp_client_4 - Epoch 1/5 completed. Average Loss: 1.1130
2025-05-03 12:43:34,861 [INFO] src.federated.client: Client classical_mlp_client_4 - Epoch 2/5 completed. Average Loss: 1.0486
2025-05-03 12:43:34,864 [INFO] src.federated.client: Client classical_mlp_client_4 - Epoch 3/5 completed. Average Loss: 0.9783
2025-05-03 12:43:34,866 [INFO] src.federated.client: Client classical_mlp_client_4 - Epoch 4/5 completed. Average Loss: 0.8916
2025-05-03 12:43:34,869 [INFO] src.federated.client: Client classical_mlp_client_4 - Epoch 5/5 completed. Average Loss: 0.7962
2025-05-03 12:43:34,870 [INFO] src.federated.client: Client classical_mlp_client_4: Local training finished. Processed 110 samples.
2025-05-03 12:43:34,870 [INFO] src.federated.client: Client classical_mlp_client_2: Starting local training for 5 epochs. Proximal term mu=0.0.
2025-05-03 12:43:34,873 [INFO] src.federated.client: Client classical_mlp_client_2 - Epoch 1/5 completed. Average Loss: 1.1612
2025-05-03 12:43:34,875 [INFO] src.federated.client: Client classical_mlp_client_2 - Epoch 2/5 completed. Average Loss: 1.0913
2025-05-03 12:43:34,878 [INFO] src.federated.client: Client classical_mlp_client_2 - Epoch 3/5 completed. Average Loss: 1.0015
2025-05-03 12:43:34,880 [INFO] src.federated.client: Client classical_mlp_client_2 - Epoch 4/5 completed. Average Loss: 0.8955
2025-05-03 12:43:34,883 [INFO] src.federated.client: Client classical_mlp_client_2 - Epoch 5/5 completed. Average Loss: 0.7797
2025-05-03 12:43:34,883 [INFO] src.federated.client: Client classical_mlp_client_2: Local training finished. Processed 110 samples.
2025-05-03 12:43:34,883 [INFO] src.federated.server: Aggregating updates from 3 clients using FedAvg.
2025-05-03 12:43:34,884 [INFO] src.federated.aggregation: FedAvg: Aggregating updates from 3 clients.
2025-05-03 12:43:34,884 [INFO] src.federated.aggregation: FedAvg: Aggregation complete.
2025-05-03 12:43:34,885 [INFO] src.federated.server: Global model updated with aggregated parameters.
2025-05-03 12:43:34,885 [INFO] src.federated.server: Evaluating updated global model...
2025-05-03 12:43:34,887 [INFO] src.federated.server: Round 1 completed in 0.12s. Eval Metrics: {'loss': 0.7786551470311185, 'accuracy': 0.631578947368421}
2025-05-03 12:43:34,887 [INFO] src.federated.server: ===== Starting Round 2/20 =====
2025-05-03 12:43:34,887 [INFO] src.federated.server: Starting federated training round...
2025-05-03 12:43:34,887 [INFO] src.federated.server: Selected 3 clients out of 5 available (fraction=0.1, min_clients=3): ['classical_mlp_client_2', 'classical_mlp_client_1', 'classical_mlp_client_0']
2025-05-03 12:43:34,888 [INFO] src.federated.client: Client classical_mlp_client_2: Starting local training for 5 epochs. Proximal term mu=0.0.
2025-05-03 12:43:34,890 [INFO] src.federated.client: Client classical_mlp_client_2 - Epoch 1/5 completed. Average Loss: 0.7302
2025-05-03 12:43:34,893 [INFO] src.federated.client: Client classical_mlp_client_2 - Epoch 2/5 completed. Average Loss: 0.6174
2025-05-03 12:43:34,895 [INFO] src.federated.client: Client classical_mlp_client_2 - Epoch 3/5 completed. Average Loss: 0.5191
2025-05-03 12:43:34,897 [INFO] src.federated.client: Client classical_mlp_client_2 - Epoch 4/5 completed. Average Loss: 0.4372
2025-05-03 12:43:34,900 [INFO] src.federated.client: Client classical_mlp_client_2 - Epoch 5/5 completed. Average Loss: 0.3630
2025-05-03 12:43:34,900 [INFO] src.federated.client: Client classical_mlp_client_2: Local training finished. Processed 110 samples.
2025-05-03 12:43:34,901 [INFO] src.federated.client: Client classical_mlp_client_1: Starting local training for 5 epochs. Proximal term mu=0.0.
2025-05-03 12:43:34,904 [INFO] src.federated.client: Client classical_mlp_client_1 - Epoch 1/5 completed. Average Loss: 0.7959
2025-05-03 12:43:34,906 [INFO] src.federated.client: Client classical_mlp_client_1 - Epoch 2/5 completed. Average Loss: 0.6850
2025-05-03 12:43:34,909 [INFO] src.federated.client: Client classical_mlp_client_1 - Epoch 3/5 completed. Average Loss: 0.5874
2025-05-03 12:43:34,912 [INFO] src.federated.client: Client classical_mlp_client_1 - Epoch 4/5 completed. Average Loss: 0.5002
2025-05-03 12:43:34,914 [INFO] src.federated.client: Client classical_mlp_client_1 - Epoch 5/5 completed. Average Loss: 0.4190
2025-05-03 12:43:34,915 [INFO] src.federated.client: Client classical_mlp_client_1: Local training finished. Processed 115 samples.
2025-05-03 12:43:34,915 [INFO] src.federated.client: Client classical_mlp_client_0: Starting local training for 5 epochs. Proximal term mu=0.0.
2025-05-03 12:43:34,918 [INFO] src.federated.client: Client classical_mlp_client_0 - Epoch 1/5 completed. Average Loss: 0.6024
2025-05-03 12:43:34,920 [INFO] src.federated.client: Client classical_mlp_client_0 - Epoch 2/5 completed. Average Loss: 0.4796
2025-05-03 12:43:34,923 [INFO] src.federated.client: Client classical_mlp_client_0 - Epoch 3/5 completed. Average Loss: 0.3877
2025-05-03 12:43:34,925 [INFO] src.federated.client: Client classical_mlp_client_0 - Epoch 4/5 completed. Average Loss: 0.3321
2025-05-03 12:43:34,927 [INFO] src.federated.client: Client classical_mlp_client_0 - Epoch 5/5 completed. Average Loss: 0.2950
2025-05-03 12:43:34,928 [INFO] src.federated.client: Client classical_mlp_client_0: Local training finished. Processed 115 samples.
2025-05-03 12:43:34,928 [INFO] src.federated.server: Aggregating updates from 3 clients using FedAvg.
2025-05-03 12:43:34,928 [INFO] src.federated.aggregation: FedAvg: Aggregating updates from 3 clients.
2025-05-03 12:43:34,929 [INFO] src.federated.aggregation: FedAvg: Aggregation complete.
2025-05-03 12:43:34,929 [INFO] src.federated.server: Global model updated with aggregated parameters.
2025-05-03 12:43:34,929 [INFO] src.federated.server: Evaluating updated global model...
2025-05-03 12:43:34,931 [INFO] src.federated.server: Round 2 completed in 0.04s. Eval Metrics: {'loss': 0.4607289982476303, 'accuracy': 0.7894736842105263}
2025-05-03 12:43:34,931 [INFO] src.federated.server: ===== Starting Round 3/20 =====
2025-05-03 12:43:34,931 [INFO] src.federated.server: Starting federated training round...
2025-05-03 12:43:34,931 [INFO] src.federated.server: Selected 3 clients out of 5 available (fraction=0.1, min_clients=3): ['classical_mlp_client_1', 'classical_mlp_client_0', 'classical_mlp_client_2']
2025-05-03 12:43:34,932 [INFO] src.federated.client: Client classical_mlp_client_1: Starting local training for 5 epochs. Proximal term mu=0.0.
2025-05-03 12:43:34,934 [INFO] src.federated.client: Client classical_mlp_client_1 - Epoch 1/5 completed. Average Loss: 0.4466
2025-05-03 12:43:34,937 [INFO] src.federated.client: Client classical_mlp_client_1 - Epoch 2/5 completed. Average Loss: 0.3626
2025-05-03 12:43:34,939 [INFO] src.federated.client: Client classical_mlp_client_1 - Epoch 3/5 completed. Average Loss: 0.2980
2025-05-03 12:43:34,942 [INFO] src.federated.client: Client classical_mlp_client_1 - Epoch 4/5 completed. Average Loss: 0.2565
2025-05-03 12:43:34,945 [INFO] src.federated.client: Client classical_mlp_client_1 - Epoch 5/5 completed. Average Loss: 0.2205
2025-05-03 12:43:34,945 [INFO] src.federated.client: Client classical_mlp_client_1: Local training finished. Processed 115 samples.
2025-05-03 12:43:34,946 [INFO] src.federated.client: Client classical_mlp_client_0: Starting local training for 5 epochs. Proximal term mu=0.0.
2025-05-03 12:43:34,949 [INFO] src.federated.client: Client classical_mlp_client_0 - Epoch 1/5 completed. Average Loss: 0.2067
2025-05-03 12:43:34,951 [INFO] src.federated.client: Client classical_mlp_client_0 - Epoch 2/5 completed. Average Loss: 0.1750
2025-05-03 12:43:34,954 [INFO] src.federated.client: Client classical_mlp_client_0 - Epoch 3/5 completed. Average Loss: 0.1459
2025-05-03 12:43:34,956 [INFO] src.federated.client: Client classical_mlp_client_0 - Epoch 4/5 completed. Average Loss: 0.1182
2025-05-03 12:43:34,958 [INFO] src.federated.client: Client classical_mlp_client_0 - Epoch 5/5 completed. Average Loss: 0.0932
2025-05-03 12:43:34,959 [INFO] src.federated.client: Client classical_mlp_client_0: Local training finished. Processed 115 samples.
2025-05-03 12:43:34,959 [INFO] src.federated.client: Client classical_mlp_client_2: Starting local training for 5 epochs. Proximal term mu=0.0.
2025-05-03 12:43:34,962 [INFO] src.federated.client: Client classical_mlp_client_2 - Epoch 1/5 completed. Average Loss: 0.3216
2025-05-03 12:43:34,964 [INFO] src.federated.client: Client classical_mlp_client_2 - Epoch 2/5 completed. Average Loss: 0.2469
2025-05-03 12:43:34,966 [INFO] src.federated.client: Client classical_mlp_client_2 - Epoch 3/5 completed. Average Loss: 0.1822
2025-05-03 12:43:34,968 [INFO] src.federated.client: Client classical_mlp_client_2 - Epoch 4/5 completed. Average Loss: 0.1326
2025-05-03 12:43:34,971 [INFO] src.federated.client: Client classical_mlp_client_2 - Epoch 5/5 completed. Average Loss: 0.0996
2025-05-03 12:43:34,971 [INFO] src.federated.client: Client classical_mlp_client_2: Local training finished. Processed 110 samples.
2025-05-03 12:43:34,971 [INFO] src.federated.server: Aggregating updates from 3 clients using FedAvg.
2025-05-03 12:43:34,971 [INFO] src.federated.aggregation: FedAvg: Aggregating updates from 3 clients.
2025-05-03 12:43:34,972 [INFO] src.federated.aggregation: FedAvg: Aggregation complete.
2025-05-03 12:43:34,972 [INFO] src.federated.server: Global model updated with aggregated parameters.
2025-05-03 12:43:34,972 [INFO] src.federated.server: Evaluating updated global model...
2025-05-03 12:43:34,974 [INFO] src.federated.server: Round 3 completed in 0.04s. Eval Metrics: {'loss': 0.23502668269296165, 'accuracy': 0.9210526315789473}
2025-05-03 12:43:34,974 [INFO] src.federated.server: ===== Starting Round 4/20 =====
2025-05-03 12:43:34,974 [INFO] src.federated.server: Starting federated training round...
2025-05-03 12:43:34,974 [INFO] src.federated.server: Selected 3 clients out of 5 available (fraction=0.1, min_clients=3): ['classical_mlp_client_4', 'classical_mlp_client_0', 'classical_mlp_client_2']
2025-05-03 12:43:34,975 [INFO] src.federated.client: Client classical_mlp_client_4: Starting local training for 5 epochs. Proximal term mu=0.0.
2025-05-03 12:43:34,978 [INFO] src.federated.client: Client classical_mlp_client_4 - Epoch 1/5 completed. Average Loss: 0.1668
2025-05-03 12:43:34,980 [INFO] src.federated.client: Client classical_mlp_client_4 - Epoch 2/5 completed. Average Loss: 0.1402
2025-05-03 12:43:34,983 [INFO] src.federated.client: Client classical_mlp_client_4 - Epoch 3/5 completed. Average Loss: 0.1238
2025-05-03 12:43:34,985 [INFO] src.federated.client: Client classical_mlp_client_4 - Epoch 4/5 completed. Average Loss: 0.0996
2025-05-03 12:43:34,987 [INFO] src.federated.client: Client classical_mlp_client_4 - Epoch 5/5 completed. Average Loss: 0.0876
2025-05-03 12:43:34,988 [INFO] src.federated.client: Client classical_mlp_client_4: Local training finished. Processed 110 samples.
2025-05-03 12:43:34,988 [INFO] src.federated.client: Client classical_mlp_client_0: Starting local training for 5 epochs. Proximal term mu=0.0.
2025-05-03 12:43:34,991 [INFO] src.federated.client: Client classical_mlp_client_0 - Epoch 1/5 completed. Average Loss: 0.0716
2025-05-03 12:43:34,994 [INFO] src.federated.client: Client classical_mlp_client_0 - Epoch 2/5 completed. Average Loss: 0.0528
2025-05-03 12:43:34,997 [INFO] src.federated.client: Client classical_mlp_client_0 - Epoch 3/5 completed. Average Loss: 0.0380
2025-05-03 12:43:34,999 [INFO] src.federated.client: Client classical_mlp_client_0 - Epoch 4/5 completed. Average Loss: 0.0285
2025-05-03 12:43:35,001 [INFO] src.federated.client: Client classical_mlp_client_0 - Epoch 5/5 completed. Average Loss: 0.0210
2025-05-03 12:43:35,001 [INFO] src.federated.client: Client classical_mlp_client_0: Local training finished. Processed 115 samples.
2025-05-03 12:43:35,002 [INFO] src.federated.client: Client classical_mlp_client_2: Starting local training for 5 epochs. Proximal term mu=0.0.
2025-05-03 12:43:35,005 [INFO] src.federated.client: Client classical_mlp_client_2 - Epoch 1/5 completed. Average Loss: 0.0754
2025-05-03 12:43:35,007 [INFO] src.federated.client: Client classical_mlp_client_2 - Epoch 2/5 completed. Average Loss: 0.0547
2025-05-03 12:43:35,009 [INFO] src.federated.client: Client classical_mlp_client_2 - Epoch 3/5 completed. Average Loss: 0.0399
2025-05-03 12:43:35,012 [INFO] src.federated.client: Client classical_mlp_client_2 - Epoch 4/5 completed. Average Loss: 0.0296
2025-05-03 12:43:35,015 [INFO] src.federated.client: Client classical_mlp_client_2 - Epoch 5/5 completed. Average Loss: 0.0231
2025-05-03 12:43:35,015 [INFO] src.federated.client: Client classical_mlp_client_2: Local training finished. Processed 110 samples.
2025-05-03 12:43:35,015 [INFO] src.federated.server: Aggregating updates from 3 clients using FedAvg.
2025-05-03 12:43:35,016 [INFO] src.federated.aggregation: FedAvg: Aggregating updates from 3 clients.
2025-05-03 12:43:35,016 [INFO] src.federated.aggregation: FedAvg: Aggregation complete.
2025-05-03 12:43:35,017 [INFO] src.federated.server: Global model updated with aggregated parameters.
2025-05-03 12:43:35,017 [INFO] src.federated.server: Evaluating updated global model...
2025-05-03 12:43:35,018 [INFO] src.federated.server: Round 4 completed in 0.04s. Eval Metrics: {'loss': 0.1679410223025464, 'accuracy': 0.9210526315789473}
2025-05-03 12:43:35,019 [INFO] src.federated.server: ===== Starting Round 5/20 =====
2025-05-03 12:43:35,019 [INFO] src.federated.server: Starting federated training round...
2025-05-03 12:43:35,019 [INFO] src.federated.server: Selected 3 clients out of 5 available (fraction=0.1, min_clients=3): ['classical_mlp_client_3', 'classical_mlp_client_0', 'classical_mlp_client_4']
2025-05-03 12:43:35,019 [INFO] src.federated.client: Client classical_mlp_client_3: Starting local training for 5 epochs. Proximal term mu=0.0.
2025-05-03 12:43:35,022 [INFO] src.federated.client: Client classical_mlp_client_3 - Epoch 1/5 completed. Average Loss: 0.0778
2025-05-03 12:43:35,024 [INFO] src.federated.client: Client classical_mlp_client_3 - Epoch 2/5 completed. Average Loss: 0.0424
2025-05-03 12:43:35,026 [INFO] src.federated.client: Client classical_mlp_client_3 - Epoch 3/5 completed. Average Loss: 0.0607
2025-05-03 12:43:35,028 [INFO] src.federated.client: Client classical_mlp_client_3 - Epoch 4/5 completed. Average Loss: 0.0405
2025-05-03 12:43:35,031 [INFO] src.federated.client: Client classical_mlp_client_3 - Epoch 5/5 completed. Average Loss: 0.0223
2025-05-03 12:43:35,031 [INFO] src.federated.client: Client classical_mlp_client_3: Local training finished. Processed 110 samples.
2025-05-03 12:43:35,032 [INFO] src.federated.client: Client classical_mlp_client_0: Starting local training for 5 epochs. Proximal term mu=0.0.
2025-05-03 12:43:35,035 [INFO] src.federated.client: Client classical_mlp_client_0 - Epoch 1/5 completed. Average Loss: 0.0204
2025-05-03 12:43:35,038 [INFO] src.federated.client: Client classical_mlp_client_0 - Epoch 2/5 completed. Average Loss: 0.0141
2025-05-03 12:43:35,041 [INFO] src.federated.client: Client classical_mlp_client_0 - Epoch 3/5 completed. Average Loss: 0.0098
2025-05-03 12:43:35,043 [INFO] src.federated.client: Client classical_mlp_client_0 - Epoch 4/5 completed. Average Loss: 0.0070
2025-05-03 12:43:35,045 [INFO] src.federated.client: Client classical_mlp_client_0 - Epoch 5/5 completed. Average Loss: 0.0050
2025-05-03 12:43:35,046 [INFO] src.federated.client: Client classical_mlp_client_0: Local training finished. Processed 115 samples.
2025-05-03 12:43:35,046 [INFO] src.federated.client: Client classical_mlp_client_4: Starting local training for 5 epochs. Proximal term mu=0.0.
2025-05-03 12:43:35,049 [INFO] src.federated.client: Client classical_mlp_client_4 - Epoch 1/5 completed. Average Loss: 0.0750
2025-05-03 12:43:35,051 [INFO] src.federated.client: Client classical_mlp_client_4 - Epoch 2/5 completed. Average Loss: 0.0643
2025-05-03 12:43:35,054 [INFO] src.federated.client: Client classical_mlp_client_4 - Epoch 3/5 completed. Average Loss: 0.0621
2025-05-03 12:43:35,056 [INFO] src.federated.client: Client classical_mlp_client_4 - Epoch 4/5 completed. Average Loss: 0.0519
2025-05-03 12:43:35,058 [INFO] src.federated.client: Client classical_mlp_client_4 - Epoch 5/5 completed. Average Loss: 0.0458
2025-05-03 12:43:35,059 [INFO] src.federated.client: Client classical_mlp_client_4: Local training finished. Processed 110 samples.
2025-05-03 12:43:35,059 [INFO] src.federated.server: Aggregating updates from 3 clients using FedAvg.
2025-05-03 12:43:35,059 [INFO] src.federated.aggregation: FedAvg: Aggregating updates from 3 clients.
2025-05-03 12:43:35,060 [INFO] src.federated.aggregation: FedAvg: Aggregation complete.
2025-05-03 12:43:35,060 [INFO] src.federated.server: Global model updated with aggregated parameters.
2025-05-03 12:43:35,060 [INFO] src.federated.server: Evaluating updated global model...
2025-05-03 12:43:35,062 [INFO] src.federated.server: Round 5 completed in 0.04s. Eval Metrics: {'loss': 0.135836374817623, 'accuracy': 0.9210526315789473}
2025-05-03 12:43:35,062 [INFO] src.federated.server: ===== Starting Round 6/20 =====
2025-05-03 12:43:35,062 [INFO] src.federated.server: Starting federated training round...
2025-05-03 12:43:35,062 [INFO] src.federated.server: Selected 3 clients out of 5 available (fraction=0.1, min_clients=3): ['classical_mlp_client_0', 'classical_mlp_client_1', 'classical_mlp_client_4']
2025-05-03 12:43:35,063 [INFO] src.federated.client: Client classical_mlp_client_0: Starting local training for 5 epochs. Proximal term mu=0.0.
2025-05-03 12:43:35,066 [INFO] src.federated.client: Client classical_mlp_client_0 - Epoch 1/5 completed. Average Loss: 0.0077
2025-05-03 12:43:35,069 [INFO] src.federated.client: Client classical_mlp_client_0 - Epoch 2/5 completed. Average Loss: 0.0050
2025-05-03 12:43:35,071 [INFO] src.federated.client: Client classical_mlp_client_0 - Epoch 3/5 completed. Average Loss: 0.0031
2025-05-03 12:43:35,073 [INFO] src.federated.client: Client classical_mlp_client_0 - Epoch 4/5 completed. Average Loss: 0.0020
2025-05-03 12:43:35,076 [INFO] src.federated.client: Client classical_mlp_client_0 - Epoch 5/5 completed. Average Loss: 0.0015
2025-05-03 12:43:35,077 [INFO] src.federated.client: Client classical_mlp_client_0: Local training finished. Processed 115 samples.
2025-05-03 12:43:35,077 [INFO] src.federated.client: Client classical_mlp_client_1: Starting local training for 5 epochs. Proximal term mu=0.0.
2025-05-03 12:43:35,080 [INFO] src.federated.client: Client classical_mlp_client_1 - Epoch 1/5 completed. Average Loss: 0.1729
2025-05-03 12:43:35,082 [INFO] src.federated.client: Client classical_mlp_client_1 - Epoch 2/5 completed. Average Loss: 0.1602
2025-05-03 12:43:35,085 [INFO] src.federated.client: Client classical_mlp_client_1 - Epoch 3/5 completed. Average Loss: 0.1355
2025-05-03 12:43:35,087 [INFO] src.federated.client: Client classical_mlp_client_1 - Epoch 4/5 completed. Average Loss: 0.1068
2025-05-03 12:43:35,089 [INFO] src.federated.client: Client classical_mlp_client_1 - Epoch 5/5 completed. Average Loss: 0.0829
2025-05-03 12:43:35,090 [INFO] src.federated.client: Client classical_mlp_client_1: Local training finished. Processed 115 samples.
2025-05-03 12:43:35,091 [INFO] src.federated.client: Client classical_mlp_client_4: Starting local training for 5 epochs. Proximal term mu=0.0.
2025-05-03 12:43:35,093 [INFO] src.federated.client: Client classical_mlp_client_4 - Epoch 1/5 completed. Average Loss: 0.0672
2025-05-03 12:43:35,096 [INFO] src.federated.client: Client classical_mlp_client_4 - Epoch 2/5 completed. Average Loss: 0.0474
2025-05-03 12:43:35,098 [INFO] src.federated.client: Client classical_mlp_client_4 - Epoch 3/5 completed. Average Loss: 0.0417
2025-05-03 12:43:35,100 [INFO] src.federated.client: Client classical_mlp_client_4 - Epoch 4/5 completed. Average Loss: 0.0462
2025-05-03 12:43:35,103 [INFO] src.federated.client: Client classical_mlp_client_4 - Epoch 5/5 completed. Average Loss: 0.0349
2025-05-03 12:43:35,103 [INFO] src.federated.client: Client classical_mlp_client_4: Local training finished. Processed 110 samples.
2025-05-03 12:43:35,103 [INFO] src.federated.server: Aggregating updates from 3 clients using FedAvg.
2025-05-03 12:43:35,103 [INFO] src.federated.aggregation: FedAvg: Aggregating updates from 3 clients.
2025-05-03 12:43:35,104 [INFO] src.federated.aggregation: FedAvg: Aggregation complete.
2025-05-03 12:43:35,105 [INFO] src.federated.server: Global model updated with aggregated parameters.
2025-05-03 12:43:35,105 [INFO] src.federated.server: Evaluating updated global model...
2025-05-03 12:43:35,106 [INFO] src.federated.server: Round 6 completed in 0.04s. Eval Metrics: {'loss': 0.14153523343593982, 'accuracy': 0.9210526315789473}
2025-05-03 12:43:35,106 [INFO] src.federated.server: ===== Starting Round 7/20 =====
2025-05-03 12:43:35,106 [INFO] src.federated.server: Starting federated training round...
2025-05-03 12:43:35,106 [INFO] src.federated.server: Selected 3 clients out of 5 available (fraction=0.1, min_clients=3): ['classical_mlp_client_4', 'classical_mlp_client_0', 'classical_mlp_client_2']
2025-05-03 12:43:35,107 [INFO] src.federated.client: Client classical_mlp_client_4: Starting local training for 5 epochs. Proximal term mu=0.0.
2025-05-03 12:43:35,110 [INFO] src.federated.client: Client classical_mlp_client_4 - Epoch 1/5 completed. Average Loss: 0.0410
2025-05-03 12:43:35,112 [INFO] src.federated.client: Client classical_mlp_client_4 - Epoch 2/5 completed. Average Loss: 0.0405
2025-05-03 12:43:35,114 [INFO] src.federated.client: Client classical_mlp_client_4 - Epoch 3/5 completed. Average Loss: 0.0386
2025-05-03 12:43:35,117 [INFO] src.federated.client: Client classical_mlp_client_4 - Epoch 4/5 completed. Average Loss: 0.0276
2025-05-03 12:43:35,120 [INFO] src.federated.client: Client classical_mlp_client_4 - Epoch 5/5 completed. Average Loss: 0.0225
2025-05-03 12:43:35,120 [INFO] src.federated.client: Client classical_mlp_client_4: Local training finished. Processed 110 samples.
2025-05-03 12:43:35,121 [INFO] src.federated.client: Client classical_mlp_client_0: Starting local training for 5 epochs. Proximal term mu=0.0.
2025-05-03 12:43:35,124 [INFO] src.federated.client: Client classical_mlp_client_0 - Epoch 1/5 completed. Average Loss: 0.0017
2025-05-03 12:43:35,127 [INFO] src.federated.client: Client classical_mlp_client_0 - Epoch 2/5 completed. Average Loss: 0.0014
2025-05-03 12:43:35,130 [INFO] src.federated.client: Client classical_mlp_client_0 - Epoch 3/5 completed. Average Loss: 0.0011
2025-05-03 12:43:35,133 [INFO] src.federated.client: Client classical_mlp_client_0 - Epoch 4/5 completed. Average Loss: 0.0008
2025-05-03 12:43:35,135 [INFO] src.federated.client: Client classical_mlp_client_0 - Epoch 5/5 completed. Average Loss: 0.0006
2025-05-03 12:43:35,135 [INFO] src.federated.client: Client classical_mlp_client_0: Local training finished. Processed 115 samples.
2025-05-03 12:43:35,136 [INFO] src.federated.client: Client classical_mlp_client_2: Starting local training for 5 epochs. Proximal term mu=0.0.
2025-05-03 12:43:35,139 [INFO] src.federated.client: Client classical_mlp_client_2 - Epoch 1/5 completed. Average Loss: 0.0065
2025-05-03 12:43:35,141 [INFO] src.federated.client: Client classical_mlp_client_2 - Epoch 2/5 completed. Average Loss: 0.0035
2025-05-03 12:43:35,144 [INFO] src.federated.client: Client classical_mlp_client_2 - Epoch 3/5 completed. Average Loss: 0.0026
2025-05-03 12:43:35,147 [INFO] src.federated.client: Client classical_mlp_client_2 - Epoch 4/5 completed. Average Loss: 0.0027
2025-05-03 12:43:35,149 [INFO] src.federated.client: Client classical_mlp_client_2 - Epoch 5/5 completed. Average Loss: 0.0027
2025-05-03 12:43:35,150 [INFO] src.federated.client: Client classical_mlp_client_2: Local training finished. Processed 110 samples.
2025-05-03 12:43:35,150 [INFO] src.federated.server: Aggregating updates from 3 clients using FedAvg.
2025-05-03 12:43:35,150 [INFO] src.federated.aggregation: FedAvg: Aggregating updates from 3 clients.
2025-05-03 12:43:35,151 [INFO] src.federated.aggregation: FedAvg: Aggregation complete.
2025-05-03 12:43:35,151 [INFO] src.federated.server: Global model updated with aggregated parameters.
2025-05-03 12:43:35,151 [INFO] src.federated.server: Evaluating updated global model...
2025-05-03 12:43:35,153 [INFO] src.federated.server: Round 7 completed in 0.05s. Eval Metrics: {'loss': 0.15324284483540818, 'accuracy': 0.9210526315789473}
2025-05-03 12:43:35,153 [INFO] src.federated.server: ===== Starting Round 8/20 =====
2025-05-03 12:43:35,153 [INFO] src.federated.server: Starting federated training round...
2025-05-03 12:43:35,153 [INFO] src.federated.server: Selected 3 clients out of 5 available (fraction=0.1, min_clients=3): ['classical_mlp_client_1', 'classical_mlp_client_3', 'classical_mlp_client_0']
2025-05-03 12:43:35,154 [INFO] src.federated.client: Client classical_mlp_client_1: Starting local training for 5 epochs. Proximal term mu=0.0.
2025-05-03 12:43:35,157 [INFO] src.federated.client: Client classical_mlp_client_1 - Epoch 1/5 completed. Average Loss: 0.1712
2025-05-03 12:43:35,160 [INFO] src.federated.client: Client classical_mlp_client_1 - Epoch 2/5 completed. Average Loss: 0.1216
2025-05-03 12:43:35,162 [INFO] src.federated.client: Client classical_mlp_client_1 - Epoch 3/5 completed. Average Loss: 0.0830
2025-05-03 12:43:35,165 [INFO] src.federated.client: Client classical_mlp_client_1 - Epoch 4/5 completed. Average Loss: 0.0544
2025-05-03 12:43:35,168 [INFO] src.federated.client: Client classical_mlp_client_1 - Epoch 5/5 completed. Average Loss: 0.0326
2025-05-03 12:43:35,169 [INFO] src.federated.client: Client classical_mlp_client_1: Local training finished. Processed 115 samples.
2025-05-03 12:43:35,170 [INFO] src.federated.client: Client classical_mlp_client_3: Starting local training for 5 epochs. Proximal term mu=0.0.
2025-05-03 12:43:35,172 [INFO] src.federated.client: Client classical_mlp_client_3 - Epoch 1/5 completed. Average Loss: 0.1249
2025-05-03 12:43:35,175 [INFO] src.federated.client: Client classical_mlp_client_3 - Epoch 2/5 completed. Average Loss: 0.0784
2025-05-03 12:43:35,178 [INFO] src.federated.client: Client classical_mlp_client_3 - Epoch 3/5 completed. Average Loss: 0.0184
2025-05-03 12:43:35,181 [INFO] src.federated.client: Client classical_mlp_client_3 - Epoch 4/5 completed. Average Loss: 0.0023
2025-05-03 12:43:35,184 [INFO] src.federated.client: Client classical_mlp_client_3 - Epoch 5/5 completed. Average Loss: 0.0023
2025-05-03 12:43:35,184 [INFO] src.federated.client: Client classical_mlp_client_3: Local training finished. Processed 110 samples.
2025-05-03 12:43:35,185 [INFO] src.federated.client: Client classical_mlp_client_0: Starting local training for 5 epochs. Proximal term mu=0.0.
2025-05-03 12:43:35,188 [INFO] src.federated.client: Client classical_mlp_client_0 - Epoch 1/5 completed. Average Loss: 0.0005
2025-05-03 12:43:35,192 [INFO] src.federated.client: Client classical_mlp_client_0 - Epoch 2/5 completed. Average Loss: 0.0004
2025-05-03 12:43:35,195 [INFO] src.federated.client: Client classical_mlp_client_0 - Epoch 3/5 completed. Average Loss: 0.0003
2025-05-03 12:43:35,198 [INFO] src.federated.client: Client classical_mlp_client_0 - Epoch 4/5 completed. Average Loss: 0.0003
2025-05-03 12:43:35,200 [INFO] src.federated.client: Client classical_mlp_client_0 - Epoch 5/5 completed. Average Loss: 0.0002
2025-05-03 12:43:35,201 [INFO] src.federated.client: Client classical_mlp_client_0: Local training finished. Processed 115 samples.
2025-05-03 12:43:35,201 [INFO] src.federated.server: Aggregating updates from 3 clients using FedAvg.
2025-05-03 12:43:35,201 [INFO] src.federated.aggregation: FedAvg: Aggregating updates from 3 clients.
2025-05-03 12:43:35,202 [INFO] src.federated.aggregation: FedAvg: Aggregation complete.
2025-05-03 12:43:35,203 [INFO] src.federated.server: Global model updated with aggregated parameters.
2025-05-03 12:43:35,203 [INFO] src.federated.server: Evaluating updated global model...
2025-05-03 12:43:35,204 [INFO] src.federated.server: Round 8 completed in 0.05s. Eval Metrics: {'loss': 0.1099010876058975, 'accuracy': 0.9736842105263158}
2025-05-03 12:43:35,205 [INFO] src.federated.server: ===== Starting Round 9/20 =====
2025-05-03 12:43:35,205 [INFO] src.federated.server: Starting federated training round...
2025-05-03 12:43:35,205 [INFO] src.federated.server: Selected 3 clients out of 5 available (fraction=0.1, min_clients=3): ['classical_mlp_client_3', 'classical_mlp_client_2', 'classical_mlp_client_0']
2025-05-03 12:43:35,206 [INFO] src.federated.client: Client classical_mlp_client_3: Starting local training for 5 epochs. Proximal term mu=0.0.
2025-05-03 12:43:35,209 [INFO] src.federated.client: Client classical_mlp_client_3 - Epoch 1/5 completed. Average Loss: 0.0183
2025-05-03 12:43:35,211 [INFO] src.federated.client: Client classical_mlp_client_3 - Epoch 2/5 completed. Average Loss: 0.0022
2025-05-03 12:43:35,215 [INFO] src.federated.client: Client classical_mlp_client_3 - Epoch 3/5 completed. Average Loss: 0.0010
2025-05-03 12:43:35,217 [INFO] src.federated.client: Client classical_mlp_client_3 - Epoch 4/5 completed. Average Loss: 0.0032
2025-05-03 12:43:35,221 [INFO] src.federated.client: Client classical_mlp_client_3 - Epoch 5/5 completed. Average Loss: 0.0106
2025-05-03 12:43:35,221 [INFO] src.federated.client: Client classical_mlp_client_3: Local training finished. Processed 110 samples.
2025-05-03 12:43:35,222 [INFO] src.federated.client: Client classical_mlp_client_2: Starting local training for 5 epochs. Proximal term mu=0.0.
2025-05-03 12:43:35,226 [INFO] src.federated.client: Client classical_mlp_client_2 - Epoch 1/5 completed. Average Loss: 0.0384
2025-05-03 12:43:35,231 [INFO] src.federated.client: Client classical_mlp_client_2 - Epoch 2/5 completed. Average Loss: 0.0073
2025-05-03 12:43:35,234 [INFO] src.federated.client: Client classical_mlp_client_2 - Epoch 3/5 completed. Average Loss: 0.0015
2025-05-03 12:43:35,237 [INFO] src.federated.client: Client classical_mlp_client_2 - Epoch 4/5 completed. Average Loss: 0.0043
2025-05-03 12:43:35,239 [INFO] src.federated.client: Client classical_mlp_client_2 - Epoch 5/5 completed. Average Loss: 0.0135
2025-05-03 12:43:35,240 [INFO] src.federated.client: Client classical_mlp_client_2: Local training finished. Processed 110 samples.
2025-05-03 12:43:35,241 [INFO] src.federated.client: Client classical_mlp_client_0: Starting local training for 5 epochs. Proximal term mu=0.0.
2025-05-03 12:43:35,244 [INFO] src.federated.client: Client classical_mlp_client_0 - Epoch 1/5 completed. Average Loss: 0.0014
2025-05-03 12:43:35,246 [INFO] src.federated.client: Client classical_mlp_client_0 - Epoch 2/5 completed. Average Loss: 0.0009
2025-05-03 12:43:35,250 [INFO] src.federated.client: Client classical_mlp_client_0 - Epoch 3/5 completed. Average Loss: 0.0006
2025-05-03 12:43:35,253 [INFO] src.federated.client: Client classical_mlp_client_0 - Epoch 4/5 completed. Average Loss: 0.0004
2025-05-03 12:43:35,256 [INFO] src.federated.client: Client classical_mlp_client_0 - Epoch 5/5 completed. Average Loss: 0.0002
2025-05-03 12:43:35,257 [INFO] src.federated.client: Client classical_mlp_client_0: Local training finished. Processed 115 samples.
2025-05-03 12:43:35,257 [INFO] src.federated.server: Aggregating updates from 3 clients using FedAvg.
2025-05-03 12:43:35,257 [INFO] src.federated.aggregation: FedAvg: Aggregating updates from 3 clients.
2025-05-03 12:43:35,258 [INFO] src.federated.aggregation: FedAvg: Aggregation complete.
2025-05-03 12:43:35,258 [INFO] src.federated.server: Global model updated with aggregated parameters.
2025-05-03 12:43:35,258 [INFO] src.federated.server: Evaluating updated global model...
2025-05-03 12:43:35,260 [INFO] src.federated.server: Round 9 completed in 0.06s. Eval Metrics: {'loss': 0.12231859763114156, 'accuracy': 0.9736842105263158}
2025-05-03 12:43:35,260 [INFO] src.federated.server: ===== Starting Round 10/20 =====
2025-05-03 12:43:35,260 [INFO] src.federated.server: Starting federated training round...
2025-05-03 12:43:35,261 [INFO] src.federated.server: Selected 3 clients out of 5 available (fraction=0.1, min_clients=3): ['classical_mlp_client_1', 'classical_mlp_client_3', 'classical_mlp_client_4']
2025-05-03 12:43:35,262 [INFO] src.federated.client: Client classical_mlp_client_1: Starting local training for 5 epochs. Proximal term mu=0.0.
2025-05-03 12:43:35,265 [INFO] src.federated.client: Client classical_mlp_client_1 - Epoch 1/5 completed. Average Loss: 0.2364
2025-05-03 12:43:35,268 [INFO] src.federated.client: Client classical_mlp_client_1 - Epoch 2/5 completed. Average Loss: 0.0843
2025-05-03 12:43:35,271 [INFO] src.federated.client: Client classical_mlp_client_1 - Epoch 3/5 completed. Average Loss: 0.0618
2025-05-03 12:43:35,274 [INFO] src.federated.client: Client classical_mlp_client_1 - Epoch 4/5 completed. Average Loss: 0.1118
2025-05-03 12:43:35,277 [INFO] src.federated.client: Client classical_mlp_client_1 - Epoch 5/5 completed. Average Loss: 0.1099
2025-05-03 12:43:35,278 [INFO] src.federated.client: Client classical_mlp_client_1: Local training finished. Processed 115 samples.
2025-05-03 12:43:35,278 [INFO] src.federated.client: Client classical_mlp_client_3: Starting local training for 5 epochs. Proximal term mu=0.0.
2025-05-03 12:43:35,281 [INFO] src.federated.client: Client classical_mlp_client_3 - Epoch 1/5 completed. Average Loss: 0.0143
2025-05-03 12:43:35,284 [INFO] src.federated.client: Client classical_mlp_client_3 - Epoch 2/5 completed. Average Loss: 0.0034
2025-05-03 12:43:35,287 [INFO] src.federated.client: Client classical_mlp_client_3 - Epoch 3/5 completed. Average Loss: 0.0008
2025-05-03 12:43:35,290 [INFO] src.federated.client: Client classical_mlp_client_3 - Epoch 4/5 completed. Average Loss: 0.0005
2025-05-03 12:43:35,293 [INFO] src.federated.client: Client classical_mlp_client_3 - Epoch 5/5 completed. Average Loss: 0.0009
2025-05-03 12:43:35,293 [INFO] src.federated.client: Client classical_mlp_client_3: Local training finished. Processed 110 samples.
2025-05-03 12:43:35,294 [INFO] src.federated.client: Client classical_mlp_client_4: Starting local training for 5 epochs. Proximal term mu=0.0.
2025-05-03 12:43:35,297 [INFO] src.federated.client: Client classical_mlp_client_4 - Epoch 1/5 completed. Average Loss: 0.1949
2025-05-03 12:43:35,300 [INFO] src.federated.client: Client classical_mlp_client_4 - Epoch 2/5 completed. Average Loss: 0.0839
2025-05-03 12:43:35,302 [INFO] src.federated.client: Client classical_mlp_client_4 - Epoch 3/5 completed. Average Loss: 0.0220
2025-05-03 12:43:35,305 [INFO] src.federated.client: Client classical_mlp_client_4 - Epoch 4/5 completed. Average Loss: 0.1031
2025-05-03 12:43:35,308 [INFO] src.federated.client: Client classical_mlp_client_4 - Epoch 5/5 completed. Average Loss: 0.1004
2025-05-03 12:43:35,309 [INFO] src.federated.client: Client classical_mlp_client_4: Local training finished. Processed 110 samples.
2025-05-03 12:43:35,309 [INFO] src.federated.server: Aggregating updates from 3 clients using FedAvg.
2025-05-03 12:43:35,309 [INFO] src.federated.aggregation: FedAvg: Aggregating updates from 3 clients.
2025-05-03 12:43:35,310 [INFO] src.federated.aggregation: FedAvg: Aggregation complete.
2025-05-03 12:43:35,311 [INFO] src.federated.server: Global model updated with aggregated parameters.
2025-05-03 12:43:35,311 [INFO] src.federated.server: Evaluating updated global model...
2025-05-03 12:43:35,313 [INFO] src.federated.server: Round 10 completed in 0.05s. Eval Metrics: {'loss': 0.09868701271582796, 'accuracy': 0.9473684210526315}
2025-05-03 12:43:35,313 [INFO] src.federated.server: ===== Starting Round 11/20 =====
2025-05-03 12:43:35,313 [INFO] src.federated.server: Starting federated training round...
2025-05-03 12:43:35,313 [INFO] src.federated.server: Selected 3 clients out of 5 available (fraction=0.1, min_clients=3): ['classical_mlp_client_2', 'classical_mlp_client_1', 'classical_mlp_client_0']
2025-05-03 12:43:35,314 [INFO] src.federated.client: Client classical_mlp_client_2: Starting local training for 5 epochs. Proximal term mu=0.0.
2025-05-03 12:43:35,316 [INFO] src.federated.client: Client classical_mlp_client_2 - Epoch 1/5 completed. Average Loss: 0.0107
2025-05-03 12:43:35,319 [INFO] src.federated.client: Client classical_mlp_client_2 - Epoch 2/5 completed. Average Loss: 0.0034
2025-05-03 12:43:35,321 [INFO] src.federated.client: Client classical_mlp_client_2 - Epoch 3/5 completed. Average Loss: 0.0014
2025-05-03 12:43:35,324 [INFO] src.federated.client: Client classical_mlp_client_2 - Epoch 4/5 completed. Average Loss: 0.0016
2025-05-03 12:43:35,326 [INFO] src.federated.client: Client classical_mlp_client_2 - Epoch 5/5 completed. Average Loss: 0.0027
2025-05-03 12:43:35,327 [INFO] src.federated.client: Client classical_mlp_client_2: Local training finished. Processed 110 samples.
2025-05-03 12:43:35,328 [INFO] src.federated.client: Client classical_mlp_client_1: Starting local training for 5 epochs. Proximal term mu=0.0.
2025-05-03 12:43:35,331 [INFO] src.federated.client: Client classical_mlp_client_1 - Epoch 1/5 completed. Average Loss: 0.0742
2025-05-03 12:43:35,334 [INFO] src.federated.client: Client classical_mlp_client_1 - Epoch 2/5 completed. Average Loss: 0.0608
2025-05-03 12:43:35,336 [INFO] src.federated.client: Client classical_mlp_client_1 - Epoch 3/5 completed. Average Loss: 0.0329
2025-05-03 12:43:35,340 [INFO] src.federated.client: Client classical_mlp_client_1 - Epoch 4/5 completed. Average Loss: 0.0206
2025-05-03 12:43:35,343 [INFO] src.federated.client: Client classical_mlp_client_1 - Epoch 5/5 completed. Average Loss: 0.0234
2025-05-03 12:43:35,343 [INFO] src.federated.client: Client classical_mlp_client_1: Local training finished. Processed 115 samples.
2025-05-03 12:43:35,344 [INFO] src.federated.client: Client classical_mlp_client_0: Starting local training for 5 epochs. Proximal term mu=0.0.
2025-05-03 12:43:35,347 [INFO] src.federated.client: Client classical_mlp_client_0 - Epoch 1/5 completed. Average Loss: 0.0002
2025-05-03 12:43:35,349 [INFO] src.federated.client: Client classical_mlp_client_0 - Epoch 2/5 completed. Average Loss: 0.0001
2025-05-03 12:43:35,353 [INFO] src.federated.client: Client classical_mlp_client_0 - Epoch 3/5 completed. Average Loss: 0.0001
2025-05-03 12:43:35,356 [INFO] src.federated.client: Client classical_mlp_client_0 - Epoch 4/5 completed. Average Loss: 0.0001
2025-05-03 12:43:35,359 [INFO] src.federated.client: Client classical_mlp_client_0 - Epoch 5/5 completed. Average Loss: 0.0001
2025-05-03 12:43:35,359 [INFO] src.federated.client: Client classical_mlp_client_0: Local training finished. Processed 115 samples.
2025-05-03 12:43:35,360 [INFO] src.federated.server: Aggregating updates from 3 clients using FedAvg.
2025-05-03 12:43:35,360 [INFO] src.federated.aggregation: FedAvg: Aggregating updates from 3 clients.
2025-05-03 12:43:35,360 [INFO] src.federated.aggregation: FedAvg: Aggregation complete.
2025-05-03 12:43:35,361 [INFO] src.federated.server: Global model updated with aggregated parameters.
2025-05-03 12:43:35,361 [INFO] src.federated.server: Evaluating updated global model...
2025-05-03 12:43:35,363 [INFO] src.federated.server: Round 11 completed in 0.05s. Eval Metrics: {'loss': 0.18334312769656377, 'accuracy': 0.9210526315789473}
2025-05-03 12:43:35,363 [INFO] src.federated.server: ===== Starting Round 12/20 =====
2025-05-03 12:43:35,363 [INFO] src.federated.server: Starting federated training round...
2025-05-03 12:43:35,363 [INFO] src.federated.server: Selected 3 clients out of 5 available (fraction=0.1, min_clients=3): ['classical_mlp_client_2', 'classical_mlp_client_0', 'classical_mlp_client_3']
2025-05-03 12:43:35,364 [INFO] src.federated.client: Client classical_mlp_client_2: Starting local training for 5 epochs. Proximal term mu=0.0.
2025-05-03 12:43:35,367 [INFO] src.federated.client: Client classical_mlp_client_2 - Epoch 1/5 completed. Average Loss: 0.0028
2025-05-03 12:43:35,370 [INFO] src.federated.client: Client classical_mlp_client_2 - Epoch 2/5 completed. Average Loss: 0.0030
2025-05-03 12:43:35,373 [INFO] src.federated.client: Client classical_mlp_client_2 - Epoch 3/5 completed. Average Loss: 0.0029
2025-05-03 12:43:35,377 [INFO] src.federated.client: Client classical_mlp_client_2 - Epoch 4/5 completed. Average Loss: 0.0023
2025-05-03 12:43:35,380 [INFO] src.federated.client: Client classical_mlp_client_2 - Epoch 5/5 completed. Average Loss: 0.0017
2025-05-03 12:43:35,381 [INFO] src.federated.client: Client classical_mlp_client_2: Local training finished. Processed 110 samples.
2025-05-03 12:43:35,382 [INFO] src.federated.client: Client classical_mlp_client_0: Starting local training for 5 epochs. Proximal term mu=0.0.
2025-05-03 12:43:35,386 [INFO] src.federated.client: Client classical_mlp_client_0 - Epoch 1/5 completed. Average Loss: 0.0002
2025-05-03 12:43:35,389 [INFO] src.federated.client: Client classical_mlp_client_0 - Epoch 2/5 completed. Average Loss: 0.0003
2025-05-03 12:43:35,392 [INFO] src.federated.client: Client classical_mlp_client_0 - Epoch 3/5 completed. Average Loss: 0.0003
2025-05-03 12:43:35,394 [INFO] src.federated.client: Client classical_mlp_client_0 - Epoch 4/5 completed. Average Loss: 0.0003
2025-05-03 12:43:35,398 [INFO] src.federated.client: Client classical_mlp_client_0 - Epoch 5/5 completed. Average Loss: 0.0003
2025-05-03 12:43:35,398 [INFO] src.federated.client: Client classical_mlp_client_0: Local training finished. Processed 115 samples.
2025-05-03 12:43:35,399 [INFO] src.federated.client: Client classical_mlp_client_3: Starting local training for 5 epochs. Proximal term mu=0.0.
2025-05-03 12:43:35,402 [INFO] src.federated.client: Client classical_mlp_client_3 - Epoch 1/5 completed. Average Loss: 0.2083
2025-05-03 12:43:35,406 [INFO] src.federated.client: Client classical_mlp_client_3 - Epoch 2/5 completed. Average Loss: 0.0843
2025-05-03 12:43:35,409 [INFO] src.federated.client: Client classical_mlp_client_3 - Epoch 3/5 completed. Average Loss: 0.0075
2025-05-03 12:43:35,412 [INFO] src.federated.client: Client classical_mlp_client_3 - Epoch 4/5 completed. Average Loss: 0.0004
2025-05-03 12:43:35,415 [INFO] src.federated.client: Client classical_mlp_client_3 - Epoch 5/5 completed. Average Loss: 0.0010
2025-05-03 12:43:35,416 [INFO] src.federated.client: Client classical_mlp_client_3: Local training finished. Processed 110 samples.
2025-05-03 12:43:35,416 [INFO] src.federated.server: Aggregating updates from 3 clients using FedAvg.
2025-05-03 12:43:35,417 [INFO] src.federated.aggregation: FedAvg: Aggregating updates from 3 clients.
2025-05-03 12:43:35,417 [INFO] src.federated.aggregation: FedAvg: Aggregation complete.
2025-05-03 12:43:35,418 [INFO] src.federated.server: Global model updated with aggregated parameters.
2025-05-03 12:43:35,418 [INFO] src.federated.server: Evaluating updated global model...
2025-05-03 12:43:35,420 [INFO] src.federated.server: Round 12 completed in 0.06s. Eval Metrics: {'loss': 0.11812232698022955, 'accuracy': 0.9736842105263158}
2025-05-03 12:43:35,420 [INFO] src.federated.server: ===== Starting Round 13/20 =====
2025-05-03 12:43:35,420 [INFO] src.federated.server: Starting federated training round...
2025-05-03 12:43:35,420 [INFO] src.federated.server: Selected 3 clients out of 5 available (fraction=0.1, min_clients=3): ['classical_mlp_client_3', 'classical_mlp_client_0', 'classical_mlp_client_1']
2025-05-03 12:43:35,421 [INFO] src.federated.client: Client classical_mlp_client_3: Starting local training for 5 epochs. Proximal term mu=0.0.
2025-05-03 12:43:35,425 [INFO] src.federated.client: Client classical_mlp_client_3 - Epoch 1/5 completed. Average Loss: 0.0195
2025-05-03 12:43:35,428 [INFO] src.federated.client: Client classical_mlp_client_3 - Epoch 2/5 completed. Average Loss: 0.0012
2025-05-03 12:43:35,432 [INFO] src.federated.client: Client classical_mlp_client_3 - Epoch 3/5 completed. Average Loss: 0.0003
2025-05-03 12:43:35,436 [INFO] src.federated.client: Client classical_mlp_client_3 - Epoch 4/5 completed. Average Loss: 0.0014
2025-05-03 12:43:35,439 [INFO] src.federated.client: Client classical_mlp_client_3 - Epoch 5/5 completed. Average Loss: 0.0083
2025-05-03 12:43:35,439 [INFO] src.federated.client: Client classical_mlp_client_3: Local training finished. Processed 110 samples.
2025-05-03 12:43:35,440 [INFO] src.federated.client: Client classical_mlp_client_0: Starting local training for 5 epochs. Proximal term mu=0.0.
2025-05-03 12:43:35,442 [INFO] src.federated.client: Client classical_mlp_client_0 - Epoch 1/5 completed. Average Loss: 0.0003
2025-05-03 12:43:35,446 [INFO] src.federated.client: Client classical_mlp_client_0 - Epoch 2/5 completed. Average Loss: 0.0003
2025-05-03 12:43:35,448 [INFO] src.federated.client: Client classical_mlp_client_0 - Epoch 3/5 completed. Average Loss: 0.0003
2025-05-03 12:43:35,452 [INFO] src.federated.client: Client classical_mlp_client_0 - Epoch 4/5 completed. Average Loss: 0.0002
2025-05-03 12:43:35,455 [INFO] src.federated.client: Client classical_mlp_client_0 - Epoch 5/5 completed. Average Loss: 0.0002
2025-05-03 12:43:35,456 [INFO] src.federated.client: Client classical_mlp_client_0: Local training finished. Processed 115 samples.
2025-05-03 12:43:35,457 [INFO] src.federated.client: Client classical_mlp_client_1: Starting local training for 5 epochs. Proximal term mu=0.0.
2025-05-03 12:43:35,460 [INFO] src.federated.client: Client classical_mlp_client_1 - Epoch 1/5 completed. Average Loss: 0.1783
2025-05-03 12:43:35,462 [INFO] src.federated.client: Client classical_mlp_client_1 - Epoch 2/5 completed. Average Loss: 0.0592
2025-05-03 12:43:35,465 [INFO] src.federated.client: Client classical_mlp_client_1 - Epoch 3/5 completed. Average Loss: 0.0277
2025-05-03 12:43:35,468 [INFO] src.federated.client: Client classical_mlp_client_1 - Epoch 4/5 completed. Average Loss: 0.0708
2025-05-03 12:43:35,470 [INFO] src.federated.client: Client classical_mlp_client_1 - Epoch 5/5 completed. Average Loss: 0.0964
2025-05-03 12:43:35,470 [INFO] src.federated.client: Client classical_mlp_client_1: Local training finished. Processed 115 samples.
2025-05-03 12:43:35,471 [INFO] src.federated.server: Aggregating updates from 3 clients using FedAvg.
2025-05-03 12:43:35,471 [INFO] src.federated.aggregation: FedAvg: Aggregating updates from 3 clients.
2025-05-03 12:43:35,471 [INFO] src.federated.aggregation: FedAvg: Aggregation complete.
2025-05-03 12:43:35,472 [INFO] src.federated.server: Global model updated with aggregated parameters.
2025-05-03 12:43:35,472 [INFO] src.federated.server: Evaluating updated global model...
2025-05-03 12:43:35,474 [INFO] src.federated.server: Round 13 completed in 0.05s. Eval Metrics: {'loss': 0.13814914000614759, 'accuracy': 0.9736842105263158}
2025-05-03 12:43:35,474 [INFO] src.federated.server: ===== Starting Round 14/20 =====
2025-05-03 12:43:35,474 [INFO] src.federated.server: Starting federated training round...
2025-05-03 12:43:35,474 [INFO] src.federated.server: Selected 3 clients out of 5 available (fraction=0.1, min_clients=3): ['classical_mlp_client_2', 'classical_mlp_client_4', 'classical_mlp_client_0']
2025-05-03 12:43:35,475 [INFO] src.federated.client: Client classical_mlp_client_2: Starting local training for 5 epochs. Proximal term mu=0.0.
2025-05-03 12:43:35,477 [INFO] src.federated.client: Client classical_mlp_client_2 - Epoch 1/5 completed. Average Loss: 0.1413
2025-05-03 12:43:35,480 [INFO] src.federated.client: Client classical_mlp_client_2 - Epoch 2/5 completed. Average Loss: 0.0405
2025-05-03 12:43:35,483 [INFO] src.federated.client: Client classical_mlp_client_2 - Epoch 3/5 completed. Average Loss: 0.0020
2025-05-03 12:43:35,484 [INFO] src.federated.client: Client classical_mlp_client_2 - Epoch 4/5 completed. Average Loss: 0.0082
2025-05-03 12:43:35,487 [INFO] src.federated.client: Client classical_mlp_client_2 - Epoch 5/5 completed. Average Loss: 0.0485
2025-05-03 12:43:35,488 [INFO] src.federated.client: Client classical_mlp_client_2: Local training finished. Processed 110 samples.
2025-05-03 12:43:35,488 [INFO] src.federated.client: Client classical_mlp_client_4: Starting local training for 5 epochs. Proximal term mu=0.0.
2025-05-03 12:43:35,491 [INFO] src.federated.client: Client classical_mlp_client_4 - Epoch 1/5 completed. Average Loss: 0.2565
2025-05-03 12:43:35,493 [INFO] src.federated.client: Client classical_mlp_client_4 - Epoch 2/5 completed. Average Loss: 0.2461
2025-05-03 12:43:35,496 [INFO] src.federated.client: Client classical_mlp_client_4 - Epoch 3/5 completed. Average Loss: 0.1793
2025-05-03 12:43:35,499 [INFO] src.federated.client: Client classical_mlp_client_4 - Epoch 4/5 completed. Average Loss: 0.0800
2025-05-03 12:43:35,502 [INFO] src.federated.client: Client classical_mlp_client_4 - Epoch 5/5 completed. Average Loss: 0.0166
2025-05-03 12:43:35,503 [INFO] src.federated.client: Client classical_mlp_client_4: Local training finished. Processed 110 samples.
2025-05-03 12:43:35,503 [INFO] src.federated.client: Client classical_mlp_client_0: Starting local training for 5 epochs. Proximal term mu=0.0.
2025-05-03 12:43:35,506 [INFO] src.federated.client: Client classical_mlp_client_0 - Epoch 1/5 completed. Average Loss: 0.0006
2025-05-03 12:43:35,508 [INFO] src.federated.client: Client classical_mlp_client_0 - Epoch 2/5 completed. Average Loss: 0.0005
2025-05-03 12:43:35,511 [INFO] src.federated.client: Client classical_mlp_client_0 - Epoch 3/5 completed. Average Loss: 0.0004
2025-05-03 12:43:35,514 [INFO] src.federated.client: Client classical_mlp_client_0 - Epoch 4/5 completed. Average Loss: 0.0003
2025-05-03 12:43:35,517 [INFO] src.federated.client: Client classical_mlp_client_0 - Epoch 5/5 completed. Average Loss: 0.0002
2025-05-03 12:43:35,517 [INFO] src.federated.client: Client classical_mlp_client_0: Local training finished. Processed 115 samples.
2025-05-03 12:43:35,518 [INFO] src.federated.server: Aggregating updates from 3 clients using FedAvg.
2025-05-03 12:43:35,518 [INFO] src.federated.aggregation: FedAvg: Aggregating updates from 3 clients.
2025-05-03 12:43:35,518 [INFO] src.federated.aggregation: FedAvg: Aggregation complete.
2025-05-03 12:43:35,519 [INFO] src.federated.server: Global model updated with aggregated parameters.
2025-05-03 12:43:35,519 [INFO] src.federated.server: Evaluating updated global model...
2025-05-03 12:43:35,521 [INFO] src.federated.server: Round 14 completed in 0.05s. Eval Metrics: {'loss': 0.24400925063137371, 'accuracy': 0.9210526315789473}
2025-05-03 12:43:35,521 [INFO] src.federated.server: ===== Starting Round 15/20 =====
2025-05-03 12:43:35,521 [INFO] src.federated.server: Starting federated training round...
2025-05-03 12:43:35,522 [INFO] src.federated.server: Selected 3 clients out of 5 available (fraction=0.1, min_clients=3): ['classical_mlp_client_3', 'classical_mlp_client_0', 'classical_mlp_client_1']
2025-05-03 12:43:35,522 [INFO] src.federated.client: Client classical_mlp_client_3: Starting local training for 5 epochs. Proximal term mu=0.0.
2025-05-03 12:43:35,525 [INFO] src.federated.client: Client classical_mlp_client_3 - Epoch 1/5 completed. Average Loss: 0.2277
2025-05-03 12:43:35,528 [INFO] src.federated.client: Client classical_mlp_client_3 - Epoch 2/5 completed. Average Loss: 0.0799
2025-05-03 12:43:35,531 [INFO] src.federated.client: Client classical_mlp_client_3 - Epoch 3/5 completed. Average Loss: 0.0050
2025-05-03 12:43:35,533 [INFO] src.federated.client: Client classical_mlp_client_3 - Epoch 4/5 completed. Average Loss: 0.0003
2025-05-03 12:43:35,536 [INFO] src.federated.client: Client classical_mlp_client_3 - Epoch 5/5 completed. Average Loss: 0.0010
2025-05-03 12:43:35,537 [INFO] src.federated.client: Client classical_mlp_client_3: Local training finished. Processed 110 samples.
2025-05-03 12:43:35,537 [INFO] src.federated.client: Client classical_mlp_client_0: Starting local training for 5 epochs. Proximal term mu=0.0.
2025-05-03 12:43:35,540 [INFO] src.federated.client: Client classical_mlp_client_0 - Epoch 1/5 completed. Average Loss: 0.0003
2025-05-03 12:43:35,543 [INFO] src.federated.client: Client classical_mlp_client_0 - Epoch 2/5 completed. Average Loss: 0.0003
2025-05-03 12:43:35,546 [INFO] src.federated.client: Client classical_mlp_client_0 - Epoch 3/5 completed. Average Loss: 0.0003
2025-05-03 12:43:35,549 [INFO] src.federated.client: Client classical_mlp_client_0 - Epoch 4/5 completed. Average Loss: 0.0004
2025-05-03 12:43:35,552 [INFO] src.federated.client: Client classical_mlp_client_0 - Epoch 5/5 completed. Average Loss: 0.0003
2025-05-03 12:43:35,552 [INFO] src.federated.client: Client classical_mlp_client_0: Local training finished. Processed 115 samples.
2025-05-03 12:43:35,553 [INFO] src.federated.client: Client classical_mlp_client_1: Starting local training for 5 epochs. Proximal term mu=0.0.
2025-05-03 12:43:35,556 [INFO] src.federated.client: Client classical_mlp_client_1 - Epoch 1/5 completed. Average Loss: 0.0757
2025-05-03 12:43:35,559 [INFO] src.federated.client: Client classical_mlp_client_1 - Epoch 2/5 completed. Average Loss: 0.0366
2025-05-03 12:43:35,563 [INFO] src.federated.client: Client classical_mlp_client_1 - Epoch 3/5 completed. Average Loss: 0.0203
2025-05-03 12:43:35,566 [INFO] src.federated.client: Client classical_mlp_client_1 - Epoch 4/5 completed. Average Loss: 0.0286
2025-05-03 12:43:35,568 [INFO] src.federated.client: Client classical_mlp_client_1 - Epoch 5/5 completed. Average Loss: 0.0374
2025-05-03 12:43:35,569 [INFO] src.federated.client: Client classical_mlp_client_1: Local training finished. Processed 115 samples.
2025-05-03 12:43:35,569 [INFO] src.federated.server: Aggregating updates from 3 clients using FedAvg.
2025-05-03 12:43:35,569 [INFO] src.federated.aggregation: FedAvg: Aggregating updates from 3 clients.
2025-05-03 12:43:35,570 [INFO] src.federated.aggregation: FedAvg: Aggregation complete.
2025-05-03 12:43:35,571 [INFO] src.federated.server: Global model updated with aggregated parameters.
2025-05-03 12:43:35,571 [INFO] src.federated.server: Evaluating updated global model...
2025-05-03 12:43:35,572 [INFO] src.federated.server: Round 15 completed in 0.05s. Eval Metrics: {'loss': 0.12811615218598862, 'accuracy': 0.9736842105263158}
2025-05-03 12:43:35,573 [INFO] src.federated.server: ===== Starting Round 16/20 =====
2025-05-03 12:43:35,573 [INFO] src.federated.server: Starting federated training round...
2025-05-03 12:43:35,573 [INFO] src.federated.server: Selected 3 clients out of 5 available (fraction=0.1, min_clients=3): ['classical_mlp_client_0', 'classical_mlp_client_2', 'classical_mlp_client_3']
2025-05-03 12:43:35,573 [INFO] src.federated.client: Client classical_mlp_client_0: Starting local training for 5 epochs. Proximal term mu=0.0.
2025-05-03 12:43:35,576 [INFO] src.federated.client: Client classical_mlp_client_0 - Epoch 1/5 completed. Average Loss: 0.0003
2025-05-03 12:43:35,579 [INFO] src.federated.client: Client classical_mlp_client_0 - Epoch 2/5 completed. Average Loss: 0.0003
2025-05-03 12:43:35,582 [INFO] src.federated.client: Client classical_mlp_client_0 - Epoch 3/5 completed. Average Loss: 0.0003
2025-05-03 12:43:35,586 [INFO] src.federated.client: Client classical_mlp_client_0 - Epoch 4/5 completed. Average Loss: 0.0003
2025-05-03 12:43:35,588 [INFO] src.federated.client: Client classical_mlp_client_0 - Epoch 5/5 completed. Average Loss: 0.0002
2025-05-03 12:43:35,589 [INFO] src.federated.client: Client classical_mlp_client_0: Local training finished. Processed 115 samples.
2025-05-03 12:43:35,589 [INFO] src.federated.client: Client classical_mlp_client_2: Starting local training for 5 epochs. Proximal term mu=0.0.
2025-05-03 12:43:35,592 [INFO] src.federated.client: Client classical_mlp_client_2 - Epoch 1/5 completed. Average Loss: 0.1129
2025-05-03 12:43:35,595 [INFO] src.federated.client: Client classical_mlp_client_2 - Epoch 2/5 completed. Average Loss: 0.0253
2025-05-03 12:43:35,599 [INFO] src.federated.client: Client classical_mlp_client_2 - Epoch 3/5 completed. Average Loss: 0.0016
2025-05-03 12:43:35,601 [INFO] src.federated.client: Client classical_mlp_client_2 - Epoch 4/5 completed. Average Loss: 0.0036
2025-05-03 12:43:35,604 [INFO] src.federated.client: Client classical_mlp_client_2 - Epoch 5/5 completed. Average Loss: 0.0237
2025-05-03 12:43:35,605 [INFO] src.federated.client: Client classical_mlp_client_2: Local training finished. Processed 110 samples.
2025-05-03 12:43:35,605 [INFO] src.federated.client: Client classical_mlp_client_3: Starting local training for 5 epochs. Proximal term mu=0.0.
2025-05-03 12:43:35,608 [INFO] src.federated.client: Client classical_mlp_client_3 - Epoch 1/5 completed. Average Loss: 0.0101
2025-05-03 12:43:35,611 [INFO] src.federated.client: Client classical_mlp_client_3 - Epoch 2/5 completed. Average Loss: 0.0007
2025-05-03 12:43:35,614 [INFO] src.federated.client: Client classical_mlp_client_3 - Epoch 3/5 completed. Average Loss: 0.0002
2025-05-03 12:43:35,616 [INFO] src.federated.client: Client classical_mlp_client_3 - Epoch 4/5 completed. Average Loss: 0.0010
2025-05-03 12:43:35,619 [INFO] src.federated.client: Client classical_mlp_client_3 - Epoch 5/5 completed. Average Loss: 0.0053
2025-05-03 12:43:35,620 [INFO] src.federated.client: Client classical_mlp_client_3: Local training finished. Processed 110 samples.
2025-05-03 12:43:35,620 [INFO] src.federated.server: Aggregating updates from 3 clients using FedAvg.
2025-05-03 12:43:35,620 [INFO] src.federated.aggregation: FedAvg: Aggregating updates from 3 clients.
2025-05-03 12:43:35,621 [INFO] src.federated.aggregation: FedAvg: Aggregation complete.
2025-05-03 12:43:35,621 [INFO] src.federated.server: Global model updated with aggregated parameters.
2025-05-03 12:43:35,621 [INFO] src.federated.server: Evaluating updated global model...
2025-05-03 12:43:35,623 [INFO] src.federated.server: Round 16 completed in 0.05s. Eval Metrics: {'loss': 0.14438287322649507, 'accuracy': 0.9736842105263158}
2025-05-03 12:43:35,623 [INFO] src.federated.server: ===== Starting Round 17/20 =====
2025-05-03 12:43:35,623 [INFO] src.federated.server: Starting federated training round...
2025-05-03 12:43:35,623 [INFO] src.federated.server: Selected 3 clients out of 5 available (fraction=0.1, min_clients=3): ['classical_mlp_client_4', 'classical_mlp_client_2', 'classical_mlp_client_3']
2025-05-03 12:43:35,624 [INFO] src.federated.client: Client classical_mlp_client_4: Starting local training for 5 epochs. Proximal term mu=0.0.
2025-05-03 12:43:35,627 [INFO] src.federated.client: Client classical_mlp_client_4 - Epoch 1/5 completed. Average Loss: 0.2462
2025-05-03 12:43:35,630 [INFO] src.federated.client: Client classical_mlp_client_4 - Epoch 2/5 completed. Average Loss: 0.0962
2025-05-03 12:43:35,632 [INFO] src.federated.client: Client classical_mlp_client_4 - Epoch 3/5 completed. Average Loss: 0.0194
2025-05-03 12:43:35,635 [INFO] src.federated.client: Client classical_mlp_client_4 - Epoch 4/5 completed. Average Loss: 0.1134
2025-05-03 12:43:35,638 [INFO] src.federated.client: Client classical_mlp_client_4 - Epoch 5/5 completed. Average Loss: 0.2111
2025-05-03 12:43:35,638 [INFO] src.federated.client: Client classical_mlp_client_4: Local training finished. Processed 110 samples.
2025-05-03 12:43:35,639 [INFO] src.federated.client: Client classical_mlp_client_2: Starting local training for 5 epochs. Proximal term mu=0.0.
2025-05-03 12:43:35,642 [INFO] src.federated.client: Client classical_mlp_client_2 - Epoch 1/5 completed. Average Loss: 0.1073
2025-05-03 12:43:35,644 [INFO] src.federated.client: Client classical_mlp_client_2 - Epoch 2/5 completed. Average Loss: 0.0170
2025-05-03 12:43:35,648 [INFO] src.federated.client: Client classical_mlp_client_2 - Epoch 3/5 completed. Average Loss: 0.0011
2025-05-03 12:43:35,650 [INFO] src.federated.client: Client classical_mlp_client_2 - Epoch 4/5 completed. Average Loss: 0.0039
2025-05-03 12:43:35,653 [INFO] src.federated.client: Client classical_mlp_client_2 - Epoch 5/5 completed. Average Loss: 0.0252
2025-05-03 12:43:35,653 [INFO] src.federated.client: Client classical_mlp_client_2: Local training finished. Processed 110 samples.
2025-05-03 12:43:35,654 [INFO] src.federated.client: Client classical_mlp_client_3: Starting local training for 5 epochs. Proximal term mu=0.0.
2025-05-03 12:43:35,658 [INFO] src.federated.client: Client classical_mlp_client_3 - Epoch 1/5 completed. Average Loss: 0.0067
2025-05-03 12:43:35,660 [INFO] src.federated.client: Client classical_mlp_client_3 - Epoch 2/5 completed. Average Loss: 0.0011
2025-05-03 12:43:35,664 [INFO] src.federated.client: Client classical_mlp_client_3 - Epoch 3/5 completed. Average Loss: 0.0003
2025-05-03 12:43:35,666 [INFO] src.federated.client: Client classical_mlp_client_3 - Epoch 4/5 completed. Average Loss: 0.0002
2025-05-03 12:43:35,669 [INFO] src.federated.client: Client classical_mlp_client_3 - Epoch 5/5 completed. Average Loss: 0.0004
2025-05-03 12:43:35,670 [INFO] src.federated.client: Client classical_mlp_client_3: Local training finished. Processed 110 samples.
2025-05-03 12:43:35,670 [INFO] src.federated.server: Aggregating updates from 3 clients using FedAvg.
2025-05-03 12:43:35,670 [INFO] src.federated.aggregation: FedAvg: Aggregating updates from 3 clients.
2025-05-03 12:43:35,670 [INFO] src.federated.aggregation: FedAvg: Aggregation complete.
2025-05-03 12:43:35,671 [INFO] src.federated.server: Global model updated with aggregated parameters.
2025-05-03 12:43:35,671 [INFO] src.federated.server: Evaluating updated global model...
2025-05-03 12:43:35,672 [INFO] src.federated.server: Round 17 completed in 0.05s. Eval Metrics: {'loss': 0.17639708106129892, 'accuracy': 0.9210526315789473}
2025-05-03 12:43:35,672 [INFO] src.federated.server: ===== Starting Round 18/20 =====
2025-05-03 12:43:35,673 [INFO] src.federated.server: Starting federated training round...
2025-05-03 12:43:35,673 [INFO] src.federated.server: Selected 3 clients out of 5 available (fraction=0.1, min_clients=3): ['classical_mlp_client_1', 'classical_mlp_client_0', 'classical_mlp_client_3']
2025-05-03 12:43:35,673 [INFO] src.federated.client: Client classical_mlp_client_1: Starting local training for 5 epochs. Proximal term mu=0.0.
2025-05-03 12:43:35,676 [INFO] src.federated.client: Client classical_mlp_client_1 - Epoch 1/5 completed. Average Loss: 0.0393
2025-05-03 12:43:35,679 [INFO] src.federated.client: Client classical_mlp_client_1 - Epoch 2/5 completed. Average Loss: 0.0310
2025-05-03 12:43:35,682 [INFO] src.federated.client: Client classical_mlp_client_1 - Epoch 3/5 completed. Average Loss: 0.0249
2025-05-03 12:43:35,685 [INFO] src.federated.client: Client classical_mlp_client_1 - Epoch 4/5 completed. Average Loss: 0.0202
2025-05-03 12:43:35,688 [INFO] src.federated.client: Client classical_mlp_client_1 - Epoch 5/5 completed. Average Loss: 0.0165
2025-05-03 12:43:35,688 [INFO] src.federated.client: Client classical_mlp_client_1: Local training finished. Processed 115 samples.
2025-05-03 12:43:35,689 [INFO] src.federated.client: Client classical_mlp_client_0: Starting local training for 5 epochs. Proximal term mu=0.0.
2025-05-03 12:43:35,692 [INFO] src.federated.client: Client classical_mlp_client_0 - Epoch 1/5 completed. Average Loss: 0.0001
2025-05-03 12:43:35,694 [INFO] src.federated.client: Client classical_mlp_client_0 - Epoch 2/5 completed. Average Loss: 0.0001
2025-05-03 12:43:35,697 [INFO] src.federated.client: Client classical_mlp_client_0 - Epoch 3/5 completed. Average Loss: 0.0001
2025-05-03 12:43:35,700 [INFO] src.federated.client: Client classical_mlp_client_0 - Epoch 4/5 completed. Average Loss: 0.0001
2025-05-03 12:43:35,702 [INFO] src.federated.client: Client classical_mlp_client_0 - Epoch 5/5 completed. Average Loss: 0.0001
2025-05-03 12:43:35,703 [INFO] src.federated.client: Client classical_mlp_client_0: Local training finished. Processed 115 samples.
2025-05-03 12:43:35,704 [INFO] src.federated.client: Client classical_mlp_client_3: Starting local training for 5 epochs. Proximal term mu=0.0.
2025-05-03 12:43:35,707 [INFO] src.federated.client: Client classical_mlp_client_3 - Epoch 1/5 completed. Average Loss: 0.1226
2025-05-03 12:43:35,710 [INFO] src.federated.client: Client classical_mlp_client_3 - Epoch 2/5 completed. Average Loss: 0.0351
2025-05-03 12:43:35,713 [INFO] src.federated.client: Client classical_mlp_client_3 - Epoch 3/5 completed. Average Loss: 0.0028
2025-05-03 12:43:35,716 [INFO] src.federated.client: Client classical_mlp_client_3 - Epoch 4/5 completed. Average Loss: 0.0003
2025-05-03 12:43:35,719 [INFO] src.federated.client: Client classical_mlp_client_3 - Epoch 5/5 completed. Average Loss: 0.0005
2025-05-03 12:43:35,719 [INFO] src.federated.client: Client classical_mlp_client_3: Local training finished. Processed 110 samples.
2025-05-03 12:43:35,719 [INFO] src.federated.server: Aggregating updates from 3 clients using FedAvg.
2025-05-03 12:43:35,719 [INFO] src.federated.aggregation: FedAvg: Aggregating updates from 3 clients.
2025-05-03 12:43:35,720 [INFO] src.federated.aggregation: FedAvg: Aggregation complete.
2025-05-03 12:43:35,720 [INFO] src.federated.server: Global model updated with aggregated parameters.
2025-05-03 12:43:35,720 [INFO] src.federated.server: Evaluating updated global model...
2025-05-03 12:43:35,722 [INFO] src.federated.server: Round 18 completed in 0.05s. Eval Metrics: {'loss': 0.14197632662821305, 'accuracy': 0.9736842105263158}
2025-05-03 12:43:35,722 [INFO] src.federated.server: ===== Starting Round 19/20 =====
2025-05-03 12:43:35,722 [INFO] src.federated.server: Starting federated training round...
2025-05-03 12:43:35,722 [INFO] src.federated.server: Selected 3 clients out of 5 available (fraction=0.1, min_clients=3): ['classical_mlp_client_1', 'classical_mlp_client_2', 'classical_mlp_client_0']
2025-05-03 12:43:35,724 [INFO] src.federated.client: Client classical_mlp_client_1: Starting local training for 5 epochs. Proximal term mu=0.0.
2025-05-03 12:43:35,727 [INFO] src.federated.client: Client classical_mlp_client_1 - Epoch 1/5 completed. Average Loss: 0.1807
2025-05-03 12:43:35,729 [INFO] src.federated.client: Client classical_mlp_client_1 - Epoch 2/5 completed. Average Loss: 0.0839
2025-05-03 12:43:35,732 [INFO] src.federated.client: Client classical_mlp_client_1 - Epoch 3/5 completed. Average Loss: 0.0201
2025-05-03 12:43:35,735 [INFO] src.federated.client: Client classical_mlp_client_1 - Epoch 4/5 completed. Average Loss: 0.0344
2025-05-03 12:43:35,738 [INFO] src.federated.client: Client classical_mlp_client_1 - Epoch 5/5 completed. Average Loss: 0.0751
2025-05-03 12:43:35,738 [INFO] src.federated.client: Client classical_mlp_client_1: Local training finished. Processed 115 samples.
2025-05-03 12:43:35,739 [INFO] src.federated.client: Client classical_mlp_client_2: Starting local training for 5 epochs. Proximal term mu=0.0.
2025-05-03 12:43:35,742 [INFO] src.federated.client: Client classical_mlp_client_2 - Epoch 1/5 completed. Average Loss: 0.0728
2025-05-03 12:43:35,745 [INFO] src.federated.client: Client classical_mlp_client_2 - Epoch 2/5 completed. Average Loss: 0.0098
2025-05-03 12:43:35,748 [INFO] src.federated.client: Client classical_mlp_client_2 - Epoch 3/5 completed. Average Loss: 0.0011
2025-05-03 12:43:35,750 [INFO] src.federated.client: Client classical_mlp_client_2 - Epoch 4/5 completed. Average Loss: 0.0032
2025-05-03 12:43:35,753 [INFO] src.federated.client: Client classical_mlp_client_2 - Epoch 5/5 completed. Average Loss: 0.0156
2025-05-03 12:43:35,754 [INFO] src.federated.client: Client classical_mlp_client_2: Local training finished. Processed 110 samples.
2025-05-03 12:43:35,754 [INFO] src.federated.client: Client classical_mlp_client_0: Starting local training for 5 epochs. Proximal term mu=0.0.
2025-05-03 12:43:35,757 [INFO] src.federated.client: Client classical_mlp_client_0 - Epoch 1/5 completed. Average Loss: 0.0003
2025-05-03 12:43:35,761 [INFO] src.federated.client: Client classical_mlp_client_0 - Epoch 2/5 completed. Average Loss: 0.0003
2025-05-03 12:43:35,764 [INFO] src.federated.client: Client classical_mlp_client_0 - Epoch 3/5 completed. Average Loss: 0.0002
2025-05-03 12:43:35,767 [INFO] src.federated.client: Client classical_mlp_client_0 - Epoch 4/5 completed. Average Loss: 0.0002
2025-05-03 12:43:35,770 [INFO] src.federated.client: Client classical_mlp_client_0 - Epoch 5/5 completed. Average Loss: 0.0002
2025-05-03 12:43:35,770 [INFO] src.federated.client: Client classical_mlp_client_0: Local training finished. Processed 115 samples.
2025-05-03 12:43:35,771 [INFO] src.federated.server: Aggregating updates from 3 clients using FedAvg.
2025-05-03 12:43:35,771 [INFO] src.federated.aggregation: FedAvg: Aggregating updates from 3 clients.
2025-05-03 12:43:35,771 [INFO] src.federated.aggregation: FedAvg: Aggregation complete.
2025-05-03 12:43:35,772 [INFO] src.federated.server: Global model updated with aggregated parameters.
2025-05-03 12:43:35,772 [INFO] src.federated.server: Evaluating updated global model...
2025-05-03 12:43:35,774 [INFO] src.federated.server: Round 19 completed in 0.05s. Eval Metrics: {'loss': 0.2576668290584263, 'accuracy': 0.8947368421052632}
2025-05-03 12:43:35,774 [INFO] src.federated.server: ===== Starting Round 20/20 =====
2025-05-03 12:43:35,774 [INFO] src.federated.server: Starting federated training round...
2025-05-03 12:43:35,774 [INFO] src.federated.server: Selected 3 clients out of 5 available (fraction=0.1, min_clients=3): ['classical_mlp_client_1', 'classical_mlp_client_0', 'classical_mlp_client_4']
2025-05-03 12:43:35,775 [INFO] src.federated.client: Client classical_mlp_client_1: Starting local training for 5 epochs. Proximal term mu=0.0.
2025-05-03 12:43:35,777 [INFO] src.federated.client: Client classical_mlp_client_1 - Epoch 1/5 completed. Average Loss: 0.0657
2025-05-03 12:43:35,780 [INFO] src.federated.client: Client classical_mlp_client_1 - Epoch 2/5 completed. Average Loss: 0.0470
2025-05-03 12:43:35,783 [INFO] src.federated.client: Client classical_mlp_client_1 - Epoch 3/5 completed. Average Loss: 0.0217
2025-05-03 12:43:35,786 [INFO] src.federated.client: Client classical_mlp_client_1 - Epoch 4/5 completed. Average Loss: 0.0120
2025-05-03 12:43:35,788 [INFO] src.federated.client: Client classical_mlp_client_1 - Epoch 5/5 completed. Average Loss: 0.0148
2025-05-03 12:43:35,789 [INFO] src.federated.client: Client classical_mlp_client_1: Local training finished. Processed 115 samples.
2025-05-03 12:43:35,790 [INFO] src.federated.client: Client classical_mlp_client_0: Starting local training for 5 epochs. Proximal term mu=0.0.
2025-05-03 12:43:35,792 [INFO] src.federated.client: Client classical_mlp_client_0 - Epoch 1/5 completed. Average Loss: 0.0002
2025-05-03 12:43:35,795 [INFO] src.federated.client: Client classical_mlp_client_0 - Epoch 2/5 completed. Average Loss: 0.0003
2025-05-03 12:43:35,798 [INFO] src.federated.client: Client classical_mlp_client_0 - Epoch 3/5 completed. Average Loss: 0.0003
2025-05-03 12:43:35,801 [INFO] src.federated.client: Client classical_mlp_client_0 - Epoch 4/5 completed. Average Loss: 0.0003
2025-05-03 12:43:35,803 [INFO] src.federated.client: Client classical_mlp_client_0 - Epoch 5/5 completed. Average Loss: 0.0003
2025-05-03 12:43:35,804 [INFO] src.federated.client: Client classical_mlp_client_0: Local training finished. Processed 115 samples.
2025-05-03 12:43:35,804 [INFO] src.federated.client: Client classical_mlp_client_4: Starting local training for 5 epochs. Proximal term mu=0.0.
2025-05-03 12:43:35,807 [INFO] src.federated.client: Client classical_mlp_client_4 - Epoch 1/5 completed. Average Loss: 0.0281
2025-05-03 12:43:35,811 [INFO] src.federated.client: Client classical_mlp_client_4 - Epoch 2/5 completed. Average Loss: 0.0202
2025-05-03 12:43:35,813 [INFO] src.federated.client: Client classical_mlp_client_4 - Epoch 3/5 completed. Average Loss: 0.0192
2025-05-03 12:43:35,816 [INFO] src.federated.client: Client classical_mlp_client_4 - Epoch 4/5 completed. Average Loss: 0.0196
2025-05-03 12:43:35,818 [INFO] src.federated.client: Client classical_mlp_client_4 - Epoch 5/5 completed. Average Loss: 0.0187
2025-05-03 12:43:35,819 [INFO] src.federated.client: Client classical_mlp_client_4: Local training finished. Processed 110 samples.
2025-05-03 12:43:35,819 [INFO] src.federated.server: Aggregating updates from 3 clients using FedAvg.
2025-05-03 12:43:35,819 [INFO] src.federated.aggregation: FedAvg: Aggregating updates from 3 clients.
2025-05-03 12:43:35,820 [INFO] src.federated.aggregation: FedAvg: Aggregation complete.
2025-05-03 12:43:35,820 [INFO] src.federated.server: Global model updated with aggregated parameters.
2025-05-03 12:43:35,821 [INFO] src.federated.server: Evaluating updated global model...
2025-05-03 12:43:35,823 [INFO] src.federated.server: Round 20 completed in 0.05s. Eval Metrics: {'loss': 0.17946781013949398, 'accuracy': 0.9210526315789473}
2025-05-03 12:43:35,823 [INFO] src.federated.server: Federated training process completed after 20 rounds.
2025-05-03 12:43:35,823 [INFO] ExperimentRunner: ========== Finished Iris_MLP_FedAvg_IID ==========

2025-05-03 12:43:35,824 [INFO] ExperimentRunner: ========== Starting Iris_MLP_FedAvg_NonIID_a0.3 ==========
2025-05-03 12:43:35,824 [INFO] ExperimentRunner: --- Setting up experiment: Iris_MLP_FedAvg_NonIID_a0.3 ---
2025-05-03 12:43:35,824 [INFO] src.utils.data_utils: Set random seed to 42
2025-05-03 12:43:35,827 [INFO] src.utils.data_utils: Successfully loaded configuration from /home/dhanraj/quantum_federated_simulator/configs/federated/server_config.yaml
2025-05-03 12:43:35,829 [INFO] src.utils.data_utils: Successfully loaded configuration from /home/dhanraj/quantum_federated_simulator/configs/federated/client_config.yaml
2025-05-03 12:43:35,831 [INFO] src.utils.data_utils: Successfully loaded configuration from /home/dhanraj/quantum_federated_simulator/configs/federated/default_aggregation.yaml
2025-05-03 12:43:35,832 [INFO] src.utils.data_utils: Partitioning data Non-IID (Dirichlet alpha=0.3) among 5 clients.
2025-05-03 12:43:35,834 [INFO] src.utils.data_utils: Data partitioning complete.
2025-05-03 12:43:35,835 [INFO] ExperimentRunner: Creating model of type: classical_mlp
2025-05-03 12:43:35,835 [INFO] src.federated.aggregation: Creating aggregation strategy of type: fedavg
2025-05-03 12:43:35,835 [INFO] ExperimentRunner: Using aggregation strategy: FedAvg
2025-05-03 12:43:35,836 [INFO] src.federated.server: Federated server initialized on device 'cuda' with aggregation strategy: FedAvg
2025-05-03 12:43:35,836 [INFO] ExperimentRunner: Creating model of type: classical_mlp
2025-05-03 12:43:35,837 [INFO] src.federated.client: Client classical_mlp_client_0 initialized on device 'cuda' with 25 samples.
2025-05-03 12:43:35,837 [INFO] src.federated.server: Registered client 'classical_mlp_client_0'. Total clients: 1.
2025-05-03 12:43:35,837 [INFO] ExperimentRunner: Creating model of type: classical_mlp
2025-05-03 12:43:35,838 [ERROR] ExperimentRunner: ========== Experiment Iris_MLP_FedAvg_NonIID_a0.3 failed: num_samples should be a positive integer value, but got num_samples=0 ==========
Traceback (most recent call last):
  File "/home/dhanraj/quantum_federated_simulator/run_iris_experiment.py", line 254, in run_all_experiments
    server, server_cfg = setup_federated_scenario(exp_config, train_data, test_data, n_features_original)
                         ^^^^^^^^^^^^^^^^^^^^^^^^^^^^^^^^^^^^^^^^^^^^^^^^^^^^^^^^^^^^^^^^^^^^^^^^^^^^^^^^
  File "/home/dhanraj/quantum_federated_simulator/run_iris_experiment.py", line 220, in setup_federated_scenario
    client = ClientClass(client_id=client_id, model=client_model_instance, dataset=client_datasets[i], **client_setup_kwargs)
             ^^^^^^^^^^^^^^^^^^^^^^^^^^^^^^^^^^^^^^^^^^^^^^^^^^^^^^^^^^^^^^^^^^^^^^^^^^^^^^^^^^^^^^^^^^^^^^^^^^^^^^^^^^^^^^^^
  File "/home/dhanraj/quantum_federated_simulator/src/federated/client.py", line 102, in __init__
    self.data_loader = DataLoader(
                       ^^^^^^^^^^^
  File "/home/dhanraj/quantum_federated_simulator/qfl-env/lib/python3.12/site-packages/torch/utils/data/dataloader.py", line 383, in __init__
    sampler = RandomSampler(dataset, generator=generator)  # type: ignore[arg-type]
              ^^^^^^^^^^^^^^^^^^^^^^^^^^^^^^^^^^^^^^^^^^^
  File "/home/dhanraj/quantum_federated_simulator/qfl-env/lib/python3.12/site-packages/torch/utils/data/sampler.py", line 165, in __init__
    raise ValueError(
ValueError: num_samples should be a positive integer value, but got num_samples=0
2025-05-03 12:43:35,841 [INFO] ExperimentRunner: ========== Starting Iris_MLP_FedProx_IID ==========
2025-05-03 12:43:35,841 [INFO] ExperimentRunner: --- Setting up experiment: Iris_MLP_FedProx_IID ---
2025-05-03 12:43:35,841 [INFO] src.utils.data_utils: Set random seed to 42
2025-05-03 12:43:35,844 [INFO] src.utils.data_utils: Successfully loaded configuration from /home/dhanraj/quantum_federated_simulator/configs/federated/server_config.yaml
2025-05-03 12:43:35,847 [INFO] src.utils.data_utils: Successfully loaded configuration from /home/dhanraj/quantum_federated_simulator/configs/federated/client_config.yaml
2025-05-03 12:43:35,849 [INFO] src.utils.data_utils: Successfully loaded configuration from /home/dhanraj/quantum_federated_simulator/configs/federated/default_aggregation.yaml
2025-05-03 12:43:35,849 [INFO] src.utils.data_utils: Partitioning data IID among 5 clients.
2025-05-03 12:43:35,849 [INFO] src.utils.data_utils: Data partitioning complete.
2025-05-03 12:43:35,849 [INFO] ExperimentRunner: Creating model of type: classical_mlp
2025-05-03 12:43:35,850 [INFO] src.federated.aggregation: Creating aggregation strategy of type: fedavg
2025-05-03 12:43:35,850 [INFO] ExperimentRunner: Using aggregation strategy: FedAvg
2025-05-03 12:43:35,851 [INFO] src.federated.server: Federated server initialized on device 'cuda' with aggregation strategy: FedAvg
2025-05-03 12:43:35,851 [INFO] ExperimentRunner: Creating model of type: classical_mlp
2025-05-03 12:43:35,852 [INFO] src.federated.client: Client classical_mlp_client_0 initialized on device 'cuda' with 23 samples.
2025-05-03 12:43:35,852 [INFO] src.federated.server: Registered client 'classical_mlp_client_0'. Total clients: 1.
2025-05-03 12:43:35,852 [INFO] ExperimentRunner: Creating model of type: classical_mlp
2025-05-03 12:43:35,853 [INFO] src.federated.client: Client classical_mlp_client_1 initialized on device 'cuda' with 23 samples.
2025-05-03 12:43:35,853 [INFO] src.federated.server: Registered client 'classical_mlp_client_1'. Total clients: 2.
2025-05-03 12:43:35,853 [INFO] ExperimentRunner: Creating model of type: classical_mlp
2025-05-03 12:43:35,853 [INFO] src.federated.client: Client classical_mlp_client_2 initialized on device 'cuda' with 22 samples.
2025-05-03 12:43:35,853 [INFO] src.federated.server: Registered client 'classical_mlp_client_2'. Total clients: 3.
2025-05-03 12:43:35,853 [INFO] ExperimentRunner: Creating model of type: classical_mlp
2025-05-03 12:43:35,854 [INFO] src.federated.client: Client classical_mlp_client_3 initialized on device 'cuda' with 22 samples.
2025-05-03 12:43:35,854 [INFO] src.federated.server: Registered client 'classical_mlp_client_3'. Total clients: 4.
2025-05-03 12:43:35,854 [INFO] ExperimentRunner: Creating model of type: classical_mlp
2025-05-03 12:43:35,855 [INFO] src.federated.client: Client classical_mlp_client_4 initialized on device 'cuda' with 22 samples.
2025-05-03 12:43:35,855 [INFO] src.federated.server: Registered client 'classical_mlp_client_4'. Total clients: 5.
2025-05-03 12:43:35,856 [INFO] ExperimentRunner: --- Scenario setup complete for Iris_MLP_FedProx_IID ---
2025-05-03 12:43:35,856 [INFO] src.federated.server: Starting federated training process for 20 rounds.
2025-05-03 12:43:35,856 [INFO] src.federated.server: Config: local_epochs=5, client_fraction=0.1, min_clients=3, FedProx mu=0.01
2025-05-03 12:43:35,856 [INFO] src.federated.server: Performing initial evaluation of global model...
2025-05-03 12:43:35,858 [INFO] src.federated.server: Initial Evaluation Metrics: {'loss': 1.1071447060567248, 'accuracy': 0.34210526315789475}
2025-05-03 12:43:35,858 [INFO] src.federated.server: ===== Starting Round 1/20 =====
2025-05-03 12:43:35,858 [INFO] src.federated.server: Starting federated training round...
2025-05-03 12:43:35,858 [INFO] src.federated.server: Selected 3 clients out of 5 available (fraction=0.1, min_clients=3): ['classical_mlp_client_0', 'classical_mlp_client_4', 'classical_mlp_client_2']
2025-05-03 12:43:35,860 [INFO] src.federated.client: Client classical_mlp_client_0: Starting local training for 5 epochs. Proximal term mu=0.01.
2025-05-03 12:43:35,911 [INFO] src.federated.client: Client classical_mlp_client_0 - Epoch 1/5 completed. Average Loss: 1.1388
2025-05-03 12:43:35,917 [INFO] src.federated.client: Client classical_mlp_client_0 - Epoch 2/5 completed. Average Loss: 1.0666
2025-05-03 12:43:35,920 [INFO] src.federated.client: Client classical_mlp_client_0 - Epoch 3/5 completed. Average Loss: 0.9860
2025-05-03 12:43:35,924 [INFO] src.federated.client: Client classical_mlp_client_0 - Epoch 4/5 completed. Average Loss: 0.8917
2025-05-03 12:43:35,928 [INFO] src.federated.client: Client classical_mlp_client_0 - Epoch 5/5 completed. Average Loss: 0.7789
2025-05-03 12:43:35,929 [INFO] src.federated.client: Client classical_mlp_client_0: Local training finished. Processed 115 samples.
2025-05-03 12:43:35,929 [INFO] src.federated.client: Client classical_mlp_client_4: Starting local training for 5 epochs. Proximal term mu=0.01.
2025-05-03 12:43:35,933 [INFO] src.federated.client: Client classical_mlp_client_4 - Epoch 1/5 completed. Average Loss: 1.1130
2025-05-03 12:43:35,937 [INFO] src.federated.client: Client classical_mlp_client_4 - Epoch 2/5 completed. Average Loss: 1.0501
2025-05-03 12:43:35,940 [INFO] src.federated.client: Client classical_mlp_client_4 - Epoch 3/5 completed. Average Loss: 0.9803
2025-05-03 12:43:35,944 [INFO] src.federated.client: Client classical_mlp_client_4 - Epoch 4/5 completed. Average Loss: 0.8994
2025-05-03 12:43:35,947 [INFO] src.federated.client: Client classical_mlp_client_4 - Epoch 5/5 completed. Average Loss: 0.8090
2025-05-03 12:43:35,948 [INFO] src.federated.client: Client classical_mlp_client_4: Local training finished. Processed 110 samples.
2025-05-03 12:43:35,949 [INFO] src.federated.client: Client classical_mlp_client_2: Starting local training for 5 epochs. Proximal term mu=0.01.
2025-05-03 12:43:35,953 [INFO] src.federated.client: Client classical_mlp_client_2 - Epoch 1/5 completed. Average Loss: 1.1612
2025-05-03 12:43:35,957 [INFO] src.federated.client: Client classical_mlp_client_2 - Epoch 2/5 completed. Average Loss: 1.0928
2025-05-03 12:43:35,961 [INFO] src.federated.client: Client classical_mlp_client_2 - Epoch 3/5 completed. Average Loss: 1.0043
2025-05-03 12:43:35,965 [INFO] src.federated.client: Client classical_mlp_client_2 - Epoch 4/5 completed. Average Loss: 0.9058
2025-05-03 12:43:35,968 [INFO] src.federated.client: Client classical_mlp_client_2 - Epoch 5/5 completed. Average Loss: 0.7965
2025-05-03 12:43:35,969 [INFO] src.federated.client: Client classical_mlp_client_2: Local training finished. Processed 110 samples.
2025-05-03 12:43:35,969 [INFO] src.federated.server: Aggregating updates from 3 clients using FedAvg.
2025-05-03 12:43:35,969 [INFO] src.federated.aggregation: FedAvg: Aggregating updates from 3 clients.
2025-05-03 12:43:35,970 [INFO] src.federated.aggregation: FedAvg: Aggregation complete.
2025-05-03 12:43:35,970 [INFO] src.federated.server: Global model updated with aggregated parameters.
2025-05-03 12:43:35,970 [INFO] src.federated.server: Evaluating updated global model...
2025-05-03 12:43:35,972 [INFO] src.federated.server: Round 1 completed in 0.11s. Eval Metrics: {'loss': 0.7838483401529539, 'accuracy': 0.631578947368421}
2025-05-03 12:43:35,972 [INFO] src.federated.server: ===== Starting Round 2/20 =====
2025-05-03 12:43:35,972 [INFO] src.federated.server: Starting federated training round...
2025-05-03 12:43:35,972 [INFO] src.federated.server: Selected 3 clients out of 5 available (fraction=0.1, min_clients=3): ['classical_mlp_client_2', 'classical_mlp_client_1', 'classical_mlp_client_0']
2025-05-03 12:43:35,973 [INFO] src.federated.client: Client classical_mlp_client_2: Starting local training for 5 epochs. Proximal term mu=0.01.
2025-05-03 12:43:35,977 [INFO] src.federated.client: Client classical_mlp_client_2 - Epoch 1/5 completed. Average Loss: 0.7365
2025-05-03 12:43:35,981 [INFO] src.federated.client: Client classical_mlp_client_2 - Epoch 2/5 completed. Average Loss: 0.6288
2025-05-03 12:43:35,985 [INFO] src.federated.client: Client classical_mlp_client_2 - Epoch 3/5 completed. Average Loss: 0.5401
2025-05-03 12:43:35,989 [INFO] src.federated.client: Client classical_mlp_client_2 - Epoch 4/5 completed. Average Loss: 0.4679
2025-05-03 12:43:35,993 [INFO] src.federated.client: Client classical_mlp_client_2 - Epoch 5/5 completed. Average Loss: 0.4070
2025-05-03 12:43:35,994 [INFO] src.federated.client: Client classical_mlp_client_2: Local training finished. Processed 110 samples.
2025-05-03 12:43:35,994 [INFO] src.federated.client: Client classical_mlp_client_1: Starting local training for 5 epochs. Proximal term mu=0.01.
2025-05-03 12:43:35,998 [INFO] src.federated.client: Client classical_mlp_client_1 - Epoch 1/5 completed. Average Loss: 0.7993
2025-05-03 12:43:36,002 [INFO] src.federated.client: Client classical_mlp_client_1 - Epoch 2/5 completed. Average Loss: 0.6986
2025-05-03 12:43:36,006 [INFO] src.federated.client: Client classical_mlp_client_1 - Epoch 3/5 completed. Average Loss: 0.6122
2025-05-03 12:43:36,010 [INFO] src.federated.client: Client classical_mlp_client_1 - Epoch 4/5 completed. Average Loss: 0.5412
2025-05-03 12:43:36,013 [INFO] src.federated.client: Client classical_mlp_client_1 - Epoch 5/5 completed. Average Loss: 0.4759
2025-05-03 12:43:36,014 [INFO] src.federated.client: Client classical_mlp_client_1: Local training finished. Processed 115 samples.
2025-05-03 12:43:36,015 [INFO] src.federated.client: Client classical_mlp_client_0: Starting local training for 5 epochs. Proximal term mu=0.01.
2025-05-03 12:43:36,019 [INFO] src.federated.client: Client classical_mlp_client_0 - Epoch 1/5 completed. Average Loss: 0.6055
2025-05-03 12:43:36,022 [INFO] src.federated.client: Client classical_mlp_client_0 - Epoch 2/5 completed. Average Loss: 0.4876
2025-05-03 12:43:36,026 [INFO] src.federated.client: Client classical_mlp_client_0 - Epoch 3/5 completed. Average Loss: 0.3994
2025-05-03 12:43:36,030 [INFO] src.federated.client: Client classical_mlp_client_0 - Epoch 4/5 completed. Average Loss: 0.3455
2025-05-03 12:43:36,033 [INFO] src.federated.client: Client classical_mlp_client_0 - Epoch 5/5 completed. Average Loss: 0.3128
2025-05-03 12:43:36,034 [INFO] src.federated.client: Client classical_mlp_client_0: Local training finished. Processed 115 samples.
2025-05-03 12:43:36,034 [INFO] src.federated.server: Aggregating updates from 3 clients using FedAvg.
2025-05-03 12:43:36,034 [INFO] src.federated.aggregation: FedAvg: Aggregating updates from 3 clients.
2025-05-03 12:43:36,035 [INFO] src.federated.aggregation: FedAvg: Aggregation complete.
2025-05-03 12:43:36,035 [INFO] src.federated.server: Global model updated with aggregated parameters.
2025-05-03 12:43:36,035 [INFO] src.federated.server: Evaluating updated global model...
2025-05-03 12:43:36,037 [INFO] src.federated.server: Round 2 completed in 0.06s. Eval Metrics: {'loss': 0.4955237605356585, 'accuracy': 0.7631578947368421}
2025-05-03 12:43:36,037 [INFO] src.federated.server: ===== Starting Round 3/20 =====
2025-05-03 12:43:36,037 [INFO] src.federated.server: Starting federated training round...
2025-05-03 12:43:36,037 [INFO] src.federated.server: Selected 3 clients out of 5 available (fraction=0.1, min_clients=3): ['classical_mlp_client_1', 'classical_mlp_client_0', 'classical_mlp_client_2']
2025-05-03 12:43:36,038 [INFO] src.federated.client: Client classical_mlp_client_1: Starting local training for 5 epochs. Proximal term mu=0.01.
2025-05-03 12:43:36,042 [INFO] src.federated.client: Client classical_mlp_client_1 - Epoch 1/5 completed. Average Loss: 0.4929
2025-05-03 12:43:36,045 [INFO] src.federated.client: Client classical_mlp_client_1 - Epoch 2/5 completed. Average Loss: 0.4188
2025-05-03 12:43:36,049 [INFO] src.federated.client: Client classical_mlp_client_1 - Epoch 3/5 completed. Average Loss: 0.3543
2025-05-03 12:43:36,052 [INFO] src.federated.client: Client classical_mlp_client_1 - Epoch 4/5 completed. Average Loss: 0.3091
2025-05-03 12:43:36,056 [INFO] src.federated.client: Client classical_mlp_client_1 - Epoch 5/5 completed. Average Loss: 0.2748
2025-05-03 12:43:36,057 [INFO] src.federated.client: Client classical_mlp_client_1: Local training finished. Processed 115 samples.
2025-05-03 12:43:36,057 [INFO] src.federated.client: Client classical_mlp_client_0: Starting local training for 5 epochs. Proximal term mu=0.01.
2025-05-03 12:43:36,061 [INFO] src.federated.client: Client classical_mlp_client_0 - Epoch 1/5 completed. Average Loss: 0.2278
2025-05-03 12:43:36,065 [INFO] src.federated.client: Client classical_mlp_client_0 - Epoch 2/5 completed. Average Loss: 0.2017
2025-05-03 12:43:36,069 [INFO] src.federated.client: Client classical_mlp_client_0 - Epoch 3/5 completed. Average Loss: 0.1783
2025-05-03 12:43:36,073 [INFO] src.federated.client: Client classical_mlp_client_0 - Epoch 4/5 completed. Average Loss: 0.1557
2025-05-03 12:43:36,076 [INFO] src.federated.client: Client classical_mlp_client_0 - Epoch 5/5 completed. Average Loss: 0.1346
2025-05-03 12:43:36,077 [INFO] src.federated.client: Client classical_mlp_client_0: Local training finished. Processed 115 samples.
2025-05-03 12:43:36,077 [INFO] src.federated.client: Client classical_mlp_client_2: Starting local training for 5 epochs. Proximal term mu=0.01.
2025-05-03 12:43:36,081 [INFO] src.federated.client: Client classical_mlp_client_2 - Epoch 1/5 completed. Average Loss: 0.3679
2025-05-03 12:43:36,085 [INFO] src.federated.client: Client classical_mlp_client_2 - Epoch 2/5 completed. Average Loss: 0.3044
2025-05-03 12:43:36,088 [INFO] src.federated.client: Client classical_mlp_client_2 - Epoch 3/5 completed. Average Loss: 0.2474
2025-05-03 12:43:36,093 [INFO] src.federated.client: Client classical_mlp_client_2 - Epoch 4/5 completed. Average Loss: 0.1991
2025-05-03 12:43:36,097 [INFO] src.federated.client: Client classical_mlp_client_2 - Epoch 5/5 completed. Average Loss: 0.1610
2025-05-03 12:43:36,098 [INFO] src.federated.client: Client classical_mlp_client_2: Local training finished. Processed 110 samples.
2025-05-03 12:43:36,098 [INFO] src.federated.server: Aggregating updates from 3 clients using FedAvg.
2025-05-03 12:43:36,098 [INFO] src.federated.aggregation: FedAvg: Aggregating updates from 3 clients.
2025-05-03 12:43:36,099 [INFO] src.federated.aggregation: FedAvg: Aggregation complete.
2025-05-03 12:43:36,099 [INFO] src.federated.server: Global model updated with aggregated parameters.
2025-05-03 12:43:36,099 [INFO] src.federated.server: Evaluating updated global model...
2025-05-03 12:43:36,101 [INFO] src.federated.server: Round 3 completed in 0.06s. Eval Metrics: {'loss': 0.285037999671474, 'accuracy': 0.8947368421052632}
2025-05-03 12:43:36,101 [INFO] src.federated.server: ===== Starting Round 4/20 =====
2025-05-03 12:43:36,101 [INFO] src.federated.server: Starting federated training round...
2025-05-03 12:43:36,101 [INFO] src.federated.server: Selected 3 clients out of 5 available (fraction=0.1, min_clients=3): ['classical_mlp_client_4', 'classical_mlp_client_0', 'classical_mlp_client_2']
2025-05-03 12:43:36,102 [INFO] src.federated.client: Client classical_mlp_client_4: Starting local training for 5 epochs. Proximal term mu=0.01.
2025-05-03 12:43:36,108 [INFO] src.federated.client: Client classical_mlp_client_4 - Epoch 1/5 completed. Average Loss: 0.2342
2025-05-03 12:43:36,112 [INFO] src.federated.client: Client classical_mlp_client_4 - Epoch 2/5 completed. Average Loss: 0.1958
2025-05-03 12:43:36,116 [INFO] src.federated.client: Client classical_mlp_client_4 - Epoch 3/5 completed. Average Loss: 0.1720
2025-05-03 12:43:36,119 [INFO] src.federated.client: Client classical_mlp_client_4 - Epoch 4/5 completed. Average Loss: 0.1470
2025-05-03 12:43:36,123 [INFO] src.federated.client: Client classical_mlp_client_4 - Epoch 5/5 completed. Average Loss: 0.1226
2025-05-03 12:43:36,123 [INFO] src.federated.client: Client classical_mlp_client_4: Local training finished. Processed 110 samples.
2025-05-03 12:43:36,124 [INFO] src.federated.client: Client classical_mlp_client_0: Starting local training for 5 epochs. Proximal term mu=0.01.
2025-05-03 12:43:36,128 [INFO] src.federated.client: Client classical_mlp_client_0 - Epoch 1/5 completed. Average Loss: 0.1034
2025-05-03 12:43:36,132 [INFO] src.federated.client: Client classical_mlp_client_0 - Epoch 2/5 completed. Average Loss: 0.0839
2025-05-03 12:43:36,136 [INFO] src.federated.client: Client classical_mlp_client_0 - Epoch 3/5 completed. Average Loss: 0.0662
2025-05-03 12:43:36,140 [INFO] src.federated.client: Client classical_mlp_client_0 - Epoch 4/5 completed. Average Loss: 0.0531
2025-05-03 12:43:36,145 [INFO] src.federated.client: Client classical_mlp_client_0 - Epoch 5/5 completed. Average Loss: 0.0443
2025-05-03 12:43:36,145 [INFO] src.federated.client: Client classical_mlp_client_0: Local training finished. Processed 115 samples.
2025-05-03 12:43:36,146 [INFO] src.federated.client: Client classical_mlp_client_2: Starting local training for 5 epochs. Proximal term mu=0.01.
2025-05-03 12:43:36,151 [INFO] src.federated.client: Client classical_mlp_client_2 - Epoch 1/5 completed. Average Loss: 0.1289
2025-05-03 12:43:36,155 [INFO] src.federated.client: Client classical_mlp_client_2 - Epoch 2/5 completed. Average Loss: 0.0996
2025-05-03 12:43:36,160 [INFO] src.federated.client: Client classical_mlp_client_2 - Epoch 3/5 completed. Average Loss: 0.0773
2025-05-03 12:43:36,163 [INFO] src.federated.client: Client classical_mlp_client_2 - Epoch 4/5 completed. Average Loss: 0.0601
2025-05-03 12:43:36,168 [INFO] src.federated.client: Client classical_mlp_client_2 - Epoch 5/5 completed. Average Loss: 0.0478
2025-05-03 12:43:36,168 [INFO] src.federated.client: Client classical_mlp_client_2: Local training finished. Processed 110 samples.
2025-05-03 12:43:36,168 [INFO] src.federated.server: Aggregating updates from 3 clients using FedAvg.
2025-05-03 12:43:36,168 [INFO] src.federated.aggregation: FedAvg: Aggregating updates from 3 clients.
2025-05-03 12:43:36,169 [INFO] src.federated.aggregation: FedAvg: Aggregation complete.
2025-05-03 12:43:36,170 [INFO] src.federated.server: Global model updated with aggregated parameters.
2025-05-03 12:43:36,170 [INFO] src.federated.server: Evaluating updated global model...
2025-05-03 12:43:36,171 [INFO] src.federated.server: Round 4 completed in 0.07s. Eval Metrics: {'loss': 0.17291648084592653, 'accuracy': 0.9210526315789473}
2025-05-03 12:43:36,171 [INFO] src.federated.server: ===== Starting Round 5/20 =====
2025-05-03 12:43:36,171 [INFO] src.federated.server: Starting federated training round...
2025-05-03 12:43:36,172 [INFO] src.federated.server: Selected 3 clients out of 5 available (fraction=0.1, min_clients=3): ['classical_mlp_client_3', 'classical_mlp_client_0', 'classical_mlp_client_4']
2025-05-03 12:43:36,172 [INFO] src.federated.client: Client classical_mlp_client_3: Starting local training for 5 epochs. Proximal term mu=0.01.
2025-05-03 12:43:36,177 [INFO] src.federated.client: Client classical_mlp_client_3 - Epoch 1/5 completed. Average Loss: 0.0968
2025-05-03 12:43:36,180 [INFO] src.federated.client: Client classical_mlp_client_3 - Epoch 2/5 completed. Average Loss: 0.0627
2025-05-03 12:43:36,184 [INFO] src.federated.client: Client classical_mlp_client_3 - Epoch 3/5 completed. Average Loss: 0.0726
2025-05-03 12:43:36,188 [INFO] src.federated.client: Client classical_mlp_client_3 - Epoch 4/5 completed. Average Loss: 0.0581
2025-05-03 12:43:36,192 [INFO] src.federated.client: Client classical_mlp_client_3 - Epoch 5/5 completed. Average Loss: 0.0402
2025-05-03 12:43:36,193 [INFO] src.federated.client: Client classical_mlp_client_3: Local training finished. Processed 110 samples.
2025-05-03 12:43:36,193 [INFO] src.federated.client: Client classical_mlp_client_0: Starting local training for 5 epochs. Proximal term mu=0.01.
2025-05-03 12:43:36,198 [INFO] src.federated.client: Client classical_mlp_client_0 - Epoch 1/5 completed. Average Loss: 0.0359
2025-05-03 12:43:36,201 [INFO] src.federated.client: Client classical_mlp_client_0 - Epoch 2/5 completed. Average Loss: 0.0280
2025-05-03 12:43:36,204 [INFO] src.federated.client: Client classical_mlp_client_0 - Epoch 3/5 completed. Average Loss: 0.0220
2025-05-03 12:43:36,207 [INFO] src.federated.client: Client classical_mlp_client_0 - Epoch 4/5 completed. Average Loss: 0.0175
2025-05-03 12:43:36,211 [INFO] src.federated.client: Client classical_mlp_client_0 - Epoch 5/5 completed. Average Loss: 0.0146
2025-05-03 12:43:36,211 [INFO] src.federated.client: Client classical_mlp_client_0: Local training finished. Processed 115 samples.
2025-05-03 12:43:36,212 [INFO] src.federated.client: Client classical_mlp_client_4: Starting local training for 5 epochs. Proximal term mu=0.01.
2025-05-03 12:43:36,216 [INFO] src.federated.client: Client classical_mlp_client_4 - Epoch 1/5 completed. Average Loss: 0.1022
2025-05-03 12:43:36,221 [INFO] src.federated.client: Client classical_mlp_client_4 - Epoch 2/5 completed. Average Loss: 0.0937
2025-05-03 12:43:36,225 [INFO] src.federated.client: Client classical_mlp_client_4 - Epoch 3/5 completed. Average Loss: 0.0908
2025-05-03 12:43:36,228 [INFO] src.federated.client: Client classical_mlp_client_4 - Epoch 4/5 completed. Average Loss: 0.0776
2025-05-03 12:43:36,232 [INFO] src.federated.client: Client classical_mlp_client_4 - Epoch 5/5 completed. Average Loss: 0.0695
2025-05-03 12:43:36,232 [INFO] src.federated.client: Client classical_mlp_client_4: Local training finished. Processed 110 samples.
2025-05-03 12:43:36,232 [INFO] src.federated.server: Aggregating updates from 3 clients using FedAvg.
2025-05-03 12:43:36,233 [INFO] src.federated.aggregation: FedAvg: Aggregating updates from 3 clients.
2025-05-03 12:43:36,233 [INFO] src.federated.aggregation: FedAvg: Aggregation complete.
2025-05-03 12:43:36,234 [INFO] src.federated.server: Global model updated with aggregated parameters.
2025-05-03 12:43:36,234 [INFO] src.federated.server: Evaluating updated global model...
2025-05-03 12:43:36,235 [INFO] src.federated.server: Round 5 completed in 0.06s. Eval Metrics: {'loss': 0.13538931559521533, 'accuracy': 0.9210526315789473}
2025-05-03 12:43:36,235 [INFO] src.federated.server: ===== Starting Round 6/20 =====
2025-05-03 12:43:36,235 [INFO] src.federated.server: Starting federated training round...
2025-05-03 12:43:36,235 [INFO] src.federated.server: Selected 3 clients out of 5 available (fraction=0.1, min_clients=3): ['classical_mlp_client_0', 'classical_mlp_client_1', 'classical_mlp_client_4']
2025-05-03 12:43:36,236 [INFO] src.federated.client: Client classical_mlp_client_0: Starting local training for 5 epochs. Proximal term mu=0.01.
2025-05-03 12:43:36,240 [INFO] src.federated.client: Client classical_mlp_client_0 - Epoch 1/5 completed. Average Loss: 0.0174
2025-05-03 12:43:36,244 [INFO] src.federated.client: Client classical_mlp_client_0 - Epoch 2/5 completed. Average Loss: 0.0122
2025-05-03 12:43:36,249 [INFO] src.federated.client: Client classical_mlp_client_0 - Epoch 3/5 completed. Average Loss: 0.0089
2025-05-03 12:43:36,252 [INFO] src.federated.client: Client classical_mlp_client_0 - Epoch 4/5 completed. Average Loss: 0.0075
2025-05-03 12:43:36,256 [INFO] src.federated.client: Client classical_mlp_client_0 - Epoch 5/5 completed. Average Loss: 0.0073
2025-05-03 12:43:36,257 [INFO] src.federated.client: Client classical_mlp_client_0: Local training finished. Processed 115 samples.
2025-05-03 12:43:36,257 [INFO] src.federated.client: Client classical_mlp_client_1: Starting local training for 5 epochs. Proximal term mu=0.01.
2025-05-03 12:43:36,261 [INFO] src.federated.client: Client classical_mlp_client_1 - Epoch 1/5 completed. Average Loss: 0.1701
2025-05-03 12:43:36,266 [INFO] src.federated.client: Client classical_mlp_client_1 - Epoch 2/5 completed. Average Loss: 0.1495
2025-05-03 12:43:36,270 [INFO] src.federated.client: Client classical_mlp_client_1 - Epoch 3/5 completed. Average Loss: 0.1326
2025-05-03 12:43:36,274 [INFO] src.federated.client: Client classical_mlp_client_1 - Epoch 4/5 completed. Average Loss: 0.1229
2025-05-03 12:43:36,277 [INFO] src.federated.client: Client classical_mlp_client_1 - Epoch 5/5 completed. Average Loss: 0.1094
2025-05-03 12:43:36,278 [INFO] src.federated.client: Client classical_mlp_client_1: Local training finished. Processed 115 samples.
2025-05-03 12:43:36,278 [INFO] src.federated.client: Client classical_mlp_client_4: Starting local training for 5 epochs. Proximal term mu=0.01.
2025-05-03 12:43:36,282 [INFO] src.federated.client: Client classical_mlp_client_4 - Epoch 1/5 completed. Average Loss: 0.0874
2025-05-03 12:43:36,287 [INFO] src.federated.client: Client classical_mlp_client_4 - Epoch 2/5 completed. Average Loss: 0.0739
2025-05-03 12:43:36,291 [INFO] src.federated.client: Client classical_mlp_client_4 - Epoch 3/5 completed. Average Loss: 0.0575
2025-05-03 12:43:36,295 [INFO] src.federated.client: Client classical_mlp_client_4 - Epoch 4/5 completed. Average Loss: 0.0572
2025-05-03 12:43:36,298 [INFO] src.federated.client: Client classical_mlp_client_4 - Epoch 5/5 completed. Average Loss: 0.0615
2025-05-03 12:43:36,298 [INFO] src.federated.client: Client classical_mlp_client_4: Local training finished. Processed 110 samples.
2025-05-03 12:43:36,299 [INFO] src.federated.server: Aggregating updates from 3 clients using FedAvg.
2025-05-03 12:43:36,299 [INFO] src.federated.aggregation: FedAvg: Aggregating updates from 3 clients.
2025-05-03 12:43:36,299 [INFO] src.federated.aggregation: FedAvg: Aggregation complete.
2025-05-03 12:43:36,300 [INFO] src.federated.server: Global model updated with aggregated parameters.
2025-05-03 12:43:36,300 [INFO] src.federated.server: Evaluating updated global model...
2025-05-03 12:43:36,302 [INFO] src.federated.server: Round 6 completed in 0.07s. Eval Metrics: {'loss': 0.14287904534596446, 'accuracy': 0.9473684210526315}
2025-05-03 12:43:36,302 [INFO] src.federated.server: ===== Starting Round 7/20 =====
2025-05-03 12:43:36,302 [INFO] src.federated.server: Starting federated training round...
2025-05-03 12:43:36,302 [INFO] src.federated.server: Selected 3 clients out of 5 available (fraction=0.1, min_clients=3): ['classical_mlp_client_4', 'classical_mlp_client_0', 'classical_mlp_client_2']
2025-05-03 12:43:36,303 [INFO] src.federated.client: Client classical_mlp_client_4: Starting local training for 5 epochs. Proximal term mu=0.01.
2025-05-03 12:43:36,307 [INFO] src.federated.client: Client classical_mlp_client_4 - Epoch 1/5 completed. Average Loss: 0.0609
2025-05-03 12:43:36,311 [INFO] src.federated.client: Client classical_mlp_client_4 - Epoch 2/5 completed. Average Loss: 0.0493
2025-05-03 12:43:36,316 [INFO] src.federated.client: Client classical_mlp_client_4 - Epoch 3/5 completed. Average Loss: 0.0484
2025-05-03 12:43:36,321 [INFO] src.federated.client: Client classical_mlp_client_4 - Epoch 4/5 completed. Average Loss: 0.0478
2025-05-03 12:43:36,325 [INFO] src.federated.client: Client classical_mlp_client_4 - Epoch 5/5 completed. Average Loss: 0.0409
2025-05-03 12:43:36,325 [INFO] src.federated.client: Client classical_mlp_client_4: Local training finished. Processed 110 samples.
2025-05-03 12:43:36,326 [INFO] src.federated.client: Client classical_mlp_client_0: Starting local training for 5 epochs. Proximal term mu=0.01.
2025-05-03 12:43:36,329 [INFO] src.federated.client: Client classical_mlp_client_0 - Epoch 1/5 completed. Average Loss: 0.0066
2025-05-03 12:43:36,333 [INFO] src.federated.client: Client classical_mlp_client_0 - Epoch 2/5 completed. Average Loss: 0.0055
2025-05-03 12:43:36,336 [INFO] src.federated.client: Client classical_mlp_client_0 - Epoch 3/5 completed. Average Loss: 0.0043
2025-05-03 12:43:36,340 [INFO] src.federated.client: Client classical_mlp_client_0 - Epoch 4/5 completed. Average Loss: 0.0034
2025-05-03 12:43:36,344 [INFO] src.federated.client: Client classical_mlp_client_0 - Epoch 5/5 completed. Average Loss: 0.0028
2025-05-03 12:43:36,344 [INFO] src.federated.client: Client classical_mlp_client_0: Local training finished. Processed 115 samples.
2025-05-03 12:43:36,345 [INFO] src.federated.client: Client classical_mlp_client_2: Starting local training for 5 epochs. Proximal term mu=0.01.
2025-05-03 12:43:36,350 [INFO] src.federated.client: Client classical_mlp_client_2 - Epoch 1/5 completed. Average Loss: 0.0159
2025-05-03 12:43:36,354 [INFO] src.federated.client: Client classical_mlp_client_2 - Epoch 2/5 completed. Average Loss: 0.0100
2025-05-03 12:43:36,358 [INFO] src.federated.client: Client classical_mlp_client_2 - Epoch 3/5 completed. Average Loss: 0.0093
2025-05-03 12:43:36,361 [INFO] src.federated.client: Client classical_mlp_client_2 - Epoch 4/5 completed. Average Loss: 0.0117
2025-05-03 12:43:36,365 [INFO] src.federated.client: Client classical_mlp_client_2 - Epoch 5/5 completed. Average Loss: 0.0131
2025-05-03 12:43:36,365 [INFO] src.federated.client: Client classical_mlp_client_2: Local training finished. Processed 110 samples.
2025-05-03 12:43:36,366 [INFO] src.federated.server: Aggregating updates from 3 clients using FedAvg.
2025-05-03 12:43:36,366 [INFO] src.federated.aggregation: FedAvg: Aggregating updates from 3 clients.
2025-05-03 12:43:36,366 [INFO] src.federated.aggregation: FedAvg: Aggregation complete.
2025-05-03 12:43:36,367 [INFO] src.federated.server: Global model updated with aggregated parameters.
2025-05-03 12:43:36,367 [INFO] src.federated.server: Evaluating updated global model...
2025-05-03 12:43:36,369 [INFO] src.federated.server: Round 7 completed in 0.07s. Eval Metrics: {'loss': 0.11104741462643541, 'accuracy': 0.9210526315789473}
2025-05-03 12:43:36,369 [INFO] src.federated.server: ===== Starting Round 8/20 =====
2025-05-03 12:43:36,369 [INFO] src.federated.server: Starting federated training round...
2025-05-03 12:43:36,369 [INFO] src.federated.server: Selected 3 clients out of 5 available (fraction=0.1, min_clients=3): ['classical_mlp_client_1', 'classical_mlp_client_3', 'classical_mlp_client_0']
2025-05-03 12:43:36,370 [INFO] src.federated.client: Client classical_mlp_client_1: Starting local training for 5 epochs. Proximal term mu=0.01.
2025-05-03 12:43:36,376 [INFO] src.federated.client: Client classical_mlp_client_1 - Epoch 1/5 completed. Average Loss: 0.1470
2025-05-03 12:43:36,380 [INFO] src.federated.client: Client classical_mlp_client_1 - Epoch 2/5 completed. Average Loss: 0.1217
2025-05-03 12:43:36,386 [INFO] src.federated.client: Client classical_mlp_client_1 - Epoch 3/5 completed. Average Loss: 0.0955
2025-05-03 12:43:36,389 [INFO] src.federated.client: Client classical_mlp_client_1 - Epoch 4/5 completed. Average Loss: 0.0701
2025-05-03 12:43:36,393 [INFO] src.federated.client: Client classical_mlp_client_1 - Epoch 5/5 completed. Average Loss: 0.0536
2025-05-03 12:43:36,394 [INFO] src.federated.client: Client classical_mlp_client_1: Local training finished. Processed 115 samples.
2025-05-03 12:43:36,394 [INFO] src.federated.client: Client classical_mlp_client_3: Starting local training for 5 epochs. Proximal term mu=0.01.
2025-05-03 12:43:36,398 [INFO] src.federated.client: Client classical_mlp_client_3 - Epoch 1/5 completed. Average Loss: 0.0817
2025-05-03 12:43:36,403 [INFO] src.federated.client: Client classical_mlp_client_3 - Epoch 2/5 completed. Average Loss: 0.0608
2025-05-03 12:43:36,409 [INFO] src.federated.client: Client classical_mlp_client_3 - Epoch 3/5 completed. Average Loss: 0.0251
2025-05-03 12:43:36,413 [INFO] src.federated.client: Client classical_mlp_client_3 - Epoch 4/5 completed. Average Loss: 0.0075
2025-05-03 12:43:36,416 [INFO] src.federated.client: Client classical_mlp_client_3 - Epoch 5/5 completed. Average Loss: 0.0051
2025-05-03 12:43:36,417 [INFO] src.federated.client: Client classical_mlp_client_3: Local training finished. Processed 110 samples.
2025-05-03 12:43:36,417 [INFO] src.federated.client: Client classical_mlp_client_0: Starting local training for 5 epochs. Proximal term mu=0.01.
2025-05-03 12:43:36,421 [INFO] src.federated.client: Client classical_mlp_client_0 - Epoch 1/5 completed. Average Loss: 0.0022
2025-05-03 12:43:36,425 [INFO] src.federated.client: Client classical_mlp_client_0 - Epoch 2/5 completed. Average Loss: 0.0019
2025-05-03 12:43:36,429 [INFO] src.federated.client: Client classical_mlp_client_0 - Epoch 3/5 completed. Average Loss: 0.0018
2025-05-03 12:43:36,433 [INFO] src.federated.client: Client classical_mlp_client_0 - Epoch 4/5 completed. Average Loss: 0.0017
2025-05-03 12:43:36,438 [INFO] src.federated.client: Client classical_mlp_client_0 - Epoch 5/5 completed. Average Loss: 0.0016
2025-05-03 12:43:36,439 [INFO] src.federated.client: Client classical_mlp_client_0: Local training finished. Processed 115 samples.
2025-05-03 12:43:36,439 [INFO] src.federated.server: Aggregating updates from 3 clients using FedAvg.
2025-05-03 12:43:36,439 [INFO] src.federated.aggregation: FedAvg: Aggregating updates from 3 clients.
2025-05-03 12:43:36,440 [INFO] src.federated.aggregation: FedAvg: Aggregation complete.
2025-05-03 12:43:36,441 [INFO] src.federated.server: Global model updated with aggregated parameters.
2025-05-03 12:43:36,441 [INFO] src.federated.server: Evaluating updated global model...
2025-05-03 12:43:36,442 [INFO] src.federated.server: Round 8 completed in 0.07s. Eval Metrics: {'loss': 0.08896922003253993, 'accuracy': 0.9736842105263158}
2025-05-03 12:43:36,442 [INFO] src.federated.server: ===== Starting Round 9/20 =====
2025-05-03 12:43:36,442 [INFO] src.federated.server: Starting federated training round...
2025-05-03 12:43:36,442 [INFO] src.federated.server: Selected 3 clients out of 5 available (fraction=0.1, min_clients=3): ['classical_mlp_client_3', 'classical_mlp_client_2', 'classical_mlp_client_0']
2025-05-03 12:43:36,443 [INFO] src.federated.client: Client classical_mlp_client_3: Starting local training for 5 epochs. Proximal term mu=0.01.
2025-05-03 12:43:36,447 [INFO] src.federated.client: Client classical_mlp_client_3 - Epoch 1/5 completed. Average Loss: 0.0240
2025-05-03 12:43:36,451 [INFO] src.federated.client: Client classical_mlp_client_3 - Epoch 2/5 completed. Average Loss: 0.0057
2025-05-03 12:43:36,455 [INFO] src.federated.client: Client classical_mlp_client_3 - Epoch 3/5 completed. Average Loss: 0.0029
2025-05-03 12:43:36,459 [INFO] src.federated.client: Client classical_mlp_client_3 - Epoch 4/5 completed. Average Loss: 0.0054
2025-05-03 12:43:36,462 [INFO] src.federated.client: Client classical_mlp_client_3 - Epoch 5/5 completed. Average Loss: 0.0121
2025-05-03 12:43:36,463 [INFO] src.federated.client: Client classical_mlp_client_3: Local training finished. Processed 110 samples.
2025-05-03 12:43:36,464 [INFO] src.federated.client: Client classical_mlp_client_2: Starting local training for 5 epochs. Proximal term mu=0.01.
2025-05-03 12:43:36,468 [INFO] src.federated.client: Client classical_mlp_client_2 - Epoch 1/5 completed. Average Loss: 0.0335
2025-05-03 12:43:36,472 [INFO] src.federated.client: Client classical_mlp_client_2 - Epoch 2/5 completed. Average Loss: 0.0119
2025-05-03 12:43:36,476 [INFO] src.federated.client: Client classical_mlp_client_2 - Epoch 3/5 completed. Average Loss: 0.0042
2025-05-03 12:43:36,481 [INFO] src.federated.client: Client classical_mlp_client_2 - Epoch 4/5 completed. Average Loss: 0.0059
2025-05-03 12:43:36,485 [INFO] src.federated.client: Client classical_mlp_client_2 - Epoch 5/5 completed. Average Loss: 0.0124
2025-05-03 12:43:36,485 [INFO] src.federated.client: Client classical_mlp_client_2: Local training finished. Processed 110 samples.
2025-05-03 12:43:36,486 [INFO] src.federated.client: Client classical_mlp_client_0: Starting local training for 5 epochs. Proximal term mu=0.01.
2025-05-03 12:43:36,490 [INFO] src.federated.client: Client classical_mlp_client_0 - Epoch 1/5 completed. Average Loss: 0.0024
2025-05-03 12:43:36,494 [INFO] src.federated.client: Client classical_mlp_client_0 - Epoch 2/5 completed. Average Loss: 0.0019
2025-05-03 12:43:36,499 [INFO] src.federated.client: Client classical_mlp_client_0 - Epoch 3/5 completed. Average Loss: 0.0014
2025-05-03 12:43:36,503 [INFO] src.federated.client: Client classical_mlp_client_0 - Epoch 4/5 completed. Average Loss: 0.0011
2025-05-03 12:43:36,509 [INFO] src.federated.client: Client classical_mlp_client_0 - Epoch 5/5 completed. Average Loss: 0.0009
2025-05-03 12:43:36,509 [INFO] src.federated.client: Client classical_mlp_client_0: Local training finished. Processed 115 samples.
2025-05-03 12:43:36,509 [INFO] src.federated.server: Aggregating updates from 3 clients using FedAvg.
2025-05-03 12:43:36,510 [INFO] src.federated.aggregation: FedAvg: Aggregating updates from 3 clients.
2025-05-03 12:43:36,510 [INFO] src.federated.aggregation: FedAvg: Aggregation complete.
2025-05-03 12:43:36,511 [INFO] src.federated.server: Global model updated with aggregated parameters.
2025-05-03 12:43:36,511 [INFO] src.federated.server: Evaluating updated global model...
2025-05-03 12:43:36,512 [INFO] src.federated.server: Round 9 completed in 0.07s. Eval Metrics: {'loss': 0.102890840749245, 'accuracy': 0.9736842105263158}
2025-05-03 12:43:36,512 [INFO] src.federated.server: ===== Starting Round 10/20 =====
2025-05-03 12:43:36,513 [INFO] src.federated.server: Starting federated training round...
2025-05-03 12:43:36,513 [INFO] src.federated.server: Selected 3 clients out of 5 available (fraction=0.1, min_clients=3): ['classical_mlp_client_1', 'classical_mlp_client_3', 'classical_mlp_client_4']
2025-05-03 12:43:36,513 [INFO] src.federated.client: Client classical_mlp_client_1: Starting local training for 5 epochs. Proximal term mu=0.01.
2025-05-03 12:43:36,517 [INFO] src.federated.client: Client classical_mlp_client_1 - Epoch 1/5 completed. Average Loss: 0.2170
2025-05-03 12:43:36,522 [INFO] src.federated.client: Client classical_mlp_client_1 - Epoch 2/5 completed. Average Loss: 0.1120
2025-05-03 12:43:36,527 [INFO] src.federated.client: Client classical_mlp_client_1 - Epoch 3/5 completed. Average Loss: 0.0594
2025-05-03 12:43:36,530 [INFO] src.federated.client: Client classical_mlp_client_1 - Epoch 4/5 completed. Average Loss: 0.0873
2025-05-03 12:43:36,535 [INFO] src.federated.client: Client classical_mlp_client_1 - Epoch 5/5 completed. Average Loss: 0.1070
2025-05-03 12:43:36,535 [INFO] src.federated.client: Client classical_mlp_client_1: Local training finished. Processed 115 samples.
2025-05-03 12:43:36,536 [INFO] src.federated.client: Client classical_mlp_client_3: Starting local training for 5 epochs. Proximal term mu=0.01.
2025-05-03 12:43:36,541 [INFO] src.federated.client: Client classical_mlp_client_3 - Epoch 1/5 completed. Average Loss: 0.0174
2025-05-03 12:43:36,545 [INFO] src.federated.client: Client classical_mlp_client_3 - Epoch 2/5 completed. Average Loss: 0.0059
2025-05-03 12:43:36,550 [INFO] src.federated.client: Client classical_mlp_client_3 - Epoch 3/5 completed. Average Loss: 0.0023
2025-05-03 12:43:36,555 [INFO] src.federated.client: Client classical_mlp_client_3 - Epoch 4/5 completed. Average Loss: 0.0020
2025-05-03 12:43:36,559 [INFO] src.federated.client: Client classical_mlp_client_3 - Epoch 5/5 completed. Average Loss: 0.0032
2025-05-03 12:43:36,560 [INFO] src.federated.client: Client classical_mlp_client_3: Local training finished. Processed 110 samples.
2025-05-03 12:43:36,560 [INFO] src.federated.client: Client classical_mlp_client_4: Starting local training for 5 epochs. Proximal term mu=0.01.
2025-05-03 12:43:36,566 [INFO] src.federated.client: Client classical_mlp_client_4 - Epoch 1/5 completed. Average Loss: 0.1650
2025-05-03 12:43:36,570 [INFO] src.federated.client: Client classical_mlp_client_4 - Epoch 2/5 completed. Average Loss: 0.0861
2025-05-03 12:43:36,574 [INFO] src.federated.client: Client classical_mlp_client_4 - Epoch 3/5 completed. Average Loss: 0.0324
2025-05-03 12:43:36,579 [INFO] src.federated.client: Client classical_mlp_client_4 - Epoch 4/5 completed. Average Loss: 0.0745
2025-05-03 12:43:36,583 [INFO] src.federated.client: Client classical_mlp_client_4 - Epoch 5/5 completed. Average Loss: 0.1023
2025-05-03 12:43:36,583 [INFO] src.federated.client: Client classical_mlp_client_4: Local training finished. Processed 110 samples.
2025-05-03 12:43:36,584 [INFO] src.federated.server: Aggregating updates from 3 clients using FedAvg.
2025-05-03 12:43:36,584 [INFO] src.federated.aggregation: FedAvg: Aggregating updates from 3 clients.
2025-05-03 12:43:36,584 [INFO] src.federated.aggregation: FedAvg: Aggregation complete.
2025-05-03 12:43:36,585 [INFO] src.federated.server: Global model updated with aggregated parameters.
2025-05-03 12:43:36,585 [INFO] src.federated.server: Evaluating updated global model...
2025-05-03 12:43:36,587 [INFO] src.federated.server: Round 10 completed in 0.07s. Eval Metrics: {'loss': 0.07782809440578538, 'accuracy': 0.9736842105263158}
2025-05-03 12:43:36,587 [INFO] src.federated.server: ===== Starting Round 11/20 =====
2025-05-03 12:43:36,587 [INFO] src.federated.server: Starting federated training round...
2025-05-03 12:43:36,587 [INFO] src.federated.server: Selected 3 clients out of 5 available (fraction=0.1, min_clients=3): ['classical_mlp_client_2', 'classical_mlp_client_1', 'classical_mlp_client_0']
2025-05-03 12:43:36,588 [INFO] src.federated.client: Client classical_mlp_client_2: Starting local training for 5 epochs. Proximal term mu=0.01.
2025-05-03 12:43:36,593 [INFO] src.federated.client: Client classical_mlp_client_2 - Epoch 1/5 completed. Average Loss: 0.0094
2025-05-03 12:43:36,597 [INFO] src.federated.client: Client classical_mlp_client_2 - Epoch 2/5 completed. Average Loss: 0.0044
2025-05-03 12:43:36,600 [INFO] src.federated.client: Client classical_mlp_client_2 - Epoch 3/5 completed. Average Loss: 0.0033
2025-05-03 12:43:36,604 [INFO] src.federated.client: Client classical_mlp_client_2 - Epoch 4/5 completed. Average Loss: 0.0044
2025-05-03 12:43:36,608 [INFO] src.federated.client: Client classical_mlp_client_2 - Epoch 5/5 completed. Average Loss: 0.0061
2025-05-03 12:43:36,609 [INFO] src.federated.client: Client classical_mlp_client_2: Local training finished. Processed 110 samples.
2025-05-03 12:43:36,610 [INFO] src.federated.client: Client classical_mlp_client_1: Starting local training for 5 epochs. Proximal term mu=0.01.
2025-05-03 12:43:36,614 [INFO] src.federated.client: Client classical_mlp_client_1 - Epoch 1/5 completed. Average Loss: 0.0808
2025-05-03 12:43:36,619 [INFO] src.federated.client: Client classical_mlp_client_1 - Epoch 2/5 completed. Average Loss: 0.0603
2025-05-03 12:43:36,623 [INFO] src.federated.client: Client classical_mlp_client_1 - Epoch 3/5 completed. Average Loss: 0.0408
2025-05-03 12:43:36,627 [INFO] src.federated.client: Client classical_mlp_client_1 - Epoch 4/5 completed. Average Loss: 0.0329
2025-05-03 12:43:36,632 [INFO] src.federated.client: Client classical_mlp_client_1 - Epoch 5/5 completed. Average Loss: 0.0321
2025-05-03 12:43:36,633 [INFO] src.federated.client: Client classical_mlp_client_1: Local training finished. Processed 115 samples.
2025-05-03 12:43:36,634 [INFO] src.federated.client: Client classical_mlp_client_0: Starting local training for 5 epochs. Proximal term mu=0.01.
2025-05-03 12:43:36,639 [INFO] src.federated.client: Client classical_mlp_client_0 - Epoch 1/5 completed. Average Loss: 0.0004
2025-05-03 12:43:36,643 [INFO] src.federated.client: Client classical_mlp_client_0 - Epoch 2/5 completed. Average Loss: 0.0003
2025-05-03 12:43:36,647 [INFO] src.federated.client: Client classical_mlp_client_0 - Epoch 3/5 completed. Average Loss: 0.0003
2025-05-03 12:43:36,653 [INFO] src.federated.client: Client classical_mlp_client_0 - Epoch 4/5 completed. Average Loss: 0.0003
2025-05-03 12:43:36,657 [INFO] src.federated.client: Client classical_mlp_client_0 - Epoch 5/5 completed. Average Loss: 0.0003
2025-05-03 12:43:36,658 [INFO] src.federated.client: Client classical_mlp_client_0: Local training finished. Processed 115 samples.
2025-05-03 12:43:36,658 [INFO] src.federated.server: Aggregating updates from 3 clients using FedAvg.
2025-05-03 12:43:36,658 [INFO] src.federated.aggregation: FedAvg: Aggregating updates from 3 clients.
2025-05-03 12:43:36,659 [INFO] src.federated.aggregation: FedAvg: Aggregation complete.
2025-05-03 12:43:36,660 [INFO] src.federated.server: Global model updated with aggregated parameters.
2025-05-03 12:43:36,660 [INFO] src.federated.server: Evaluating updated global model...
2025-05-03 12:43:36,661 [INFO] src.federated.server: Round 11 completed in 0.07s. Eval Metrics: {'loss': 0.13771945467377888, 'accuracy': 0.9210526315789473}
2025-05-03 12:43:36,662 [INFO] src.federated.server: ===== Starting Round 12/20 =====
2025-05-03 12:43:36,662 [INFO] src.federated.server: Starting federated training round...
2025-05-03 12:43:36,662 [INFO] src.federated.server: Selected 3 clients out of 5 available (fraction=0.1, min_clients=3): ['classical_mlp_client_2', 'classical_mlp_client_0', 'classical_mlp_client_3']
2025-05-03 12:43:36,663 [INFO] src.federated.client: Client classical_mlp_client_2: Starting local training for 5 epochs. Proximal term mu=0.01.
2025-05-03 12:43:36,667 [INFO] src.federated.client: Client classical_mlp_client_2 - Epoch 1/5 completed. Average Loss: 0.0052
2025-05-03 12:43:36,671 [INFO] src.federated.client: Client classical_mlp_client_2 - Epoch 2/5 completed. Average Loss: 0.0047
2025-05-03 12:43:36,676 [INFO] src.federated.client: Client classical_mlp_client_2 - Epoch 3/5 completed. Average Loss: 0.0040
2025-05-03 12:43:36,681 [INFO] src.federated.client: Client classical_mlp_client_2 - Epoch 4/5 completed. Average Loss: 0.0033
2025-05-03 12:43:36,686 [INFO] src.federated.client: Client classical_mlp_client_2 - Epoch 5/5 completed. Average Loss: 0.0029
2025-05-03 12:43:36,687 [INFO] src.federated.client: Client classical_mlp_client_2: Local training finished. Processed 110 samples.
2025-05-03 12:43:36,687 [INFO] src.federated.client: Client classical_mlp_client_0: Starting local training for 5 epochs. Proximal term mu=0.01.
2025-05-03 12:43:36,692 [INFO] src.federated.client: Client classical_mlp_client_0 - Epoch 1/5 completed. Average Loss: 0.0006
2025-05-03 12:43:36,697 [INFO] src.federated.client: Client classical_mlp_client_0 - Epoch 2/5 completed. Average Loss: 0.0006
2025-05-03 12:43:36,701 [INFO] src.federated.client: Client classical_mlp_client_0 - Epoch 3/5 completed. Average Loss: 0.0006
2025-05-03 12:43:36,705 [INFO] src.federated.client: Client classical_mlp_client_0 - Epoch 4/5 completed. Average Loss: 0.0006
2025-05-03 12:43:36,709 [INFO] src.federated.client: Client classical_mlp_client_0 - Epoch 5/5 completed. Average Loss: 0.0006
2025-05-03 12:43:36,710 [INFO] src.federated.client: Client classical_mlp_client_0: Local training finished. Processed 115 samples.
2025-05-03 12:43:36,710 [INFO] src.federated.client: Client classical_mlp_client_3: Starting local training for 5 epochs. Proximal term mu=0.01.
2025-05-03 12:43:36,716 [INFO] src.federated.client: Client classical_mlp_client_3 - Epoch 1/5 completed. Average Loss: 0.1715
2025-05-03 12:43:36,721 [INFO] src.federated.client: Client classical_mlp_client_3 - Epoch 2/5 completed. Average Loss: 0.0781
2025-05-03 12:43:36,725 [INFO] src.federated.client: Client classical_mlp_client_3 - Epoch 3/5 completed. Average Loss: 0.0136
2025-05-03 12:43:36,730 [INFO] src.federated.client: Client classical_mlp_client_3 - Epoch 4/5 completed. Average Loss: 0.0026
2025-05-03 12:43:36,735 [INFO] src.federated.client: Client classical_mlp_client_3 - Epoch 5/5 completed. Average Loss: 0.0039
2025-05-03 12:43:36,736 [INFO] src.federated.client: Client classical_mlp_client_3: Local training finished. Processed 110 samples.
2025-05-03 12:43:36,736 [INFO] src.federated.server: Aggregating updates from 3 clients using FedAvg.
2025-05-03 12:43:36,737 [INFO] src.federated.aggregation: FedAvg: Aggregating updates from 3 clients.
2025-05-03 12:43:36,737 [INFO] src.federated.aggregation: FedAvg: Aggregation complete.
2025-05-03 12:43:36,738 [INFO] src.federated.server: Global model updated with aggregated parameters.
2025-05-03 12:43:36,738 [INFO] src.federated.server: Evaluating updated global model...
2025-05-03 12:43:36,739 [INFO] src.federated.server: Round 12 completed in 0.08s. Eval Metrics: {'loss': 0.09842677874538042, 'accuracy': 0.9736842105263158}
2025-05-03 12:43:36,740 [INFO] src.federated.server: ===== Starting Round 13/20 =====
2025-05-03 12:43:36,740 [INFO] src.federated.server: Starting federated training round...
2025-05-03 12:43:36,740 [INFO] src.federated.server: Selected 3 clients out of 5 available (fraction=0.1, min_clients=3): ['classical_mlp_client_3', 'classical_mlp_client_0', 'classical_mlp_client_1']
2025-05-03 12:43:36,741 [INFO] src.federated.client: Client classical_mlp_client_3: Starting local training for 5 epochs. Proximal term mu=0.01.
2025-05-03 12:43:36,746 [INFO] src.federated.client: Client classical_mlp_client_3 - Epoch 1/5 completed. Average Loss: 0.0193
2025-05-03 12:43:36,750 [INFO] src.federated.client: Client classical_mlp_client_3 - Epoch 2/5 completed. Average Loss: 0.0024
2025-05-03 12:43:36,755 [INFO] src.federated.client: Client classical_mlp_client_3 - Epoch 3/5 completed. Average Loss: 0.0013
2025-05-03 12:43:36,759 [INFO] src.federated.client: Client classical_mlp_client_3 - Epoch 4/5 completed. Average Loss: 0.0036
2025-05-03 12:43:36,767 [INFO] src.federated.client: Client classical_mlp_client_3 - Epoch 5/5 completed. Average Loss: 0.0115
2025-05-03 12:43:36,767 [INFO] src.federated.client: Client classical_mlp_client_3: Local training finished. Processed 110 samples.
2025-05-03 12:43:36,768 [INFO] src.federated.client: Client classical_mlp_client_0: Starting local training for 5 epochs. Proximal term mu=0.01.
2025-05-03 12:43:36,774 [INFO] src.federated.client: Client classical_mlp_client_0 - Epoch 1/5 completed. Average Loss: 0.0008
2025-05-03 12:43:36,780 [INFO] src.federated.client: Client classical_mlp_client_0 - Epoch 2/5 completed. Average Loss: 0.0008
2025-05-03 12:43:36,787 [INFO] src.federated.client: Client classical_mlp_client_0 - Epoch 3/5 completed. Average Loss: 0.0007
2025-05-03 12:43:36,793 [INFO] src.federated.client: Client classical_mlp_client_0 - Epoch 4/5 completed. Average Loss: 0.0006
2025-05-03 12:43:36,798 [INFO] src.federated.client: Client classical_mlp_client_0 - Epoch 5/5 completed. Average Loss: 0.0006
2025-05-03 12:43:36,798 [INFO] src.federated.client: Client classical_mlp_client_0: Local training finished. Processed 115 samples.
2025-05-03 12:43:36,799 [INFO] src.federated.client: Client classical_mlp_client_1: Starting local training for 5 epochs. Proximal term mu=0.01.
2025-05-03 12:43:36,804 [INFO] src.federated.client: Client classical_mlp_client_1 - Epoch 1/5 completed. Average Loss: 0.1823
2025-05-03 12:43:36,810 [INFO] src.federated.client: Client classical_mlp_client_1 - Epoch 2/5 completed. Average Loss: 0.0881
2025-05-03 12:43:36,815 [INFO] src.federated.client: Client classical_mlp_client_1 - Epoch 3/5 completed. Average Loss: 0.0324
2025-05-03 12:43:36,820 [INFO] src.federated.client: Client classical_mlp_client_1 - Epoch 4/5 completed. Average Loss: 0.0538
2025-05-03 12:43:36,825 [INFO] src.federated.client: Client classical_mlp_client_1 - Epoch 5/5 completed. Average Loss: 0.0876
2025-05-03 12:43:36,825 [INFO] src.federated.client: Client classical_mlp_client_1: Local training finished. Processed 115 samples.
2025-05-03 12:43:36,826 [INFO] src.federated.server: Aggregating updates from 3 clients using FedAvg.
2025-05-03 12:43:36,826 [INFO] src.federated.aggregation: FedAvg: Aggregating updates from 3 clients.
2025-05-03 12:43:36,827 [INFO] src.federated.aggregation: FedAvg: Aggregation complete.
2025-05-03 12:43:36,827 [INFO] src.federated.server: Global model updated with aggregated parameters.
2025-05-03 12:43:36,827 [INFO] src.federated.server: Evaluating updated global model...
2025-05-03 12:43:36,830 [INFO] src.federated.server: Round 13 completed in 0.09s. Eval Metrics: {'loss': 0.10880261553267599, 'accuracy': 0.9736842105263158}
2025-05-03 12:43:36,830 [INFO] src.federated.server: ===== Starting Round 14/20 =====
2025-05-03 12:43:36,830 [INFO] src.federated.server: Starting federated training round...
2025-05-03 12:43:36,830 [INFO] src.federated.server: Selected 3 clients out of 5 available (fraction=0.1, min_clients=3): ['classical_mlp_client_2', 'classical_mlp_client_4', 'classical_mlp_client_0']
2025-05-03 12:43:36,831 [INFO] src.federated.client: Client classical_mlp_client_2: Starting local training for 5 epochs. Proximal term mu=0.01.
2025-05-03 12:43:36,837 [INFO] src.federated.client: Client classical_mlp_client_2 - Epoch 1/5 completed. Average Loss: 0.1174
2025-05-03 12:43:36,842 [INFO] src.federated.client: Client classical_mlp_client_2 - Epoch 2/5 completed. Average Loss: 0.0473
2025-05-03 12:43:36,847 [INFO] src.federated.client: Client classical_mlp_client_2 - Epoch 3/5 completed. Average Loss: 0.0059
2025-05-03 12:43:36,850 [INFO] src.federated.client: Client classical_mlp_client_2 - Epoch 4/5 completed. Average Loss: 0.0073
2025-05-03 12:43:36,855 [INFO] src.federated.client: Client classical_mlp_client_2 - Epoch 5/5 completed. Average Loss: 0.0308
2025-05-03 12:43:36,855 [INFO] src.federated.client: Client classical_mlp_client_2: Local training finished. Processed 110 samples.
2025-05-03 12:43:36,856 [INFO] src.federated.client: Client classical_mlp_client_4: Starting local training for 5 epochs. Proximal term mu=0.01.
2025-05-03 12:43:36,861 [INFO] src.federated.client: Client classical_mlp_client_4 - Epoch 1/5 completed. Average Loss: 0.2138
2025-05-03 12:43:36,865 [INFO] src.federated.client: Client classical_mlp_client_4 - Epoch 2/5 completed. Average Loss: 0.1869
2025-05-03 12:43:36,869 [INFO] src.federated.client: Client classical_mlp_client_4 - Epoch 3/5 completed. Average Loss: 0.1233
2025-05-03 12:43:36,873 [INFO] src.federated.client: Client classical_mlp_client_4 - Epoch 4/5 completed. Average Loss: 0.0504
2025-05-03 12:43:36,878 [INFO] src.federated.client: Client classical_mlp_client_4 - Epoch 5/5 completed. Average Loss: 0.0263
2025-05-03 12:43:36,878 [INFO] src.federated.client: Client classical_mlp_client_4: Local training finished. Processed 110 samples.
2025-05-03 12:43:36,879 [INFO] src.federated.client: Client classical_mlp_client_0: Starting local training for 5 epochs. Proximal term mu=0.01.
2025-05-03 12:43:36,883 [INFO] src.federated.client: Client classical_mlp_client_0 - Epoch 1/5 completed. Average Loss: 0.0010
2025-05-03 12:43:36,888 [INFO] src.federated.client: Client classical_mlp_client_0 - Epoch 2/5 completed. Average Loss: 0.0008
2025-05-03 12:43:36,893 [INFO] src.federated.client: Client classical_mlp_client_0 - Epoch 3/5 completed. Average Loss: 0.0006
2025-05-03 12:43:36,898 [INFO] src.federated.client: Client classical_mlp_client_0 - Epoch 4/5 completed. Average Loss: 0.0005
2025-05-03 12:43:36,902 [INFO] src.federated.client: Client classical_mlp_client_0 - Epoch 5/5 completed. Average Loss: 0.0004
2025-05-03 12:43:36,902 [INFO] src.federated.client: Client classical_mlp_client_0: Local training finished. Processed 115 samples.
2025-05-03 12:43:36,903 [INFO] src.federated.server: Aggregating updates from 3 clients using FedAvg.
2025-05-03 12:43:36,903 [INFO] src.federated.aggregation: FedAvg: Aggregating updates from 3 clients.
2025-05-03 12:43:36,903 [INFO] src.federated.aggregation: FedAvg: Aggregation complete.
2025-05-03 12:43:36,904 [INFO] src.federated.server: Global model updated with aggregated parameters.
2025-05-03 12:43:36,904 [INFO] src.federated.server: Evaluating updated global model...
2025-05-03 12:43:36,906 [INFO] src.federated.server: Round 14 completed in 0.08s. Eval Metrics: {'loss': 0.20493926335500576, 'accuracy': 0.9210526315789473}
2025-05-03 12:43:36,906 [INFO] src.federated.server: ===== Starting Round 15/20 =====
2025-05-03 12:43:36,906 [INFO] src.federated.server: Starting federated training round...
2025-05-03 12:43:36,906 [INFO] src.federated.server: Selected 3 clients out of 5 available (fraction=0.1, min_clients=3): ['classical_mlp_client_3', 'classical_mlp_client_0', 'classical_mlp_client_1']
2025-05-03 12:43:36,907 [INFO] src.federated.client: Client classical_mlp_client_3: Starting local training for 5 epochs. Proximal term mu=0.01.
2025-05-03 12:43:36,912 [INFO] src.federated.client: Client classical_mlp_client_3 - Epoch 1/5 completed. Average Loss: 0.2052
2025-05-03 12:43:36,917 [INFO] src.federated.client: Client classical_mlp_client_3 - Epoch 2/5 completed. Average Loss: 0.0885
2025-05-03 12:43:36,921 [INFO] src.federated.client: Client classical_mlp_client_3 - Epoch 3/5 completed. Average Loss: 0.0132
2025-05-03 12:43:36,925 [INFO] src.federated.client: Client classical_mlp_client_3 - Epoch 4/5 completed. Average Loss: 0.0025
2025-05-03 12:43:36,930 [INFO] src.federated.client: Client classical_mlp_client_3 - Epoch 5/5 completed. Average Loss: 0.0040
2025-05-03 12:43:36,931 [INFO] src.federated.client: Client classical_mlp_client_3: Local training finished. Processed 110 samples.
2025-05-03 12:43:36,931 [INFO] src.federated.client: Client classical_mlp_client_0: Starting local training for 5 epochs. Proximal term mu=0.01.
2025-05-03 12:43:36,936 [INFO] src.federated.client: Client classical_mlp_client_0 - Epoch 1/5 completed. Average Loss: 0.0007
2025-05-03 12:43:36,940 [INFO] src.federated.client: Client classical_mlp_client_0 - Epoch 2/5 completed. Average Loss: 0.0008
2025-05-03 12:43:36,945 [INFO] src.federated.client: Client classical_mlp_client_0 - Epoch 3/5 completed. Average Loss: 0.0008
2025-05-03 12:43:36,949 [INFO] src.federated.client: Client classical_mlp_client_0 - Epoch 4/5 completed. Average Loss: 0.0008
2025-05-03 12:43:36,953 [INFO] src.federated.client: Client classical_mlp_client_0 - Epoch 5/5 completed. Average Loss: 0.0007
2025-05-03 12:43:36,954 [INFO] src.federated.client: Client classical_mlp_client_0: Local training finished. Processed 115 samples.
2025-05-03 12:43:36,955 [INFO] src.federated.client: Client classical_mlp_client_1: Starting local training for 5 epochs. Proximal term mu=0.01.
2025-05-03 12:43:36,959 [INFO] src.federated.client: Client classical_mlp_client_1 - Epoch 1/5 completed. Average Loss: 0.0742
2025-05-03 12:43:36,963 [INFO] src.federated.client: Client classical_mlp_client_1 - Epoch 2/5 completed. Average Loss: 0.0508
2025-05-03 12:43:36,968 [INFO] src.federated.client: Client classical_mlp_client_1 - Epoch 3/5 completed. Average Loss: 0.0298
2025-05-03 12:43:36,973 [INFO] src.federated.client: Client classical_mlp_client_1 - Epoch 4/5 completed. Average Loss: 0.0256
2025-05-03 12:43:36,979 [INFO] src.federated.client: Client classical_mlp_client_1 - Epoch 5/5 completed. Average Loss: 0.0321
2025-05-03 12:43:36,979 [INFO] src.federated.client: Client classical_mlp_client_1: Local training finished. Processed 115 samples.
2025-05-03 12:43:36,980 [INFO] src.federated.server: Aggregating updates from 3 clients using FedAvg.
2025-05-03 12:43:36,980 [INFO] src.federated.aggregation: FedAvg: Aggregating updates from 3 clients.
2025-05-03 12:43:36,981 [INFO] src.federated.aggregation: FedAvg: Aggregation complete.
2025-05-03 12:43:36,981 [INFO] src.federated.server: Global model updated with aggregated parameters.
2025-05-03 12:43:36,981 [INFO] src.federated.server: Evaluating updated global model...
2025-05-03 12:43:36,983 [INFO] src.federated.server: Round 15 completed in 0.08s. Eval Metrics: {'loss': 0.10066375100435551, 'accuracy': 0.9736842105263158}
2025-05-03 12:43:36,983 [INFO] src.federated.server: ===== Starting Round 16/20 =====
2025-05-03 12:43:36,983 [INFO] src.federated.server: Starting federated training round...
2025-05-03 12:43:36,983 [INFO] src.federated.server: Selected 3 clients out of 5 available (fraction=0.1, min_clients=3): ['classical_mlp_client_0', 'classical_mlp_client_2', 'classical_mlp_client_3']
2025-05-03 12:43:36,984 [INFO] src.federated.client: Client classical_mlp_client_0: Starting local training for 5 epochs. Proximal term mu=0.01.
2025-05-03 12:43:36,989 [INFO] src.federated.client: Client classical_mlp_client_0 - Epoch 1/5 completed. Average Loss: 0.0005
2025-05-03 12:43:36,993 [INFO] src.federated.client: Client classical_mlp_client_0 - Epoch 2/5 completed. Average Loss: 0.0006
2025-05-03 12:43:36,997 [INFO] src.federated.client: Client classical_mlp_client_0 - Epoch 3/5 completed. Average Loss: 0.0006
2025-05-03 12:43:37,004 [INFO] src.federated.client: Client classical_mlp_client_0 - Epoch 4/5 completed. Average Loss: 0.0005
2025-05-03 12:43:37,008 [INFO] src.federated.client: Client classical_mlp_client_0 - Epoch 5/5 completed. Average Loss: 0.0005
2025-05-03 12:43:37,009 [INFO] src.federated.client: Client classical_mlp_client_0: Local training finished. Processed 115 samples.
2025-05-03 12:43:37,009 [INFO] src.federated.client: Client classical_mlp_client_2: Starting local training for 5 epochs. Proximal term mu=0.01.
2025-05-03 12:43:37,013 [INFO] src.federated.client: Client classical_mlp_client_2 - Epoch 1/5 completed. Average Loss: 0.0910
2025-05-03 12:43:37,018 [INFO] src.federated.client: Client classical_mlp_client_2 - Epoch 2/5 completed. Average Loss: 0.0217
2025-05-03 12:43:37,022 [INFO] src.federated.client: Client classical_mlp_client_2 - Epoch 3/5 completed. Average Loss: 0.0034
2025-05-03 12:43:37,026 [INFO] src.federated.client: Client classical_mlp_client_2 - Epoch 4/5 completed. Average Loss: 0.0094
2025-05-03 12:43:37,030 [INFO] src.federated.client: Client classical_mlp_client_2 - Epoch 5/5 completed. Average Loss: 0.0324
2025-05-03 12:43:37,031 [INFO] src.federated.client: Client classical_mlp_client_2: Local training finished. Processed 110 samples.
2025-05-03 12:43:37,031 [INFO] src.federated.client: Client classical_mlp_client_3: Starting local training for 5 epochs. Proximal term mu=0.01.
2025-05-03 12:43:37,036 [INFO] src.federated.client: Client classical_mlp_client_3 - Epoch 1/5 completed. Average Loss: 0.0158
2025-05-03 12:43:37,040 [INFO] src.federated.client: Client classical_mlp_client_3 - Epoch 2/5 completed. Average Loss: 0.0018
2025-05-03 12:43:37,044 [INFO] src.federated.client: Client classical_mlp_client_3 - Epoch 3/5 completed. Average Loss: 0.0010
2025-05-03 12:43:37,048 [INFO] src.federated.client: Client classical_mlp_client_3 - Epoch 4/5 completed. Average Loss: 0.0028
2025-05-03 12:43:37,052 [INFO] src.federated.client: Client classical_mlp_client_3 - Epoch 5/5 completed. Average Loss: 0.0091
2025-05-03 12:43:37,052 [INFO] src.federated.client: Client classical_mlp_client_3: Local training finished. Processed 110 samples.
2025-05-03 12:43:37,052 [INFO] src.federated.server: Aggregating updates from 3 clients using FedAvg.
2025-05-03 12:43:37,052 [INFO] src.federated.aggregation: FedAvg: Aggregating updates from 3 clients.
2025-05-03 12:43:37,053 [INFO] src.federated.aggregation: FedAvg: Aggregation complete.
2025-05-03 12:43:37,054 [INFO] src.federated.server: Global model updated with aggregated parameters.
2025-05-03 12:43:37,054 [INFO] src.federated.server: Evaluating updated global model...
2025-05-03 12:43:37,055 [INFO] src.federated.server: Round 16 completed in 0.07s. Eval Metrics: {'loss': 0.12043117562232744, 'accuracy': 0.9736842105263158}
2025-05-03 12:43:37,055 [INFO] src.federated.server: ===== Starting Round 17/20 =====
2025-05-03 12:43:37,056 [INFO] src.federated.server: Starting federated training round...
2025-05-03 12:43:37,056 [INFO] src.federated.server: Selected 3 clients out of 5 available (fraction=0.1, min_clients=3): ['classical_mlp_client_4', 'classical_mlp_client_2', 'classical_mlp_client_3']
2025-05-03 12:43:37,057 [INFO] src.federated.client: Client classical_mlp_client_4: Starting local training for 5 epochs. Proximal term mu=0.01.
2025-05-03 12:43:37,061 [INFO] src.federated.client: Client classical_mlp_client_4 - Epoch 1/5 completed. Average Loss: 0.2124
2025-05-03 12:43:37,065 [INFO] src.federated.client: Client classical_mlp_client_4 - Epoch 2/5 completed. Average Loss: 0.0993
2025-05-03 12:43:37,069 [INFO] src.federated.client: Client classical_mlp_client_4 - Epoch 3/5 completed. Average Loss: 0.0267
2025-05-03 12:43:37,073 [INFO] src.federated.client: Client classical_mlp_client_4 - Epoch 4/5 completed. Average Loss: 0.0718
2025-05-03 12:43:37,077 [INFO] src.federated.client: Client classical_mlp_client_4 - Epoch 5/5 completed. Average Loss: 0.1552
2025-05-03 12:43:37,078 [INFO] src.federated.client: Client classical_mlp_client_4: Local training finished. Processed 110 samples.
2025-05-03 12:43:37,078 [INFO] src.federated.client: Client classical_mlp_client_2: Starting local training for 5 epochs. Proximal term mu=0.01.
2025-05-03 12:43:37,082 [INFO] src.federated.client: Client classical_mlp_client_2 - Epoch 1/5 completed. Average Loss: 0.0981
2025-05-03 12:43:37,086 [INFO] src.federated.client: Client classical_mlp_client_2 - Epoch 2/5 completed. Average Loss: 0.0274
2025-05-03 12:43:37,089 [INFO] src.federated.client: Client classical_mlp_client_2 - Epoch 3/5 completed. Average Loss: 0.0036
2025-05-03 12:43:37,094 [INFO] src.federated.client: Client classical_mlp_client_2 - Epoch 4/5 completed. Average Loss: 0.0046
2025-05-03 12:43:37,098 [INFO] src.federated.client: Client classical_mlp_client_2 - Epoch 5/5 completed. Average Loss: 0.0187
2025-05-03 12:43:37,098 [INFO] src.federated.client: Client classical_mlp_client_2: Local training finished. Processed 110 samples.
2025-05-03 12:43:37,099 [INFO] src.federated.client: Client classical_mlp_client_3: Starting local training for 5 epochs. Proximal term mu=0.01.
2025-05-03 12:43:37,103 [INFO] src.federated.client: Client classical_mlp_client_3 - Epoch 1/5 completed. Average Loss: 0.0087
2025-05-03 12:43:37,109 [INFO] src.federated.client: Client classical_mlp_client_3 - Epoch 2/5 completed. Average Loss: 0.0021
2025-05-03 12:43:37,114 [INFO] src.federated.client: Client classical_mlp_client_3 - Epoch 3/5 completed. Average Loss: 0.0008
2025-05-03 12:43:37,119 [INFO] src.federated.client: Client classical_mlp_client_3 - Epoch 4/5 completed. Average Loss: 0.0009
2025-05-03 12:43:37,124 [INFO] src.federated.client: Client classical_mlp_client_3 - Epoch 5/5 completed. Average Loss: 0.0016
2025-05-03 12:43:37,125 [INFO] src.federated.client: Client classical_mlp_client_3: Local training finished. Processed 110 samples.
2025-05-03 12:43:37,125 [INFO] src.federated.server: Aggregating updates from 3 clients using FedAvg.
2025-05-03 12:43:37,125 [INFO] src.federated.aggregation: FedAvg: Aggregating updates from 3 clients.
2025-05-03 12:43:37,126 [INFO] src.federated.aggregation: FedAvg: Aggregation complete.
2025-05-03 12:43:37,126 [INFO] src.federated.server: Global model updated with aggregated parameters.
2025-05-03 12:43:37,127 [INFO] src.federated.server: Evaluating updated global model...
2025-05-03 12:43:37,128 [INFO] src.federated.server: Round 17 completed in 0.07s. Eval Metrics: {'loss': 0.13529193580917803, 'accuracy': 0.9210526315789473}
2025-05-03 12:43:37,128 [INFO] src.federated.server: ===== Starting Round 18/20 =====
2025-05-03 12:43:37,128 [INFO] src.federated.server: Starting federated training round...
2025-05-03 12:43:37,128 [INFO] src.federated.server: Selected 3 clients out of 5 available (fraction=0.1, min_clients=3): ['classical_mlp_client_1', 'classical_mlp_client_0', 'classical_mlp_client_3']
2025-05-03 12:43:37,129 [INFO] src.federated.client: Client classical_mlp_client_1: Starting local training for 5 epochs. Proximal term mu=0.01.
2025-05-03 12:43:37,133 [INFO] src.federated.client: Client classical_mlp_client_1 - Epoch 1/5 completed. Average Loss: 0.0485
2025-05-03 12:43:37,137 [INFO] src.federated.client: Client classical_mlp_client_1 - Epoch 2/5 completed. Average Loss: 0.0413
2025-05-03 12:43:37,141 [INFO] src.federated.client: Client classical_mlp_client_1 - Epoch 3/5 completed. Average Loss: 0.0347
2025-05-03 12:43:37,145 [INFO] src.federated.client: Client classical_mlp_client_1 - Epoch 4/5 completed. Average Loss: 0.0285
2025-05-03 12:43:37,150 [INFO] src.federated.client: Client classical_mlp_client_1 - Epoch 5/5 completed. Average Loss: 0.0239
2025-05-03 12:43:37,150 [INFO] src.federated.client: Client classical_mlp_client_1: Local training finished. Processed 115 samples.
2025-05-03 12:43:37,151 [INFO] src.federated.client: Client classical_mlp_client_0: Starting local training for 5 epochs. Proximal term mu=0.01.
2025-05-03 12:43:37,156 [INFO] src.federated.client: Client classical_mlp_client_0 - Epoch 1/5 completed. Average Loss: 0.0001
2025-05-03 12:43:37,160 [INFO] src.federated.client: Client classical_mlp_client_0 - Epoch 2/5 completed. Average Loss: 0.0001
2025-05-03 12:43:37,164 [INFO] src.federated.client: Client classical_mlp_client_0 - Epoch 3/5 completed. Average Loss: 0.0001
2025-05-03 12:43:37,168 [INFO] src.federated.client: Client classical_mlp_client_0 - Epoch 4/5 completed. Average Loss: 0.0001
2025-05-03 12:43:37,173 [INFO] src.federated.client: Client classical_mlp_client_0 - Epoch 5/5 completed. Average Loss: 0.0001
2025-05-03 12:43:37,173 [INFO] src.federated.client: Client classical_mlp_client_0: Local training finished. Processed 115 samples.
2025-05-03 12:43:37,174 [INFO] src.federated.client: Client classical_mlp_client_3: Starting local training for 5 epochs. Proximal term mu=0.01.
2025-05-03 12:43:37,180 [INFO] src.federated.client: Client classical_mlp_client_3 - Epoch 1/5 completed. Average Loss: 0.1000
2025-05-03 12:43:37,185 [INFO] src.federated.client: Client classical_mlp_client_3 - Epoch 2/5 completed. Average Loss: 0.0349
2025-05-03 12:43:37,189 [INFO] src.federated.client: Client classical_mlp_client_3 - Epoch 3/5 completed. Average Loss: 0.0057
2025-05-03 12:43:37,194 [INFO] src.federated.client: Client classical_mlp_client_3 - Epoch 4/5 completed. Average Loss: 0.0017
2025-05-03 12:43:37,199 [INFO] src.federated.client: Client classical_mlp_client_3 - Epoch 5/5 completed. Average Loss: 0.0024
2025-05-03 12:43:37,200 [INFO] src.federated.client: Client classical_mlp_client_3: Local training finished. Processed 110 samples.
2025-05-03 12:43:37,200 [INFO] src.federated.server: Aggregating updates from 3 clients using FedAvg.
2025-05-03 12:43:37,200 [INFO] src.federated.aggregation: FedAvg: Aggregating updates from 3 clients.
2025-05-03 12:43:37,201 [INFO] src.federated.aggregation: FedAvg: Aggregation complete.
2025-05-03 12:43:37,202 [INFO] src.federated.server: Global model updated with aggregated parameters.
2025-05-03 12:43:37,202 [INFO] src.federated.server: Evaluating updated global model...
2025-05-03 12:43:37,204 [INFO] src.federated.server: Round 18 completed in 0.08s. Eval Metrics: {'loss': 0.11517987855788667, 'accuracy': 0.9736842105263158}
2025-05-03 12:43:37,204 [INFO] src.federated.server: ===== Starting Round 19/20 =====
2025-05-03 12:43:37,204 [INFO] src.federated.server: Starting federated training round...
2025-05-03 12:43:37,204 [INFO] src.federated.server: Selected 3 clients out of 5 available (fraction=0.1, min_clients=3): ['classical_mlp_client_1', 'classical_mlp_client_2', 'classical_mlp_client_0']
2025-05-03 12:43:37,205 [INFO] src.federated.client: Client classical_mlp_client_1: Starting local training for 5 epochs. Proximal term mu=0.01.
2025-05-03 12:43:37,210 [INFO] src.federated.client: Client classical_mlp_client_1 - Epoch 1/5 completed. Average Loss: 0.1571
2025-05-03 12:43:37,214 [INFO] src.federated.client: Client classical_mlp_client_1 - Epoch 2/5 completed. Average Loss: 0.0751
2025-05-03 12:43:37,218 [INFO] src.federated.client: Client classical_mlp_client_1 - Epoch 3/5 completed. Average Loss: 0.0264
2025-05-03 12:43:37,224 [INFO] src.federated.client: Client classical_mlp_client_1 - Epoch 4/5 completed. Average Loss: 0.0420
2025-05-03 12:43:37,228 [INFO] src.federated.client: Client classical_mlp_client_1 - Epoch 5/5 completed. Average Loss: 0.0755
2025-05-03 12:43:37,229 [INFO] src.federated.client: Client classical_mlp_client_1: Local training finished. Processed 115 samples.
2025-05-03 12:43:37,229 [INFO] src.federated.client: Client classical_mlp_client_2: Starting local training for 5 epochs. Proximal term mu=0.01.
2025-05-03 12:43:37,234 [INFO] src.federated.client: Client classical_mlp_client_2 - Epoch 1/5 completed. Average Loss: 0.0596
2025-05-03 12:43:37,238 [INFO] src.federated.client: Client classical_mlp_client_2 - Epoch 2/5 completed. Average Loss: 0.0108
2025-05-03 12:43:37,242 [INFO] src.federated.client: Client classical_mlp_client_2 - Epoch 3/5 completed. Average Loss: 0.0026
2025-05-03 12:43:37,247 [INFO] src.federated.client: Client classical_mlp_client_2 - Epoch 4/5 completed. Average Loss: 0.0071
2025-05-03 12:43:37,252 [INFO] src.federated.client: Client classical_mlp_client_2 - Epoch 5/5 completed. Average Loss: 0.0220
2025-05-03 12:43:37,253 [INFO] src.federated.client: Client classical_mlp_client_2: Local training finished. Processed 110 samples.
2025-05-03 12:43:37,253 [INFO] src.federated.client: Client classical_mlp_client_0: Starting local training for 5 epochs. Proximal term mu=0.01.
2025-05-03 12:43:37,257 [INFO] src.federated.client: Client classical_mlp_client_0 - Epoch 1/5 completed. Average Loss: 0.0005
2025-05-03 12:43:37,262 [INFO] src.federated.client: Client classical_mlp_client_0 - Epoch 2/5 completed. Average Loss: 0.0005
2025-05-03 12:43:37,266 [INFO] src.federated.client: Client classical_mlp_client_0 - Epoch 3/5 completed. Average Loss: 0.0004
2025-05-03 12:43:37,270 [INFO] src.federated.client: Client classical_mlp_client_0 - Epoch 4/5 completed. Average Loss: 0.0003
2025-05-03 12:43:37,274 [INFO] src.federated.client: Client classical_mlp_client_0 - Epoch 5/5 completed. Average Loss: 0.0003
2025-05-03 12:43:37,275 [INFO] src.federated.client: Client classical_mlp_client_0: Local training finished. Processed 115 samples.
2025-05-03 12:43:37,275 [INFO] src.federated.server: Aggregating updates from 3 clients using FedAvg.
2025-05-03 12:43:37,275 [INFO] src.federated.aggregation: FedAvg: Aggregating updates from 3 clients.
2025-05-03 12:43:37,276 [INFO] src.federated.aggregation: FedAvg: Aggregation complete.
2025-05-03 12:43:37,276 [INFO] src.federated.server: Global model updated with aggregated parameters.
2025-05-03 12:43:37,276 [INFO] src.federated.server: Evaluating updated global model...
2025-05-03 12:43:37,278 [INFO] src.federated.server: Round 19 completed in 0.07s. Eval Metrics: {'loss': 0.21844726100234452, 'accuracy': 0.8947368421052632}
2025-05-03 12:43:37,278 [INFO] src.federated.server: ===== Starting Round 20/20 =====
2025-05-03 12:43:37,278 [INFO] src.federated.server: Starting federated training round...
2025-05-03 12:43:37,278 [INFO] src.federated.server: Selected 3 clients out of 5 available (fraction=0.1, min_clients=3): ['classical_mlp_client_1', 'classical_mlp_client_0', 'classical_mlp_client_4']
2025-05-03 12:43:37,279 [INFO] src.federated.client: Client classical_mlp_client_1: Starting local training for 5 epochs. Proximal term mu=0.01.
2025-05-03 12:43:37,283 [INFO] src.federated.client: Client classical_mlp_client_1 - Epoch 1/5 completed. Average Loss: 0.0627
2025-05-03 12:43:37,287 [INFO] src.federated.client: Client classical_mlp_client_1 - Epoch 2/5 completed. Average Loss: 0.0478
2025-05-03 12:43:37,291 [INFO] src.federated.client: Client classical_mlp_client_1 - Epoch 3/5 completed. Average Loss: 0.0277
2025-05-03 12:43:37,295 [INFO] src.federated.client: Client classical_mlp_client_1 - Epoch 4/5 completed. Average Loss: 0.0187
2025-05-03 12:43:37,299 [INFO] src.federated.client: Client classical_mlp_client_1 - Epoch 5/5 completed. Average Loss: 0.0210
2025-05-03 12:43:37,299 [INFO] src.federated.client: Client classical_mlp_client_1: Local training finished. Processed 115 samples.
2025-05-03 12:43:37,300 [INFO] src.federated.client: Client classical_mlp_client_0: Starting local training for 5 epochs. Proximal term mu=0.01.
2025-05-03 12:43:37,304 [INFO] src.federated.client: Client classical_mlp_client_0 - Epoch 1/5 completed. Average Loss: 0.0006
2025-05-03 12:43:37,308 [INFO] src.federated.client: Client classical_mlp_client_0 - Epoch 2/5 completed. Average Loss: 0.0006
2025-05-03 12:43:37,312 [INFO] src.federated.client: Client classical_mlp_client_0 - Epoch 3/5 completed. Average Loss: 0.0006
2025-05-03 12:43:37,316 [INFO] src.federated.client: Client classical_mlp_client_0 - Epoch 4/5 completed. Average Loss: 0.0005
2025-05-03 12:43:37,320 [INFO] src.federated.client: Client classical_mlp_client_0 - Epoch 5/5 completed. Average Loss: 0.0005
2025-05-03 12:43:37,321 [INFO] src.federated.client: Client classical_mlp_client_0: Local training finished. Processed 115 samples.
2025-05-03 12:43:37,321 [INFO] src.federated.client: Client classical_mlp_client_4: Starting local training for 5 epochs. Proximal term mu=0.01.
2025-05-03 12:43:37,325 [INFO] src.federated.client: Client classical_mlp_client_4 - Epoch 1/5 completed. Average Loss: 0.0351
2025-05-03 12:43:37,331 [INFO] src.federated.client: Client classical_mlp_client_4 - Epoch 2/5 completed. Average Loss: 0.0291
2025-05-03 12:43:37,335 [INFO] src.federated.client: Client classical_mlp_client_4 - Epoch 3/5 completed. Average Loss: 0.0245
2025-05-03 12:43:37,339 [INFO] src.federated.client: Client classical_mlp_client_4 - Epoch 4/5 completed. Average Loss: 0.0219
2025-05-03 12:43:37,343 [INFO] src.federated.client: Client classical_mlp_client_4 - Epoch 5/5 completed. Average Loss: 0.0208
2025-05-03 12:43:37,344 [INFO] src.federated.client: Client classical_mlp_client_4: Local training finished. Processed 110 samples.
2025-05-03 12:43:37,344 [INFO] src.federated.server: Aggregating updates from 3 clients using FedAvg.
2025-05-03 12:43:37,344 [INFO] src.federated.aggregation: FedAvg: Aggregating updates from 3 clients.
2025-05-03 12:43:37,345 [INFO] src.federated.aggregation: FedAvg: Aggregation complete.
2025-05-03 12:43:37,345 [INFO] src.federated.server: Global model updated with aggregated parameters.
2025-05-03 12:43:37,345 [INFO] src.federated.server: Evaluating updated global model...
2025-05-03 12:43:37,347 [INFO] src.federated.server: Round 20 completed in 0.07s. Eval Metrics: {'loss': 0.15922220925418148, 'accuracy': 0.9210526315789473}
2025-05-03 12:43:37,347 [INFO] src.federated.server: Federated training process completed after 20 rounds.
2025-05-03 12:43:37,347 [INFO] ExperimentRunner: ========== Finished Iris_MLP_FedProx_IID ==========

2025-05-03 12:43:37,347 [INFO] ExperimentRunner: ========== Starting Iris_MLP_FedDive_IID ==========
2025-05-03 12:43:37,347 [INFO] ExperimentRunner: --- Setting up experiment: Iris_MLP_FedDive_IID ---
2025-05-03 12:43:37,348 [INFO] src.utils.data_utils: Set random seed to 42
2025-05-03 12:43:37,351 [INFO] src.utils.data_utils: Successfully loaded configuration from /home/dhanraj/quantum_federated_simulator/configs/federated/server_config.yaml
2025-05-03 12:43:37,353 [INFO] src.utils.data_utils: Successfully loaded configuration from /home/dhanraj/quantum_federated_simulator/configs/federated/client_config.yaml
2025-05-03 12:43:37,356 [INFO] src.utils.data_utils: Successfully loaded configuration from /home/dhanraj/quantum_federated_simulator/configs/federated/default_aggregation.yaml
2025-05-03 12:43:37,356 [INFO] src.utils.data_utils: Partitioning data IID among 5 clients.
2025-05-03 12:43:37,356 [INFO] src.utils.data_utils: Data partitioning complete.
2025-05-03 12:43:37,356 [INFO] ExperimentRunner: Creating model of type: classical_mlp
2025-05-03 12:43:37,357 [INFO] src.federated.aggregation: Creating aggregation strategy of type: fedavg
2025-05-03 12:43:37,357 [INFO] ExperimentRunner: Using aggregation strategy: FedAvg
2025-05-03 12:43:37,357 [INFO] src.federated.server: Federated server initialized on device 'cuda' with aggregation strategy: FedAvg
2025-05-03 12:43:37,358 [INFO] ExperimentRunner: Creating model of type: classical_mlp
2025-05-03 12:43:37,358 [INFO] src.federated.client: Client classical_mlp_client_0 initialized on device 'cuda' with 23 samples.
2025-05-03 12:43:37,359 [INFO] src.federated.server: Registered client 'classical_mlp_client_0'. Total clients: 1.
2025-05-03 12:43:37,359 [INFO] ExperimentRunner: Creating model of type: classical_mlp
2025-05-03 12:43:37,359 [INFO] src.federated.client: Client classical_mlp_client_1 initialized on device 'cuda' with 23 samples.
2025-05-03 12:43:37,360 [INFO] src.federated.server: Registered client 'classical_mlp_client_1'. Total clients: 2.
2025-05-03 12:43:37,360 [INFO] ExperimentRunner: Creating model of type: classical_mlp
2025-05-03 12:43:37,360 [INFO] src.federated.client: Client classical_mlp_client_2 initialized on device 'cuda' with 22 samples.
2025-05-03 12:43:37,360 [INFO] src.federated.server: Registered client 'classical_mlp_client_2'. Total clients: 3.
2025-05-03 12:43:37,360 [INFO] ExperimentRunner: Creating model of type: classical_mlp
2025-05-03 12:43:37,361 [INFO] src.federated.client: Client classical_mlp_client_3 initialized on device 'cuda' with 22 samples.
2025-05-03 12:43:37,361 [INFO] src.federated.server: Registered client 'classical_mlp_client_3'. Total clients: 4.
2025-05-03 12:43:37,362 [INFO] ExperimentRunner: Creating model of type: classical_mlp
2025-05-03 12:43:37,362 [INFO] src.federated.client: Client classical_mlp_client_4 initialized on device 'cuda' with 22 samples.
2025-05-03 12:43:37,362 [INFO] src.federated.server: Registered client 'classical_mlp_client_4'. Total clients: 5.
2025-05-03 12:43:37,363 [INFO] ExperimentRunner: --- Scenario setup complete for Iris_MLP_FedDive_IID ---
2025-05-03 12:43:37,363 [INFO] src.federated.server: Starting federated training process for 20 rounds.
2025-05-03 12:43:37,363 [INFO] src.federated.server: Config: local_epochs=5, client_fraction=0.1, min_clients=3, FedProx mu=0.0
2025-05-03 12:43:37,363 [INFO] src.federated.server: Performing initial evaluation of global model...
2025-05-03 12:43:37,366 [INFO] src.federated.server: Initial Evaluation Metrics: {'loss': 1.1071447060567248, 'accuracy': 0.34210526315789475}
2025-05-03 12:43:37,366 [INFO] src.federated.server: ===== Starting Round 1/20 =====
2025-05-03 12:43:37,366 [INFO] src.federated.server: Starting federated training round...
2025-05-03 12:43:37,366 [INFO] src.federated.server: Selected 3 clients out of 5 available (fraction=0.1, min_clients=3): ['classical_mlp_client_0', 'classical_mlp_client_4', 'classical_mlp_client_2']
2025-05-03 12:43:37,367 [INFO] src.federated.client: Client classical_mlp_client_0: Starting local training for 5 epochs. Proximal term mu=0.0.
2025-05-03 12:43:37,370 [INFO] src.federated.client: Client classical_mlp_client_0 - Epoch 1/5 completed. Average Loss: 1.1388
2025-05-03 12:43:37,373 [INFO] src.federated.client: Client classical_mlp_client_0 - Epoch 2/5 completed. Average Loss: 1.0651
2025-05-03 12:43:37,376 [INFO] src.federated.client: Client classical_mlp_client_0 - Epoch 3/5 completed. Average Loss: 0.9839
2025-05-03 12:43:37,379 [INFO] src.federated.client: Client classical_mlp_client_0 - Epoch 4/5 completed. Average Loss: 0.8804
2025-05-03 12:43:37,382 [INFO] src.federated.client: Client classical_mlp_client_0 - Epoch 5/5 completed. Average Loss: 0.7592
2025-05-03 12:43:37,382 [INFO] src.federated.client: Client classical_mlp_client_0: Local training finished. Processed 115 samples.
2025-05-03 12:43:37,383 [INFO] src.federated.client: Client classical_mlp_client_4: Starting local training for 5 epochs. Proximal term mu=0.0.
2025-05-03 12:43:37,386 [INFO] src.federated.client: Client classical_mlp_client_4 - Epoch 1/5 completed. Average Loss: 1.1130
2025-05-03 12:43:37,388 [INFO] src.federated.client: Client classical_mlp_client_4 - Epoch 2/5 completed. Average Loss: 1.0486
2025-05-03 12:43:37,390 [INFO] src.federated.client: Client classical_mlp_client_4 - Epoch 3/5 completed. Average Loss: 0.9783
2025-05-03 12:43:37,393 [INFO] src.federated.client: Client classical_mlp_client_4 - Epoch 4/5 completed. Average Loss: 0.8916
2025-05-03 12:43:37,396 [INFO] src.federated.client: Client classical_mlp_client_4 - Epoch 5/5 completed. Average Loss: 0.7962
2025-05-03 12:43:37,396 [INFO] src.federated.client: Client classical_mlp_client_4: Local training finished. Processed 110 samples.
2025-05-03 12:43:37,397 [INFO] src.federated.client: Client classical_mlp_client_2: Starting local training for 5 epochs. Proximal term mu=0.0.
2025-05-03 12:43:37,400 [INFO] src.federated.client: Client classical_mlp_client_2 - Epoch 1/5 completed. Average Loss: 1.1612
2025-05-03 12:43:37,403 [INFO] src.federated.client: Client classical_mlp_client_2 - Epoch 2/5 completed. Average Loss: 1.0913
2025-05-03 12:43:37,405 [INFO] src.federated.client: Client classical_mlp_client_2 - Epoch 3/5 completed. Average Loss: 1.0015
2025-05-03 12:43:37,408 [INFO] src.federated.client: Client classical_mlp_client_2 - Epoch 4/5 completed. Average Loss: 0.8955
2025-05-03 12:43:37,410 [INFO] src.federated.client: Client classical_mlp_client_2 - Epoch 5/5 completed. Average Loss: 0.7797
2025-05-03 12:43:37,411 [INFO] src.federated.client: Client classical_mlp_client_2: Local training finished. Processed 110 samples.
2025-05-03 12:43:37,411 [INFO] src.federated.server: Aggregating updates from 3 clients using FedAvg.
2025-05-03 12:43:37,411 [INFO] src.federated.aggregation: FedAvg: Aggregating updates from 3 clients.
2025-05-03 12:43:37,412 [INFO] src.federated.aggregation: FedAvg: Aggregation complete.
2025-05-03 12:43:37,413 [INFO] src.federated.server: Global model updated with aggregated parameters.
2025-05-03 12:43:37,413 [INFO] src.federated.server: Evaluating updated global model...
2025-05-03 12:43:37,414 [INFO] src.federated.server: Round 1 completed in 0.05s. Eval Metrics: {'loss': 0.7786551470311185, 'accuracy': 0.631578947368421}
2025-05-03 12:43:37,414 [INFO] src.federated.server: ===== Starting Round 2/20 =====
2025-05-03 12:43:37,415 [INFO] src.federated.server: Starting federated training round...
2025-05-03 12:43:37,415 [INFO] src.federated.server: Selected 3 clients out of 5 available (fraction=0.1, min_clients=3): ['classical_mlp_client_2', 'classical_mlp_client_1', 'classical_mlp_client_0']
2025-05-03 12:43:37,415 [INFO] src.federated.client: Client classical_mlp_client_2: Starting local training for 5 epochs. Proximal term mu=0.0.
2025-05-03 12:43:37,418 [INFO] src.federated.client: Client classical_mlp_client_2 - Epoch 1/5 completed. Average Loss: 0.7302
2025-05-03 12:43:37,421 [INFO] src.federated.client: Client classical_mlp_client_2 - Epoch 2/5 completed. Average Loss: 0.6174
2025-05-03 12:43:37,424 [INFO] src.federated.client: Client classical_mlp_client_2 - Epoch 3/5 completed. Average Loss: 0.5191
2025-05-03 12:43:37,426 [INFO] src.federated.client: Client classical_mlp_client_2 - Epoch 4/5 completed. Average Loss: 0.4372
2025-05-03 12:43:37,429 [INFO] src.federated.client: Client classical_mlp_client_2 - Epoch 5/5 completed. Average Loss: 0.3630
2025-05-03 12:43:37,429 [INFO] src.federated.client: Client classical_mlp_client_2: Local training finished. Processed 110 samples.
2025-05-03 12:43:37,430 [INFO] src.federated.client: Client classical_mlp_client_1: Starting local training for 5 epochs. Proximal term mu=0.0.
2025-05-03 12:43:37,433 [INFO] src.federated.client: Client classical_mlp_client_1 - Epoch 1/5 completed. Average Loss: 0.7959
2025-05-03 12:43:37,436 [INFO] src.federated.client: Client classical_mlp_client_1 - Epoch 2/5 completed. Average Loss: 0.6850
2025-05-03 12:43:37,438 [INFO] src.federated.client: Client classical_mlp_client_1 - Epoch 3/5 completed. Average Loss: 0.5874
2025-05-03 12:43:37,441 [INFO] src.federated.client: Client classical_mlp_client_1 - Epoch 4/5 completed. Average Loss: 0.5002
2025-05-03 12:43:37,443 [INFO] src.federated.client: Client classical_mlp_client_1 - Epoch 5/5 completed. Average Loss: 0.4190
2025-05-03 12:43:37,444 [INFO] src.federated.client: Client classical_mlp_client_1: Local training finished. Processed 115 samples.
2025-05-03 12:43:37,444 [INFO] src.federated.client: Client classical_mlp_client_0: Starting local training for 5 epochs. Proximal term mu=0.0.
2025-05-03 12:43:37,447 [INFO] src.federated.client: Client classical_mlp_client_0 - Epoch 1/5 completed. Average Loss: 0.6024
2025-05-03 12:43:37,450 [INFO] src.federated.client: Client classical_mlp_client_0 - Epoch 2/5 completed. Average Loss: 0.4796
2025-05-03 12:43:37,453 [INFO] src.federated.client: Client classical_mlp_client_0 - Epoch 3/5 completed. Average Loss: 0.3877
2025-05-03 12:43:37,456 [INFO] src.federated.client: Client classical_mlp_client_0 - Epoch 4/5 completed. Average Loss: 0.3321
2025-05-03 12:43:37,459 [INFO] src.federated.client: Client classical_mlp_client_0 - Epoch 5/5 completed. Average Loss: 0.2950
2025-05-03 12:43:37,459 [INFO] src.federated.client: Client classical_mlp_client_0: Local training finished. Processed 115 samples.
2025-05-03 12:43:37,459 [INFO] src.federated.server: Aggregating updates from 3 clients using FedAvg.
2025-05-03 12:43:37,460 [INFO] src.federated.aggregation: FedAvg: Aggregating updates from 3 clients.
2025-05-03 12:43:37,460 [INFO] src.federated.aggregation: FedAvg: Aggregation complete.
2025-05-03 12:43:37,461 [INFO] src.federated.server: Global model updated with aggregated parameters.
2025-05-03 12:43:37,461 [INFO] src.federated.server: Evaluating updated global model...
2025-05-03 12:43:37,463 [INFO] src.federated.server: Round 2 completed in 0.05s. Eval Metrics: {'loss': 0.4607289982476303, 'accuracy': 0.7894736842105263}
2025-05-03 12:43:37,463 [INFO] src.federated.server: ===== Starting Round 3/20 =====
2025-05-03 12:43:37,463 [INFO] src.federated.server: Starting federated training round...
2025-05-03 12:43:37,463 [INFO] src.federated.server: Selected 3 clients out of 5 available (fraction=0.1, min_clients=3): ['classical_mlp_client_1', 'classical_mlp_client_0', 'classical_mlp_client_2']
2025-05-03 12:43:37,464 [INFO] src.federated.client: Client classical_mlp_client_1: Starting local training for 5 epochs. Proximal term mu=0.0.
2025-05-03 12:43:37,466 [INFO] src.federated.client: Client classical_mlp_client_1 - Epoch 1/5 completed. Average Loss: 0.4466
2025-05-03 12:43:37,469 [INFO] src.federated.client: Client classical_mlp_client_1 - Epoch 2/5 completed. Average Loss: 0.3626
2025-05-03 12:43:37,472 [INFO] src.federated.client: Client classical_mlp_client_1 - Epoch 3/5 completed. Average Loss: 0.2980
2025-05-03 12:43:37,475 [INFO] src.federated.client: Client classical_mlp_client_1 - Epoch 4/5 completed. Average Loss: 0.2565
2025-05-03 12:43:37,478 [INFO] src.federated.client: Client classical_mlp_client_1 - Epoch 5/5 completed. Average Loss: 0.2205
2025-05-03 12:43:37,478 [INFO] src.federated.client: Client classical_mlp_client_1: Local training finished. Processed 115 samples.
2025-05-03 12:43:37,479 [INFO] src.federated.client: Client classical_mlp_client_0: Starting local training for 5 epochs. Proximal term mu=0.0.
2025-05-03 12:43:37,481 [INFO] src.federated.client: Client classical_mlp_client_0 - Epoch 1/5 completed. Average Loss: 0.2067
2025-05-03 12:43:37,484 [INFO] src.federated.client: Client classical_mlp_client_0 - Epoch 2/5 completed. Average Loss: 0.1750
2025-05-03 12:43:37,487 [INFO] src.federated.client: Client classical_mlp_client_0 - Epoch 3/5 completed. Average Loss: 0.1459
2025-05-03 12:43:37,489 [INFO] src.federated.client: Client classical_mlp_client_0 - Epoch 4/5 completed. Average Loss: 0.1182
2025-05-03 12:43:37,492 [INFO] src.federated.client: Client classical_mlp_client_0 - Epoch 5/5 completed. Average Loss: 0.0932
2025-05-03 12:43:37,493 [INFO] src.federated.client: Client classical_mlp_client_0: Local training finished. Processed 115 samples.
2025-05-03 12:43:37,493 [INFO] src.federated.client: Client classical_mlp_client_2: Starting local training for 5 epochs. Proximal term mu=0.0.
2025-05-03 12:43:37,497 [INFO] src.federated.client: Client classical_mlp_client_2 - Epoch 1/5 completed. Average Loss: 0.3216
2025-05-03 12:43:37,500 [INFO] src.federated.client: Client classical_mlp_client_2 - Epoch 2/5 completed. Average Loss: 0.2469
2025-05-03 12:43:37,503 [INFO] src.federated.client: Client classical_mlp_client_2 - Epoch 3/5 completed. Average Loss: 0.1822
2025-05-03 12:43:37,506 [INFO] src.federated.client: Client classical_mlp_client_2 - Epoch 4/5 completed. Average Loss: 0.1326
2025-05-03 12:43:37,508 [INFO] src.federated.client: Client classical_mlp_client_2 - Epoch 5/5 completed. Average Loss: 0.0996
2025-05-03 12:43:37,509 [INFO] src.federated.client: Client classical_mlp_client_2: Local training finished. Processed 110 samples.
2025-05-03 12:43:37,509 [INFO] src.federated.server: Aggregating updates from 3 clients using FedAvg.
2025-05-03 12:43:37,509 [INFO] src.federated.aggregation: FedAvg: Aggregating updates from 3 clients.
2025-05-03 12:43:37,510 [INFO] src.federated.aggregation: FedAvg: Aggregation complete.
2025-05-03 12:43:37,511 [INFO] src.federated.server: Global model updated with aggregated parameters.
2025-05-03 12:43:37,511 [INFO] src.federated.server: Evaluating updated global model...
2025-05-03 12:43:37,513 [INFO] src.federated.server: Round 3 completed in 0.05s. Eval Metrics: {'loss': 0.23502668269296165, 'accuracy': 0.9210526315789473}
2025-05-03 12:43:37,513 [INFO] src.federated.server: ===== Starting Round 4/20 =====
2025-05-03 12:43:37,513 [INFO] src.federated.server: Starting federated training round...
2025-05-03 12:43:37,513 [INFO] src.federated.server: Selected 3 clients out of 5 available (fraction=0.1, min_clients=3): ['classical_mlp_client_4', 'classical_mlp_client_0', 'classical_mlp_client_2']
2025-05-03 12:43:37,514 [INFO] src.federated.client: Client classical_mlp_client_4: Starting local training for 5 epochs. Proximal term mu=0.0.
2025-05-03 12:43:37,517 [INFO] src.federated.client: Client classical_mlp_client_4 - Epoch 1/5 completed. Average Loss: 0.1668
2025-05-03 12:43:37,520 [INFO] src.federated.client: Client classical_mlp_client_4 - Epoch 2/5 completed. Average Loss: 0.1402
2025-05-03 12:43:37,522 [INFO] src.federated.client: Client classical_mlp_client_4 - Epoch 3/5 completed. Average Loss: 0.1238
2025-05-03 12:43:37,525 [INFO] src.federated.client: Client classical_mlp_client_4 - Epoch 4/5 completed. Average Loss: 0.0996
2025-05-03 12:43:37,528 [INFO] src.federated.client: Client classical_mlp_client_4 - Epoch 5/5 completed. Average Loss: 0.0876
2025-05-03 12:43:37,529 [INFO] src.federated.client: Client classical_mlp_client_4: Local training finished. Processed 110 samples.
2025-05-03 12:43:37,529 [INFO] src.federated.client: Client classical_mlp_client_0: Starting local training for 5 epochs. Proximal term mu=0.0.
2025-05-03 12:43:37,532 [INFO] src.federated.client: Client classical_mlp_client_0 - Epoch 1/5 completed. Average Loss: 0.0716
2025-05-03 12:43:37,534 [INFO] src.federated.client: Client classical_mlp_client_0 - Epoch 2/5 completed. Average Loss: 0.0528
2025-05-03 12:43:37,537 [INFO] src.federated.client: Client classical_mlp_client_0 - Epoch 3/5 completed. Average Loss: 0.0380
2025-05-03 12:43:37,541 [INFO] src.federated.client: Client classical_mlp_client_0 - Epoch 4/5 completed. Average Loss: 0.0285
2025-05-03 12:43:37,543 [INFO] src.federated.client: Client classical_mlp_client_0 - Epoch 5/5 completed. Average Loss: 0.0210
2025-05-03 12:43:37,544 [INFO] src.federated.client: Client classical_mlp_client_0: Local training finished. Processed 115 samples.
2025-05-03 12:43:37,544 [INFO] src.federated.client: Client classical_mlp_client_2: Starting local training for 5 epochs. Proximal term mu=0.0.
2025-05-03 12:43:37,548 [INFO] src.federated.client: Client classical_mlp_client_2 - Epoch 1/5 completed. Average Loss: 0.0754
2025-05-03 12:43:37,550 [INFO] src.federated.client: Client classical_mlp_client_2 - Epoch 2/5 completed. Average Loss: 0.0547
2025-05-03 12:43:37,553 [INFO] src.federated.client: Client classical_mlp_client_2 - Epoch 3/5 completed. Average Loss: 0.0399
2025-05-03 12:43:37,555 [INFO] src.federated.client: Client classical_mlp_client_2 - Epoch 4/5 completed. Average Loss: 0.0296
2025-05-03 12:43:37,558 [INFO] src.federated.client: Client classical_mlp_client_2 - Epoch 5/5 completed. Average Loss: 0.0231
2025-05-03 12:43:37,558 [INFO] src.federated.client: Client classical_mlp_client_2: Local training finished. Processed 110 samples.
2025-05-03 12:43:37,559 [INFO] src.federated.server: Aggregating updates from 3 clients using FedAvg.
2025-05-03 12:43:37,559 [INFO] src.federated.aggregation: FedAvg: Aggregating updates from 3 clients.
2025-05-03 12:43:37,560 [INFO] src.federated.aggregation: FedAvg: Aggregation complete.
2025-05-03 12:43:37,560 [INFO] src.federated.server: Global model updated with aggregated parameters.
2025-05-03 12:43:37,560 [INFO] src.federated.server: Evaluating updated global model...
2025-05-03 12:43:37,562 [INFO] src.federated.server: Round 4 completed in 0.05s. Eval Metrics: {'loss': 0.1679410223025464, 'accuracy': 0.9210526315789473}
2025-05-03 12:43:37,562 [INFO] src.federated.server: ===== Starting Round 5/20 =====
2025-05-03 12:43:37,562 [INFO] src.federated.server: Starting federated training round...
2025-05-03 12:43:37,562 [INFO] src.federated.server: Selected 3 clients out of 5 available (fraction=0.1, min_clients=3): ['classical_mlp_client_3', 'classical_mlp_client_0', 'classical_mlp_client_4']
2025-05-03 12:43:37,563 [INFO] src.federated.client: Client classical_mlp_client_3: Starting local training for 5 epochs. Proximal term mu=0.0.
2025-05-03 12:43:37,566 [INFO] src.federated.client: Client classical_mlp_client_3 - Epoch 1/5 completed. Average Loss: 0.0778
2025-05-03 12:43:37,569 [INFO] src.federated.client: Client classical_mlp_client_3 - Epoch 2/5 completed. Average Loss: 0.0424
2025-05-03 12:43:37,572 [INFO] src.federated.client: Client classical_mlp_client_3 - Epoch 3/5 completed. Average Loss: 0.0607
2025-05-03 12:43:37,574 [INFO] src.federated.client: Client classical_mlp_client_3 - Epoch 4/5 completed. Average Loss: 0.0405
2025-05-03 12:43:37,577 [INFO] src.federated.client: Client classical_mlp_client_3 - Epoch 5/5 completed. Average Loss: 0.0223
2025-05-03 12:43:37,577 [INFO] src.federated.client: Client classical_mlp_client_3: Local training finished. Processed 110 samples.
2025-05-03 12:43:37,578 [INFO] src.federated.client: Client classical_mlp_client_0: Starting local training for 5 epochs. Proximal term mu=0.0.
2025-05-03 12:43:37,580 [INFO] src.federated.client: Client classical_mlp_client_0 - Epoch 1/5 completed. Average Loss: 0.0204
2025-05-03 12:43:37,582 [INFO] src.federated.client: Client classical_mlp_client_0 - Epoch 2/5 completed. Average Loss: 0.0141
2025-05-03 12:43:37,585 [INFO] src.federated.client: Client classical_mlp_client_0 - Epoch 3/5 completed. Average Loss: 0.0098
2025-05-03 12:43:37,587 [INFO] src.federated.client: Client classical_mlp_client_0 - Epoch 4/5 completed. Average Loss: 0.0070
2025-05-03 12:43:37,590 [INFO] src.federated.client: Client classical_mlp_client_0 - Epoch 5/5 completed. Average Loss: 0.0050
2025-05-03 12:43:37,590 [INFO] src.federated.client: Client classical_mlp_client_0: Local training finished. Processed 115 samples.
2025-05-03 12:43:37,591 [INFO] src.federated.client: Client classical_mlp_client_4: Starting local training for 5 epochs. Proximal term mu=0.0.
2025-05-03 12:43:37,593 [INFO] src.federated.client: Client classical_mlp_client_4 - Epoch 1/5 completed. Average Loss: 0.0750
2025-05-03 12:43:37,596 [INFO] src.federated.client: Client classical_mlp_client_4 - Epoch 2/5 completed. Average Loss: 0.0643
2025-05-03 12:43:37,598 [INFO] src.federated.client: Client classical_mlp_client_4 - Epoch 3/5 completed. Average Loss: 0.0621
2025-05-03 12:43:37,601 [INFO] src.federated.client: Client classical_mlp_client_4 - Epoch 4/5 completed. Average Loss: 0.0519
2025-05-03 12:43:37,603 [INFO] src.federated.client: Client classical_mlp_client_4 - Epoch 5/5 completed. Average Loss: 0.0458
2025-05-03 12:43:37,604 [INFO] src.federated.client: Client classical_mlp_client_4: Local training finished. Processed 110 samples.
2025-05-03 12:43:37,604 [INFO] src.federated.server: Aggregating updates from 3 clients using FedAvg.
2025-05-03 12:43:37,604 [INFO] src.federated.aggregation: FedAvg: Aggregating updates from 3 clients.
2025-05-03 12:43:37,605 [INFO] src.federated.aggregation: FedAvg: Aggregation complete.
2025-05-03 12:43:37,605 [INFO] src.federated.server: Global model updated with aggregated parameters.
2025-05-03 12:43:37,605 [INFO] src.federated.server: Evaluating updated global model...
2025-05-03 12:43:37,607 [INFO] src.federated.server: Round 5 completed in 0.04s. Eval Metrics: {'loss': 0.135836374817623, 'accuracy': 0.9210526315789473}
2025-05-03 12:43:37,607 [INFO] src.federated.server: ===== Starting Round 6/20 =====
2025-05-03 12:43:37,607 [INFO] src.federated.server: Starting federated training round...
2025-05-03 12:43:37,607 [INFO] src.federated.server: Selected 3 clients out of 5 available (fraction=0.1, min_clients=3): ['classical_mlp_client_0', 'classical_mlp_client_1', 'classical_mlp_client_4']
2025-05-03 12:43:37,608 [INFO] src.federated.client: Client classical_mlp_client_0: Starting local training for 5 epochs. Proximal term mu=0.0.
2025-05-03 12:43:37,611 [INFO] src.federated.client: Client classical_mlp_client_0 - Epoch 1/5 completed. Average Loss: 0.0077
2025-05-03 12:43:37,613 [INFO] src.federated.client: Client classical_mlp_client_0 - Epoch 2/5 completed. Average Loss: 0.0050
2025-05-03 12:43:37,616 [INFO] src.federated.client: Client classical_mlp_client_0 - Epoch 3/5 completed. Average Loss: 0.0031
2025-05-03 12:43:37,619 [INFO] src.federated.client: Client classical_mlp_client_0 - Epoch 4/5 completed. Average Loss: 0.0020
2025-05-03 12:43:37,621 [INFO] src.federated.client: Client classical_mlp_client_0 - Epoch 5/5 completed. Average Loss: 0.0015
2025-05-03 12:43:37,622 [INFO] src.federated.client: Client classical_mlp_client_0: Local training finished. Processed 115 samples.
2025-05-03 12:43:37,623 [INFO] src.federated.client: Client classical_mlp_client_1: Starting local training for 5 epochs. Proximal term mu=0.0.
2025-05-03 12:43:37,625 [INFO] src.federated.client: Client classical_mlp_client_1 - Epoch 1/5 completed. Average Loss: 0.1729
2025-05-03 12:43:37,628 [INFO] src.federated.client: Client classical_mlp_client_1 - Epoch 2/5 completed. Average Loss: 0.1602
2025-05-03 12:43:37,631 [INFO] src.federated.client: Client classical_mlp_client_1 - Epoch 3/5 completed. Average Loss: 0.1355
2025-05-03 12:43:37,633 [INFO] src.federated.client: Client classical_mlp_client_1 - Epoch 4/5 completed. Average Loss: 0.1068
2025-05-03 12:43:37,636 [INFO] src.federated.client: Client classical_mlp_client_1 - Epoch 5/5 completed. Average Loss: 0.0829
2025-05-03 12:43:37,636 [INFO] src.federated.client: Client classical_mlp_client_1: Local training finished. Processed 115 samples.
2025-05-03 12:43:37,637 [INFO] src.federated.client: Client classical_mlp_client_4: Starting local training for 5 epochs. Proximal term mu=0.0.
2025-05-03 12:43:37,640 [INFO] src.federated.client: Client classical_mlp_client_4 - Epoch 1/5 completed. Average Loss: 0.0672
2025-05-03 12:43:37,642 [INFO] src.federated.client: Client classical_mlp_client_4 - Epoch 2/5 completed. Average Loss: 0.0474
2025-05-03 12:43:37,645 [INFO] src.federated.client: Client classical_mlp_client_4 - Epoch 3/5 completed. Average Loss: 0.0417
2025-05-03 12:43:37,647 [INFO] src.federated.client: Client classical_mlp_client_4 - Epoch 4/5 completed. Average Loss: 0.0462
2025-05-03 12:43:37,650 [INFO] src.federated.client: Client classical_mlp_client_4 - Epoch 5/5 completed. Average Loss: 0.0349
2025-05-03 12:43:37,650 [INFO] src.federated.client: Client classical_mlp_client_4: Local training finished. Processed 110 samples.
2025-05-03 12:43:37,650 [INFO] src.federated.server: Aggregating updates from 3 clients using FedAvg.
2025-05-03 12:43:37,651 [INFO] src.federated.aggregation: FedAvg: Aggregating updates from 3 clients.
2025-05-03 12:43:37,651 [INFO] src.federated.aggregation: FedAvg: Aggregation complete.
2025-05-03 12:43:37,652 [INFO] src.federated.server: Global model updated with aggregated parameters.
2025-05-03 12:43:37,652 [INFO] src.federated.server: Evaluating updated global model...
2025-05-03 12:43:37,653 [INFO] src.federated.server: Round 6 completed in 0.05s. Eval Metrics: {'loss': 0.14153523343593982, 'accuracy': 0.9210526315789473}
2025-05-03 12:43:37,653 [INFO] src.federated.server: ===== Starting Round 7/20 =====
2025-05-03 12:43:37,653 [INFO] src.federated.server: Starting federated training round...
2025-05-03 12:43:37,654 [INFO] src.federated.server: Selected 3 clients out of 5 available (fraction=0.1, min_clients=3): ['classical_mlp_client_4', 'classical_mlp_client_0', 'classical_mlp_client_2']
2025-05-03 12:43:37,654 [INFO] src.federated.client: Client classical_mlp_client_4: Starting local training for 5 epochs. Proximal term mu=0.0.
2025-05-03 12:43:37,657 [INFO] src.federated.client: Client classical_mlp_client_4 - Epoch 1/5 completed. Average Loss: 0.0410
2025-05-03 12:43:37,660 [INFO] src.federated.client: Client classical_mlp_client_4 - Epoch 2/5 completed. Average Loss: 0.0405
2025-05-03 12:43:37,662 [INFO] src.federated.client: Client classical_mlp_client_4 - Epoch 3/5 completed. Average Loss: 0.0386
2025-05-03 12:43:37,666 [INFO] src.federated.client: Client classical_mlp_client_4 - Epoch 4/5 completed. Average Loss: 0.0276
2025-05-03 12:43:37,668 [INFO] src.federated.client: Client classical_mlp_client_4 - Epoch 5/5 completed. Average Loss: 0.0225
2025-05-03 12:43:37,669 [INFO] src.federated.client: Client classical_mlp_client_4: Local training finished. Processed 110 samples.
2025-05-03 12:43:37,669 [INFO] src.federated.client: Client classical_mlp_client_0: Starting local training for 5 epochs. Proximal term mu=0.0.
2025-05-03 12:43:37,672 [INFO] src.federated.client: Client classical_mlp_client_0 - Epoch 1/5 completed. Average Loss: 0.0017
2025-05-03 12:43:37,675 [INFO] src.federated.client: Client classical_mlp_client_0 - Epoch 2/5 completed. Average Loss: 0.0014
2025-05-03 12:43:37,678 [INFO] src.federated.client: Client classical_mlp_client_0 - Epoch 3/5 completed. Average Loss: 0.0011
2025-05-03 12:43:37,681 [INFO] src.federated.client: Client classical_mlp_client_0 - Epoch 4/5 completed. Average Loss: 0.0008
2025-05-03 12:43:37,684 [INFO] src.federated.client: Client classical_mlp_client_0 - Epoch 5/5 completed. Average Loss: 0.0006
2025-05-03 12:43:37,684 [INFO] src.federated.client: Client classical_mlp_client_0: Local training finished. Processed 115 samples.
2025-05-03 12:43:37,685 [INFO] src.federated.client: Client classical_mlp_client_2: Starting local training for 5 epochs. Proximal term mu=0.0.
2025-05-03 12:43:37,688 [INFO] src.federated.client: Client classical_mlp_client_2 - Epoch 1/5 completed. Average Loss: 0.0065
2025-05-03 12:43:37,690 [INFO] src.federated.client: Client classical_mlp_client_2 - Epoch 2/5 completed. Average Loss: 0.0035
2025-05-03 12:43:37,693 [INFO] src.federated.client: Client classical_mlp_client_2 - Epoch 3/5 completed. Average Loss: 0.0026
2025-05-03 12:43:37,695 [INFO] src.federated.client: Client classical_mlp_client_2 - Epoch 4/5 completed. Average Loss: 0.0027
2025-05-03 12:43:37,698 [INFO] src.federated.client: Client classical_mlp_client_2 - Epoch 5/5 completed. Average Loss: 0.0027
2025-05-03 12:43:37,698 [INFO] src.federated.client: Client classical_mlp_client_2: Local training finished. Processed 110 samples.
2025-05-03 12:43:37,699 [INFO] src.federated.server: Aggregating updates from 3 clients using FedAvg.
2025-05-03 12:43:37,699 [INFO] src.federated.aggregation: FedAvg: Aggregating updates from 3 clients.
2025-05-03 12:43:37,699 [INFO] src.federated.aggregation: FedAvg: Aggregation complete.
2025-05-03 12:43:37,700 [INFO] src.federated.server: Global model updated with aggregated parameters.
2025-05-03 12:43:37,700 [INFO] src.federated.server: Evaluating updated global model...
2025-05-03 12:43:37,702 [INFO] src.federated.server: Round 7 completed in 0.05s. Eval Metrics: {'loss': 0.15324284483540818, 'accuracy': 0.9210526315789473}
2025-05-03 12:43:37,702 [INFO] src.federated.server: ===== Starting Round 8/20 =====
2025-05-03 12:43:37,702 [INFO] src.federated.server: Starting federated training round...
2025-05-03 12:43:37,702 [INFO] src.federated.server: Selected 3 clients out of 5 available (fraction=0.1, min_clients=3): ['classical_mlp_client_1', 'classical_mlp_client_3', 'classical_mlp_client_0']
2025-05-03 12:43:37,703 [INFO] src.federated.client: Client classical_mlp_client_1: Starting local training for 5 epochs. Proximal term mu=0.0.
2025-05-03 12:43:37,706 [INFO] src.federated.client: Client classical_mlp_client_1 - Epoch 1/5 completed. Average Loss: 0.1712
2025-05-03 12:43:37,708 [INFO] src.federated.client: Client classical_mlp_client_1 - Epoch 2/5 completed. Average Loss: 0.1216
2025-05-03 12:43:37,711 [INFO] src.federated.client: Client classical_mlp_client_1 - Epoch 3/5 completed. Average Loss: 0.0830
2025-05-03 12:43:37,713 [INFO] src.federated.client: Client classical_mlp_client_1 - Epoch 4/5 completed. Average Loss: 0.0544
2025-05-03 12:43:37,716 [INFO] src.federated.client: Client classical_mlp_client_1 - Epoch 5/5 completed. Average Loss: 0.0326
2025-05-03 12:43:37,717 [INFO] src.federated.client: Client classical_mlp_client_1: Local training finished. Processed 115 samples.
2025-05-03 12:43:37,717 [INFO] src.federated.client: Client classical_mlp_client_3: Starting local training for 5 epochs. Proximal term mu=0.0.
2025-05-03 12:43:37,720 [INFO] src.federated.client: Client classical_mlp_client_3 - Epoch 1/5 completed. Average Loss: 0.1249
2025-05-03 12:43:37,723 [INFO] src.federated.client: Client classical_mlp_client_3 - Epoch 2/5 completed. Average Loss: 0.0784
2025-05-03 12:43:37,725 [INFO] src.federated.client: Client classical_mlp_client_3 - Epoch 3/5 completed. Average Loss: 0.0184
2025-05-03 12:43:37,728 [INFO] src.federated.client: Client classical_mlp_client_3 - Epoch 4/5 completed. Average Loss: 0.0023
2025-05-03 12:43:37,730 [INFO] src.federated.client: Client classical_mlp_client_3 - Epoch 5/5 completed. Average Loss: 0.0023
2025-05-03 12:43:37,731 [INFO] src.federated.client: Client classical_mlp_client_3: Local training finished. Processed 110 samples.
2025-05-03 12:43:37,731 [INFO] src.federated.client: Client classical_mlp_client_0: Starting local training for 5 epochs. Proximal term mu=0.0.
2025-05-03 12:43:37,734 [INFO] src.federated.client: Client classical_mlp_client_0 - Epoch 1/5 completed. Average Loss: 0.0005
2025-05-03 12:43:37,736 [INFO] src.federated.client: Client classical_mlp_client_0 - Epoch 2/5 completed. Average Loss: 0.0004
2025-05-03 12:43:37,738 [INFO] src.federated.client: Client classical_mlp_client_0 - Epoch 3/5 completed. Average Loss: 0.0003
2025-05-03 12:43:37,741 [INFO] src.federated.client: Client classical_mlp_client_0 - Epoch 4/5 completed. Average Loss: 0.0003
2025-05-03 12:43:37,744 [INFO] src.federated.client: Client classical_mlp_client_0 - Epoch 5/5 completed. Average Loss: 0.0002
2025-05-03 12:43:37,745 [INFO] src.federated.client: Client classical_mlp_client_0: Local training finished. Processed 115 samples.
2025-05-03 12:43:37,745 [INFO] src.federated.server: Aggregating updates from 3 clients using FedAvg.
2025-05-03 12:43:37,745 [INFO] src.federated.aggregation: FedAvg: Aggregating updates from 3 clients.
2025-05-03 12:43:37,745 [INFO] src.federated.aggregation: FedAvg: Aggregation complete.
2025-05-03 12:43:37,746 [INFO] src.federated.server: Global model updated with aggregated parameters.
2025-05-03 12:43:37,746 [INFO] src.federated.server: Evaluating updated global model...
2025-05-03 12:43:37,748 [INFO] src.federated.server: Round 8 completed in 0.05s. Eval Metrics: {'loss': 0.1099010876058975, 'accuracy': 0.9736842105263158}
2025-05-03 12:43:37,748 [INFO] src.federated.server: ===== Starting Round 9/20 =====
2025-05-03 12:43:37,749 [INFO] src.federated.server: Starting federated training round...
2025-05-03 12:43:37,749 [INFO] src.federated.server: Selected 3 clients out of 5 available (fraction=0.1, min_clients=3): ['classical_mlp_client_3', 'classical_mlp_client_2', 'classical_mlp_client_0']
2025-05-03 12:43:37,749 [INFO] src.federated.client: Client classical_mlp_client_3: Starting local training for 5 epochs. Proximal term mu=0.0.
2025-05-03 12:43:37,752 [INFO] src.federated.client: Client classical_mlp_client_3 - Epoch 1/5 completed. Average Loss: 0.0183
2025-05-03 12:43:37,755 [INFO] src.federated.client: Client classical_mlp_client_3 - Epoch 2/5 completed. Average Loss: 0.0022
2025-05-03 12:43:37,758 [INFO] src.federated.client: Client classical_mlp_client_3 - Epoch 3/5 completed. Average Loss: 0.0010
2025-05-03 12:43:37,761 [INFO] src.federated.client: Client classical_mlp_client_3 - Epoch 4/5 completed. Average Loss: 0.0032
2025-05-03 12:43:37,764 [INFO] src.federated.client: Client classical_mlp_client_3 - Epoch 5/5 completed. Average Loss: 0.0106
2025-05-03 12:43:37,764 [INFO] src.federated.client: Client classical_mlp_client_3: Local training finished. Processed 110 samples.
2025-05-03 12:43:37,765 [INFO] src.federated.client: Client classical_mlp_client_2: Starting local training for 5 epochs. Proximal term mu=0.0.
2025-05-03 12:43:37,767 [INFO] src.federated.client: Client classical_mlp_client_2 - Epoch 1/5 completed. Average Loss: 0.0384
2025-05-03 12:43:37,770 [INFO] src.federated.client: Client classical_mlp_client_2 - Epoch 2/5 completed. Average Loss: 0.0073
2025-05-03 12:43:37,772 [INFO] src.federated.client: Client classical_mlp_client_2 - Epoch 3/5 completed. Average Loss: 0.0015
2025-05-03 12:43:37,775 [INFO] src.federated.client: Client classical_mlp_client_2 - Epoch 4/5 completed. Average Loss: 0.0043
2025-05-03 12:43:37,778 [INFO] src.federated.client: Client classical_mlp_client_2 - Epoch 5/5 completed. Average Loss: 0.0135
2025-05-03 12:43:37,778 [INFO] src.federated.client: Client classical_mlp_client_2: Local training finished. Processed 110 samples.
2025-05-03 12:43:37,779 [INFO] src.federated.client: Client classical_mlp_client_0: Starting local training for 5 epochs. Proximal term mu=0.0.
2025-05-03 12:43:37,782 [INFO] src.federated.client: Client classical_mlp_client_0 - Epoch 1/5 completed. Average Loss: 0.0014
2025-05-03 12:43:37,785 [INFO] src.federated.client: Client classical_mlp_client_0 - Epoch 2/5 completed. Average Loss: 0.0009
2025-05-03 12:43:37,787 [INFO] src.federated.client: Client classical_mlp_client_0 - Epoch 3/5 completed. Average Loss: 0.0006
2025-05-03 12:43:37,790 [INFO] src.federated.client: Client classical_mlp_client_0 - Epoch 4/5 completed. Average Loss: 0.0004
2025-05-03 12:43:37,792 [INFO] src.federated.client: Client classical_mlp_client_0 - Epoch 5/5 completed. Average Loss: 0.0002
2025-05-03 12:43:37,793 [INFO] src.federated.client: Client classical_mlp_client_0: Local training finished. Processed 115 samples.
2025-05-03 12:43:37,793 [INFO] src.federated.server: Aggregating updates from 3 clients using FedAvg.
2025-05-03 12:43:37,793 [INFO] src.federated.aggregation: FedAvg: Aggregating updates from 3 clients.
2025-05-03 12:43:37,794 [INFO] src.federated.aggregation: FedAvg: Aggregation complete.
2025-05-03 12:43:37,794 [INFO] src.federated.server: Global model updated with aggregated parameters.
2025-05-03 12:43:37,794 [INFO] src.federated.server: Evaluating updated global model...
2025-05-03 12:43:37,796 [INFO] src.federated.server: Round 9 completed in 0.05s. Eval Metrics: {'loss': 0.12231859763114156, 'accuracy': 0.9736842105263158}
2025-05-03 12:43:37,796 [INFO] src.federated.server: ===== Starting Round 10/20 =====
2025-05-03 12:43:37,796 [INFO] src.federated.server: Starting federated training round...
2025-05-03 12:43:37,796 [INFO] src.federated.server: Selected 3 clients out of 5 available (fraction=0.1, min_clients=3): ['classical_mlp_client_1', 'classical_mlp_client_3', 'classical_mlp_client_4']
2025-05-03 12:43:37,797 [INFO] src.federated.client: Client classical_mlp_client_1: Starting local training for 5 epochs. Proximal term mu=0.0.
2025-05-03 12:43:37,800 [INFO] src.federated.client: Client classical_mlp_client_1 - Epoch 1/5 completed. Average Loss: 0.2364
2025-05-03 12:43:37,804 [INFO] src.federated.client: Client classical_mlp_client_1 - Epoch 2/5 completed. Average Loss: 0.0843
2025-05-03 12:43:37,807 [INFO] src.federated.client: Client classical_mlp_client_1 - Epoch 3/5 completed. Average Loss: 0.0618
2025-05-03 12:43:37,809 [INFO] src.federated.client: Client classical_mlp_client_1 - Epoch 4/5 completed. Average Loss: 0.1118
2025-05-03 12:43:37,812 [INFO] src.federated.client: Client classical_mlp_client_1 - Epoch 5/5 completed. Average Loss: 0.1099
2025-05-03 12:43:37,813 [INFO] src.federated.client: Client classical_mlp_client_1: Local training finished. Processed 115 samples.
2025-05-03 12:43:37,813 [INFO] src.federated.client: Client classical_mlp_client_3: Starting local training for 5 epochs. Proximal term mu=0.0.
2025-05-03 12:43:37,816 [INFO] src.federated.client: Client classical_mlp_client_3 - Epoch 1/5 completed. Average Loss: 0.0143
2025-05-03 12:43:37,819 [INFO] src.federated.client: Client classical_mlp_client_3 - Epoch 2/5 completed. Average Loss: 0.0034
2025-05-03 12:43:37,821 [INFO] src.federated.client: Client classical_mlp_client_3 - Epoch 3/5 completed. Average Loss: 0.0008
2025-05-03 12:43:37,824 [INFO] src.federated.client: Client classical_mlp_client_3 - Epoch 4/5 completed. Average Loss: 0.0005
2025-05-03 12:43:37,827 [INFO] src.federated.client: Client classical_mlp_client_3 - Epoch 5/5 completed. Average Loss: 0.0009
2025-05-03 12:43:37,828 [INFO] src.federated.client: Client classical_mlp_client_3: Local training finished. Processed 110 samples.
2025-05-03 12:43:37,828 [INFO] src.federated.client: Client classical_mlp_client_4: Starting local training for 5 epochs. Proximal term mu=0.0.
2025-05-03 12:43:37,831 [INFO] src.federated.client: Client classical_mlp_client_4 - Epoch 1/5 completed. Average Loss: 0.1949
2025-05-03 12:43:37,834 [INFO] src.federated.client: Client classical_mlp_client_4 - Epoch 2/5 completed. Average Loss: 0.0839
2025-05-03 12:43:37,836 [INFO] src.federated.client: Client classical_mlp_client_4 - Epoch 3/5 completed. Average Loss: 0.0220
2025-05-03 12:43:37,839 [INFO] src.federated.client: Client classical_mlp_client_4 - Epoch 4/5 completed. Average Loss: 0.1031
2025-05-03 12:43:37,841 [INFO] src.federated.client: Client classical_mlp_client_4 - Epoch 5/5 completed. Average Loss: 0.1004
2025-05-03 12:43:37,842 [INFO] src.federated.client: Client classical_mlp_client_4: Local training finished. Processed 110 samples.
2025-05-03 12:43:37,842 [INFO] src.federated.server: Aggregating updates from 3 clients using FedAvg.
2025-05-03 12:43:37,842 [INFO] src.federated.aggregation: FedAvg: Aggregating updates from 3 clients.
2025-05-03 12:43:37,842 [INFO] src.federated.aggregation: FedAvg: Aggregation complete.
2025-05-03 12:43:37,843 [INFO] src.federated.server: Global model updated with aggregated parameters.
2025-05-03 12:43:37,843 [INFO] src.federated.server: Evaluating updated global model...
2025-05-03 12:43:37,845 [INFO] src.federated.server: Round 10 completed in 0.05s. Eval Metrics: {'loss': 0.09868701271582796, 'accuracy': 0.9473684210526315}
2025-05-03 12:43:37,845 [INFO] src.federated.server: ===== Starting Round 11/20 =====
2025-05-03 12:43:37,845 [INFO] src.federated.server: Starting federated training round...
2025-05-03 12:43:37,845 [INFO] src.federated.server: Selected 3 clients out of 5 available (fraction=0.1, min_clients=3): ['classical_mlp_client_2', 'classical_mlp_client_1', 'classical_mlp_client_0']
2025-05-03 12:43:37,846 [INFO] src.federated.client: Client classical_mlp_client_2: Starting local training for 5 epochs. Proximal term mu=0.0.
2025-05-03 12:43:37,849 [INFO] src.federated.client: Client classical_mlp_client_2 - Epoch 1/5 completed. Average Loss: 0.0107
2025-05-03 12:43:37,852 [INFO] src.federated.client: Client classical_mlp_client_2 - Epoch 2/5 completed. Average Loss: 0.0034
2025-05-03 12:43:37,855 [INFO] src.federated.client: Client classical_mlp_client_2 - Epoch 3/5 completed. Average Loss: 0.0014
2025-05-03 12:43:37,857 [INFO] src.federated.client: Client classical_mlp_client_2 - Epoch 4/5 completed. Average Loss: 0.0016
2025-05-03 12:43:37,861 [INFO] src.federated.client: Client classical_mlp_client_2 - Epoch 5/5 completed. Average Loss: 0.0027
2025-05-03 12:43:37,861 [INFO] src.federated.client: Client classical_mlp_client_2: Local training finished. Processed 110 samples.
2025-05-03 12:43:37,862 [INFO] src.federated.client: Client classical_mlp_client_1: Starting local training for 5 epochs. Proximal term mu=0.0.
2025-05-03 12:43:37,864 [INFO] src.federated.client: Client classical_mlp_client_1 - Epoch 1/5 completed. Average Loss: 0.0742
2025-05-03 12:43:37,868 [INFO] src.federated.client: Client classical_mlp_client_1 - Epoch 2/5 completed. Average Loss: 0.0608
2025-05-03 12:43:37,870 [INFO] src.federated.client: Client classical_mlp_client_1 - Epoch 3/5 completed. Average Loss: 0.0329
2025-05-03 12:43:37,872 [INFO] src.federated.client: Client classical_mlp_client_1 - Epoch 4/5 completed. Average Loss: 0.0206
2025-05-03 12:43:37,875 [INFO] src.federated.client: Client classical_mlp_client_1 - Epoch 5/5 completed. Average Loss: 0.0234
2025-05-03 12:43:37,876 [INFO] src.federated.client: Client classical_mlp_client_1: Local training finished. Processed 115 samples.
2025-05-03 12:43:37,876 [INFO] src.federated.client: Client classical_mlp_client_0: Starting local training for 5 epochs. Proximal term mu=0.0.
2025-05-03 12:43:37,879 [INFO] src.federated.client: Client classical_mlp_client_0 - Epoch 1/5 completed. Average Loss: 0.0002
2025-05-03 12:43:37,882 [INFO] src.federated.client: Client classical_mlp_client_0 - Epoch 2/5 completed. Average Loss: 0.0001
2025-05-03 12:43:37,884 [INFO] src.federated.client: Client classical_mlp_client_0 - Epoch 3/5 completed. Average Loss: 0.0001
2025-05-03 12:43:37,886 [INFO] src.federated.client: Client classical_mlp_client_0 - Epoch 4/5 completed. Average Loss: 0.0001
2025-05-03 12:43:37,889 [INFO] src.federated.client: Client classical_mlp_client_0 - Epoch 5/5 completed. Average Loss: 0.0001
2025-05-03 12:43:37,890 [INFO] src.federated.client: Client classical_mlp_client_0: Local training finished. Processed 115 samples.
2025-05-03 12:43:37,890 [INFO] src.federated.server: Aggregating updates from 3 clients using FedAvg.
2025-05-03 12:43:37,890 [INFO] src.federated.aggregation: FedAvg: Aggregating updates from 3 clients.
2025-05-03 12:43:37,890 [INFO] src.federated.aggregation: FedAvg: Aggregation complete.
2025-05-03 12:43:37,891 [INFO] src.federated.server: Global model updated with aggregated parameters.
2025-05-03 12:43:37,891 [INFO] src.federated.server: Evaluating updated global model...
2025-05-03 12:43:37,893 [INFO] src.federated.server: Round 11 completed in 0.05s. Eval Metrics: {'loss': 0.18334312769656377, 'accuracy': 0.9210526315789473}
2025-05-03 12:43:37,893 [INFO] src.federated.server: ===== Starting Round 12/20 =====
2025-05-03 12:43:37,893 [INFO] src.federated.server: Starting federated training round...
2025-05-03 12:43:37,893 [INFO] src.federated.server: Selected 3 clients out of 5 available (fraction=0.1, min_clients=3): ['classical_mlp_client_2', 'classical_mlp_client_0', 'classical_mlp_client_3']
2025-05-03 12:43:37,894 [INFO] src.federated.client: Client classical_mlp_client_2: Starting local training for 5 epochs. Proximal term mu=0.0.
2025-05-03 12:43:37,897 [INFO] src.federated.client: Client classical_mlp_client_2 - Epoch 1/5 completed. Average Loss: 0.0028
2025-05-03 12:43:37,900 [INFO] src.federated.client: Client classical_mlp_client_2 - Epoch 2/5 completed. Average Loss: 0.0030
2025-05-03 12:43:37,902 [INFO] src.federated.client: Client classical_mlp_client_2 - Epoch 3/5 completed. Average Loss: 0.0029
2025-05-03 12:43:37,905 [INFO] src.federated.client: Client classical_mlp_client_2 - Epoch 4/5 completed. Average Loss: 0.0023
2025-05-03 12:43:37,908 [INFO] src.federated.client: Client classical_mlp_client_2 - Epoch 5/5 completed. Average Loss: 0.0017
2025-05-03 12:43:37,909 [INFO] src.federated.client: Client classical_mlp_client_2: Local training finished. Processed 110 samples.
2025-05-03 12:43:37,909 [INFO] src.federated.client: Client classical_mlp_client_0: Starting local training for 5 epochs. Proximal term mu=0.0.
2025-05-03 12:43:37,912 [INFO] src.federated.client: Client classical_mlp_client_0 - Epoch 1/5 completed. Average Loss: 0.0002
2025-05-03 12:43:37,915 [INFO] src.federated.client: Client classical_mlp_client_0 - Epoch 2/5 completed. Average Loss: 0.0003
2025-05-03 12:43:37,918 [INFO] src.federated.client: Client classical_mlp_client_0 - Epoch 3/5 completed. Average Loss: 0.0003
2025-05-03 12:43:37,921 [INFO] src.federated.client: Client classical_mlp_client_0 - Epoch 4/5 completed. Average Loss: 0.0003
2025-05-03 12:43:37,924 [INFO] src.federated.client: Client classical_mlp_client_0 - Epoch 5/5 completed. Average Loss: 0.0003
2025-05-03 12:43:37,925 [INFO] src.federated.client: Client classical_mlp_client_0: Local training finished. Processed 115 samples.
2025-05-03 12:43:37,925 [INFO] src.federated.client: Client classical_mlp_client_3: Starting local training for 5 epochs. Proximal term mu=0.0.
2025-05-03 12:43:37,928 [INFO] src.federated.client: Client classical_mlp_client_3 - Epoch 1/5 completed. Average Loss: 0.2083
2025-05-03 12:43:37,931 [INFO] src.federated.client: Client classical_mlp_client_3 - Epoch 2/5 completed. Average Loss: 0.0843
2025-05-03 12:43:37,933 [INFO] src.federated.client: Client classical_mlp_client_3 - Epoch 3/5 completed. Average Loss: 0.0075
2025-05-03 12:43:37,935 [INFO] src.federated.client: Client classical_mlp_client_3 - Epoch 4/5 completed. Average Loss: 0.0004
2025-05-03 12:43:37,938 [INFO] src.federated.client: Client classical_mlp_client_3 - Epoch 5/5 completed. Average Loss: 0.0010
2025-05-03 12:43:37,938 [INFO] src.federated.client: Client classical_mlp_client_3: Local training finished. Processed 110 samples.
2025-05-03 12:43:37,938 [INFO] src.federated.server: Aggregating updates from 3 clients using FedAvg.
2025-05-03 12:43:37,939 [INFO] src.federated.aggregation: FedAvg: Aggregating updates from 3 clients.
2025-05-03 12:43:37,939 [INFO] src.federated.aggregation: FedAvg: Aggregation complete.
2025-05-03 12:43:37,940 [INFO] src.federated.server: Global model updated with aggregated parameters.
2025-05-03 12:43:37,940 [INFO] src.federated.server: Evaluating updated global model...
2025-05-03 12:43:37,941 [INFO] src.federated.server: Round 12 completed in 0.05s. Eval Metrics: {'loss': 0.11812232698022955, 'accuracy': 0.9736842105263158}
2025-05-03 12:43:37,941 [INFO] src.federated.server: ===== Starting Round 13/20 =====
2025-05-03 12:43:37,941 [INFO] src.federated.server: Starting federated training round...
2025-05-03 12:43:37,941 [INFO] src.federated.server: Selected 3 clients out of 5 available (fraction=0.1, min_clients=3): ['classical_mlp_client_3', 'classical_mlp_client_0', 'classical_mlp_client_1']
2025-05-03 12:43:37,942 [INFO] src.federated.client: Client classical_mlp_client_3: Starting local training for 5 epochs. Proximal term mu=0.0.
2025-05-03 12:43:37,946 [INFO] src.federated.client: Client classical_mlp_client_3 - Epoch 1/5 completed. Average Loss: 0.0195
2025-05-03 12:43:37,948 [INFO] src.federated.client: Client classical_mlp_client_3 - Epoch 2/5 completed. Average Loss: 0.0012
2025-05-03 12:43:37,951 [INFO] src.federated.client: Client classical_mlp_client_3 - Epoch 3/5 completed. Average Loss: 0.0003
2025-05-03 12:43:37,953 [INFO] src.federated.client: Client classical_mlp_client_3 - Epoch 4/5 completed. Average Loss: 0.0014
2025-05-03 12:43:37,956 [INFO] src.federated.client: Client classical_mlp_client_3 - Epoch 5/5 completed. Average Loss: 0.0083
2025-05-03 12:43:37,957 [INFO] src.federated.client: Client classical_mlp_client_3: Local training finished. Processed 110 samples.
2025-05-03 12:43:37,957 [INFO] src.federated.client: Client classical_mlp_client_0: Starting local training for 5 epochs. Proximal term mu=0.0.
2025-05-03 12:43:37,960 [INFO] src.federated.client: Client classical_mlp_client_0 - Epoch 1/5 completed. Average Loss: 0.0003
2025-05-03 12:43:37,962 [INFO] src.federated.client: Client classical_mlp_client_0 - Epoch 2/5 completed. Average Loss: 0.0003
2025-05-03 12:43:37,965 [INFO] src.federated.client: Client classical_mlp_client_0 - Epoch 3/5 completed. Average Loss: 0.0003
2025-05-03 12:43:37,967 [INFO] src.federated.client: Client classical_mlp_client_0 - Epoch 4/5 completed. Average Loss: 0.0002
2025-05-03 12:43:37,970 [INFO] src.federated.client: Client classical_mlp_client_0 - Epoch 5/5 completed. Average Loss: 0.0002
2025-05-03 12:43:37,970 [INFO] src.federated.client: Client classical_mlp_client_0: Local training finished. Processed 115 samples.
2025-05-03 12:43:37,971 [INFO] src.federated.client: Client classical_mlp_client_1: Starting local training for 5 epochs. Proximal term mu=0.0.
2025-05-03 12:43:37,974 [INFO] src.federated.client: Client classical_mlp_client_1 - Epoch 1/5 completed. Average Loss: 0.1783
2025-05-03 12:43:37,976 [INFO] src.federated.client: Client classical_mlp_client_1 - Epoch 2/5 completed. Average Loss: 0.0592
2025-05-03 12:43:37,979 [INFO] src.federated.client: Client classical_mlp_client_1 - Epoch 3/5 completed. Average Loss: 0.0277
2025-05-03 12:43:37,981 [INFO] src.federated.client: Client classical_mlp_client_1 - Epoch 4/5 completed. Average Loss: 0.0708
2025-05-03 12:43:37,984 [INFO] src.federated.client: Client classical_mlp_client_1 - Epoch 5/5 completed. Average Loss: 0.0964
2025-05-03 12:43:37,984 [INFO] src.federated.client: Client classical_mlp_client_1: Local training finished. Processed 115 samples.
2025-05-03 12:43:37,984 [INFO] src.federated.server: Aggregating updates from 3 clients using FedAvg.
2025-05-03 12:43:37,985 [INFO] src.federated.aggregation: FedAvg: Aggregating updates from 3 clients.
2025-05-03 12:43:37,985 [INFO] src.federated.aggregation: FedAvg: Aggregation complete.
2025-05-03 12:43:37,986 [INFO] src.federated.server: Global model updated with aggregated parameters.
2025-05-03 12:43:37,986 [INFO] src.federated.server: Evaluating updated global model...
2025-05-03 12:43:37,988 [INFO] src.federated.server: Round 13 completed in 0.05s. Eval Metrics: {'loss': 0.13814914000614759, 'accuracy': 0.9736842105263158}
2025-05-03 12:43:37,988 [INFO] src.federated.server: ===== Starting Round 14/20 =====
2025-05-03 12:43:37,988 [INFO] src.federated.server: Starting federated training round...
2025-05-03 12:43:37,988 [INFO] src.federated.server: Selected 3 clients out of 5 available (fraction=0.1, min_clients=3): ['classical_mlp_client_2', 'classical_mlp_client_4', 'classical_mlp_client_0']
2025-05-03 12:43:37,989 [INFO] src.federated.client: Client classical_mlp_client_2: Starting local training for 5 epochs. Proximal term mu=0.0.
2025-05-03 12:43:37,991 [INFO] src.federated.client: Client classical_mlp_client_2 - Epoch 1/5 completed. Average Loss: 0.1413
2025-05-03 12:43:37,994 [INFO] src.federated.client: Client classical_mlp_client_2 - Epoch 2/5 completed. Average Loss: 0.0405
2025-05-03 12:43:37,997 [INFO] src.federated.client: Client classical_mlp_client_2 - Epoch 3/5 completed. Average Loss: 0.0020
2025-05-03 12:43:38,000 [INFO] src.federated.client: Client classical_mlp_client_2 - Epoch 4/5 completed. Average Loss: 0.0082
2025-05-03 12:43:38,003 [INFO] src.federated.client: Client classical_mlp_client_2 - Epoch 5/5 completed. Average Loss: 0.0485
2025-05-03 12:43:38,004 [INFO] src.federated.client: Client classical_mlp_client_2: Local training finished. Processed 110 samples.
2025-05-03 12:43:38,005 [INFO] src.federated.client: Client classical_mlp_client_4: Starting local training for 5 epochs. Proximal term mu=0.0.
2025-05-03 12:43:38,008 [INFO] src.federated.client: Client classical_mlp_client_4 - Epoch 1/5 completed. Average Loss: 0.2565
2025-05-03 12:43:38,010 [INFO] src.federated.client: Client classical_mlp_client_4 - Epoch 2/5 completed. Average Loss: 0.2461
2025-05-03 12:43:38,013 [INFO] src.federated.client: Client classical_mlp_client_4 - Epoch 3/5 completed. Average Loss: 0.1793
2025-05-03 12:43:38,016 [INFO] src.federated.client: Client classical_mlp_client_4 - Epoch 4/5 completed. Average Loss: 0.0800
2025-05-03 12:43:38,018 [INFO] src.federated.client: Client classical_mlp_client_4 - Epoch 5/5 completed. Average Loss: 0.0166
2025-05-03 12:43:38,019 [INFO] src.federated.client: Client classical_mlp_client_4: Local training finished. Processed 110 samples.
2025-05-03 12:43:38,019 [INFO] src.federated.client: Client classical_mlp_client_0: Starting local training for 5 epochs. Proximal term mu=0.0.
2025-05-03 12:43:38,022 [INFO] src.federated.client: Client classical_mlp_client_0 - Epoch 1/5 completed. Average Loss: 0.0006
2025-05-03 12:43:38,024 [INFO] src.federated.client: Client classical_mlp_client_0 - Epoch 2/5 completed. Average Loss: 0.0005
2025-05-03 12:43:38,027 [INFO] src.federated.client: Client classical_mlp_client_0 - Epoch 3/5 completed. Average Loss: 0.0004
2025-05-03 12:43:38,030 [INFO] src.federated.client: Client classical_mlp_client_0 - Epoch 4/5 completed. Average Loss: 0.0003
2025-05-03 12:43:38,032 [INFO] src.federated.client: Client classical_mlp_client_0 - Epoch 5/5 completed. Average Loss: 0.0002
2025-05-03 12:43:38,033 [INFO] src.federated.client: Client classical_mlp_client_0: Local training finished. Processed 115 samples.
2025-05-03 12:43:38,033 [INFO] src.federated.server: Aggregating updates from 3 clients using FedAvg.
2025-05-03 12:43:38,033 [INFO] src.federated.aggregation: FedAvg: Aggregating updates from 3 clients.
2025-05-03 12:43:38,034 [INFO] src.federated.aggregation: FedAvg: Aggregation complete.
2025-05-03 12:43:38,035 [INFO] src.federated.server: Global model updated with aggregated parameters.
2025-05-03 12:43:38,035 [INFO] src.federated.server: Evaluating updated global model...
2025-05-03 12:43:38,036 [INFO] src.federated.server: Round 14 completed in 0.05s. Eval Metrics: {'loss': 0.24400925063137371, 'accuracy': 0.9210526315789473}
2025-05-03 12:43:38,036 [INFO] src.federated.server: ===== Starting Round 15/20 =====
2025-05-03 12:43:38,037 [INFO] src.federated.server: Starting federated training round...
2025-05-03 12:43:38,037 [INFO] src.federated.server: Selected 3 clients out of 5 available (fraction=0.1, min_clients=3): ['classical_mlp_client_3', 'classical_mlp_client_0', 'classical_mlp_client_1']
2025-05-03 12:43:38,038 [INFO] src.federated.client: Client classical_mlp_client_3: Starting local training for 5 epochs. Proximal term mu=0.0.
2025-05-03 12:43:38,041 [INFO] src.federated.client: Client classical_mlp_client_3 - Epoch 1/5 completed. Average Loss: 0.2277
2025-05-03 12:43:38,043 [INFO] src.federated.client: Client classical_mlp_client_3 - Epoch 2/5 completed. Average Loss: 0.0799
2025-05-03 12:43:38,046 [INFO] src.federated.client: Client classical_mlp_client_3 - Epoch 3/5 completed. Average Loss: 0.0050
2025-05-03 12:43:38,049 [INFO] src.federated.client: Client classical_mlp_client_3 - Epoch 4/5 completed. Average Loss: 0.0003
2025-05-03 12:43:38,051 [INFO] src.federated.client: Client classical_mlp_client_3 - Epoch 5/5 completed. Average Loss: 0.0010
2025-05-03 12:43:38,052 [INFO] src.federated.client: Client classical_mlp_client_3: Local training finished. Processed 110 samples.
2025-05-03 12:43:38,052 [INFO] src.federated.client: Client classical_mlp_client_0: Starting local training for 5 epochs. Proximal term mu=0.0.
2025-05-03 12:43:38,056 [INFO] src.federated.client: Client classical_mlp_client_0 - Epoch 1/5 completed. Average Loss: 0.0003
2025-05-03 12:43:38,058 [INFO] src.federated.client: Client classical_mlp_client_0 - Epoch 2/5 completed. Average Loss: 0.0003
2025-05-03 12:43:38,062 [INFO] src.federated.client: Client classical_mlp_client_0 - Epoch 3/5 completed. Average Loss: 0.0003
2025-05-03 12:43:38,064 [INFO] src.federated.client: Client classical_mlp_client_0 - Epoch 4/5 completed. Average Loss: 0.0004
2025-05-03 12:43:38,066 [INFO] src.federated.client: Client classical_mlp_client_0 - Epoch 5/5 completed. Average Loss: 0.0003
2025-05-03 12:43:38,067 [INFO] src.federated.client: Client classical_mlp_client_0: Local training finished. Processed 115 samples.
2025-05-03 12:43:38,067 [INFO] src.federated.client: Client classical_mlp_client_1: Starting local training for 5 epochs. Proximal term mu=0.0.
2025-05-03 12:43:38,070 [INFO] src.federated.client: Client classical_mlp_client_1 - Epoch 1/5 completed. Average Loss: 0.0757
2025-05-03 12:43:38,073 [INFO] src.federated.client: Client classical_mlp_client_1 - Epoch 2/5 completed. Average Loss: 0.0366
2025-05-03 12:43:38,075 [INFO] src.federated.client: Client classical_mlp_client_1 - Epoch 3/5 completed. Average Loss: 0.0203
2025-05-03 12:43:38,078 [INFO] src.federated.client: Client classical_mlp_client_1 - Epoch 4/5 completed. Average Loss: 0.0286
2025-05-03 12:43:38,080 [INFO] src.federated.client: Client classical_mlp_client_1 - Epoch 5/5 completed. Average Loss: 0.0374
2025-05-03 12:43:38,081 [INFO] src.federated.client: Client classical_mlp_client_1: Local training finished. Processed 115 samples.
2025-05-03 12:43:38,081 [INFO] src.federated.server: Aggregating updates from 3 clients using FedAvg.
2025-05-03 12:43:38,081 [INFO] src.federated.aggregation: FedAvg: Aggregating updates from 3 clients.
2025-05-03 12:43:38,082 [INFO] src.federated.aggregation: FedAvg: Aggregation complete.
2025-05-03 12:43:38,083 [INFO] src.federated.server: Global model updated with aggregated parameters.
2025-05-03 12:43:38,083 [INFO] src.federated.server: Evaluating updated global model...
2025-05-03 12:43:38,084 [INFO] src.federated.server: Round 15 completed in 0.05s. Eval Metrics: {'loss': 0.12811615218598862, 'accuracy': 0.9736842105263158}
2025-05-03 12:43:38,084 [INFO] src.federated.server: ===== Starting Round 16/20 =====
2025-05-03 12:43:38,084 [INFO] src.federated.server: Starting federated training round...
2025-05-03 12:43:38,084 [INFO] src.federated.server: Selected 3 clients out of 5 available (fraction=0.1, min_clients=3): ['classical_mlp_client_0', 'classical_mlp_client_2', 'classical_mlp_client_3']
2025-05-03 12:43:38,085 [INFO] src.federated.client: Client classical_mlp_client_0: Starting local training for 5 epochs. Proximal term mu=0.0.
2025-05-03 12:43:38,089 [INFO] src.federated.client: Client classical_mlp_client_0 - Epoch 1/5 completed. Average Loss: 0.0003
2025-05-03 12:43:38,092 [INFO] src.federated.client: Client classical_mlp_client_0 - Epoch 2/5 completed. Average Loss: 0.0003
2025-05-03 12:43:38,094 [INFO] src.federated.client: Client classical_mlp_client_0 - Epoch 3/5 completed. Average Loss: 0.0003
2025-05-03 12:43:38,097 [INFO] src.federated.client: Client classical_mlp_client_0 - Epoch 4/5 completed. Average Loss: 0.0003
2025-05-03 12:43:38,099 [INFO] src.federated.client: Client classical_mlp_client_0 - Epoch 5/5 completed. Average Loss: 0.0002
2025-05-03 12:43:38,100 [INFO] src.federated.client: Client classical_mlp_client_0: Local training finished. Processed 115 samples.
2025-05-03 12:43:38,100 [INFO] src.federated.client: Client classical_mlp_client_2: Starting local training for 5 epochs. Proximal term mu=0.0.
2025-05-03 12:43:38,103 [INFO] src.federated.client: Client classical_mlp_client_2 - Epoch 1/5 completed. Average Loss: 0.1129
2025-05-03 12:43:38,106 [INFO] src.federated.client: Client classical_mlp_client_2 - Epoch 2/5 completed. Average Loss: 0.0253
2025-05-03 12:43:38,108 [INFO] src.federated.client: Client classical_mlp_client_2 - Epoch 3/5 completed. Average Loss: 0.0016
2025-05-03 12:43:38,111 [INFO] src.federated.client: Client classical_mlp_client_2 - Epoch 4/5 completed. Average Loss: 0.0036
2025-05-03 12:43:38,113 [INFO] src.federated.client: Client classical_mlp_client_2 - Epoch 5/5 completed. Average Loss: 0.0237
2025-05-03 12:43:38,114 [INFO] src.federated.client: Client classical_mlp_client_2: Local training finished. Processed 110 samples.
2025-05-03 12:43:38,114 [INFO] src.federated.client: Client classical_mlp_client_3: Starting local training for 5 epochs. Proximal term mu=0.0.
2025-05-03 12:43:38,117 [INFO] src.federated.client: Client classical_mlp_client_3 - Epoch 1/5 completed. Average Loss: 0.0101
2025-05-03 12:43:38,120 [INFO] src.federated.client: Client classical_mlp_client_3 - Epoch 2/5 completed. Average Loss: 0.0007
2025-05-03 12:43:38,123 [INFO] src.federated.client: Client classical_mlp_client_3 - Epoch 3/5 completed. Average Loss: 0.0002
2025-05-03 12:43:38,125 [INFO] src.federated.client: Client classical_mlp_client_3 - Epoch 4/5 completed. Average Loss: 0.0010
2025-05-03 12:43:38,127 [INFO] src.federated.client: Client classical_mlp_client_3 - Epoch 5/5 completed. Average Loss: 0.0053
2025-05-03 12:43:38,128 [INFO] src.federated.client: Client classical_mlp_client_3: Local training finished. Processed 110 samples.
2025-05-03 12:43:38,128 [INFO] src.federated.server: Aggregating updates from 3 clients using FedAvg.
2025-05-03 12:43:38,128 [INFO] src.federated.aggregation: FedAvg: Aggregating updates from 3 clients.
2025-05-03 12:43:38,129 [INFO] src.federated.aggregation: FedAvg: Aggregation complete.
2025-05-03 12:43:38,129 [INFO] src.federated.server: Global model updated with aggregated parameters.
2025-05-03 12:43:38,129 [INFO] src.federated.server: Evaluating updated global model...
2025-05-03 12:43:38,132 [INFO] src.federated.server: Round 16 completed in 0.05s. Eval Metrics: {'loss': 0.14438287322649507, 'accuracy': 0.9736842105263158}
2025-05-03 12:43:38,132 [INFO] src.federated.server: ===== Starting Round 17/20 =====
2025-05-03 12:43:38,132 [INFO] src.federated.server: Starting federated training round...
2025-05-03 12:43:38,132 [INFO] src.federated.server: Selected 3 clients out of 5 available (fraction=0.1, min_clients=3): ['classical_mlp_client_4', 'classical_mlp_client_2', 'classical_mlp_client_3']
2025-05-03 12:43:38,133 [INFO] src.federated.client: Client classical_mlp_client_4: Starting local training for 5 epochs. Proximal term mu=0.0.
2025-05-03 12:43:38,135 [INFO] src.federated.client: Client classical_mlp_client_4 - Epoch 1/5 completed. Average Loss: 0.2462
2025-05-03 12:43:38,137 [INFO] src.federated.client: Client classical_mlp_client_4 - Epoch 2/5 completed. Average Loss: 0.0962
2025-05-03 12:43:38,140 [INFO] src.federated.client: Client classical_mlp_client_4 - Epoch 3/5 completed. Average Loss: 0.0194
2025-05-03 12:43:38,142 [INFO] src.federated.client: Client classical_mlp_client_4 - Epoch 4/5 completed. Average Loss: 0.1134
2025-05-03 12:43:38,145 [INFO] src.federated.client: Client classical_mlp_client_4 - Epoch 5/5 completed. Average Loss: 0.2111
2025-05-03 12:43:38,145 [INFO] src.federated.client: Client classical_mlp_client_4: Local training finished. Processed 110 samples.
2025-05-03 12:43:38,146 [INFO] src.federated.client: Client classical_mlp_client_2: Starting local training for 5 epochs. Proximal term mu=0.0.
2025-05-03 12:43:38,148 [INFO] src.federated.client: Client classical_mlp_client_2 - Epoch 1/5 completed. Average Loss: 0.1073
2025-05-03 12:43:38,151 [INFO] src.federated.client: Client classical_mlp_client_2 - Epoch 2/5 completed. Average Loss: 0.0170
2025-05-03 12:43:38,154 [INFO] src.federated.client: Client classical_mlp_client_2 - Epoch 3/5 completed. Average Loss: 0.0011
2025-05-03 12:43:38,156 [INFO] src.federated.client: Client classical_mlp_client_2 - Epoch 4/5 completed. Average Loss: 0.0039
2025-05-03 12:43:38,158 [INFO] src.federated.client: Client classical_mlp_client_2 - Epoch 5/5 completed. Average Loss: 0.0252
2025-05-03 12:43:38,159 [INFO] src.federated.client: Client classical_mlp_client_2: Local training finished. Processed 110 samples.
2025-05-03 12:43:38,159 [INFO] src.federated.client: Client classical_mlp_client_3: Starting local training for 5 epochs. Proximal term mu=0.0.
2025-05-03 12:43:38,162 [INFO] src.federated.client: Client classical_mlp_client_3 - Epoch 1/5 completed. Average Loss: 0.0067
2025-05-03 12:43:38,165 [INFO] src.federated.client: Client classical_mlp_client_3 - Epoch 2/5 completed. Average Loss: 0.0011
2025-05-03 12:43:38,168 [INFO] src.federated.client: Client classical_mlp_client_3 - Epoch 3/5 completed. Average Loss: 0.0003
2025-05-03 12:43:38,170 [INFO] src.federated.client: Client classical_mlp_client_3 - Epoch 4/5 completed. Average Loss: 0.0002
2025-05-03 12:43:38,173 [INFO] src.federated.client: Client classical_mlp_client_3 - Epoch 5/5 completed. Average Loss: 0.0004
2025-05-03 12:43:38,173 [INFO] src.federated.client: Client classical_mlp_client_3: Local training finished. Processed 110 samples.
2025-05-03 12:43:38,174 [INFO] src.federated.server: Aggregating updates from 3 clients using FedAvg.
2025-05-03 12:43:38,174 [INFO] src.federated.aggregation: FedAvg: Aggregating updates from 3 clients.
2025-05-03 12:43:38,174 [INFO] src.federated.aggregation: FedAvg: Aggregation complete.
2025-05-03 12:43:38,175 [INFO] src.federated.server: Global model updated with aggregated parameters.
2025-05-03 12:43:38,175 [INFO] src.federated.server: Evaluating updated global model...
2025-05-03 12:43:38,176 [INFO] src.federated.server: Round 17 completed in 0.04s. Eval Metrics: {'loss': 0.17639708106129892, 'accuracy': 0.9210526315789473}
2025-05-03 12:43:38,176 [INFO] src.federated.server: ===== Starting Round 18/20 =====
2025-05-03 12:43:38,177 [INFO] src.federated.server: Starting federated training round...
2025-05-03 12:43:38,177 [INFO] src.federated.server: Selected 3 clients out of 5 available (fraction=0.1, min_clients=3): ['classical_mlp_client_1', 'classical_mlp_client_0', 'classical_mlp_client_3']
2025-05-03 12:43:38,177 [INFO] src.federated.client: Client classical_mlp_client_1: Starting local training for 5 epochs. Proximal term mu=0.0.
2025-05-03 12:43:38,180 [INFO] src.federated.client: Client classical_mlp_client_1 - Epoch 1/5 completed. Average Loss: 0.0393
2025-05-03 12:43:38,183 [INFO] src.federated.client: Client classical_mlp_client_1 - Epoch 2/5 completed. Average Loss: 0.0310
2025-05-03 12:43:38,186 [INFO] src.federated.client: Client classical_mlp_client_1 - Epoch 3/5 completed. Average Loss: 0.0249
2025-05-03 12:43:38,189 [INFO] src.federated.client: Client classical_mlp_client_1 - Epoch 4/5 completed. Average Loss: 0.0202
2025-05-03 12:43:38,192 [INFO] src.federated.client: Client classical_mlp_client_1 - Epoch 5/5 completed. Average Loss: 0.0165
2025-05-03 12:43:38,192 [INFO] src.federated.client: Client classical_mlp_client_1: Local training finished. Processed 115 samples.
2025-05-03 12:43:38,193 [INFO] src.federated.client: Client classical_mlp_client_0: Starting local training for 5 epochs. Proximal term mu=0.0.
2025-05-03 12:43:38,196 [INFO] src.federated.client: Client classical_mlp_client_0 - Epoch 1/5 completed. Average Loss: 0.0001
2025-05-03 12:43:38,198 [INFO] src.federated.client: Client classical_mlp_client_0 - Epoch 2/5 completed. Average Loss: 0.0001
2025-05-03 12:43:38,202 [INFO] src.federated.client: Client classical_mlp_client_0 - Epoch 3/5 completed. Average Loss: 0.0001
2025-05-03 12:43:38,204 [INFO] src.federated.client: Client classical_mlp_client_0 - Epoch 4/5 completed. Average Loss: 0.0001
2025-05-03 12:43:38,207 [INFO] src.federated.client: Client classical_mlp_client_0 - Epoch 5/5 completed. Average Loss: 0.0001
2025-05-03 12:43:38,208 [INFO] src.federated.client: Client classical_mlp_client_0: Local training finished. Processed 115 samples.
2025-05-03 12:43:38,208 [INFO] src.federated.client: Client classical_mlp_client_3: Starting local training for 5 epochs. Proximal term mu=0.0.
2025-05-03 12:43:38,211 [INFO] src.federated.client: Client classical_mlp_client_3 - Epoch 1/5 completed. Average Loss: 0.1226
2025-05-03 12:43:38,214 [INFO] src.federated.client: Client classical_mlp_client_3 - Epoch 2/5 completed. Average Loss: 0.0351
2025-05-03 12:43:38,217 [INFO] src.federated.client: Client classical_mlp_client_3 - Epoch 3/5 completed. Average Loss: 0.0028
2025-05-03 12:43:38,220 [INFO] src.federated.client: Client classical_mlp_client_3 - Epoch 4/5 completed. Average Loss: 0.0003
2025-05-03 12:43:38,223 [INFO] src.federated.client: Client classical_mlp_client_3 - Epoch 5/5 completed. Average Loss: 0.0005
2025-05-03 12:43:38,223 [INFO] src.federated.client: Client classical_mlp_client_3: Local training finished. Processed 110 samples.
2025-05-03 12:43:38,223 [INFO] src.federated.server: Aggregating updates from 3 clients using FedAvg.
2025-05-03 12:43:38,223 [INFO] src.federated.aggregation: FedAvg: Aggregating updates from 3 clients.
2025-05-03 12:43:38,224 [INFO] src.federated.aggregation: FedAvg: Aggregation complete.
2025-05-03 12:43:38,225 [INFO] src.federated.server: Global model updated with aggregated parameters.
2025-05-03 12:43:38,225 [INFO] src.federated.server: Evaluating updated global model...
2025-05-03 12:43:38,226 [INFO] src.federated.server: Round 18 completed in 0.05s. Eval Metrics: {'loss': 0.14197632662821305, 'accuracy': 0.9736842105263158}
2025-05-03 12:43:38,226 [INFO] src.federated.server: ===== Starting Round 19/20 =====
2025-05-03 12:43:38,226 [INFO] src.federated.server: Starting federated training round...
2025-05-03 12:43:38,226 [INFO] src.federated.server: Selected 3 clients out of 5 available (fraction=0.1, min_clients=3): ['classical_mlp_client_1', 'classical_mlp_client_2', 'classical_mlp_client_0']
2025-05-03 12:43:38,227 [INFO] src.federated.client: Client classical_mlp_client_1: Starting local training for 5 epochs. Proximal term mu=0.0.
2025-05-03 12:43:38,230 [INFO] src.federated.client: Client classical_mlp_client_1 - Epoch 1/5 completed. Average Loss: 0.1807
2025-05-03 12:43:38,233 [INFO] src.federated.client: Client classical_mlp_client_1 - Epoch 2/5 completed. Average Loss: 0.0839
2025-05-03 12:43:38,236 [INFO] src.federated.client: Client classical_mlp_client_1 - Epoch 3/5 completed. Average Loss: 0.0201
2025-05-03 12:43:38,239 [INFO] src.federated.client: Client classical_mlp_client_1 - Epoch 4/5 completed. Average Loss: 0.0344
2025-05-03 12:43:38,242 [INFO] src.federated.client: Client classical_mlp_client_1 - Epoch 5/5 completed. Average Loss: 0.0751
2025-05-03 12:43:38,242 [INFO] src.federated.client: Client classical_mlp_client_1: Local training finished. Processed 115 samples.
2025-05-03 12:43:38,243 [INFO] src.federated.client: Client classical_mlp_client_2: Starting local training for 5 epochs. Proximal term mu=0.0.
2025-05-03 12:43:38,246 [INFO] src.federated.client: Client classical_mlp_client_2 - Epoch 1/5 completed. Average Loss: 0.0728
2025-05-03 12:43:38,248 [INFO] src.federated.client: Client classical_mlp_client_2 - Epoch 2/5 completed. Average Loss: 0.0098
2025-05-03 12:43:38,251 [INFO] src.federated.client: Client classical_mlp_client_2 - Epoch 3/5 completed. Average Loss: 0.0011
2025-05-03 12:43:38,253 [INFO] src.federated.client: Client classical_mlp_client_2 - Epoch 4/5 completed. Average Loss: 0.0032
2025-05-03 12:43:38,256 [INFO] src.federated.client: Client classical_mlp_client_2 - Epoch 5/5 completed. Average Loss: 0.0156
2025-05-03 12:43:38,257 [INFO] src.federated.client: Client classical_mlp_client_2: Local training finished. Processed 110 samples.
2025-05-03 12:43:38,257 [INFO] src.federated.client: Client classical_mlp_client_0: Starting local training for 5 epochs. Proximal term mu=0.0.
2025-05-03 12:43:38,260 [INFO] src.federated.client: Client classical_mlp_client_0 - Epoch 1/5 completed. Average Loss: 0.0003
2025-05-03 12:43:38,263 [INFO] src.federated.client: Client classical_mlp_client_0 - Epoch 2/5 completed. Average Loss: 0.0003
2025-05-03 12:43:38,266 [INFO] src.federated.client: Client classical_mlp_client_0 - Epoch 3/5 completed. Average Loss: 0.0002
2025-05-03 12:43:38,269 [INFO] src.federated.client: Client classical_mlp_client_0 - Epoch 4/5 completed. Average Loss: 0.0002
2025-05-03 12:43:38,272 [INFO] src.federated.client: Client classical_mlp_client_0 - Epoch 5/5 completed. Average Loss: 0.0002
2025-05-03 12:43:38,272 [INFO] src.federated.client: Client classical_mlp_client_0: Local training finished. Processed 115 samples.
2025-05-03 12:43:38,273 [INFO] src.federated.server: Aggregating updates from 3 clients using FedAvg.
2025-05-03 12:43:38,273 [INFO] src.federated.aggregation: FedAvg: Aggregating updates from 3 clients.
2025-05-03 12:43:38,273 [INFO] src.federated.aggregation: FedAvg: Aggregation complete.
2025-05-03 12:43:38,274 [INFO] src.federated.server: Global model updated with aggregated parameters.
2025-05-03 12:43:38,274 [INFO] src.federated.server: Evaluating updated global model...
2025-05-03 12:43:38,275 [INFO] src.federated.server: Round 19 completed in 0.05s. Eval Metrics: {'loss': 0.2576668290584263, 'accuracy': 0.8947368421052632}
2025-05-03 12:43:38,275 [INFO] src.federated.server: ===== Starting Round 20/20 =====
2025-05-03 12:43:38,276 [INFO] src.federated.server: Starting federated training round...
2025-05-03 12:43:38,276 [INFO] src.federated.server: Selected 3 clients out of 5 available (fraction=0.1, min_clients=3): ['classical_mlp_client_1', 'classical_mlp_client_0', 'classical_mlp_client_4']
2025-05-03 12:43:38,277 [INFO] src.federated.client: Client classical_mlp_client_1: Starting local training for 5 epochs. Proximal term mu=0.0.
2025-05-03 12:43:38,279 [INFO] src.federated.client: Client classical_mlp_client_1 - Epoch 1/5 completed. Average Loss: 0.0657
2025-05-03 12:43:38,282 [INFO] src.federated.client: Client classical_mlp_client_1 - Epoch 2/5 completed. Average Loss: 0.0470
2025-05-03 12:43:38,285 [INFO] src.federated.client: Client classical_mlp_client_1 - Epoch 3/5 completed. Average Loss: 0.0217
2025-05-03 12:43:38,287 [INFO] src.federated.client: Client classical_mlp_client_1 - Epoch 4/5 completed. Average Loss: 0.0120
2025-05-03 12:43:38,290 [INFO] src.federated.client: Client classical_mlp_client_1 - Epoch 5/5 completed. Average Loss: 0.0148
2025-05-03 12:43:38,290 [INFO] src.federated.client: Client classical_mlp_client_1: Local training finished. Processed 115 samples.
2025-05-03 12:43:38,291 [INFO] src.federated.client: Client classical_mlp_client_0: Starting local training for 5 epochs. Proximal term mu=0.0.
2025-05-03 12:43:38,294 [INFO] src.federated.client: Client classical_mlp_client_0 - Epoch 1/5 completed. Average Loss: 0.0002
2025-05-03 12:43:38,297 [INFO] src.federated.client: Client classical_mlp_client_0 - Epoch 2/5 completed. Average Loss: 0.0003
2025-05-03 12:43:38,300 [INFO] src.federated.client: Client classical_mlp_client_0 - Epoch 3/5 completed. Average Loss: 0.0003
2025-05-03 12:43:38,302 [INFO] src.federated.client: Client classical_mlp_client_0 - Epoch 4/5 completed. Average Loss: 0.0003
2025-05-03 12:43:38,305 [INFO] src.federated.client: Client classical_mlp_client_0 - Epoch 5/5 completed. Average Loss: 0.0003
2025-05-03 12:43:38,306 [INFO] src.federated.client: Client classical_mlp_client_0: Local training finished. Processed 115 samples.
2025-05-03 12:43:38,306 [INFO] src.federated.client: Client classical_mlp_client_4: Starting local training for 5 epochs. Proximal term mu=0.0.
2025-05-03 12:43:38,309 [INFO] src.federated.client: Client classical_mlp_client_4 - Epoch 1/5 completed. Average Loss: 0.0281
2025-05-03 12:43:38,312 [INFO] src.federated.client: Client classical_mlp_client_4 - Epoch 2/5 completed. Average Loss: 0.0202
2025-05-03 12:43:38,315 [INFO] src.federated.client: Client classical_mlp_client_4 - Epoch 3/5 completed. Average Loss: 0.0192
2025-05-03 12:43:38,318 [INFO] src.federated.client: Client classical_mlp_client_4 - Epoch 4/5 completed. Average Loss: 0.0196
2025-05-03 12:43:38,321 [INFO] src.federated.client: Client classical_mlp_client_4 - Epoch 5/5 completed. Average Loss: 0.0187
2025-05-03 12:43:38,322 [INFO] src.federated.client: Client classical_mlp_client_4: Local training finished. Processed 110 samples.
2025-05-03 12:43:38,322 [INFO] src.federated.server: Aggregating updates from 3 clients using FedAvg.
2025-05-03 12:43:38,322 [INFO] src.federated.aggregation: FedAvg: Aggregating updates from 3 clients.
2025-05-03 12:43:38,323 [INFO] src.federated.aggregation: FedAvg: Aggregation complete.
2025-05-03 12:43:38,323 [INFO] src.federated.server: Global model updated with aggregated parameters.
2025-05-03 12:43:38,324 [INFO] src.federated.server: Evaluating updated global model...
2025-05-03 12:43:38,325 [INFO] src.federated.server: Round 20 completed in 0.05s. Eval Metrics: {'loss': 0.17946781013949398, 'accuracy': 0.9210526315789473}
2025-05-03 12:43:38,325 [INFO] src.federated.server: Federated training process completed after 20 rounds.
2025-05-03 12:43:38,325 [INFO] ExperimentRunner: ========== Finished Iris_MLP_FedDive_IID ==========

2025-05-03 12:43:38,326 [INFO] ExperimentRunner: ========== Starting Iris_MLP_FedDive_NonIID_a0.3 ==========
2025-05-03 12:43:38,326 [INFO] ExperimentRunner: --- Setting up experiment: Iris_MLP_FedDive_NonIID_a0.3 ---
2025-05-03 12:43:38,326 [INFO] src.utils.data_utils: Set random seed to 42
2025-05-03 12:43:38,329 [INFO] src.utils.data_utils: Successfully loaded configuration from /home/dhanraj/quantum_federated_simulator/configs/federated/server_config.yaml
2025-05-03 12:43:38,331 [INFO] src.utils.data_utils: Successfully loaded configuration from /home/dhanraj/quantum_federated_simulator/configs/federated/client_config.yaml
2025-05-03 12:43:38,333 [INFO] src.utils.data_utils: Successfully loaded configuration from /home/dhanraj/quantum_federated_simulator/configs/federated/default_aggregation.yaml
2025-05-03 12:43:38,333 [INFO] src.utils.data_utils: Partitioning data Non-IID (Dirichlet alpha=0.3) among 5 clients.
2025-05-03 12:43:38,334 [INFO] src.utils.data_utils: Data partitioning complete.
2025-05-03 12:43:38,334 [INFO] ExperimentRunner: Creating model of type: classical_mlp
2025-05-03 12:43:38,334 [INFO] src.federated.aggregation: Creating aggregation strategy of type: fedavg
2025-05-03 12:43:38,335 [INFO] ExperimentRunner: Using aggregation strategy: FedAvg
2025-05-03 12:43:38,335 [INFO] src.federated.server: Federated server initialized on device 'cuda' with aggregation strategy: FedAvg
2025-05-03 12:43:38,335 [INFO] ExperimentRunner: Creating model of type: classical_mlp
2025-05-03 12:43:38,336 [INFO] src.federated.client: Client classical_mlp_client_0 initialized on device 'cuda' with 25 samples.
2025-05-03 12:43:38,336 [INFO] src.federated.server: Registered client 'classical_mlp_client_0'. Total clients: 1.
2025-05-03 12:43:38,336 [INFO] ExperimentRunner: Creating model of type: classical_mlp
2025-05-03 12:43:38,337 [ERROR] ExperimentRunner: ========== Experiment Iris_MLP_FedDive_NonIID_a0.3 failed: num_samples should be a positive integer value, but got num_samples=0 ==========
Traceback (most recent call last):
  File "/home/dhanraj/quantum_federated_simulator/run_iris_experiment.py", line 254, in run_all_experiments
    server, server_cfg = setup_federated_scenario(exp_config, train_data, test_data, n_features_original)
                         ^^^^^^^^^^^^^^^^^^^^^^^^^^^^^^^^^^^^^^^^^^^^^^^^^^^^^^^^^^^^^^^^^^^^^^^^^^^^^^^^
  File "/home/dhanraj/quantum_federated_simulator/run_iris_experiment.py", line 220, in setup_federated_scenario
    client = ClientClass(client_id=client_id, model=client_model_instance, dataset=client_datasets[i], **client_setup_kwargs)
             ^^^^^^^^^^^^^^^^^^^^^^^^^^^^^^^^^^^^^^^^^^^^^^^^^^^^^^^^^^^^^^^^^^^^^^^^^^^^^^^^^^^^^^^^^^^^^^^^^^^^^^^^^^^^^^^^
  File "/home/dhanraj/quantum_federated_simulator/src/federated/client.py", line 102, in __init__
    self.data_loader = DataLoader(
                       ^^^^^^^^^^^
  File "/home/dhanraj/quantum_federated_simulator/qfl-env/lib/python3.12/site-packages/torch/utils/data/dataloader.py", line 383, in __init__
    sampler = RandomSampler(dataset, generator=generator)  # type: ignore[arg-type]
              ^^^^^^^^^^^^^^^^^^^^^^^^^^^^^^^^^^^^^^^^^^^
  File "/home/dhanraj/quantum_federated_simulator/qfl-env/lib/python3.12/site-packages/torch/utils/data/sampler.py", line 165, in __init__
    raise ValueError(
ValueError: num_samples should be a positive integer value, but got num_samples=0
2025-05-03 12:43:38,338 [INFO] ExperimentRunner: ========== Starting Iris_VQC_FedAvg_IID_PCA3 ==========
2025-05-03 12:43:38,338 [INFO] ExperimentRunner: --- Setting up experiment: Iris_VQC_FedAvg_IID_PCA3 ---
2025-05-03 12:43:38,338 [INFO] src.utils.data_utils: Set random seed to 42
2025-05-03 12:43:38,341 [INFO] src.utils.data_utils: Successfully loaded configuration from /home/dhanraj/quantum_federated_simulator/configs/federated/server_config.yaml
2025-05-03 12:43:38,343 [INFO] src.utils.data_utils: Successfully loaded configuration from /home/dhanraj/quantum_federated_simulator/configs/federated/client_config.yaml
2025-05-03 12:43:38,345 [INFO] src.utils.data_utils: Successfully loaded configuration from /home/dhanraj/quantum_federated_simulator/configs/federated/default_aggregation.yaml
2025-05-03 12:43:38,345 [INFO] ExperimentRunner: Quantum model specified: Reloading data with PCA features=3
2025-05-03 12:43:38,345 [INFO] src.utils.data_utils: Loading Iris data. Target features: 3. Normalize: True
2025-05-03 12:43:38,347 [INFO] src.utils.data_utils: Applying PCA to reduce features from 4 to 3
2025-05-03 12:43:38,348 [INFO] src.utils.data_utils: PCA completed. Explained variance ratio sum: 0.9948
2025-05-03 12:43:38,348 [INFO] src.utils.data_utils: Applying MinMaxScaler to scale features to [-1, 1] range.
2025-05-03 12:43:38,350 [INFO] src.utils.data_utils: Iris data loaded. Train size: 112, Test size: 38, Features: 3
2025-05-03 12:43:38,350 [INFO] src.utils.data_utils: Partitioning data IID among 5 clients.
2025-05-03 12:43:38,350 [INFO] src.utils.data_utils: Data partitioning complete.
2025-05-03 12:43:38,350 [INFO] ExperimentRunner: Creating model of type: vqc
2025-05-03 12:43:38,350 [INFO] src.quantum.models: Initializing VQC: qubits=3, layers=2, classes=3, circuit='basic', device='default.qubit', shots=None
2025-05-03 12:43:38,350 [INFO] src.quantum.utils: Loading PennyLane device 'default.qubit' with wires=3, shots=None, kwargs={}
2025-05-03 12:43:38,351 [INFO] src.quantum.utils: Device 'default.qubit' loaded successfully.
2025-05-03 12:43:38,351 [INFO] src.quantum.circuits: Creating basic circuit with 3 qubits, 2 layers.
2025-05-03 12:43:38,351 [INFO] src.quantum.circuits: Basic circuit expects 18 trainable parameters.
2025-05-03 12:43:38,351 [INFO] src.quantum.models: Circuit function requires 18 parameters.
2025-05-03 12:43:38,351 [INFO] src.quantum.models: Initialized 18 parameters randomly.
2025-05-03 12:43:38,352 [INFO] src.federated.aggregation: Creating aggregation strategy of type: fedavg
2025-05-03 12:43:38,352 [INFO] ExperimentRunner: Using aggregation strategy: QuantumAggregationStrategy
2025-05-03 12:43:38,352 [INFO] src.core.quantum_manager: QuantumServer: Initializing with model type 'vqc'.
2025-05-03 12:43:38,352 [INFO] src.federated.server: Federated server initialized on device 'cuda' with aggregation strategy: QuantumAggregationStrategy
2025-05-03 12:43:38,352 [INFO] ExperimentRunner: Creating model of type: vqc
2025-05-03 12:43:38,352 [INFO] src.quantum.models: Initializing VQC: qubits=3, layers=2, classes=3, circuit='basic', device='default.qubit', shots=None
2025-05-03 12:43:38,352 [INFO] src.quantum.utils: Loading PennyLane device 'default.qubit' with wires=3, shots=None, kwargs={}
2025-05-03 12:43:38,352 [INFO] src.quantum.utils: Device 'default.qubit' loaded successfully.
2025-05-03 12:43:38,352 [INFO] src.quantum.circuits: Creating basic circuit with 3 qubits, 2 layers.
2025-05-03 12:43:38,352 [INFO] src.quantum.circuits: Basic circuit expects 18 trainable parameters.
2025-05-03 12:43:38,353 [INFO] src.quantum.models: Circuit function requires 18 parameters.
2025-05-03 12:43:38,353 [INFO] src.quantum.models: Initialized 18 parameters randomly.
2025-05-03 12:43:38,353 [INFO] src.core.quantum_client: QuantumClient vqc_client_0: Initializing with model type 'vqc'.
2025-05-03 12:43:38,353 [INFO] src.federated.client: Client vqc_client_0 initialized on device 'cuda' with 23 samples.
2025-05-03 12:43:38,353 [INFO] src.federated.server: Registered client 'vqc_client_0'. Total clients: 1.
2025-05-03 12:43:38,353 [INFO] ExperimentRunner: Creating model of type: vqc
2025-05-03 12:43:38,353 [INFO] src.quantum.models: Initializing VQC: qubits=3, layers=2, classes=3, circuit='basic', device='default.qubit', shots=None
2025-05-03 12:43:38,353 [INFO] src.quantum.utils: Loading PennyLane device 'default.qubit' with wires=3, shots=None, kwargs={}
2025-05-03 12:43:38,354 [INFO] src.quantum.utils: Device 'default.qubit' loaded successfully.
2025-05-03 12:43:38,354 [INFO] src.quantum.circuits: Creating basic circuit with 3 qubits, 2 layers.
2025-05-03 12:43:38,354 [INFO] src.quantum.circuits: Basic circuit expects 18 trainable parameters.
2025-05-03 12:43:38,354 [INFO] src.quantum.models: Circuit function requires 18 parameters.
2025-05-03 12:43:38,354 [INFO] src.quantum.models: Initialized 18 parameters randomly.
2025-05-03 12:43:38,354 [INFO] src.core.quantum_client: QuantumClient vqc_client_1: Initializing with model type 'vqc'.
2025-05-03 12:43:38,354 [INFO] src.federated.client: Client vqc_client_1 initialized on device 'cuda' with 23 samples.
2025-05-03 12:43:38,355 [INFO] src.federated.server: Registered client 'vqc_client_1'. Total clients: 2.
2025-05-03 12:43:38,355 [INFO] ExperimentRunner: Creating model of type: vqc
2025-05-03 12:43:38,355 [INFO] src.quantum.models: Initializing VQC: qubits=3, layers=2, classes=3, circuit='basic', device='default.qubit', shots=None
2025-05-03 12:43:38,355 [INFO] src.quantum.utils: Loading PennyLane device 'default.qubit' with wires=3, shots=None, kwargs={}
2025-05-03 12:43:38,355 [INFO] src.quantum.utils: Device 'default.qubit' loaded successfully.
2025-05-03 12:43:38,355 [INFO] src.quantum.circuits: Creating basic circuit with 3 qubits, 2 layers.
2025-05-03 12:43:38,355 [INFO] src.quantum.circuits: Basic circuit expects 18 trainable parameters.
2025-05-03 12:43:38,355 [INFO] src.quantum.models: Circuit function requires 18 parameters.
2025-05-03 12:43:38,355 [INFO] src.quantum.models: Initialized 18 parameters randomly.
2025-05-03 12:43:38,356 [INFO] src.core.quantum_client: QuantumClient vqc_client_2: Initializing with model type 'vqc'.
2025-05-03 12:43:38,356 [INFO] src.federated.client: Client vqc_client_2 initialized on device 'cuda' with 22 samples.
2025-05-03 12:43:38,356 [INFO] src.federated.server: Registered client 'vqc_client_2'. Total clients: 3.
2025-05-03 12:43:38,356 [INFO] ExperimentRunner: Creating model of type: vqc
2025-05-03 12:43:38,356 [INFO] src.quantum.models: Initializing VQC: qubits=3, layers=2, classes=3, circuit='basic', device='default.qubit', shots=None
2025-05-03 12:43:38,356 [INFO] src.quantum.utils: Loading PennyLane device 'default.qubit' with wires=3, shots=None, kwargs={}
2025-05-03 12:43:38,356 [INFO] src.quantum.utils: Device 'default.qubit' loaded successfully.
2025-05-03 12:43:38,356 [INFO] src.quantum.circuits: Creating basic circuit with 3 qubits, 2 layers.
2025-05-03 12:43:38,357 [INFO] src.quantum.circuits: Basic circuit expects 18 trainable parameters.
2025-05-03 12:43:38,357 [INFO] src.quantum.models: Circuit function requires 18 parameters.
2025-05-03 12:43:38,357 [INFO] src.quantum.models: Initialized 18 parameters randomly.
2025-05-03 12:43:38,357 [INFO] src.core.quantum_client: QuantumClient vqc_client_3: Initializing with model type 'vqc'.
2025-05-03 12:43:38,357 [INFO] src.federated.client: Client vqc_client_3 initialized on device 'cuda' with 22 samples.
2025-05-03 12:43:38,357 [INFO] src.federated.server: Registered client 'vqc_client_3'. Total clients: 4.
2025-05-03 12:43:38,357 [INFO] ExperimentRunner: Creating model of type: vqc
2025-05-03 12:43:38,357 [INFO] src.quantum.models: Initializing VQC: qubits=3, layers=2, classes=3, circuit='basic', device='default.qubit', shots=None
2025-05-03 12:43:38,357 [INFO] src.quantum.utils: Loading PennyLane device 'default.qubit' with wires=3, shots=None, kwargs={}
2025-05-03 12:43:38,358 [INFO] src.quantum.utils: Device 'default.qubit' loaded successfully.
2025-05-03 12:43:38,358 [INFO] src.quantum.circuits: Creating basic circuit with 3 qubits, 2 layers.
2025-05-03 12:43:38,358 [INFO] src.quantum.circuits: Basic circuit expects 18 trainable parameters.
2025-05-03 12:43:38,358 [INFO] src.quantum.models: Circuit function requires 18 parameters.
2025-05-03 12:43:38,358 [INFO] src.quantum.models: Initialized 18 parameters randomly.
2025-05-03 12:43:38,358 [INFO] src.core.quantum_client: QuantumClient vqc_client_4: Initializing with model type 'vqc'.
2025-05-03 12:43:38,358 [INFO] src.federated.client: Client vqc_client_4 initialized on device 'cuda' with 22 samples.
2025-05-03 12:43:38,358 [INFO] src.federated.server: Registered client 'vqc_client_4'. Total clients: 5.
2025-05-03 12:43:38,359 [INFO] ExperimentRunner: --- Scenario setup complete for Iris_VQC_FedAvg_IID_PCA3 ---
2025-05-03 12:43:38,359 [INFO] src.federated.server: Starting federated training process for 15 rounds.
2025-05-03 12:43:38,359 [INFO] src.federated.server: Config: local_epochs=2, client_fraction=0.1, min_clients=3, FedProx mu=0.0
2025-05-03 12:43:38,359 [INFO] src.federated.server: Performing initial evaluation of global model...
2025-05-03 12:43:38,359 [INFO] src.core.quantum_manager: Server: Starting evaluation (model type: vqc).
2025-05-03 12:43:38,500 [INFO] src.core.quantum_manager: Server VQC: Evaluation finished. Metrics: {'accuracy': 0.5, 'loss': None}
2025-05-03 12:43:38,500 [INFO] src.federated.server: Initial Evaluation Metrics: {'accuracy': 0.5, 'loss': None}
2025-05-03 12:43:38,500 [INFO] src.federated.server: ===== Starting Round 1/15 =====
2025-05-03 12:43:38,500 [INFO] src.federated.server: Starting federated training round...
2025-05-03 12:43:38,501 [INFO] src.federated.server: Selected 3 clients out of 5 available (fraction=0.1, min_clients=3): ['vqc_client_0', 'vqc_client_4', 'vqc_client_2']
2025-05-03 12:43:38,501 [INFO] src.core.quantum_client: Client vqc_client_0: Starting local training (model type: vqc).
2025-05-03 12:43:41,209 [INFO] src.core.quantum_client: Client vqc_client_0 [VQC] - Epoch 1/2 completed. Average Loss: 0.5065
2025-05-03 12:43:43,877 [INFO] src.core.quantum_client: Client vqc_client_0 [VQC] - Epoch 2/2 completed. Average Loss: 0.5038
2025-05-03 12:43:43,877 [INFO] src.core.quantum_client: Client vqc_client_0 [VQC]: Local training finished. Processed 46 samples.
2025-05-03 12:43:43,877 [INFO] src.core.quantum_client: Client vqc_client_4: Starting local training (model type: vqc).
2025-05-03 12:43:46,529 [INFO] src.core.quantum_client: Client vqc_client_4 [VQC] - Epoch 1/2 completed. Average Loss: 0.5055
2025-05-03 12:43:49,026 [INFO] src.core.quantum_client: Client vqc_client_4 [VQC] - Epoch 2/2 completed. Average Loss: 0.5028
2025-05-03 12:43:49,026 [INFO] src.core.quantum_client: Client vqc_client_4 [VQC]: Local training finished. Processed 44 samples.
2025-05-03 12:43:49,026 [INFO] src.core.quantum_client: Client vqc_client_2: Starting local training (model type: vqc).
2025-05-03 12:43:51,611 [INFO] src.core.quantum_client: Client vqc_client_2 [VQC] - Epoch 1/2 completed. Average Loss: 0.5416
2025-05-03 12:43:54,170 [INFO] src.core.quantum_client: Client vqc_client_2 [VQC] - Epoch 2/2 completed. Average Loss: 0.5388
2025-05-03 12:43:54,171 [INFO] src.core.quantum_client: Client vqc_client_2 [VQC]: Local training finished. Processed 44 samples.
2025-05-03 12:43:54,171 [INFO] src.federated.server: Aggregating updates from 3 clients using QuantumAggregationStrategy.
2025-05-03 12:43:54,171 [INFO] src.core.quantum_manager: QuantumAggregationStrategy: Detected VQC parameter structure. Aggregating 'quantum_params'.
2025-05-03 12:43:54,171 [INFO] src.federated.server: Global model updated with aggregated parameters.
2025-05-03 12:43:54,171 [INFO] src.federated.server: Evaluating updated global model...
2025-05-03 12:43:54,171 [INFO] src.core.quantum_manager: Server: Starting evaluation (model type: vqc).
2025-05-03 12:43:54,308 [INFO] src.core.quantum_manager: Server VQC: Evaluation finished. Metrics: {'accuracy': 0.5, 'loss': None}
2025-05-03 12:43:54,308 [INFO] src.federated.server: Round 1 completed in 15.81s. Eval Metrics: {'accuracy': 0.5, 'loss': None}
2025-05-03 12:43:54,308 [INFO] src.federated.server: ===== Starting Round 2/15 =====
2025-05-03 12:43:54,308 [INFO] src.federated.server: Starting federated training round...
2025-05-03 12:43:54,309 [INFO] src.federated.server: Selected 3 clients out of 5 available (fraction=0.1, min_clients=3): ['vqc_client_2', 'vqc_client_1', 'vqc_client_0']
2025-05-03 12:43:54,309 [INFO] src.core.quantum_client: Client vqc_client_2: Starting local training (model type: vqc).
