2025-06-24 06:21:33,303 [INFO] [PaperExperimentRunner] - Starting scenario: 'pathological'. Total experiments to run: 2
2025-06-24 06:21:33,303 [INFO] [PaperExperimentRunner] - --- Setting up: Synthetic_Pathological_FEDAVG ---
2025-06-24 06:21:34,490 [INFO] [src.utils.data_utils] - Set all random seeds to 42
2025-06-24 06:21:34,490 [INFO] [src.utils.data_utils] - Loading dataset: synthetic_multi_modal, PCA features=None, Scaling=standard, Subset size=None
2025-06-24 06:21:34,491 [INFO] [src.utils.data_utils] - Set all random seeds to 42
2025-06-24 06:21:34,491 [INFO] [src.utils.data_utils] - Generating multi-modal synthetic dataset...
2025-06-24 06:21:34,491 [INFO] [src.utils.data_utils] - Set all random seeds to 42
2025-06-24 06:21:34,495 [INFO] [src.utils.data_utils] - Partitioning synthetic data pathologically...
2025-06-24 06:21:34,496 [INFO] [src.federated.aggregation] - Creating aggregation strategy of type: fedavg
2025-06-24 06:21:37,660 [INFO] [src.federated.server] - Federated server initialized on device 'cuda' with aggregation strategy: FedAvg
2025-06-24 06:21:37,661 [INFO] [src.federated.client] - Client client_0 initialized on device 'cuda' with 160 samples.
2025-06-24 06:21:37,662 [INFO] [src.federated.server] - Registered client 'client_0'. Total clients: 1.
2025-06-24 06:21:37,663 [INFO] [src.federated.client] - Client client_1 initialized on device 'cuda' with 160 samples.
2025-06-24 06:21:37,663 [INFO] [src.federated.server] - Registered client 'client_1'. Total clients: 2.
2025-06-24 06:21:37,663 [INFO] [src.federated.client] - Client client_2 initialized on device 'cuda' with 160 samples.
2025-06-24 06:21:37,663 [INFO] [src.federated.server] - Registered client 'client_2'. Total clients: 3.
2025-06-24 06:21:37,664 [INFO] [src.federated.client] - Client client_3 initialized on device 'cuda' with 160 samples.
2025-06-24 06:21:37,664 [INFO] [src.federated.server] - Registered client 'client_3'. Total clients: 4.
2025-06-24 06:21:37,665 [INFO] [src.federated.client] - Client client_4 initialized on device 'cuda' with 160 samples.
2025-06-24 06:21:37,665 [INFO] [src.federated.server] - Registered client 'client_4'. Total clients: 5.
2025-06-24 06:21:37,666 [INFO] [src.federated.client] - Client client_5 initialized on device 'cuda' with 160 samples.
2025-06-24 06:21:37,666 [INFO] [src.federated.server] - Registered client 'client_5'. Total clients: 6.
2025-06-24 06:21:37,666 [INFO] [src.federated.client] - Client client_6 initialized on device 'cuda' with 160 samples.
2025-06-24 06:21:37,666 [INFO] [src.federated.server] - Registered client 'client_6'. Total clients: 7.
2025-06-24 06:21:37,667 [INFO] [src.federated.client] - Client client_7 initialized on device 'cuda' with 160 samples.
2025-06-24 06:21:37,667 [INFO] [src.federated.server] - Registered client 'client_7'. Total clients: 8.
2025-06-24 06:21:37,668 [INFO] [src.federated.client] - Client client_8 initialized on device 'cuda' with 160 samples.
2025-06-24 06:21:37,668 [INFO] [src.federated.server] - Registered client 'client_8'. Total clients: 9.
2025-06-24 06:21:37,668 [INFO] [src.federated.client] - Client client_9 initialized on device 'cuda' with 160 samples.
2025-06-24 06:21:37,669 [INFO] [src.federated.server] - Registered client 'client_9'. Total clients: 10.
2025-06-24 06:21:37,669 [INFO] [src.federated.server] - Starting federated training process for 40 rounds.
2025-06-24 06:21:37,669 [INFO] [src.federated.server] - Config: local_epochs=3, client_fraction=1.0, min_clients=1, FedProx mu=0.0
2025-06-24 06:21:37,669 [INFO] [src.federated.server] - Performing initial evaluation of global model...
2025-06-24 06:21:37,786 [INFO] [src.federated.server] - Initial Evaluation Metrics: {'loss': 0.6818606615066528, 'accuracy': 0.4075}
2025-06-24 06:21:37,786 [INFO] [src.federated.server] - ===== Starting Round 1/40 =====
2025-06-24 06:21:37,786 [INFO] [src.federated.server] - Starting federated training round...
2025-06-24 06:21:37,786 [INFO] [src.federated.server] - Selected 10 clients out of 10 available (fraction=1.0, min_clients=1): ['client_1', 'client_0', 'client_4', 'client_9', 'client_6', 'client_5', 'client_8', 'client_2', 'client_3', 'client_7']
2025-06-24 06:21:37,787 [INFO] [src.federated.client] - Client client_1: Starting local training for 3 epochs. Proximal term mu=0.0.
2025-06-24 06:21:37,852 [INFO] [src.federated.client] - Client client_1 - Epoch 1/3 completed. Average Loss: 0.4074
2025-06-24 06:21:37,860 [INFO] [src.federated.client] - Client client_1 - Epoch 2/3 completed. Average Loss: 0.0468
2025-06-24 06:21:37,872 [INFO] [src.federated.client] - Client client_1 - Epoch 3/3 completed. Average Loss: 0.0019
2025-06-24 06:21:37,872 [INFO] [src.federated.client] - Client client_1: Local training finished. Processed 480 samples.
2025-06-24 06:21:37,873 [INFO] [src.federated.client] - Client client_0: Starting local training for 3 epochs. Proximal term mu=0.0.
2025-06-24 06:21:37,884 [INFO] [src.federated.client] - Client client_0 - Epoch 1/3 completed. Average Loss: 0.4235
2025-06-24 06:21:37,894 [INFO] [src.federated.client] - Client client_0 - Epoch 2/3 completed. Average Loss: 0.0544
2025-06-24 06:21:37,903 [INFO] [src.federated.client] - Client client_0 - Epoch 3/3 completed. Average Loss: 0.0029
2025-06-24 06:21:37,903 [INFO] [src.federated.client] - Client client_0: Local training finished. Processed 480 samples.
2025-06-24 06:21:37,904 [INFO] [src.federated.client] - Client client_4: Starting local training for 3 epochs. Proximal term mu=0.0.
2025-06-24 06:21:37,914 [INFO] [src.federated.client] - Client client_4 - Epoch 1/3 completed. Average Loss: 0.4427
2025-06-24 06:21:37,924 [INFO] [src.federated.client] - Client client_4 - Epoch 2/3 completed. Average Loss: 0.0614
2025-06-24 06:21:37,933 [INFO] [src.federated.client] - Client client_4 - Epoch 3/3 completed. Average Loss: 0.0024
2025-06-24 06:21:37,934 [INFO] [src.federated.client] - Client client_4: Local training finished. Processed 480 samples.
2025-06-24 06:21:37,934 [INFO] [src.federated.client] - Client client_9: Starting local training for 3 epochs. Proximal term mu=0.0.
2025-06-24 06:21:37,944 [INFO] [src.federated.client] - Client client_9 - Epoch 1/3 completed. Average Loss: 0.4510
2025-06-24 06:21:37,954 [INFO] [src.federated.client] - Client client_9 - Epoch 2/3 completed. Average Loss: 0.0732
2025-06-24 06:21:37,963 [INFO] [src.federated.client] - Client client_9 - Epoch 3/3 completed. Average Loss: 0.0084
2025-06-24 06:21:37,964 [INFO] [src.federated.client] - Client client_9: Local training finished. Processed 480 samples.
2025-06-24 06:21:37,964 [INFO] [src.federated.client] - Client client_6: Starting local training for 3 epochs. Proximal term mu=0.0.
2025-06-24 06:21:37,973 [INFO] [src.federated.client] - Client client_6 - Epoch 1/3 completed. Average Loss: 0.4112
2025-06-24 06:21:37,983 [INFO] [src.federated.client] - Client client_6 - Epoch 2/3 completed. Average Loss: 0.0546
2025-06-24 06:21:37,993 [INFO] [src.federated.client] - Client client_6 - Epoch 3/3 completed. Average Loss: 0.0043
2025-06-24 06:21:37,993 [INFO] [src.federated.client] - Client client_6: Local training finished. Processed 480 samples.
2025-06-24 06:21:37,994 [INFO] [src.federated.client] - Client client_5: Starting local training for 3 epochs. Proximal term mu=0.0.
2025-06-24 06:21:38,004 [INFO] [src.federated.client] - Client client_5 - Epoch 1/3 completed. Average Loss: 0.4437
2025-06-24 06:21:38,014 [INFO] [src.federated.client] - Client client_5 - Epoch 2/3 completed. Average Loss: 0.0649
2025-06-24 06:21:38,023 [INFO] [src.federated.client] - Client client_5 - Epoch 3/3 completed. Average Loss: 0.0031
2025-06-24 06:21:38,023 [INFO] [src.federated.client] - Client client_5: Local training finished. Processed 480 samples.
2025-06-24 06:21:38,024 [INFO] [src.federated.client] - Client client_8: Starting local training for 3 epochs. Proximal term mu=0.0.
2025-06-24 06:21:38,034 [INFO] [src.federated.client] - Client client_8 - Epoch 1/3 completed. Average Loss: 0.4336
2025-06-24 06:21:38,043 [INFO] [src.federated.client] - Client client_8 - Epoch 2/3 completed. Average Loss: 0.0645
2025-06-24 06:21:38,052 [INFO] [src.federated.client] - Client client_8 - Epoch 3/3 completed. Average Loss: 0.0051
2025-06-24 06:21:38,053 [INFO] [src.federated.client] - Client client_8: Local training finished. Processed 480 samples.
2025-06-24 06:21:38,053 [INFO] [src.federated.client] - Client client_2: Starting local training for 3 epochs. Proximal term mu=0.0.
2025-06-24 06:21:38,063 [INFO] [src.federated.client] - Client client_2 - Epoch 1/3 completed. Average Loss: 0.4204
2025-06-24 06:21:38,073 [INFO] [src.federated.client] - Client client_2 - Epoch 2/3 completed. Average Loss: 0.0631
2025-06-24 06:21:38,082 [INFO] [src.federated.client] - Client client_2 - Epoch 3/3 completed. Average Loss: 0.0077
2025-06-24 06:21:38,082 [INFO] [src.federated.client] - Client client_2: Local training finished. Processed 480 samples.
2025-06-24 06:21:38,083 [INFO] [src.federated.client] - Client client_3: Starting local training for 3 epochs. Proximal term mu=0.0.
2025-06-24 06:21:38,093 [INFO] [src.federated.client] - Client client_3 - Epoch 1/3 completed. Average Loss: 0.5041
2025-06-24 06:21:38,104 [INFO] [src.federated.client] - Client client_3 - Epoch 2/3 completed. Average Loss: 0.1272
2025-06-24 06:21:38,113 [INFO] [src.federated.client] - Client client_3 - Epoch 3/3 completed. Average Loss: 0.0124
2025-06-24 06:21:38,114 [INFO] [src.federated.client] - Client client_3: Local training finished. Processed 480 samples.
2025-06-24 06:21:38,115 [INFO] [src.federated.client] - Client client_7: Starting local training for 3 epochs. Proximal term mu=0.0.
2025-06-24 06:21:38,125 [INFO] [src.federated.client] - Client client_7 - Epoch 1/3 completed. Average Loss: 0.4165
2025-06-24 06:21:38,134 [INFO] [src.federated.client] - Client client_7 - Epoch 2/3 completed. Average Loss: 0.0483
2025-06-24 06:21:38,143 [INFO] [src.federated.client] - Client client_7 - Epoch 3/3 completed. Average Loss: 0.0019
2025-06-24 06:21:38,144 [INFO] [src.federated.client] - Client client_7: Local training finished. Processed 480 samples.
2025-06-24 06:21:38,144 [INFO] [src.federated.server] - Aggregating updates from 10 clients using FedAvg.
2025-06-24 06:21:38,144 [INFO] [src.federated.aggregation] - FedAvg: Aggregating updates from 10 clients.
2025-06-24 06:21:38,145 [INFO] [src.federated.aggregation] - FedAvg: Aggregation complete.
2025-06-24 06:21:38,145 [INFO] [src.federated.server] - Global model updated with aggregated parameters.
2025-06-24 06:21:38,146 [INFO] [src.federated.server] - Evaluating updated global model...
2025-06-24 06:21:38,150 [INFO] [src.federated.server] - Round 1 completed in 0.36s. Eval Metrics: {'loss': 0.0011971482483204455, 'accuracy': 1.0}
2025-06-24 06:21:38,150 [INFO] [src.federated.server] - ===== Starting Round 2/40 =====
2025-06-24 06:21:38,150 [INFO] [src.federated.server] - Starting federated training round...
2025-06-24 06:21:38,150 [INFO] [src.federated.server] - Selected 10 clients out of 10 available (fraction=1.0, min_clients=1): ['client_0', 'client_9', 'client_1', 'client_7', 'client_6', 'client_4', 'client_8', 'client_2', 'client_3', 'client_5']
2025-06-24 06:21:38,151 [INFO] [src.federated.client] - Client client_0: Starting local training for 3 epochs. Proximal term mu=0.0.
2025-06-24 06:21:38,162 [INFO] [src.federated.client] - Client client_0 - Epoch 1/3 completed. Average Loss: 0.0002
2025-06-24 06:21:38,172 [INFO] [src.federated.client] - Client client_0 - Epoch 2/3 completed. Average Loss: 0.0000
2025-06-24 06:21:38,182 [INFO] [src.federated.client] - Client client_0 - Epoch 3/3 completed. Average Loss: 0.0000
2025-06-24 06:21:38,182 [INFO] [src.federated.client] - Client client_0: Local training finished. Processed 480 samples.
2025-06-24 06:21:38,183 [INFO] [src.federated.client] - Client client_9: Starting local training for 3 epochs. Proximal term mu=0.0.
2025-06-24 06:21:38,192 [INFO] [src.federated.client] - Client client_9 - Epoch 1/3 completed. Average Loss: 0.0050
2025-06-24 06:21:38,202 [INFO] [src.federated.client] - Client client_9 - Epoch 2/3 completed. Average Loss: 0.0017
2025-06-24 06:21:38,212 [INFO] [src.federated.client] - Client client_9 - Epoch 3/3 completed. Average Loss: 0.0058
2025-06-24 06:21:38,212 [INFO] [src.federated.client] - Client client_9: Local training finished. Processed 480 samples.
2025-06-24 06:21:38,213 [INFO] [src.federated.client] - Client client_1: Starting local training for 3 epochs. Proximal term mu=0.0.
2025-06-24 06:21:38,221 [INFO] [src.federated.client] - Client client_1 - Epoch 1/3 completed. Average Loss: 0.0003
2025-06-24 06:21:38,231 [INFO] [src.federated.client] - Client client_1 - Epoch 2/3 completed. Average Loss: 0.0000
2025-06-24 06:21:38,241 [INFO] [src.federated.client] - Client client_1 - Epoch 3/3 completed. Average Loss: 0.0000
2025-06-24 06:21:38,241 [INFO] [src.federated.client] - Client client_1: Local training finished. Processed 480 samples.
2025-06-24 06:21:38,242 [INFO] [src.federated.client] - Client client_7: Starting local training for 3 epochs. Proximal term mu=0.0.
2025-06-24 06:21:38,251 [INFO] [src.federated.client] - Client client_7 - Epoch 1/3 completed. Average Loss: 0.0005
2025-06-24 06:21:38,260 [INFO] [src.federated.client] - Client client_7 - Epoch 2/3 completed. Average Loss: 0.0001
2025-06-24 06:21:38,270 [INFO] [src.federated.client] - Client client_7 - Epoch 3/3 completed. Average Loss: 0.0001
2025-06-24 06:21:38,270 [INFO] [src.federated.client] - Client client_7: Local training finished. Processed 480 samples.
2025-06-24 06:21:38,271 [INFO] [src.federated.client] - Client client_6: Starting local training for 3 epochs. Proximal term mu=0.0.
2025-06-24 06:21:38,280 [INFO] [src.federated.client] - Client client_6 - Epoch 1/3 completed. Average Loss: 0.0007
2025-06-24 06:21:38,292 [INFO] [src.federated.client] - Client client_6 - Epoch 2/3 completed. Average Loss: 0.0001
2025-06-24 06:21:38,303 [INFO] [src.federated.client] - Client client_6 - Epoch 3/3 completed. Average Loss: 0.0000
2025-06-24 06:21:38,303 [INFO] [src.federated.client] - Client client_6: Local training finished. Processed 480 samples.
2025-06-24 06:21:38,304 [INFO] [src.federated.client] - Client client_4: Starting local training for 3 epochs. Proximal term mu=0.0.
2025-06-24 06:21:38,314 [INFO] [src.federated.client] - Client client_4 - Epoch 1/3 completed. Average Loss: 0.0003
2025-06-24 06:21:38,324 [INFO] [src.federated.client] - Client client_4 - Epoch 2/3 completed. Average Loss: 0.0000
2025-06-24 06:21:38,334 [INFO] [src.federated.client] - Client client_4 - Epoch 3/3 completed. Average Loss: 0.0000
2025-06-24 06:21:38,334 [INFO] [src.federated.client] - Client client_4: Local training finished. Processed 480 samples.
2025-06-24 06:21:38,335 [INFO] [src.federated.client] - Client client_8: Starting local training for 3 epochs. Proximal term mu=0.0.
2025-06-24 06:21:38,347 [INFO] [src.federated.client] - Client client_8 - Epoch 1/3 completed. Average Loss: 0.0008
2025-06-24 06:21:38,360 [INFO] [src.federated.client] - Client client_8 - Epoch 2/3 completed. Average Loss: 0.0001
2025-06-24 06:21:38,370 [INFO] [src.federated.client] - Client client_8 - Epoch 3/3 completed. Average Loss: 0.0001
2025-06-24 06:21:38,371 [INFO] [src.federated.client] - Client client_8: Local training finished. Processed 480 samples.
2025-06-24 06:21:38,372 [INFO] [src.federated.client] - Client client_2: Starting local training for 3 epochs. Proximal term mu=0.0.
2025-06-24 06:21:38,382 [INFO] [src.federated.client] - Client client_2 - Epoch 1/3 completed. Average Loss: 0.0046
2025-06-24 06:21:38,393 [INFO] [src.federated.client] - Client client_2 - Epoch 2/3 completed. Average Loss: 0.0017
2025-06-24 06:21:38,404 [INFO] [src.federated.client] - Client client_2 - Epoch 3/3 completed. Average Loss: 0.0017
2025-06-24 06:21:38,404 [INFO] [src.federated.client] - Client client_2: Local training finished. Processed 480 samples.
2025-06-24 06:21:38,404 [INFO] [src.federated.client] - Client client_3: Starting local training for 3 epochs. Proximal term mu=0.0.
2025-06-24 06:21:38,416 [INFO] [src.federated.client] - Client client_3 - Epoch 1/3 completed. Average Loss: 0.0003
2025-06-24 06:21:38,426 [INFO] [src.federated.client] - Client client_3 - Epoch 2/3 completed. Average Loss: 0.0000
2025-06-24 06:21:38,437 [INFO] [src.federated.client] - Client client_3 - Epoch 3/3 completed. Average Loss: 0.0000
2025-06-24 06:21:38,437 [INFO] [src.federated.client] - Client client_3: Local training finished. Processed 480 samples.
2025-06-24 06:21:38,438 [INFO] [src.federated.client] - Client client_5: Starting local training for 3 epochs. Proximal term mu=0.0.
2025-06-24 06:21:38,449 [INFO] [src.federated.client] - Client client_5 - Epoch 1/3 completed. Average Loss: 0.0003
2025-06-24 06:21:38,459 [INFO] [src.federated.client] - Client client_5 - Epoch 2/3 completed. Average Loss: 0.0001
2025-06-24 06:21:38,470 [INFO] [src.federated.client] - Client client_5 - Epoch 3/3 completed. Average Loss: 0.0000
2025-06-24 06:21:38,470 [INFO] [src.federated.client] - Client client_5: Local training finished. Processed 480 samples.
2025-06-24 06:21:38,470 [INFO] [src.federated.server] - Aggregating updates from 10 clients using FedAvg.
2025-06-24 06:21:38,470 [INFO] [src.federated.aggregation] - FedAvg: Aggregating updates from 10 clients.
2025-06-24 06:21:38,471 [INFO] [src.federated.aggregation] - FedAvg: Aggregation complete.
2025-06-24 06:21:38,472 [INFO] [src.federated.server] - Global model updated with aggregated parameters.
2025-06-24 06:21:38,472 [INFO] [src.federated.server] - Evaluating updated global model...
2025-06-24 06:21:38,477 [INFO] [src.federated.server] - Round 2 completed in 0.33s. Eval Metrics: {'loss': 0.00016892824012757046, 'accuracy': 1.0}
2025-06-24 06:21:38,477 [INFO] [src.federated.server] - ===== Starting Round 3/40 =====
2025-06-24 06:21:38,478 [INFO] [src.federated.server] - Starting federated training round...
2025-06-24 06:21:38,478 [INFO] [src.federated.server] - Selected 10 clients out of 10 available (fraction=1.0, min_clients=1): ['client_3', 'client_7', 'client_4', 'client_6', 'client_0', 'client_1', 'client_9', 'client_8', 'client_2', 'client_5']
2025-06-24 06:21:38,479 [INFO] [src.federated.client] - Client client_3: Starting local training for 3 epochs. Proximal term mu=0.0.
2025-06-24 06:21:38,489 [INFO] [src.federated.client] - Client client_3 - Epoch 1/3 completed. Average Loss: 0.0000
2025-06-24 06:21:38,500 [INFO] [src.federated.client] - Client client_3 - Epoch 2/3 completed. Average Loss: 0.0000
2025-06-24 06:21:38,510 [INFO] [src.federated.client] - Client client_3 - Epoch 3/3 completed. Average Loss: 0.0000
2025-06-24 06:21:38,511 [INFO] [src.federated.client] - Client client_3: Local training finished. Processed 480 samples.
2025-06-24 06:21:38,511 [INFO] [src.federated.client] - Client client_7: Starting local training for 3 epochs. Proximal term mu=0.0.
2025-06-24 06:21:38,521 [INFO] [src.federated.client] - Client client_7 - Epoch 1/3 completed. Average Loss: 0.0002
2025-06-24 06:21:38,530 [INFO] [src.federated.client] - Client client_7 - Epoch 2/3 completed. Average Loss: 0.0001
2025-06-24 06:21:38,539 [INFO] [src.federated.client] - Client client_7 - Epoch 3/3 completed. Average Loss: 0.0000
2025-06-24 06:21:38,540 [INFO] [src.federated.client] - Client client_7: Local training finished. Processed 480 samples.
2025-06-24 06:21:38,540 [INFO] [src.federated.client] - Client client_4: Starting local training for 3 epochs. Proximal term mu=0.0.
2025-06-24 06:21:38,549 [INFO] [src.federated.client] - Client client_4 - Epoch 1/3 completed. Average Loss: 0.0000
2025-06-24 06:21:38,558 [INFO] [src.federated.client] - Client client_4 - Epoch 2/3 completed. Average Loss: 0.0000
2025-06-24 06:21:38,568 [INFO] [src.federated.client] - Client client_4 - Epoch 3/3 completed. Average Loss: 0.0000
2025-06-24 06:21:38,568 [INFO] [src.federated.client] - Client client_4: Local training finished. Processed 480 samples.
2025-06-24 06:21:38,569 [INFO] [src.federated.client] - Client client_6: Starting local training for 3 epochs. Proximal term mu=0.0.
2025-06-24 06:21:38,578 [INFO] [src.federated.client] - Client client_6 - Epoch 1/3 completed. Average Loss: 0.0000
2025-06-24 06:21:38,588 [INFO] [src.federated.client] - Client client_6 - Epoch 2/3 completed. Average Loss: 0.0000
2025-06-24 06:21:38,600 [INFO] [src.federated.client] - Client client_6 - Epoch 3/3 completed. Average Loss: 0.0000
2025-06-24 06:21:38,601 [INFO] [src.federated.client] - Client client_6: Local training finished. Processed 480 samples.
2025-06-24 06:21:38,602 [INFO] [src.federated.client] - Client client_0: Starting local training for 3 epochs. Proximal term mu=0.0.
2025-06-24 06:21:38,612 [INFO] [src.federated.client] - Client client_0 - Epoch 1/3 completed. Average Loss: 0.0000
2025-06-24 06:21:38,623 [INFO] [src.federated.client] - Client client_0 - Epoch 2/3 completed. Average Loss: 0.0000
2025-06-24 06:21:38,634 [INFO] [src.federated.client] - Client client_0 - Epoch 3/3 completed. Average Loss: 0.0000
2025-06-24 06:21:38,635 [INFO] [src.federated.client] - Client client_0: Local training finished. Processed 480 samples.
2025-06-24 06:21:38,636 [INFO] [src.federated.client] - Client client_1: Starting local training for 3 epochs. Proximal term mu=0.0.
2025-06-24 06:21:38,645 [INFO] [src.federated.client] - Client client_1 - Epoch 1/3 completed. Average Loss: 0.0000
2025-06-24 06:21:38,655 [INFO] [src.federated.client] - Client client_1 - Epoch 2/3 completed. Average Loss: 0.0000
2025-06-24 06:21:38,664 [INFO] [src.federated.client] - Client client_1 - Epoch 3/3 completed. Average Loss: 0.0000
2025-06-24 06:21:38,665 [INFO] [src.federated.client] - Client client_1: Local training finished. Processed 480 samples.
2025-06-24 06:21:38,665 [INFO] [src.federated.client] - Client client_9: Starting local training for 3 epochs. Proximal term mu=0.0.
2025-06-24 06:21:38,675 [INFO] [src.federated.client] - Client client_9 - Epoch 1/3 completed. Average Loss: 0.0055
2025-06-24 06:21:38,684 [INFO] [src.federated.client] - Client client_9 - Epoch 2/3 completed. Average Loss: 0.0030
2025-06-24 06:21:38,695 [INFO] [src.federated.client] - Client client_9 - Epoch 3/3 completed. Average Loss: 0.0040
2025-06-24 06:21:38,695 [INFO] [src.federated.client] - Client client_9: Local training finished. Processed 480 samples.
2025-06-24 06:21:38,696 [INFO] [src.federated.client] - Client client_8: Starting local training for 3 epochs. Proximal term mu=0.0.
2025-06-24 06:21:38,706 [INFO] [src.federated.client] - Client client_8 - Epoch 1/3 completed. Average Loss: 0.0000
2025-06-24 06:21:38,716 [INFO] [src.federated.client] - Client client_8 - Epoch 2/3 completed. Average Loss: 0.0000
2025-06-24 06:21:38,726 [INFO] [src.federated.client] - Client client_8 - Epoch 3/3 completed. Average Loss: 0.0000
2025-06-24 06:21:38,727 [INFO] [src.federated.client] - Client client_8: Local training finished. Processed 480 samples.
2025-06-24 06:21:38,727 [INFO] [src.federated.client] - Client client_2: Starting local training for 3 epochs. Proximal term mu=0.0.
2025-06-24 06:21:38,738 [INFO] [src.federated.client] - Client client_2 - Epoch 1/3 completed. Average Loss: 0.0052
2025-06-24 06:21:38,748 [INFO] [src.federated.client] - Client client_2 - Epoch 2/3 completed. Average Loss: 0.0023
2025-06-24 06:21:38,759 [INFO] [src.federated.client] - Client client_2 - Epoch 3/3 completed. Average Loss: 0.0007
2025-06-24 06:21:38,759 [INFO] [src.federated.client] - Client client_2: Local training finished. Processed 480 samples.
2025-06-24 06:21:38,760 [INFO] [src.federated.client] - Client client_5: Starting local training for 3 epochs. Proximal term mu=0.0.
2025-06-24 06:21:38,769 [INFO] [src.federated.client] - Client client_5 - Epoch 1/3 completed. Average Loss: 0.0000
2025-06-24 06:21:38,780 [INFO] [src.federated.client] - Client client_5 - Epoch 2/3 completed. Average Loss: 0.0000
2025-06-24 06:21:38,789 [INFO] [src.federated.client] - Client client_5 - Epoch 3/3 completed. Average Loss: 0.0000
2025-06-24 06:21:38,790 [INFO] [src.federated.client] - Client client_5: Local training finished. Processed 480 samples.
2025-06-24 06:21:38,790 [INFO] [src.federated.server] - Aggregating updates from 10 clients using FedAvg.
2025-06-24 06:21:38,790 [INFO] [src.federated.aggregation] - FedAvg: Aggregating updates from 10 clients.
2025-06-24 06:21:38,791 [INFO] [src.federated.aggregation] - FedAvg: Aggregation complete.
2025-06-24 06:21:38,791 [INFO] [src.federated.server] - Global model updated with aggregated parameters.
2025-06-24 06:21:38,791 [INFO] [src.federated.server] - Evaluating updated global model...
2025-06-24 06:21:38,796 [INFO] [src.federated.server] - Round 3 completed in 0.32s. Eval Metrics: {'loss': 0.00012111517028642993, 'accuracy': 1.0}
2025-06-24 06:21:38,796 [INFO] [src.federated.server] - ===== Starting Round 4/40 =====
2025-06-24 06:21:38,796 [INFO] [src.federated.server] - Starting federated training round...
2025-06-24 06:21:38,796 [INFO] [src.federated.server] - Selected 10 clients out of 10 available (fraction=1.0, min_clients=1): ['client_3', 'client_5', 'client_1', 'client_0', 'client_9', 'client_6', 'client_2', 'client_7', 'client_8', 'client_4']
2025-06-24 06:21:38,797 [INFO] [src.federated.client] - Client client_3: Starting local training for 3 epochs. Proximal term mu=0.0.
2025-06-24 06:21:38,807 [INFO] [src.federated.client] - Client client_3 - Epoch 1/3 completed. Average Loss: 0.0000
2025-06-24 06:21:38,817 [INFO] [src.federated.client] - Client client_3 - Epoch 2/3 completed. Average Loss: 0.0000
2025-06-24 06:21:38,827 [INFO] [src.federated.client] - Client client_3 - Epoch 3/3 completed. Average Loss: 0.0000
2025-06-24 06:21:38,827 [INFO] [src.federated.client] - Client client_3: Local training finished. Processed 480 samples.
2025-06-24 06:21:38,828 [INFO] [src.federated.client] - Client client_5: Starting local training for 3 epochs. Proximal term mu=0.0.
2025-06-24 06:21:38,839 [INFO] [src.federated.client] - Client client_5 - Epoch 1/3 completed. Average Loss: 0.0000
2025-06-24 06:21:38,850 [INFO] [src.federated.client] - Client client_5 - Epoch 2/3 completed. Average Loss: 0.0000
2025-06-24 06:21:38,859 [INFO] [src.federated.client] - Client client_5 - Epoch 3/3 completed. Average Loss: 0.0000
2025-06-24 06:21:38,860 [INFO] [src.federated.client] - Client client_5: Local training finished. Processed 480 samples.
2025-06-24 06:21:38,860 [INFO] [src.federated.client] - Client client_1: Starting local training for 3 epochs. Proximal term mu=0.0.
2025-06-24 06:21:38,870 [INFO] [src.federated.client] - Client client_1 - Epoch 1/3 completed. Average Loss: 0.0000
2025-06-24 06:21:38,879 [INFO] [src.federated.client] - Client client_1 - Epoch 2/3 completed. Average Loss: 0.0000
2025-06-24 06:21:38,888 [INFO] [src.federated.client] - Client client_1 - Epoch 3/3 completed. Average Loss: 0.0000
2025-06-24 06:21:38,889 [INFO] [src.federated.client] - Client client_1: Local training finished. Processed 480 samples.
2025-06-24 06:21:38,889 [INFO] [src.federated.client] - Client client_0: Starting local training for 3 epochs. Proximal term mu=0.0.
2025-06-24 06:21:38,900 [INFO] [src.federated.client] - Client client_0 - Epoch 1/3 completed. Average Loss: 0.0000
2025-06-24 06:21:38,909 [INFO] [src.federated.client] - Client client_0 - Epoch 2/3 completed. Average Loss: 0.0000
2025-06-24 06:21:38,920 [INFO] [src.federated.client] - Client client_0 - Epoch 3/3 completed. Average Loss: 0.0000
2025-06-24 06:21:38,920 [INFO] [src.federated.client] - Client client_0: Local training finished. Processed 480 samples.
2025-06-24 06:21:38,921 [INFO] [src.federated.client] - Client client_9: Starting local training for 3 epochs. Proximal term mu=0.0.
2025-06-24 06:21:38,931 [INFO] [src.federated.client] - Client client_9 - Epoch 1/3 completed. Average Loss: 0.0014
2025-06-24 06:21:38,941 [INFO] [src.federated.client] - Client client_9 - Epoch 2/3 completed. Average Loss: 0.0017
2025-06-24 06:21:38,950 [INFO] [src.federated.client] - Client client_9 - Epoch 3/3 completed. Average Loss: 0.0009
2025-06-24 06:21:38,950 [INFO] [src.federated.client] - Client client_9: Local training finished. Processed 480 samples.
2025-06-24 06:21:38,951 [INFO] [src.federated.client] - Client client_6: Starting local training for 3 epochs. Proximal term mu=0.0.
2025-06-24 06:21:38,960 [INFO] [src.federated.client] - Client client_6 - Epoch 1/3 completed. Average Loss: 0.0000
2025-06-24 06:21:38,971 [INFO] [src.federated.client] - Client client_6 - Epoch 2/3 completed. Average Loss: 0.0000
2025-06-24 06:21:38,979 [INFO] [src.federated.client] - Client client_6 - Epoch 3/3 completed. Average Loss: 0.0000
2025-06-24 06:21:38,980 [INFO] [src.federated.client] - Client client_6: Local training finished. Processed 480 samples.
2025-06-24 06:21:38,981 [INFO] [src.federated.client] - Client client_2: Starting local training for 3 epochs. Proximal term mu=0.0.
2025-06-24 06:21:38,991 [INFO] [src.federated.client] - Client client_2 - Epoch 1/3 completed. Average Loss: 0.0079
2025-06-24 06:21:39,001 [INFO] [src.federated.client] - Client client_2 - Epoch 2/3 completed. Average Loss: 0.0006
2025-06-24 06:21:39,011 [INFO] [src.federated.client] - Client client_2 - Epoch 3/3 completed. Average Loss: 0.0065
2025-06-24 06:21:39,011 [INFO] [src.federated.client] - Client client_2: Local training finished. Processed 480 samples.
2025-06-24 06:21:39,012 [INFO] [src.federated.client] - Client client_7: Starting local training for 3 epochs. Proximal term mu=0.0.
2025-06-24 06:21:39,021 [INFO] [src.federated.client] - Client client_7 - Epoch 1/3 completed. Average Loss: 0.0001
2025-06-24 06:21:39,031 [INFO] [src.federated.client] - Client client_7 - Epoch 2/3 completed. Average Loss: 0.0000
2025-06-24 06:21:39,040 [INFO] [src.federated.client] - Client client_7 - Epoch 3/3 completed. Average Loss: 0.0000
2025-06-24 06:21:39,041 [INFO] [src.federated.client] - Client client_7: Local training finished. Processed 480 samples.
2025-06-24 06:21:39,041 [INFO] [src.federated.client] - Client client_8: Starting local training for 3 epochs. Proximal term mu=0.0.
2025-06-24 06:21:39,050 [INFO] [src.federated.client] - Client client_8 - Epoch 1/3 completed. Average Loss: 0.0000
2025-06-24 06:21:39,061 [INFO] [src.federated.client] - Client client_8 - Epoch 2/3 completed. Average Loss: 0.0000
2025-06-24 06:21:39,071 [INFO] [src.federated.client] - Client client_8 - Epoch 3/3 completed. Average Loss: 0.0000
2025-06-24 06:21:39,071 [INFO] [src.federated.client] - Client client_8: Local training finished. Processed 480 samples.
2025-06-24 06:21:39,072 [INFO] [src.federated.client] - Client client_4: Starting local training for 3 epochs. Proximal term mu=0.0.
2025-06-24 06:21:39,081 [INFO] [src.federated.client] - Client client_4 - Epoch 1/3 completed. Average Loss: 0.0000
2025-06-24 06:21:39,091 [INFO] [src.federated.client] - Client client_4 - Epoch 2/3 completed. Average Loss: 0.0000
2025-06-24 06:21:39,101 [INFO] [src.federated.client] - Client client_4 - Epoch 3/3 completed. Average Loss: 0.0000
2025-06-24 06:21:39,102 [INFO] [src.federated.client] - Client client_4: Local training finished. Processed 480 samples.
2025-06-24 06:21:39,102 [INFO] [src.federated.server] - Aggregating updates from 10 clients using FedAvg.
2025-06-24 06:21:39,102 [INFO] [src.federated.aggregation] - FedAvg: Aggregating updates from 10 clients.
2025-06-24 06:21:39,103 [INFO] [src.federated.aggregation] - FedAvg: Aggregation complete.
2025-06-24 06:21:39,103 [INFO] [src.federated.server] - Global model updated with aggregated parameters.
2025-06-24 06:21:39,103 [INFO] [src.federated.server] - Evaluating updated global model...
2025-06-24 06:21:39,108 [INFO] [src.federated.server] - Round 4 completed in 0.31s. Eval Metrics: {'loss': 0.00012192627501462994, 'accuracy': 1.0}
2025-06-24 06:21:39,108 [INFO] [src.federated.server] - ===== Starting Round 5/40 =====
2025-06-24 06:21:39,108 [INFO] [src.federated.server] - Starting federated training round...
2025-06-24 06:21:39,108 [INFO] [src.federated.server] - Selected 10 clients out of 10 available (fraction=1.0, min_clients=1): ['client_7', 'client_8', 'client_1', 'client_3', 'client_0', 'client_4', 'client_2', 'client_6', 'client_9', 'client_5']
2025-06-24 06:21:39,109 [INFO] [src.federated.client] - Client client_7: Starting local training for 3 epochs. Proximal term mu=0.0.
2025-06-24 06:21:39,120 [INFO] [src.federated.client] - Client client_7 - Epoch 1/3 completed. Average Loss: 0.0001
2025-06-24 06:21:39,130 [INFO] [src.federated.client] - Client client_7 - Epoch 2/3 completed. Average Loss: 0.0000
2025-06-24 06:21:39,139 [INFO] [src.federated.client] - Client client_7 - Epoch 3/3 completed. Average Loss: 0.0000
2025-06-24 06:21:39,139 [INFO] [src.federated.client] - Client client_7: Local training finished. Processed 480 samples.
2025-06-24 06:21:39,140 [INFO] [src.federated.client] - Client client_8: Starting local training for 3 epochs. Proximal term mu=0.0.
2025-06-24 06:21:39,150 [INFO] [src.federated.client] - Client client_8 - Epoch 1/3 completed. Average Loss: 0.0000
2025-06-24 06:21:39,161 [INFO] [src.federated.client] - Client client_8 - Epoch 2/3 completed. Average Loss: 0.0000
2025-06-24 06:21:39,171 [INFO] [src.federated.client] - Client client_8 - Epoch 3/3 completed. Average Loss: 0.0000
2025-06-24 06:21:39,172 [INFO] [src.federated.client] - Client client_8: Local training finished. Processed 480 samples.
2025-06-24 06:21:39,173 [INFO] [src.federated.client] - Client client_1: Starting local training for 3 epochs. Proximal term mu=0.0.
2025-06-24 06:21:39,183 [INFO] [src.federated.client] - Client client_1 - Epoch 1/3 completed. Average Loss: 0.0000
2025-06-24 06:21:39,193 [INFO] [src.federated.client] - Client client_1 - Epoch 2/3 completed. Average Loss: 0.0000
2025-06-24 06:21:39,203 [INFO] [src.federated.client] - Client client_1 - Epoch 3/3 completed. Average Loss: 0.0000
2025-06-24 06:21:39,204 [INFO] [src.federated.client] - Client client_1: Local training finished. Processed 480 samples.
2025-06-24 06:21:39,205 [INFO] [src.federated.client] - Client client_3: Starting local training for 3 epochs. Proximal term mu=0.0.
2025-06-24 06:21:39,216 [INFO] [src.federated.client] - Client client_3 - Epoch 1/3 completed. Average Loss: 0.0000
2025-06-24 06:21:39,228 [INFO] [src.federated.client] - Client client_3 - Epoch 2/3 completed. Average Loss: 0.0000
2025-06-24 06:21:39,239 [INFO] [src.federated.client] - Client client_3 - Epoch 3/3 completed. Average Loss: 0.0000
2025-06-24 06:21:39,240 [INFO] [src.federated.client] - Client client_3: Local training finished. Processed 480 samples.
2025-06-24 06:21:39,240 [INFO] [src.federated.client] - Client client_0: Starting local training for 3 epochs. Proximal term mu=0.0.
2025-06-24 06:21:39,251 [INFO] [src.federated.client] - Client client_0 - Epoch 1/3 completed. Average Loss: 0.0000
2025-06-24 06:21:39,261 [INFO] [src.federated.client] - Client client_0 - Epoch 2/3 completed. Average Loss: 0.0000
2025-06-24 06:21:39,275 [INFO] [src.federated.client] - Client client_0 - Epoch 3/3 completed. Average Loss: 0.0000
2025-06-24 06:21:39,275 [INFO] [src.federated.client] - Client client_0: Local training finished. Processed 480 samples.
2025-06-24 06:21:39,276 [INFO] [src.federated.client] - Client client_4: Starting local training for 3 epochs. Proximal term mu=0.0.
2025-06-24 06:21:39,286 [INFO] [src.federated.client] - Client client_4 - Epoch 1/3 completed. Average Loss: 0.0000
2025-06-24 06:21:39,297 [INFO] [src.federated.client] - Client client_4 - Epoch 2/3 completed. Average Loss: 0.0000
2025-06-24 06:21:39,309 [INFO] [src.federated.client] - Client client_4 - Epoch 3/3 completed. Average Loss: 0.0000
2025-06-24 06:21:39,309 [INFO] [src.federated.client] - Client client_4: Local training finished. Processed 480 samples.
2025-06-24 06:21:39,310 [INFO] [src.federated.client] - Client client_2: Starting local training for 3 epochs. Proximal term mu=0.0.
2025-06-24 06:21:39,321 [INFO] [src.federated.client] - Client client_2 - Epoch 1/3 completed. Average Loss: 0.0132
2025-06-24 06:21:39,331 [INFO] [src.federated.client] - Client client_2 - Epoch 2/3 completed. Average Loss: 0.0013
2025-06-24 06:21:39,341 [INFO] [src.federated.client] - Client client_2 - Epoch 3/3 completed. Average Loss: 0.0047
2025-06-24 06:21:39,341 [INFO] [src.federated.client] - Client client_2: Local training finished. Processed 480 samples.
2025-06-24 06:21:39,342 [INFO] [src.federated.client] - Client client_6: Starting local training for 3 epochs. Proximal term mu=0.0.
2025-06-24 06:21:39,351 [INFO] [src.federated.client] - Client client_6 - Epoch 1/3 completed. Average Loss: 0.0000
2025-06-24 06:21:39,361 [INFO] [src.federated.client] - Client client_6 - Epoch 2/3 completed. Average Loss: 0.0000
2025-06-24 06:21:39,372 [INFO] [src.federated.client] - Client client_6 - Epoch 3/3 completed. Average Loss: 0.0000
2025-06-24 06:21:39,372 [INFO] [src.federated.client] - Client client_6: Local training finished. Processed 480 samples.
2025-06-24 06:21:39,373 [INFO] [src.federated.client] - Client client_9: Starting local training for 3 epochs. Proximal term mu=0.0.
2025-06-24 06:21:39,384 [INFO] [src.federated.client] - Client client_9 - Epoch 1/3 completed. Average Loss: 0.0011
2025-06-24 06:21:39,394 [INFO] [src.federated.client] - Client client_9 - Epoch 2/3 completed. Average Loss: 0.0013
2025-06-24 06:21:39,405 [INFO] [src.federated.client] - Client client_9 - Epoch 3/3 completed. Average Loss: 0.0009
2025-06-24 06:21:39,406 [INFO] [src.federated.client] - Client client_9: Local training finished. Processed 480 samples.
2025-06-24 06:21:39,406 [INFO] [src.federated.client] - Client client_5: Starting local training for 3 epochs. Proximal term mu=0.0.
2025-06-24 06:21:39,417 [INFO] [src.federated.client] - Client client_5 - Epoch 1/3 completed. Average Loss: 0.0000
2025-06-24 06:21:39,429 [INFO] [src.federated.client] - Client client_5 - Epoch 2/3 completed. Average Loss: 0.0000
2025-06-24 06:21:39,438 [INFO] [src.federated.client] - Client client_5 - Epoch 3/3 completed. Average Loss: 0.0000
2025-06-24 06:21:39,439 [INFO] [src.federated.client] - Client client_5: Local training finished. Processed 480 samples.
2025-06-24 06:21:39,439 [INFO] [src.federated.server] - Aggregating updates from 10 clients using FedAvg.
2025-06-24 06:21:39,439 [INFO] [src.federated.aggregation] - FedAvg: Aggregating updates from 10 clients.
2025-06-24 06:21:39,440 [INFO] [src.federated.aggregation] - FedAvg: Aggregation complete.
2025-06-24 06:21:39,440 [INFO] [src.federated.server] - Global model updated with aggregated parameters.
2025-06-24 06:21:39,440 [INFO] [src.federated.server] - Evaluating updated global model...
2025-06-24 06:21:39,445 [INFO] [src.federated.server] - Round 5 completed in 0.34s. Eval Metrics: {'loss': 0.00018870367225645168, 'accuracy': 1.0}
2025-06-24 06:21:39,445 [INFO] [src.federated.server] - ===== Starting Round 6/40 =====
2025-06-24 06:21:39,445 [INFO] [src.federated.server] - Starting federated training round...
2025-06-24 06:21:39,445 [INFO] [src.federated.server] - Selected 10 clients out of 10 available (fraction=1.0, min_clients=1): ['client_1', 'client_0', 'client_3', 'client_6', 'client_2', 'client_8', 'client_9', 'client_4', 'client_7', 'client_5']
2025-06-24 06:21:39,446 [INFO] [src.federated.client] - Client client_1: Starting local training for 3 epochs. Proximal term mu=0.0.
2025-06-24 06:21:39,458 [INFO] [src.federated.client] - Client client_1 - Epoch 1/3 completed. Average Loss: 0.0000
2025-06-24 06:21:39,469 [INFO] [src.federated.client] - Client client_1 - Epoch 2/3 completed. Average Loss: 0.0000
2025-06-24 06:21:39,480 [INFO] [src.federated.client] - Client client_1 - Epoch 3/3 completed. Average Loss: 0.0000
2025-06-24 06:21:39,480 [INFO] [src.federated.client] - Client client_1: Local training finished. Processed 480 samples.
2025-06-24 06:21:39,481 [INFO] [src.federated.client] - Client client_0: Starting local training for 3 epochs. Proximal term mu=0.0.
2025-06-24 06:21:39,490 [INFO] [src.federated.client] - Client client_0 - Epoch 1/3 completed. Average Loss: 0.0000
2025-06-24 06:21:39,501 [INFO] [src.federated.client] - Client client_0 - Epoch 2/3 completed. Average Loss: 0.0000
2025-06-24 06:21:39,512 [INFO] [src.federated.client] - Client client_0 - Epoch 3/3 completed. Average Loss: 0.0000
2025-06-24 06:21:39,512 [INFO] [src.federated.client] - Client client_0: Local training finished. Processed 480 samples.
2025-06-24 06:21:39,513 [INFO] [src.federated.client] - Client client_3: Starting local training for 3 epochs. Proximal term mu=0.0.
2025-06-24 06:21:39,524 [INFO] [src.federated.client] - Client client_3 - Epoch 1/3 completed. Average Loss: 0.0000
2025-06-24 06:21:39,535 [INFO] [src.federated.client] - Client client_3 - Epoch 2/3 completed. Average Loss: 0.0000
2025-06-24 06:21:39,545 [INFO] [src.federated.client] - Client client_3 - Epoch 3/3 completed. Average Loss: 0.0000
2025-06-24 06:21:39,546 [INFO] [src.federated.client] - Client client_3: Local training finished. Processed 480 samples.
2025-06-24 06:21:39,547 [INFO] [src.federated.client] - Client client_6: Starting local training for 3 epochs. Proximal term mu=0.0.
2025-06-24 06:21:39,557 [INFO] [src.federated.client] - Client client_6 - Epoch 1/3 completed. Average Loss: 0.0000
2025-06-24 06:21:39,568 [INFO] [src.federated.client] - Client client_6 - Epoch 2/3 completed. Average Loss: 0.0000
2025-06-24 06:21:39,579 [INFO] [src.federated.client] - Client client_6 - Epoch 3/3 completed. Average Loss: 0.0000
2025-06-24 06:21:39,579 [INFO] [src.federated.client] - Client client_6: Local training finished. Processed 480 samples.
2025-06-24 06:21:39,580 [INFO] [src.federated.client] - Client client_2: Starting local training for 3 epochs. Proximal term mu=0.0.
2025-06-24 06:21:39,591 [INFO] [src.federated.client] - Client client_2 - Epoch 1/3 completed. Average Loss: 0.0122
2025-06-24 06:21:39,600 [INFO] [src.federated.client] - Client client_2 - Epoch 2/3 completed. Average Loss: 0.0003
2025-06-24 06:21:39,610 [INFO] [src.federated.client] - Client client_2 - Epoch 3/3 completed. Average Loss: 0.0015
2025-06-24 06:21:39,610 [INFO] [src.federated.client] - Client client_2: Local training finished. Processed 480 samples.
2025-06-24 06:21:39,611 [INFO] [src.federated.client] - Client client_8: Starting local training for 3 epochs. Proximal term mu=0.0.
2025-06-24 06:21:39,622 [INFO] [src.federated.client] - Client client_8 - Epoch 1/3 completed. Average Loss: 0.0000
2025-06-24 06:21:39,633 [INFO] [src.federated.client] - Client client_8 - Epoch 2/3 completed. Average Loss: 0.0000
2025-06-24 06:21:39,643 [INFO] [src.federated.client] - Client client_8 - Epoch 3/3 completed. Average Loss: 0.0000
2025-06-24 06:21:39,644 [INFO] [src.federated.client] - Client client_8: Local training finished. Processed 480 samples.
2025-06-24 06:21:39,644 [INFO] [src.federated.client] - Client client_9: Starting local training for 3 epochs. Proximal term mu=0.0.
2025-06-24 06:21:39,656 [INFO] [src.federated.client] - Client client_9 - Epoch 1/3 completed. Average Loss: 0.0008
2025-06-24 06:21:39,667 [INFO] [src.federated.client] - Client client_9 - Epoch 2/3 completed. Average Loss: 0.0013
2025-06-24 06:21:39,676 [INFO] [src.federated.client] - Client client_9 - Epoch 3/3 completed. Average Loss: 0.0010
2025-06-24 06:21:39,677 [INFO] [src.federated.client] - Client client_9: Local training finished. Processed 480 samples.
2025-06-24 06:21:39,678 [INFO] [src.federated.client] - Client client_4: Starting local training for 3 epochs. Proximal term mu=0.0.
2025-06-24 06:21:39,689 [INFO] [src.federated.client] - Client client_4 - Epoch 1/3 completed. Average Loss: 0.0000
2025-06-24 06:21:39,700 [INFO] [src.federated.client] - Client client_4 - Epoch 2/3 completed. Average Loss: 0.0000
2025-06-24 06:21:39,710 [INFO] [src.federated.client] - Client client_4 - Epoch 3/3 completed. Average Loss: 0.0000
2025-06-24 06:21:39,711 [INFO] [src.federated.client] - Client client_4: Local training finished. Processed 480 samples.
2025-06-24 06:21:39,711 [INFO] [src.federated.client] - Client client_7: Starting local training for 3 epochs. Proximal term mu=0.0.
2025-06-24 06:21:39,721 [INFO] [src.federated.client] - Client client_7 - Epoch 1/3 completed. Average Loss: 0.0000
2025-06-24 06:21:39,731 [INFO] [src.federated.client] - Client client_7 - Epoch 2/3 completed. Average Loss: 0.0000
2025-06-24 06:21:39,741 [INFO] [src.federated.client] - Client client_7 - Epoch 3/3 completed. Average Loss: 0.0000
2025-06-24 06:21:39,741 [INFO] [src.federated.client] - Client client_7: Local training finished. Processed 480 samples.
2025-06-24 06:21:39,742 [INFO] [src.federated.client] - Client client_5: Starting local training for 3 epochs. Proximal term mu=0.0.
2025-06-24 06:21:39,753 [INFO] [src.federated.client] - Client client_5 - Epoch 1/3 completed. Average Loss: 0.0000
2025-06-24 06:21:39,762 [INFO] [src.federated.client] - Client client_5 - Epoch 2/3 completed. Average Loss: 0.0000
2025-06-24 06:21:39,772 [INFO] [src.federated.client] - Client client_5 - Epoch 3/3 completed. Average Loss: 0.0000
2025-06-24 06:21:39,772 [INFO] [src.federated.client] - Client client_5: Local training finished. Processed 480 samples.
2025-06-24 06:21:39,772 [INFO] [src.federated.server] - Aggregating updates from 10 clients using FedAvg.
2025-06-24 06:21:39,772 [INFO] [src.federated.aggregation] - FedAvg: Aggregating updates from 10 clients.
2025-06-24 06:21:39,773 [INFO] [src.federated.aggregation] - FedAvg: Aggregation complete.
2025-06-24 06:21:39,774 [INFO] [src.federated.server] - Global model updated with aggregated parameters.
2025-06-24 06:21:39,774 [INFO] [src.federated.server] - Evaluating updated global model...
2025-06-24 06:21:39,778 [INFO] [src.federated.server] - Round 6 completed in 0.33s. Eval Metrics: {'loss': 0.0002772886588422807, 'accuracy': 1.0}
2025-06-24 06:21:39,778 [INFO] [src.federated.server] - ===== Starting Round 7/40 =====
2025-06-24 06:21:39,778 [INFO] [src.federated.server] - Starting federated training round...
2025-06-24 06:21:39,779 [INFO] [src.federated.server] - Selected 10 clients out of 10 available (fraction=1.0, min_clients=1): ['client_7', 'client_5', 'client_2', 'client_9', 'client_6', 'client_1', 'client_8', 'client_3', 'client_0', 'client_4']
2025-06-24 06:21:39,779 [INFO] [src.federated.client] - Client client_7: Starting local training for 3 epochs. Proximal term mu=0.0.
2025-06-24 06:21:39,790 [INFO] [src.federated.client] - Client client_7 - Epoch 1/3 completed. Average Loss: 0.0000
2025-06-24 06:21:39,800 [INFO] [src.federated.client] - Client client_7 - Epoch 2/3 completed. Average Loss: 0.0000
2025-06-24 06:21:39,810 [INFO] [src.federated.client] - Client client_7 - Epoch 3/3 completed. Average Loss: 0.0000
2025-06-24 06:21:39,810 [INFO] [src.federated.client] - Client client_7: Local training finished. Processed 480 samples.
2025-06-24 06:21:39,811 [INFO] [src.federated.client] - Client client_5: Starting local training for 3 epochs. Proximal term mu=0.0.
2025-06-24 06:21:39,821 [INFO] [src.federated.client] - Client client_5 - Epoch 1/3 completed. Average Loss: 0.0000
2025-06-24 06:21:39,831 [INFO] [src.federated.client] - Client client_5 - Epoch 2/3 completed. Average Loss: 0.0000
2025-06-24 06:21:39,839 [INFO] [src.federated.client] - Client client_5 - Epoch 3/3 completed. Average Loss: 0.0000
2025-06-24 06:21:39,840 [INFO] [src.federated.client] - Client client_5: Local training finished. Processed 480 samples.
2025-06-24 06:21:39,841 [INFO] [src.federated.client] - Client client_2: Starting local training for 3 epochs. Proximal term mu=0.0.
2025-06-24 06:21:39,851 [INFO] [src.federated.client] - Client client_2 - Epoch 1/3 completed. Average Loss: 0.0021
2025-06-24 06:21:39,862 [INFO] [src.federated.client] - Client client_2 - Epoch 2/3 completed. Average Loss: 0.0001
2025-06-24 06:21:39,872 [INFO] [src.federated.client] - Client client_2 - Epoch 3/3 completed. Average Loss: 0.0002
2025-06-24 06:21:39,872 [INFO] [src.federated.client] - Client client_2: Local training finished. Processed 480 samples.
2025-06-24 06:21:39,873 [INFO] [src.federated.client] - Client client_9: Starting local training for 3 epochs. Proximal term mu=0.0.
2025-06-24 06:21:39,883 [INFO] [src.federated.client] - Client client_9 - Epoch 1/3 completed. Average Loss: 0.0017
2025-06-24 06:21:39,893 [INFO] [src.federated.client] - Client client_9 - Epoch 2/3 completed. Average Loss: 0.0022
2025-06-24 06:21:39,903 [INFO] [src.federated.client] - Client client_9 - Epoch 3/3 completed. Average Loss: 0.0020
2025-06-24 06:21:39,904 [INFO] [src.federated.client] - Client client_9: Local training finished. Processed 480 samples.
2025-06-24 06:21:39,905 [INFO] [src.federated.client] - Client client_6: Starting local training for 3 epochs. Proximal term mu=0.0.
2025-06-24 06:21:39,916 [INFO] [src.federated.client] - Client client_6 - Epoch 1/3 completed. Average Loss: 0.0000
2025-06-24 06:21:39,927 [INFO] [src.federated.client] - Client client_6 - Epoch 2/3 completed. Average Loss: 0.0000
2025-06-24 06:21:39,937 [INFO] [src.federated.client] - Client client_6 - Epoch 3/3 completed. Average Loss: 0.0000
2025-06-24 06:21:39,938 [INFO] [src.federated.client] - Client client_6: Local training finished. Processed 480 samples.
2025-06-24 06:21:39,938 [INFO] [src.federated.client] - Client client_1: Starting local training for 3 epochs. Proximal term mu=0.0.
2025-06-24 06:21:39,949 [INFO] [src.federated.client] - Client client_1 - Epoch 1/3 completed. Average Loss: 0.0000
2025-06-24 06:21:39,959 [INFO] [src.federated.client] - Client client_1 - Epoch 2/3 completed. Average Loss: 0.0000
2025-06-24 06:21:39,968 [INFO] [src.federated.client] - Client client_1 - Epoch 3/3 completed. Average Loss: 0.0000
2025-06-24 06:21:39,968 [INFO] [src.federated.client] - Client client_1: Local training finished. Processed 480 samples.
2025-06-24 06:21:39,969 [INFO] [src.federated.client] - Client client_8: Starting local training for 3 epochs. Proximal term mu=0.0.
2025-06-24 06:21:39,980 [INFO] [src.federated.client] - Client client_8 - Epoch 1/3 completed. Average Loss: 0.0000
2025-06-24 06:21:39,989 [INFO] [src.federated.client] - Client client_8 - Epoch 2/3 completed. Average Loss: 0.0000
2025-06-24 06:21:39,999 [INFO] [src.federated.client] - Client client_8 - Epoch 3/3 completed. Average Loss: 0.0000
2025-06-24 06:21:39,999 [INFO] [src.federated.client] - Client client_8: Local training finished. Processed 480 samples.
2025-06-24 06:21:40,000 [INFO] [src.federated.client] - Client client_3: Starting local training for 3 epochs. Proximal term mu=0.0.
2025-06-24 06:21:40,011 [INFO] [src.federated.client] - Client client_3 - Epoch 1/3 completed. Average Loss: 0.0000
2025-06-24 06:21:40,023 [INFO] [src.federated.client] - Client client_3 - Epoch 2/3 completed. Average Loss: 0.0000
2025-06-24 06:21:40,031 [INFO] [src.federated.client] - Client client_3 - Epoch 3/3 completed. Average Loss: 0.0000
2025-06-24 06:21:40,032 [INFO] [src.federated.client] - Client client_3: Local training finished. Processed 480 samples.
2025-06-24 06:21:40,032 [INFO] [src.federated.client] - Client client_0: Starting local training for 3 epochs. Proximal term mu=0.0.
2025-06-24 06:21:40,042 [INFO] [src.federated.client] - Client client_0 - Epoch 1/3 completed. Average Loss: 0.0000
2025-06-24 06:21:40,053 [INFO] [src.federated.client] - Client client_0 - Epoch 2/3 completed. Average Loss: 0.0000
2025-06-24 06:21:40,064 [INFO] [src.federated.client] - Client client_0 - Epoch 3/3 completed. Average Loss: 0.0000
2025-06-24 06:21:40,064 [INFO] [src.federated.client] - Client client_0: Local training finished. Processed 480 samples.
2025-06-24 06:21:40,065 [INFO] [src.federated.client] - Client client_4: Starting local training for 3 epochs. Proximal term mu=0.0.
2025-06-24 06:21:40,075 [INFO] [src.federated.client] - Client client_4 - Epoch 1/3 completed. Average Loss: 0.0000
2025-06-24 06:21:40,086 [INFO] [src.federated.client] - Client client_4 - Epoch 2/3 completed. Average Loss: 0.0000
2025-06-24 06:21:40,096 [INFO] [src.federated.client] - Client client_4 - Epoch 3/3 completed. Average Loss: 0.0000
2025-06-24 06:21:40,097 [INFO] [src.federated.client] - Client client_4: Local training finished. Processed 480 samples.
2025-06-24 06:21:40,097 [INFO] [src.federated.server] - Aggregating updates from 10 clients using FedAvg.
2025-06-24 06:21:40,097 [INFO] [src.federated.aggregation] - FedAvg: Aggregating updates from 10 clients.
2025-06-24 06:21:40,098 [INFO] [src.federated.aggregation] - FedAvg: Aggregation complete.
2025-06-24 06:21:40,098 [INFO] [src.federated.server] - Global model updated with aggregated parameters.
2025-06-24 06:21:40,098 [INFO] [src.federated.server] - Evaluating updated global model...
2025-06-24 06:21:40,102 [INFO] [src.federated.server] - Round 7 completed in 0.32s. Eval Metrics: {'loss': 0.00019094516841619224, 'accuracy': 1.0}
2025-06-24 06:21:40,103 [INFO] [src.federated.server] - ===== Starting Round 8/40 =====
2025-06-24 06:21:40,103 [INFO] [src.federated.server] - Starting federated training round...
2025-06-24 06:21:40,103 [INFO] [src.federated.server] - Selected 10 clients out of 10 available (fraction=1.0, min_clients=1): ['client_8', 'client_3', 'client_2', 'client_9', 'client_6', 'client_7', 'client_1', 'client_4', 'client_5', 'client_0']
2025-06-24 06:21:40,104 [INFO] [src.federated.client] - Client client_8: Starting local training for 3 epochs. Proximal term mu=0.0.
2025-06-24 06:21:40,114 [INFO] [src.federated.client] - Client client_8 - Epoch 1/3 completed. Average Loss: 0.0000
2025-06-24 06:21:40,125 [INFO] [src.federated.client] - Client client_8 - Epoch 2/3 completed. Average Loss: 0.0000
2025-06-24 06:21:40,135 [INFO] [src.federated.client] - Client client_8 - Epoch 3/3 completed. Average Loss: 0.0000
2025-06-24 06:21:40,136 [INFO] [src.federated.client] - Client client_8: Local training finished. Processed 480 samples.
2025-06-24 06:21:40,136 [INFO] [src.federated.client] - Client client_3: Starting local training for 3 epochs. Proximal term mu=0.0.
2025-06-24 06:21:40,145 [INFO] [src.federated.client] - Client client_3 - Epoch 1/3 completed. Average Loss: 0.0000
2025-06-24 06:21:40,155 [INFO] [src.federated.client] - Client client_3 - Epoch 2/3 completed. Average Loss: 0.0000
2025-06-24 06:21:40,165 [INFO] [src.federated.client] - Client client_3 - Epoch 3/3 completed. Average Loss: 0.0000
2025-06-24 06:21:40,165 [INFO] [src.federated.client] - Client client_3: Local training finished. Processed 480 samples.
2025-06-24 06:21:40,166 [INFO] [src.federated.client] - Client client_2: Starting local training for 3 epochs. Proximal term mu=0.0.
2025-06-24 06:21:40,175 [INFO] [src.federated.client] - Client client_2 - Epoch 1/3 completed. Average Loss: 0.0015
2025-06-24 06:21:40,187 [INFO] [src.federated.client] - Client client_2 - Epoch 2/3 completed. Average Loss: 0.0001
2025-06-24 06:21:40,197 [INFO] [src.federated.client] - Client client_2 - Epoch 3/3 completed. Average Loss: 0.0008
2025-06-24 06:21:40,197 [INFO] [src.federated.client] - Client client_2: Local training finished. Processed 480 samples.
2025-06-24 06:21:40,198 [INFO] [src.federated.client] - Client client_9: Starting local training for 3 epochs. Proximal term mu=0.0.
2025-06-24 06:21:40,208 [INFO] [src.federated.client] - Client client_9 - Epoch 1/3 completed. Average Loss: 0.0013
2025-06-24 06:21:40,218 [INFO] [src.federated.client] - Client client_9 - Epoch 2/3 completed. Average Loss: 0.0008
2025-06-24 06:21:40,228 [INFO] [src.federated.client] - Client client_9 - Epoch 3/3 completed. Average Loss: 0.0015
2025-06-24 06:21:40,228 [INFO] [src.federated.client] - Client client_9: Local training finished. Processed 480 samples.
2025-06-24 06:21:40,229 [INFO] [src.federated.client] - Client client_6: Starting local training for 3 epochs. Proximal term mu=0.0.
2025-06-24 06:21:40,239 [INFO] [src.federated.client] - Client client_6 - Epoch 1/3 completed. Average Loss: 0.0000
2025-06-24 06:21:40,249 [INFO] [src.federated.client] - Client client_6 - Epoch 2/3 completed. Average Loss: 0.0000
2025-06-24 06:21:40,261 [INFO] [src.federated.client] - Client client_6 - Epoch 3/3 completed. Average Loss: 0.0000
2025-06-24 06:21:40,261 [INFO] [src.federated.client] - Client client_6: Local training finished. Processed 480 samples.
2025-06-24 06:21:40,262 [INFO] [src.federated.client] - Client client_7: Starting local training for 3 epochs. Proximal term mu=0.0.
2025-06-24 06:21:40,271 [INFO] [src.federated.client] - Client client_7 - Epoch 1/3 completed. Average Loss: 0.0000
2025-06-24 06:21:40,281 [INFO] [src.federated.client] - Client client_7 - Epoch 2/3 completed. Average Loss: 0.0000
2025-06-24 06:21:40,290 [INFO] [src.federated.client] - Client client_7 - Epoch 3/3 completed. Average Loss: 0.0000
2025-06-24 06:21:40,291 [INFO] [src.federated.client] - Client client_7: Local training finished. Processed 480 samples.
2025-06-24 06:21:40,291 [INFO] [src.federated.client] - Client client_1: Starting local training for 3 epochs. Proximal term mu=0.0.
2025-06-24 06:21:40,302 [INFO] [src.federated.client] - Client client_1 - Epoch 1/3 completed. Average Loss: 0.0000
2025-06-24 06:21:40,313 [INFO] [src.federated.client] - Client client_1 - Epoch 2/3 completed. Average Loss: 0.0000
2025-06-24 06:21:40,324 [INFO] [src.federated.client] - Client client_1 - Epoch 3/3 completed. Average Loss: 0.0000
2025-06-24 06:21:40,324 [INFO] [src.federated.client] - Client client_1: Local training finished. Processed 480 samples.
2025-06-24 06:21:40,325 [INFO] [src.federated.client] - Client client_4: Starting local training for 3 epochs. Proximal term mu=0.0.
2025-06-24 06:21:40,335 [INFO] [src.federated.client] - Client client_4 - Epoch 1/3 completed. Average Loss: 0.0000
2025-06-24 06:21:40,345 [INFO] [src.federated.client] - Client client_4 - Epoch 2/3 completed. Average Loss: 0.0000
2025-06-24 06:21:40,354 [INFO] [src.federated.client] - Client client_4 - Epoch 3/3 completed. Average Loss: 0.0000
2025-06-24 06:21:40,355 [INFO] [src.federated.client] - Client client_4: Local training finished. Processed 480 samples.
2025-06-24 06:21:40,356 [INFO] [src.federated.client] - Client client_5: Starting local training for 3 epochs. Proximal term mu=0.0.
2025-06-24 06:21:40,366 [INFO] [src.federated.client] - Client client_5 - Epoch 1/3 completed. Average Loss: 0.0000
2025-06-24 06:21:40,376 [INFO] [src.federated.client] - Client client_5 - Epoch 2/3 completed. Average Loss: 0.0000
2025-06-24 06:21:40,386 [INFO] [src.federated.client] - Client client_5 - Epoch 3/3 completed. Average Loss: 0.0000
2025-06-24 06:21:40,387 [INFO] [src.federated.client] - Client client_5: Local training finished. Processed 480 samples.
2025-06-24 06:21:40,387 [INFO] [src.federated.client] - Client client_0: Starting local training for 3 epochs. Proximal term mu=0.0.
2025-06-24 06:21:40,398 [INFO] [src.federated.client] - Client client_0 - Epoch 1/3 completed. Average Loss: 0.0000
2025-06-24 06:21:40,410 [INFO] [src.federated.client] - Client client_0 - Epoch 2/3 completed. Average Loss: 0.0000
2025-06-24 06:21:40,420 [INFO] [src.federated.client] - Client client_0 - Epoch 3/3 completed. Average Loss: 0.0000
2025-06-24 06:21:40,420 [INFO] [src.federated.client] - Client client_0: Local training finished. Processed 480 samples.
2025-06-24 06:21:40,421 [INFO] [src.federated.server] - Aggregating updates from 10 clients using FedAvg.
2025-06-24 06:21:40,421 [INFO] [src.federated.aggregation] - FedAvg: Aggregating updates from 10 clients.
2025-06-24 06:21:40,422 [INFO] [src.federated.aggregation] - FedAvg: Aggregation complete.
2025-06-24 06:21:40,422 [INFO] [src.federated.server] - Global model updated with aggregated parameters.
2025-06-24 06:21:40,422 [INFO] [src.federated.server] - Evaluating updated global model...
2025-06-24 06:21:40,429 [INFO] [src.federated.server] - Round 8 completed in 0.33s. Eval Metrics: {'loss': 0.00011510556278835793, 'accuracy': 1.0}
2025-06-24 06:21:40,429 [INFO] [src.federated.server] - ===== Starting Round 9/40 =====
2025-06-24 06:21:40,429 [INFO] [src.federated.server] - Starting federated training round...
2025-06-24 06:21:40,429 [INFO] [src.federated.server] - Selected 10 clients out of 10 available (fraction=1.0, min_clients=1): ['client_3', 'client_0', 'client_5', 'client_9', 'client_2', 'client_8', 'client_1', 'client_7', 'client_6', 'client_4']
2025-06-24 06:21:40,430 [INFO] [src.federated.client] - Client client_3: Starting local training for 3 epochs. Proximal term mu=0.0.
2025-06-24 06:21:40,443 [INFO] [src.federated.client] - Client client_3 - Epoch 1/3 completed. Average Loss: 0.0000
2025-06-24 06:21:40,453 [INFO] [src.federated.client] - Client client_3 - Epoch 2/3 completed. Average Loss: 0.0000
2025-06-24 06:21:40,463 [INFO] [src.federated.client] - Client client_3 - Epoch 3/3 completed. Average Loss: 0.0000
2025-06-24 06:21:40,464 [INFO] [src.federated.client] - Client client_3: Local training finished. Processed 480 samples.
2025-06-24 06:21:40,464 [INFO] [src.federated.client] - Client client_0: Starting local training for 3 epochs. Proximal term mu=0.0.
2025-06-24 06:21:40,474 [INFO] [src.federated.client] - Client client_0 - Epoch 1/3 completed. Average Loss: 0.0000
2025-06-24 06:21:40,484 [INFO] [src.federated.client] - Client client_0 - Epoch 2/3 completed. Average Loss: 0.0000
2025-06-24 06:21:40,494 [INFO] [src.federated.client] - Client client_0 - Epoch 3/3 completed. Average Loss: 0.0000
2025-06-24 06:21:40,495 [INFO] [src.federated.client] - Client client_0: Local training finished. Processed 480 samples.
2025-06-24 06:21:40,495 [INFO] [src.federated.client] - Client client_5: Starting local training for 3 epochs. Proximal term mu=0.0.
2025-06-24 06:21:40,506 [INFO] [src.federated.client] - Client client_5 - Epoch 1/3 completed. Average Loss: 0.0000
2025-06-24 06:21:40,516 [INFO] [src.federated.client] - Client client_5 - Epoch 2/3 completed. Average Loss: 0.0000
2025-06-24 06:21:40,527 [INFO] [src.federated.client] - Client client_5 - Epoch 3/3 completed. Average Loss: 0.0000
2025-06-24 06:21:40,527 [INFO] [src.federated.client] - Client client_5: Local training finished. Processed 480 samples.
2025-06-24 06:21:40,528 [INFO] [src.federated.client] - Client client_9: Starting local training for 3 epochs. Proximal term mu=0.0.
2025-06-24 06:21:40,538 [INFO] [src.federated.client] - Client client_9 - Epoch 1/3 completed. Average Loss: 0.0008
2025-06-24 06:21:40,549 [INFO] [src.federated.client] - Client client_9 - Epoch 2/3 completed. Average Loss: 0.0008
2025-06-24 06:21:40,559 [INFO] [src.federated.client] - Client client_9 - Epoch 3/3 completed. Average Loss: 0.0007
2025-06-24 06:21:40,560 [INFO] [src.federated.client] - Client client_9: Local training finished. Processed 480 samples.
2025-06-24 06:21:40,560 [INFO] [src.federated.client] - Client client_2: Starting local training for 3 epochs. Proximal term mu=0.0.
2025-06-24 06:21:40,572 [INFO] [src.federated.client] - Client client_2 - Epoch 1/3 completed. Average Loss: 0.0029
2025-06-24 06:21:40,583 [INFO] [src.federated.client] - Client client_2 - Epoch 2/3 completed. Average Loss: 0.0001
2025-06-24 06:21:40,592 [INFO] [src.federated.client] - Client client_2 - Epoch 3/3 completed. Average Loss: 0.0012
2025-06-24 06:21:40,593 [INFO] [src.federated.client] - Client client_2: Local training finished. Processed 480 samples.
2025-06-24 06:21:40,593 [INFO] [src.federated.client] - Client client_8: Starting local training for 3 epochs. Proximal term mu=0.0.
2025-06-24 06:21:40,602 [INFO] [src.federated.client] - Client client_8 - Epoch 1/3 completed. Average Loss: 0.0000
2025-06-24 06:21:40,614 [INFO] [src.federated.client] - Client client_8 - Epoch 2/3 completed. Average Loss: 0.0000
2025-06-24 06:21:40,623 [INFO] [src.federated.client] - Client client_8 - Epoch 3/3 completed. Average Loss: 0.0000
2025-06-24 06:21:40,624 [INFO] [src.federated.client] - Client client_8: Local training finished. Processed 480 samples.
2025-06-24 06:21:40,625 [INFO] [src.federated.client] - Client client_1: Starting local training for 3 epochs. Proximal term mu=0.0.
2025-06-24 06:21:40,636 [INFO] [src.federated.client] - Client client_1 - Epoch 1/3 completed. Average Loss: 0.0000
2025-06-24 06:21:40,649 [INFO] [src.federated.client] - Client client_1 - Epoch 2/3 completed. Average Loss: 0.0000
2025-06-24 06:21:40,659 [INFO] [src.federated.client] - Client client_1 - Epoch 3/3 completed. Average Loss: 0.0000
2025-06-24 06:21:40,659 [INFO] [src.federated.client] - Client client_1: Local training finished. Processed 480 samples.
2025-06-24 06:21:40,660 [INFO] [src.federated.client] - Client client_7: Starting local training for 3 epochs. Proximal term mu=0.0.
2025-06-24 06:21:40,670 [INFO] [src.federated.client] - Client client_7 - Epoch 1/3 completed. Average Loss: 0.0000
2025-06-24 06:21:40,680 [INFO] [src.federated.client] - Client client_7 - Epoch 2/3 completed. Average Loss: 0.0000
2025-06-24 06:21:40,692 [INFO] [src.federated.client] - Client client_7 - Epoch 3/3 completed. Average Loss: 0.0000
2025-06-24 06:21:40,692 [INFO] [src.federated.client] - Client client_7: Local training finished. Processed 480 samples.
2025-06-24 06:21:40,693 [INFO] [src.federated.client] - Client client_6: Starting local training for 3 epochs. Proximal term mu=0.0.
2025-06-24 06:21:40,704 [INFO] [src.federated.client] - Client client_6 - Epoch 1/3 completed. Average Loss: 0.0000
2025-06-24 06:21:40,714 [INFO] [src.federated.client] - Client client_6 - Epoch 2/3 completed. Average Loss: 0.0000
2025-06-24 06:21:40,724 [INFO] [src.federated.client] - Client client_6 - Epoch 3/3 completed. Average Loss: 0.0000
2025-06-24 06:21:40,725 [INFO] [src.federated.client] - Client client_6: Local training finished. Processed 480 samples.
2025-06-24 06:21:40,725 [INFO] [src.federated.client] - Client client_4: Starting local training for 3 epochs. Proximal term mu=0.0.
2025-06-24 06:21:40,735 [INFO] [src.federated.client] - Client client_4 - Epoch 1/3 completed. Average Loss: 0.0000
2025-06-24 06:21:40,744 [INFO] [src.federated.client] - Client client_4 - Epoch 2/3 completed. Average Loss: 0.0000
2025-06-24 06:21:40,754 [INFO] [src.federated.client] - Client client_4 - Epoch 3/3 completed. Average Loss: 0.0000
2025-06-24 06:21:40,755 [INFO] [src.federated.client] - Client client_4: Local training finished. Processed 480 samples.
2025-06-24 06:21:40,755 [INFO] [src.federated.server] - Aggregating updates from 10 clients using FedAvg.
2025-06-24 06:21:40,755 [INFO] [src.federated.aggregation] - FedAvg: Aggregating updates from 10 clients.
2025-06-24 06:21:40,756 [INFO] [src.federated.aggregation] - FedAvg: Aggregation complete.
2025-06-24 06:21:40,756 [INFO] [src.federated.server] - Global model updated with aggregated parameters.
2025-06-24 06:21:40,757 [INFO] [src.federated.server] - Evaluating updated global model...
2025-06-24 06:21:40,762 [INFO] [src.federated.server] - Round 9 completed in 0.33s. Eval Metrics: {'loss': 9.224865759506429e-05, 'accuracy': 1.0}
2025-06-24 06:21:40,762 [INFO] [src.federated.server] - ===== Starting Round 10/40 =====
2025-06-24 06:21:40,762 [INFO] [src.federated.server] - Starting federated training round...
2025-06-24 06:21:40,762 [INFO] [src.federated.server] - Selected 10 clients out of 10 available (fraction=1.0, min_clients=1): ['client_7', 'client_6', 'client_9', 'client_1', 'client_2', 'client_8', 'client_4', 'client_5', 'client_3', 'client_0']
2025-06-24 06:21:40,763 [INFO] [src.federated.client] - Client client_7: Starting local training for 3 epochs. Proximal term mu=0.0.
2025-06-24 06:21:40,774 [INFO] [src.federated.client] - Client client_7 - Epoch 1/3 completed. Average Loss: 0.0000
2025-06-24 06:21:40,783 [INFO] [src.federated.client] - Client client_7 - Epoch 2/3 completed. Average Loss: 0.0000
2025-06-24 06:21:40,794 [INFO] [src.federated.client] - Client client_7 - Epoch 3/3 completed. Average Loss: 0.0000
2025-06-24 06:21:40,794 [INFO] [src.federated.client] - Client client_7: Local training finished. Processed 480 samples.
2025-06-24 06:21:40,795 [INFO] [src.federated.client] - Client client_6: Starting local training for 3 epochs. Proximal term mu=0.0.
2025-06-24 06:21:40,805 [INFO] [src.federated.client] - Client client_6 - Epoch 1/3 completed. Average Loss: 0.0000
2025-06-24 06:21:40,816 [INFO] [src.federated.client] - Client client_6 - Epoch 2/3 completed. Average Loss: 0.0000
2025-06-24 06:21:40,826 [INFO] [src.federated.client] - Client client_6 - Epoch 3/3 completed. Average Loss: 0.0000
2025-06-24 06:21:40,826 [INFO] [src.federated.client] - Client client_6: Local training finished. Processed 480 samples.
2025-06-24 06:21:40,827 [INFO] [src.federated.client] - Client client_9: Starting local training for 3 epochs. Proximal term mu=0.0.
2025-06-24 06:21:40,837 [INFO] [src.federated.client] - Client client_9 - Epoch 1/3 completed. Average Loss: 0.0012
2025-06-24 06:21:40,847 [INFO] [src.federated.client] - Client client_9 - Epoch 2/3 completed. Average Loss: 0.0025
2025-06-24 06:21:40,858 [INFO] [src.federated.client] - Client client_9 - Epoch 3/3 completed. Average Loss: 0.0002
2025-06-24 06:21:40,858 [INFO] [src.federated.client] - Client client_9: Local training finished. Processed 480 samples.
2025-06-24 06:21:40,859 [INFO] [src.federated.client] - Client client_1: Starting local training for 3 epochs. Proximal term mu=0.0.
2025-06-24 06:21:40,869 [INFO] [src.federated.client] - Client client_1 - Epoch 1/3 completed. Average Loss: 0.0000
2025-06-24 06:21:40,878 [INFO] [src.federated.client] - Client client_1 - Epoch 2/3 completed. Average Loss: 0.0000
2025-06-24 06:21:40,890 [INFO] [src.federated.client] - Client client_1 - Epoch 3/3 completed. Average Loss: 0.0000
2025-06-24 06:21:40,890 [INFO] [src.federated.client] - Client client_1: Local training finished. Processed 480 samples.
2025-06-24 06:21:40,891 [INFO] [src.federated.client] - Client client_2: Starting local training for 3 epochs. Proximal term mu=0.0.
2025-06-24 06:21:40,902 [INFO] [src.federated.client] - Client client_2 - Epoch 1/3 completed. Average Loss: 0.0031
2025-06-24 06:21:40,914 [INFO] [src.federated.client] - Client client_2 - Epoch 2/3 completed. Average Loss: 0.0002
2025-06-24 06:21:40,923 [INFO] [src.federated.client] - Client client_2 - Epoch 3/3 completed. Average Loss: 0.0007
2025-06-24 06:21:40,924 [INFO] [src.federated.client] - Client client_2: Local training finished. Processed 480 samples.
2025-06-24 06:21:40,924 [INFO] [src.federated.client] - Client client_8: Starting local training for 3 epochs. Proximal term mu=0.0.
2025-06-24 06:21:40,934 [INFO] [src.federated.client] - Client client_8 - Epoch 1/3 completed. Average Loss: 0.0000
2025-06-24 06:21:40,947 [INFO] [src.federated.client] - Client client_8 - Epoch 2/3 completed. Average Loss: 0.0000
2025-06-24 06:21:40,957 [INFO] [src.federated.client] - Client client_8 - Epoch 3/3 completed. Average Loss: 0.0000
2025-06-24 06:21:40,957 [INFO] [src.federated.client] - Client client_8: Local training finished. Processed 480 samples.
2025-06-24 06:21:40,958 [INFO] [src.federated.client] - Client client_4: Starting local training for 3 epochs. Proximal term mu=0.0.
2025-06-24 06:21:40,969 [INFO] [src.federated.client] - Client client_4 - Epoch 1/3 completed. Average Loss: 0.0000
2025-06-24 06:21:40,979 [INFO] [src.federated.client] - Client client_4 - Epoch 2/3 completed. Average Loss: 0.0000
2025-06-24 06:21:40,989 [INFO] [src.federated.client] - Client client_4 - Epoch 3/3 completed. Average Loss: 0.0000
2025-06-24 06:21:40,990 [INFO] [src.federated.client] - Client client_4: Local training finished. Processed 480 samples.
2025-06-24 06:21:40,990 [INFO] [src.federated.client] - Client client_5: Starting local training for 3 epochs. Proximal term mu=0.0.
2025-06-24 06:21:41,001 [INFO] [src.federated.client] - Client client_5 - Epoch 1/3 completed. Average Loss: 0.0000
2025-06-24 06:21:41,012 [INFO] [src.federated.client] - Client client_5 - Epoch 2/3 completed. Average Loss: 0.0000
2025-06-24 06:21:41,022 [INFO] [src.federated.client] - Client client_5 - Epoch 3/3 completed. Average Loss: 0.0000
2025-06-24 06:21:41,022 [INFO] [src.federated.client] - Client client_5: Local training finished. Processed 480 samples.
2025-06-24 06:21:41,023 [INFO] [src.federated.client] - Client client_3: Starting local training for 3 epochs. Proximal term mu=0.0.
2025-06-24 06:21:41,033 [INFO] [src.federated.client] - Client client_3 - Epoch 1/3 completed. Average Loss: 0.0000
2025-06-24 06:21:41,043 [INFO] [src.federated.client] - Client client_3 - Epoch 2/3 completed. Average Loss: 0.0000
2025-06-24 06:21:41,053 [INFO] [src.federated.client] - Client client_3 - Epoch 3/3 completed. Average Loss: 0.0000
2025-06-24 06:21:41,054 [INFO] [src.federated.client] - Client client_3: Local training finished. Processed 480 samples.
2025-06-24 06:21:41,054 [INFO] [src.federated.client] - Client client_0: Starting local training for 3 epochs. Proximal term mu=0.0.
2025-06-24 06:21:41,067 [INFO] [src.federated.client] - Client client_0 - Epoch 1/3 completed. Average Loss: 0.0000
2025-06-24 06:21:41,078 [INFO] [src.federated.client] - Client client_0 - Epoch 2/3 completed. Average Loss: 0.0000
2025-06-24 06:21:41,089 [INFO] [src.federated.client] - Client client_0 - Epoch 3/3 completed. Average Loss: 0.0000
2025-06-24 06:21:41,090 [INFO] [src.federated.client] - Client client_0: Local training finished. Processed 480 samples.
2025-06-24 06:21:41,090 [INFO] [src.federated.server] - Aggregating updates from 10 clients using FedAvg.
2025-06-24 06:21:41,090 [INFO] [src.federated.aggregation] - FedAvg: Aggregating updates from 10 clients.
2025-06-24 06:21:41,091 [INFO] [src.federated.aggregation] - FedAvg: Aggregation complete.
2025-06-24 06:21:41,091 [INFO] [src.federated.server] - Global model updated with aggregated parameters.
2025-06-24 06:21:41,091 [INFO] [src.federated.server] - Evaluating updated global model...
2025-06-24 06:21:41,097 [INFO] [src.federated.server] - Round 10 completed in 0.33s. Eval Metrics: {'loss': 0.00011655908263037418, 'accuracy': 1.0}
2025-06-24 06:21:41,097 [INFO] [src.federated.server] - ===== Starting Round 11/40 =====
2025-06-24 06:21:41,097 [INFO] [src.federated.server] - Starting federated training round...
2025-06-24 06:21:41,097 [INFO] [src.federated.server] - Selected 10 clients out of 10 available (fraction=1.0, min_clients=1): ['client_9', 'client_6', 'client_5', 'client_1', 'client_8', 'client_4', 'client_3', 'client_0', 'client_2', 'client_7']
2025-06-24 06:21:41,098 [INFO] [src.federated.client] - Client client_9: Starting local training for 3 epochs. Proximal term mu=0.0.
2025-06-24 06:21:41,107 [INFO] [src.federated.client] - Client client_9 - Epoch 1/3 completed. Average Loss: 0.0035
2025-06-24 06:21:41,118 [INFO] [src.federated.client] - Client client_9 - Epoch 2/3 completed. Average Loss: 0.0007
2025-06-24 06:21:41,128 [INFO] [src.federated.client] - Client client_9 - Epoch 3/3 completed. Average Loss: 0.0154
2025-06-24 06:21:41,128 [INFO] [src.federated.client] - Client client_9: Local training finished. Processed 480 samples.
2025-06-24 06:21:41,129 [INFO] [src.federated.client] - Client client_6: Starting local training for 3 epochs. Proximal term mu=0.0.
2025-06-24 06:21:41,139 [INFO] [src.federated.client] - Client client_6 - Epoch 1/3 completed. Average Loss: 0.0000
2025-06-24 06:21:41,150 [INFO] [src.federated.client] - Client client_6 - Epoch 2/3 completed. Average Loss: 0.0000
2025-06-24 06:21:41,161 [INFO] [src.federated.client] - Client client_6 - Epoch 3/3 completed. Average Loss: 0.0000
2025-06-24 06:21:41,162 [INFO] [src.federated.client] - Client client_6: Local training finished. Processed 480 samples.
2025-06-24 06:21:41,162 [INFO] [src.federated.client] - Client client_5: Starting local training for 3 epochs. Proximal term mu=0.0.
2025-06-24 06:21:41,171 [INFO] [src.federated.client] - Client client_5 - Epoch 1/3 completed. Average Loss: 0.0000
2025-06-24 06:21:41,181 [INFO] [src.federated.client] - Client client_5 - Epoch 2/3 completed. Average Loss: 0.0000
2025-06-24 06:21:41,191 [INFO] [src.federated.client] - Client client_5 - Epoch 3/3 completed. Average Loss: 0.0000
2025-06-24 06:21:41,192 [INFO] [src.federated.client] - Client client_5: Local training finished. Processed 480 samples.
2025-06-24 06:21:41,192 [INFO] [src.federated.client] - Client client_1: Starting local training for 3 epochs. Proximal term mu=0.0.
2025-06-24 06:21:41,201 [INFO] [src.federated.client] - Client client_1 - Epoch 1/3 completed. Average Loss: 0.0000
2025-06-24 06:21:41,212 [INFO] [src.federated.client] - Client client_1 - Epoch 2/3 completed. Average Loss: 0.0000
2025-06-24 06:21:41,221 [INFO] [src.federated.client] - Client client_1 - Epoch 3/3 completed. Average Loss: 0.0000
2025-06-24 06:21:41,222 [INFO] [src.federated.client] - Client client_1: Local training finished. Processed 480 samples.
2025-06-24 06:21:41,222 [INFO] [src.federated.client] - Client client_8: Starting local training for 3 epochs. Proximal term mu=0.0.
2025-06-24 06:21:41,232 [INFO] [src.federated.client] - Client client_8 - Epoch 1/3 completed. Average Loss: 0.0000
2025-06-24 06:21:41,242 [INFO] [src.federated.client] - Client client_8 - Epoch 2/3 completed. Average Loss: 0.0000
2025-06-24 06:21:41,252 [INFO] [src.federated.client] - Client client_8 - Epoch 3/3 completed. Average Loss: 0.0000
2025-06-24 06:21:41,253 [INFO] [src.federated.client] - Client client_8: Local training finished. Processed 480 samples.
2025-06-24 06:21:41,254 [INFO] [src.federated.client] - Client client_4: Starting local training for 3 epochs. Proximal term mu=0.0.
2025-06-24 06:21:41,266 [INFO] [src.federated.client] - Client client_4 - Epoch 1/3 completed. Average Loss: 0.0000
2025-06-24 06:21:41,277 [INFO] [src.federated.client] - Client client_4 - Epoch 2/3 completed. Average Loss: 0.0000
2025-06-24 06:21:41,286 [INFO] [src.federated.client] - Client client_4 - Epoch 3/3 completed. Average Loss: 0.0000
2025-06-24 06:21:41,287 [INFO] [src.federated.client] - Client client_4: Local training finished. Processed 480 samples.
2025-06-24 06:21:41,287 [INFO] [src.federated.client] - Client client_3: Starting local training for 3 epochs. Proximal term mu=0.0.
2025-06-24 06:21:41,300 [INFO] [src.federated.client] - Client client_3 - Epoch 1/3 completed. Average Loss: 0.0000
2025-06-24 06:21:41,313 [INFO] [src.federated.client] - Client client_3 - Epoch 2/3 completed. Average Loss: 0.0000
2025-06-24 06:21:41,323 [INFO] [src.federated.client] - Client client_3 - Epoch 3/3 completed. Average Loss: 0.0000
2025-06-24 06:21:41,324 [INFO] [src.federated.client] - Client client_3: Local training finished. Processed 480 samples.
2025-06-24 06:21:41,324 [INFO] [src.federated.client] - Client client_0: Starting local training for 3 epochs. Proximal term mu=0.0.
2025-06-24 06:21:41,335 [INFO] [src.federated.client] - Client client_0 - Epoch 1/3 completed. Average Loss: 0.0000
2025-06-24 06:21:41,345 [INFO] [src.federated.client] - Client client_0 - Epoch 2/3 completed. Average Loss: 0.0000
2025-06-24 06:21:41,359 [INFO] [src.federated.client] - Client client_0 - Epoch 3/3 completed. Average Loss: 0.0000
2025-06-24 06:21:41,360 [INFO] [src.federated.client] - Client client_0: Local training finished. Processed 480 samples.
2025-06-24 06:21:41,361 [INFO] [src.federated.client] - Client client_2: Starting local training for 3 epochs. Proximal term mu=0.0.
2025-06-24 06:21:41,377 [INFO] [src.federated.client] - Client client_2 - Epoch 1/3 completed. Average Loss: 0.0033
2025-06-24 06:21:41,387 [INFO] [src.federated.client] - Client client_2 - Epoch 2/3 completed. Average Loss: 0.0002
2025-06-24 06:21:41,399 [INFO] [src.federated.client] - Client client_2 - Epoch 3/3 completed. Average Loss: 0.0030
2025-06-24 06:21:41,400 [INFO] [src.federated.client] - Client client_2: Local training finished. Processed 480 samples.
2025-06-24 06:21:41,401 [INFO] [src.federated.client] - Client client_7: Starting local training for 3 epochs. Proximal term mu=0.0.
2025-06-24 06:21:41,411 [INFO] [src.federated.client] - Client client_7 - Epoch 1/3 completed. Average Loss: 0.0000
2025-06-24 06:21:41,423 [INFO] [src.federated.client] - Client client_7 - Epoch 2/3 completed. Average Loss: 0.0000
2025-06-24 06:21:41,434 [INFO] [src.federated.client] - Client client_7 - Epoch 3/3 completed. Average Loss: 0.0000
2025-06-24 06:21:41,434 [INFO] [src.federated.client] - Client client_7: Local training finished. Processed 480 samples.
2025-06-24 06:21:41,434 [INFO] [src.federated.server] - Aggregating updates from 10 clients using FedAvg.
2025-06-24 06:21:41,434 [INFO] [src.federated.aggregation] - FedAvg: Aggregating updates from 10 clients.
2025-06-24 06:21:41,435 [INFO] [src.federated.aggregation] - FedAvg: Aggregation complete.
2025-06-24 06:21:41,436 [INFO] [src.federated.server] - Global model updated with aggregated parameters.
2025-06-24 06:21:41,436 [INFO] [src.federated.server] - Evaluating updated global model...
2025-06-24 06:21:41,441 [INFO] [src.federated.server] - Round 11 completed in 0.34s. Eval Metrics: {'loss': 0.00010149075234664906, 'accuracy': 1.0}
2025-06-24 06:21:41,441 [INFO] [src.federated.server] - ===== Starting Round 12/40 =====
2025-06-24 06:21:41,441 [INFO] [src.federated.server] - Starting federated training round...
2025-06-24 06:21:41,441 [INFO] [src.federated.server] - Selected 10 clients out of 10 available (fraction=1.0, min_clients=1): ['client_2', 'client_9', 'client_6', 'client_4', 'client_0', 'client_3', 'client_7', 'client_8', 'client_1', 'client_5']
2025-06-24 06:21:41,442 [INFO] [src.federated.client] - Client client_2: Starting local training for 3 epochs. Proximal term mu=0.0.
2025-06-24 06:21:41,455 [INFO] [src.federated.client] - Client client_2 - Epoch 1/3 completed. Average Loss: 0.0195
2025-06-24 06:21:41,464 [INFO] [src.federated.client] - Client client_2 - Epoch 2/3 completed. Average Loss: 0.0011
2025-06-24 06:21:41,479 [INFO] [src.federated.client] - Client client_2 - Epoch 3/3 completed. Average Loss: 0.0124
2025-06-24 06:21:41,480 [INFO] [src.federated.client] - Client client_2: Local training finished. Processed 480 samples.
2025-06-24 06:21:41,481 [INFO] [src.federated.client] - Client client_9: Starting local training for 3 epochs. Proximal term mu=0.0.
2025-06-24 06:21:41,502 [INFO] [src.federated.client] - Client client_9 - Epoch 1/3 completed. Average Loss: 0.0051
2025-06-24 06:21:41,514 [INFO] [src.federated.client] - Client client_9 - Epoch 2/3 completed. Average Loss: 0.0042
2025-06-24 06:21:41,526 [INFO] [src.federated.client] - Client client_9 - Epoch 3/3 completed. Average Loss: 0.0020
2025-06-24 06:21:41,526 [INFO] [src.federated.client] - Client client_9: Local training finished. Processed 480 samples.
2025-06-24 06:21:41,527 [INFO] [src.federated.client] - Client client_6: Starting local training for 3 epochs. Proximal term mu=0.0.
2025-06-24 06:21:41,536 [INFO] [src.federated.client] - Client client_6 - Epoch 1/3 completed. Average Loss: 0.0000
2025-06-24 06:21:41,547 [INFO] [src.federated.client] - Client client_6 - Epoch 2/3 completed. Average Loss: 0.0000
2025-06-24 06:21:41,557 [INFO] [src.federated.client] - Client client_6 - Epoch 3/3 completed. Average Loss: 0.0000
2025-06-24 06:21:41,557 [INFO] [src.federated.client] - Client client_6: Local training finished. Processed 480 samples.
2025-06-24 06:21:41,557 [INFO] [src.federated.client] - Client client_4: Starting local training for 3 epochs. Proximal term mu=0.0.
2025-06-24 06:21:41,566 [INFO] [src.federated.client] - Client client_4 - Epoch 1/3 completed. Average Loss: 0.0000
2025-06-24 06:21:41,576 [INFO] [src.federated.client] - Client client_4 - Epoch 2/3 completed. Average Loss: 0.0000
2025-06-24 06:21:41,587 [INFO] [src.federated.client] - Client client_4 - Epoch 3/3 completed. Average Loss: 0.0000
2025-06-24 06:21:41,587 [INFO] [src.federated.client] - Client client_4: Local training finished. Processed 480 samples.
2025-06-24 06:21:41,588 [INFO] [src.federated.client] - Client client_0: Starting local training for 3 epochs. Proximal term mu=0.0.
2025-06-24 06:21:41,597 [INFO] [src.federated.client] - Client client_0 - Epoch 1/3 completed. Average Loss: 0.0000
2025-06-24 06:21:41,607 [INFO] [src.federated.client] - Client client_0 - Epoch 2/3 completed. Average Loss: 0.0000
2025-06-24 06:21:41,617 [INFO] [src.federated.client] - Client client_0 - Epoch 3/3 completed. Average Loss: 0.0000
2025-06-24 06:21:41,617 [INFO] [src.federated.client] - Client client_0: Local training finished. Processed 480 samples.
2025-06-24 06:21:41,618 [INFO] [src.federated.client] - Client client_3: Starting local training for 3 epochs. Proximal term mu=0.0.
2025-06-24 06:21:41,628 [INFO] [src.federated.client] - Client client_3 - Epoch 1/3 completed. Average Loss: 0.0000
2025-06-24 06:21:41,639 [INFO] [src.federated.client] - Client client_3 - Epoch 2/3 completed. Average Loss: 0.0000
2025-06-24 06:21:41,648 [INFO] [src.federated.client] - Client client_3 - Epoch 3/3 completed. Average Loss: 0.0000
2025-06-24 06:21:41,649 [INFO] [src.federated.client] - Client client_3: Local training finished. Processed 480 samples.
2025-06-24 06:21:41,649 [INFO] [src.federated.client] - Client client_7: Starting local training for 3 epochs. Proximal term mu=0.0.
2025-06-24 06:21:41,660 [INFO] [src.federated.client] - Client client_7 - Epoch 1/3 completed. Average Loss: 0.0000
2025-06-24 06:21:41,671 [INFO] [src.federated.client] - Client client_7 - Epoch 2/3 completed. Average Loss: 0.0000
2025-06-24 06:21:41,680 [INFO] [src.federated.client] - Client client_7 - Epoch 3/3 completed. Average Loss: 0.0000
2025-06-24 06:21:41,681 [INFO] [src.federated.client] - Client client_7: Local training finished. Processed 480 samples.
2025-06-24 06:21:41,681 [INFO] [src.federated.client] - Client client_8: Starting local training for 3 epochs. Proximal term mu=0.0.
2025-06-24 06:21:41,693 [INFO] [src.federated.client] - Client client_8 - Epoch 1/3 completed. Average Loss: 0.0000
2025-06-24 06:21:41,702 [INFO] [src.federated.client] - Client client_8 - Epoch 2/3 completed. Average Loss: 0.0000
2025-06-24 06:21:41,713 [INFO] [src.federated.client] - Client client_8 - Epoch 3/3 completed. Average Loss: 0.0000
2025-06-24 06:21:41,713 [INFO] [src.federated.client] - Client client_8: Local training finished. Processed 480 samples.
2025-06-24 06:21:41,714 [INFO] [src.federated.client] - Client client_1: Starting local training for 3 epochs. Proximal term mu=0.0.
2025-06-24 06:21:41,723 [INFO] [src.federated.client] - Client client_1 - Epoch 1/3 completed. Average Loss: 0.0000
2025-06-24 06:21:41,733 [INFO] [src.federated.client] - Client client_1 - Epoch 2/3 completed. Average Loss: 0.0000
2025-06-24 06:21:41,743 [INFO] [src.federated.client] - Client client_1 - Epoch 3/3 completed. Average Loss: 0.0000
2025-06-24 06:21:41,743 [INFO] [src.federated.client] - Client client_1: Local training finished. Processed 480 samples.
2025-06-24 06:21:41,744 [INFO] [src.federated.client] - Client client_5: Starting local training for 3 epochs. Proximal term mu=0.0.
2025-06-24 06:21:41,755 [INFO] [src.federated.client] - Client client_5 - Epoch 1/3 completed. Average Loss: 0.0000
2025-06-24 06:21:41,767 [INFO] [src.federated.client] - Client client_5 - Epoch 2/3 completed. Average Loss: 0.0000
2025-06-24 06:21:41,776 [INFO] [src.federated.client] - Client client_5 - Epoch 3/3 completed. Average Loss: 0.0000
2025-06-24 06:21:41,776 [INFO] [src.federated.client] - Client client_5: Local training finished. Processed 480 samples.
2025-06-24 06:21:41,776 [INFO] [src.federated.server] - Aggregating updates from 10 clients using FedAvg.
2025-06-24 06:21:41,776 [INFO] [src.federated.aggregation] - FedAvg: Aggregating updates from 10 clients.
2025-06-24 06:21:41,777 [INFO] [src.federated.aggregation] - FedAvg: Aggregation complete.
2025-06-24 06:21:41,778 [INFO] [src.federated.server] - Global model updated with aggregated parameters.
2025-06-24 06:21:41,778 [INFO] [src.federated.server] - Evaluating updated global model...
2025-06-24 06:21:41,782 [INFO] [src.federated.server] - Round 12 completed in 0.34s. Eval Metrics: {'loss': 4.2701398049302954e-05, 'accuracy': 1.0}
2025-06-24 06:21:41,783 [INFO] [src.federated.server] - ===== Starting Round 13/40 =====
2025-06-24 06:21:41,783 [INFO] [src.federated.server] - Starting federated training round...
2025-06-24 06:21:41,783 [INFO] [src.federated.server] - Selected 10 clients out of 10 available (fraction=1.0, min_clients=1): ['client_8', 'client_0', 'client_1', 'client_5', 'client_4', 'client_2', 'client_6', 'client_9', 'client_7', 'client_3']
2025-06-24 06:21:41,784 [INFO] [src.federated.client] - Client client_8: Starting local training for 3 epochs. Proximal term mu=0.0.
2025-06-24 06:21:41,794 [INFO] [src.federated.client] - Client client_8 - Epoch 1/3 completed. Average Loss: 0.0000
2025-06-24 06:21:41,804 [INFO] [src.federated.client] - Client client_8 - Epoch 2/3 completed. Average Loss: 0.0000
2025-06-24 06:21:41,815 [INFO] [src.federated.client] - Client client_8 - Epoch 3/3 completed. Average Loss: 0.0000
2025-06-24 06:21:41,815 [INFO] [src.federated.client] - Client client_8: Local training finished. Processed 480 samples.
2025-06-24 06:21:41,816 [INFO] [src.federated.client] - Client client_0: Starting local training for 3 epochs. Proximal term mu=0.0.
2025-06-24 06:21:41,825 [INFO] [src.federated.client] - Client client_0 - Epoch 1/3 completed. Average Loss: 0.0000
2025-06-24 06:21:41,835 [INFO] [src.federated.client] - Client client_0 - Epoch 2/3 completed. Average Loss: 0.0000
2025-06-24 06:21:41,845 [INFO] [src.federated.client] - Client client_0 - Epoch 3/3 completed. Average Loss: 0.0000
2025-06-24 06:21:41,846 [INFO] [src.federated.client] - Client client_0: Local training finished. Processed 480 samples.
2025-06-24 06:21:41,846 [INFO] [src.federated.client] - Client client_1: Starting local training for 3 epochs. Proximal term mu=0.0.
2025-06-24 06:21:41,859 [INFO] [src.federated.client] - Client client_1 - Epoch 1/3 completed. Average Loss: 0.0000
2025-06-24 06:21:41,869 [INFO] [src.federated.client] - Client client_1 - Epoch 2/3 completed. Average Loss: 0.0000
2025-06-24 06:21:41,879 [INFO] [src.federated.client] - Client client_1 - Epoch 3/3 completed. Average Loss: 0.0000
2025-06-24 06:21:41,880 [INFO] [src.federated.client] - Client client_1: Local training finished. Processed 480 samples.
2025-06-24 06:21:41,880 [INFO] [src.federated.client] - Client client_5: Starting local training for 3 epochs. Proximal term mu=0.0.
2025-06-24 06:21:41,890 [INFO] [src.federated.client] - Client client_5 - Epoch 1/3 completed. Average Loss: 0.0000
2025-06-24 06:21:41,900 [INFO] [src.federated.client] - Client client_5 - Epoch 2/3 completed. Average Loss: 0.0000
2025-06-24 06:21:41,910 [INFO] [src.federated.client] - Client client_5 - Epoch 3/3 completed. Average Loss: 0.0000
2025-06-24 06:21:41,911 [INFO] [src.federated.client] - Client client_5: Local training finished. Processed 480 samples.
2025-06-24 06:21:41,911 [INFO] [src.federated.client] - Client client_4: Starting local training for 3 epochs. Proximal term mu=0.0.
2025-06-24 06:21:41,921 [INFO] [src.federated.client] - Client client_4 - Epoch 1/3 completed. Average Loss: 0.0000
2025-06-24 06:21:41,930 [INFO] [src.federated.client] - Client client_4 - Epoch 2/3 completed. Average Loss: 0.0000
2025-06-24 06:21:41,939 [INFO] [src.federated.client] - Client client_4 - Epoch 3/3 completed. Average Loss: 0.0000
2025-06-24 06:21:41,940 [INFO] [src.federated.client] - Client client_4: Local training finished. Processed 480 samples.
2025-06-24 06:21:41,940 [INFO] [src.federated.client] - Client client_2: Starting local training for 3 epochs. Proximal term mu=0.0.
2025-06-24 06:21:41,951 [INFO] [src.federated.client] - Client client_2 - Epoch 1/3 completed. Average Loss: 0.0102
2025-06-24 06:21:41,961 [INFO] [src.federated.client] - Client client_2 - Epoch 2/3 completed. Average Loss: 0.0001
2025-06-24 06:21:41,972 [INFO] [src.federated.client] - Client client_2 - Epoch 3/3 completed. Average Loss: 0.0001
2025-06-24 06:21:41,973 [INFO] [src.federated.client] - Client client_2: Local training finished. Processed 480 samples.
2025-06-24 06:21:41,974 [INFO] [src.federated.client] - Client client_6: Starting local training for 3 epochs. Proximal term mu=0.0.
2025-06-24 06:21:41,986 [INFO] [src.federated.client] - Client client_6 - Epoch 1/3 completed. Average Loss: 0.0000
2025-06-24 06:21:41,995 [INFO] [src.federated.client] - Client client_6 - Epoch 2/3 completed. Average Loss: 0.0000
2025-06-24 06:21:42,004 [INFO] [src.federated.client] - Client client_6 - Epoch 3/3 completed. Average Loss: 0.0000
2025-06-24 06:21:42,004 [INFO] [src.federated.client] - Client client_6: Local training finished. Processed 480 samples.
2025-06-24 06:21:42,005 [INFO] [src.federated.client] - Client client_9: Starting local training for 3 epochs. Proximal term mu=0.0.
2025-06-24 06:21:42,017 [INFO] [src.federated.client] - Client client_9 - Epoch 1/3 completed. Average Loss: 0.0007
2025-06-24 06:21:42,027 [INFO] [src.federated.client] - Client client_9 - Epoch 2/3 completed. Average Loss: 0.0008
2025-06-24 06:21:42,037 [INFO] [src.federated.client] - Client client_9 - Epoch 3/3 completed. Average Loss: 0.0012
2025-06-24 06:21:42,037 [INFO] [src.federated.client] - Client client_9: Local training finished. Processed 480 samples.
2025-06-24 06:21:42,038 [INFO] [src.federated.client] - Client client_7: Starting local training for 3 epochs. Proximal term mu=0.0.
2025-06-24 06:21:42,048 [INFO] [src.federated.client] - Client client_7 - Epoch 1/3 completed. Average Loss: 0.0000
2025-06-24 06:21:42,058 [INFO] [src.federated.client] - Client client_7 - Epoch 2/3 completed. Average Loss: 0.0000
2025-06-24 06:21:42,069 [INFO] [src.federated.client] - Client client_7 - Epoch 3/3 completed. Average Loss: 0.0000
2025-06-24 06:21:42,069 [INFO] [src.federated.client] - Client client_7: Local training finished. Processed 480 samples.
2025-06-24 06:21:42,070 [INFO] [src.federated.client] - Client client_3: Starting local training for 3 epochs. Proximal term mu=0.0.
2025-06-24 06:21:42,079 [INFO] [src.federated.client] - Client client_3 - Epoch 1/3 completed. Average Loss: 0.0000
2025-06-24 06:21:42,091 [INFO] [src.federated.client] - Client client_3 - Epoch 2/3 completed. Average Loss: 0.0000
2025-06-24 06:21:42,102 [INFO] [src.federated.client] - Client client_3 - Epoch 3/3 completed. Average Loss: 0.0000
2025-06-24 06:21:42,102 [INFO] [src.federated.client] - Client client_3: Local training finished. Processed 480 samples.
2025-06-24 06:21:42,103 [INFO] [src.federated.server] - Aggregating updates from 10 clients using FedAvg.
2025-06-24 06:21:42,103 [INFO] [src.federated.aggregation] - FedAvg: Aggregating updates from 10 clients.
2025-06-24 06:21:42,103 [INFO] [src.federated.aggregation] - FedAvg: Aggregation complete.
2025-06-24 06:21:42,104 [INFO] [src.federated.server] - Global model updated with aggregated parameters.
2025-06-24 06:21:42,104 [INFO] [src.federated.server] - Evaluating updated global model...
2025-06-24 06:21:42,108 [INFO] [src.federated.server] - Round 13 completed in 0.33s. Eval Metrics: {'loss': 7.746024450000277e-05, 'accuracy': 1.0}
2025-06-24 06:21:42,108 [INFO] [src.federated.server] - ===== Starting Round 14/40 =====
2025-06-24 06:21:42,108 [INFO] [src.federated.server] - Starting federated training round...
2025-06-24 06:21:42,108 [INFO] [src.federated.server] - Selected 10 clients out of 10 available (fraction=1.0, min_clients=1): ['client_2', 'client_7', 'client_0', 'client_5', 'client_6', 'client_9', 'client_1', 'client_4', 'client_8', 'client_3']
2025-06-24 06:21:42,109 [INFO] [src.federated.client] - Client client_2: Starting local training for 3 epochs. Proximal term mu=0.0.
2025-06-24 06:21:42,119 [INFO] [src.federated.client] - Client client_2 - Epoch 1/3 completed. Average Loss: 0.0027
2025-06-24 06:21:42,129 [INFO] [src.federated.client] - Client client_2 - Epoch 2/3 completed. Average Loss: 0.0013
2025-06-24 06:21:42,139 [INFO] [src.federated.client] - Client client_2 - Epoch 3/3 completed. Average Loss: 0.0006
2025-06-24 06:21:42,139 [INFO] [src.federated.client] - Client client_2: Local training finished. Processed 480 samples.
2025-06-24 06:21:42,140 [INFO] [src.federated.client] - Client client_7: Starting local training for 3 epochs. Proximal term mu=0.0.
2025-06-24 06:21:42,150 [INFO] [src.federated.client] - Client client_7 - Epoch 1/3 completed. Average Loss: 0.0000
2025-06-24 06:21:42,160 [INFO] [src.federated.client] - Client client_7 - Epoch 2/3 completed. Average Loss: 0.0000
2025-06-24 06:21:42,169 [INFO] [src.federated.client] - Client client_7 - Epoch 3/3 completed. Average Loss: 0.0000
2025-06-24 06:21:42,170 [INFO] [src.federated.client] - Client client_7: Local training finished. Processed 480 samples.
2025-06-24 06:21:42,171 [INFO] [src.federated.client] - Client client_0: Starting local training for 3 epochs. Proximal term mu=0.0.
2025-06-24 06:21:42,182 [INFO] [src.federated.client] - Client client_0 - Epoch 1/3 completed. Average Loss: 0.0000
2025-06-24 06:21:42,193 [INFO] [src.federated.client] - Client client_0 - Epoch 2/3 completed. Average Loss: 0.0000
2025-06-24 06:21:42,203 [INFO] [src.federated.client] - Client client_0 - Epoch 3/3 completed. Average Loss: 0.0000
2025-06-24 06:21:42,203 [INFO] [src.federated.client] - Client client_0: Local training finished. Processed 480 samples.
2025-06-24 06:21:42,204 [INFO] [src.federated.client] - Client client_5: Starting local training for 3 epochs. Proximal term mu=0.0.
2025-06-24 06:21:42,213 [INFO] [src.federated.client] - Client client_5 - Epoch 1/3 completed. Average Loss: 0.0000
2025-06-24 06:21:42,223 [INFO] [src.federated.client] - Client client_5 - Epoch 2/3 completed. Average Loss: 0.0000
2025-06-24 06:21:42,232 [INFO] [src.federated.client] - Client client_5 - Epoch 3/3 completed. Average Loss: 0.0000
2025-06-24 06:21:42,232 [INFO] [src.federated.client] - Client client_5: Local training finished. Processed 480 samples.
2025-06-24 06:21:42,233 [INFO] [src.federated.client] - Client client_6: Starting local training for 3 epochs. Proximal term mu=0.0.
2025-06-24 06:21:42,243 [INFO] [src.federated.client] - Client client_6 - Epoch 1/3 completed. Average Loss: 0.0000
2025-06-24 06:21:42,254 [INFO] [src.federated.client] - Client client_6 - Epoch 2/3 completed. Average Loss: 0.0000
2025-06-24 06:21:42,264 [INFO] [src.federated.client] - Client client_6 - Epoch 3/3 completed. Average Loss: 0.0000
2025-06-24 06:21:42,264 [INFO] [src.federated.client] - Client client_6: Local training finished. Processed 480 samples.
2025-06-24 06:21:42,265 [INFO] [src.federated.client] - Client client_9: Starting local training for 3 epochs. Proximal term mu=0.0.
2025-06-24 06:21:42,275 [INFO] [src.federated.client] - Client client_9 - Epoch 1/3 completed. Average Loss: 0.0011
2025-06-24 06:21:42,286 [INFO] [src.federated.client] - Client client_9 - Epoch 2/3 completed. Average Loss: 0.0011
2025-06-24 06:21:42,296 [INFO] [src.federated.client] - Client client_9 - Epoch 3/3 completed. Average Loss: 0.0007
2025-06-24 06:21:42,297 [INFO] [src.federated.client] - Client client_9: Local training finished. Processed 480 samples.
2025-06-24 06:21:42,298 [INFO] [src.federated.client] - Client client_1: Starting local training for 3 epochs. Proximal term mu=0.0.
2025-06-24 06:21:42,308 [INFO] [src.federated.client] - Client client_1 - Epoch 1/3 completed. Average Loss: 0.0000
2025-06-24 06:21:42,319 [INFO] [src.federated.client] - Client client_1 - Epoch 2/3 completed. Average Loss: 0.0000
2025-06-24 06:21:42,329 [INFO] [src.federated.client] - Client client_1 - Epoch 3/3 completed. Average Loss: 0.0000
2025-06-24 06:21:42,330 [INFO] [src.federated.client] - Client client_1: Local training finished. Processed 480 samples.
2025-06-24 06:21:42,330 [INFO] [src.federated.client] - Client client_4: Starting local training for 3 epochs. Proximal term mu=0.0.
2025-06-24 06:21:42,341 [INFO] [src.federated.client] - Client client_4 - Epoch 1/3 completed. Average Loss: 0.0000
2025-06-24 06:21:42,352 [INFO] [src.federated.client] - Client client_4 - Epoch 2/3 completed. Average Loss: 0.0000
2025-06-24 06:21:42,362 [INFO] [src.federated.client] - Client client_4 - Epoch 3/3 completed. Average Loss: 0.0000
2025-06-24 06:21:42,362 [INFO] [src.federated.client] - Client client_4: Local training finished. Processed 480 samples.
2025-06-24 06:21:42,363 [INFO] [src.federated.client] - Client client_8: Starting local training for 3 epochs. Proximal term mu=0.0.
2025-06-24 06:21:42,375 [INFO] [src.federated.client] - Client client_8 - Epoch 1/3 completed. Average Loss: 0.0000
2025-06-24 06:21:42,384 [INFO] [src.federated.client] - Client client_8 - Epoch 2/3 completed. Average Loss: 0.0000
2025-06-24 06:21:42,394 [INFO] [src.federated.client] - Client client_8 - Epoch 3/3 completed. Average Loss: 0.0000
2025-06-24 06:21:42,395 [INFO] [src.federated.client] - Client client_8: Local training finished. Processed 480 samples.
2025-06-24 06:21:42,395 [INFO] [src.federated.client] - Client client_3: Starting local training for 3 epochs. Proximal term mu=0.0.
2025-06-24 06:21:42,405 [INFO] [src.federated.client] - Client client_3 - Epoch 1/3 completed. Average Loss: 0.0000
2025-06-24 06:21:42,415 [INFO] [src.federated.client] - Client client_3 - Epoch 2/3 completed. Average Loss: 0.0000
2025-06-24 06:21:42,425 [INFO] [src.federated.client] - Client client_3 - Epoch 3/3 completed. Average Loss: 0.0000
2025-06-24 06:21:42,426 [INFO] [src.federated.client] - Client client_3: Local training finished. Processed 480 samples.
2025-06-24 06:21:42,426 [INFO] [src.federated.server] - Aggregating updates from 10 clients using FedAvg.
2025-06-24 06:21:42,426 [INFO] [src.federated.aggregation] - FedAvg: Aggregating updates from 10 clients.
2025-06-24 06:21:42,427 [INFO] [src.federated.aggregation] - FedAvg: Aggregation complete.
2025-06-24 06:21:42,428 [INFO] [src.federated.server] - Global model updated with aggregated parameters.
2025-06-24 06:21:42,428 [INFO] [src.federated.server] - Evaluating updated global model...
2025-06-24 06:21:42,433 [INFO] [src.federated.server] - Round 14 completed in 0.32s. Eval Metrics: {'loss': 8.327742307216112e-05, 'accuracy': 1.0}
2025-06-24 06:21:42,433 [INFO] [src.federated.server] - ===== Starting Round 15/40 =====
2025-06-24 06:21:42,434 [INFO] [src.federated.server] - Starting federated training round...
2025-06-24 06:21:42,434 [INFO] [src.federated.server] - Selected 10 clients out of 10 available (fraction=1.0, min_clients=1): ['client_8', 'client_3', 'client_2', 'client_7', 'client_1', 'client_4', 'client_0', 'client_6', 'client_5', 'client_9']
2025-06-24 06:21:42,434 [INFO] [src.federated.client] - Client client_8: Starting local training for 3 epochs. Proximal term mu=0.0.
2025-06-24 06:21:42,445 [INFO] [src.federated.client] - Client client_8 - Epoch 1/3 completed. Average Loss: 0.0000
2025-06-24 06:21:42,455 [INFO] [src.federated.client] - Client client_8 - Epoch 2/3 completed. Average Loss: 0.0000
2025-06-24 06:21:42,466 [INFO] [src.federated.client] - Client client_8 - Epoch 3/3 completed. Average Loss: 0.0000
2025-06-24 06:21:42,467 [INFO] [src.federated.client] - Client client_8: Local training finished. Processed 480 samples.
2025-06-24 06:21:42,468 [INFO] [src.federated.client] - Client client_3: Starting local training for 3 epochs. Proximal term mu=0.0.
2025-06-24 06:21:42,478 [INFO] [src.federated.client] - Client client_3 - Epoch 1/3 completed. Average Loss: 0.0000
2025-06-24 06:21:42,489 [INFO] [src.federated.client] - Client client_3 - Epoch 2/3 completed. Average Loss: 0.0000
2025-06-24 06:21:42,499 [INFO] [src.federated.client] - Client client_3 - Epoch 3/3 completed. Average Loss: 0.0000
2025-06-24 06:21:42,499 [INFO] [src.federated.client] - Client client_3: Local training finished. Processed 480 samples.
2025-06-24 06:21:42,500 [INFO] [src.federated.client] - Client client_2: Starting local training for 3 epochs. Proximal term mu=0.0.
2025-06-24 06:21:42,511 [INFO] [src.federated.client] - Client client_2 - Epoch 1/3 completed. Average Loss: 0.0039
2025-06-24 06:21:42,524 [INFO] [src.federated.client] - Client client_2 - Epoch 2/3 completed. Average Loss: 0.0001
2025-06-24 06:21:42,534 [INFO] [src.federated.client] - Client client_2 - Epoch 3/3 completed. Average Loss: 0.0005
2025-06-24 06:21:42,535 [INFO] [src.federated.client] - Client client_2: Local training finished. Processed 480 samples.
2025-06-24 06:21:42,535 [INFO] [src.federated.client] - Client client_7: Starting local training for 3 epochs. Proximal term mu=0.0.
2025-06-24 06:21:42,546 [INFO] [src.federated.client] - Client client_7 - Epoch 1/3 completed. Average Loss: 0.0000
2025-06-24 06:21:42,555 [INFO] [src.federated.client] - Client client_7 - Epoch 2/3 completed. Average Loss: 0.0000
2025-06-24 06:21:42,564 [INFO] [src.federated.client] - Client client_7 - Epoch 3/3 completed. Average Loss: 0.0000
2025-06-24 06:21:42,565 [INFO] [src.federated.client] - Client client_7: Local training finished. Processed 480 samples.
2025-06-24 06:21:42,565 [INFO] [src.federated.client] - Client client_1: Starting local training for 3 epochs. Proximal term mu=0.0.
2025-06-24 06:21:42,576 [INFO] [src.federated.client] - Client client_1 - Epoch 1/3 completed. Average Loss: 0.0000
2025-06-24 06:21:42,587 [INFO] [src.federated.client] - Client client_1 - Epoch 2/3 completed. Average Loss: 0.0000
2025-06-24 06:21:42,596 [INFO] [src.federated.client] - Client client_1 - Epoch 3/3 completed. Average Loss: 0.0000
2025-06-24 06:21:42,597 [INFO] [src.federated.client] - Client client_1: Local training finished. Processed 480 samples.
2025-06-24 06:21:42,598 [INFO] [src.federated.client] - Client client_4: Starting local training for 3 epochs. Proximal term mu=0.0.
2025-06-24 06:21:42,609 [INFO] [src.federated.client] - Client client_4 - Epoch 1/3 completed. Average Loss: 0.0000
2025-06-24 06:21:42,620 [INFO] [src.federated.client] - Client client_4 - Epoch 2/3 completed. Average Loss: 0.0000
2025-06-24 06:21:42,629 [INFO] [src.federated.client] - Client client_4 - Epoch 3/3 completed. Average Loss: 0.0000
2025-06-24 06:21:42,630 [INFO] [src.federated.client] - Client client_4: Local training finished. Processed 480 samples.
2025-06-24 06:21:42,630 [INFO] [src.federated.client] - Client client_0: Starting local training for 3 epochs. Proximal term mu=0.0.
2025-06-24 06:21:42,640 [INFO] [src.federated.client] - Client client_0 - Epoch 1/3 completed. Average Loss: 0.0000
2025-06-24 06:21:42,651 [INFO] [src.federated.client] - Client client_0 - Epoch 2/3 completed. Average Loss: 0.0000
2025-06-24 06:21:42,660 [INFO] [src.federated.client] - Client client_0 - Epoch 3/3 completed. Average Loss: 0.0000
2025-06-24 06:21:42,661 [INFO] [src.federated.client] - Client client_0: Local training finished. Processed 480 samples.
2025-06-24 06:21:42,661 [INFO] [src.federated.client] - Client client_6: Starting local training for 3 epochs. Proximal term mu=0.0.
2025-06-24 06:21:42,673 [INFO] [src.federated.client] - Client client_6 - Epoch 1/3 completed. Average Loss: 0.0000
2025-06-24 06:21:42,683 [INFO] [src.federated.client] - Client client_6 - Epoch 2/3 completed. Average Loss: 0.0000
2025-06-24 06:21:42,693 [INFO] [src.federated.client] - Client client_6 - Epoch 3/3 completed. Average Loss: 0.0000
2025-06-24 06:21:42,694 [INFO] [src.federated.client] - Client client_6: Local training finished. Processed 480 samples.
2025-06-24 06:21:42,694 [INFO] [src.federated.client] - Client client_5: Starting local training for 3 epochs. Proximal term mu=0.0.
2025-06-24 06:21:42,704 [INFO] [src.federated.client] - Client client_5 - Epoch 1/3 completed. Average Loss: 0.0000
2025-06-24 06:21:42,714 [INFO] [src.federated.client] - Client client_5 - Epoch 2/3 completed. Average Loss: 0.0000
2025-06-24 06:21:42,726 [INFO] [src.federated.client] - Client client_5 - Epoch 3/3 completed. Average Loss: 0.0000
2025-06-24 06:21:42,726 [INFO] [src.federated.client] - Client client_5: Local training finished. Processed 480 samples.
2025-06-24 06:21:42,727 [INFO] [src.federated.client] - Client client_9: Starting local training for 3 epochs. Proximal term mu=0.0.
2025-06-24 06:21:42,738 [INFO] [src.federated.client] - Client client_9 - Epoch 1/3 completed. Average Loss: 0.0010
2025-06-24 06:21:42,749 [INFO] [src.federated.client] - Client client_9 - Epoch 2/3 completed. Average Loss: 0.0008
2025-06-24 06:21:42,760 [INFO] [src.federated.client] - Client client_9 - Epoch 3/3 completed. Average Loss: 0.0006
2025-06-24 06:21:42,760 [INFO] [src.federated.client] - Client client_9: Local training finished. Processed 480 samples.
2025-06-24 06:21:42,760 [INFO] [src.federated.server] - Aggregating updates from 10 clients using FedAvg.
2025-06-24 06:21:42,760 [INFO] [src.federated.aggregation] - FedAvg: Aggregating updates from 10 clients.
2025-06-24 06:21:42,761 [INFO] [src.federated.aggregation] - FedAvg: Aggregation complete.
2025-06-24 06:21:42,762 [INFO] [src.federated.server] - Global model updated with aggregated parameters.
2025-06-24 06:21:42,762 [INFO] [src.federated.server] - Evaluating updated global model...
2025-06-24 06:21:42,766 [INFO] [src.federated.server] - Round 15 completed in 0.33s. Eval Metrics: {'loss': 8.403772084363936e-05, 'accuracy': 1.0}
2025-06-24 06:21:42,767 [INFO] [src.federated.server] - ===== Starting Round 16/40 =====
2025-06-24 06:21:42,767 [INFO] [src.federated.server] - Starting federated training round...
2025-06-24 06:21:42,767 [INFO] [src.federated.server] - Selected 10 clients out of 10 available (fraction=1.0, min_clients=1): ['client_0', 'client_1', 'client_5', 'client_6', 'client_2', 'client_8', 'client_9', 'client_3', 'client_7', 'client_4']
2025-06-24 06:21:42,768 [INFO] [src.federated.client] - Client client_0: Starting local training for 3 epochs. Proximal term mu=0.0.
2025-06-24 06:21:42,778 [INFO] [src.federated.client] - Client client_0 - Epoch 1/3 completed. Average Loss: 0.0000
2025-06-24 06:21:42,787 [INFO] [src.federated.client] - Client client_0 - Epoch 2/3 completed. Average Loss: 0.0000
2025-06-24 06:21:42,799 [INFO] [src.federated.client] - Client client_0 - Epoch 3/3 completed. Average Loss: 0.0000
2025-06-24 06:21:42,800 [INFO] [src.federated.client] - Client client_0: Local training finished. Processed 480 samples.
2025-06-24 06:21:42,801 [INFO] [src.federated.client] - Client client_1: Starting local training for 3 epochs. Proximal term mu=0.0.
2025-06-24 06:21:42,812 [INFO] [src.federated.client] - Client client_1 - Epoch 1/3 completed. Average Loss: 0.0000
2025-06-24 06:21:42,821 [INFO] [src.federated.client] - Client client_1 - Epoch 2/3 completed. Average Loss: 0.0000
2025-06-24 06:21:42,831 [INFO] [src.federated.client] - Client client_1 - Epoch 3/3 completed. Average Loss: 0.0000
2025-06-24 06:21:42,832 [INFO] [src.federated.client] - Client client_1: Local training finished. Processed 480 samples.
2025-06-24 06:21:42,832 [INFO] [src.federated.client] - Client client_5: Starting local training for 3 epochs. Proximal term mu=0.0.
2025-06-24 06:21:42,843 [INFO] [src.federated.client] - Client client_5 - Epoch 1/3 completed. Average Loss: 0.0000
2025-06-24 06:21:42,853 [INFO] [src.federated.client] - Client client_5 - Epoch 2/3 completed. Average Loss: 0.0000
2025-06-24 06:21:42,863 [INFO] [src.federated.client] - Client client_5 - Epoch 3/3 completed. Average Loss: 0.0000
2025-06-24 06:21:42,864 [INFO] [src.federated.client] - Client client_5: Local training finished. Processed 480 samples.
2025-06-24 06:21:42,865 [INFO] [src.federated.client] - Client client_6: Starting local training for 3 epochs. Proximal term mu=0.0.
2025-06-24 06:21:42,874 [INFO] [src.federated.client] - Client client_6 - Epoch 1/3 completed. Average Loss: 0.0000
2025-06-24 06:21:42,884 [INFO] [src.federated.client] - Client client_6 - Epoch 2/3 completed. Average Loss: 0.0000
2025-06-24 06:21:42,896 [INFO] [src.federated.client] - Client client_6 - Epoch 3/3 completed. Average Loss: 0.0000
2025-06-24 06:21:42,896 [INFO] [src.federated.client] - Client client_6: Local training finished. Processed 480 samples.
2025-06-24 06:21:42,897 [INFO] [src.federated.client] - Client client_2: Starting local training for 3 epochs. Proximal term mu=0.0.
2025-06-24 06:21:42,907 [INFO] [src.federated.client] - Client client_2 - Epoch 1/3 completed. Average Loss: 0.0020
2025-06-24 06:21:42,915 [INFO] [src.federated.client] - Client client_2 - Epoch 2/3 completed. Average Loss: 0.0001
2025-06-24 06:21:42,927 [INFO] [src.federated.client] - Client client_2 - Epoch 3/3 completed. Average Loss: 0.0004
2025-06-24 06:21:42,927 [INFO] [src.federated.client] - Client client_2: Local training finished. Processed 480 samples.
2025-06-24 06:21:42,928 [INFO] [src.federated.client] - Client client_8: Starting local training for 3 epochs. Proximal term mu=0.0.
2025-06-24 06:21:42,939 [INFO] [src.federated.client] - Client client_8 - Epoch 1/3 completed. Average Loss: 0.0000
2025-06-24 06:21:42,949 [INFO] [src.federated.client] - Client client_8 - Epoch 2/3 completed. Average Loss: 0.0000
2025-06-24 06:21:42,959 [INFO] [src.federated.client] - Client client_8 - Epoch 3/3 completed. Average Loss: 0.0000
2025-06-24 06:21:42,959 [INFO] [src.federated.client] - Client client_8: Local training finished. Processed 480 samples.
2025-06-24 06:21:42,960 [INFO] [src.federated.client] - Client client_9: Starting local training for 3 epochs. Proximal term mu=0.0.
2025-06-24 06:21:42,971 [INFO] [src.federated.client] - Client client_9 - Epoch 1/3 completed. Average Loss: 0.0006
2025-06-24 06:21:42,981 [INFO] [src.federated.client] - Client client_9 - Epoch 2/3 completed. Average Loss: 0.0006
2025-06-24 06:21:42,991 [INFO] [src.federated.client] - Client client_9 - Epoch 3/3 completed. Average Loss: 0.0006
2025-06-24 06:21:42,992 [INFO] [src.federated.client] - Client client_9: Local training finished. Processed 480 samples.
2025-06-24 06:21:42,992 [INFO] [src.federated.client] - Client client_3: Starting local training for 3 epochs. Proximal term mu=0.0.
2025-06-24 06:21:43,001 [INFO] [src.federated.client] - Client client_3 - Epoch 1/3 completed. Average Loss: 0.0000
2025-06-24 06:21:43,012 [INFO] [src.federated.client] - Client client_3 - Epoch 2/3 completed. Average Loss: 0.0000
2025-06-24 06:21:43,021 [INFO] [src.federated.client] - Client client_3 - Epoch 3/3 completed. Average Loss: 0.0000
2025-06-24 06:21:43,022 [INFO] [src.federated.client] - Client client_3: Local training finished. Processed 480 samples.
2025-06-24 06:21:43,022 [INFO] [src.federated.client] - Client client_7: Starting local training for 3 epochs. Proximal term mu=0.0.
2025-06-24 06:21:43,033 [INFO] [src.federated.client] - Client client_7 - Epoch 1/3 completed. Average Loss: 0.0000
2025-06-24 06:21:43,044 [INFO] [src.federated.client] - Client client_7 - Epoch 2/3 completed. Average Loss: 0.0000
2025-06-24 06:21:43,054 [INFO] [src.federated.client] - Client client_7 - Epoch 3/3 completed. Average Loss: 0.0000
2025-06-24 06:21:43,054 [INFO] [src.federated.client] - Client client_7: Local training finished. Processed 480 samples.
2025-06-24 06:21:43,055 [INFO] [src.federated.client] - Client client_4: Starting local training for 3 epochs. Proximal term mu=0.0.
2025-06-24 06:21:43,064 [INFO] [src.federated.client] - Client client_4 - Epoch 1/3 completed. Average Loss: 0.0000
2025-06-24 06:21:43,075 [INFO] [src.federated.client] - Client client_4 - Epoch 2/3 completed. Average Loss: 0.0000
2025-06-24 06:21:43,086 [INFO] [src.federated.client] - Client client_4 - Epoch 3/3 completed. Average Loss: 0.0000
2025-06-24 06:21:43,087 [INFO] [src.federated.client] - Client client_4: Local training finished. Processed 480 samples.
2025-06-24 06:21:43,087 [INFO] [src.federated.server] - Aggregating updates from 10 clients using FedAvg.
2025-06-24 06:21:43,087 [INFO] [src.federated.aggregation] - FedAvg: Aggregating updates from 10 clients.
2025-06-24 06:21:43,088 [INFO] [src.federated.aggregation] - FedAvg: Aggregation complete.
2025-06-24 06:21:43,088 [INFO] [src.federated.server] - Global model updated with aggregated parameters.
2025-06-24 06:21:43,088 [INFO] [src.federated.server] - Evaluating updated global model...
2025-06-24 06:21:43,093 [INFO] [src.federated.server] - Round 16 completed in 0.33s. Eval Metrics: {'loss': 7.642607320974548e-05, 'accuracy': 1.0}
2025-06-24 06:21:43,093 [INFO] [src.federated.server] - ===== Starting Round 17/40 =====
2025-06-24 06:21:43,093 [INFO] [src.federated.server] - Starting federated training round...
2025-06-24 06:21:43,093 [INFO] [src.federated.server] - Selected 10 clients out of 10 available (fraction=1.0, min_clients=1): ['client_7', 'client_1', 'client_2', 'client_8', 'client_5', 'client_3', 'client_6', 'client_4', 'client_9', 'client_0']
2025-06-24 06:21:43,094 [INFO] [src.federated.client] - Client client_7: Starting local training for 3 epochs. Proximal term mu=0.0.
2025-06-24 06:21:43,106 [INFO] [src.federated.client] - Client client_7 - Epoch 1/3 completed. Average Loss: 0.0000
2025-06-24 06:21:43,115 [INFO] [src.federated.client] - Client client_7 - Epoch 2/3 completed. Average Loss: 0.0000
2025-06-24 06:21:43,125 [INFO] [src.federated.client] - Client client_7 - Epoch 3/3 completed. Average Loss: 0.0000
2025-06-24 06:21:43,125 [INFO] [src.federated.client] - Client client_7: Local training finished. Processed 480 samples.
2025-06-24 06:21:43,126 [INFO] [src.federated.client] - Client client_1: Starting local training for 3 epochs. Proximal term mu=0.0.
2025-06-24 06:21:43,136 [INFO] [src.federated.client] - Client client_1 - Epoch 1/3 completed. Average Loss: 0.0000
2025-06-24 06:21:43,146 [INFO] [src.federated.client] - Client client_1 - Epoch 2/3 completed. Average Loss: 0.0000
2025-06-24 06:21:43,157 [INFO] [src.federated.client] - Client client_1 - Epoch 3/3 completed. Average Loss: 0.0000
2025-06-24 06:21:43,157 [INFO] [src.federated.client] - Client client_1: Local training finished. Processed 480 samples.
2025-06-24 06:21:43,158 [INFO] [src.federated.client] - Client client_2: Starting local training for 3 epochs. Proximal term mu=0.0.
2025-06-24 06:21:43,169 [INFO] [src.federated.client] - Client client_2 - Epoch 1/3 completed. Average Loss: 0.0023
2025-06-24 06:21:43,180 [INFO] [src.federated.client] - Client client_2 - Epoch 2/3 completed. Average Loss: 0.0001
2025-06-24 06:21:43,190 [INFO] [src.federated.client] - Client client_2 - Epoch 3/3 completed. Average Loss: 0.0017
2025-06-24 06:21:43,190 [INFO] [src.federated.client] - Client client_2: Local training finished. Processed 480 samples.
2025-06-24 06:21:43,191 [INFO] [src.federated.client] - Client client_8: Starting local training for 3 epochs. Proximal term mu=0.0.
2025-06-24 06:21:43,201 [INFO] [src.federated.client] - Client client_8 - Epoch 1/3 completed. Average Loss: 0.0000
2025-06-24 06:21:43,210 [INFO] [src.federated.client] - Client client_8 - Epoch 2/3 completed. Average Loss: 0.0000
2025-06-24 06:21:43,219 [INFO] [src.federated.client] - Client client_8 - Epoch 3/3 completed. Average Loss: 0.0000
2025-06-24 06:21:43,220 [INFO] [src.federated.client] - Client client_8: Local training finished. Processed 480 samples.
2025-06-24 06:21:43,221 [INFO] [src.federated.client] - Client client_5: Starting local training for 3 epochs. Proximal term mu=0.0.
2025-06-24 06:21:43,233 [INFO] [src.federated.client] - Client client_5 - Epoch 1/3 completed. Average Loss: 0.0000
2025-06-24 06:21:43,243 [INFO] [src.federated.client] - Client client_5 - Epoch 2/3 completed. Average Loss: 0.0000
2025-06-24 06:21:43,254 [INFO] [src.federated.client] - Client client_5 - Epoch 3/3 completed. Average Loss: 0.0000
2025-06-24 06:21:43,255 [INFO] [src.federated.client] - Client client_5: Local training finished. Processed 480 samples.
2025-06-24 06:21:43,255 [INFO] [src.federated.client] - Client client_3: Starting local training for 3 epochs. Proximal term mu=0.0.
2025-06-24 06:21:43,266 [INFO] [src.federated.client] - Client client_3 - Epoch 1/3 completed. Average Loss: 0.0000
2025-06-24 06:21:43,275 [INFO] [src.federated.client] - Client client_3 - Epoch 2/3 completed. Average Loss: 0.0000
2025-06-24 06:21:43,285 [INFO] [src.federated.client] - Client client_3 - Epoch 3/3 completed. Average Loss: 0.0000
2025-06-24 06:21:43,286 [INFO] [src.federated.client] - Client client_3: Local training finished. Processed 480 samples.
2025-06-24 06:21:43,287 [INFO] [src.federated.client] - Client client_6: Starting local training for 3 epochs. Proximal term mu=0.0.
2025-06-24 06:21:43,296 [INFO] [src.federated.client] - Client client_6 - Epoch 1/3 completed. Average Loss: 0.0000
2025-06-24 06:21:43,309 [INFO] [src.federated.client] - Client client_6 - Epoch 2/3 completed. Average Loss: 0.0000
2025-06-24 06:21:43,319 [INFO] [src.federated.client] - Client client_6 - Epoch 3/3 completed. Average Loss: 0.0000
2025-06-24 06:21:43,319 [INFO] [src.federated.client] - Client client_6: Local training finished. Processed 480 samples.
2025-06-24 06:21:43,319 [INFO] [src.federated.client] - Client client_4: Starting local training for 3 epochs. Proximal term mu=0.0.
2025-06-24 06:21:43,330 [INFO] [src.federated.client] - Client client_4 - Epoch 1/3 completed. Average Loss: 0.0000
2025-06-24 06:21:43,341 [INFO] [src.federated.client] - Client client_4 - Epoch 2/3 completed. Average Loss: 0.0000
2025-06-24 06:21:43,351 [INFO] [src.federated.client] - Client client_4 - Epoch 3/3 completed. Average Loss: 0.0000
2025-06-24 06:21:43,352 [INFO] [src.federated.client] - Client client_4: Local training finished. Processed 480 samples.
2025-06-24 06:21:43,352 [INFO] [src.federated.client] - Client client_9: Starting local training for 3 epochs. Proximal term mu=0.0.
2025-06-24 06:21:43,363 [INFO] [src.federated.client] - Client client_9 - Epoch 1/3 completed. Average Loss: 0.0006
2025-06-24 06:21:43,372 [INFO] [src.federated.client] - Client client_9 - Epoch 2/3 completed. Average Loss: 0.0006
2025-06-24 06:21:43,384 [INFO] [src.federated.client] - Client client_9 - Epoch 3/3 completed. Average Loss: 0.0008
2025-06-24 06:21:43,385 [INFO] [src.federated.client] - Client client_9: Local training finished. Processed 480 samples.
2025-06-24 06:21:43,386 [INFO] [src.federated.client] - Client client_0: Starting local training for 3 epochs. Proximal term mu=0.0.
2025-06-24 06:21:43,397 [INFO] [src.federated.client] - Client client_0 - Epoch 1/3 completed. Average Loss: 0.0000
2025-06-24 06:21:43,409 [INFO] [src.federated.client] - Client client_0 - Epoch 2/3 completed. Average Loss: 0.0000
2025-06-24 06:21:43,421 [INFO] [src.federated.client] - Client client_0 - Epoch 3/3 completed. Average Loss: 0.0000
2025-06-24 06:21:43,422 [INFO] [src.federated.client] - Client client_0: Local training finished. Processed 480 samples.
2025-06-24 06:21:43,422 [INFO] [src.federated.server] - Aggregating updates from 10 clients using FedAvg.
2025-06-24 06:21:43,422 [INFO] [src.federated.aggregation] - FedAvg: Aggregating updates from 10 clients.
2025-06-24 06:21:43,423 [INFO] [src.federated.aggregation] - FedAvg: Aggregation complete.
2025-06-24 06:21:43,423 [INFO] [src.federated.server] - Global model updated with aggregated parameters.
2025-06-24 06:21:43,423 [INFO] [src.federated.server] - Evaluating updated global model...
2025-06-24 06:21:43,428 [INFO] [src.federated.server] - Round 17 completed in 0.33s. Eval Metrics: {'loss': 7.141235875621987e-05, 'accuracy': 1.0}
2025-06-24 06:21:43,428 [INFO] [src.federated.server] - ===== Starting Round 18/40 =====
2025-06-24 06:21:43,428 [INFO] [src.federated.server] - Starting federated training round...
2025-06-24 06:21:43,428 [INFO] [src.federated.server] - Selected 10 clients out of 10 available (fraction=1.0, min_clients=1): ['client_8', 'client_3', 'client_4', 'client_9', 'client_5', 'client_2', 'client_6', 'client_7', 'client_1', 'client_0']
2025-06-24 06:21:43,429 [INFO] [src.federated.client] - Client client_8: Starting local training for 3 epochs. Proximal term mu=0.0.
2025-06-24 06:21:43,440 [INFO] [src.federated.client] - Client client_8 - Epoch 1/3 completed. Average Loss: 0.0000
2025-06-24 06:21:43,450 [INFO] [src.federated.client] - Client client_8 - Epoch 2/3 completed. Average Loss: 0.0000
2025-06-24 06:21:43,461 [INFO] [src.federated.client] - Client client_8 - Epoch 3/3 completed. Average Loss: 0.0000
2025-06-24 06:21:43,461 [INFO] [src.federated.client] - Client client_8: Local training finished. Processed 480 samples.
2025-06-24 06:21:43,462 [INFO] [src.federated.client] - Client client_3: Starting local training for 3 epochs. Proximal term mu=0.0.
2025-06-24 06:21:43,472 [INFO] [src.federated.client] - Client client_3 - Epoch 1/3 completed. Average Loss: 0.0000
2025-06-24 06:21:43,481 [INFO] [src.federated.client] - Client client_3 - Epoch 2/3 completed. Average Loss: 0.0000
2025-06-24 06:21:43,491 [INFO] [src.federated.client] - Client client_3 - Epoch 3/3 completed. Average Loss: 0.0000
2025-06-24 06:21:43,491 [INFO] [src.federated.client] - Client client_3: Local training finished. Processed 480 samples.
2025-06-24 06:21:43,492 [INFO] [src.federated.client] - Client client_4: Starting local training for 3 epochs. Proximal term mu=0.0.
2025-06-24 06:21:43,503 [INFO] [src.federated.client] - Client client_4 - Epoch 1/3 completed. Average Loss: 0.0000
2025-06-24 06:21:43,512 [INFO] [src.federated.client] - Client client_4 - Epoch 2/3 completed. Average Loss: 0.0000
2025-06-24 06:21:43,522 [INFO] [src.federated.client] - Client client_4 - Epoch 3/3 completed. Average Loss: 0.0000
2025-06-24 06:21:43,523 [INFO] [src.federated.client] - Client client_4: Local training finished. Processed 480 samples.
2025-06-24 06:21:43,523 [INFO] [src.federated.client] - Client client_9: Starting local training for 3 epochs. Proximal term mu=0.0.
2025-06-24 06:21:43,534 [INFO] [src.federated.client] - Client client_9 - Epoch 1/3 completed. Average Loss: 0.0010
2025-06-24 06:21:43,544 [INFO] [src.federated.client] - Client client_9 - Epoch 2/3 completed. Average Loss: 0.0005
2025-06-24 06:21:43,556 [INFO] [src.federated.client] - Client client_9 - Epoch 3/3 completed. Average Loss: 0.0007
2025-06-24 06:21:43,557 [INFO] [src.federated.client] - Client client_9: Local training finished. Processed 480 samples.
2025-06-24 06:21:43,558 [INFO] [src.federated.client] - Client client_5: Starting local training for 3 epochs. Proximal term mu=0.0.
2025-06-24 06:21:43,568 [INFO] [src.federated.client] - Client client_5 - Epoch 1/3 completed. Average Loss: 0.0000
2025-06-24 06:21:43,579 [INFO] [src.federated.client] - Client client_5 - Epoch 2/3 completed. Average Loss: 0.0000
2025-06-24 06:21:43,590 [INFO] [src.federated.client] - Client client_5 - Epoch 3/3 completed. Average Loss: 0.0000
2025-06-24 06:21:43,590 [INFO] [src.federated.client] - Client client_5: Local training finished. Processed 480 samples.
2025-06-24 06:21:43,591 [INFO] [src.federated.client] - Client client_2: Starting local training for 3 epochs. Proximal term mu=0.0.
2025-06-24 06:21:43,602 [INFO] [src.federated.client] - Client client_2 - Epoch 1/3 completed. Average Loss: 0.0040
2025-06-24 06:21:43,613 [INFO] [src.federated.client] - Client client_2 - Epoch 2/3 completed. Average Loss: 0.0001
2025-06-24 06:21:43,623 [INFO] [src.federated.client] - Client client_2 - Epoch 3/3 completed. Average Loss: 0.0001
2025-06-24 06:21:43,623 [INFO] [src.federated.client] - Client client_2: Local training finished. Processed 480 samples.
2025-06-24 06:21:43,624 [INFO] [src.federated.client] - Client client_6: Starting local training for 3 epochs. Proximal term mu=0.0.
2025-06-24 06:21:43,636 [INFO] [src.federated.client] - Client client_6 - Epoch 1/3 completed. Average Loss: 0.0000
2025-06-24 06:21:43,647 [INFO] [src.federated.client] - Client client_6 - Epoch 2/3 completed. Average Loss: 0.0000
2025-06-24 06:21:43,656 [INFO] [src.federated.client] - Client client_6 - Epoch 3/3 completed. Average Loss: 0.0000
2025-06-24 06:21:43,657 [INFO] [src.federated.client] - Client client_6: Local training finished. Processed 480 samples.
2025-06-24 06:21:43,657 [INFO] [src.federated.client] - Client client_7: Starting local training for 3 epochs. Proximal term mu=0.0.
2025-06-24 06:21:43,667 [INFO] [src.federated.client] - Client client_7 - Epoch 1/3 completed. Average Loss: 0.0000
2025-06-24 06:21:43,678 [INFO] [src.federated.client] - Client client_7 - Epoch 2/3 completed. Average Loss: 0.0000
2025-06-24 06:21:43,689 [INFO] [src.federated.client] - Client client_7 - Epoch 3/3 completed. Average Loss: 0.0000
2025-06-24 06:21:43,690 [INFO] [src.federated.client] - Client client_7: Local training finished. Processed 480 samples.
2025-06-24 06:21:43,691 [INFO] [src.federated.client] - Client client_1: Starting local training for 3 epochs. Proximal term mu=0.0.
2025-06-24 06:21:43,701 [INFO] [src.federated.client] - Client client_1 - Epoch 1/3 completed. Average Loss: 0.0000
2025-06-24 06:21:43,710 [INFO] [src.federated.client] - Client client_1 - Epoch 2/3 completed. Average Loss: 0.0000
2025-06-24 06:21:43,721 [INFO] [src.federated.client] - Client client_1 - Epoch 3/3 completed. Average Loss: 0.0000
2025-06-24 06:21:43,722 [INFO] [src.federated.client] - Client client_1: Local training finished. Processed 480 samples.
2025-06-24 06:21:43,722 [INFO] [src.federated.client] - Client client_0: Starting local training for 3 epochs. Proximal term mu=0.0.
2025-06-24 06:21:43,732 [INFO] [src.federated.client] - Client client_0 - Epoch 1/3 completed. Average Loss: 0.0000
2025-06-24 06:21:43,742 [INFO] [src.federated.client] - Client client_0 - Epoch 2/3 completed. Average Loss: 0.0000
2025-06-24 06:21:43,752 [INFO] [src.federated.client] - Client client_0 - Epoch 3/3 completed. Average Loss: 0.0000
2025-06-24 06:21:43,752 [INFO] [src.federated.client] - Client client_0: Local training finished. Processed 480 samples.
2025-06-24 06:21:43,752 [INFO] [src.federated.server] - Aggregating updates from 10 clients using FedAvg.
2025-06-24 06:21:43,752 [INFO] [src.federated.aggregation] - FedAvg: Aggregating updates from 10 clients.
2025-06-24 06:21:43,753 [INFO] [src.federated.aggregation] - FedAvg: Aggregation complete.
2025-06-24 06:21:43,754 [INFO] [src.federated.server] - Global model updated with aggregated parameters.
2025-06-24 06:21:43,754 [INFO] [src.federated.server] - Evaluating updated global model...
2025-06-24 06:21:43,758 [INFO] [src.federated.server] - Round 18 completed in 0.33s. Eval Metrics: {'loss': 7.104278722152912e-05, 'accuracy': 1.0}
2025-06-24 06:21:43,758 [INFO] [src.federated.server] - ===== Starting Round 19/40 =====
2025-06-24 06:21:43,758 [INFO] [src.federated.server] - Starting federated training round...
2025-06-24 06:21:43,758 [INFO] [src.federated.server] - Selected 10 clients out of 10 available (fraction=1.0, min_clients=1): ['client_3', 'client_9', 'client_1', 'client_2', 'client_0', 'client_4', 'client_7', 'client_6', 'client_5', 'client_8']
2025-06-24 06:21:43,759 [INFO] [src.federated.client] - Client client_3: Starting local training for 3 epochs. Proximal term mu=0.0.
2025-06-24 06:21:43,770 [INFO] [src.federated.client] - Client client_3 - Epoch 1/3 completed. Average Loss: 0.0000
2025-06-24 06:21:43,780 [INFO] [src.federated.client] - Client client_3 - Epoch 2/3 completed. Average Loss: 0.0000
2025-06-24 06:21:43,790 [INFO] [src.federated.client] - Client client_3 - Epoch 3/3 completed. Average Loss: 0.0000
2025-06-24 06:21:43,790 [INFO] [src.federated.client] - Client client_3: Local training finished. Processed 480 samples.
2025-06-24 06:21:43,791 [INFO] [src.federated.client] - Client client_9: Starting local training for 3 epochs. Proximal term mu=0.0.
2025-06-24 06:21:43,800 [INFO] [src.federated.client] - Client client_9 - Epoch 1/3 completed. Average Loss: 0.0012
2025-06-24 06:21:43,811 [INFO] [src.federated.client] - Client client_9 - Epoch 2/3 completed. Average Loss: 0.0008
2025-06-24 06:21:43,822 [INFO] [src.federated.client] - Client client_9 - Epoch 3/3 completed. Average Loss: 0.0006
2025-06-24 06:21:43,822 [INFO] [src.federated.client] - Client client_9: Local training finished. Processed 480 samples.
2025-06-24 06:21:43,823 [INFO] [src.federated.client] - Client client_1: Starting local training for 3 epochs. Proximal term mu=0.0.
2025-06-24 06:21:43,833 [INFO] [src.federated.client] - Client client_1 - Epoch 1/3 completed. Average Loss: 0.0000
2025-06-24 06:21:43,846 [INFO] [src.federated.client] - Client client_1 - Epoch 2/3 completed. Average Loss: 0.0000
2025-06-24 06:21:43,855 [INFO] [src.federated.client] - Client client_1 - Epoch 3/3 completed. Average Loss: 0.0000
2025-06-24 06:21:43,855 [INFO] [src.federated.client] - Client client_1: Local training finished. Processed 480 samples.
2025-06-24 06:21:43,856 [INFO] [src.federated.client] - Client client_2: Starting local training for 3 epochs. Proximal term mu=0.0.
2025-06-24 06:21:43,866 [INFO] [src.federated.client] - Client client_2 - Epoch 1/3 completed. Average Loss: 0.0016
2025-06-24 06:21:43,875 [INFO] [src.federated.client] - Client client_2 - Epoch 2/3 completed. Average Loss: 0.0001
2025-06-24 06:21:43,885 [INFO] [src.federated.client] - Client client_2 - Epoch 3/3 completed. Average Loss: 0.0005
2025-06-24 06:21:43,885 [INFO] [src.federated.client] - Client client_2: Local training finished. Processed 480 samples.
2025-06-24 06:21:43,886 [INFO] [src.federated.client] - Client client_0: Starting local training for 3 epochs. Proximal term mu=0.0.
2025-06-24 06:21:43,896 [INFO] [src.federated.client] - Client client_0 - Epoch 1/3 completed. Average Loss: 0.0000
2025-06-24 06:21:43,905 [INFO] [src.federated.client] - Client client_0 - Epoch 2/3 completed. Average Loss: 0.0000
2025-06-24 06:21:43,917 [INFO] [src.federated.client] - Client client_0 - Epoch 3/3 completed. Average Loss: 0.0000
2025-06-24 06:21:43,917 [INFO] [src.federated.client] - Client client_0: Local training finished. Processed 480 samples.
2025-06-24 06:21:43,918 [INFO] [src.federated.client] - Client client_4: Starting local training for 3 epochs. Proximal term mu=0.0.
2025-06-24 06:21:43,929 [INFO] [src.federated.client] - Client client_4 - Epoch 1/3 completed. Average Loss: 0.0000
2025-06-24 06:21:43,939 [INFO] [src.federated.client] - Client client_4 - Epoch 2/3 completed. Average Loss: 0.0000
2025-06-24 06:21:43,949 [INFO] [src.federated.client] - Client client_4 - Epoch 3/3 completed. Average Loss: 0.0000
2025-06-24 06:21:43,950 [INFO] [src.federated.client] - Client client_4: Local training finished. Processed 480 samples.
2025-06-24 06:21:43,950 [INFO] [src.federated.client] - Client client_7: Starting local training for 3 epochs. Proximal term mu=0.0.
2025-06-24 06:21:43,961 [INFO] [src.federated.client] - Client client_7 - Epoch 1/3 completed. Average Loss: 0.0000
2025-06-24 06:21:43,971 [INFO] [src.federated.client] - Client client_7 - Epoch 2/3 completed. Average Loss: 0.0000
2025-06-24 06:21:43,980 [INFO] [src.federated.client] - Client client_7 - Epoch 3/3 completed. Average Loss: 0.0000
2025-06-24 06:21:43,981 [INFO] [src.federated.client] - Client client_7: Local training finished. Processed 480 samples.
2025-06-24 06:21:43,982 [INFO] [src.federated.client] - Client client_6: Starting local training for 3 epochs. Proximal term mu=0.0.
2025-06-24 06:21:43,992 [INFO] [src.federated.client] - Client client_6 - Epoch 1/3 completed. Average Loss: 0.0000
2025-06-24 06:21:44,002 [INFO] [src.federated.client] - Client client_6 - Epoch 2/3 completed. Average Loss: 0.0000
2025-06-24 06:21:44,012 [INFO] [src.federated.client] - Client client_6 - Epoch 3/3 completed. Average Loss: 0.0000
2025-06-24 06:21:44,013 [INFO] [src.federated.client] - Client client_6: Local training finished. Processed 480 samples.
2025-06-24 06:21:44,014 [INFO] [src.federated.client] - Client client_5: Starting local training for 3 epochs. Proximal term mu=0.0.
2025-06-24 06:21:44,025 [INFO] [src.federated.client] - Client client_5 - Epoch 1/3 completed. Average Loss: 0.0000
2025-06-24 06:21:44,035 [INFO] [src.federated.client] - Client client_5 - Epoch 2/3 completed. Average Loss: 0.0000
2025-06-24 06:21:44,046 [INFO] [src.federated.client] - Client client_5 - Epoch 3/3 completed. Average Loss: 0.0000
2025-06-24 06:21:44,047 [INFO] [src.federated.client] - Client client_5: Local training finished. Processed 480 samples.
2025-06-24 06:21:44,048 [INFO] [src.federated.client] - Client client_8: Starting local training for 3 epochs. Proximal term mu=0.0.
2025-06-24 06:21:44,059 [INFO] [src.federated.client] - Client client_8 - Epoch 1/3 completed. Average Loss: 0.0000
2025-06-24 06:21:44,069 [INFO] [src.federated.client] - Client client_8 - Epoch 2/3 completed. Average Loss: 0.0000
2025-06-24 06:21:44,080 [INFO] [src.federated.client] - Client client_8 - Epoch 3/3 completed. Average Loss: 0.0000
2025-06-24 06:21:44,081 [INFO] [src.federated.client] - Client client_8: Local training finished. Processed 480 samples.
2025-06-24 06:21:44,081 [INFO] [src.federated.server] - Aggregating updates from 10 clients using FedAvg.
2025-06-24 06:21:44,081 [INFO] [src.federated.aggregation] - FedAvg: Aggregating updates from 10 clients.
2025-06-24 06:21:44,082 [INFO] [src.federated.aggregation] - FedAvg: Aggregation complete.
2025-06-24 06:21:44,083 [INFO] [src.federated.server] - Global model updated with aggregated parameters.
2025-06-24 06:21:44,083 [INFO] [src.federated.server] - Evaluating updated global model...
2025-06-24 06:21:44,087 [INFO] [src.federated.server] - Round 19 completed in 0.33s. Eval Metrics: {'loss': 7.046233552472358e-05, 'accuracy': 1.0}
2025-06-24 06:21:44,087 [INFO] [src.federated.server] - ===== Starting Round 20/40 =====
2025-06-24 06:21:44,087 [INFO] [src.federated.server] - Starting federated training round...
2025-06-24 06:21:44,088 [INFO] [src.federated.server] - Selected 10 clients out of 10 available (fraction=1.0, min_clients=1): ['client_1', 'client_0', 'client_3', 'client_8', 'client_6', 'client_2', 'client_5', 'client_4', 'client_7', 'client_9']
2025-06-24 06:21:44,088 [INFO] [src.federated.client] - Client client_1: Starting local training for 3 epochs. Proximal term mu=0.0.
2025-06-24 06:21:44,098 [INFO] [src.federated.client] - Client client_1 - Epoch 1/3 completed. Average Loss: 0.0000
2025-06-24 06:21:44,109 [INFO] [src.federated.client] - Client client_1 - Epoch 2/3 completed. Average Loss: 0.0000
2025-06-24 06:21:44,119 [INFO] [src.federated.client] - Client client_1 - Epoch 3/3 completed. Average Loss: 0.0000
2025-06-24 06:21:44,119 [INFO] [src.federated.client] - Client client_1: Local training finished. Processed 480 samples.
2025-06-24 06:21:44,120 [INFO] [src.federated.client] - Client client_0: Starting local training for 3 epochs. Proximal term mu=0.0.
2025-06-24 06:21:44,130 [INFO] [src.federated.client] - Client client_0 - Epoch 1/3 completed. Average Loss: 0.0000
2025-06-24 06:21:44,141 [INFO] [src.federated.client] - Client client_0 - Epoch 2/3 completed. Average Loss: 0.0000
2025-06-24 06:21:44,151 [INFO] [src.federated.client] - Client client_0 - Epoch 3/3 completed. Average Loss: 0.0000
2025-06-24 06:21:44,152 [INFO] [src.federated.client] - Client client_0: Local training finished. Processed 480 samples.
2025-06-24 06:21:44,152 [INFO] [src.federated.client] - Client client_3: Starting local training for 3 epochs. Proximal term mu=0.0.
2025-06-24 06:21:44,162 [INFO] [src.federated.client] - Client client_3 - Epoch 1/3 completed. Average Loss: 0.0000
2025-06-24 06:21:44,173 [INFO] [src.federated.client] - Client client_3 - Epoch 2/3 completed. Average Loss: 0.0000
2025-06-24 06:21:44,182 [INFO] [src.federated.client] - Client client_3 - Epoch 3/3 completed. Average Loss: 0.0000
2025-06-24 06:21:44,183 [INFO] [src.federated.client] - Client client_3: Local training finished. Processed 480 samples.
2025-06-24 06:21:44,183 [INFO] [src.federated.client] - Client client_8: Starting local training for 3 epochs. Proximal term mu=0.0.
2025-06-24 06:21:44,194 [INFO] [src.federated.client] - Client client_8 - Epoch 1/3 completed. Average Loss: 0.0000
2025-06-24 06:21:44,204 [INFO] [src.federated.client] - Client client_8 - Epoch 2/3 completed. Average Loss: 0.0000
2025-06-24 06:21:44,214 [INFO] [src.federated.client] - Client client_8 - Epoch 3/3 completed. Average Loss: 0.0000
2025-06-24 06:21:44,215 [INFO] [src.federated.client] - Client client_8: Local training finished. Processed 480 samples.
2025-06-24 06:21:44,215 [INFO] [src.federated.client] - Client client_6: Starting local training for 3 epochs. Proximal term mu=0.0.
2025-06-24 06:21:44,225 [INFO] [src.federated.client] - Client client_6 - Epoch 1/3 completed. Average Loss: 0.0000
2025-06-24 06:21:44,236 [INFO] [src.federated.client] - Client client_6 - Epoch 2/3 completed. Average Loss: 0.0000
2025-06-24 06:21:44,245 [INFO] [src.federated.client] - Client client_6 - Epoch 3/3 completed. Average Loss: 0.0000
2025-06-24 06:21:44,245 [INFO] [src.federated.client] - Client client_6: Local training finished. Processed 480 samples.
2025-06-24 06:21:44,246 [INFO] [src.federated.client] - Client client_2: Starting local training for 3 epochs. Proximal term mu=0.0.
2025-06-24 06:21:44,256 [INFO] [src.federated.client] - Client client_2 - Epoch 1/3 completed. Average Loss: 0.0023
2025-06-24 06:21:44,267 [INFO] [src.federated.client] - Client client_2 - Epoch 2/3 completed. Average Loss: 0.0001
2025-06-24 06:21:44,277 [INFO] [src.federated.client] - Client client_2 - Epoch 3/3 completed. Average Loss: 0.0004
2025-06-24 06:21:44,278 [INFO] [src.federated.client] - Client client_2: Local training finished. Processed 480 samples.
2025-06-24 06:21:44,278 [INFO] [src.federated.client] - Client client_5: Starting local training for 3 epochs. Proximal term mu=0.0.
2025-06-24 06:21:44,290 [INFO] [src.federated.client] - Client client_5 - Epoch 1/3 completed. Average Loss: 0.0000
2025-06-24 06:21:44,301 [INFO] [src.federated.client] - Client client_5 - Epoch 2/3 completed. Average Loss: 0.0000
2025-06-24 06:21:44,311 [INFO] [src.federated.client] - Client client_5 - Epoch 3/3 completed. Average Loss: 0.0000
2025-06-24 06:21:44,312 [INFO] [src.federated.client] - Client client_5: Local training finished. Processed 480 samples.
2025-06-24 06:21:44,313 [INFO] [src.federated.client] - Client client_4: Starting local training for 3 epochs. Proximal term mu=0.0.
2025-06-24 06:21:44,323 [INFO] [src.federated.client] - Client client_4 - Epoch 1/3 completed. Average Loss: 0.0000
2025-06-24 06:21:44,335 [INFO] [src.federated.client] - Client client_4 - Epoch 2/3 completed. Average Loss: 0.0000
2025-06-24 06:21:44,346 [INFO] [src.federated.client] - Client client_4 - Epoch 3/3 completed. Average Loss: 0.0000
2025-06-24 06:21:44,346 [INFO] [src.federated.client] - Client client_4: Local training finished. Processed 480 samples.
2025-06-24 06:21:44,347 [INFO] [src.federated.client] - Client client_7: Starting local training for 3 epochs. Proximal term mu=0.0.
2025-06-24 06:21:44,358 [INFO] [src.federated.client] - Client client_7 - Epoch 1/3 completed. Average Loss: 0.0000
2025-06-24 06:21:44,368 [INFO] [src.federated.client] - Client client_7 - Epoch 2/3 completed. Average Loss: 0.0000
2025-06-24 06:21:44,378 [INFO] [src.federated.client] - Client client_7 - Epoch 3/3 completed. Average Loss: 0.0000
2025-06-24 06:21:44,379 [INFO] [src.federated.client] - Client client_7: Local training finished. Processed 480 samples.
2025-06-24 06:21:44,379 [INFO] [src.federated.client] - Client client_9: Starting local training for 3 epochs. Proximal term mu=0.0.
2025-06-24 06:21:44,390 [INFO] [src.federated.client] - Client client_9 - Epoch 1/3 completed. Average Loss: 0.0008
2025-06-24 06:21:44,399 [INFO] [src.federated.client] - Client client_9 - Epoch 2/3 completed. Average Loss: 0.0005
2025-06-24 06:21:44,408 [INFO] [src.federated.client] - Client client_9 - Epoch 3/3 completed. Average Loss: 0.0006
2025-06-24 06:21:44,409 [INFO] [src.federated.client] - Client client_9: Local training finished. Processed 480 samples.
2025-06-24 06:21:44,409 [INFO] [src.federated.server] - Aggregating updates from 10 clients using FedAvg.
2025-06-24 06:21:44,409 [INFO] [src.federated.aggregation] - FedAvg: Aggregating updates from 10 clients.
2025-06-24 06:21:44,410 [INFO] [src.federated.aggregation] - FedAvg: Aggregation complete.
2025-06-24 06:21:44,411 [INFO] [src.federated.server] - Global model updated with aggregated parameters.
2025-06-24 06:21:44,411 [INFO] [src.federated.server] - Evaluating updated global model...
2025-06-24 06:21:44,416 [INFO] [src.federated.server] - Round 20 completed in 0.33s. Eval Metrics: {'loss': 7.216380028680192e-05, 'accuracy': 1.0}
2025-06-24 06:21:44,416 [INFO] [src.federated.server] - ===== Starting Round 21/40 =====
2025-06-24 06:21:44,416 [INFO] [src.federated.server] - Starting federated training round...
2025-06-24 06:21:44,416 [INFO] [src.federated.server] - Selected 10 clients out of 10 available (fraction=1.0, min_clients=1): ['client_7', 'client_3', 'client_2', 'client_5', 'client_4', 'client_6', 'client_8', 'client_0', 'client_1', 'client_9']
2025-06-24 06:21:44,418 [INFO] [src.federated.client] - Client client_7: Starting local training for 3 epochs. Proximal term mu=0.0.
2025-06-24 06:21:44,430 [INFO] [src.federated.client] - Client client_7 - Epoch 1/3 completed. Average Loss: 0.0000
2025-06-24 06:21:44,440 [INFO] [src.federated.client] - Client client_7 - Epoch 2/3 completed. Average Loss: 0.0000
2025-06-24 06:21:44,450 [INFO] [src.federated.client] - Client client_7 - Epoch 3/3 completed. Average Loss: 0.0000
2025-06-24 06:21:44,451 [INFO] [src.federated.client] - Client client_7: Local training finished. Processed 480 samples.
2025-06-24 06:21:44,451 [INFO] [src.federated.client] - Client client_3: Starting local training for 3 epochs. Proximal term mu=0.0.
2025-06-24 06:21:44,462 [INFO] [src.federated.client] - Client client_3 - Epoch 1/3 completed. Average Loss: 0.0000
2025-06-24 06:21:44,475 [INFO] [src.federated.client] - Client client_3 - Epoch 2/3 completed. Average Loss: 0.0000
2025-06-24 06:21:44,486 [INFO] [src.federated.client] - Client client_3 - Epoch 3/3 completed. Average Loss: 0.0000
2025-06-24 06:21:44,487 [INFO] [src.federated.client] - Client client_3: Local training finished. Processed 480 samples.
2025-06-24 06:21:44,488 [INFO] [src.federated.client] - Client client_2: Starting local training for 3 epochs. Proximal term mu=0.0.
2025-06-24 06:21:44,500 [INFO] [src.federated.client] - Client client_2 - Epoch 1/3 completed. Average Loss: 0.0021
2025-06-24 06:21:44,510 [INFO] [src.federated.client] - Client client_2 - Epoch 2/3 completed. Average Loss: 0.0003
2025-06-24 06:21:44,520 [INFO] [src.federated.client] - Client client_2 - Epoch 3/3 completed. Average Loss: 0.0006
2025-06-24 06:21:44,521 [INFO] [src.federated.client] - Client client_2: Local training finished. Processed 480 samples.
2025-06-24 06:21:44,522 [INFO] [src.federated.client] - Client client_5: Starting local training for 3 epochs. Proximal term mu=0.0.
2025-06-24 06:21:44,532 [INFO] [src.federated.client] - Client client_5 - Epoch 1/3 completed. Average Loss: 0.0000
2025-06-24 06:21:44,543 [INFO] [src.federated.client] - Client client_5 - Epoch 2/3 completed. Average Loss: 0.0000
2025-06-24 06:21:44,552 [INFO] [src.federated.client] - Client client_5 - Epoch 3/3 completed. Average Loss: 0.0000
2025-06-24 06:21:44,553 [INFO] [src.federated.client] - Client client_5: Local training finished. Processed 480 samples.
2025-06-24 06:21:44,554 [INFO] [src.federated.client] - Client client_4: Starting local training for 3 epochs. Proximal term mu=0.0.
2025-06-24 06:21:44,563 [INFO] [src.federated.client] - Client client_4 - Epoch 1/3 completed. Average Loss: 0.0000
2025-06-24 06:21:44,574 [INFO] [src.federated.client] - Client client_4 - Epoch 2/3 completed. Average Loss: 0.0000
2025-06-24 06:21:44,584 [INFO] [src.federated.client] - Client client_4 - Epoch 3/3 completed. Average Loss: 0.0000
2025-06-24 06:21:44,584 [INFO] [src.federated.client] - Client client_4: Local training finished. Processed 480 samples.
2025-06-24 06:21:44,585 [INFO] [src.federated.client] - Client client_6: Starting local training for 3 epochs. Proximal term mu=0.0.
2025-06-24 06:21:44,595 [INFO] [src.federated.client] - Client client_6 - Epoch 1/3 completed. Average Loss: 0.0000
2025-06-24 06:21:44,606 [INFO] [src.federated.client] - Client client_6 - Epoch 2/3 completed. Average Loss: 0.0000
2025-06-24 06:21:44,616 [INFO] [src.federated.client] - Client client_6 - Epoch 3/3 completed. Average Loss: 0.0000
2025-06-24 06:21:44,616 [INFO] [src.federated.client] - Client client_6: Local training finished. Processed 480 samples.
2025-06-24 06:21:44,617 [INFO] [src.federated.client] - Client client_8: Starting local training for 3 epochs. Proximal term mu=0.0.
2025-06-24 06:21:44,626 [INFO] [src.federated.client] - Client client_8 - Epoch 1/3 completed. Average Loss: 0.0000
2025-06-24 06:21:44,636 [INFO] [src.federated.client] - Client client_8 - Epoch 2/3 completed. Average Loss: 0.0000
2025-06-24 06:21:44,645 [INFO] [src.federated.client] - Client client_8 - Epoch 3/3 completed. Average Loss: 0.0000
2025-06-24 06:21:44,646 [INFO] [src.federated.client] - Client client_8: Local training finished. Processed 480 samples.
2025-06-24 06:21:44,647 [INFO] [src.federated.client] - Client client_0: Starting local training for 3 epochs. Proximal term mu=0.0.
2025-06-24 06:21:44,656 [INFO] [src.federated.client] - Client client_0 - Epoch 1/3 completed. Average Loss: 0.0000
2025-06-24 06:21:44,667 [INFO] [src.federated.client] - Client client_0 - Epoch 2/3 completed. Average Loss: 0.0000
2025-06-24 06:21:44,678 [INFO] [src.federated.client] - Client client_0 - Epoch 3/3 completed. Average Loss: 0.0000
2025-06-24 06:21:44,679 [INFO] [src.federated.client] - Client client_0: Local training finished. Processed 480 samples.
2025-06-24 06:21:44,679 [INFO] [src.federated.client] - Client client_1: Starting local training for 3 epochs. Proximal term mu=0.0.
2025-06-24 06:21:44,689 [INFO] [src.federated.client] - Client client_1 - Epoch 1/3 completed. Average Loss: 0.0000
2025-06-24 06:21:44,699 [INFO] [src.federated.client] - Client client_1 - Epoch 2/3 completed. Average Loss: 0.0000
2025-06-24 06:21:44,708 [INFO] [src.federated.client] - Client client_1 - Epoch 3/3 completed. Average Loss: 0.0000
2025-06-24 06:21:44,708 [INFO] [src.federated.client] - Client client_1: Local training finished. Processed 480 samples.
2025-06-24 06:21:44,709 [INFO] [src.federated.client] - Client client_9: Starting local training for 3 epochs. Proximal term mu=0.0.
2025-06-24 06:21:44,719 [INFO] [src.federated.client] - Client client_9 - Epoch 1/3 completed. Average Loss: 0.0005
2025-06-24 06:21:44,729 [INFO] [src.federated.client] - Client client_9 - Epoch 2/3 completed. Average Loss: 0.0005
2025-06-24 06:21:44,740 [INFO] [src.federated.client] - Client client_9 - Epoch 3/3 completed. Average Loss: 0.0005
2025-06-24 06:21:44,741 [INFO] [src.federated.client] - Client client_9: Local training finished. Processed 480 samples.
2025-06-24 06:21:44,741 [INFO] [src.federated.server] - Aggregating updates from 10 clients using FedAvg.
2025-06-24 06:21:44,741 [INFO] [src.federated.aggregation] - FedAvg: Aggregating updates from 10 clients.
2025-06-24 06:21:44,742 [INFO] [src.federated.aggregation] - FedAvg: Aggregation complete.
2025-06-24 06:21:44,744 [INFO] [src.federated.server] - Global model updated with aggregated parameters.
2025-06-24 06:21:44,744 [INFO] [src.federated.server] - Evaluating updated global model...
2025-06-24 06:21:44,751 [INFO] [src.federated.server] - Round 21 completed in 0.33s. Eval Metrics: {'loss': 7.069583766664777e-05, 'accuracy': 1.0}
2025-06-24 06:21:44,751 [INFO] [src.federated.server] - ===== Starting Round 22/40 =====
2025-06-24 06:21:44,752 [INFO] [src.federated.server] - Starting federated training round...
2025-06-24 06:21:44,752 [INFO] [src.federated.server] - Selected 10 clients out of 10 available (fraction=1.0, min_clients=1): ['client_3', 'client_1', 'client_8', 'client_5', 'client_9', 'client_2', 'client_6', 'client_7', 'client_4', 'client_0']
2025-06-24 06:21:44,753 [INFO] [src.federated.client] - Client client_3: Starting local training for 3 epochs. Proximal term mu=0.0.
2025-06-24 06:21:44,765 [INFO] [src.federated.client] - Client client_3 - Epoch 1/3 completed. Average Loss: 0.0000
2025-06-24 06:21:44,777 [INFO] [src.federated.client] - Client client_3 - Epoch 2/3 completed. Average Loss: 0.0000
2025-06-24 06:21:44,787 [INFO] [src.federated.client] - Client client_3 - Epoch 3/3 completed. Average Loss: 0.0000
2025-06-24 06:21:44,788 [INFO] [src.federated.client] - Client client_3: Local training finished. Processed 480 samples.
2025-06-24 06:21:44,788 [INFO] [src.federated.client] - Client client_1: Starting local training for 3 epochs. Proximal term mu=0.0.
2025-06-24 06:21:44,798 [INFO] [src.federated.client] - Client client_1 - Epoch 1/3 completed. Average Loss: 0.0000
2025-06-24 06:21:44,808 [INFO] [src.federated.client] - Client client_1 - Epoch 2/3 completed. Average Loss: 0.0000
2025-06-24 06:21:44,818 [INFO] [src.federated.client] - Client client_1 - Epoch 3/3 completed. Average Loss: 0.0000
2025-06-24 06:21:44,819 [INFO] [src.federated.client] - Client client_1: Local training finished. Processed 480 samples.
2025-06-24 06:21:44,819 [INFO] [src.federated.client] - Client client_8: Starting local training for 3 epochs. Proximal term mu=0.0.
2025-06-24 06:21:44,830 [INFO] [src.federated.client] - Client client_8 - Epoch 1/3 completed. Average Loss: 0.0000
2025-06-24 06:21:44,840 [INFO] [src.federated.client] - Client client_8 - Epoch 2/3 completed. Average Loss: 0.0000
2025-06-24 06:21:44,851 [INFO] [src.federated.client] - Client client_8 - Epoch 3/3 completed. Average Loss: 0.0000
2025-06-24 06:21:44,852 [INFO] [src.federated.client] - Client client_8: Local training finished. Processed 480 samples.
2025-06-24 06:21:44,852 [INFO] [src.federated.client] - Client client_5: Starting local training for 3 epochs. Proximal term mu=0.0.
2025-06-24 06:21:44,862 [INFO] [src.federated.client] - Client client_5 - Epoch 1/3 completed. Average Loss: 0.0000
2025-06-24 06:21:44,872 [INFO] [src.federated.client] - Client client_5 - Epoch 2/3 completed. Average Loss: 0.0000
2025-06-24 06:21:44,883 [INFO] [src.federated.client] - Client client_5 - Epoch 3/3 completed. Average Loss: 0.0000
2025-06-24 06:21:44,883 [INFO] [src.federated.client] - Client client_5: Local training finished. Processed 480 samples.
2025-06-24 06:21:44,884 [INFO] [src.federated.client] - Client client_9: Starting local training for 3 epochs. Proximal term mu=0.0.
2025-06-24 06:21:44,894 [INFO] [src.federated.client] - Client client_9 - Epoch 1/3 completed. Average Loss: 0.0006
2025-06-24 06:21:44,906 [INFO] [src.federated.client] - Client client_9 - Epoch 2/3 completed. Average Loss: 0.0004
2025-06-24 06:21:44,916 [INFO] [src.federated.client] - Client client_9 - Epoch 3/3 completed. Average Loss: 0.0005
2025-06-24 06:21:44,917 [INFO] [src.federated.client] - Client client_9: Local training finished. Processed 480 samples.
2025-06-24 06:21:44,918 [INFO] [src.federated.client] - Client client_2: Starting local training for 3 epochs. Proximal term mu=0.0.
2025-06-24 06:21:44,928 [INFO] [src.federated.client] - Client client_2 - Epoch 1/3 completed. Average Loss: 0.0041
2025-06-24 06:21:44,938 [INFO] [src.federated.client] - Client client_2 - Epoch 2/3 completed. Average Loss: 0.0001
2025-06-24 06:21:44,949 [INFO] [src.federated.client] - Client client_2 - Epoch 3/3 completed. Average Loss: 0.0011
2025-06-24 06:21:44,949 [INFO] [src.federated.client] - Client client_2: Local training finished. Processed 480 samples.
2025-06-24 06:21:44,950 [INFO] [src.federated.client] - Client client_6: Starting local training for 3 epochs. Proximal term mu=0.0.
2025-06-24 06:21:44,961 [INFO] [src.federated.client] - Client client_6 - Epoch 1/3 completed. Average Loss: 0.0000
2025-06-24 06:21:44,971 [INFO] [src.federated.client] - Client client_6 - Epoch 2/3 completed. Average Loss: 0.0000
2025-06-24 06:21:44,981 [INFO] [src.federated.client] - Client client_6 - Epoch 3/3 completed. Average Loss: 0.0000
2025-06-24 06:21:44,982 [INFO] [src.federated.client] - Client client_6: Local training finished. Processed 480 samples.
2025-06-24 06:21:44,982 [INFO] [src.federated.client] - Client client_7: Starting local training for 3 epochs. Proximal term mu=0.0.
2025-06-24 06:21:44,992 [INFO] [src.federated.client] - Client client_7 - Epoch 1/3 completed. Average Loss: 0.0000
2025-06-24 06:21:45,002 [INFO] [src.federated.client] - Client client_7 - Epoch 2/3 completed. Average Loss: 0.0000
2025-06-24 06:21:45,011 [INFO] [src.federated.client] - Client client_7 - Epoch 3/3 completed. Average Loss: 0.0000
2025-06-24 06:21:45,012 [INFO] [src.federated.client] - Client client_7: Local training finished. Processed 480 samples.
2025-06-24 06:21:45,012 [INFO] [src.federated.client] - Client client_4: Starting local training for 3 epochs. Proximal term mu=0.0.
2025-06-24 06:21:45,025 [INFO] [src.federated.client] - Client client_4 - Epoch 1/3 completed. Average Loss: 0.0000
2025-06-24 06:21:45,034 [INFO] [src.federated.client] - Client client_4 - Epoch 2/3 completed. Average Loss: 0.0000
2025-06-24 06:21:45,045 [INFO] [src.federated.client] - Client client_4 - Epoch 3/3 completed. Average Loss: 0.0000
2025-06-24 06:21:45,046 [INFO] [src.federated.client] - Client client_4: Local training finished. Processed 480 samples.
2025-06-24 06:21:45,046 [INFO] [src.federated.client] - Client client_0: Starting local training for 3 epochs. Proximal term mu=0.0.
2025-06-24 06:21:45,057 [INFO] [src.federated.client] - Client client_0 - Epoch 1/3 completed. Average Loss: 0.0000
2025-06-24 06:21:45,067 [INFO] [src.federated.client] - Client client_0 - Epoch 2/3 completed. Average Loss: 0.0000
2025-06-24 06:21:45,078 [INFO] [src.federated.client] - Client client_0 - Epoch 3/3 completed. Average Loss: 0.0000
2025-06-24 06:21:45,079 [INFO] [src.federated.client] - Client client_0: Local training finished. Processed 480 samples.
2025-06-24 06:21:45,079 [INFO] [src.federated.server] - Aggregating updates from 10 clients using FedAvg.
2025-06-24 06:21:45,079 [INFO] [src.federated.aggregation] - FedAvg: Aggregating updates from 10 clients.
2025-06-24 06:21:45,080 [INFO] [src.federated.aggregation] - FedAvg: Aggregation complete.
2025-06-24 06:21:45,081 [INFO] [src.federated.server] - Global model updated with aggregated parameters.
2025-06-24 06:21:45,081 [INFO] [src.federated.server] - Evaluating updated global model...
2025-06-24 06:21:45,089 [INFO] [src.federated.server] - Round 22 completed in 0.34s. Eval Metrics: {'loss': 7.9069663993252e-05, 'accuracy': 1.0}
2025-06-24 06:21:45,089 [INFO] [src.federated.server] - ===== Starting Round 23/40 =====
2025-06-24 06:21:45,089 [INFO] [src.federated.server] - Starting federated training round...
2025-06-24 06:21:45,089 [INFO] [src.federated.server] - Selected 10 clients out of 10 available (fraction=1.0, min_clients=1): ['client_1', 'client_0', 'client_6', 'client_5', 'client_2', 'client_8', 'client_9', 'client_4', 'client_7', 'client_3']
2025-06-24 06:21:45,091 [INFO] [src.federated.client] - Client client_1: Starting local training for 3 epochs. Proximal term mu=0.0.
2025-06-24 06:21:45,101 [INFO] [src.federated.client] - Client client_1 - Epoch 1/3 completed. Average Loss: 0.0000
2025-06-24 06:21:45,110 [INFO] [src.federated.client] - Client client_1 - Epoch 2/3 completed. Average Loss: 0.0000
2025-06-24 06:21:45,126 [INFO] [src.federated.client] - Client client_1 - Epoch 3/3 completed. Average Loss: 0.0000
2025-06-24 06:21:45,126 [INFO] [src.federated.client] - Client client_1: Local training finished. Processed 480 samples.
2025-06-24 06:21:45,127 [INFO] [src.federated.client] - Client client_0: Starting local training for 3 epochs. Proximal term mu=0.0.
2025-06-24 06:21:45,136 [INFO] [src.federated.client] - Client client_0 - Epoch 1/3 completed. Average Loss: 0.0000
2025-06-24 06:21:45,148 [INFO] [src.federated.client] - Client client_0 - Epoch 2/3 completed. Average Loss: 0.0000
2025-06-24 06:21:45,159 [INFO] [src.federated.client] - Client client_0 - Epoch 3/3 completed. Average Loss: 0.0000
2025-06-24 06:21:45,160 [INFO] [src.federated.client] - Client client_0: Local training finished. Processed 480 samples.
2025-06-24 06:21:45,161 [INFO] [src.federated.client] - Client client_6: Starting local training for 3 epochs. Proximal term mu=0.0.
2025-06-24 06:21:45,172 [INFO] [src.federated.client] - Client client_6 - Epoch 1/3 completed. Average Loss: 0.0000
2025-06-24 06:21:45,183 [INFO] [src.federated.client] - Client client_6 - Epoch 2/3 completed. Average Loss: 0.0000
2025-06-24 06:21:45,193 [INFO] [src.federated.client] - Client client_6 - Epoch 3/3 completed. Average Loss: 0.0000
2025-06-24 06:21:45,194 [INFO] [src.federated.client] - Client client_6: Local training finished. Processed 480 samples.
2025-06-24 06:21:45,194 [INFO] [src.federated.client] - Client client_5: Starting local training for 3 epochs. Proximal term mu=0.0.
2025-06-24 06:21:45,204 [INFO] [src.federated.client] - Client client_5 - Epoch 1/3 completed. Average Loss: 0.0000
2025-06-24 06:21:45,215 [INFO] [src.federated.client] - Client client_5 - Epoch 2/3 completed. Average Loss: 0.0000
2025-06-24 06:21:45,224 [INFO] [src.federated.client] - Client client_5 - Epoch 3/3 completed. Average Loss: 0.0000
2025-06-24 06:21:45,225 [INFO] [src.federated.client] - Client client_5: Local training finished. Processed 480 samples.
2025-06-24 06:21:45,226 [INFO] [src.federated.client] - Client client_2: Starting local training for 3 epochs. Proximal term mu=0.0.
2025-06-24 06:21:45,236 [INFO] [src.federated.client] - Client client_2 - Epoch 1/3 completed. Average Loss: 0.0017
2025-06-24 06:21:45,246 [INFO] [src.federated.client] - Client client_2 - Epoch 2/3 completed. Average Loss: 0.0001
2025-06-24 06:21:45,256 [INFO] [src.federated.client] - Client client_2 - Epoch 3/3 completed. Average Loss: 0.0002
2025-06-24 06:21:45,256 [INFO] [src.federated.client] - Client client_2: Local training finished. Processed 480 samples.
2025-06-24 06:21:45,257 [INFO] [src.federated.client] - Client client_8: Starting local training for 3 epochs. Proximal term mu=0.0.
2025-06-24 06:21:45,268 [INFO] [src.federated.client] - Client client_8 - Epoch 1/3 completed. Average Loss: 0.0000
2025-06-24 06:21:45,278 [INFO] [src.federated.client] - Client client_8 - Epoch 2/3 completed. Average Loss: 0.0000
2025-06-24 06:21:45,289 [INFO] [src.federated.client] - Client client_8 - Epoch 3/3 completed. Average Loss: 0.0000
2025-06-24 06:21:45,290 [INFO] [src.federated.client] - Client client_8: Local training finished. Processed 480 samples.
2025-06-24 06:21:45,291 [INFO] [src.federated.client] - Client client_9: Starting local training for 3 epochs. Proximal term mu=0.0.
2025-06-24 06:21:45,303 [INFO] [src.federated.client] - Client client_9 - Epoch 1/3 completed. Average Loss: 0.0005
2025-06-24 06:21:45,314 [INFO] [src.federated.client] - Client client_9 - Epoch 2/3 completed. Average Loss: 0.0007
2025-06-24 06:21:45,323 [INFO] [src.federated.client] - Client client_9 - Epoch 3/3 completed. Average Loss: 0.0004
2025-06-24 06:21:45,324 [INFO] [src.federated.client] - Client client_9: Local training finished. Processed 480 samples.
2025-06-24 06:21:45,324 [INFO] [src.federated.client] - Client client_4: Starting local training for 3 epochs. Proximal term mu=0.0.
2025-06-24 06:21:45,334 [INFO] [src.federated.client] - Client client_4 - Epoch 1/3 completed. Average Loss: 0.0000
2025-06-24 06:21:45,344 [INFO] [src.federated.client] - Client client_4 - Epoch 2/3 completed. Average Loss: 0.0000
2025-06-24 06:21:45,354 [INFO] [src.federated.client] - Client client_4 - Epoch 3/3 completed. Average Loss: 0.0000
2025-06-24 06:21:45,355 [INFO] [src.federated.client] - Client client_4: Local training finished. Processed 480 samples.
2025-06-24 06:21:45,356 [INFO] [src.federated.client] - Client client_7: Starting local training for 3 epochs. Proximal term mu=0.0.
2025-06-24 06:21:45,366 [INFO] [src.federated.client] - Client client_7 - Epoch 1/3 completed. Average Loss: 0.0000
2025-06-24 06:21:45,376 [INFO] [src.federated.client] - Client client_7 - Epoch 2/3 completed. Average Loss: 0.0000
2025-06-24 06:21:45,387 [INFO] [src.federated.client] - Client client_7 - Epoch 3/3 completed. Average Loss: 0.0000
2025-06-24 06:21:45,387 [INFO] [src.federated.client] - Client client_7: Local training finished. Processed 480 samples.
2025-06-24 06:21:45,388 [INFO] [src.federated.client] - Client client_3: Starting local training for 3 epochs. Proximal term mu=0.0.
2025-06-24 06:21:45,398 [INFO] [src.federated.client] - Client client_3 - Epoch 1/3 completed. Average Loss: 0.0000
2025-06-24 06:21:45,408 [INFO] [src.federated.client] - Client client_3 - Epoch 2/3 completed. Average Loss: 0.0000
2025-06-24 06:21:45,419 [INFO] [src.federated.client] - Client client_3 - Epoch 3/3 completed. Average Loss: 0.0000
2025-06-24 06:21:45,419 [INFO] [src.federated.client] - Client client_3: Local training finished. Processed 480 samples.
2025-06-24 06:21:45,419 [INFO] [src.federated.server] - Aggregating updates from 10 clients using FedAvg.
2025-06-24 06:21:45,419 [INFO] [src.federated.aggregation] - FedAvg: Aggregating updates from 10 clients.
2025-06-24 06:21:45,420 [INFO] [src.federated.aggregation] - FedAvg: Aggregation complete.
2025-06-24 06:21:45,421 [INFO] [src.federated.server] - Global model updated with aggregated parameters.
2025-06-24 06:21:45,421 [INFO] [src.federated.server] - Evaluating updated global model...
2025-06-24 06:21:45,426 [INFO] [src.federated.server] - Round 23 completed in 0.34s. Eval Metrics: {'loss': 7.0291208803539e-05, 'accuracy': 1.0}
2025-06-24 06:21:45,427 [INFO] [src.federated.server] - ===== Starting Round 24/40 =====
2025-06-24 06:21:45,427 [INFO] [src.federated.server] - Starting federated training round...
2025-06-24 06:21:45,427 [INFO] [src.federated.server] - Selected 10 clients out of 10 available (fraction=1.0, min_clients=1): ['client_2', 'client_6', 'client_9', 'client_7', 'client_3', 'client_1', 'client_0', 'client_4', 'client_5', 'client_8']
2025-06-24 06:21:45,428 [INFO] [src.federated.client] - Client client_2: Starting local training for 3 epochs. Proximal term mu=0.0.
2025-06-24 06:21:45,438 [INFO] [src.federated.client] - Client client_2 - Epoch 1/3 completed. Average Loss: 0.0014
2025-06-24 06:21:45,447 [INFO] [src.federated.client] - Client client_2 - Epoch 2/3 completed. Average Loss: 0.0001
2025-06-24 06:21:45,461 [INFO] [src.federated.client] - Client client_2 - Epoch 3/3 completed. Average Loss: 0.0002
2025-06-24 06:21:45,461 [INFO] [src.federated.client] - Client client_2: Local training finished. Processed 480 samples.
2025-06-24 06:21:45,462 [INFO] [src.federated.client] - Client client_6: Starting local training for 3 epochs. Proximal term mu=0.0.
2025-06-24 06:21:45,472 [INFO] [src.federated.client] - Client client_6 - Epoch 1/3 completed. Average Loss: 0.0000
2025-06-24 06:21:45,483 [INFO] [src.federated.client] - Client client_6 - Epoch 2/3 completed. Average Loss: 0.0000
2025-06-24 06:21:45,494 [INFO] [src.federated.client] - Client client_6 - Epoch 3/3 completed. Average Loss: 0.0000
2025-06-24 06:21:45,494 [INFO] [src.federated.client] - Client client_6: Local training finished. Processed 480 samples.
2025-06-24 06:21:45,495 [INFO] [src.federated.client] - Client client_9: Starting local training for 3 epochs. Proximal term mu=0.0.
2025-06-24 06:21:45,505 [INFO] [src.federated.client] - Client client_9 - Epoch 1/3 completed. Average Loss: 0.0007
2025-06-24 06:21:45,515 [INFO] [src.federated.client] - Client client_9 - Epoch 2/3 completed. Average Loss: 0.0004
2025-06-24 06:21:45,525 [INFO] [src.federated.client] - Client client_9 - Epoch 3/3 completed. Average Loss: 0.0004
2025-06-24 06:21:45,525 [INFO] [src.federated.client] - Client client_9: Local training finished. Processed 480 samples.
2025-06-24 06:21:45,526 [INFO] [src.federated.client] - Client client_7: Starting local training for 3 epochs. Proximal term mu=0.0.
2025-06-24 06:21:45,537 [INFO] [src.federated.client] - Client client_7 - Epoch 1/3 completed. Average Loss: 0.0000
2025-06-24 06:21:45,547 [INFO] [src.federated.client] - Client client_7 - Epoch 2/3 completed. Average Loss: 0.0000
2025-06-24 06:21:45,557 [INFO] [src.federated.client] - Client client_7 - Epoch 3/3 completed. Average Loss: 0.0000
2025-06-24 06:21:45,557 [INFO] [src.federated.client] - Client client_7: Local training finished. Processed 480 samples.
2025-06-24 06:21:45,558 [INFO] [src.federated.client] - Client client_3: Starting local training for 3 epochs. Proximal term mu=0.0.
2025-06-24 06:21:45,568 [INFO] [src.federated.client] - Client client_3 - Epoch 1/3 completed. Average Loss: 0.0000
2025-06-24 06:21:45,580 [INFO] [src.federated.client] - Client client_3 - Epoch 2/3 completed. Average Loss: 0.0000
2025-06-24 06:21:45,591 [INFO] [src.federated.client] - Client client_3 - Epoch 3/3 completed. Average Loss: 0.0000
2025-06-24 06:21:45,592 [INFO] [src.federated.client] - Client client_3: Local training finished. Processed 480 samples.
2025-06-24 06:21:45,592 [INFO] [src.federated.client] - Client client_1: Starting local training for 3 epochs. Proximal term mu=0.0.
2025-06-24 06:21:45,604 [INFO] [src.federated.client] - Client client_1 - Epoch 1/3 completed. Average Loss: 0.0000
2025-06-24 06:21:45,613 [INFO] [src.federated.client] - Client client_1 - Epoch 2/3 completed. Average Loss: 0.0000
2025-06-24 06:21:45,624 [INFO] [src.federated.client] - Client client_1 - Epoch 3/3 completed. Average Loss: 0.0000
2025-06-24 06:21:45,624 [INFO] [src.federated.client] - Client client_1: Local training finished. Processed 480 samples.
2025-06-24 06:21:45,625 [INFO] [src.federated.client] - Client client_0: Starting local training for 3 epochs. Proximal term mu=0.0.
2025-06-24 06:21:45,635 [INFO] [src.federated.client] - Client client_0 - Epoch 1/3 completed. Average Loss: 0.0000
2025-06-24 06:21:45,645 [INFO] [src.federated.client] - Client client_0 - Epoch 2/3 completed. Average Loss: 0.0000
2025-06-24 06:21:45,656 [INFO] [src.federated.client] - Client client_0 - Epoch 3/3 completed. Average Loss: 0.0000
2025-06-24 06:21:45,656 [INFO] [src.federated.client] - Client client_0: Local training finished. Processed 480 samples.
2025-06-24 06:21:45,657 [INFO] [src.federated.client] - Client client_4: Starting local training for 3 epochs. Proximal term mu=0.0.
2025-06-24 06:21:45,666 [INFO] [src.federated.client] - Client client_4 - Epoch 1/3 completed. Average Loss: 0.0000
2025-06-24 06:21:45,679 [INFO] [src.federated.client] - Client client_4 - Epoch 2/3 completed. Average Loss: 0.0000
2025-06-24 06:21:45,690 [INFO] [src.federated.client] - Client client_4 - Epoch 3/3 completed. Average Loss: 0.0000
2025-06-24 06:21:45,691 [INFO] [src.federated.client] - Client client_4: Local training finished. Processed 480 samples.
2025-06-24 06:21:45,691 [INFO] [src.federated.client] - Client client_5: Starting local training for 3 epochs. Proximal term mu=0.0.
2025-06-24 06:21:45,703 [INFO] [src.federated.client] - Client client_5 - Epoch 1/3 completed. Average Loss: 0.0000
2025-06-24 06:21:45,712 [INFO] [src.federated.client] - Client client_5 - Epoch 2/3 completed. Average Loss: 0.0000
2025-06-24 06:21:45,721 [INFO] [src.federated.client] - Client client_5 - Epoch 3/3 completed. Average Loss: 0.0000
2025-06-24 06:21:45,722 [INFO] [src.federated.client] - Client client_5: Local training finished. Processed 480 samples.
2025-06-24 06:21:45,722 [INFO] [src.federated.client] - Client client_8: Starting local training for 3 epochs. Proximal term mu=0.0.
2025-06-24 06:21:45,733 [INFO] [src.federated.client] - Client client_8 - Epoch 1/3 completed. Average Loss: 0.0000
2025-06-24 06:21:45,743 [INFO] [src.federated.client] - Client client_8 - Epoch 2/3 completed. Average Loss: 0.0000
2025-06-24 06:21:45,752 [INFO] [src.federated.client] - Client client_8 - Epoch 3/3 completed. Average Loss: 0.0000
2025-06-24 06:21:45,752 [INFO] [src.federated.client] - Client client_8: Local training finished. Processed 480 samples.
2025-06-24 06:21:45,753 [INFO] [src.federated.server] - Aggregating updates from 10 clients using FedAvg.
2025-06-24 06:21:45,753 [INFO] [src.federated.aggregation] - FedAvg: Aggregating updates from 10 clients.
2025-06-24 06:21:45,754 [INFO] [src.federated.aggregation] - FedAvg: Aggregation complete.
2025-06-24 06:21:45,755 [INFO] [src.federated.server] - Global model updated with aggregated parameters.
2025-06-24 06:21:45,755 [INFO] [src.federated.server] - Evaluating updated global model...
2025-06-24 06:21:45,759 [INFO] [src.federated.server] - Round 24 completed in 0.33s. Eval Metrics: {'loss': 6.62685944825725e-05, 'accuracy': 1.0}
2025-06-24 06:21:45,759 [INFO] [src.federated.server] - ===== Starting Round 25/40 =====
2025-06-24 06:21:45,760 [INFO] [src.federated.server] - Starting federated training round...
2025-06-24 06:21:45,760 [INFO] [src.federated.server] - Selected 10 clients out of 10 available (fraction=1.0, min_clients=1): ['client_8', 'client_0', 'client_1', 'client_6', 'client_7', 'client_5', 'client_3', 'client_4', 'client_2', 'client_9']
2025-06-24 06:21:45,761 [INFO] [src.federated.client] - Client client_8: Starting local training for 3 epochs. Proximal term mu=0.0.
2025-06-24 06:21:45,771 [INFO] [src.federated.client] - Client client_8 - Epoch 1/3 completed. Average Loss: 0.0000
2025-06-24 06:21:45,781 [INFO] [src.federated.client] - Client client_8 - Epoch 2/3 completed. Average Loss: 0.0000
2025-06-24 06:21:45,790 [INFO] [src.federated.client] - Client client_8 - Epoch 3/3 completed. Average Loss: 0.0000
2025-06-24 06:21:45,791 [INFO] [src.federated.client] - Client client_8: Local training finished. Processed 480 samples.
2025-06-24 06:21:45,791 [INFO] [src.federated.client] - Client client_0: Starting local training for 3 epochs. Proximal term mu=0.0.
2025-06-24 06:21:45,802 [INFO] [src.federated.client] - Client client_0 - Epoch 1/3 completed. Average Loss: 0.0000
2025-06-24 06:21:45,811 [INFO] [src.federated.client] - Client client_0 - Epoch 2/3 completed. Average Loss: 0.0000
2025-06-24 06:21:45,823 [INFO] [src.federated.client] - Client client_0 - Epoch 3/3 completed. Average Loss: 0.0000
2025-06-24 06:21:45,823 [INFO] [src.federated.client] - Client client_0: Local training finished. Processed 480 samples.
2025-06-24 06:21:45,824 [INFO] [src.federated.client] - Client client_1: Starting local training for 3 epochs. Proximal term mu=0.0.
2025-06-24 06:21:45,835 [INFO] [src.federated.client] - Client client_1 - Epoch 1/3 completed. Average Loss: 0.0000
2025-06-24 06:21:45,845 [INFO] [src.federated.client] - Client client_1 - Epoch 2/3 completed. Average Loss: 0.0000
2025-06-24 06:21:45,855 [INFO] [src.federated.client] - Client client_1 - Epoch 3/3 completed. Average Loss: 0.0000
2025-06-24 06:21:45,855 [INFO] [src.federated.client] - Client client_1: Local training finished. Processed 480 samples.
2025-06-24 06:21:45,856 [INFO] [src.federated.client] - Client client_6: Starting local training for 3 epochs. Proximal term mu=0.0.
2025-06-24 06:21:45,869 [INFO] [src.federated.client] - Client client_6 - Epoch 1/3 completed. Average Loss: 0.0000
2025-06-24 06:21:45,879 [INFO] [src.federated.client] - Client client_6 - Epoch 2/3 completed. Average Loss: 0.0000
2025-06-24 06:21:45,889 [INFO] [src.federated.client] - Client client_6 - Epoch 3/3 completed. Average Loss: 0.0000
2025-06-24 06:21:45,890 [INFO] [src.federated.client] - Client client_6: Local training finished. Processed 480 samples.
2025-06-24 06:21:45,890 [INFO] [src.federated.client] - Client client_7: Starting local training for 3 epochs. Proximal term mu=0.0.
2025-06-24 06:21:45,900 [INFO] [src.federated.client] - Client client_7 - Epoch 1/3 completed. Average Loss: 0.0000
2025-06-24 06:21:45,909 [INFO] [src.federated.client] - Client client_7 - Epoch 2/3 completed. Average Loss: 0.0000
2025-06-24 06:21:45,918 [INFO] [src.federated.client] - Client client_7 - Epoch 3/3 completed. Average Loss: 0.0000
2025-06-24 06:21:45,919 [INFO] [src.federated.client] - Client client_7: Local training finished. Processed 480 samples.
2025-06-24 06:21:45,920 [INFO] [src.federated.client] - Client client_5: Starting local training for 3 epochs. Proximal term mu=0.0.
2025-06-24 06:21:45,930 [INFO] [src.federated.client] - Client client_5 - Epoch 1/3 completed. Average Loss: 0.0000
2025-06-24 06:21:45,940 [INFO] [src.federated.client] - Client client_5 - Epoch 2/3 completed. Average Loss: 0.0000
2025-06-24 06:21:45,951 [INFO] [src.federated.client] - Client client_5 - Epoch 3/3 completed. Average Loss: 0.0000
2025-06-24 06:21:45,952 [INFO] [src.federated.client] - Client client_5: Local training finished. Processed 480 samples.
2025-06-24 06:21:45,952 [INFO] [src.federated.client] - Client client_3: Starting local training for 3 epochs. Proximal term mu=0.0.
2025-06-24 06:21:45,963 [INFO] [src.federated.client] - Client client_3 - Epoch 1/3 completed. Average Loss: 0.0000
2025-06-24 06:21:45,973 [INFO] [src.federated.client] - Client client_3 - Epoch 2/3 completed. Average Loss: 0.0000
2025-06-24 06:21:45,983 [INFO] [src.federated.client] - Client client_3 - Epoch 3/3 completed. Average Loss: 0.0000
2025-06-24 06:21:45,984 [INFO] [src.federated.client] - Client client_3: Local training finished. Processed 480 samples.
2025-06-24 06:21:45,984 [INFO] [src.federated.client] - Client client_4: Starting local training for 3 epochs. Proximal term mu=0.0.
2025-06-24 06:21:45,994 [INFO] [src.federated.client] - Client client_4 - Epoch 1/3 completed. Average Loss: 0.0000
2025-06-24 06:21:46,004 [INFO] [src.federated.client] - Client client_4 - Epoch 2/3 completed. Average Loss: 0.0000
2025-06-24 06:21:46,014 [INFO] [src.federated.client] - Client client_4 - Epoch 3/3 completed. Average Loss: 0.0000
2025-06-24 06:21:46,015 [INFO] [src.federated.client] - Client client_4: Local training finished. Processed 480 samples.
2025-06-24 06:21:46,016 [INFO] [src.federated.client] - Client client_2: Starting local training for 3 epochs. Proximal term mu=0.0.
2025-06-24 06:21:46,028 [INFO] [src.federated.client] - Client client_2 - Epoch 1/3 completed. Average Loss: 0.0011
2025-06-24 06:21:46,038 [INFO] [src.federated.client] - Client client_2 - Epoch 2/3 completed. Average Loss: 0.0005
2025-06-24 06:21:46,048 [INFO] [src.federated.client] - Client client_2 - Epoch 3/3 completed. Average Loss: 0.0004
2025-06-24 06:21:46,049 [INFO] [src.federated.client] - Client client_2: Local training finished. Processed 480 samples.
2025-06-24 06:21:46,049 [INFO] [src.federated.client] - Client client_9: Starting local training for 3 epochs. Proximal term mu=0.0.
2025-06-24 06:21:46,061 [INFO] [src.federated.client] - Client client_9 - Epoch 1/3 completed. Average Loss: 0.0005
2025-06-24 06:21:46,071 [INFO] [src.federated.client] - Client client_9 - Epoch 2/3 completed. Average Loss: 0.0006
2025-06-24 06:21:46,080 [INFO] [src.federated.client] - Client client_9 - Epoch 3/3 completed. Average Loss: 0.0004
2025-06-24 06:21:46,081 [INFO] [src.federated.client] - Client client_9: Local training finished. Processed 480 samples.
2025-06-24 06:21:46,081 [INFO] [src.federated.server] - Aggregating updates from 10 clients using FedAvg.
2025-06-24 06:21:46,081 [INFO] [src.federated.aggregation] - FedAvg: Aggregating updates from 10 clients.
2025-06-24 06:21:46,082 [INFO] [src.federated.aggregation] - FedAvg: Aggregation complete.
2025-06-24 06:21:46,082 [INFO] [src.federated.server] - Global model updated with aggregated parameters.
2025-06-24 06:21:46,083 [INFO] [src.federated.server] - Evaluating updated global model...
2025-06-24 06:21:46,087 [INFO] [src.federated.server] - Round 25 completed in 0.33s. Eval Metrics: {'loss': 7.538948473662544e-05, 'accuracy': 1.0}
2025-06-24 06:21:46,087 [INFO] [src.federated.server] - ===== Starting Round 26/40 =====
2025-06-24 06:21:46,087 [INFO] [src.federated.server] - Starting federated training round...
2025-06-24 06:21:46,087 [INFO] [src.federated.server] - Selected 10 clients out of 10 available (fraction=1.0, min_clients=1): ['client_6', 'client_0', 'client_2', 'client_3', 'client_8', 'client_9', 'client_7', 'client_1', 'client_4', 'client_5']
2025-06-24 06:21:46,088 [INFO] [src.federated.client] - Client client_6: Starting local training for 3 epochs. Proximal term mu=0.0.
2025-06-24 06:21:46,099 [INFO] [src.federated.client] - Client client_6 - Epoch 1/3 completed. Average Loss: 0.0000
2025-06-24 06:21:46,109 [INFO] [src.federated.client] - Client client_6 - Epoch 2/3 completed. Average Loss: 0.0000
2025-06-24 06:21:46,120 [INFO] [src.federated.client] - Client client_6 - Epoch 3/3 completed. Average Loss: 0.0000
2025-06-24 06:21:46,120 [INFO] [src.federated.client] - Client client_6: Local training finished. Processed 480 samples.
2025-06-24 06:21:46,121 [INFO] [src.federated.client] - Client client_0: Starting local training for 3 epochs. Proximal term mu=0.0.
2025-06-24 06:21:46,132 [INFO] [src.federated.client] - Client client_0 - Epoch 1/3 completed. Average Loss: 0.0000
2025-06-24 06:21:46,141 [INFO] [src.federated.client] - Client client_0 - Epoch 2/3 completed. Average Loss: 0.0000
2025-06-24 06:21:46,152 [INFO] [src.federated.client] - Client client_0 - Epoch 3/3 completed. Average Loss: 0.0000
2025-06-24 06:21:46,152 [INFO] [src.federated.client] - Client client_0: Local training finished. Processed 480 samples.
2025-06-24 06:21:46,153 [INFO] [src.federated.client] - Client client_2: Starting local training for 3 epochs. Proximal term mu=0.0.
2025-06-24 06:21:46,165 [INFO] [src.federated.client] - Client client_2 - Epoch 1/3 completed. Average Loss: 0.0015
2025-06-24 06:21:46,176 [INFO] [src.federated.client] - Client client_2 - Epoch 2/3 completed. Average Loss: 0.0000
2025-06-24 06:21:46,185 [INFO] [src.federated.client] - Client client_2 - Epoch 3/3 completed. Average Loss: 0.0004
2025-06-24 06:21:46,186 [INFO] [src.federated.client] - Client client_2: Local training finished. Processed 480 samples.
2025-06-24 06:21:46,186 [INFO] [src.federated.client] - Client client_3: Starting local training for 3 epochs. Proximal term mu=0.0.
2025-06-24 06:21:46,197 [INFO] [src.federated.client] - Client client_3 - Epoch 1/3 completed. Average Loss: 0.0000
2025-06-24 06:21:46,206 [INFO] [src.federated.client] - Client client_3 - Epoch 2/3 completed. Average Loss: 0.0000
2025-06-24 06:21:46,218 [INFO] [src.federated.client] - Client client_3 - Epoch 3/3 completed. Average Loss: 0.0000
2025-06-24 06:21:46,219 [INFO] [src.federated.client] - Client client_3: Local training finished. Processed 480 samples.
2025-06-24 06:21:46,220 [INFO] [src.federated.client] - Client client_8: Starting local training for 3 epochs. Proximal term mu=0.0.
2025-06-24 06:21:46,229 [INFO] [src.federated.client] - Client client_8 - Epoch 1/3 completed. Average Loss: 0.0000
2025-06-24 06:21:46,239 [INFO] [src.federated.client] - Client client_8 - Epoch 2/3 completed. Average Loss: 0.0000
2025-06-24 06:21:46,250 [INFO] [src.federated.client] - Client client_8 - Epoch 3/3 completed. Average Loss: 0.0000
2025-06-24 06:21:46,251 [INFO] [src.federated.client] - Client client_8: Local training finished. Processed 480 samples.
2025-06-24 06:21:46,252 [INFO] [src.federated.client] - Client client_9: Starting local training for 3 epochs. Proximal term mu=0.0.
2025-06-24 06:21:46,261 [INFO] [src.federated.client] - Client client_9 - Epoch 1/3 completed. Average Loss: 0.0009
2025-06-24 06:21:46,271 [INFO] [src.federated.client] - Client client_9 - Epoch 2/3 completed. Average Loss: 0.0011
2025-06-24 06:21:46,283 [INFO] [src.federated.client] - Client client_9 - Epoch 3/3 completed. Average Loss: 0.0005
2025-06-24 06:21:46,283 [INFO] [src.federated.client] - Client client_9: Local training finished. Processed 480 samples.
2025-06-24 06:21:46,284 [INFO] [src.federated.client] - Client client_7: Starting local training for 3 epochs. Proximal term mu=0.0.
2025-06-24 06:21:46,294 [INFO] [src.federated.client] - Client client_7 - Epoch 1/3 completed. Average Loss: 0.0000
2025-06-24 06:21:46,304 [INFO] [src.federated.client] - Client client_7 - Epoch 2/3 completed. Average Loss: 0.0000
2025-06-24 06:21:46,316 [INFO] [src.federated.client] - Client client_7 - Epoch 3/3 completed. Average Loss: 0.0000
2025-06-24 06:21:46,316 [INFO] [src.federated.client] - Client client_7: Local training finished. Processed 480 samples.
2025-06-24 06:21:46,317 [INFO] [src.federated.client] - Client client_1: Starting local training for 3 epochs. Proximal term mu=0.0.
2025-06-24 06:21:46,327 [INFO] [src.federated.client] - Client client_1 - Epoch 1/3 completed. Average Loss: 0.0000
2025-06-24 06:21:46,337 [INFO] [src.federated.client] - Client client_1 - Epoch 2/3 completed. Average Loss: 0.0000
2025-06-24 06:21:46,346 [INFO] [src.federated.client] - Client client_1 - Epoch 3/3 completed. Average Loss: 0.0000
2025-06-24 06:21:46,347 [INFO] [src.federated.client] - Client client_1: Local training finished. Processed 480 samples.
2025-06-24 06:21:46,347 [INFO] [src.federated.client] - Client client_4: Starting local training for 3 epochs. Proximal term mu=0.0.
2025-06-24 06:21:46,358 [INFO] [src.federated.client] - Client client_4 - Epoch 1/3 completed. Average Loss: 0.0000
2025-06-24 06:21:46,368 [INFO] [src.federated.client] - Client client_4 - Epoch 2/3 completed. Average Loss: 0.0000
2025-06-24 06:21:46,377 [INFO] [src.federated.client] - Client client_4 - Epoch 3/3 completed. Average Loss: 0.0000
2025-06-24 06:21:46,378 [INFO] [src.federated.client] - Client client_4: Local training finished. Processed 480 samples.
2025-06-24 06:21:46,378 [INFO] [src.federated.client] - Client client_5: Starting local training for 3 epochs. Proximal term mu=0.0.
2025-06-24 06:21:46,389 [INFO] [src.federated.client] - Client client_5 - Epoch 1/3 completed. Average Loss: 0.0000
2025-06-24 06:21:46,399 [INFO] [src.federated.client] - Client client_5 - Epoch 2/3 completed. Average Loss: 0.0000
2025-06-24 06:21:46,408 [INFO] [src.federated.client] - Client client_5 - Epoch 3/3 completed. Average Loss: 0.0000
2025-06-24 06:21:46,409 [INFO] [src.federated.client] - Client client_5: Local training finished. Processed 480 samples.
2025-06-24 06:21:46,409 [INFO] [src.federated.server] - Aggregating updates from 10 clients using FedAvg.
2025-06-24 06:21:46,409 [INFO] [src.federated.aggregation] - FedAvg: Aggregating updates from 10 clients.
2025-06-24 06:21:46,410 [INFO] [src.federated.aggregation] - FedAvg: Aggregation complete.
2025-06-24 06:21:46,410 [INFO] [src.federated.server] - Global model updated with aggregated parameters.
2025-06-24 06:21:46,410 [INFO] [src.federated.server] - Evaluating updated global model...
2025-06-24 06:21:46,415 [INFO] [src.federated.server] - Round 26 completed in 0.33s. Eval Metrics: {'loss': 7.544864287407194e-05, 'accuracy': 1.0}
2025-06-24 06:21:46,415 [INFO] [src.federated.server] - ===== Starting Round 27/40 =====
2025-06-24 06:21:46,415 [INFO] [src.federated.server] - Starting federated training round...
2025-06-24 06:21:46,415 [INFO] [src.federated.server] - Selected 10 clients out of 10 available (fraction=1.0, min_clients=1): ['client_8', 'client_7', 'client_2', 'client_1', 'client_9', 'client_6', 'client_0', 'client_5', 'client_3', 'client_4']
2025-06-24 06:21:46,417 [INFO] [src.federated.client] - Client client_8: Starting local training for 3 epochs. Proximal term mu=0.0.
2025-06-24 06:21:46,426 [INFO] [src.federated.client] - Client client_8 - Epoch 1/3 completed. Average Loss: 0.0000
2025-06-24 06:21:46,437 [INFO] [src.federated.client] - Client client_8 - Epoch 2/3 completed. Average Loss: 0.0000
2025-06-24 06:21:46,448 [INFO] [src.federated.client] - Client client_8 - Epoch 3/3 completed. Average Loss: 0.0000
2025-06-24 06:21:46,449 [INFO] [src.federated.client] - Client client_8: Local training finished. Processed 480 samples.
2025-06-24 06:21:46,450 [INFO] [src.federated.client] - Client client_7: Starting local training for 3 epochs. Proximal term mu=0.0.
2025-06-24 06:21:46,461 [INFO] [src.federated.client] - Client client_7 - Epoch 1/3 completed. Average Loss: 0.0000
2025-06-24 06:21:46,471 [INFO] [src.federated.client] - Client client_7 - Epoch 2/3 completed. Average Loss: 0.0000
2025-06-24 06:21:46,481 [INFO] [src.federated.client] - Client client_7 - Epoch 3/3 completed. Average Loss: 0.0000
2025-06-24 06:21:46,481 [INFO] [src.federated.client] - Client client_7: Local training finished. Processed 480 samples.
2025-06-24 06:21:46,482 [INFO] [src.federated.client] - Client client_2: Starting local training for 3 epochs. Proximal term mu=0.0.
2025-06-24 06:21:46,491 [INFO] [src.federated.client] - Client client_2 - Epoch 1/3 completed. Average Loss: 0.0016
2025-06-24 06:21:46,503 [INFO] [src.federated.client] - Client client_2 - Epoch 2/3 completed. Average Loss: 0.0000
2025-06-24 06:21:46,512 [INFO] [src.federated.client] - Client client_2 - Epoch 3/3 completed. Average Loss: 0.0000
2025-06-24 06:21:46,513 [INFO] [src.federated.client] - Client client_2: Local training finished. Processed 480 samples.
2025-06-24 06:21:46,513 [INFO] [src.federated.client] - Client client_1: Starting local training for 3 epochs. Proximal term mu=0.0.
2025-06-24 06:21:46,523 [INFO] [src.federated.client] - Client client_1 - Epoch 1/3 completed. Average Loss: 0.0000
2025-06-24 06:21:46,534 [INFO] [src.federated.client] - Client client_1 - Epoch 2/3 completed. Average Loss: 0.0000
2025-06-24 06:21:46,544 [INFO] [src.federated.client] - Client client_1 - Epoch 3/3 completed. Average Loss: 0.0000
2025-06-24 06:21:46,545 [INFO] [src.federated.client] - Client client_1: Local training finished. Processed 480 samples.
2025-06-24 06:21:46,545 [INFO] [src.federated.client] - Client client_9: Starting local training for 3 epochs. Proximal term mu=0.0.
2025-06-24 06:21:46,557 [INFO] [src.federated.client] - Client client_9 - Epoch 1/3 completed. Average Loss: 0.0008
2025-06-24 06:21:46,567 [INFO] [src.federated.client] - Client client_9 - Epoch 2/3 completed. Average Loss: 0.0006
2025-06-24 06:21:46,579 [INFO] [src.federated.client] - Client client_9 - Epoch 3/3 completed. Average Loss: 0.0003
2025-06-24 06:21:46,580 [INFO] [src.federated.client] - Client client_9: Local training finished. Processed 480 samples.
2025-06-24 06:21:46,580 [INFO] [src.federated.client] - Client client_6: Starting local training for 3 epochs. Proximal term mu=0.0.
2025-06-24 06:21:46,594 [INFO] [src.federated.client] - Client client_6 - Epoch 1/3 completed. Average Loss: 0.0000
2025-06-24 06:21:46,605 [INFO] [src.federated.client] - Client client_6 - Epoch 2/3 completed. Average Loss: 0.0000
2025-06-24 06:21:46,615 [INFO] [src.federated.client] - Client client_6 - Epoch 3/3 completed. Average Loss: 0.0000
2025-06-24 06:21:46,615 [INFO] [src.federated.client] - Client client_6: Local training finished. Processed 480 samples.
2025-06-24 06:21:46,616 [INFO] [src.federated.client] - Client client_0: Starting local training for 3 epochs. Proximal term mu=0.0.
2025-06-24 06:21:46,626 [INFO] [src.federated.client] - Client client_0 - Epoch 1/3 completed. Average Loss: 0.0000
2025-06-24 06:21:46,635 [INFO] [src.federated.client] - Client client_0 - Epoch 2/3 completed. Average Loss: 0.0000
2025-06-24 06:21:46,646 [INFO] [src.federated.client] - Client client_0 - Epoch 3/3 completed. Average Loss: 0.0000
2025-06-24 06:21:46,647 [INFO] [src.federated.client] - Client client_0: Local training finished. Processed 480 samples.
2025-06-24 06:21:46,647 [INFO] [src.federated.client] - Client client_5: Starting local training for 3 epochs. Proximal term mu=0.0.
2025-06-24 06:21:46,657 [INFO] [src.federated.client] - Client client_5 - Epoch 1/3 completed. Average Loss: 0.0000
2025-06-24 06:21:46,669 [INFO] [src.federated.client] - Client client_5 - Epoch 2/3 completed. Average Loss: 0.0000
2025-06-24 06:21:46,679 [INFO] [src.federated.client] - Client client_5 - Epoch 3/3 completed. Average Loss: 0.0000
2025-06-24 06:21:46,679 [INFO] [src.federated.client] - Client client_5: Local training finished. Processed 480 samples.
2025-06-24 06:21:46,680 [INFO] [src.federated.client] - Client client_3: Starting local training for 3 epochs. Proximal term mu=0.0.
2025-06-24 06:21:46,691 [INFO] [src.federated.client] - Client client_3 - Epoch 1/3 completed. Average Loss: 0.0000
2025-06-24 06:21:46,700 [INFO] [src.federated.client] - Client client_3 - Epoch 2/3 completed. Average Loss: 0.0000
2025-06-24 06:21:46,711 [INFO] [src.federated.client] - Client client_3 - Epoch 3/3 completed. Average Loss: 0.0000
2025-06-24 06:21:46,711 [INFO] [src.federated.client] - Client client_3: Local training finished. Processed 480 samples.
2025-06-24 06:21:46,712 [INFO] [src.federated.client] - Client client_4: Starting local training for 3 epochs. Proximal term mu=0.0.
2025-06-24 06:21:46,722 [INFO] [src.federated.client] - Client client_4 - Epoch 1/3 completed. Average Loss: 0.0000
2025-06-24 06:21:46,733 [INFO] [src.federated.client] - Client client_4 - Epoch 2/3 completed. Average Loss: 0.0000
2025-06-24 06:21:46,743 [INFO] [src.federated.client] - Client client_4 - Epoch 3/3 completed. Average Loss: 0.0000
2025-06-24 06:21:46,743 [INFO] [src.federated.client] - Client client_4: Local training finished. Processed 480 samples.
2025-06-24 06:21:46,743 [INFO] [src.federated.server] - Aggregating updates from 10 clients using FedAvg.
2025-06-24 06:21:46,744 [INFO] [src.federated.aggregation] - FedAvg: Aggregating updates from 10 clients.
2025-06-24 06:21:46,744 [INFO] [src.federated.aggregation] - FedAvg: Aggregation complete.
2025-06-24 06:21:46,745 [INFO] [src.federated.server] - Global model updated with aggregated parameters.
2025-06-24 06:21:46,745 [INFO] [src.federated.server] - Evaluating updated global model...
2025-06-24 06:21:46,749 [INFO] [src.federated.server] - Round 27 completed in 0.33s. Eval Metrics: {'loss': 6.515080905042936e-05, 'accuracy': 1.0}
2025-06-24 06:21:46,750 [INFO] [src.federated.server] - ===== Starting Round 28/40 =====
2025-06-24 06:21:46,750 [INFO] [src.federated.server] - Starting federated training round...
2025-06-24 06:21:46,750 [INFO] [src.federated.server] - Selected 10 clients out of 10 available (fraction=1.0, min_clients=1): ['client_0', 'client_9', 'client_7', 'client_4', 'client_6', 'client_1', 'client_8', 'client_2', 'client_3', 'client_5']
2025-06-24 06:21:46,750 [INFO] [src.federated.client] - Client client_0: Starting local training for 3 epochs. Proximal term mu=0.0.
2025-06-24 06:21:46,762 [INFO] [src.federated.client] - Client client_0 - Epoch 1/3 completed. Average Loss: 0.0000
2025-06-24 06:21:46,773 [INFO] [src.federated.client] - Client client_0 - Epoch 2/3 completed. Average Loss: 0.0000
2025-06-24 06:21:46,783 [INFO] [src.federated.client] - Client client_0 - Epoch 3/3 completed. Average Loss: 0.0000
2025-06-24 06:21:46,784 [INFO] [src.federated.client] - Client client_0: Local training finished. Processed 480 samples.
2025-06-24 06:21:46,784 [INFO] [src.federated.client] - Client client_9: Starting local training for 3 epochs. Proximal term mu=0.0.
2025-06-24 06:21:46,795 [INFO] [src.federated.client] - Client client_9 - Epoch 1/3 completed. Average Loss: 0.0006
2025-06-24 06:21:46,806 [INFO] [src.federated.client] - Client client_9 - Epoch 2/3 completed. Average Loss: 0.0003
2025-06-24 06:21:46,816 [INFO] [src.federated.client] - Client client_9 - Epoch 3/3 completed. Average Loss: 0.0005
2025-06-24 06:21:46,816 [INFO] [src.federated.client] - Client client_9: Local training finished. Processed 480 samples.
2025-06-24 06:21:46,817 [INFO] [src.federated.client] - Client client_7: Starting local training for 3 epochs. Proximal term mu=0.0.
2025-06-24 06:21:46,827 [INFO] [src.federated.client] - Client client_7 - Epoch 1/3 completed. Average Loss: 0.0000
2025-06-24 06:21:46,837 [INFO] [src.federated.client] - Client client_7 - Epoch 2/3 completed. Average Loss: 0.0000
2025-06-24 06:21:46,847 [INFO] [src.federated.client] - Client client_7 - Epoch 3/3 completed. Average Loss: 0.0000
2025-06-24 06:21:46,847 [INFO] [src.federated.client] - Client client_7: Local training finished. Processed 480 samples.
2025-06-24 06:21:46,848 [INFO] [src.federated.client] - Client client_4: Starting local training for 3 epochs. Proximal term mu=0.0.
2025-06-24 06:21:46,860 [INFO] [src.federated.client] - Client client_4 - Epoch 1/3 completed. Average Loss: 0.0000
2025-06-24 06:21:46,870 [INFO] [src.federated.client] - Client client_4 - Epoch 2/3 completed. Average Loss: 0.0000
2025-06-24 06:21:46,880 [INFO] [src.federated.client] - Client client_4 - Epoch 3/3 completed. Average Loss: 0.0000
2025-06-24 06:21:46,881 [INFO] [src.federated.client] - Client client_4: Local training finished. Processed 480 samples.
2025-06-24 06:21:46,881 [INFO] [src.federated.client] - Client client_6: Starting local training for 3 epochs. Proximal term mu=0.0.
2025-06-24 06:21:46,895 [INFO] [src.federated.client] - Client client_6 - Epoch 1/3 completed. Average Loss: 0.0000
2025-06-24 06:21:46,905 [INFO] [src.federated.client] - Client client_6 - Epoch 2/3 completed. Average Loss: 0.0000
2025-06-24 06:21:46,915 [INFO] [src.federated.client] - Client client_6 - Epoch 3/3 completed. Average Loss: 0.0000
2025-06-24 06:21:46,916 [INFO] [src.federated.client] - Client client_6: Local training finished. Processed 480 samples.
2025-06-24 06:21:46,916 [INFO] [src.federated.client] - Client client_1: Starting local training for 3 epochs. Proximal term mu=0.0.
2025-06-24 06:21:46,927 [INFO] [src.federated.client] - Client client_1 - Epoch 1/3 completed. Average Loss: 0.0000
2025-06-24 06:21:46,936 [INFO] [src.federated.client] - Client client_1 - Epoch 2/3 completed. Average Loss: 0.0000
2025-06-24 06:21:46,946 [INFO] [src.federated.client] - Client client_1 - Epoch 3/3 completed. Average Loss: 0.0000
2025-06-24 06:21:46,946 [INFO] [src.federated.client] - Client client_1: Local training finished. Processed 480 samples.
2025-06-24 06:21:46,947 [INFO] [src.federated.client] - Client client_8: Starting local training for 3 epochs. Proximal term mu=0.0.
2025-06-24 06:21:46,958 [INFO] [src.federated.client] - Client client_8 - Epoch 1/3 completed. Average Loss: 0.0000
2025-06-24 06:21:46,967 [INFO] [src.federated.client] - Client client_8 - Epoch 2/3 completed. Average Loss: 0.0000
2025-06-24 06:21:46,977 [INFO] [src.federated.client] - Client client_8 - Epoch 3/3 completed. Average Loss: 0.0000
2025-06-24 06:21:46,978 [INFO] [src.federated.client] - Client client_8: Local training finished. Processed 480 samples.
2025-06-24 06:21:46,978 [INFO] [src.federated.client] - Client client_2: Starting local training for 3 epochs. Proximal term mu=0.0.
2025-06-24 06:21:46,989 [INFO] [src.federated.client] - Client client_2 - Epoch 1/3 completed. Average Loss: 0.0017
2025-06-24 06:21:46,999 [INFO] [src.federated.client] - Client client_2 - Epoch 2/3 completed. Average Loss: 0.0023
2025-06-24 06:21:47,008 [INFO] [src.federated.client] - Client client_2 - Epoch 3/3 completed. Average Loss: 0.0000
2025-06-24 06:21:47,009 [INFO] [src.federated.client] - Client client_2: Local training finished. Processed 480 samples.
2025-06-24 06:21:47,009 [INFO] [src.federated.client] - Client client_3: Starting local training for 3 epochs. Proximal term mu=0.0.
2025-06-24 06:21:47,020 [INFO] [src.federated.client] - Client client_3 - Epoch 1/3 completed. Average Loss: 0.0000
2025-06-24 06:21:47,030 [INFO] [src.federated.client] - Client client_3 - Epoch 2/3 completed. Average Loss: 0.0000
2025-06-24 06:21:47,039 [INFO] [src.federated.client] - Client client_3 - Epoch 3/3 completed. Average Loss: 0.0000
2025-06-24 06:21:47,040 [INFO] [src.federated.client] - Client client_3: Local training finished. Processed 480 samples.
2025-06-24 06:21:47,040 [INFO] [src.federated.client] - Client client_5: Starting local training for 3 epochs. Proximal term mu=0.0.
2025-06-24 06:21:47,051 [INFO] [src.federated.client] - Client client_5 - Epoch 1/3 completed. Average Loss: 0.0000
2025-06-24 06:21:47,062 [INFO] [src.federated.client] - Client client_5 - Epoch 2/3 completed. Average Loss: 0.0000
2025-06-24 06:21:47,072 [INFO] [src.federated.client] - Client client_5 - Epoch 3/3 completed. Average Loss: 0.0000
2025-06-24 06:21:47,072 [INFO] [src.federated.client] - Client client_5: Local training finished. Processed 480 samples.
2025-06-24 06:21:47,073 [INFO] [src.federated.server] - Aggregating updates from 10 clients using FedAvg.
2025-06-24 06:21:47,073 [INFO] [src.federated.aggregation] - FedAvg: Aggregating updates from 10 clients.
2025-06-24 06:21:47,074 [INFO] [src.federated.aggregation] - FedAvg: Aggregation complete.
2025-06-24 06:21:47,074 [INFO] [src.federated.server] - Global model updated with aggregated parameters.
2025-06-24 06:21:47,074 [INFO] [src.federated.server] - Evaluating updated global model...
2025-06-24 06:21:47,079 [INFO] [src.federated.server] - Round 28 completed in 0.33s. Eval Metrics: {'loss': 3.6726365447030676e-05, 'accuracy': 1.0}
2025-06-24 06:21:47,079 [INFO] [src.federated.server] - ===== Starting Round 29/40 =====
2025-06-24 06:21:47,079 [INFO] [src.federated.server] - Starting federated training round...
2025-06-24 06:21:47,079 [INFO] [src.federated.server] - Selected 10 clients out of 10 available (fraction=1.0, min_clients=1): ['client_1', 'client_9', 'client_3', 'client_7', 'client_0', 'client_4', 'client_8', 'client_2', 'client_5', 'client_6']
2025-06-24 06:21:47,080 [INFO] [src.federated.client] - Client client_1: Starting local training for 3 epochs. Proximal term mu=0.0.
2025-06-24 06:21:47,090 [INFO] [src.federated.client] - Client client_1 - Epoch 1/3 completed. Average Loss: 0.0000
2025-06-24 06:21:47,099 [INFO] [src.federated.client] - Client client_1 - Epoch 2/3 completed. Average Loss: 0.0000
2025-06-24 06:21:47,110 [INFO] [src.federated.client] - Client client_1 - Epoch 3/3 completed. Average Loss: 0.0000
2025-06-24 06:21:47,110 [INFO] [src.federated.client] - Client client_1: Local training finished. Processed 480 samples.
2025-06-24 06:21:47,111 [INFO] [src.federated.client] - Client client_9: Starting local training for 3 epochs. Proximal term mu=0.0.
2025-06-24 06:21:47,121 [INFO] [src.federated.client] - Client client_9 - Epoch 1/3 completed. Average Loss: 0.0012
2025-06-24 06:21:47,130 [INFO] [src.federated.client] - Client client_9 - Epoch 2/3 completed. Average Loss: 0.0006
2025-06-24 06:21:47,141 [INFO] [src.federated.client] - Client client_9 - Epoch 3/3 completed. Average Loss: 0.0014
2025-06-24 06:21:47,142 [INFO] [src.federated.client] - Client client_9: Local training finished. Processed 480 samples.
2025-06-24 06:21:47,142 [INFO] [src.federated.client] - Client client_3: Starting local training for 3 epochs. Proximal term mu=0.0.
2025-06-24 06:21:47,155 [INFO] [src.federated.client] - Client client_3 - Epoch 1/3 completed. Average Loss: 0.0000
2025-06-24 06:21:47,165 [INFO] [src.federated.client] - Client client_3 - Epoch 2/3 completed. Average Loss: 0.0000
2025-06-24 06:21:47,177 [INFO] [src.federated.client] - Client client_3 - Epoch 3/3 completed. Average Loss: 0.0000
2025-06-24 06:21:47,177 [INFO] [src.federated.client] - Client client_3: Local training finished. Processed 480 samples.
2025-06-24 06:21:47,177 [INFO] [src.federated.client] - Client client_7: Starting local training for 3 epochs. Proximal term mu=0.0.
2025-06-24 06:21:47,187 [INFO] [src.federated.client] - Client client_7 - Epoch 1/3 completed. Average Loss: 0.0000
2025-06-24 06:21:47,197 [INFO] [src.federated.client] - Client client_7 - Epoch 2/3 completed. Average Loss: 0.0000
2025-06-24 06:21:47,207 [INFO] [src.federated.client] - Client client_7 - Epoch 3/3 completed. Average Loss: 0.0000
2025-06-24 06:21:47,208 [INFO] [src.federated.client] - Client client_7: Local training finished. Processed 480 samples.
2025-06-24 06:21:47,208 [INFO] [src.federated.client] - Client client_0: Starting local training for 3 epochs. Proximal term mu=0.0.
2025-06-24 06:21:47,219 [INFO] [src.federated.client] - Client client_0 - Epoch 1/3 completed. Average Loss: 0.0000
2025-06-24 06:21:47,230 [INFO] [src.federated.client] - Client client_0 - Epoch 2/3 completed. Average Loss: 0.0000
2025-06-24 06:21:47,240 [INFO] [src.federated.client] - Client client_0 - Epoch 3/3 completed. Average Loss: 0.0000
2025-06-24 06:21:47,241 [INFO] [src.federated.client] - Client client_0: Local training finished. Processed 480 samples.
2025-06-24 06:21:47,241 [INFO] [src.federated.client] - Client client_4: Starting local training for 3 epochs. Proximal term mu=0.0.
2025-06-24 06:21:47,251 [INFO] [src.federated.client] - Client client_4 - Epoch 1/3 completed. Average Loss: 0.0000
2025-06-24 06:21:47,261 [INFO] [src.federated.client] - Client client_4 - Epoch 2/3 completed. Average Loss: 0.0000
2025-06-24 06:21:47,270 [INFO] [src.federated.client] - Client client_4 - Epoch 3/3 completed. Average Loss: 0.0000
2025-06-24 06:21:47,271 [INFO] [src.federated.client] - Client client_4: Local training finished. Processed 480 samples.
2025-06-24 06:21:47,271 [INFO] [src.federated.client] - Client client_8: Starting local training for 3 epochs. Proximal term mu=0.0.
2025-06-24 06:21:47,282 [INFO] [src.federated.client] - Client client_8 - Epoch 1/3 completed. Average Loss: 0.0000
2025-06-24 06:21:47,293 [INFO] [src.federated.client] - Client client_8 - Epoch 2/3 completed. Average Loss: 0.0000
2025-06-24 06:21:47,303 [INFO] [src.federated.client] - Client client_8 - Epoch 3/3 completed. Average Loss: 0.0000
2025-06-24 06:21:47,304 [INFO] [src.federated.client] - Client client_8: Local training finished. Processed 480 samples.
2025-06-24 06:21:47,305 [INFO] [src.federated.client] - Client client_2: Starting local training for 3 epochs. Proximal term mu=0.0.
2025-06-24 06:21:47,316 [INFO] [src.federated.client] - Client client_2 - Epoch 1/3 completed. Average Loss: 0.0086
2025-06-24 06:21:47,326 [INFO] [src.federated.client] - Client client_2 - Epoch 2/3 completed. Average Loss: 0.0113
2025-06-24 06:21:47,337 [INFO] [src.federated.client] - Client client_2 - Epoch 3/3 completed. Average Loss: 0.0002
2025-06-24 06:21:47,338 [INFO] [src.federated.client] - Client client_2: Local training finished. Processed 480 samples.
2025-06-24 06:21:47,339 [INFO] [src.federated.client] - Client client_5: Starting local training for 3 epochs. Proximal term mu=0.0.
2025-06-24 06:21:47,350 [INFO] [src.federated.client] - Client client_5 - Epoch 1/3 completed. Average Loss: 0.0000
2025-06-24 06:21:47,360 [INFO] [src.federated.client] - Client client_5 - Epoch 2/3 completed. Average Loss: 0.0000
2025-06-24 06:21:47,370 [INFO] [src.federated.client] - Client client_5 - Epoch 3/3 completed. Average Loss: 0.0000
2025-06-24 06:21:47,370 [INFO] [src.federated.client] - Client client_5: Local training finished. Processed 480 samples.
2025-06-24 06:21:47,371 [INFO] [src.federated.client] - Client client_6: Starting local training for 3 epochs. Proximal term mu=0.0.
2025-06-24 06:21:47,382 [INFO] [src.federated.client] - Client client_6 - Epoch 1/3 completed. Average Loss: 0.0000
2025-06-24 06:21:47,393 [INFO] [src.federated.client] - Client client_6 - Epoch 2/3 completed. Average Loss: 0.0000
2025-06-24 06:21:47,402 [INFO] [src.federated.client] - Client client_6 - Epoch 3/3 completed. Average Loss: 0.0000
2025-06-24 06:21:47,403 [INFO] [src.federated.client] - Client client_6: Local training finished. Processed 480 samples.
2025-06-24 06:21:47,403 [INFO] [src.federated.server] - Aggregating updates from 10 clients using FedAvg.
2025-06-24 06:21:47,403 [INFO] [src.federated.aggregation] - FedAvg: Aggregating updates from 10 clients.
2025-06-24 06:21:47,404 [INFO] [src.federated.aggregation] - FedAvg: Aggregation complete.
2025-06-24 06:21:47,404 [INFO] [src.federated.server] - Global model updated with aggregated parameters.
2025-06-24 06:21:47,405 [INFO] [src.federated.server] - Evaluating updated global model...
2025-06-24 06:21:47,410 [INFO] [src.federated.server] - Round 29 completed in 0.33s. Eval Metrics: {'loss': 2.037067200031828e-05, 'accuracy': 1.0}
2025-06-24 06:21:47,410 [INFO] [src.federated.server] - ===== Starting Round 30/40 =====
2025-06-24 06:21:47,410 [INFO] [src.federated.server] - Starting federated training round...
2025-06-24 06:21:47,410 [INFO] [src.federated.server] - Selected 10 clients out of 10 available (fraction=1.0, min_clients=1): ['client_6', 'client_8', 'client_5', 'client_2', 'client_1', 'client_9', 'client_7', 'client_3', 'client_4', 'client_0']
2025-06-24 06:21:47,411 [INFO] [src.federated.client] - Client client_6: Starting local training for 3 epochs. Proximal term mu=0.0.
2025-06-24 06:21:47,421 [INFO] [src.federated.client] - Client client_6 - Epoch 1/3 completed. Average Loss: 0.0000
2025-06-24 06:21:47,430 [INFO] [src.federated.client] - Client client_6 - Epoch 2/3 completed. Average Loss: 0.0000
2025-06-24 06:21:47,440 [INFO] [src.federated.client] - Client client_6 - Epoch 3/3 completed. Average Loss: 0.0000
2025-06-24 06:21:47,441 [INFO] [src.federated.client] - Client client_6: Local training finished. Processed 480 samples.
2025-06-24 06:21:47,442 [INFO] [src.federated.client] - Client client_8: Starting local training for 3 epochs. Proximal term mu=0.0.
2025-06-24 06:21:47,452 [INFO] [src.federated.client] - Client client_8 - Epoch 1/3 completed. Average Loss: 0.0000
2025-06-24 06:21:47,463 [INFO] [src.federated.client] - Client client_8 - Epoch 2/3 completed. Average Loss: 0.0000
2025-06-24 06:21:47,475 [INFO] [src.federated.client] - Client client_8 - Epoch 3/3 completed. Average Loss: 0.0000
2025-06-24 06:21:47,476 [INFO] [src.federated.client] - Client client_8: Local training finished. Processed 480 samples.
2025-06-24 06:21:47,476 [INFO] [src.federated.client] - Client client_5: Starting local training for 3 epochs. Proximal term mu=0.0.
2025-06-24 06:21:47,487 [INFO] [src.federated.client] - Client client_5 - Epoch 1/3 completed. Average Loss: 0.0000
2025-06-24 06:21:47,501 [INFO] [src.federated.client] - Client client_5 - Epoch 2/3 completed. Average Loss: 0.0000
2025-06-24 06:21:47,513 [INFO] [src.federated.client] - Client client_5 - Epoch 3/3 completed. Average Loss: 0.0000
2025-06-24 06:21:47,513 [INFO] [src.federated.client] - Client client_5: Local training finished. Processed 480 samples.
2025-06-24 06:21:47,514 [INFO] [src.federated.client] - Client client_2: Starting local training for 3 epochs. Proximal term mu=0.0.
2025-06-24 06:21:47,524 [INFO] [src.federated.client] - Client client_2 - Epoch 1/3 completed. Average Loss: 0.0330
2025-06-24 06:21:47,536 [INFO] [src.federated.client] - Client client_2 - Epoch 2/3 completed. Average Loss: 0.0002
2025-06-24 06:21:47,545 [INFO] [src.federated.client] - Client client_2 - Epoch 3/3 completed. Average Loss: 0.0050
2025-06-24 06:21:47,546 [INFO] [src.federated.client] - Client client_2: Local training finished. Processed 480 samples.
2025-06-24 06:21:47,546 [INFO] [src.federated.client] - Client client_1: Starting local training for 3 epochs. Proximal term mu=0.0.
2025-06-24 06:21:47,556 [INFO] [src.federated.client] - Client client_1 - Epoch 1/3 completed. Average Loss: 0.0000
2025-06-24 06:21:47,566 [INFO] [src.federated.client] - Client client_1 - Epoch 2/3 completed. Average Loss: 0.0000
2025-06-24 06:21:47,575 [INFO] [src.federated.client] - Client client_1 - Epoch 3/3 completed. Average Loss: 0.0000
2025-06-24 06:21:47,576 [INFO] [src.federated.client] - Client client_1: Local training finished. Processed 480 samples.
2025-06-24 06:21:47,576 [INFO] [src.federated.client] - Client client_9: Starting local training for 3 epochs. Proximal term mu=0.0.
2025-06-24 06:21:47,585 [INFO] [src.federated.client] - Client client_9 - Epoch 1/3 completed. Average Loss: 0.0003
2025-06-24 06:21:47,595 [INFO] [src.federated.client] - Client client_9 - Epoch 2/3 completed. Average Loss: 0.0008
2025-06-24 06:21:47,605 [INFO] [src.federated.client] - Client client_9 - Epoch 3/3 completed. Average Loss: 0.0017
2025-06-24 06:21:47,606 [INFO] [src.federated.client] - Client client_9: Local training finished. Processed 480 samples.
2025-06-24 06:21:47,606 [INFO] [src.federated.client] - Client client_7: Starting local training for 3 epochs. Proximal term mu=0.0.
2025-06-24 06:21:47,616 [INFO] [src.federated.client] - Client client_7 - Epoch 1/3 completed. Average Loss: 0.0000
2025-06-24 06:21:47,626 [INFO] [src.federated.client] - Client client_7 - Epoch 2/3 completed. Average Loss: 0.0000
2025-06-24 06:21:47,636 [INFO] [src.federated.client] - Client client_7 - Epoch 3/3 completed. Average Loss: 0.0000
2025-06-24 06:21:47,637 [INFO] [src.federated.client] - Client client_7: Local training finished. Processed 480 samples.
2025-06-24 06:21:47,637 [INFO] [src.federated.client] - Client client_3: Starting local training for 3 epochs. Proximal term mu=0.0.
2025-06-24 06:21:47,647 [INFO] [src.federated.client] - Client client_3 - Epoch 1/3 completed. Average Loss: 0.0000
2025-06-24 06:21:47,657 [INFO] [src.federated.client] - Client client_3 - Epoch 2/3 completed. Average Loss: 0.0000
2025-06-24 06:21:47,669 [INFO] [src.federated.client] - Client client_3 - Epoch 3/3 completed. Average Loss: 0.0000
2025-06-24 06:21:47,670 [INFO] [src.federated.client] - Client client_3: Local training finished. Processed 480 samples.
2025-06-24 06:21:47,671 [INFO] [src.federated.client] - Client client_4: Starting local training for 3 epochs. Proximal term mu=0.0.
2025-06-24 06:21:47,682 [INFO] [src.federated.client] - Client client_4 - Epoch 1/3 completed. Average Loss: 0.0000
2025-06-24 06:21:47,692 [INFO] [src.federated.client] - Client client_4 - Epoch 2/3 completed. Average Loss: 0.0000
2025-06-24 06:21:47,702 [INFO] [src.federated.client] - Client client_4 - Epoch 3/3 completed. Average Loss: 0.0000
2025-06-24 06:21:47,702 [INFO] [src.federated.client] - Client client_4: Local training finished. Processed 480 samples.
2025-06-24 06:21:47,703 [INFO] [src.federated.client] - Client client_0: Starting local training for 3 epochs. Proximal term mu=0.0.
2025-06-24 06:21:47,713 [INFO] [src.federated.client] - Client client_0 - Epoch 1/3 completed. Average Loss: 0.0000
2025-06-24 06:21:47,725 [INFO] [src.federated.client] - Client client_0 - Epoch 2/3 completed. Average Loss: 0.0000
2025-06-24 06:21:47,734 [INFO] [src.federated.client] - Client client_0 - Epoch 3/3 completed. Average Loss: 0.0000
2025-06-24 06:21:47,735 [INFO] [src.federated.client] - Client client_0: Local training finished. Processed 480 samples.
2025-06-24 06:21:47,735 [INFO] [src.federated.server] - Aggregating updates from 10 clients using FedAvg.
2025-06-24 06:21:47,735 [INFO] [src.federated.aggregation] - FedAvg: Aggregating updates from 10 clients.
2025-06-24 06:21:47,736 [INFO] [src.federated.aggregation] - FedAvg: Aggregation complete.
2025-06-24 06:21:47,736 [INFO] [src.federated.server] - Global model updated with aggregated parameters.
2025-06-24 06:21:47,736 [INFO] [src.federated.server] - Evaluating updated global model...
2025-06-24 06:21:47,741 [INFO] [src.federated.server] - Round 30 completed in 0.33s. Eval Metrics: {'loss': 5.284420495168973e-05, 'accuracy': 1.0}
2025-06-24 06:21:47,741 [INFO] [src.federated.server] - ===== Starting Round 31/40 =====
2025-06-24 06:21:47,741 [INFO] [src.federated.server] - Starting federated training round...
2025-06-24 06:21:47,741 [INFO] [src.federated.server] - Selected 10 clients out of 10 available (fraction=1.0, min_clients=1): ['client_4', 'client_7', 'client_5', 'client_6', 'client_0', 'client_8', 'client_3', 'client_2', 'client_9', 'client_1']
2025-06-24 06:21:47,742 [INFO] [src.federated.client] - Client client_4: Starting local training for 3 epochs. Proximal term mu=0.0.
2025-06-24 06:21:47,753 [INFO] [src.federated.client] - Client client_4 - Epoch 1/3 completed. Average Loss: 0.0000
2025-06-24 06:21:47,763 [INFO] [src.federated.client] - Client client_4 - Epoch 2/3 completed. Average Loss: 0.0000
2025-06-24 06:21:47,778 [INFO] [src.federated.client] - Client client_4 - Epoch 3/3 completed. Average Loss: 0.0000
2025-06-24 06:21:47,779 [INFO] [src.federated.client] - Client client_4: Local training finished. Processed 480 samples.
2025-06-24 06:21:47,781 [INFO] [src.federated.client] - Client client_7: Starting local training for 3 epochs. Proximal term mu=0.0.
2025-06-24 06:21:47,792 [INFO] [src.federated.client] - Client client_7 - Epoch 1/3 completed. Average Loss: 0.0000
2025-06-24 06:21:47,802 [INFO] [src.federated.client] - Client client_7 - Epoch 2/3 completed. Average Loss: 0.0000
2025-06-24 06:21:47,811 [INFO] [src.federated.client] - Client client_7 - Epoch 3/3 completed. Average Loss: 0.0000
2025-06-24 06:21:47,812 [INFO] [src.federated.client] - Client client_7: Local training finished. Processed 480 samples.
2025-06-24 06:21:47,812 [INFO] [src.federated.client] - Client client_5: Starting local training for 3 epochs. Proximal term mu=0.0.
2025-06-24 06:21:47,822 [INFO] [src.federated.client] - Client client_5 - Epoch 1/3 completed. Average Loss: 0.0000
2025-06-24 06:21:47,832 [INFO] [src.federated.client] - Client client_5 - Epoch 2/3 completed. Average Loss: 0.0000
2025-06-24 06:21:47,841 [INFO] [src.federated.client] - Client client_5 - Epoch 3/3 completed. Average Loss: 0.0000
2025-06-24 06:21:47,842 [INFO] [src.federated.client] - Client client_5: Local training finished. Processed 480 samples.
2025-06-24 06:21:47,842 [INFO] [src.federated.client] - Client client_6: Starting local training for 3 epochs. Proximal term mu=0.0.
2025-06-24 06:21:47,854 [INFO] [src.federated.client] - Client client_6 - Epoch 1/3 completed. Average Loss: 0.0000
2025-06-24 06:21:47,863 [INFO] [src.federated.client] - Client client_6 - Epoch 2/3 completed. Average Loss: 0.0000
2025-06-24 06:21:47,873 [INFO] [src.federated.client] - Client client_6 - Epoch 3/3 completed. Average Loss: 0.0000
2025-06-24 06:21:47,874 [INFO] [src.federated.client] - Client client_6: Local training finished. Processed 480 samples.
2025-06-24 06:21:47,874 [INFO] [src.federated.client] - Client client_0: Starting local training for 3 epochs. Proximal term mu=0.0.
2025-06-24 06:21:47,885 [INFO] [src.federated.client] - Client client_0 - Epoch 1/3 completed. Average Loss: 0.0000
2025-06-24 06:21:47,895 [INFO] [src.federated.client] - Client client_0 - Epoch 2/3 completed. Average Loss: 0.0000
2025-06-24 06:21:47,906 [INFO] [src.federated.client] - Client client_0 - Epoch 3/3 completed. Average Loss: 0.0000
2025-06-24 06:21:47,906 [INFO] [src.federated.client] - Client client_0: Local training finished. Processed 480 samples.
2025-06-24 06:21:47,907 [INFO] [src.federated.client] - Client client_8: Starting local training for 3 epochs. Proximal term mu=0.0.
2025-06-24 06:21:47,917 [INFO] [src.federated.client] - Client client_8 - Epoch 1/3 completed. Average Loss: 0.0000
2025-06-24 06:21:47,926 [INFO] [src.federated.client] - Client client_8 - Epoch 2/3 completed. Average Loss: 0.0000
2025-06-24 06:21:47,937 [INFO] [src.federated.client] - Client client_8 - Epoch 3/3 completed. Average Loss: 0.0000
2025-06-24 06:21:47,937 [INFO] [src.federated.client] - Client client_8: Local training finished. Processed 480 samples.
2025-06-24 06:21:47,938 [INFO] [src.federated.client] - Client client_3: Starting local training for 3 epochs. Proximal term mu=0.0.
2025-06-24 06:21:47,948 [INFO] [src.federated.client] - Client client_3 - Epoch 1/3 completed. Average Loss: 0.0000
2025-06-24 06:21:47,958 [INFO] [src.federated.client] - Client client_3 - Epoch 2/3 completed. Average Loss: 0.0000
2025-06-24 06:21:47,968 [INFO] [src.federated.client] - Client client_3 - Epoch 3/3 completed. Average Loss: 0.0000
2025-06-24 06:21:47,969 [INFO] [src.federated.client] - Client client_3: Local training finished. Processed 480 samples.
2025-06-24 06:21:47,970 [INFO] [src.federated.client] - Client client_2: Starting local training for 3 epochs. Proximal term mu=0.0.
2025-06-24 06:21:47,980 [INFO] [src.federated.client] - Client client_2 - Epoch 1/3 completed. Average Loss: 0.0034
2025-06-24 06:21:47,990 [INFO] [src.federated.client] - Client client_2 - Epoch 2/3 completed. Average Loss: 0.0001
2025-06-24 06:21:47,999 [INFO] [src.federated.client] - Client client_2 - Epoch 3/3 completed. Average Loss: 0.0000
2025-06-24 06:21:48,000 [INFO] [src.federated.client] - Client client_2: Local training finished. Processed 480 samples.
2025-06-24 06:21:48,001 [INFO] [src.federated.client] - Client client_9: Starting local training for 3 epochs. Proximal term mu=0.0.
2025-06-24 06:21:48,013 [INFO] [src.federated.client] - Client client_9 - Epoch 1/3 completed. Average Loss: 0.0003
2025-06-24 06:21:48,024 [INFO] [src.federated.client] - Client client_9 - Epoch 2/3 completed. Average Loss: 0.0140
2025-06-24 06:21:48,034 [INFO] [src.federated.client] - Client client_9 - Epoch 3/3 completed. Average Loss: 0.0801
2025-06-24 06:21:48,035 [INFO] [src.federated.client] - Client client_9: Local training finished. Processed 480 samples.
2025-06-24 06:21:48,035 [INFO] [src.federated.client] - Client client_1: Starting local training for 3 epochs. Proximal term mu=0.0.
2025-06-24 06:21:48,045 [INFO] [src.federated.client] - Client client_1 - Epoch 1/3 completed. Average Loss: 0.0000
2025-06-24 06:21:48,056 [INFO] [src.federated.client] - Client client_1 - Epoch 2/3 completed. Average Loss: 0.0000
2025-06-24 06:21:48,066 [INFO] [src.federated.client] - Client client_1 - Epoch 3/3 completed. Average Loss: 0.0000
2025-06-24 06:21:48,066 [INFO] [src.federated.client] - Client client_1: Local training finished. Processed 480 samples.
2025-06-24 06:21:48,066 [INFO] [src.federated.server] - Aggregating updates from 10 clients using FedAvg.
2025-06-24 06:21:48,066 [INFO] [src.federated.aggregation] - FedAvg: Aggregating updates from 10 clients.
2025-06-24 06:21:48,067 [INFO] [src.federated.aggregation] - FedAvg: Aggregation complete.
2025-06-24 06:21:48,068 [INFO] [src.federated.server] - Global model updated with aggregated parameters.
2025-06-24 06:21:48,068 [INFO] [src.federated.server] - Evaluating updated global model...
2025-06-24 06:21:48,072 [INFO] [src.federated.server] - Round 31 completed in 0.33s. Eval Metrics: {'loss': 1.357058412391865e-05, 'accuracy': 1.0}
2025-06-24 06:21:48,073 [INFO] [src.federated.server] - ===== Starting Round 32/40 =====
2025-06-24 06:21:48,073 [INFO] [src.federated.server] - Starting federated training round...
2025-06-24 06:21:48,073 [INFO] [src.federated.server] - Selected 10 clients out of 10 available (fraction=1.0, min_clients=1): ['client_8', 'client_3', 'client_4', 'client_1', 'client_2', 'client_0', 'client_6', 'client_9', 'client_5', 'client_7']
2025-06-24 06:21:48,074 [INFO] [src.federated.client] - Client client_8: Starting local training for 3 epochs. Proximal term mu=0.0.
2025-06-24 06:21:48,084 [INFO] [src.federated.client] - Client client_8 - Epoch 1/3 completed. Average Loss: 0.0000
2025-06-24 06:21:48,093 [INFO] [src.federated.client] - Client client_8 - Epoch 2/3 completed. Average Loss: 0.0000
2025-06-24 06:21:48,104 [INFO] [src.federated.client] - Client client_8 - Epoch 3/3 completed. Average Loss: 0.0000
2025-06-24 06:21:48,104 [INFO] [src.federated.client] - Client client_8: Local training finished. Processed 480 samples.
2025-06-24 06:21:48,105 [INFO] [src.federated.client] - Client client_3: Starting local training for 3 epochs. Proximal term mu=0.0.
2025-06-24 06:21:48,116 [INFO] [src.federated.client] - Client client_3 - Epoch 1/3 completed. Average Loss: 0.0000
2025-06-24 06:21:48,126 [INFO] [src.federated.client] - Client client_3 - Epoch 2/3 completed. Average Loss: 0.0000
2025-06-24 06:21:48,135 [INFO] [src.federated.client] - Client client_3 - Epoch 3/3 completed. Average Loss: 0.0000
2025-06-24 06:21:48,136 [INFO] [src.federated.client] - Client client_3: Local training finished. Processed 480 samples.
2025-06-24 06:21:48,136 [INFO] [src.federated.client] - Client client_4: Starting local training for 3 epochs. Proximal term mu=0.0.
2025-06-24 06:21:48,148 [INFO] [src.federated.client] - Client client_4 - Epoch 1/3 completed. Average Loss: 0.0000
2025-06-24 06:21:48,158 [INFO] [src.federated.client] - Client client_4 - Epoch 2/3 completed. Average Loss: 0.0000
2025-06-24 06:21:48,168 [INFO] [src.federated.client] - Client client_4 - Epoch 3/3 completed. Average Loss: 0.0000
2025-06-24 06:21:48,168 [INFO] [src.federated.client] - Client client_4: Local training finished. Processed 480 samples.
2025-06-24 06:21:48,169 [INFO] [src.federated.client] - Client client_1: Starting local training for 3 epochs. Proximal term mu=0.0.
2025-06-24 06:21:48,181 [INFO] [src.federated.client] - Client client_1 - Epoch 1/3 completed. Average Loss: 0.0000
2025-06-24 06:21:48,192 [INFO] [src.federated.client] - Client client_1 - Epoch 2/3 completed. Average Loss: 0.0000
2025-06-24 06:21:48,202 [INFO] [src.federated.client] - Client client_1 - Epoch 3/3 completed. Average Loss: 0.0000
2025-06-24 06:21:48,203 [INFO] [src.federated.client] - Client client_1: Local training finished. Processed 480 samples.
2025-06-24 06:21:48,204 [INFO] [src.federated.client] - Client client_2: Starting local training for 3 epochs. Proximal term mu=0.0.
2025-06-24 06:21:48,216 [INFO] [src.federated.client] - Client client_2 - Epoch 1/3 completed. Average Loss: 0.0042
2025-06-24 06:21:48,226 [INFO] [src.federated.client] - Client client_2 - Epoch 2/3 completed. Average Loss: 0.0002
2025-06-24 06:21:48,237 [INFO] [src.federated.client] - Client client_2 - Epoch 3/3 completed. Average Loss: 0.0045
2025-06-24 06:21:48,238 [INFO] [src.federated.client] - Client client_2: Local training finished. Processed 480 samples.
2025-06-24 06:21:48,238 [INFO] [src.federated.client] - Client client_0: Starting local training for 3 epochs. Proximal term mu=0.0.
2025-06-24 06:21:48,248 [INFO] [src.federated.client] - Client client_0 - Epoch 1/3 completed. Average Loss: 0.0000
2025-06-24 06:21:48,258 [INFO] [src.federated.client] - Client client_0 - Epoch 2/3 completed. Average Loss: 0.0000
2025-06-24 06:21:48,270 [INFO] [src.federated.client] - Client client_0 - Epoch 3/3 completed. Average Loss: 0.0000
2025-06-24 06:21:48,270 [INFO] [src.federated.client] - Client client_0: Local training finished. Processed 480 samples.
2025-06-24 06:21:48,271 [INFO] [src.federated.client] - Client client_6: Starting local training for 3 epochs. Proximal term mu=0.0.
2025-06-24 06:21:48,281 [INFO] [src.federated.client] - Client client_6 - Epoch 1/3 completed. Average Loss: 0.0000
2025-06-24 06:21:48,291 [INFO] [src.federated.client] - Client client_6 - Epoch 2/3 completed. Average Loss: 0.0000
2025-06-24 06:21:48,301 [INFO] [src.federated.client] - Client client_6 - Epoch 3/3 completed. Average Loss: 0.0000
2025-06-24 06:21:48,301 [INFO] [src.federated.client] - Client client_6: Local training finished. Processed 480 samples.
2025-06-24 06:21:48,302 [INFO] [src.federated.client] - Client client_9: Starting local training for 3 epochs. Proximal term mu=0.0.
2025-06-24 06:21:48,312 [INFO] [src.federated.client] - Client client_9 - Epoch 1/3 completed. Average Loss: 0.0157
2025-06-24 06:21:48,322 [INFO] [src.federated.client] - Client client_9 - Epoch 2/3 completed. Average Loss: 0.0003
2025-06-24 06:21:48,332 [INFO] [src.federated.client] - Client client_9 - Epoch 3/3 completed. Average Loss: 0.0452
2025-06-24 06:21:48,332 [INFO] [src.federated.client] - Client client_9: Local training finished. Processed 480 samples.
2025-06-24 06:21:48,333 [INFO] [src.federated.client] - Client client_5: Starting local training for 3 epochs. Proximal term mu=0.0.
2025-06-24 06:21:48,343 [INFO] [src.federated.client] - Client client_5 - Epoch 1/3 completed. Average Loss: 0.0000
2025-06-24 06:21:48,352 [INFO] [src.federated.client] - Client client_5 - Epoch 2/3 completed. Average Loss: 0.0000
2025-06-24 06:21:48,363 [INFO] [src.federated.client] - Client client_5 - Epoch 3/3 completed. Average Loss: 0.0000
2025-06-24 06:21:48,364 [INFO] [src.federated.client] - Client client_5: Local training finished. Processed 480 samples.
2025-06-24 06:21:48,365 [INFO] [src.federated.client] - Client client_7: Starting local training for 3 epochs. Proximal term mu=0.0.
2025-06-24 06:21:48,376 [INFO] [src.federated.client] - Client client_7 - Epoch 1/3 completed. Average Loss: 0.0000
2025-06-24 06:21:48,385 [INFO] [src.federated.client] - Client client_7 - Epoch 2/3 completed. Average Loss: 0.0000
2025-06-24 06:21:48,397 [INFO] [src.federated.client] - Client client_7 - Epoch 3/3 completed. Average Loss: 0.0000
2025-06-24 06:21:48,397 [INFO] [src.federated.client] - Client client_7: Local training finished. Processed 480 samples.
2025-06-24 06:21:48,398 [INFO] [src.federated.server] - Aggregating updates from 10 clients using FedAvg.
2025-06-24 06:21:48,398 [INFO] [src.federated.aggregation] - FedAvg: Aggregating updates from 10 clients.
2025-06-24 06:21:48,398 [INFO] [src.federated.aggregation] - FedAvg: Aggregation complete.
2025-06-24 06:21:48,399 [INFO] [src.federated.server] - Global model updated with aggregated parameters.
2025-06-24 06:21:48,399 [INFO] [src.federated.server] - Evaluating updated global model...
2025-06-24 06:21:48,403 [INFO] [src.federated.server] - Round 32 completed in 0.33s. Eval Metrics: {'loss': 8.265483365761384e-06, 'accuracy': 1.0}
2025-06-24 06:21:48,404 [INFO] [src.federated.server] - ===== Starting Round 33/40 =====
2025-06-24 06:21:48,404 [INFO] [src.federated.server] - Starting federated training round...
2025-06-24 06:21:48,404 [INFO] [src.federated.server] - Selected 10 clients out of 10 available (fraction=1.0, min_clients=1): ['client_7', 'client_8', 'client_4', 'client_9', 'client_5', 'client_6', 'client_0', 'client_2', 'client_1', 'client_3']
2025-06-24 06:21:48,405 [INFO] [src.federated.client] - Client client_7: Starting local training for 3 epochs. Proximal term mu=0.0.
2025-06-24 06:21:48,416 [INFO] [src.federated.client] - Client client_7 - Epoch 1/3 completed. Average Loss: 0.0000
2025-06-24 06:21:48,426 [INFO] [src.federated.client] - Client client_7 - Epoch 2/3 completed. Average Loss: 0.0000
2025-06-24 06:21:48,436 [INFO] [src.federated.client] - Client client_7 - Epoch 3/3 completed. Average Loss: 0.0000
2025-06-24 06:21:48,437 [INFO] [src.federated.client] - Client client_7: Local training finished. Processed 480 samples.
2025-06-24 06:21:48,437 [INFO] [src.federated.client] - Client client_8: Starting local training for 3 epochs. Proximal term mu=0.0.
2025-06-24 06:21:48,449 [INFO] [src.federated.client] - Client client_8 - Epoch 1/3 completed. Average Loss: 0.0000
2025-06-24 06:21:48,459 [INFO] [src.federated.client] - Client client_8 - Epoch 2/3 completed. Average Loss: 0.0000
2025-06-24 06:21:48,469 [INFO] [src.federated.client] - Client client_8 - Epoch 3/3 completed. Average Loss: 0.0000
2025-06-24 06:21:48,469 [INFO] [src.federated.client] - Client client_8: Local training finished. Processed 480 samples.
2025-06-24 06:21:48,470 [INFO] [src.federated.client] - Client client_4: Starting local training for 3 epochs. Proximal term mu=0.0.
2025-06-24 06:21:48,479 [INFO] [src.federated.client] - Client client_4 - Epoch 1/3 completed. Average Loss: 0.0000
2025-06-24 06:21:48,490 [INFO] [src.federated.client] - Client client_4 - Epoch 2/3 completed. Average Loss: 0.0000
2025-06-24 06:21:48,503 [INFO] [src.federated.client] - Client client_4 - Epoch 3/3 completed. Average Loss: 0.0000
2025-06-24 06:21:48,504 [INFO] [src.federated.client] - Client client_4: Local training finished. Processed 480 samples.
2025-06-24 06:21:48,504 [INFO] [src.federated.client] - Client client_9: Starting local training for 3 epochs. Proximal term mu=0.0.
2025-06-24 06:21:48,516 [INFO] [src.federated.client] - Client client_9 - Epoch 1/3 completed. Average Loss: 0.0096
2025-06-24 06:21:48,526 [INFO] [src.federated.client] - Client client_9 - Epoch 2/3 completed. Average Loss: 0.0001
2025-06-24 06:21:48,535 [INFO] [src.federated.client] - Client client_9 - Epoch 3/3 completed. Average Loss: 0.0106
2025-06-24 06:21:48,536 [INFO] [src.federated.client] - Client client_9: Local training finished. Processed 480 samples.
2025-06-24 06:21:48,536 [INFO] [src.federated.client] - Client client_5: Starting local training for 3 epochs. Proximal term mu=0.0.
2025-06-24 06:21:48,547 [INFO] [src.federated.client] - Client client_5 - Epoch 1/3 completed. Average Loss: 0.0000
2025-06-24 06:21:48,557 [INFO] [src.federated.client] - Client client_5 - Epoch 2/3 completed. Average Loss: 0.0000
2025-06-24 06:21:48,567 [INFO] [src.federated.client] - Client client_5 - Epoch 3/3 completed. Average Loss: 0.0000
2025-06-24 06:21:48,568 [INFO] [src.federated.client] - Client client_5: Local training finished. Processed 480 samples.
2025-06-24 06:21:48,569 [INFO] [src.federated.client] - Client client_6: Starting local training for 3 epochs. Proximal term mu=0.0.
2025-06-24 06:21:48,579 [INFO] [src.federated.client] - Client client_6 - Epoch 1/3 completed. Average Loss: 0.0000
2025-06-24 06:21:48,590 [INFO] [src.federated.client] - Client client_6 - Epoch 2/3 completed. Average Loss: 0.0000
2025-06-24 06:21:48,601 [INFO] [src.federated.client] - Client client_6 - Epoch 3/3 completed. Average Loss: 0.0000
2025-06-24 06:21:48,601 [INFO] [src.federated.client] - Client client_6: Local training finished. Processed 480 samples.
2025-06-24 06:21:48,602 [INFO] [src.federated.client] - Client client_0: Starting local training for 3 epochs. Proximal term mu=0.0.
2025-06-24 06:21:48,612 [INFO] [src.federated.client] - Client client_0 - Epoch 1/3 completed. Average Loss: 0.0000
2025-06-24 06:21:48,623 [INFO] [src.federated.client] - Client client_0 - Epoch 2/3 completed. Average Loss: 0.0000
2025-06-24 06:21:48,634 [INFO] [src.federated.client] - Client client_0 - Epoch 3/3 completed. Average Loss: 0.0000
2025-06-24 06:21:48,635 [INFO] [src.federated.client] - Client client_0: Local training finished. Processed 480 samples.
2025-06-24 06:21:48,635 [INFO] [src.federated.client] - Client client_2: Starting local training for 3 epochs. Proximal term mu=0.0.
2025-06-24 06:21:48,645 [INFO] [src.federated.client] - Client client_2 - Epoch 1/3 completed. Average Loss: 0.0065
2025-06-24 06:21:48,656 [INFO] [src.federated.client] - Client client_2 - Epoch 2/3 completed. Average Loss: 0.0001
2025-06-24 06:21:48,669 [INFO] [src.federated.client] - Client client_2 - Epoch 3/3 completed. Average Loss: 0.0003
2025-06-24 06:21:48,669 [INFO] [src.federated.client] - Client client_2: Local training finished. Processed 480 samples.
2025-06-24 06:21:48,670 [INFO] [src.federated.client] - Client client_1: Starting local training for 3 epochs. Proximal term mu=0.0.
2025-06-24 06:21:48,680 [INFO] [src.federated.client] - Client client_1 - Epoch 1/3 completed. Average Loss: 0.0000
2025-06-24 06:21:48,691 [INFO] [src.federated.client] - Client client_1 - Epoch 2/3 completed. Average Loss: 0.0000
2025-06-24 06:21:48,703 [INFO] [src.federated.client] - Client client_1 - Epoch 3/3 completed. Average Loss: 0.0000
2025-06-24 06:21:48,704 [INFO] [src.federated.client] - Client client_1: Local training finished. Processed 480 samples.
2025-06-24 06:21:48,704 [INFO] [src.federated.client] - Client client_3: Starting local training for 3 epochs. Proximal term mu=0.0.
2025-06-24 06:21:48,713 [INFO] [src.federated.client] - Client client_3 - Epoch 1/3 completed. Average Loss: 0.0000
2025-06-24 06:21:48,723 [INFO] [src.federated.client] - Client client_3 - Epoch 2/3 completed. Average Loss: 0.0000
2025-06-24 06:21:48,733 [INFO] [src.federated.client] - Client client_3 - Epoch 3/3 completed. Average Loss: 0.0000
2025-06-24 06:21:48,733 [INFO] [src.federated.client] - Client client_3: Local training finished. Processed 480 samples.
2025-06-24 06:21:48,734 [INFO] [src.federated.server] - Aggregating updates from 10 clients using FedAvg.
2025-06-24 06:21:48,734 [INFO] [src.federated.aggregation] - FedAvg: Aggregating updates from 10 clients.
2025-06-24 06:21:48,734 [INFO] [src.federated.aggregation] - FedAvg: Aggregation complete.
2025-06-24 06:21:48,735 [INFO] [src.federated.server] - Global model updated with aggregated parameters.
2025-06-24 06:21:48,735 [INFO] [src.federated.server] - Evaluating updated global model...
2025-06-24 06:21:48,740 [INFO] [src.federated.server] - Round 33 completed in 0.34s. Eval Metrics: {'loss': 3.726443716900008e-05, 'accuracy': 1.0}
2025-06-24 06:21:48,740 [INFO] [src.federated.server] - ===== Starting Round 34/40 =====
2025-06-24 06:21:48,740 [INFO] [src.federated.server] - Starting federated training round...
2025-06-24 06:21:48,740 [INFO] [src.federated.server] - Selected 10 clients out of 10 available (fraction=1.0, min_clients=1): ['client_2', 'client_4', 'client_1', 'client_0', 'client_5', 'client_8', 'client_7', 'client_3', 'client_9', 'client_6']
2025-06-24 06:21:48,741 [INFO] [src.federated.client] - Client client_2: Starting local training for 3 epochs. Proximal term mu=0.0.
2025-06-24 06:21:48,752 [INFO] [src.federated.client] - Client client_2 - Epoch 1/3 completed. Average Loss: 0.0019
2025-06-24 06:21:48,762 [INFO] [src.federated.client] - Client client_2 - Epoch 2/3 completed. Average Loss: 0.0000
2025-06-24 06:21:48,772 [INFO] [src.federated.client] - Client client_2 - Epoch 3/3 completed. Average Loss: 0.0002
2025-06-24 06:21:48,773 [INFO] [src.federated.client] - Client client_2: Local training finished. Processed 480 samples.
2025-06-24 06:21:48,773 [INFO] [src.federated.client] - Client client_4: Starting local training for 3 epochs. Proximal term mu=0.0.
2025-06-24 06:21:48,785 [INFO] [src.federated.client] - Client client_4 - Epoch 1/3 completed. Average Loss: 0.0000
2025-06-24 06:21:48,796 [INFO] [src.federated.client] - Client client_4 - Epoch 2/3 completed. Average Loss: 0.0000
2025-06-24 06:21:48,807 [INFO] [src.federated.client] - Client client_4 - Epoch 3/3 completed. Average Loss: 0.0000
2025-06-24 06:21:48,808 [INFO] [src.federated.client] - Client client_4: Local training finished. Processed 480 samples.
2025-06-24 06:21:48,808 [INFO] [src.federated.client] - Client client_1: Starting local training for 3 epochs. Proximal term mu=0.0.
2025-06-24 06:21:48,819 [INFO] [src.federated.client] - Client client_1 - Epoch 1/3 completed. Average Loss: 0.0000
2025-06-24 06:21:48,828 [INFO] [src.federated.client] - Client client_1 - Epoch 2/3 completed. Average Loss: 0.0000
2025-06-24 06:21:48,838 [INFO] [src.federated.client] - Client client_1 - Epoch 3/3 completed. Average Loss: 0.0000
2025-06-24 06:21:48,839 [INFO] [src.federated.client] - Client client_1: Local training finished. Processed 480 samples.
2025-06-24 06:21:48,839 [INFO] [src.federated.client] - Client client_0: Starting local training for 3 epochs. Proximal term mu=0.0.
2025-06-24 06:21:48,849 [INFO] [src.federated.client] - Client client_0 - Epoch 1/3 completed. Average Loss: 0.0000
2025-06-24 06:21:48,859 [INFO] [src.federated.client] - Client client_0 - Epoch 2/3 completed. Average Loss: 0.0000
2025-06-24 06:21:48,869 [INFO] [src.federated.client] - Client client_0 - Epoch 3/3 completed. Average Loss: 0.0000
2025-06-24 06:21:48,870 [INFO] [src.federated.client] - Client client_0: Local training finished. Processed 480 samples.
2025-06-24 06:21:48,870 [INFO] [src.federated.client] - Client client_5: Starting local training for 3 epochs. Proximal term mu=0.0.
2025-06-24 06:21:48,882 [INFO] [src.federated.client] - Client client_5 - Epoch 1/3 completed. Average Loss: 0.0000
2025-06-24 06:21:48,892 [INFO] [src.federated.client] - Client client_5 - Epoch 2/3 completed. Average Loss: 0.0000
2025-06-24 06:21:48,902 [INFO] [src.federated.client] - Client client_5 - Epoch 3/3 completed. Average Loss: 0.0000
2025-06-24 06:21:48,902 [INFO] [src.federated.client] - Client client_5: Local training finished. Processed 480 samples.
2025-06-24 06:21:48,903 [INFO] [src.federated.client] - Client client_8: Starting local training for 3 epochs. Proximal term mu=0.0.
2025-06-24 06:21:48,912 [INFO] [src.federated.client] - Client client_8 - Epoch 1/3 completed. Average Loss: 0.0000
2025-06-24 06:21:48,922 [INFO] [src.federated.client] - Client client_8 - Epoch 2/3 completed. Average Loss: 0.0000
2025-06-24 06:21:48,934 [INFO] [src.federated.client] - Client client_8 - Epoch 3/3 completed. Average Loss: 0.0000
2025-06-24 06:21:48,935 [INFO] [src.federated.client] - Client client_8: Local training finished. Processed 480 samples.
2025-06-24 06:21:48,935 [INFO] [src.federated.client] - Client client_7: Starting local training for 3 epochs. Proximal term mu=0.0.
2025-06-24 06:21:48,947 [INFO] [src.federated.client] - Client client_7 - Epoch 1/3 completed. Average Loss: 0.0000
2025-06-24 06:21:48,956 [INFO] [src.federated.client] - Client client_7 - Epoch 2/3 completed. Average Loss: 0.0000
2025-06-24 06:21:48,967 [INFO] [src.federated.client] - Client client_7 - Epoch 3/3 completed. Average Loss: 0.0000
2025-06-24 06:21:48,968 [INFO] [src.federated.client] - Client client_7: Local training finished. Processed 480 samples.
2025-06-24 06:21:48,968 [INFO] [src.federated.client] - Client client_3: Starting local training for 3 epochs. Proximal term mu=0.0.
2025-06-24 06:21:48,979 [INFO] [src.federated.client] - Client client_3 - Epoch 1/3 completed. Average Loss: 0.0000
2025-06-24 06:21:48,989 [INFO] [src.federated.client] - Client client_3 - Epoch 2/3 completed. Average Loss: 0.0000
2025-06-24 06:21:48,999 [INFO] [src.federated.client] - Client client_3 - Epoch 3/3 completed. Average Loss: 0.0000
2025-06-24 06:21:48,999 [INFO] [src.federated.client] - Client client_3: Local training finished. Processed 480 samples.
2025-06-24 06:21:49,000 [INFO] [src.federated.client] - Client client_9: Starting local training for 3 epochs. Proximal term mu=0.0.
2025-06-24 06:21:49,012 [INFO] [src.federated.client] - Client client_9 - Epoch 1/3 completed. Average Loss: 0.0008
2025-06-24 06:21:49,022 [INFO] [src.federated.client] - Client client_9 - Epoch 2/3 completed. Average Loss: 0.0124
2025-06-24 06:21:49,031 [INFO] [src.federated.client] - Client client_9 - Epoch 3/3 completed. Average Loss: 0.0000
2025-06-24 06:21:49,032 [INFO] [src.federated.client] - Client client_9: Local training finished. Processed 480 samples.
2025-06-24 06:21:49,033 [INFO] [src.federated.client] - Client client_6: Starting local training for 3 epochs. Proximal term mu=0.0.
2025-06-24 06:21:49,043 [INFO] [src.federated.client] - Client client_6 - Epoch 1/3 completed. Average Loss: 0.0000
2025-06-24 06:21:49,053 [INFO] [src.federated.client] - Client client_6 - Epoch 2/3 completed. Average Loss: 0.0000
2025-06-24 06:21:49,062 [INFO] [src.federated.client] - Client client_6 - Epoch 3/3 completed. Average Loss: 0.0000
2025-06-24 06:21:49,063 [INFO] [src.federated.client] - Client client_6: Local training finished. Processed 480 samples.
2025-06-24 06:21:49,063 [INFO] [src.federated.server] - Aggregating updates from 10 clients using FedAvg.
2025-06-24 06:21:49,063 [INFO] [src.federated.aggregation] - FedAvg: Aggregating updates from 10 clients.
2025-06-24 06:21:49,064 [INFO] [src.federated.aggregation] - FedAvg: Aggregation complete.
2025-06-24 06:21:49,065 [INFO] [src.federated.server] - Global model updated with aggregated parameters.
2025-06-24 06:21:49,065 [INFO] [src.federated.server] - Evaluating updated global model...
2025-06-24 06:21:49,069 [INFO] [src.federated.server] - Round 34 completed in 0.33s. Eval Metrics: {'loss': 2.550089790915422e-05, 'accuracy': 1.0}
2025-06-24 06:21:49,070 [INFO] [src.federated.server] - ===== Starting Round 35/40 =====
2025-06-24 06:21:49,070 [INFO] [src.federated.server] - Starting federated training round...
2025-06-24 06:21:49,070 [INFO] [src.federated.server] - Selected 10 clients out of 10 available (fraction=1.0, min_clients=1): ['client_5', 'client_3', 'client_4', 'client_7', 'client_8', 'client_2', 'client_0', 'client_9', 'client_1', 'client_6']
2025-06-24 06:21:49,071 [INFO] [src.federated.client] - Client client_5: Starting local training for 3 epochs. Proximal term mu=0.0.
2025-06-24 06:21:49,081 [INFO] [src.federated.client] - Client client_5 - Epoch 1/3 completed. Average Loss: 0.0000
2025-06-24 06:21:49,093 [INFO] [src.federated.client] - Client client_5 - Epoch 2/3 completed. Average Loss: 0.0000
2025-06-24 06:21:49,103 [INFO] [src.federated.client] - Client client_5 - Epoch 3/3 completed. Average Loss: 0.0000
2025-06-24 06:21:49,103 [INFO] [src.federated.client] - Client client_5: Local training finished. Processed 480 samples.
2025-06-24 06:21:49,104 [INFO] [src.federated.client] - Client client_3: Starting local training for 3 epochs. Proximal term mu=0.0.
2025-06-24 06:21:49,115 [INFO] [src.federated.client] - Client client_3 - Epoch 1/3 completed. Average Loss: 0.0000
2025-06-24 06:21:49,126 [INFO] [src.federated.client] - Client client_3 - Epoch 2/3 completed. Average Loss: 0.0000
2025-06-24 06:21:49,136 [INFO] [src.federated.client] - Client client_3 - Epoch 3/3 completed. Average Loss: 0.0000
2025-06-24 06:21:49,137 [INFO] [src.federated.client] - Client client_3: Local training finished. Processed 480 samples.
2025-06-24 06:21:49,138 [INFO] [src.federated.client] - Client client_4: Starting local training for 3 epochs. Proximal term mu=0.0.
2025-06-24 06:21:49,148 [INFO] [src.federated.client] - Client client_4 - Epoch 1/3 completed. Average Loss: 0.0000
2025-06-24 06:21:49,159 [INFO] [src.federated.client] - Client client_4 - Epoch 2/3 completed. Average Loss: 0.0000
2025-06-24 06:21:49,168 [INFO] [src.federated.client] - Client client_4 - Epoch 3/3 completed. Average Loss: 0.0000
2025-06-24 06:21:49,169 [INFO] [src.federated.client] - Client client_4: Local training finished. Processed 480 samples.
2025-06-24 06:21:49,169 [INFO] [src.federated.client] - Client client_7: Starting local training for 3 epochs. Proximal term mu=0.0.
2025-06-24 06:21:49,179 [INFO] [src.federated.client] - Client client_7 - Epoch 1/3 completed. Average Loss: 0.0000
2025-06-24 06:21:49,190 [INFO] [src.federated.client] - Client client_7 - Epoch 2/3 completed. Average Loss: 0.0000
2025-06-24 06:21:49,201 [INFO] [src.federated.client] - Client client_7 - Epoch 3/3 completed. Average Loss: 0.0000
2025-06-24 06:21:49,201 [INFO] [src.federated.client] - Client client_7: Local training finished. Processed 480 samples.
2025-06-24 06:21:49,202 [INFO] [src.federated.client] - Client client_8: Starting local training for 3 epochs. Proximal term mu=0.0.
2025-06-24 06:21:49,213 [INFO] [src.federated.client] - Client client_8 - Epoch 1/3 completed. Average Loss: 0.0000
2025-06-24 06:21:49,222 [INFO] [src.federated.client] - Client client_8 - Epoch 2/3 completed. Average Loss: 0.0000
2025-06-24 06:21:49,233 [INFO] [src.federated.client] - Client client_8 - Epoch 3/3 completed. Average Loss: 0.0000
2025-06-24 06:21:49,233 [INFO] [src.federated.client] - Client client_8: Local training finished. Processed 480 samples.
2025-06-24 06:21:49,234 [INFO] [src.federated.client] - Client client_2: Starting local training for 3 epochs. Proximal term mu=0.0.
2025-06-24 06:21:49,246 [INFO] [src.federated.client] - Client client_2 - Epoch 1/3 completed. Average Loss: 0.0030
2025-06-24 06:21:49,258 [INFO] [src.federated.client] - Client client_2 - Epoch 2/3 completed. Average Loss: 0.0000
2025-06-24 06:21:49,268 [INFO] [src.federated.client] - Client client_2 - Epoch 3/3 completed. Average Loss: 0.0008
2025-06-24 06:21:49,269 [INFO] [src.federated.client] - Client client_2: Local training finished. Processed 480 samples.
2025-06-24 06:21:49,269 [INFO] [src.federated.client] - Client client_0: Starting local training for 3 epochs. Proximal term mu=0.0.
2025-06-24 06:21:49,279 [INFO] [src.federated.client] - Client client_0 - Epoch 1/3 completed. Average Loss: 0.0000
2025-06-24 06:21:49,288 [INFO] [src.federated.client] - Client client_0 - Epoch 2/3 completed. Average Loss: 0.0000
2025-06-24 06:21:49,298 [INFO] [src.federated.client] - Client client_0 - Epoch 3/3 completed. Average Loss: 0.0000
2025-06-24 06:21:49,299 [INFO] [src.federated.client] - Client client_0: Local training finished. Processed 480 samples.
2025-06-24 06:21:49,300 [INFO] [src.federated.client] - Client client_9: Starting local training for 3 epochs. Proximal term mu=0.0.
2025-06-24 06:21:49,310 [INFO] [src.federated.client] - Client client_9 - Epoch 1/3 completed. Average Loss: 0.0149
2025-06-24 06:21:49,320 [INFO] [src.federated.client] - Client client_9 - Epoch 2/3 completed. Average Loss: 0.0007
2025-06-24 06:21:49,329 [INFO] [src.federated.client] - Client client_9 - Epoch 3/3 completed. Average Loss: 0.0276
2025-06-24 06:21:49,329 [INFO] [src.federated.client] - Client client_9: Local training finished. Processed 480 samples.
2025-06-24 06:21:49,330 [INFO] [src.federated.client] - Client client_1: Starting local training for 3 epochs. Proximal term mu=0.0.
2025-06-24 06:21:49,342 [INFO] [src.federated.client] - Client client_1 - Epoch 1/3 completed. Average Loss: 0.0000
2025-06-24 06:21:49,352 [INFO] [src.federated.client] - Client client_1 - Epoch 2/3 completed. Average Loss: 0.0000
2025-06-24 06:21:49,362 [INFO] [src.federated.client] - Client client_1 - Epoch 3/3 completed. Average Loss: 0.0000
2025-06-24 06:21:49,363 [INFO] [src.federated.client] - Client client_1: Local training finished. Processed 480 samples.
2025-06-24 06:21:49,364 [INFO] [src.federated.client] - Client client_6: Starting local training for 3 epochs. Proximal term mu=0.0.
2025-06-24 06:21:49,374 [INFO] [src.federated.client] - Client client_6 - Epoch 1/3 completed. Average Loss: 0.0000
2025-06-24 06:21:49,383 [INFO] [src.federated.client] - Client client_6 - Epoch 2/3 completed. Average Loss: 0.0000
2025-06-24 06:21:49,393 [INFO] [src.federated.client] - Client client_6 - Epoch 3/3 completed. Average Loss: 0.0000
2025-06-24 06:21:49,393 [INFO] [src.federated.client] - Client client_6: Local training finished. Processed 480 samples.
2025-06-24 06:21:49,394 [INFO] [src.federated.server] - Aggregating updates from 10 clients using FedAvg.
2025-06-24 06:21:49,394 [INFO] [src.federated.aggregation] - FedAvg: Aggregating updates from 10 clients.
2025-06-24 06:21:49,395 [INFO] [src.federated.aggregation] - FedAvg: Aggregation complete.
2025-06-24 06:21:49,395 [INFO] [src.federated.server] - Global model updated with aggregated parameters.
2025-06-24 06:21:49,395 [INFO] [src.federated.server] - Evaluating updated global model...
2025-06-24 06:21:49,400 [INFO] [src.federated.server] - Round 35 completed in 0.33s. Eval Metrics: {'loss': 5.357754307162565e-05, 'accuracy': 1.0}
2025-06-24 06:21:49,400 [INFO] [src.federated.server] - ===== Starting Round 36/40 =====
2025-06-24 06:21:49,400 [INFO] [src.federated.server] - Starting federated training round...
2025-06-24 06:21:49,401 [INFO] [src.federated.server] - Selected 10 clients out of 10 available (fraction=1.0, min_clients=1): ['client_0', 'client_9', 'client_5', 'client_6', 'client_1', 'client_2', 'client_7', 'client_4', 'client_3', 'client_8']
2025-06-24 06:21:49,402 [INFO] [src.federated.client] - Client client_0: Starting local training for 3 epochs. Proximal term mu=0.0.
2025-06-24 06:21:49,412 [INFO] [src.federated.client] - Client client_0 - Epoch 1/3 completed. Average Loss: 0.0000
2025-06-24 06:21:49,422 [INFO] [src.federated.client] - Client client_0 - Epoch 2/3 completed. Average Loss: 0.0000
2025-06-24 06:21:49,432 [INFO] [src.federated.client] - Client client_0 - Epoch 3/3 completed. Average Loss: 0.0000
2025-06-24 06:21:49,432 [INFO] [src.federated.client] - Client client_0: Local training finished. Processed 480 samples.
2025-06-24 06:21:49,433 [INFO] [src.federated.client] - Client client_9: Starting local training for 3 epochs. Proximal term mu=0.0.
2025-06-24 06:21:49,443 [INFO] [src.federated.client] - Client client_9 - Epoch 1/3 completed. Average Loss: 0.0001
2025-06-24 06:21:49,453 [INFO] [src.federated.client] - Client client_9 - Epoch 2/3 completed. Average Loss: 0.0185
2025-06-24 06:21:49,464 [INFO] [src.federated.client] - Client client_9 - Epoch 3/3 completed. Average Loss: 0.0005
2025-06-24 06:21:49,464 [INFO] [src.federated.client] - Client client_9: Local training finished. Processed 480 samples.
2025-06-24 06:21:49,465 [INFO] [src.federated.client] - Client client_5: Starting local training for 3 epochs. Proximal term mu=0.0.
2025-06-24 06:21:49,476 [INFO] [src.federated.client] - Client client_5 - Epoch 1/3 completed. Average Loss: 0.0000
2025-06-24 06:21:49,486 [INFO] [src.federated.client] - Client client_5 - Epoch 2/3 completed. Average Loss: 0.0000
2025-06-24 06:21:49,496 [INFO] [src.federated.client] - Client client_5 - Epoch 3/3 completed. Average Loss: 0.0000
2025-06-24 06:21:49,496 [INFO] [src.federated.client] - Client client_5: Local training finished. Processed 480 samples.
2025-06-24 06:21:49,497 [INFO] [src.federated.client] - Client client_6: Starting local training for 3 epochs. Proximal term mu=0.0.
2025-06-24 06:21:49,506 [INFO] [src.federated.client] - Client client_6 - Epoch 1/3 completed. Average Loss: 0.0000
2025-06-24 06:21:49,518 [INFO] [src.federated.client] - Client client_6 - Epoch 2/3 completed. Average Loss: 0.0000
2025-06-24 06:21:49,529 [INFO] [src.federated.client] - Client client_6 - Epoch 3/3 completed. Average Loss: 0.0000
2025-06-24 06:21:49,530 [INFO] [src.federated.client] - Client client_6: Local training finished. Processed 480 samples.
2025-06-24 06:21:49,531 [INFO] [src.federated.client] - Client client_1: Starting local training for 3 epochs. Proximal term mu=0.0.
2025-06-24 06:21:49,541 [INFO] [src.federated.client] - Client client_1 - Epoch 1/3 completed. Average Loss: 0.0000
2025-06-24 06:21:49,551 [INFO] [src.federated.client] - Client client_1 - Epoch 2/3 completed. Average Loss: 0.0000
2025-06-24 06:21:49,561 [INFO] [src.federated.client] - Client client_1 - Epoch 3/3 completed. Average Loss: 0.0000
2025-06-24 06:21:49,562 [INFO] [src.federated.client] - Client client_1: Local training finished. Processed 480 samples.
2025-06-24 06:21:49,562 [INFO] [src.federated.client] - Client client_2: Starting local training for 3 epochs. Proximal term mu=0.0.
2025-06-24 06:21:49,573 [INFO] [src.federated.client] - Client client_2 - Epoch 1/3 completed. Average Loss: 0.0018
2025-06-24 06:21:49,584 [INFO] [src.federated.client] - Client client_2 - Epoch 2/3 completed. Average Loss: 0.0000
2025-06-24 06:21:49,594 [INFO] [src.federated.client] - Client client_2 - Epoch 3/3 completed. Average Loss: 0.0001
2025-06-24 06:21:49,594 [INFO] [src.federated.client] - Client client_2: Local training finished. Processed 480 samples.
2025-06-24 06:21:49,595 [INFO] [src.federated.client] - Client client_7: Starting local training for 3 epochs. Proximal term mu=0.0.
2025-06-24 06:21:49,606 [INFO] [src.federated.client] - Client client_7 - Epoch 1/3 completed. Average Loss: 0.0000
2025-06-24 06:21:49,616 [INFO] [src.federated.client] - Client client_7 - Epoch 2/3 completed. Average Loss: 0.0000
2025-06-24 06:21:49,626 [INFO] [src.federated.client] - Client client_7 - Epoch 3/3 completed. Average Loss: 0.0000
2025-06-24 06:21:49,627 [INFO] [src.federated.client] - Client client_7: Local training finished. Processed 480 samples.
2025-06-24 06:21:49,627 [INFO] [src.federated.client] - Client client_4: Starting local training for 3 epochs. Proximal term mu=0.0.
2025-06-24 06:21:49,637 [INFO] [src.federated.client] - Client client_4 - Epoch 1/3 completed. Average Loss: 0.0000
2025-06-24 06:21:49,647 [INFO] [src.federated.client] - Client client_4 - Epoch 2/3 completed. Average Loss: 0.0000
2025-06-24 06:21:49,657 [INFO] [src.federated.client] - Client client_4 - Epoch 3/3 completed. Average Loss: 0.0000
2025-06-24 06:21:49,657 [INFO] [src.federated.client] - Client client_4: Local training finished. Processed 480 samples.
2025-06-24 06:21:49,658 [INFO] [src.federated.client] - Client client_3: Starting local training for 3 epochs. Proximal term mu=0.0.
2025-06-24 06:21:49,668 [INFO] [src.federated.client] - Client client_3 - Epoch 1/3 completed. Average Loss: 0.0000
2025-06-24 06:21:49,680 [INFO] [src.federated.client] - Client client_3 - Epoch 2/3 completed. Average Loss: 0.0000
2025-06-24 06:21:49,690 [INFO] [src.federated.client] - Client client_3 - Epoch 3/3 completed. Average Loss: 0.0000
2025-06-24 06:21:49,691 [INFO] [src.federated.client] - Client client_3: Local training finished. Processed 480 samples.
2025-06-24 06:21:49,691 [INFO] [src.federated.client] - Client client_8: Starting local training for 3 epochs. Proximal term mu=0.0.
2025-06-24 06:21:49,702 [INFO] [src.federated.client] - Client client_8 - Epoch 1/3 completed. Average Loss: 0.0000
2025-06-24 06:21:49,714 [INFO] [src.federated.client] - Client client_8 - Epoch 2/3 completed. Average Loss: 0.0000
2025-06-24 06:21:49,726 [INFO] [src.federated.client] - Client client_8 - Epoch 3/3 completed. Average Loss: 0.0000
2025-06-24 06:21:49,726 [INFO] [src.federated.client] - Client client_8: Local training finished. Processed 480 samples.
2025-06-24 06:21:49,727 [INFO] [src.federated.server] - Aggregating updates from 10 clients using FedAvg.
2025-06-24 06:21:49,727 [INFO] [src.federated.aggregation] - FedAvg: Aggregating updates from 10 clients.
2025-06-24 06:21:49,728 [INFO] [src.federated.aggregation] - FedAvg: Aggregation complete.
2025-06-24 06:21:49,728 [INFO] [src.federated.server] - Global model updated with aggregated parameters.
2025-06-24 06:21:49,728 [INFO] [src.federated.server] - Evaluating updated global model...
2025-06-24 06:21:49,733 [INFO] [src.federated.server] - Round 36 completed in 0.33s. Eval Metrics: {'loss': 0.0001258137260446901, 'accuracy': 1.0}
2025-06-24 06:21:49,734 [INFO] [src.federated.server] - ===== Starting Round 37/40 =====
2025-06-24 06:21:49,734 [INFO] [src.federated.server] - Starting federated training round...
2025-06-24 06:21:49,734 [INFO] [src.federated.server] - Selected 10 clients out of 10 available (fraction=1.0, min_clients=1): ['client_8', 'client_0', 'client_1', 'client_9', 'client_5', 'client_7', 'client_6', 'client_4', 'client_3', 'client_2']
2025-06-24 06:21:49,735 [INFO] [src.federated.client] - Client client_8: Starting local training for 3 epochs. Proximal term mu=0.0.
2025-06-24 06:21:49,746 [INFO] [src.federated.client] - Client client_8 - Epoch 1/3 completed. Average Loss: 0.0000
2025-06-24 06:21:49,756 [INFO] [src.federated.client] - Client client_8 - Epoch 2/3 completed. Average Loss: 0.0000
2025-06-24 06:21:49,767 [INFO] [src.federated.client] - Client client_8 - Epoch 3/3 completed. Average Loss: 0.0000
2025-06-24 06:21:49,767 [INFO] [src.federated.client] - Client client_8: Local training finished. Processed 480 samples.
2025-06-24 06:21:49,768 [INFO] [src.federated.client] - Client client_0: Starting local training for 3 epochs. Proximal term mu=0.0.
2025-06-24 06:21:49,778 [INFO] [src.federated.client] - Client client_0 - Epoch 1/3 completed. Average Loss: 0.0000
2025-06-24 06:21:49,788 [INFO] [src.federated.client] - Client client_0 - Epoch 2/3 completed. Average Loss: 0.0000
2025-06-24 06:21:49,797 [INFO] [src.federated.client] - Client client_0 - Epoch 3/3 completed. Average Loss: 0.0000
2025-06-24 06:21:49,798 [INFO] [src.federated.client] - Client client_0: Local training finished. Processed 480 samples.
2025-06-24 06:21:49,798 [INFO] [src.federated.client] - Client client_1: Starting local training for 3 epochs. Proximal term mu=0.0.
2025-06-24 06:21:49,809 [INFO] [src.federated.client] - Client client_1 - Epoch 1/3 completed. Average Loss: 0.0000
2025-06-24 06:21:49,819 [INFO] [src.federated.client] - Client client_1 - Epoch 2/3 completed. Average Loss: 0.0000
2025-06-24 06:21:49,829 [INFO] [src.federated.client] - Client client_1 - Epoch 3/3 completed. Average Loss: 0.0000
2025-06-24 06:21:49,830 [INFO] [src.federated.client] - Client client_1: Local training finished. Processed 480 samples.
2025-06-24 06:21:49,830 [INFO] [src.federated.client] - Client client_9: Starting local training for 3 epochs. Proximal term mu=0.0.
2025-06-24 06:21:49,840 [INFO] [src.federated.client] - Client client_9 - Epoch 1/3 completed. Average Loss: 0.0060
2025-06-24 06:21:49,850 [INFO] [src.federated.client] - Client client_9 - Epoch 2/3 completed. Average Loss: 0.0139
2025-06-24 06:21:49,862 [INFO] [src.federated.client] - Client client_9 - Epoch 3/3 completed. Average Loss: 0.0011
2025-06-24 06:21:49,862 [INFO] [src.federated.client] - Client client_9: Local training finished. Processed 480 samples.
2025-06-24 06:21:49,863 [INFO] [src.federated.client] - Client client_5: Starting local training for 3 epochs. Proximal term mu=0.0.
2025-06-24 06:21:49,872 [INFO] [src.federated.client] - Client client_5 - Epoch 1/3 completed. Average Loss: 0.0000
2025-06-24 06:21:49,884 [INFO] [src.federated.client] - Client client_5 - Epoch 2/3 completed. Average Loss: 0.0000
2025-06-24 06:21:49,896 [INFO] [src.federated.client] - Client client_5 - Epoch 3/3 completed. Average Loss: 0.0000
2025-06-24 06:21:49,897 [INFO] [src.federated.client] - Client client_5: Local training finished. Processed 480 samples.
2025-06-24 06:21:49,897 [INFO] [src.federated.client] - Client client_7: Starting local training for 3 epochs. Proximal term mu=0.0.
2025-06-24 06:21:49,907 [INFO] [src.federated.client] - Client client_7 - Epoch 1/3 completed. Average Loss: 0.0000
2025-06-24 06:21:49,918 [INFO] [src.federated.client] - Client client_7 - Epoch 2/3 completed. Average Loss: 0.0000
2025-06-24 06:21:49,927 [INFO] [src.federated.client] - Client client_7 - Epoch 3/3 completed. Average Loss: 0.0000
2025-06-24 06:21:49,928 [INFO] [src.federated.client] - Client client_7: Local training finished. Processed 480 samples.
2025-06-24 06:21:49,929 [INFO] [src.federated.client] - Client client_6: Starting local training for 3 epochs. Proximal term mu=0.0.
2025-06-24 06:21:49,941 [INFO] [src.federated.client] - Client client_6 - Epoch 1/3 completed. Average Loss: 0.0000
2025-06-24 06:21:49,951 [INFO] [src.federated.client] - Client client_6 - Epoch 2/3 completed. Average Loss: 0.0000
2025-06-24 06:21:49,960 [INFO] [src.federated.client] - Client client_6 - Epoch 3/3 completed. Average Loss: 0.0000
2025-06-24 06:21:49,960 [INFO] [src.federated.client] - Client client_6: Local training finished. Processed 480 samples.
2025-06-24 06:21:49,961 [INFO] [src.federated.client] - Client client_4: Starting local training for 3 epochs. Proximal term mu=0.0.
2025-06-24 06:21:49,971 [INFO] [src.federated.client] - Client client_4 - Epoch 1/3 completed. Average Loss: 0.0000
2025-06-24 06:21:49,983 [INFO] [src.federated.client] - Client client_4 - Epoch 2/3 completed. Average Loss: 0.0000
2025-06-24 06:21:49,992 [INFO] [src.federated.client] - Client client_4 - Epoch 3/3 completed. Average Loss: 0.0000
2025-06-24 06:21:49,992 [INFO] [src.federated.client] - Client client_4: Local training finished. Processed 480 samples.
2025-06-24 06:21:49,993 [INFO] [src.federated.client] - Client client_3: Starting local training for 3 epochs. Proximal term mu=0.0.
2025-06-24 06:21:50,002 [INFO] [src.federated.client] - Client client_3 - Epoch 1/3 completed. Average Loss: 0.0000
2025-06-24 06:21:50,013 [INFO] [src.federated.client] - Client client_3 - Epoch 2/3 completed. Average Loss: 0.0000
2025-06-24 06:21:50,024 [INFO] [src.federated.client] - Client client_3 - Epoch 3/3 completed. Average Loss: 0.0000
2025-06-24 06:21:50,024 [INFO] [src.federated.client] - Client client_3: Local training finished. Processed 480 samples.
2025-06-24 06:21:50,025 [INFO] [src.federated.client] - Client client_2: Starting local training for 3 epochs. Proximal term mu=0.0.
2025-06-24 06:21:50,035 [INFO] [src.federated.client] - Client client_2 - Epoch 1/3 completed. Average Loss: 0.0005
2025-06-24 06:21:50,047 [INFO] [src.federated.client] - Client client_2 - Epoch 2/3 completed. Average Loss: 0.0002
2025-06-24 06:21:50,056 [INFO] [src.federated.client] - Client client_2 - Epoch 3/3 completed. Average Loss: 0.0000
2025-06-24 06:21:50,057 [INFO] [src.federated.client] - Client client_2: Local training finished. Processed 480 samples.
2025-06-24 06:21:50,058 [INFO] [src.federated.server] - Aggregating updates from 10 clients using FedAvg.
2025-06-24 06:21:50,058 [INFO] [src.federated.aggregation] - FedAvg: Aggregating updates from 10 clients.
2025-06-24 06:21:50,059 [INFO] [src.federated.aggregation] - FedAvg: Aggregation complete.
2025-06-24 06:21:50,059 [INFO] [src.federated.server] - Global model updated with aggregated parameters.
2025-06-24 06:21:50,060 [INFO] [src.federated.server] - Evaluating updated global model...
2025-06-24 06:21:50,067 [INFO] [src.federated.server] - Round 37 completed in 0.33s. Eval Metrics: {'loss': 6.436183056386824e-05, 'accuracy': 1.0}
2025-06-24 06:21:50,067 [INFO] [src.federated.server] - ===== Starting Round 38/40 =====
2025-06-24 06:21:50,067 [INFO] [src.federated.server] - Starting federated training round...
2025-06-24 06:21:50,067 [INFO] [src.federated.server] - Selected 10 clients out of 10 available (fraction=1.0, min_clients=1): ['client_2', 'client_0', 'client_4', 'client_9', 'client_8', 'client_6', 'client_1', 'client_7', 'client_5', 'client_3']
2025-06-24 06:21:50,069 [INFO] [src.federated.client] - Client client_2: Starting local training for 3 epochs. Proximal term mu=0.0.
2025-06-24 06:21:50,080 [INFO] [src.federated.client] - Client client_2 - Epoch 1/3 completed. Average Loss: 0.0011
2025-06-24 06:21:50,091 [INFO] [src.federated.client] - Client client_2 - Epoch 2/3 completed. Average Loss: 0.0001
2025-06-24 06:21:50,103 [INFO] [src.federated.client] - Client client_2 - Epoch 3/3 completed. Average Loss: 0.0001
2025-06-24 06:21:50,103 [INFO] [src.federated.client] - Client client_2: Local training finished. Processed 480 samples.
2025-06-24 06:21:50,104 [INFO] [src.federated.client] - Client client_0: Starting local training for 3 epochs. Proximal term mu=0.0.
2025-06-24 06:21:50,116 [INFO] [src.federated.client] - Client client_0 - Epoch 1/3 completed. Average Loss: 0.0000
2025-06-24 06:21:50,125 [INFO] [src.federated.client] - Client client_0 - Epoch 2/3 completed. Average Loss: 0.0000
2025-06-24 06:21:50,137 [INFO] [src.federated.client] - Client client_0 - Epoch 3/3 completed. Average Loss: 0.0000
2025-06-24 06:21:50,137 [INFO] [src.federated.client] - Client client_0: Local training finished. Processed 480 samples.
2025-06-24 06:21:50,138 [INFO] [src.federated.client] - Client client_4: Starting local training for 3 epochs. Proximal term mu=0.0.
2025-06-24 06:21:50,147 [INFO] [src.federated.client] - Client client_4 - Epoch 1/3 completed. Average Loss: 0.0000
2025-06-24 06:21:50,157 [INFO] [src.federated.client] - Client client_4 - Epoch 2/3 completed. Average Loss: 0.0000
2025-06-24 06:21:50,168 [INFO] [src.federated.client] - Client client_4 - Epoch 3/3 completed. Average Loss: 0.0000
2025-06-24 06:21:50,169 [INFO] [src.federated.client] - Client client_4: Local training finished. Processed 480 samples.
2025-06-24 06:21:50,169 [INFO] [src.federated.client] - Client client_9: Starting local training for 3 epochs. Proximal term mu=0.0.
2025-06-24 06:21:50,178 [INFO] [src.federated.client] - Client client_9 - Epoch 1/3 completed. Average Loss: 0.0049
2025-06-24 06:21:50,187 [INFO] [src.federated.client] - Client client_9 - Epoch 2/3 completed. Average Loss: 0.0007
2025-06-24 06:21:50,198 [INFO] [src.federated.client] - Client client_9 - Epoch 3/3 completed. Average Loss: 0.0016
2025-06-24 06:21:50,198 [INFO] [src.federated.client] - Client client_9: Local training finished. Processed 480 samples.
2025-06-24 06:21:50,199 [INFO] [src.federated.client] - Client client_8: Starting local training for 3 epochs. Proximal term mu=0.0.
2025-06-24 06:21:50,208 [INFO] [src.federated.client] - Client client_8 - Epoch 1/3 completed. Average Loss: 0.0000
2025-06-24 06:21:50,218 [INFO] [src.federated.client] - Client client_8 - Epoch 2/3 completed. Average Loss: 0.0000
2025-06-24 06:21:50,228 [INFO] [src.federated.client] - Client client_8 - Epoch 3/3 completed. Average Loss: 0.0000
2025-06-24 06:21:50,229 [INFO] [src.federated.client] - Client client_8: Local training finished. Processed 480 samples.
2025-06-24 06:21:50,230 [INFO] [src.federated.client] - Client client_6: Starting local training for 3 epochs. Proximal term mu=0.0.
2025-06-24 06:21:50,241 [INFO] [src.federated.client] - Client client_6 - Epoch 1/3 completed. Average Loss: 0.0000
2025-06-24 06:21:50,252 [INFO] [src.federated.client] - Client client_6 - Epoch 2/3 completed. Average Loss: 0.0000
2025-06-24 06:21:50,263 [INFO] [src.federated.client] - Client client_6 - Epoch 3/3 completed. Average Loss: 0.0000
2025-06-24 06:21:50,264 [INFO] [src.federated.client] - Client client_6: Local training finished. Processed 480 samples.
2025-06-24 06:21:50,264 [INFO] [src.federated.client] - Client client_1: Starting local training for 3 epochs. Proximal term mu=0.0.
2025-06-24 06:21:50,273 [INFO] [src.federated.client] - Client client_1 - Epoch 1/3 completed. Average Loss: 0.0000
2025-06-24 06:21:50,285 [INFO] [src.federated.client] - Client client_1 - Epoch 2/3 completed. Average Loss: 0.0000
2025-06-24 06:21:50,296 [INFO] [src.federated.client] - Client client_1 - Epoch 3/3 completed. Average Loss: 0.0000
2025-06-24 06:21:50,297 [INFO] [src.federated.client] - Client client_1: Local training finished. Processed 480 samples.
2025-06-24 06:21:50,297 [INFO] [src.federated.client] - Client client_7: Starting local training for 3 epochs. Proximal term mu=0.0.
2025-06-24 06:21:50,307 [INFO] [src.federated.client] - Client client_7 - Epoch 1/3 completed. Average Loss: 0.0000
2025-06-24 06:21:50,318 [INFO] [src.federated.client] - Client client_7 - Epoch 2/3 completed. Average Loss: 0.0000
2025-06-24 06:21:50,329 [INFO] [src.federated.client] - Client client_7 - Epoch 3/3 completed. Average Loss: 0.0000
2025-06-24 06:21:50,330 [INFO] [src.federated.client] - Client client_7: Local training finished. Processed 480 samples.
2025-06-24 06:21:50,331 [INFO] [src.federated.client] - Client client_5: Starting local training for 3 epochs. Proximal term mu=0.0.
2025-06-24 06:21:50,342 [INFO] [src.federated.client] - Client client_5 - Epoch 1/3 completed. Average Loss: 0.0000
2025-06-24 06:21:50,352 [INFO] [src.federated.client] - Client client_5 - Epoch 2/3 completed. Average Loss: 0.0000
2025-06-24 06:21:50,362 [INFO] [src.federated.client] - Client client_5 - Epoch 3/3 completed. Average Loss: 0.0000
2025-06-24 06:21:50,363 [INFO] [src.federated.client] - Client client_5: Local training finished. Processed 480 samples.
2025-06-24 06:21:50,363 [INFO] [src.federated.client] - Client client_3: Starting local training for 3 epochs. Proximal term mu=0.0.
2025-06-24 06:21:50,375 [INFO] [src.federated.client] - Client client_3 - Epoch 1/3 completed. Average Loss: 0.0000
2025-06-24 06:21:50,385 [INFO] [src.federated.client] - Client client_3 - Epoch 2/3 completed. Average Loss: 0.0000
2025-06-24 06:21:50,397 [INFO] [src.federated.client] - Client client_3 - Epoch 3/3 completed. Average Loss: 0.0000
2025-06-24 06:21:50,398 [INFO] [src.federated.client] - Client client_3: Local training finished. Processed 480 samples.
2025-06-24 06:21:50,398 [INFO] [src.federated.server] - Aggregating updates from 10 clients using FedAvg.
2025-06-24 06:21:50,398 [INFO] [src.federated.aggregation] - FedAvg: Aggregating updates from 10 clients.
2025-06-24 06:21:50,399 [INFO] [src.federated.aggregation] - FedAvg: Aggregation complete.
2025-06-24 06:21:50,400 [INFO] [src.federated.server] - Global model updated with aggregated parameters.
2025-06-24 06:21:50,400 [INFO] [src.federated.server] - Evaluating updated global model...
2025-06-24 06:21:50,404 [INFO] [src.federated.server] - Round 38 completed in 0.34s. Eval Metrics: {'loss': 3.9390771589680184e-05, 'accuracy': 1.0}
2025-06-24 06:21:50,405 [INFO] [src.federated.server] - ===== Starting Round 39/40 =====
2025-06-24 06:21:50,405 [INFO] [src.federated.server] - Starting federated training round...
2025-06-24 06:21:50,405 [INFO] [src.federated.server] - Selected 10 clients out of 10 available (fraction=1.0, min_clients=1): ['client_5', 'client_8', 'client_6', 'client_4', 'client_9', 'client_1', 'client_7', 'client_0', 'client_2', 'client_3']
2025-06-24 06:21:50,406 [INFO] [src.federated.client] - Client client_5: Starting local training for 3 epochs. Proximal term mu=0.0.
2025-06-24 06:21:50,416 [INFO] [src.federated.client] - Client client_5 - Epoch 1/3 completed. Average Loss: 0.0000
2025-06-24 06:21:50,428 [INFO] [src.federated.client] - Client client_5 - Epoch 2/3 completed. Average Loss: 0.0000
2025-06-24 06:21:50,438 [INFO] [src.federated.client] - Client client_5 - Epoch 3/3 completed. Average Loss: 0.0000
2025-06-24 06:21:50,439 [INFO] [src.federated.client] - Client client_5: Local training finished. Processed 480 samples.
2025-06-24 06:21:50,439 [INFO] [src.federated.client] - Client client_8: Starting local training for 3 epochs. Proximal term mu=0.0.
2025-06-24 06:21:50,448 [INFO] [src.federated.client] - Client client_8 - Epoch 1/3 completed. Average Loss: 0.0000
2025-06-24 06:21:50,458 [INFO] [src.federated.client] - Client client_8 - Epoch 2/3 completed. Average Loss: 0.0000
2025-06-24 06:21:50,469 [INFO] [src.federated.client] - Client client_8 - Epoch 3/3 completed. Average Loss: 0.0000
2025-06-24 06:21:50,470 [INFO] [src.federated.client] - Client client_8: Local training finished. Processed 480 samples.
2025-06-24 06:21:50,471 [INFO] [src.federated.client] - Client client_6: Starting local training for 3 epochs. Proximal term mu=0.0.
2025-06-24 06:21:50,482 [INFO] [src.federated.client] - Client client_6 - Epoch 1/3 completed. Average Loss: 0.0000
2025-06-24 06:21:50,491 [INFO] [src.federated.client] - Client client_6 - Epoch 2/3 completed. Average Loss: 0.0000
2025-06-24 06:21:50,502 [INFO] [src.federated.client] - Client client_6 - Epoch 3/3 completed. Average Loss: 0.0000
2025-06-24 06:21:50,503 [INFO] [src.federated.client] - Client client_6: Local training finished. Processed 480 samples.
2025-06-24 06:21:50,503 [INFO] [src.federated.client] - Client client_4: Starting local training for 3 epochs. Proximal term mu=0.0.
2025-06-24 06:21:50,515 [INFO] [src.federated.client] - Client client_4 - Epoch 1/3 completed. Average Loss: 0.0000
2025-06-24 06:21:50,526 [INFO] [src.federated.client] - Client client_4 - Epoch 2/3 completed. Average Loss: 0.0000
2025-06-24 06:21:50,539 [INFO] [src.federated.client] - Client client_4 - Epoch 3/3 completed. Average Loss: 0.0000
2025-06-24 06:21:50,540 [INFO] [src.federated.client] - Client client_4: Local training finished. Processed 480 samples.
2025-06-24 06:21:50,541 [INFO] [src.federated.client] - Client client_9: Starting local training for 3 epochs. Proximal term mu=0.0.
2025-06-24 06:21:50,551 [INFO] [src.federated.client] - Client client_9 - Epoch 1/3 completed. Average Loss: 0.0006
2025-06-24 06:21:50,562 [INFO] [src.federated.client] - Client client_9 - Epoch 2/3 completed. Average Loss: 0.0009
2025-06-24 06:21:50,572 [INFO] [src.federated.client] - Client client_9 - Epoch 3/3 completed. Average Loss: 0.0002
2025-06-24 06:21:50,573 [INFO] [src.federated.client] - Client client_9: Local training finished. Processed 480 samples.
2025-06-24 06:21:50,573 [INFO] [src.federated.client] - Client client_1: Starting local training for 3 epochs. Proximal term mu=0.0.
2025-06-24 06:21:50,583 [INFO] [src.federated.client] - Client client_1 - Epoch 1/3 completed. Average Loss: 0.0000
2025-06-24 06:21:50,594 [INFO] [src.federated.client] - Client client_1 - Epoch 2/3 completed. Average Loss: 0.0000
2025-06-24 06:21:50,604 [INFO] [src.federated.client] - Client client_1 - Epoch 3/3 completed. Average Loss: 0.0000
2025-06-24 06:21:50,604 [INFO] [src.federated.client] - Client client_1: Local training finished. Processed 480 samples.
2025-06-24 06:21:50,605 [INFO] [src.federated.client] - Client client_7: Starting local training for 3 epochs. Proximal term mu=0.0.
2025-06-24 06:21:50,616 [INFO] [src.federated.client] - Client client_7 - Epoch 1/3 completed. Average Loss: 0.0000
2025-06-24 06:21:50,627 [INFO] [src.federated.client] - Client client_7 - Epoch 2/3 completed. Average Loss: 0.0000
2025-06-24 06:21:50,637 [INFO] [src.federated.client] - Client client_7 - Epoch 3/3 completed. Average Loss: 0.0000
2025-06-24 06:21:50,638 [INFO] [src.federated.client] - Client client_7: Local training finished. Processed 480 samples.
2025-06-24 06:21:50,638 [INFO] [src.federated.client] - Client client_0: Starting local training for 3 epochs. Proximal term mu=0.0.
2025-06-24 06:21:50,649 [INFO] [src.federated.client] - Client client_0 - Epoch 1/3 completed. Average Loss: 0.0000
2025-06-24 06:21:50,660 [INFO] [src.federated.client] - Client client_0 - Epoch 2/3 completed. Average Loss: 0.0000
2025-06-24 06:21:50,671 [INFO] [src.federated.client] - Client client_0 - Epoch 3/3 completed. Average Loss: 0.0000
2025-06-24 06:21:50,672 [INFO] [src.federated.client] - Client client_0: Local training finished. Processed 480 samples.
2025-06-24 06:21:50,672 [INFO] [src.federated.client] - Client client_2: Starting local training for 3 epochs. Proximal term mu=0.0.
2025-06-24 06:21:50,684 [INFO] [src.federated.client] - Client client_2 - Epoch 1/3 completed. Average Loss: 0.0018
2025-06-24 06:21:50,694 [INFO] [src.federated.client] - Client client_2 - Epoch 2/3 completed. Average Loss: 0.0001
2025-06-24 06:21:50,705 [INFO] [src.federated.client] - Client client_2 - Epoch 3/3 completed. Average Loss: 0.0003
2025-06-24 06:21:50,706 [INFO] [src.federated.client] - Client client_2: Local training finished. Processed 480 samples.
2025-06-24 06:21:50,707 [INFO] [src.federated.client] - Client client_3: Starting local training for 3 epochs. Proximal term mu=0.0.
2025-06-24 06:21:50,720 [INFO] [src.federated.client] - Client client_3 - Epoch 1/3 completed. Average Loss: 0.0000
2025-06-24 06:21:50,731 [INFO] [src.federated.client] - Client client_3 - Epoch 2/3 completed. Average Loss: 0.0000
2025-06-24 06:21:50,742 [INFO] [src.federated.client] - Client client_3 - Epoch 3/3 completed. Average Loss: 0.0000
2025-06-24 06:21:50,742 [INFO] [src.federated.client] - Client client_3: Local training finished. Processed 480 samples.
2025-06-24 06:21:50,742 [INFO] [src.federated.server] - Aggregating updates from 10 clients using FedAvg.
2025-06-24 06:21:50,743 [INFO] [src.federated.aggregation] - FedAvg: Aggregating updates from 10 clients.
2025-06-24 06:21:50,743 [INFO] [src.federated.aggregation] - FedAvg: Aggregation complete.
2025-06-24 06:21:50,744 [INFO] [src.federated.server] - Global model updated with aggregated parameters.
2025-06-24 06:21:50,744 [INFO] [src.federated.server] - Evaluating updated global model...
2025-06-24 06:21:50,748 [INFO] [src.federated.server] - Round 39 completed in 0.34s. Eval Metrics: {'loss': 5.5871004692527035e-05, 'accuracy': 1.0}
2025-06-24 06:21:50,749 [INFO] [src.federated.server] - ===== Starting Round 40/40 =====
2025-06-24 06:21:50,749 [INFO] [src.federated.server] - Starting federated training round...
2025-06-24 06:21:50,749 [INFO] [src.federated.server] - Selected 10 clients out of 10 available (fraction=1.0, min_clients=1): ['client_0', 'client_2', 'client_5', 'client_6', 'client_3', 'client_1', 'client_8', 'client_9', 'client_7', 'client_4']
2025-06-24 06:21:50,750 [INFO] [src.federated.client] - Client client_0: Starting local training for 3 epochs. Proximal term mu=0.0.
2025-06-24 06:21:50,760 [INFO] [src.federated.client] - Client client_0 - Epoch 1/3 completed. Average Loss: 0.0000
2025-06-24 06:21:50,770 [INFO] [src.federated.client] - Client client_0 - Epoch 2/3 completed. Average Loss: 0.0000
2025-06-24 06:21:50,779 [INFO] [src.federated.client] - Client client_0 - Epoch 3/3 completed. Average Loss: 0.0000
2025-06-24 06:21:50,780 [INFO] [src.federated.client] - Client client_0: Local training finished. Processed 480 samples.
2025-06-24 06:21:50,780 [INFO] [src.federated.client] - Client client_2: Starting local training for 3 epochs. Proximal term mu=0.0.
2025-06-24 06:21:50,790 [INFO] [src.federated.client] - Client client_2 - Epoch 1/3 completed. Average Loss: 0.0016
2025-06-24 06:21:50,800 [INFO] [src.federated.client] - Client client_2 - Epoch 2/3 completed. Average Loss: 0.0001
2025-06-24 06:21:50,809 [INFO] [src.federated.client] - Client client_2 - Epoch 3/3 completed. Average Loss: 0.0001
2025-06-24 06:21:50,810 [INFO] [src.federated.client] - Client client_2: Local training finished. Processed 480 samples.
2025-06-24 06:21:50,810 [INFO] [src.federated.client] - Client client_5: Starting local training for 3 epochs. Proximal term mu=0.0.
2025-06-24 06:21:50,820 [INFO] [src.federated.client] - Client client_5 - Epoch 1/3 completed. Average Loss: 0.0000
2025-06-24 06:21:50,830 [INFO] [src.federated.client] - Client client_5 - Epoch 2/3 completed. Average Loss: 0.0000
2025-06-24 06:21:50,842 [INFO] [src.federated.client] - Client client_5 - Epoch 3/3 completed. Average Loss: 0.0000
2025-06-24 06:21:50,842 [INFO] [src.federated.client] - Client client_5: Local training finished. Processed 480 samples.
2025-06-24 06:21:50,843 [INFO] [src.federated.client] - Client client_6: Starting local training for 3 epochs. Proximal term mu=0.0.
2025-06-24 06:21:50,854 [INFO] [src.federated.client] - Client client_6 - Epoch 1/3 completed. Average Loss: 0.0000
2025-06-24 06:21:50,863 [INFO] [src.federated.client] - Client client_6 - Epoch 2/3 completed. Average Loss: 0.0000
2025-06-24 06:21:50,874 [INFO] [src.federated.client] - Client client_6 - Epoch 3/3 completed. Average Loss: 0.0000
2025-06-24 06:21:50,875 [INFO] [src.federated.client] - Client client_6: Local training finished. Processed 480 samples.
2025-06-24 06:21:50,875 [INFO] [src.federated.client] - Client client_3: Starting local training for 3 epochs. Proximal term mu=0.0.
2025-06-24 06:21:50,885 [INFO] [src.federated.client] - Client client_3 - Epoch 1/3 completed. Average Loss: 0.0000
2025-06-24 06:21:50,895 [INFO] [src.federated.client] - Client client_3 - Epoch 2/3 completed. Average Loss: 0.0000
2025-06-24 06:21:50,905 [INFO] [src.federated.client] - Client client_3 - Epoch 3/3 completed. Average Loss: 0.0000
2025-06-24 06:21:50,906 [INFO] [src.federated.client] - Client client_3: Local training finished. Processed 480 samples.
2025-06-24 06:21:50,906 [INFO] [src.federated.client] - Client client_1: Starting local training for 3 epochs. Proximal term mu=0.0.
2025-06-24 06:21:50,916 [INFO] [src.federated.client] - Client client_1 - Epoch 1/3 completed. Average Loss: 0.0000
2025-06-24 06:21:50,926 [INFO] [src.federated.client] - Client client_1 - Epoch 2/3 completed. Average Loss: 0.0000
2025-06-24 06:21:50,935 [INFO] [src.federated.client] - Client client_1 - Epoch 3/3 completed. Average Loss: 0.0000
2025-06-24 06:21:50,936 [INFO] [src.federated.client] - Client client_1: Local training finished. Processed 480 samples.
2025-06-24 06:21:50,936 [INFO] [src.federated.client] - Client client_8: Starting local training for 3 epochs. Proximal term mu=0.0.
2025-06-24 06:21:50,947 [INFO] [src.federated.client] - Client client_8 - Epoch 1/3 completed. Average Loss: 0.0000
2025-06-24 06:21:50,959 [INFO] [src.federated.client] - Client client_8 - Epoch 2/3 completed. Average Loss: 0.0000
2025-06-24 06:21:50,970 [INFO] [src.federated.client] - Client client_8 - Epoch 3/3 completed. Average Loss: 0.0000
2025-06-24 06:21:50,971 [INFO] [src.federated.client] - Client client_8: Local training finished. Processed 480 samples.
2025-06-24 06:21:50,971 [INFO] [src.federated.client] - Client client_9: Starting local training for 3 epochs. Proximal term mu=0.0.
2025-06-24 06:21:50,981 [INFO] [src.federated.client] - Client client_9 - Epoch 1/3 completed. Average Loss: 0.0005
2025-06-24 06:21:50,991 [INFO] [src.federated.client] - Client client_9 - Epoch 2/3 completed. Average Loss: 0.0005
2025-06-24 06:21:51,000 [INFO] [src.federated.client] - Client client_9 - Epoch 3/3 completed. Average Loss: 0.0003
2025-06-24 06:21:51,001 [INFO] [src.federated.client] - Client client_9: Local training finished. Processed 480 samples.
2025-06-24 06:21:51,002 [INFO] [src.federated.client] - Client client_7: Starting local training for 3 epochs. Proximal term mu=0.0.
2025-06-24 06:21:51,011 [INFO] [src.federated.client] - Client client_7 - Epoch 1/3 completed. Average Loss: 0.0000
2025-06-24 06:21:51,022 [INFO] [src.federated.client] - Client client_7 - Epoch 2/3 completed. Average Loss: 0.0000
2025-06-24 06:21:51,033 [INFO] [src.federated.client] - Client client_7 - Epoch 3/3 completed. Average Loss: 0.0000
2025-06-24 06:21:51,033 [INFO] [src.federated.client] - Client client_7: Local training finished. Processed 480 samples.
2025-06-24 06:21:51,034 [INFO] [src.federated.client] - Client client_4: Starting local training for 3 epochs. Proximal term mu=0.0.
2025-06-24 06:21:51,043 [INFO] [src.federated.client] - Client client_4 - Epoch 1/3 completed. Average Loss: 0.0000
2025-06-24 06:21:51,055 [INFO] [src.federated.client] - Client client_4 - Epoch 2/3 completed. Average Loss: 0.0000
2025-06-24 06:21:51,065 [INFO] [src.federated.client] - Client client_4 - Epoch 3/3 completed. Average Loss: 0.0000
2025-06-24 06:21:51,066 [INFO] [src.federated.client] - Client client_4: Local training finished. Processed 480 samples.
2025-06-24 06:21:51,066 [INFO] [src.federated.server] - Aggregating updates from 10 clients using FedAvg.
2025-06-24 06:21:51,066 [INFO] [src.federated.aggregation] - FedAvg: Aggregating updates from 10 clients.
2025-06-24 06:21:51,067 [INFO] [src.federated.aggregation] - FedAvg: Aggregation complete.
2025-06-24 06:21:51,067 [INFO] [src.federated.server] - Global model updated with aggregated parameters.
2025-06-24 06:21:51,067 [INFO] [src.federated.server] - Evaluating updated global model...
2025-06-24 06:21:51,072 [INFO] [src.federated.server] - Round 40 completed in 0.32s. Eval Metrics: {'loss': 6.518921318726e-05, 'accuracy': 1.0}
2025-06-24 06:21:51,072 [INFO] [src.federated.server] - Federated training process completed after 40 rounds.
2025-06-24 06:21:51,072 [INFO] [PaperExperimentRunner] - Finished 'Synthetic_Pathological_FEDAVG'. Final Accuracy: 1.0000
2025-06-24 06:21:51,073 [INFO] [PaperExperimentRunner] - --- Setting up: Synthetic_Pathological_FEDDIVE ---
2025-06-24 06:21:51,073 [INFO] [src.utils.data_utils] - Set all random seeds to 42
2025-06-24 06:21:51,073 [INFO] [src.utils.data_utils] - Loading dataset: synthetic_multi_modal, PCA features=None, Scaling=standard, Subset size=None
2025-06-24 06:21:51,073 [INFO] [src.utils.data_utils] - Set all random seeds to 42
2025-06-24 06:21:51,073 [INFO] [src.utils.data_utils] - Generating multi-modal synthetic dataset...
2025-06-24 06:21:51,074 [INFO] [src.utils.data_utils] - Set all random seeds to 42
2025-06-24 06:21:51,077 [INFO] [src.utils.data_utils] - Partitioning synthetic data pathologically...
2025-06-24 06:21:51,078 [INFO] [src.federated.aggregation] - Creating aggregation strategy of type: feddive
2025-06-24 06:21:51,078 [INFO] [src.federated.aggregation] - FedDive parameters: momentum=0.9, epsilon=1e-08, temperature=0.2, normalize_distances=True
2025-06-24 06:21:51,079 [INFO] [src.federated.server] - Federated server initialized on device 'cuda' with aggregation strategy: FedDive
2025-06-24 06:21:51,080 [INFO] [src.federated.client] - Client client_0 initialized on device 'cuda' with 160 samples.
2025-06-24 06:21:51,080 [INFO] [src.federated.server] - Registered client 'client_0'. Total clients: 1.
2025-06-24 06:21:51,081 [INFO] [src.federated.client] - Client client_1 initialized on device 'cuda' with 160 samples.
2025-06-24 06:21:51,081 [INFO] [src.federated.server] - Registered client 'client_1'. Total clients: 2.
2025-06-24 06:21:51,082 [INFO] [src.federated.client] - Client client_2 initialized on device 'cuda' with 160 samples.
2025-06-24 06:21:51,082 [INFO] [src.federated.server] - Registered client 'client_2'. Total clients: 3.
2025-06-24 06:21:51,082 [INFO] [src.federated.client] - Client client_3 initialized on device 'cuda' with 160 samples.
2025-06-24 06:21:51,083 [INFO] [src.federated.server] - Registered client 'client_3'. Total clients: 4.
2025-06-24 06:21:51,083 [INFO] [src.federated.client] - Client client_4 initialized on device 'cuda' with 160 samples.
2025-06-24 06:21:51,083 [INFO] [src.federated.server] - Registered client 'client_4'. Total clients: 5.
2025-06-24 06:21:51,084 [INFO] [src.federated.client] - Client client_5 initialized on device 'cuda' with 160 samples.
2025-06-24 06:21:51,084 [INFO] [src.federated.server] - Registered client 'client_5'. Total clients: 6.
2025-06-24 06:21:51,085 [INFO] [src.federated.client] - Client client_6 initialized on device 'cuda' with 160 samples.
2025-06-24 06:21:51,085 [INFO] [src.federated.server] - Registered client 'client_6'. Total clients: 7.
2025-06-24 06:21:51,086 [INFO] [src.federated.client] - Client client_7 initialized on device 'cuda' with 160 samples.
2025-06-24 06:21:51,086 [INFO] [src.federated.server] - Registered client 'client_7'. Total clients: 8.
2025-06-24 06:21:51,086 [INFO] [src.federated.client] - Client client_8 initialized on device 'cuda' with 160 samples.
2025-06-24 06:21:51,087 [INFO] [src.federated.server] - Registered client 'client_8'. Total clients: 9.
2025-06-24 06:21:51,087 [INFO] [src.federated.client] - Client client_9 initialized on device 'cuda' with 160 samples.
2025-06-24 06:21:51,087 [INFO] [src.federated.server] - Registered client 'client_9'. Total clients: 10.
2025-06-24 06:21:51,088 [INFO] [src.federated.server] - Starting federated training process for 40 rounds.
2025-06-24 06:21:51,088 [INFO] [src.federated.server] - Config: local_epochs=3, client_fraction=1.0, min_clients=1, FedProx mu=0.0
2025-06-24 06:21:51,088 [INFO] [src.federated.server] - Performing initial evaluation of global model...
2025-06-24 06:21:51,093 [INFO] [src.federated.server] - Initial Evaluation Metrics: {'loss': 0.6818606615066528, 'accuracy': 0.4075}
2025-06-24 06:21:51,093 [INFO] [src.federated.server] - ===== Starting Round 1/40 =====
2025-06-24 06:21:51,093 [INFO] [src.federated.server] - Starting federated training round...
2025-06-24 06:21:51,093 [INFO] [src.federated.server] - Selected 10 clients out of 10 available (fraction=1.0, min_clients=1): ['client_1', 'client_0', 'client_4', 'client_9', 'client_6', 'client_5', 'client_8', 'client_2', 'client_3', 'client_7']
2025-06-24 06:21:51,094 [INFO] [src.federated.client] - Client client_1: Starting local training for 3 epochs. Proximal term mu=0.0.
2025-06-24 06:21:51,104 [INFO] [src.federated.client] - Client client_1 - Epoch 1/3 completed. Average Loss: 0.4074
2025-06-24 06:21:51,115 [INFO] [src.federated.client] - Client client_1 - Epoch 2/3 completed. Average Loss: 0.0468
2025-06-24 06:21:51,125 [INFO] [src.federated.client] - Client client_1 - Epoch 3/3 completed. Average Loss: 0.0019
2025-06-24 06:21:51,126 [INFO] [src.federated.client] - Client client_1: Local training finished. Processed 480 samples.
2025-06-24 06:21:51,126 [INFO] [src.federated.client] - Client client_0: Starting local training for 3 epochs. Proximal term mu=0.0.
2025-06-24 06:21:51,137 [INFO] [src.federated.client] - Client client_0 - Epoch 1/3 completed. Average Loss: 0.4235
2025-06-24 06:21:51,147 [INFO] [src.federated.client] - Client client_0 - Epoch 2/3 completed. Average Loss: 0.0544
2025-06-24 06:21:51,157 [INFO] [src.federated.client] - Client client_0 - Epoch 3/3 completed. Average Loss: 0.0029
2025-06-24 06:21:51,158 [INFO] [src.federated.client] - Client client_0: Local training finished. Processed 480 samples.
2025-06-24 06:21:51,159 [INFO] [src.federated.client] - Client client_4: Starting local training for 3 epochs. Proximal term mu=0.0.
2025-06-24 06:21:51,170 [INFO] [src.federated.client] - Client client_4 - Epoch 1/3 completed. Average Loss: 0.4427
2025-06-24 06:21:51,180 [INFO] [src.federated.client] - Client client_4 - Epoch 2/3 completed. Average Loss: 0.0614
2025-06-24 06:21:51,190 [INFO] [src.federated.client] - Client client_4 - Epoch 3/3 completed. Average Loss: 0.0024
2025-06-24 06:21:51,191 [INFO] [src.federated.client] - Client client_4: Local training finished. Processed 480 samples.
2025-06-24 06:21:51,192 [INFO] [src.federated.client] - Client client_9: Starting local training for 3 epochs. Proximal term mu=0.0.
2025-06-24 06:21:51,204 [INFO] [src.federated.client] - Client client_9 - Epoch 1/3 completed. Average Loss: 0.4510
2025-06-24 06:21:51,215 [INFO] [src.federated.client] - Client client_9 - Epoch 2/3 completed. Average Loss: 0.0732
2025-06-24 06:21:51,226 [INFO] [src.federated.client] - Client client_9 - Epoch 3/3 completed. Average Loss: 0.0084
2025-06-24 06:21:51,227 [INFO] [src.federated.client] - Client client_9: Local training finished. Processed 480 samples.
2025-06-24 06:21:51,227 [INFO] [src.federated.client] - Client client_6: Starting local training for 3 epochs. Proximal term mu=0.0.
2025-06-24 06:21:51,237 [INFO] [src.federated.client] - Client client_6 - Epoch 1/3 completed. Average Loss: 0.4112
2025-06-24 06:21:51,247 [INFO] [src.federated.client] - Client client_6 - Epoch 2/3 completed. Average Loss: 0.0546
2025-06-24 06:21:51,257 [INFO] [src.federated.client] - Client client_6 - Epoch 3/3 completed. Average Loss: 0.0043
2025-06-24 06:21:51,257 [INFO] [src.federated.client] - Client client_6: Local training finished. Processed 480 samples.
2025-06-24 06:21:51,258 [INFO] [src.federated.client] - Client client_5: Starting local training for 3 epochs. Proximal term mu=0.0.
2025-06-24 06:21:51,268 [INFO] [src.federated.client] - Client client_5 - Epoch 1/3 completed. Average Loss: 0.4437
2025-06-24 06:21:51,278 [INFO] [src.federated.client] - Client client_5 - Epoch 2/3 completed. Average Loss: 0.0649
2025-06-24 06:21:51,288 [INFO] [src.federated.client] - Client client_5 - Epoch 3/3 completed. Average Loss: 0.0031
2025-06-24 06:21:51,288 [INFO] [src.federated.client] - Client client_5: Local training finished. Processed 480 samples.
2025-06-24 06:21:51,289 [INFO] [src.federated.client] - Client client_8: Starting local training for 3 epochs. Proximal term mu=0.0.
2025-06-24 06:21:51,299 [INFO] [src.federated.client] - Client client_8 - Epoch 1/3 completed. Average Loss: 0.4336
2025-06-24 06:21:51,309 [INFO] [src.federated.client] - Client client_8 - Epoch 2/3 completed. Average Loss: 0.0645
2025-06-24 06:21:51,318 [INFO] [src.federated.client] - Client client_8 - Epoch 3/3 completed. Average Loss: 0.0051
2025-06-24 06:21:51,319 [INFO] [src.federated.client] - Client client_8: Local training finished. Processed 480 samples.
2025-06-24 06:21:51,319 [INFO] [src.federated.client] - Client client_2: Starting local training for 3 epochs. Proximal term mu=0.0.
2025-06-24 06:21:51,330 [INFO] [src.federated.client] - Client client_2 - Epoch 1/3 completed. Average Loss: 0.4204
2025-06-24 06:21:51,341 [INFO] [src.federated.client] - Client client_2 - Epoch 2/3 completed. Average Loss: 0.0631
2025-06-24 06:21:51,351 [INFO] [src.federated.client] - Client client_2 - Epoch 3/3 completed. Average Loss: 0.0077
2025-06-24 06:21:51,352 [INFO] [src.federated.client] - Client client_2: Local training finished. Processed 480 samples.
2025-06-24 06:21:51,352 [INFO] [src.federated.client] - Client client_3: Starting local training for 3 epochs. Proximal term mu=0.0.
2025-06-24 06:21:51,365 [INFO] [src.federated.client] - Client client_3 - Epoch 1/3 completed. Average Loss: 0.5041
2025-06-24 06:21:51,376 [INFO] [src.federated.client] - Client client_3 - Epoch 2/3 completed. Average Loss: 0.1272
2025-06-24 06:21:51,386 [INFO] [src.federated.client] - Client client_3 - Epoch 3/3 completed. Average Loss: 0.0124
2025-06-24 06:21:51,387 [INFO] [src.federated.client] - Client client_3: Local training finished. Processed 480 samples.
2025-06-24 06:21:51,388 [INFO] [src.federated.client] - Client client_7: Starting local training for 3 epochs. Proximal term mu=0.0.
2025-06-24 06:21:51,399 [INFO] [src.federated.client] - Client client_7 - Epoch 1/3 completed. Average Loss: 0.4165
2025-06-24 06:21:51,409 [INFO] [src.federated.client] - Client client_7 - Epoch 2/3 completed. Average Loss: 0.0483
2025-06-24 06:21:51,419 [INFO] [src.federated.client] - Client client_7 - Epoch 3/3 completed. Average Loss: 0.0019
2025-06-24 06:21:51,419 [INFO] [src.federated.client] - Client client_7: Local training finished. Processed 480 samples.
2025-06-24 06:21:51,419 [INFO] [src.federated.server] - Aggregating updates from 10 clients using FedDive.
2025-06-24 06:21:51,420 [INFO] [src.federated.aggregation] - FedDive: Aggregating updates from 10 clients (momentum=0.9).
2025-06-24 06:21:51,420 [INFO] [src.federated.aggregation] - FedDive: Initializing velocity and previous parameters.
2025-06-24 06:21:51,424 [INFO] [src.federated.aggregation] - FedDive: Aggregation complete.
2025-06-24 06:21:51,424 [INFO] [src.federated.server] - Global model updated with aggregated parameters.
2025-06-24 06:21:51,424 [INFO] [src.federated.server] - Evaluating updated global model...
2025-06-24 06:21:51,430 [INFO] [src.federated.server] - Round 1 completed in 0.34s. Eval Metrics: {'loss': 0.0009718634327873588, 'accuracy': 1.0}
2025-06-24 06:21:51,430 [INFO] [src.federated.server] - ===== Starting Round 2/40 =====
2025-06-24 06:21:51,430 [INFO] [src.federated.server] - Starting federated training round...
2025-06-24 06:21:51,430 [INFO] [src.federated.server] - Selected 10 clients out of 10 available (fraction=1.0, min_clients=1): ['client_0', 'client_9', 'client_1', 'client_7', 'client_6', 'client_4', 'client_8', 'client_2', 'client_3', 'client_5']
2025-06-24 06:21:51,431 [INFO] [src.federated.client] - Client client_0: Starting local training for 3 epochs. Proximal term mu=0.0.
2025-06-24 06:21:51,443 [INFO] [src.federated.client] - Client client_0 - Epoch 1/3 completed. Average Loss: 0.0001
2025-06-24 06:21:51,454 [INFO] [src.federated.client] - Client client_0 - Epoch 2/3 completed. Average Loss: 0.0000
2025-06-24 06:21:51,465 [INFO] [src.federated.client] - Client client_0 - Epoch 3/3 completed. Average Loss: 0.0000
2025-06-24 06:21:51,465 [INFO] [src.federated.client] - Client client_0: Local training finished. Processed 480 samples.
2025-06-24 06:21:51,466 [INFO] [src.federated.client] - Client client_9: Starting local training for 3 epochs. Proximal term mu=0.0.
2025-06-24 06:21:51,475 [INFO] [src.federated.client] - Client client_9 - Epoch 1/3 completed. Average Loss: 0.0033
2025-06-24 06:21:51,485 [INFO] [src.federated.client] - Client client_9 - Epoch 2/3 completed. Average Loss: 0.0013
2025-06-24 06:21:51,494 [INFO] [src.federated.client] - Client client_9 - Epoch 3/3 completed. Average Loss: 0.0029
2025-06-24 06:21:51,495 [INFO] [src.federated.client] - Client client_9: Local training finished. Processed 480 samples.
2025-06-24 06:21:51,495 [INFO] [src.federated.client] - Client client_1: Starting local training for 3 epochs. Proximal term mu=0.0.
2025-06-24 06:21:51,506 [INFO] [src.federated.client] - Client client_1 - Epoch 1/3 completed. Average Loss: 0.0001
2025-06-24 06:21:51,516 [INFO] [src.federated.client] - Client client_1 - Epoch 2/3 completed. Average Loss: 0.0000
2025-06-24 06:21:51,526 [INFO] [src.federated.client] - Client client_1 - Epoch 3/3 completed. Average Loss: 0.0000
2025-06-24 06:21:51,526 [INFO] [src.federated.client] - Client client_1: Local training finished. Processed 480 samples.
2025-06-24 06:21:51,527 [INFO] [src.federated.client] - Client client_7: Starting local training for 3 epochs. Proximal term mu=0.0.
2025-06-24 06:21:51,536 [INFO] [src.federated.client] - Client client_7 - Epoch 1/3 completed. Average Loss: 0.0002
2025-06-24 06:21:51,547 [INFO] [src.federated.client] - Client client_7 - Epoch 2/3 completed. Average Loss: 0.0000
2025-06-24 06:21:51,557 [INFO] [src.federated.client] - Client client_7 - Epoch 3/3 completed. Average Loss: 0.0000
2025-06-24 06:21:51,557 [INFO] [src.federated.client] - Client client_7: Local training finished. Processed 480 samples.
2025-06-24 06:21:51,558 [INFO] [src.federated.client] - Client client_6: Starting local training for 3 epochs. Proximal term mu=0.0.
2025-06-24 06:21:51,570 [INFO] [src.federated.client] - Client client_6 - Epoch 1/3 completed. Average Loss: 0.0009
2025-06-24 06:21:51,582 [INFO] [src.federated.client] - Client client_6 - Epoch 2/3 completed. Average Loss: 0.0001
2025-06-24 06:21:51,593 [INFO] [src.federated.client] - Client client_6 - Epoch 3/3 completed. Average Loss: 0.0000
2025-06-24 06:21:51,593 [INFO] [src.federated.client] - Client client_6: Local training finished. Processed 480 samples.
2025-06-24 06:21:51,594 [INFO] [src.federated.client] - Client client_4: Starting local training for 3 epochs. Proximal term mu=0.0.
2025-06-24 06:21:51,606 [INFO] [src.federated.client] - Client client_4 - Epoch 1/3 completed. Average Loss: 0.0003
2025-06-24 06:21:51,616 [INFO] [src.federated.client] - Client client_4 - Epoch 2/3 completed. Average Loss: 0.0000
2025-06-24 06:21:51,627 [INFO] [src.federated.client] - Client client_4 - Epoch 3/3 completed. Average Loss: 0.0000
2025-06-24 06:21:51,628 [INFO] [src.federated.client] - Client client_4: Local training finished. Processed 480 samples.
2025-06-24 06:21:51,629 [INFO] [src.federated.client] - Client client_8: Starting local training for 3 epochs. Proximal term mu=0.0.
2025-06-24 06:21:51,641 [INFO] [src.federated.client] - Client client_8 - Epoch 1/3 completed. Average Loss: 0.0018
2025-06-24 06:21:51,652 [INFO] [src.federated.client] - Client client_8 - Epoch 2/3 completed. Average Loss: 0.0001
2025-06-24 06:21:51,662 [INFO] [src.federated.client] - Client client_8 - Epoch 3/3 completed. Average Loss: 0.0002
2025-06-24 06:21:51,663 [INFO] [src.federated.client] - Client client_8: Local training finished. Processed 480 samples.
2025-06-24 06:21:51,663 [INFO] [src.federated.client] - Client client_2: Starting local training for 3 epochs. Proximal term mu=0.0.
2025-06-24 06:21:51,674 [INFO] [src.federated.client] - Client client_2 - Epoch 1/3 completed. Average Loss: 0.0116
2025-06-24 06:21:51,685 [INFO] [src.federated.client] - Client client_2 - Epoch 2/3 completed. Average Loss: 0.0093
2025-06-24 06:21:51,696 [INFO] [src.federated.client] - Client client_2 - Epoch 3/3 completed. Average Loss: 0.0070
2025-06-24 06:21:51,696 [INFO] [src.federated.client] - Client client_2: Local training finished. Processed 480 samples.
2025-06-24 06:21:51,697 [INFO] [src.federated.client] - Client client_3: Starting local training for 3 epochs. Proximal term mu=0.0.
2025-06-24 06:21:51,706 [INFO] [src.federated.client] - Client client_3 - Epoch 1/3 completed. Average Loss: 0.0004
2025-06-24 06:21:51,717 [INFO] [src.federated.client] - Client client_3 - Epoch 2/3 completed. Average Loss: 0.0000
2025-06-24 06:21:51,727 [INFO] [src.federated.client] - Client client_3 - Epoch 3/3 completed. Average Loss: 0.0000
2025-06-24 06:21:51,727 [INFO] [src.federated.client] - Client client_3: Local training finished. Processed 480 samples.
2025-06-24 06:21:51,728 [INFO] [src.federated.client] - Client client_5: Starting local training for 3 epochs. Proximal term mu=0.0.
2025-06-24 06:21:51,739 [INFO] [src.federated.client] - Client client_5 - Epoch 1/3 completed. Average Loss: 0.0002
2025-06-24 06:21:51,748 [INFO] [src.federated.client] - Client client_5 - Epoch 2/3 completed. Average Loss: 0.0000
2025-06-24 06:21:51,759 [INFO] [src.federated.client] - Client client_5 - Epoch 3/3 completed. Average Loss: 0.0000
2025-06-24 06:21:51,760 [INFO] [src.federated.client] - Client client_5: Local training finished. Processed 480 samples.
2025-06-24 06:21:51,760 [INFO] [src.federated.server] - Aggregating updates from 10 clients using FedDive.
2025-06-24 06:21:51,760 [INFO] [src.federated.aggregation] - FedDive: Aggregating updates from 10 clients (momentum=0.9).
2025-06-24 06:21:51,762 [INFO] [src.federated.aggregation] - FedDive: Aggregation complete.
2025-06-24 06:21:51,763 [INFO] [src.federated.server] - Global model updated with aggregated parameters.
2025-06-24 06:21:51,763 [INFO] [src.federated.server] - Evaluating updated global model...
2025-06-24 06:21:51,768 [INFO] [src.federated.server] - Round 2 completed in 0.34s. Eval Metrics: {'loss': 7.139537767216098e-05, 'accuracy': 1.0}
2025-06-24 06:21:51,768 [INFO] [src.federated.server] - ===== Starting Round 3/40 =====
2025-06-24 06:21:51,769 [INFO] [src.federated.server] - Starting federated training round...
2025-06-24 06:21:51,769 [INFO] [src.federated.server] - Selected 10 clients out of 10 available (fraction=1.0, min_clients=1): ['client_3', 'client_7', 'client_4', 'client_6', 'client_0', 'client_1', 'client_9', 'client_8', 'client_2', 'client_5']
2025-06-24 06:21:51,770 [INFO] [src.federated.client] - Client client_3: Starting local training for 3 epochs. Proximal term mu=0.0.
2025-06-24 06:21:51,782 [INFO] [src.federated.client] - Client client_3 - Epoch 1/3 completed. Average Loss: 0.0000
2025-06-24 06:21:51,792 [INFO] [src.federated.client] - Client client_3 - Epoch 2/3 completed. Average Loss: 0.0000
2025-06-24 06:21:51,802 [INFO] [src.federated.client] - Client client_3 - Epoch 3/3 completed. Average Loss: 0.0000
2025-06-24 06:21:51,803 [INFO] [src.federated.client] - Client client_3: Local training finished. Processed 480 samples.
2025-06-24 06:21:51,803 [INFO] [src.federated.client] - Client client_7: Starting local training for 3 epochs. Proximal term mu=0.0.
2025-06-24 06:21:51,815 [INFO] [src.federated.client] - Client client_7 - Epoch 1/3 completed. Average Loss: 0.0011
2025-06-24 06:21:51,825 [INFO] [src.federated.client] - Client client_7 - Epoch 2/3 completed. Average Loss: 0.0000
2025-06-24 06:21:51,835 [INFO] [src.federated.client] - Client client_7 - Epoch 3/3 completed. Average Loss: 0.0000
2025-06-24 06:21:51,835 [INFO] [src.federated.client] - Client client_7: Local training finished. Processed 480 samples.
2025-06-24 06:21:51,836 [INFO] [src.federated.client] - Client client_4: Starting local training for 3 epochs. Proximal term mu=0.0.
2025-06-24 06:21:51,846 [INFO] [src.federated.client] - Client client_4 - Epoch 1/3 completed. Average Loss: 0.0000
2025-06-24 06:21:51,856 [INFO] [src.federated.client] - Client client_4 - Epoch 2/3 completed. Average Loss: 0.0000
2025-06-24 06:21:51,867 [INFO] [src.federated.client] - Client client_4 - Epoch 3/3 completed. Average Loss: 0.0000
2025-06-24 06:21:51,867 [INFO] [src.federated.client] - Client client_4: Local training finished. Processed 480 samples.
2025-06-24 06:21:51,868 [INFO] [src.federated.client] - Client client_6: Starting local training for 3 epochs. Proximal term mu=0.0.
2025-06-24 06:21:51,879 [INFO] [src.federated.client] - Client client_6 - Epoch 1/3 completed. Average Loss: 0.0000
2025-06-24 06:21:51,888 [INFO] [src.federated.client] - Client client_6 - Epoch 2/3 completed. Average Loss: 0.0000
2025-06-24 06:21:51,898 [INFO] [src.federated.client] - Client client_6 - Epoch 3/3 completed. Average Loss: 0.0000
2025-06-24 06:21:51,898 [INFO] [src.federated.client] - Client client_6: Local training finished. Processed 480 samples.
2025-06-24 06:21:51,899 [INFO] [src.federated.client] - Client client_0: Starting local training for 3 epochs. Proximal term mu=0.0.
2025-06-24 06:21:51,909 [INFO] [src.federated.client] - Client client_0 - Epoch 1/3 completed. Average Loss: 0.0000
2025-06-24 06:21:51,919 [INFO] [src.federated.client] - Client client_0 - Epoch 2/3 completed. Average Loss: 0.0000
2025-06-24 06:21:51,931 [INFO] [src.federated.client] - Client client_0 - Epoch 3/3 completed. Average Loss: 0.0000
2025-06-24 06:21:51,931 [INFO] [src.federated.client] - Client client_0: Local training finished. Processed 480 samples.
2025-06-24 06:21:51,932 [INFO] [src.federated.client] - Client client_1: Starting local training for 3 epochs. Proximal term mu=0.0.
2025-06-24 06:21:51,942 [INFO] [src.federated.client] - Client client_1 - Epoch 1/3 completed. Average Loss: 0.0000
2025-06-24 06:21:51,951 [INFO] [src.federated.client] - Client client_1 - Epoch 2/3 completed. Average Loss: 0.0000
2025-06-24 06:21:51,961 [INFO] [src.federated.client] - Client client_1 - Epoch 3/3 completed. Average Loss: 0.0000
2025-06-24 06:21:51,961 [INFO] [src.federated.client] - Client client_1: Local training finished. Processed 480 samples.
2025-06-24 06:21:51,962 [INFO] [src.federated.client] - Client client_9: Starting local training for 3 epochs. Proximal term mu=0.0.
2025-06-24 06:21:51,972 [INFO] [src.federated.client] - Client client_9 - Epoch 1/3 completed. Average Loss: 0.0010
2025-06-24 06:21:51,983 [INFO] [src.federated.client] - Client client_9 - Epoch 2/3 completed. Average Loss: 0.0011
2025-06-24 06:21:51,994 [INFO] [src.federated.client] - Client client_9 - Epoch 3/3 completed. Average Loss: 0.0007
2025-06-24 06:21:51,994 [INFO] [src.federated.client] - Client client_9: Local training finished. Processed 480 samples.
2025-06-24 06:21:51,995 [INFO] [src.federated.client] - Client client_8: Starting local training for 3 epochs. Proximal term mu=0.0.
2025-06-24 06:21:52,004 [INFO] [src.federated.client] - Client client_8 - Epoch 1/3 completed. Average Loss: 0.0000
2025-06-24 06:21:52,014 [INFO] [src.federated.client] - Client client_8 - Epoch 2/3 completed. Average Loss: 0.0000
2025-06-24 06:21:52,025 [INFO] [src.federated.client] - Client client_8 - Epoch 3/3 completed. Average Loss: 0.0000
2025-06-24 06:21:52,025 [INFO] [src.federated.client] - Client client_8: Local training finished. Processed 480 samples.
2025-06-24 06:21:52,026 [INFO] [src.federated.client] - Client client_2: Starting local training for 3 epochs. Proximal term mu=0.0.
2025-06-24 06:21:52,036 [INFO] [src.federated.client] - Client client_2 - Epoch 1/3 completed. Average Loss: 0.0115
2025-06-24 06:21:52,046 [INFO] [src.federated.client] - Client client_2 - Epoch 2/3 completed. Average Loss: 0.0025
2025-06-24 06:21:52,057 [INFO] [src.federated.client] - Client client_2 - Epoch 3/3 completed. Average Loss: 0.0008
2025-06-24 06:21:52,057 [INFO] [src.federated.client] - Client client_2: Local training finished. Processed 480 samples.
2025-06-24 06:21:52,058 [INFO] [src.federated.client] - Client client_5: Starting local training for 3 epochs. Proximal term mu=0.0.
2025-06-24 06:21:52,069 [INFO] [src.federated.client] - Client client_5 - Epoch 1/3 completed. Average Loss: 0.0000
2025-06-24 06:21:52,078 [INFO] [src.federated.client] - Client client_5 - Epoch 2/3 completed. Average Loss: 0.0000
2025-06-24 06:21:52,087 [INFO] [src.federated.client] - Client client_5 - Epoch 3/3 completed. Average Loss: 0.0000
2025-06-24 06:21:52,087 [INFO] [src.federated.client] - Client client_5: Local training finished. Processed 480 samples.
2025-06-24 06:21:52,087 [INFO] [src.federated.server] - Aggregating updates from 10 clients using FedDive.
2025-06-24 06:21:52,088 [INFO] [src.federated.aggregation] - FedDive: Aggregating updates from 10 clients (momentum=0.9).
2025-06-24 06:21:52,089 [INFO] [src.federated.aggregation] - FedDive: Aggregation complete.
2025-06-24 06:21:52,090 [INFO] [src.federated.server] - Global model updated with aggregated parameters.
2025-06-24 06:21:52,090 [INFO] [src.federated.server] - Evaluating updated global model...
2025-06-24 06:21:52,095 [INFO] [src.federated.server] - Round 3 completed in 0.33s. Eval Metrics: {'loss': 3.719413009093842e-05, 'accuracy': 1.0}
2025-06-24 06:21:52,096 [INFO] [src.federated.server] - ===== Starting Round 4/40 =====
2025-06-24 06:21:52,096 [INFO] [src.federated.server] - Starting federated training round...
2025-06-24 06:21:52,096 [INFO] [src.federated.server] - Selected 10 clients out of 10 available (fraction=1.0, min_clients=1): ['client_3', 'client_5', 'client_1', 'client_0', 'client_9', 'client_6', 'client_2', 'client_7', 'client_8', 'client_4']
2025-06-24 06:21:52,097 [INFO] [src.federated.client] - Client client_3: Starting local training for 3 epochs. Proximal term mu=0.0.
2025-06-24 06:21:52,108 [INFO] [src.federated.client] - Client client_3 - Epoch 1/3 completed. Average Loss: 0.0000
2025-06-24 06:21:52,117 [INFO] [src.federated.client] - Client client_3 - Epoch 2/3 completed. Average Loss: 0.0000
2025-06-24 06:21:52,128 [INFO] [src.federated.client] - Client client_3 - Epoch 3/3 completed. Average Loss: 0.0000
2025-06-24 06:21:52,128 [INFO] [src.federated.client] - Client client_3: Local training finished. Processed 480 samples.
2025-06-24 06:21:52,129 [INFO] [src.federated.client] - Client client_5: Starting local training for 3 epochs. Proximal term mu=0.0.
2025-06-24 06:21:52,138 [INFO] [src.federated.client] - Client client_5 - Epoch 1/3 completed. Average Loss: 0.0000
2025-06-24 06:21:52,149 [INFO] [src.federated.client] - Client client_5 - Epoch 2/3 completed. Average Loss: 0.0000
2025-06-24 06:21:52,159 [INFO] [src.federated.client] - Client client_5 - Epoch 3/3 completed. Average Loss: 0.0000
2025-06-24 06:21:52,159 [INFO] [src.federated.client] - Client client_5: Local training finished. Processed 480 samples.
2025-06-24 06:21:52,160 [INFO] [src.federated.client] - Client client_1: Starting local training for 3 epochs. Proximal term mu=0.0.
2025-06-24 06:21:52,171 [INFO] [src.federated.client] - Client client_1 - Epoch 1/3 completed. Average Loss: 0.0000
2025-06-24 06:21:52,182 [INFO] [src.federated.client] - Client client_1 - Epoch 2/3 completed. Average Loss: 0.0000
2025-06-24 06:21:52,193 [INFO] [src.federated.client] - Client client_1 - Epoch 3/3 completed. Average Loss: 0.0000
2025-06-24 06:21:52,194 [INFO] [src.federated.client] - Client client_1: Local training finished. Processed 480 samples.
2025-06-24 06:21:52,195 [INFO] [src.federated.client] - Client client_0: Starting local training for 3 epochs. Proximal term mu=0.0.
2025-06-24 06:21:52,207 [INFO] [src.federated.client] - Client client_0 - Epoch 1/3 completed. Average Loss: 0.0000
2025-06-24 06:21:52,217 [INFO] [src.federated.client] - Client client_0 - Epoch 2/3 completed. Average Loss: 0.0000
2025-06-24 06:21:52,227 [INFO] [src.federated.client] - Client client_0 - Epoch 3/3 completed. Average Loss: 0.0000
2025-06-24 06:21:52,228 [INFO] [src.federated.client] - Client client_0: Local training finished. Processed 480 samples.
2025-06-24 06:21:52,229 [INFO] [src.federated.client] - Client client_9: Starting local training for 3 epochs. Proximal term mu=0.0.
2025-06-24 06:21:52,242 [INFO] [src.federated.client] - Client client_9 - Epoch 1/3 completed. Average Loss: 0.0014
2025-06-24 06:21:52,254 [INFO] [src.federated.client] - Client client_9 - Epoch 2/3 completed. Average Loss: 0.0004
2025-06-24 06:21:52,263 [INFO] [src.federated.client] - Client client_9 - Epoch 3/3 completed. Average Loss: 0.0032
2025-06-24 06:21:52,263 [INFO] [src.federated.client] - Client client_9: Local training finished. Processed 480 samples.
2025-06-24 06:21:52,264 [INFO] [src.federated.client] - Client client_6: Starting local training for 3 epochs. Proximal term mu=0.0.
2025-06-24 06:21:52,273 [INFO] [src.federated.client] - Client client_6 - Epoch 1/3 completed. Average Loss: 0.0000
2025-06-24 06:21:52,282 [INFO] [src.federated.client] - Client client_6 - Epoch 2/3 completed. Average Loss: 0.0000
2025-06-24 06:21:52,292 [INFO] [src.federated.client] - Client client_6 - Epoch 3/3 completed. Average Loss: 0.0000
2025-06-24 06:21:52,292 [INFO] [src.federated.client] - Client client_6: Local training finished. Processed 480 samples.
2025-06-24 06:21:52,293 [INFO] [src.federated.client] - Client client_2: Starting local training for 3 epochs. Proximal term mu=0.0.
2025-06-24 06:21:52,304 [INFO] [src.federated.client] - Client client_2 - Epoch 1/3 completed. Average Loss: 0.0117
2025-06-24 06:21:52,314 [INFO] [src.federated.client] - Client client_2 - Epoch 2/3 completed. Average Loss: 0.0048
2025-06-24 06:21:52,324 [INFO] [src.federated.client] - Client client_2 - Epoch 3/3 completed. Average Loss: 0.0021
2025-06-24 06:21:52,325 [INFO] [src.federated.client] - Client client_2: Local training finished. Processed 480 samples.
2025-06-24 06:21:52,325 [INFO] [src.federated.client] - Client client_7: Starting local training for 3 epochs. Proximal term mu=0.0.
2025-06-24 06:21:52,336 [INFO] [src.federated.client] - Client client_7 - Epoch 1/3 completed. Average Loss: 0.0025
2025-06-24 06:21:52,346 [INFO] [src.federated.client] - Client client_7 - Epoch 2/3 completed. Average Loss: 0.0000
2025-06-24 06:21:52,354 [INFO] [src.federated.client] - Client client_7 - Epoch 3/3 completed. Average Loss: 0.0138
2025-06-24 06:21:52,355 [INFO] [src.federated.client] - Client client_7: Local training finished. Processed 480 samples.
2025-06-24 06:21:52,356 [INFO] [src.federated.client] - Client client_8: Starting local training for 3 epochs. Proximal term mu=0.0.
2025-06-24 06:21:52,368 [INFO] [src.federated.client] - Client client_8 - Epoch 1/3 completed. Average Loss: 0.0000
2025-06-24 06:21:52,379 [INFO] [src.federated.client] - Client client_8 - Epoch 2/3 completed. Average Loss: 0.0000
2025-06-24 06:21:52,389 [INFO] [src.federated.client] - Client client_8 - Epoch 3/3 completed. Average Loss: 0.0000
2025-06-24 06:21:52,390 [INFO] [src.federated.client] - Client client_8: Local training finished. Processed 480 samples.
2025-06-24 06:21:52,390 [INFO] [src.federated.client] - Client client_4: Starting local training for 3 epochs. Proximal term mu=0.0.
2025-06-24 06:21:52,400 [INFO] [src.federated.client] - Client client_4 - Epoch 1/3 completed. Average Loss: 0.0000
2025-06-24 06:21:52,409 [INFO] [src.federated.client] - Client client_4 - Epoch 2/3 completed. Average Loss: 0.0000
2025-06-24 06:21:52,419 [INFO] [src.federated.client] - Client client_4 - Epoch 3/3 completed. Average Loss: 0.0000
2025-06-24 06:21:52,420 [INFO] [src.federated.client] - Client client_4: Local training finished. Processed 480 samples.
2025-06-24 06:21:52,420 [INFO] [src.federated.server] - Aggregating updates from 10 clients using FedDive.
2025-06-24 06:21:52,420 [INFO] [src.federated.aggregation] - FedDive: Aggregating updates from 10 clients (momentum=0.9).
2025-06-24 06:21:52,422 [INFO] [src.federated.aggregation] - FedDive: Aggregation complete.
2025-06-24 06:21:52,422 [INFO] [src.federated.server] - Global model updated with aggregated parameters.
2025-06-24 06:21:52,422 [INFO] [src.federated.server] - Evaluating updated global model...
2025-06-24 06:21:52,427 [INFO] [src.federated.server] - Round 4 completed in 0.33s. Eval Metrics: {'loss': 2.963076520245522e-05, 'accuracy': 1.0}
2025-06-24 06:21:52,428 [INFO] [src.federated.server] - ===== Starting Round 5/40 =====
2025-06-24 06:21:52,428 [INFO] [src.federated.server] - Starting federated training round...
2025-06-24 06:21:52,428 [INFO] [src.federated.server] - Selected 10 clients out of 10 available (fraction=1.0, min_clients=1): ['client_7', 'client_8', 'client_1', 'client_3', 'client_0', 'client_4', 'client_2', 'client_6', 'client_9', 'client_5']
2025-06-24 06:21:52,428 [INFO] [src.federated.client] - Client client_7: Starting local training for 3 epochs. Proximal term mu=0.0.
2025-06-24 06:21:52,439 [INFO] [src.federated.client] - Client client_7 - Epoch 1/3 completed. Average Loss: 0.0671
2025-06-24 06:21:52,449 [INFO] [src.federated.client] - Client client_7 - Epoch 2/3 completed. Average Loss: 0.0007
2025-06-24 06:21:52,459 [INFO] [src.federated.client] - Client client_7 - Epoch 3/3 completed. Average Loss: 0.0000
2025-06-24 06:21:52,460 [INFO] [src.federated.client] - Client client_7: Local training finished. Processed 480 samples.
2025-06-24 06:21:52,461 [INFO] [src.federated.client] - Client client_8: Starting local training for 3 epochs. Proximal term mu=0.0.
2025-06-24 06:21:52,472 [INFO] [src.federated.client] - Client client_8 - Epoch 1/3 completed. Average Loss: 0.0000
2025-06-24 06:21:52,483 [INFO] [src.federated.client] - Client client_8 - Epoch 2/3 completed. Average Loss: 0.0000
2025-06-24 06:21:52,493 [INFO] [src.federated.client] - Client client_8 - Epoch 3/3 completed. Average Loss: 0.0000
2025-06-24 06:21:52,493 [INFO] [src.federated.client] - Client client_8: Local training finished. Processed 480 samples.
2025-06-24 06:21:52,494 [INFO] [src.federated.client] - Client client_1: Starting local training for 3 epochs. Proximal term mu=0.0.
2025-06-24 06:21:52,504 [INFO] [src.federated.client] - Client client_1 - Epoch 1/3 completed. Average Loss: 0.0000
2025-06-24 06:21:52,513 [INFO] [src.federated.client] - Client client_1 - Epoch 2/3 completed. Average Loss: 0.0000
2025-06-24 06:21:52,524 [INFO] [src.federated.client] - Client client_1 - Epoch 3/3 completed. Average Loss: 0.0000
2025-06-24 06:21:52,524 [INFO] [src.federated.client] - Client client_1: Local training finished. Processed 480 samples.
2025-06-24 06:21:52,525 [INFO] [src.federated.client] - Client client_3: Starting local training for 3 epochs. Proximal term mu=0.0.
2025-06-24 06:21:52,535 [INFO] [src.federated.client] - Client client_3 - Epoch 1/3 completed. Average Loss: 0.0000
2025-06-24 06:21:52,546 [INFO] [src.federated.client] - Client client_3 - Epoch 2/3 completed. Average Loss: 0.0000
2025-06-24 06:21:52,557 [INFO] [src.federated.client] - Client client_3 - Epoch 3/3 completed. Average Loss: 0.0000
2025-06-24 06:21:52,558 [INFO] [src.federated.client] - Client client_3: Local training finished. Processed 480 samples.
2025-06-24 06:21:52,559 [INFO] [src.federated.client] - Client client_0: Starting local training for 3 epochs. Proximal term mu=0.0.
2025-06-24 06:21:52,569 [INFO] [src.federated.client] - Client client_0 - Epoch 1/3 completed. Average Loss: 0.0000
2025-06-24 06:21:52,582 [INFO] [src.federated.client] - Client client_0 - Epoch 2/3 completed. Average Loss: 0.0000
2025-06-24 06:21:52,592 [INFO] [src.federated.client] - Client client_0 - Epoch 3/3 completed. Average Loss: 0.0000
2025-06-24 06:21:52,592 [INFO] [src.federated.client] - Client client_0: Local training finished. Processed 480 samples.
2025-06-24 06:21:52,593 [INFO] [src.federated.client] - Client client_4: Starting local training for 3 epochs. Proximal term mu=0.0.
2025-06-24 06:21:52,603 [INFO] [src.federated.client] - Client client_4 - Epoch 1/3 completed. Average Loss: 0.0000
2025-06-24 06:21:52,614 [INFO] [src.federated.client] - Client client_4 - Epoch 2/3 completed. Average Loss: 0.0000
2025-06-24 06:21:52,623 [INFO] [src.federated.client] - Client client_4 - Epoch 3/3 completed. Average Loss: 0.0000
2025-06-24 06:21:52,624 [INFO] [src.federated.client] - Client client_4: Local training finished. Processed 480 samples.
2025-06-24 06:21:52,624 [INFO] [src.federated.client] - Client client_2: Starting local training for 3 epochs. Proximal term mu=0.0.
2025-06-24 06:21:52,635 [INFO] [src.federated.client] - Client client_2 - Epoch 1/3 completed. Average Loss: 0.0244
2025-06-24 06:21:52,645 [INFO] [src.federated.client] - Client client_2 - Epoch 2/3 completed. Average Loss: 0.0025
2025-06-24 06:21:52,656 [INFO] [src.federated.client] - Client client_2 - Epoch 3/3 completed. Average Loss: 0.0125
2025-06-24 06:21:52,657 [INFO] [src.federated.client] - Client client_2: Local training finished. Processed 480 samples.
2025-06-24 06:21:52,657 [INFO] [src.federated.client] - Client client_6: Starting local training for 3 epochs. Proximal term mu=0.0.
2025-06-24 06:21:52,669 [INFO] [src.federated.client] - Client client_6 - Epoch 1/3 completed. Average Loss: 0.0000
2025-06-24 06:21:52,678 [INFO] [src.federated.client] - Client client_6 - Epoch 2/3 completed. Average Loss: 0.0000
2025-06-24 06:21:52,688 [INFO] [src.federated.client] - Client client_6 - Epoch 3/3 completed. Average Loss: 0.0000
2025-06-24 06:21:52,689 [INFO] [src.federated.client] - Client client_6: Local training finished. Processed 480 samples.
2025-06-24 06:21:52,689 [INFO] [src.federated.client] - Client client_9: Starting local training for 3 epochs. Proximal term mu=0.0.
2025-06-24 06:21:52,700 [INFO] [src.federated.client] - Client client_9 - Epoch 1/3 completed. Average Loss: 0.0228
2025-06-24 06:21:52,712 [INFO] [src.federated.client] - Client client_9 - Epoch 2/3 completed. Average Loss: 0.0066
2025-06-24 06:21:52,723 [INFO] [src.federated.client] - Client client_9 - Epoch 3/3 completed. Average Loss: 0.0183
2025-06-24 06:21:52,724 [INFO] [src.federated.client] - Client client_9: Local training finished. Processed 480 samples.
2025-06-24 06:21:52,725 [INFO] [src.federated.client] - Client client_5: Starting local training for 3 epochs. Proximal term mu=0.0.
2025-06-24 06:21:52,736 [INFO] [src.federated.client] - Client client_5 - Epoch 1/3 completed. Average Loss: 0.0000
2025-06-24 06:21:52,746 [INFO] [src.federated.client] - Client client_5 - Epoch 2/3 completed. Average Loss: 0.0000
2025-06-24 06:21:52,758 [INFO] [src.federated.client] - Client client_5 - Epoch 3/3 completed. Average Loss: 0.0000
2025-06-24 06:21:52,758 [INFO] [src.federated.client] - Client client_5: Local training finished. Processed 480 samples.
2025-06-24 06:21:52,758 [INFO] [src.federated.server] - Aggregating updates from 10 clients using FedDive.
2025-06-24 06:21:52,759 [INFO] [src.federated.aggregation] - FedDive: Aggregating updates from 10 clients (momentum=0.9).
2025-06-24 06:21:52,760 [INFO] [src.federated.aggregation] - FedDive: Aggregation complete.
2025-06-24 06:21:52,761 [INFO] [src.federated.server] - Global model updated with aggregated parameters.
2025-06-24 06:21:52,761 [INFO] [src.federated.server] - Evaluating updated global model...
2025-06-24 06:21:52,766 [INFO] [src.federated.server] - Round 5 completed in 0.34s. Eval Metrics: {'loss': 0.0010457884017886698, 'accuracy': 1.0}
2025-06-24 06:21:52,766 [INFO] [src.federated.server] - ===== Starting Round 6/40 =====
2025-06-24 06:21:52,766 [INFO] [src.federated.server] - Starting federated training round...
2025-06-24 06:21:52,766 [INFO] [src.federated.server] - Selected 10 clients out of 10 available (fraction=1.0, min_clients=1): ['client_1', 'client_0', 'client_3', 'client_6', 'client_2', 'client_8', 'client_9', 'client_4', 'client_7', 'client_5']
2025-06-24 06:21:52,767 [INFO] [src.federated.client] - Client client_1: Starting local training for 3 epochs. Proximal term mu=0.0.
2025-06-24 06:21:52,779 [INFO] [src.federated.client] - Client client_1 - Epoch 1/3 completed. Average Loss: 0.0000
2025-06-24 06:21:52,791 [INFO] [src.federated.client] - Client client_1 - Epoch 2/3 completed. Average Loss: 0.0000
2025-06-24 06:21:52,801 [INFO] [src.federated.client] - Client client_1 - Epoch 3/3 completed. Average Loss: 0.0000
2025-06-24 06:21:52,801 [INFO] [src.federated.client] - Client client_1: Local training finished. Processed 480 samples.
2025-06-24 06:21:52,802 [INFO] [src.federated.client] - Client client_0: Starting local training for 3 epochs. Proximal term mu=0.0.
2025-06-24 06:21:52,811 [INFO] [src.federated.client] - Client client_0 - Epoch 1/3 completed. Average Loss: 0.0000
2025-06-24 06:21:52,821 [INFO] [src.federated.client] - Client client_0 - Epoch 2/3 completed. Average Loss: 0.0000
2025-06-24 06:21:52,833 [INFO] [src.federated.client] - Client client_0 - Epoch 3/3 completed. Average Loss: 0.0000
2025-06-24 06:21:52,834 [INFO] [src.federated.client] - Client client_0: Local training finished. Processed 480 samples.
2025-06-24 06:21:52,834 [INFO] [src.federated.client] - Client client_3: Starting local training for 3 epochs. Proximal term mu=0.0.
2025-06-24 06:21:52,845 [INFO] [src.federated.client] - Client client_3 - Epoch 1/3 completed. Average Loss: 0.0000
2025-06-24 06:21:52,855 [INFO] [src.federated.client] - Client client_3 - Epoch 2/3 completed. Average Loss: 0.0000
2025-06-24 06:21:52,866 [INFO] [src.federated.client] - Client client_3 - Epoch 3/3 completed. Average Loss: 0.0000
2025-06-24 06:21:52,866 [INFO] [src.federated.client] - Client client_3: Local training finished. Processed 480 samples.
2025-06-24 06:21:52,867 [INFO] [src.federated.client] - Client client_6: Starting local training for 3 epochs. Proximal term mu=0.0.
2025-06-24 06:21:52,878 [INFO] [src.federated.client] - Client client_6 - Epoch 1/3 completed. Average Loss: 0.0002
2025-06-24 06:21:52,889 [INFO] [src.federated.client] - Client client_6 - Epoch 2/3 completed. Average Loss: 0.0001
2025-06-24 06:21:52,900 [INFO] [src.federated.client] - Client client_6 - Epoch 3/3 completed. Average Loss: 0.0000
2025-06-24 06:21:52,901 [INFO] [src.federated.client] - Client client_6: Local training finished. Processed 480 samples.
2025-06-24 06:21:52,901 [INFO] [src.federated.client] - Client client_2: Starting local training for 3 epochs. Proximal term mu=0.0.
2025-06-24 06:21:52,913 [INFO] [src.federated.client] - Client client_2 - Epoch 1/3 completed. Average Loss: 0.0124
2025-06-24 06:21:52,922 [INFO] [src.federated.client] - Client client_2 - Epoch 2/3 completed. Average Loss: 0.0009
2025-06-24 06:21:52,932 [INFO] [src.federated.client] - Client client_2 - Epoch 3/3 completed. Average Loss: 0.0004
2025-06-24 06:21:52,932 [INFO] [src.federated.client] - Client client_2: Local training finished. Processed 480 samples.
2025-06-24 06:21:52,933 [INFO] [src.federated.client] - Client client_8: Starting local training for 3 epochs. Proximal term mu=0.0.
2025-06-24 06:21:52,944 [INFO] [src.federated.client] - Client client_8 - Epoch 1/3 completed. Average Loss: 0.0001
2025-06-24 06:21:52,954 [INFO] [src.federated.client] - Client client_8 - Epoch 2/3 completed. Average Loss: 0.0000
2025-06-24 06:21:52,965 [INFO] [src.federated.client] - Client client_8 - Epoch 3/3 completed. Average Loss: 0.0000
2025-06-24 06:21:52,965 [INFO] [src.federated.client] - Client client_8: Local training finished. Processed 480 samples.
2025-06-24 06:21:52,966 [INFO] [src.federated.client] - Client client_9: Starting local training for 3 epochs. Proximal term mu=0.0.
2025-06-24 06:21:52,977 [INFO] [src.federated.client] - Client client_9 - Epoch 1/3 completed. Average Loss: 0.0000
2025-06-24 06:21:52,986 [INFO] [src.federated.client] - Client client_9 - Epoch 2/3 completed. Average Loss: 0.0234
2025-06-24 06:21:52,997 [INFO] [src.federated.client] - Client client_9 - Epoch 3/3 completed. Average Loss: 0.0006
2025-06-24 06:21:52,997 [INFO] [src.federated.client] - Client client_9: Local training finished. Processed 480 samples.
2025-06-24 06:21:52,998 [INFO] [src.federated.client] - Client client_4: Starting local training for 3 epochs. Proximal term mu=0.0.
2025-06-24 06:21:53,010 [INFO] [src.federated.client] - Client client_4 - Epoch 1/3 completed. Average Loss: 0.0000
2025-06-24 06:21:53,020 [INFO] [src.federated.client] - Client client_4 - Epoch 2/3 completed. Average Loss: 0.0000
2025-06-24 06:21:53,032 [INFO] [src.federated.client] - Client client_4 - Epoch 3/3 completed. Average Loss: 0.0000
2025-06-24 06:21:53,032 [INFO] [src.federated.client] - Client client_4: Local training finished. Processed 480 samples.
2025-06-24 06:21:53,033 [INFO] [src.federated.client] - Client client_7: Starting local training for 3 epochs. Proximal term mu=0.0.
2025-06-24 06:21:53,043 [INFO] [src.federated.client] - Client client_7 - Epoch 1/3 completed. Average Loss: 0.0000
2025-06-24 06:21:53,053 [INFO] [src.federated.client] - Client client_7 - Epoch 2/3 completed. Average Loss: 0.0000
2025-06-24 06:21:53,063 [INFO] [src.federated.client] - Client client_7 - Epoch 3/3 completed. Average Loss: 0.0000
2025-06-24 06:21:53,064 [INFO] [src.federated.client] - Client client_7: Local training finished. Processed 480 samples.
2025-06-24 06:21:53,064 [INFO] [src.federated.client] - Client client_5: Starting local training for 3 epochs. Proximal term mu=0.0.
2025-06-24 06:21:53,075 [INFO] [src.federated.client] - Client client_5 - Epoch 1/3 completed. Average Loss: 0.0000
2025-06-24 06:21:53,084 [INFO] [src.federated.client] - Client client_5 - Epoch 2/3 completed. Average Loss: 0.0000
2025-06-24 06:21:53,095 [INFO] [src.federated.client] - Client client_5 - Epoch 3/3 completed. Average Loss: 0.0000
2025-06-24 06:21:53,095 [INFO] [src.federated.client] - Client client_5: Local training finished. Processed 480 samples.
2025-06-24 06:21:53,095 [INFO] [src.federated.server] - Aggregating updates from 10 clients using FedDive.
2025-06-24 06:21:53,096 [INFO] [src.federated.aggregation] - FedDive: Aggregating updates from 10 clients (momentum=0.9).
2025-06-24 06:21:53,097 [INFO] [src.federated.aggregation] - FedDive: Aggregation complete.
2025-06-24 06:21:53,098 [INFO] [src.federated.server] - Global model updated with aggregated parameters.
2025-06-24 06:21:53,098 [INFO] [src.federated.server] - Evaluating updated global model...
2025-06-24 06:21:53,102 [INFO] [src.federated.server] - Round 6 completed in 0.34s. Eval Metrics: {'loss': 0.0001245562625261698, 'accuracy': 1.0}
2025-06-24 06:21:53,103 [INFO] [src.federated.server] - ===== Starting Round 7/40 =====
2025-06-24 06:21:53,103 [INFO] [src.federated.server] - Starting federated training round...
2025-06-24 06:21:53,103 [INFO] [src.federated.server] - Selected 10 clients out of 10 available (fraction=1.0, min_clients=1): ['client_7', 'client_5', 'client_2', 'client_9', 'client_6', 'client_1', 'client_8', 'client_3', 'client_0', 'client_4']
2025-06-24 06:21:53,104 [INFO] [src.federated.client] - Client client_7: Starting local training for 3 epochs. Proximal term mu=0.0.
2025-06-24 06:21:53,113 [INFO] [src.federated.client] - Client client_7 - Epoch 1/3 completed. Average Loss: 0.0000
2025-06-24 06:21:53,124 [INFO] [src.federated.client] - Client client_7 - Epoch 2/3 completed. Average Loss: 0.0000
2025-06-24 06:21:53,135 [INFO] [src.federated.client] - Client client_7 - Epoch 3/3 completed. Average Loss: 0.0000
2025-06-24 06:21:53,135 [INFO] [src.federated.client] - Client client_7: Local training finished. Processed 480 samples.
2025-06-24 06:21:53,136 [INFO] [src.federated.client] - Client client_5: Starting local training for 3 epochs. Proximal term mu=0.0.
2025-06-24 06:21:53,146 [INFO] [src.federated.client] - Client client_5 - Epoch 1/3 completed. Average Loss: 0.0000
2025-06-24 06:21:53,157 [INFO] [src.federated.client] - Client client_5 - Epoch 2/3 completed. Average Loss: 0.0000
2025-06-24 06:21:53,168 [INFO] [src.federated.client] - Client client_5 - Epoch 3/3 completed. Average Loss: 0.0000
2025-06-24 06:21:53,169 [INFO] [src.federated.client] - Client client_5: Local training finished. Processed 480 samples.
2025-06-24 06:21:53,170 [INFO] [src.federated.client] - Client client_2: Starting local training for 3 epochs. Proximal term mu=0.0.
2025-06-24 06:21:53,180 [INFO] [src.federated.client] - Client client_2 - Epoch 1/3 completed. Average Loss: 0.0020
2025-06-24 06:21:53,191 [INFO] [src.federated.client] - Client client_2 - Epoch 2/3 completed. Average Loss: 0.0003
2025-06-24 06:21:53,201 [INFO] [src.federated.client] - Client client_2 - Epoch 3/3 completed. Average Loss: 0.0018
2025-06-24 06:21:53,201 [INFO] [src.federated.client] - Client client_2: Local training finished. Processed 480 samples.
2025-06-24 06:21:53,202 [INFO] [src.federated.client] - Client client_9: Starting local training for 3 epochs. Proximal term mu=0.0.
2025-06-24 06:21:53,212 [INFO] [src.federated.client] - Client client_9 - Epoch 1/3 completed. Average Loss: 0.0011
2025-06-24 06:21:53,222 [INFO] [src.federated.client] - Client client_9 - Epoch 2/3 completed. Average Loss: 0.0031
2025-06-24 06:21:53,232 [INFO] [src.federated.client] - Client client_9 - Epoch 3/3 completed. Average Loss: 0.0012
2025-06-24 06:21:53,233 [INFO] [src.federated.client] - Client client_9: Local training finished. Processed 480 samples.
2025-06-24 06:21:53,233 [INFO] [src.federated.client] - Client client_6: Starting local training for 3 epochs. Proximal term mu=0.0.
2025-06-24 06:21:53,244 [INFO] [src.federated.client] - Client client_6 - Epoch 1/3 completed. Average Loss: 0.0000
2025-06-24 06:21:53,254 [INFO] [src.federated.client] - Client client_6 - Epoch 2/3 completed. Average Loss: 0.0000
2025-06-24 06:21:53,263 [INFO] [src.federated.client] - Client client_6 - Epoch 3/3 completed. Average Loss: 0.0000
2025-06-24 06:21:53,264 [INFO] [src.federated.client] - Client client_6: Local training finished. Processed 480 samples.
2025-06-24 06:21:53,265 [INFO] [src.federated.client] - Client client_1: Starting local training for 3 epochs. Proximal term mu=0.0.
2025-06-24 06:21:53,274 [INFO] [src.federated.client] - Client client_1 - Epoch 1/3 completed. Average Loss: 0.0000
2025-06-24 06:21:53,285 [INFO] [src.federated.client] - Client client_1 - Epoch 2/3 completed. Average Loss: 0.0000
2025-06-24 06:21:53,295 [INFO] [src.federated.client] - Client client_1 - Epoch 3/3 completed. Average Loss: 0.0000
2025-06-24 06:21:53,295 [INFO] [src.federated.client] - Client client_1: Local training finished. Processed 480 samples.
2025-06-24 06:21:53,296 [INFO] [src.federated.client] - Client client_8: Starting local training for 3 epochs. Proximal term mu=0.0.
2025-06-24 06:21:53,306 [INFO] [src.federated.client] - Client client_8 - Epoch 1/3 completed. Average Loss: 0.0000
2025-06-24 06:21:53,316 [INFO] [src.federated.client] - Client client_8 - Epoch 2/3 completed. Average Loss: 0.0000
2025-06-24 06:21:53,326 [INFO] [src.federated.client] - Client client_8 - Epoch 3/3 completed. Average Loss: 0.0000
2025-06-24 06:21:53,326 [INFO] [src.federated.client] - Client client_8: Local training finished. Processed 480 samples.
2025-06-24 06:21:53,327 [INFO] [src.federated.client] - Client client_3: Starting local training for 3 epochs. Proximal term mu=0.0.
2025-06-24 06:21:53,336 [INFO] [src.federated.client] - Client client_3 - Epoch 1/3 completed. Average Loss: 0.0000
2025-06-24 06:21:53,347 [INFO] [src.federated.client] - Client client_3 - Epoch 2/3 completed. Average Loss: 0.0000
2025-06-24 06:21:53,357 [INFO] [src.federated.client] - Client client_3 - Epoch 3/3 completed. Average Loss: 0.0000
2025-06-24 06:21:53,357 [INFO] [src.federated.client] - Client client_3: Local training finished. Processed 480 samples.
2025-06-24 06:21:53,358 [INFO] [src.federated.client] - Client client_0: Starting local training for 3 epochs. Proximal term mu=0.0.
2025-06-24 06:21:53,368 [INFO] [src.federated.client] - Client client_0 - Epoch 1/3 completed. Average Loss: 0.0000
2025-06-24 06:21:53,378 [INFO] [src.federated.client] - Client client_0 - Epoch 2/3 completed. Average Loss: 0.0000
2025-06-24 06:21:53,387 [INFO] [src.federated.client] - Client client_0 - Epoch 3/3 completed. Average Loss: 0.0000
2025-06-24 06:21:53,388 [INFO] [src.federated.client] - Client client_0: Local training finished. Processed 480 samples.
2025-06-24 06:21:53,388 [INFO] [src.federated.client] - Client client_4: Starting local training for 3 epochs. Proximal term mu=0.0.
2025-06-24 06:21:53,398 [INFO] [src.federated.client] - Client client_4 - Epoch 1/3 completed. Average Loss: 0.0000
2025-06-24 06:21:53,410 [INFO] [src.federated.client] - Client client_4 - Epoch 2/3 completed. Average Loss: 0.0000
2025-06-24 06:21:53,419 [INFO] [src.federated.client] - Client client_4 - Epoch 3/3 completed. Average Loss: 0.0000
2025-06-24 06:21:53,420 [INFO] [src.federated.client] - Client client_4: Local training finished. Processed 480 samples.
2025-06-24 06:21:53,420 [INFO] [src.federated.server] - Aggregating updates from 10 clients using FedDive.
2025-06-24 06:21:53,420 [INFO] [src.federated.aggregation] - FedDive: Aggregating updates from 10 clients (momentum=0.9).
2025-06-24 06:21:53,421 [INFO] [src.federated.aggregation] - FedDive: Aggregation complete.
2025-06-24 06:21:53,422 [INFO] [src.federated.server] - Global model updated with aggregated parameters.
2025-06-24 06:21:53,422 [INFO] [src.federated.server] - Evaluating updated global model...
2025-06-24 06:21:53,427 [INFO] [src.federated.server] - Round 7 completed in 0.32s. Eval Metrics: {'loss': 1.5527928753726882e-05, 'accuracy': 1.0}
2025-06-24 06:21:53,427 [INFO] [src.federated.server] - ===== Starting Round 8/40 =====
2025-06-24 06:21:53,427 [INFO] [src.federated.server] - Starting federated training round...
2025-06-24 06:21:53,427 [INFO] [src.federated.server] - Selected 10 clients out of 10 available (fraction=1.0, min_clients=1): ['client_8', 'client_3', 'client_2', 'client_9', 'client_6', 'client_7', 'client_1', 'client_4', 'client_5', 'client_0']
2025-06-24 06:21:53,428 [INFO] [src.federated.client] - Client client_8: Starting local training for 3 epochs. Proximal term mu=0.0.
2025-06-24 06:21:53,439 [INFO] [src.federated.client] - Client client_8 - Epoch 1/3 completed. Average Loss: 0.0000
2025-06-24 06:21:53,449 [INFO] [src.federated.client] - Client client_8 - Epoch 2/3 completed. Average Loss: 0.0000
2025-06-24 06:21:53,459 [INFO] [src.federated.client] - Client client_8 - Epoch 3/3 completed. Average Loss: 0.0000
2025-06-24 06:21:53,460 [INFO] [src.federated.client] - Client client_8: Local training finished. Processed 480 samples.
2025-06-24 06:21:53,460 [INFO] [src.federated.client] - Client client_3: Starting local training for 3 epochs. Proximal term mu=0.0.
2025-06-24 06:21:53,471 [INFO] [src.federated.client] - Client client_3 - Epoch 1/3 completed. Average Loss: 0.0000
2025-06-24 06:21:53,481 [INFO] [src.federated.client] - Client client_3 - Epoch 2/3 completed. Average Loss: 0.0000
2025-06-24 06:21:53,491 [INFO] [src.federated.client] - Client client_3 - Epoch 3/3 completed. Average Loss: 0.0000
2025-06-24 06:21:53,491 [INFO] [src.federated.client] - Client client_3: Local training finished. Processed 480 samples.
2025-06-24 06:21:53,492 [INFO] [src.federated.client] - Client client_2: Starting local training for 3 epochs. Proximal term mu=0.0.
2025-06-24 06:21:53,502 [INFO] [src.federated.client] - Client client_2 - Epoch 1/3 completed. Average Loss: 0.0209
2025-06-24 06:21:53,511 [INFO] [src.federated.client] - Client client_2 - Epoch 2/3 completed. Average Loss: 0.0005
2025-06-24 06:21:53,521 [INFO] [src.federated.client] - Client client_2 - Epoch 3/3 completed. Average Loss: 0.0169
2025-06-24 06:21:53,521 [INFO] [src.federated.client] - Client client_2: Local training finished. Processed 480 samples.
2025-06-24 06:21:53,522 [INFO] [src.federated.client] - Client client_9: Starting local training for 3 epochs. Proximal term mu=0.0.
2025-06-24 06:21:53,532 [INFO] [src.federated.client] - Client client_9 - Epoch 1/3 completed. Average Loss: 0.0016
2025-06-24 06:21:53,542 [INFO] [src.federated.client] - Client client_9 - Epoch 2/3 completed. Average Loss: 0.0004
2025-06-24 06:21:53,554 [INFO] [src.federated.client] - Client client_9 - Epoch 3/3 completed. Average Loss: 0.0034
2025-06-24 06:21:53,554 [INFO] [src.federated.client] - Client client_9: Local training finished. Processed 480 samples.
2025-06-24 06:21:53,555 [INFO] [src.federated.client] - Client client_6: Starting local training for 3 epochs. Proximal term mu=0.0.
2025-06-24 06:21:53,565 [INFO] [src.federated.client] - Client client_6 - Epoch 1/3 completed. Average Loss: 0.0000
2025-06-24 06:21:53,575 [INFO] [src.federated.client] - Client client_6 - Epoch 2/3 completed. Average Loss: 0.0000
2025-06-24 06:21:53,585 [INFO] [src.federated.client] - Client client_6 - Epoch 3/3 completed. Average Loss: 0.0000
2025-06-24 06:21:53,586 [INFO] [src.federated.client] - Client client_6: Local training finished. Processed 480 samples.
2025-06-24 06:21:53,586 [INFO] [src.federated.client] - Client client_7: Starting local training for 3 epochs. Proximal term mu=0.0.
2025-06-24 06:21:53,596 [INFO] [src.federated.client] - Client client_7 - Epoch 1/3 completed. Average Loss: 0.0000
2025-06-24 06:21:53,606 [INFO] [src.federated.client] - Client client_7 - Epoch 2/3 completed. Average Loss: 0.0000
2025-06-24 06:21:53,616 [INFO] [src.federated.client] - Client client_7 - Epoch 3/3 completed. Average Loss: 0.0000
2025-06-24 06:21:53,617 [INFO] [src.federated.client] - Client client_7: Local training finished. Processed 480 samples.
2025-06-24 06:21:53,618 [INFO] [src.federated.client] - Client client_1: Starting local training for 3 epochs. Proximal term mu=0.0.
2025-06-24 06:21:53,630 [INFO] [src.federated.client] - Client client_1 - Epoch 1/3 completed. Average Loss: 0.0000
2025-06-24 06:21:53,641 [INFO] [src.federated.client] - Client client_1 - Epoch 2/3 completed. Average Loss: 0.0000
2025-06-24 06:21:53,654 [INFO] [src.federated.client] - Client client_1 - Epoch 3/3 completed. Average Loss: 0.0000
2025-06-24 06:21:53,654 [INFO] [src.federated.client] - Client client_1: Local training finished. Processed 480 samples.
2025-06-24 06:21:53,655 [INFO] [src.federated.client] - Client client_4: Starting local training for 3 epochs. Proximal term mu=0.0.
2025-06-24 06:21:53,666 [INFO] [src.federated.client] - Client client_4 - Epoch 1/3 completed. Average Loss: 0.0000
2025-06-24 06:21:53,677 [INFO] [src.federated.client] - Client client_4 - Epoch 2/3 completed. Average Loss: 0.0000
2025-06-24 06:21:53,688 [INFO] [src.federated.client] - Client client_4 - Epoch 3/3 completed. Average Loss: 0.0000
2025-06-24 06:21:53,689 [INFO] [src.federated.client] - Client client_4: Local training finished. Processed 480 samples.
2025-06-24 06:21:53,689 [INFO] [src.federated.client] - Client client_5: Starting local training for 3 epochs. Proximal term mu=0.0.
2025-06-24 06:21:53,700 [INFO] [src.federated.client] - Client client_5 - Epoch 1/3 completed. Average Loss: 0.0000
2025-06-24 06:21:53,710 [INFO] [src.federated.client] - Client client_5 - Epoch 2/3 completed. Average Loss: 0.0000
2025-06-24 06:21:53,721 [INFO] [src.federated.client] - Client client_5 - Epoch 3/3 completed. Average Loss: 0.0000
2025-06-24 06:21:53,722 [INFO] [src.federated.client] - Client client_5: Local training finished. Processed 480 samples.
2025-06-24 06:21:53,722 [INFO] [src.federated.client] - Client client_0: Starting local training for 3 epochs. Proximal term mu=0.0.
2025-06-24 06:21:53,733 [INFO] [src.federated.client] - Client client_0 - Epoch 1/3 completed. Average Loss: 0.0000
2025-06-24 06:21:53,743 [INFO] [src.federated.client] - Client client_0 - Epoch 2/3 completed. Average Loss: 0.0000
2025-06-24 06:21:53,753 [INFO] [src.federated.client] - Client client_0 - Epoch 3/3 completed. Average Loss: 0.0000
2025-06-24 06:21:53,754 [INFO] [src.federated.client] - Client client_0: Local training finished. Processed 480 samples.
2025-06-24 06:21:53,754 [INFO] [src.federated.server] - Aggregating updates from 10 clients using FedDive.
2025-06-24 06:21:53,754 [INFO] [src.federated.aggregation] - FedDive: Aggregating updates from 10 clients (momentum=0.9).
2025-06-24 06:21:53,756 [INFO] [src.federated.aggregation] - FedDive: Aggregation complete.
2025-06-24 06:21:53,757 [INFO] [src.federated.server] - Global model updated with aggregated parameters.
2025-06-24 06:21:53,757 [INFO] [src.federated.server] - Evaluating updated global model...
2025-06-24 06:21:53,765 [INFO] [src.federated.server] - Round 8 completed in 0.34s. Eval Metrics: {'loss': 1.3081677881245923e-05, 'accuracy': 1.0}
2025-06-24 06:21:53,765 [INFO] [src.federated.server] - ===== Starting Round 9/40 =====
2025-06-24 06:21:53,765 [INFO] [src.federated.server] - Starting federated training round...
2025-06-24 06:21:53,765 [INFO] [src.federated.server] - Selected 10 clients out of 10 available (fraction=1.0, min_clients=1): ['client_3', 'client_0', 'client_5', 'client_9', 'client_2', 'client_8', 'client_1', 'client_7', 'client_6', 'client_4']
2025-06-24 06:21:53,767 [INFO] [src.federated.client] - Client client_3: Starting local training for 3 epochs. Proximal term mu=0.0.
2025-06-24 06:21:53,779 [INFO] [src.federated.client] - Client client_3 - Epoch 1/3 completed. Average Loss: 0.0000
2025-06-24 06:21:53,790 [INFO] [src.federated.client] - Client client_3 - Epoch 2/3 completed. Average Loss: 0.0000
2025-06-24 06:21:53,800 [INFO] [src.federated.client] - Client client_3 - Epoch 3/3 completed. Average Loss: 0.0000
2025-06-24 06:21:53,801 [INFO] [src.federated.client] - Client client_3: Local training finished. Processed 480 samples.
2025-06-24 06:21:53,801 [INFO] [src.federated.client] - Client client_0: Starting local training for 3 epochs. Proximal term mu=0.0.
2025-06-24 06:21:53,813 [INFO] [src.federated.client] - Client client_0 - Epoch 1/3 completed. Average Loss: 0.0000
2025-06-24 06:21:53,823 [INFO] [src.federated.client] - Client client_0 - Epoch 2/3 completed. Average Loss: 0.0000
2025-06-24 06:21:53,835 [INFO] [src.federated.client] - Client client_0 - Epoch 3/3 completed. Average Loss: 0.0000
2025-06-24 06:21:53,835 [INFO] [src.federated.client] - Client client_0: Local training finished. Processed 480 samples.
2025-06-24 06:21:53,836 [INFO] [src.federated.client] - Client client_5: Starting local training for 3 epochs. Proximal term mu=0.0.
2025-06-24 06:21:53,847 [INFO] [src.federated.client] - Client client_5 - Epoch 1/3 completed. Average Loss: 0.0000
2025-06-24 06:21:53,857 [INFO] [src.federated.client] - Client client_5 - Epoch 2/3 completed. Average Loss: 0.0000
2025-06-24 06:21:53,870 [INFO] [src.federated.client] - Client client_5 - Epoch 3/3 completed. Average Loss: 0.0000
2025-06-24 06:21:53,870 [INFO] [src.federated.client] - Client client_5: Local training finished. Processed 480 samples.
2025-06-24 06:21:53,871 [INFO] [src.federated.client] - Client client_9: Starting local training for 3 epochs. Proximal term mu=0.0.
2025-06-24 06:21:53,881 [INFO] [src.federated.client] - Client client_9 - Epoch 1/3 completed. Average Loss: 0.0101
2025-06-24 06:21:53,892 [INFO] [src.federated.client] - Client client_9 - Epoch 2/3 completed. Average Loss: 0.0025
2025-06-24 06:21:53,903 [INFO] [src.federated.client] - Client client_9 - Epoch 3/3 completed. Average Loss: 0.0061
2025-06-24 06:21:53,903 [INFO] [src.federated.client] - Client client_9: Local training finished. Processed 480 samples.
2025-06-24 06:21:53,904 [INFO] [src.federated.client] - Client client_2: Starting local training for 3 epochs. Proximal term mu=0.0.
2025-06-24 06:21:53,915 [INFO] [src.federated.client] - Client client_2 - Epoch 1/3 completed. Average Loss: 0.0184
2025-06-24 06:21:53,925 [INFO] [src.federated.client] - Client client_2 - Epoch 2/3 completed. Average Loss: 0.0236
2025-06-24 06:21:53,934 [INFO] [src.federated.client] - Client client_2 - Epoch 3/3 completed. Average Loss: 0.0154
2025-06-24 06:21:53,935 [INFO] [src.federated.client] - Client client_2: Local training finished. Processed 480 samples.
2025-06-24 06:21:53,935 [INFO] [src.federated.client] - Client client_8: Starting local training for 3 epochs. Proximal term mu=0.0.
2025-06-24 06:21:53,945 [INFO] [src.federated.client] - Client client_8 - Epoch 1/3 completed. Average Loss: 0.0000
2025-06-24 06:21:53,956 [INFO] [src.federated.client] - Client client_8 - Epoch 2/3 completed. Average Loss: 0.0000
2025-06-24 06:21:53,968 [INFO] [src.federated.client] - Client client_8 - Epoch 3/3 completed. Average Loss: 0.0000
2025-06-24 06:21:53,968 [INFO] [src.federated.client] - Client client_8: Local training finished. Processed 480 samples.
2025-06-24 06:21:53,969 [INFO] [src.federated.client] - Client client_1: Starting local training for 3 epochs. Proximal term mu=0.0.
2025-06-24 06:21:53,980 [INFO] [src.federated.client] - Client client_1 - Epoch 1/3 completed. Average Loss: 0.0000
2025-06-24 06:21:53,989 [INFO] [src.federated.client] - Client client_1 - Epoch 2/3 completed. Average Loss: 0.0000
2025-06-24 06:21:54,001 [INFO] [src.federated.client] - Client client_1 - Epoch 3/3 completed. Average Loss: 0.0000
2025-06-24 06:21:54,002 [INFO] [src.federated.client] - Client client_1: Local training finished. Processed 480 samples.
2025-06-24 06:21:54,003 [INFO] [src.federated.client] - Client client_7: Starting local training for 3 epochs. Proximal term mu=0.0.
2025-06-24 06:21:54,014 [INFO] [src.federated.client] - Client client_7 - Epoch 1/3 completed. Average Loss: 0.0000
2025-06-24 06:21:54,025 [INFO] [src.federated.client] - Client client_7 - Epoch 2/3 completed. Average Loss: 0.0000
2025-06-24 06:21:54,035 [INFO] [src.federated.client] - Client client_7 - Epoch 3/3 completed. Average Loss: 0.0000
2025-06-24 06:21:54,035 [INFO] [src.federated.client] - Client client_7: Local training finished. Processed 480 samples.
2025-06-24 06:21:54,036 [INFO] [src.federated.client] - Client client_6: Starting local training for 3 epochs. Proximal term mu=0.0.
2025-06-24 06:21:54,046 [INFO] [src.federated.client] - Client client_6 - Epoch 1/3 completed. Average Loss: 0.0000
2025-06-24 06:21:54,056 [INFO] [src.federated.client] - Client client_6 - Epoch 2/3 completed. Average Loss: 0.0000
2025-06-24 06:21:54,067 [INFO] [src.federated.client] - Client client_6 - Epoch 3/3 completed. Average Loss: 0.0000
2025-06-24 06:21:54,067 [INFO] [src.federated.client] - Client client_6: Local training finished. Processed 480 samples.
2025-06-24 06:21:54,068 [INFO] [src.federated.client] - Client client_4: Starting local training for 3 epochs. Proximal term mu=0.0.
2025-06-24 06:21:54,079 [INFO] [src.federated.client] - Client client_4 - Epoch 1/3 completed. Average Loss: 0.0000
2025-06-24 06:21:54,089 [INFO] [src.federated.client] - Client client_4 - Epoch 2/3 completed. Average Loss: 0.0000
2025-06-24 06:21:54,102 [INFO] [src.federated.client] - Client client_4 - Epoch 3/3 completed. Average Loss: 0.0000
2025-06-24 06:21:54,102 [INFO] [src.federated.client] - Client client_4: Local training finished. Processed 480 samples.
2025-06-24 06:21:54,103 [INFO] [src.federated.server] - Aggregating updates from 10 clients using FedDive.
2025-06-24 06:21:54,103 [INFO] [src.federated.aggregation] - FedDive: Aggregating updates from 10 clients (momentum=0.9).
2025-06-24 06:21:54,104 [INFO] [src.federated.aggregation] - FedDive: Aggregation complete.
2025-06-24 06:21:54,105 [INFO] [src.federated.server] - Global model updated with aggregated parameters.
2025-06-24 06:21:54,105 [INFO] [src.federated.server] - Evaluating updated global model...
2025-06-24 06:21:54,110 [INFO] [src.federated.server] - Round 9 completed in 0.34s. Eval Metrics: {'loss': 0.02223965179407571, 'accuracy': 0.995}
2025-06-24 06:21:54,110 [INFO] [src.federated.server] - ===== Starting Round 10/40 =====
2025-06-24 06:21:54,110 [INFO] [src.federated.server] - Starting federated training round...
2025-06-24 06:21:54,110 [INFO] [src.federated.server] - Selected 10 clients out of 10 available (fraction=1.0, min_clients=1): ['client_7', 'client_6', 'client_9', 'client_1', 'client_2', 'client_8', 'client_4', 'client_5', 'client_3', 'client_0']
2025-06-24 06:21:54,111 [INFO] [src.federated.client] - Client client_7: Starting local training for 3 epochs. Proximal term mu=0.0.
2025-06-24 06:21:54,121 [INFO] [src.federated.client] - Client client_7 - Epoch 1/3 completed. Average Loss: 0.0043
2025-06-24 06:21:54,131 [INFO] [src.federated.client] - Client client_7 - Epoch 2/3 completed. Average Loss: 0.0045
2025-06-24 06:21:54,142 [INFO] [src.federated.client] - Client client_7 - Epoch 3/3 completed. Average Loss: 0.0005
2025-06-24 06:21:54,143 [INFO] [src.federated.client] - Client client_7: Local training finished. Processed 480 samples.
2025-06-24 06:21:54,144 [INFO] [src.federated.client] - Client client_6: Starting local training for 3 epochs. Proximal term mu=0.0.
2025-06-24 06:21:54,154 [INFO] [src.federated.client] - Client client_6 - Epoch 1/3 completed. Average Loss: 0.0046
2025-06-24 06:21:54,164 [INFO] [src.federated.client] - Client client_6 - Epoch 2/3 completed. Average Loss: 0.0000
2025-06-24 06:21:54,175 [INFO] [src.federated.client] - Client client_6 - Epoch 3/3 completed. Average Loss: 0.0475
2025-06-24 06:21:54,176 [INFO] [src.federated.client] - Client client_6: Local training finished. Processed 480 samples.
2025-06-24 06:21:54,176 [INFO] [src.federated.client] - Client client_9: Starting local training for 3 epochs. Proximal term mu=0.0.
2025-06-24 06:21:54,190 [INFO] [src.federated.client] - Client client_9 - Epoch 1/3 completed. Average Loss: 0.0058
2025-06-24 06:21:54,205 [INFO] [src.federated.client] - Client client_9 - Epoch 2/3 completed. Average Loss: 0.0421
2025-06-24 06:21:54,214 [INFO] [src.federated.client] - Client client_9 - Epoch 3/3 completed. Average Loss: 0.0166
2025-06-24 06:21:54,215 [INFO] [src.federated.client] - Client client_9: Local training finished. Processed 480 samples.
2025-06-24 06:21:54,216 [INFO] [src.federated.client] - Client client_1: Starting local training for 3 epochs. Proximal term mu=0.0.
2025-06-24 06:21:54,226 [INFO] [src.federated.client] - Client client_1 - Epoch 1/3 completed. Average Loss: 0.0074
2025-06-24 06:21:54,237 [INFO] [src.federated.client] - Client client_1 - Epoch 2/3 completed. Average Loss: 0.0045
2025-06-24 06:21:54,247 [INFO] [src.federated.client] - Client client_1 - Epoch 3/3 completed. Average Loss: 0.0004
2025-06-24 06:21:54,248 [INFO] [src.federated.client] - Client client_1: Local training finished. Processed 480 samples.
2025-06-24 06:21:54,248 [INFO] [src.federated.client] - Client client_2: Starting local training for 3 epochs. Proximal term mu=0.0.
2025-06-24 06:21:54,259 [INFO] [src.federated.client] - Client client_2 - Epoch 1/3 completed. Average Loss: 0.0174
2025-06-24 06:21:54,269 [INFO] [src.federated.client] - Client client_2 - Epoch 2/3 completed. Average Loss: 0.0042
2025-06-24 06:21:54,279 [INFO] [src.federated.client] - Client client_2 - Epoch 3/3 completed. Average Loss: 0.0114
2025-06-24 06:21:54,279 [INFO] [src.federated.client] - Client client_2: Local training finished. Processed 480 samples.
2025-06-24 06:21:54,280 [INFO] [src.federated.client] - Client client_8: Starting local training for 3 epochs. Proximal term mu=0.0.
2025-06-24 06:21:54,290 [INFO] [src.federated.client] - Client client_8 - Epoch 1/3 completed. Average Loss: 0.0180
2025-06-24 06:21:54,300 [INFO] [src.federated.client] - Client client_8 - Epoch 2/3 completed. Average Loss: 0.0156
2025-06-24 06:21:54,310 [INFO] [src.federated.client] - Client client_8 - Epoch 3/3 completed. Average Loss: 0.0158
2025-06-24 06:21:54,310 [INFO] [src.federated.client] - Client client_8: Local training finished. Processed 480 samples.
2025-06-24 06:21:54,311 [INFO] [src.federated.client] - Client client_4: Starting local training for 3 epochs. Proximal term mu=0.0.
2025-06-24 06:21:54,323 [INFO] [src.federated.client] - Client client_4 - Epoch 1/3 completed. Average Loss: 0.0057
2025-06-24 06:21:54,333 [INFO] [src.federated.client] - Client client_4 - Epoch 2/3 completed. Average Loss: 0.0000
2025-06-24 06:21:54,344 [INFO] [src.federated.client] - Client client_4 - Epoch 3/3 completed. Average Loss: 0.0017
2025-06-24 06:21:54,345 [INFO] [src.federated.client] - Client client_4: Local training finished. Processed 480 samples.
2025-06-24 06:21:54,346 [INFO] [src.federated.client] - Client client_5: Starting local training for 3 epochs. Proximal term mu=0.0.
2025-06-24 06:21:54,358 [INFO] [src.federated.client] - Client client_5 - Epoch 1/3 completed. Average Loss: 0.0055
2025-06-24 06:21:54,367 [INFO] [src.federated.client] - Client client_5 - Epoch 2/3 completed. Average Loss: 0.0003
2025-06-24 06:21:54,379 [INFO] [src.federated.client] - Client client_5 - Epoch 3/3 completed. Average Loss: 0.0025
2025-06-24 06:21:54,380 [INFO] [src.federated.client] - Client client_5: Local training finished. Processed 480 samples.
2025-06-24 06:21:54,381 [INFO] [src.federated.client] - Client client_3: Starting local training for 3 epochs. Proximal term mu=0.0.
2025-06-24 06:21:54,391 [INFO] [src.federated.client] - Client client_3 - Epoch 1/3 completed. Average Loss: 0.0010
2025-06-24 06:21:54,402 [INFO] [src.federated.client] - Client client_3 - Epoch 2/3 completed. Average Loss: 0.0000
2025-06-24 06:21:54,412 [INFO] [src.federated.client] - Client client_3 - Epoch 3/3 completed. Average Loss: 0.0000
2025-06-24 06:21:54,412 [INFO] [src.federated.client] - Client client_3: Local training finished. Processed 480 samples.
2025-06-24 06:21:54,413 [INFO] [src.federated.client] - Client client_0: Starting local training for 3 epochs. Proximal term mu=0.0.
2025-06-24 06:21:54,422 [INFO] [src.federated.client] - Client client_0 - Epoch 1/3 completed. Average Loss: 0.0016
2025-06-24 06:21:54,431 [INFO] [src.federated.client] - Client client_0 - Epoch 2/3 completed. Average Loss: 0.0000
2025-06-24 06:21:54,442 [INFO] [src.federated.client] - Client client_0 - Epoch 3/3 completed. Average Loss: 0.0000
2025-06-24 06:21:54,443 [INFO] [src.federated.client] - Client client_0: Local training finished. Processed 480 samples.
2025-06-24 06:21:54,443 [INFO] [src.federated.server] - Aggregating updates from 10 clients using FedDive.
2025-06-24 06:21:54,443 [INFO] [src.federated.aggregation] - FedDive: Aggregating updates from 10 clients (momentum=0.9).
2025-06-24 06:21:54,445 [INFO] [src.federated.aggregation] - FedDive: Aggregation complete.
2025-06-24 06:21:54,445 [INFO] [src.federated.server] - Global model updated with aggregated parameters.
2025-06-24 06:21:54,445 [INFO] [src.federated.server] - Evaluating updated global model...
2025-06-24 06:21:54,450 [INFO] [src.federated.server] - Round 10 completed in 0.34s. Eval Metrics: {'loss': 0.0786817452039395, 'accuracy': 0.98}
2025-06-24 06:21:54,450 [INFO] [src.federated.server] - ===== Starting Round 11/40 =====
2025-06-24 06:21:54,450 [INFO] [src.federated.server] - Starting federated training round...
2025-06-24 06:21:54,451 [INFO] [src.federated.server] - Selected 10 clients out of 10 available (fraction=1.0, min_clients=1): ['client_9', 'client_6', 'client_5', 'client_1', 'client_8', 'client_4', 'client_3', 'client_0', 'client_2', 'client_7']
2025-06-24 06:21:54,452 [INFO] [src.federated.client] - Client client_9: Starting local training for 3 epochs. Proximal term mu=0.0.
2025-06-24 06:21:54,463 [INFO] [src.federated.client] - Client client_9 - Epoch 1/3 completed. Average Loss: 0.0704
2025-06-24 06:21:54,473 [INFO] [src.federated.client] - Client client_9 - Epoch 2/3 completed. Average Loss: 0.0335
2025-06-24 06:21:54,482 [INFO] [src.federated.client] - Client client_9 - Epoch 3/3 completed. Average Loss: 0.0295
2025-06-24 06:21:54,482 [INFO] [src.federated.client] - Client client_9: Local training finished. Processed 480 samples.
2025-06-24 06:21:54,483 [INFO] [src.federated.client] - Client client_6: Starting local training for 3 epochs. Proximal term mu=0.0.
2025-06-24 06:21:54,493 [INFO] [src.federated.client] - Client client_6 - Epoch 1/3 completed. Average Loss: 0.0001
2025-06-24 06:21:54,506 [INFO] [src.federated.client] - Client client_6 - Epoch 2/3 completed. Average Loss: 0.0012
2025-06-24 06:21:54,515 [INFO] [src.federated.client] - Client client_6 - Epoch 3/3 completed. Average Loss: 0.0029
2025-06-24 06:21:54,516 [INFO] [src.federated.client] - Client client_6: Local training finished. Processed 480 samples.
2025-06-24 06:21:54,516 [INFO] [src.federated.client] - Client client_5: Starting local training for 3 epochs. Proximal term mu=0.0.
2025-06-24 06:21:54,526 [INFO] [src.federated.client] - Client client_5 - Epoch 1/3 completed. Average Loss: 0.0009
2025-06-24 06:21:54,537 [INFO] [src.federated.client] - Client client_5 - Epoch 2/3 completed. Average Loss: 0.0001
2025-06-24 06:21:54,547 [INFO] [src.federated.client] - Client client_5 - Epoch 3/3 completed. Average Loss: 0.0000
2025-06-24 06:21:54,548 [INFO] [src.federated.client] - Client client_5: Local training finished. Processed 480 samples.
2025-06-24 06:21:54,549 [INFO] [src.federated.client] - Client client_1: Starting local training for 3 epochs. Proximal term mu=0.0.
2025-06-24 06:21:54,559 [INFO] [src.federated.client] - Client client_1 - Epoch 1/3 completed. Average Loss: 0.0049
2025-06-24 06:21:54,569 [INFO] [src.federated.client] - Client client_1 - Epoch 2/3 completed. Average Loss: 0.0000
2025-06-24 06:21:54,580 [INFO] [src.federated.client] - Client client_1 - Epoch 3/3 completed. Average Loss: 0.0000
2025-06-24 06:21:54,580 [INFO] [src.federated.client] - Client client_1: Local training finished. Processed 480 samples.
2025-06-24 06:21:54,581 [INFO] [src.federated.client] - Client client_8: Starting local training for 3 epochs. Proximal term mu=0.0.
2025-06-24 06:21:54,590 [INFO] [src.federated.client] - Client client_8 - Epoch 1/3 completed. Average Loss: 0.0011
2025-06-24 06:21:54,601 [INFO] [src.federated.client] - Client client_8 - Epoch 2/3 completed. Average Loss: 0.0013
2025-06-24 06:21:54,611 [INFO] [src.federated.client] - Client client_8 - Epoch 3/3 completed. Average Loss: 0.0000
2025-06-24 06:21:54,611 [INFO] [src.federated.client] - Client client_8: Local training finished. Processed 480 samples.
2025-06-24 06:21:54,612 [INFO] [src.federated.client] - Client client_4: Starting local training for 3 epochs. Proximal term mu=0.0.
2025-06-24 06:21:54,624 [INFO] [src.federated.client] - Client client_4 - Epoch 1/3 completed. Average Loss: 0.0001
2025-06-24 06:21:54,634 [INFO] [src.federated.client] - Client client_4 - Epoch 2/3 completed. Average Loss: 0.0000
2025-06-24 06:21:54,644 [INFO] [src.federated.client] - Client client_4 - Epoch 3/3 completed. Average Loss: 0.0000
2025-06-24 06:21:54,645 [INFO] [src.federated.client] - Client client_4: Local training finished. Processed 480 samples.
2025-06-24 06:21:54,645 [INFO] [src.federated.client] - Client client_3: Starting local training for 3 epochs. Proximal term mu=0.0.
2025-06-24 06:21:54,655 [INFO] [src.federated.client] - Client client_3 - Epoch 1/3 completed. Average Loss: 0.0038
2025-06-24 06:21:54,665 [INFO] [src.federated.client] - Client client_3 - Epoch 2/3 completed. Average Loss: 0.0000
2025-06-24 06:21:54,675 [INFO] [src.federated.client] - Client client_3 - Epoch 3/3 completed. Average Loss: 0.0000
2025-06-24 06:21:54,676 [INFO] [src.federated.client] - Client client_3: Local training finished. Processed 480 samples.
2025-06-24 06:21:54,677 [INFO] [src.federated.client] - Client client_0: Starting local training for 3 epochs. Proximal term mu=0.0.
2025-06-24 06:21:54,688 [INFO] [src.federated.client] - Client client_0 - Epoch 1/3 completed. Average Loss: 0.0043
2025-06-24 06:21:54,698 [INFO] [src.federated.client] - Client client_0 - Epoch 2/3 completed. Average Loss: 0.0000
2025-06-24 06:21:54,709 [INFO] [src.federated.client] - Client client_0 - Epoch 3/3 completed. Average Loss: 0.0000
2025-06-24 06:21:54,709 [INFO] [src.federated.client] - Client client_0: Local training finished. Processed 480 samples.
2025-06-24 06:21:54,710 [INFO] [src.federated.client] - Client client_2: Starting local training for 3 epochs. Proximal term mu=0.0.
2025-06-24 06:21:54,721 [INFO] [src.federated.client] - Client client_2 - Epoch 1/3 completed. Average Loss: 0.0852
2025-06-24 06:21:54,731 [INFO] [src.federated.client] - Client client_2 - Epoch 2/3 completed. Average Loss: 0.0039
2025-06-24 06:21:54,741 [INFO] [src.federated.client] - Client client_2 - Epoch 3/3 completed. Average Loss: 0.0091
2025-06-24 06:21:54,742 [INFO] [src.federated.client] - Client client_2: Local training finished. Processed 480 samples.
2025-06-24 06:21:54,743 [INFO] [src.federated.client] - Client client_7: Starting local training for 3 epochs. Proximal term mu=0.0.
2025-06-24 06:21:54,754 [INFO] [src.federated.client] - Client client_7 - Epoch 1/3 completed. Average Loss: 0.0477
2025-06-24 06:21:54,764 [INFO] [src.federated.client] - Client client_7 - Epoch 2/3 completed. Average Loss: 0.0085
2025-06-24 06:21:54,774 [INFO] [src.federated.client] - Client client_7 - Epoch 3/3 completed. Average Loss: 0.0011
2025-06-24 06:21:54,775 [INFO] [src.federated.client] - Client client_7: Local training finished. Processed 480 samples.
2025-06-24 06:21:54,775 [INFO] [src.federated.server] - Aggregating updates from 10 clients using FedDive.
2025-06-24 06:21:54,775 [INFO] [src.federated.aggregation] - FedDive: Aggregating updates from 10 clients (momentum=0.9).
2025-06-24 06:21:54,777 [INFO] [src.federated.aggregation] - FedDive: Aggregation complete.
2025-06-24 06:21:54,778 [INFO] [src.federated.server] - Global model updated with aggregated parameters.
2025-06-24 06:21:54,778 [INFO] [src.federated.server] - Evaluating updated global model...
2025-06-24 06:21:54,783 [INFO] [src.federated.server] - Round 11 completed in 0.33s. Eval Metrics: {'loss': 0.004012216327578244, 'accuracy': 0.9975}
2025-06-24 06:21:54,783 [INFO] [src.federated.server] - ===== Starting Round 12/40 =====
2025-06-24 06:21:54,783 [INFO] [src.federated.server] - Starting federated training round...
2025-06-24 06:21:54,783 [INFO] [src.federated.server] - Selected 10 clients out of 10 available (fraction=1.0, min_clients=1): ['client_2', 'client_9', 'client_6', 'client_4', 'client_0', 'client_3', 'client_7', 'client_8', 'client_1', 'client_5']
2025-06-24 06:21:54,784 [INFO] [src.federated.client] - Client client_2: Starting local training for 3 epochs. Proximal term mu=0.0.
2025-06-24 06:21:54,796 [INFO] [src.federated.client] - Client client_2 - Epoch 1/3 completed. Average Loss: 0.0171
2025-06-24 06:21:54,806 [INFO] [src.federated.client] - Client client_2 - Epoch 2/3 completed. Average Loss: 0.0231
2025-06-24 06:21:54,818 [INFO] [src.federated.client] - Client client_2 - Epoch 3/3 completed. Average Loss: 0.0001
2025-06-24 06:21:54,819 [INFO] [src.federated.client] - Client client_2: Local training finished. Processed 480 samples.
2025-06-24 06:21:54,819 [INFO] [src.federated.client] - Client client_9: Starting local training for 3 epochs. Proximal term mu=0.0.
2025-06-24 06:21:54,831 [INFO] [src.federated.client] - Client client_9 - Epoch 1/3 completed. Average Loss: 0.0148
2025-06-24 06:21:54,842 [INFO] [src.federated.client] - Client client_9 - Epoch 2/3 completed. Average Loss: 0.0194
2025-06-24 06:21:54,851 [INFO] [src.federated.client] - Client client_9 - Epoch 3/3 completed. Average Loss: 0.0047
2025-06-24 06:21:54,852 [INFO] [src.federated.client] - Client client_9: Local training finished. Processed 480 samples.
2025-06-24 06:21:54,852 [INFO] [src.federated.client] - Client client_6: Starting local training for 3 epochs. Proximal term mu=0.0.
2025-06-24 06:21:54,863 [INFO] [src.federated.client] - Client client_6 - Epoch 1/3 completed. Average Loss: 0.0000
2025-06-24 06:21:54,874 [INFO] [src.federated.client] - Client client_6 - Epoch 2/3 completed. Average Loss: 0.0000
2025-06-24 06:21:54,884 [INFO] [src.federated.client] - Client client_6 - Epoch 3/3 completed. Average Loss: 0.0000
2025-06-24 06:21:54,885 [INFO] [src.federated.client] - Client client_6: Local training finished. Processed 480 samples.
2025-06-24 06:21:54,885 [INFO] [src.federated.client] - Client client_4: Starting local training for 3 epochs. Proximal term mu=0.0.
2025-06-24 06:21:54,897 [INFO] [src.federated.client] - Client client_4 - Epoch 1/3 completed. Average Loss: 0.0002
2025-06-24 06:21:54,907 [INFO] [src.federated.client] - Client client_4 - Epoch 2/3 completed. Average Loss: 0.0000
2025-06-24 06:21:54,918 [INFO] [src.federated.client] - Client client_4 - Epoch 3/3 completed. Average Loss: 0.0000
2025-06-24 06:21:54,919 [INFO] [src.federated.client] - Client client_4: Local training finished. Processed 480 samples.
2025-06-24 06:21:54,919 [INFO] [src.federated.client] - Client client_0: Starting local training for 3 epochs. Proximal term mu=0.0.
2025-06-24 06:21:54,930 [INFO] [src.federated.client] - Client client_0 - Epoch 1/3 completed. Average Loss: 0.0007
2025-06-24 06:21:54,940 [INFO] [src.federated.client] - Client client_0 - Epoch 2/3 completed. Average Loss: 0.0000
2025-06-24 06:21:54,951 [INFO] [src.federated.client] - Client client_0 - Epoch 3/3 completed. Average Loss: 0.0000
2025-06-24 06:21:54,952 [INFO] [src.federated.client] - Client client_0: Local training finished. Processed 480 samples.
2025-06-24 06:21:54,952 [INFO] [src.federated.client] - Client client_3: Starting local training for 3 epochs. Proximal term mu=0.0.
2025-06-24 06:21:54,964 [INFO] [src.federated.client] - Client client_3 - Epoch 1/3 completed. Average Loss: 0.0000
2025-06-24 06:21:54,974 [INFO] [src.federated.client] - Client client_3 - Epoch 2/3 completed. Average Loss: 0.0007
2025-06-24 06:21:54,983 [INFO] [src.federated.client] - Client client_3 - Epoch 3/3 completed. Average Loss: 0.0000
2025-06-24 06:21:54,984 [INFO] [src.federated.client] - Client client_3: Local training finished. Processed 480 samples.
2025-06-24 06:21:54,985 [INFO] [src.federated.client] - Client client_7: Starting local training for 3 epochs. Proximal term mu=0.0.
2025-06-24 06:21:54,995 [INFO] [src.federated.client] - Client client_7 - Epoch 1/3 completed. Average Loss: 0.0000
2025-06-24 06:21:55,005 [INFO] [src.federated.client] - Client client_7 - Epoch 2/3 completed. Average Loss: 0.0000
2025-06-24 06:21:55,015 [INFO] [src.federated.client] - Client client_7 - Epoch 3/3 completed. Average Loss: 0.0000
2025-06-24 06:21:55,016 [INFO] [src.federated.client] - Client client_7: Local training finished. Processed 480 samples.
2025-06-24 06:21:55,017 [INFO] [src.federated.client] - Client client_8: Starting local training for 3 epochs. Proximal term mu=0.0.
2025-06-24 06:21:55,027 [INFO] [src.federated.client] - Client client_8 - Epoch 1/3 completed. Average Loss: 0.0019
2025-06-24 06:21:55,038 [INFO] [src.federated.client] - Client client_8 - Epoch 2/3 completed. Average Loss: 0.0000
2025-06-24 06:21:55,048 [INFO] [src.federated.client] - Client client_8 - Epoch 3/3 completed. Average Loss: 0.0000
2025-06-24 06:21:55,049 [INFO] [src.federated.client] - Client client_8: Local training finished. Processed 480 samples.
2025-06-24 06:21:55,050 [INFO] [src.federated.client] - Client client_1: Starting local training for 3 epochs. Proximal term mu=0.0.
2025-06-24 06:21:55,059 [INFO] [src.federated.client] - Client client_1 - Epoch 1/3 completed. Average Loss: 0.0007
2025-06-24 06:21:55,069 [INFO] [src.federated.client] - Client client_1 - Epoch 2/3 completed. Average Loss: 0.0002
2025-06-24 06:21:55,078 [INFO] [src.federated.client] - Client client_1 - Epoch 3/3 completed. Average Loss: 0.0000
2025-06-24 06:21:55,079 [INFO] [src.federated.client] - Client client_1: Local training finished. Processed 480 samples.
2025-06-24 06:21:55,080 [INFO] [src.federated.client] - Client client_5: Starting local training for 3 epochs. Proximal term mu=0.0.
2025-06-24 06:21:55,090 [INFO] [src.federated.client] - Client client_5 - Epoch 1/3 completed. Average Loss: 0.0000
2025-06-24 06:21:55,103 [INFO] [src.federated.client] - Client client_5 - Epoch 2/3 completed. Average Loss: 0.0000
2025-06-24 06:21:55,114 [INFO] [src.federated.client] - Client client_5 - Epoch 3/3 completed. Average Loss: 0.0000
2025-06-24 06:21:55,115 [INFO] [src.federated.client] - Client client_5: Local training finished. Processed 480 samples.
2025-06-24 06:21:55,115 [INFO] [src.federated.server] - Aggregating updates from 10 clients using FedDive.
2025-06-24 06:21:55,115 [INFO] [src.federated.aggregation] - FedDive: Aggregating updates from 10 clients (momentum=0.9).
2025-06-24 06:21:55,116 [INFO] [src.federated.aggregation] - FedDive: Aggregation complete.
2025-06-24 06:21:55,117 [INFO] [src.federated.server] - Global model updated with aggregated parameters.
2025-06-24 06:21:55,117 [INFO] [src.federated.server] - Evaluating updated global model...
2025-06-24 06:21:55,122 [INFO] [src.federated.server] - Round 12 completed in 0.34s. Eval Metrics: {'loss': 0.0012643580942403787, 'accuracy': 1.0}
2025-06-24 06:21:55,122 [INFO] [src.federated.server] - ===== Starting Round 13/40 =====
2025-06-24 06:21:55,122 [INFO] [src.federated.server] - Starting federated training round...
2025-06-24 06:21:55,122 [INFO] [src.federated.server] - Selected 10 clients out of 10 available (fraction=1.0, min_clients=1): ['client_8', 'client_0', 'client_1', 'client_5', 'client_4', 'client_2', 'client_6', 'client_9', 'client_7', 'client_3']
2025-06-24 06:21:55,123 [INFO] [src.federated.client] - Client client_8: Starting local training for 3 epochs. Proximal term mu=0.0.
2025-06-24 06:21:55,133 [INFO] [src.federated.client] - Client client_8 - Epoch 1/3 completed. Average Loss: 0.0000
2025-06-24 06:21:55,142 [INFO] [src.federated.client] - Client client_8 - Epoch 2/3 completed. Average Loss: 0.0000
2025-06-24 06:21:55,154 [INFO] [src.federated.client] - Client client_8 - Epoch 3/3 completed. Average Loss: 0.0000
2025-06-24 06:21:55,154 [INFO] [src.federated.client] - Client client_8: Local training finished. Processed 480 samples.
2025-06-24 06:21:55,155 [INFO] [src.federated.client] - Client client_0: Starting local training for 3 epochs. Proximal term mu=0.0.
2025-06-24 06:21:55,165 [INFO] [src.federated.client] - Client client_0 - Epoch 1/3 completed. Average Loss: 0.0000
2025-06-24 06:21:55,175 [INFO] [src.federated.client] - Client client_0 - Epoch 2/3 completed. Average Loss: 0.0000
2025-06-24 06:21:55,185 [INFO] [src.federated.client] - Client client_0 - Epoch 3/3 completed. Average Loss: 0.0000
2025-06-24 06:21:55,185 [INFO] [src.federated.client] - Client client_0: Local training finished. Processed 480 samples.
2025-06-24 06:21:55,186 [INFO] [src.federated.client] - Client client_1: Starting local training for 3 epochs. Proximal term mu=0.0.
2025-06-24 06:21:55,195 [INFO] [src.federated.client] - Client client_1 - Epoch 1/3 completed. Average Loss: 0.0000
2025-06-24 06:21:55,206 [INFO] [src.federated.client] - Client client_1 - Epoch 2/3 completed. Average Loss: 0.0000
2025-06-24 06:21:55,216 [INFO] [src.federated.client] - Client client_1 - Epoch 3/3 completed. Average Loss: 0.0000
2025-06-24 06:21:55,216 [INFO] [src.federated.client] - Client client_1: Local training finished. Processed 480 samples.
2025-06-24 06:21:55,217 [INFO] [src.federated.client] - Client client_5: Starting local training for 3 epochs. Proximal term mu=0.0.
2025-06-24 06:21:55,227 [INFO] [src.federated.client] - Client client_5 - Epoch 1/3 completed. Average Loss: 0.0000
2025-06-24 06:21:55,238 [INFO] [src.federated.client] - Client client_5 - Epoch 2/3 completed. Average Loss: 0.0000
2025-06-24 06:21:55,248 [INFO] [src.federated.client] - Client client_5 - Epoch 3/3 completed. Average Loss: 0.0000
2025-06-24 06:21:55,248 [INFO] [src.federated.client] - Client client_5: Local training finished. Processed 480 samples.
2025-06-24 06:21:55,249 [INFO] [src.federated.client] - Client client_4: Starting local training for 3 epochs. Proximal term mu=0.0.
2025-06-24 06:21:55,258 [INFO] [src.federated.client] - Client client_4 - Epoch 1/3 completed. Average Loss: 0.0447
2025-06-24 06:21:55,269 [INFO] [src.federated.client] - Client client_4 - Epoch 2/3 completed. Average Loss: 0.0001
2025-06-24 06:21:55,279 [INFO] [src.federated.client] - Client client_4 - Epoch 3/3 completed. Average Loss: 0.0908
2025-06-24 06:21:55,280 [INFO] [src.federated.client] - Client client_4: Local training finished. Processed 480 samples.
2025-06-24 06:21:55,281 [INFO] [src.federated.client] - Client client_2: Starting local training for 3 epochs. Proximal term mu=0.0.
2025-06-24 06:21:55,292 [INFO] [src.federated.client] - Client client_2 - Epoch 1/3 completed. Average Loss: 0.0090
2025-06-24 06:21:55,302 [INFO] [src.federated.client] - Client client_2 - Epoch 2/3 completed. Average Loss: 0.0430
2025-06-24 06:21:55,313 [INFO] [src.federated.client] - Client client_2 - Epoch 3/3 completed. Average Loss: 0.0603
2025-06-24 06:21:55,313 [INFO] [src.federated.client] - Client client_2: Local training finished. Processed 480 samples.
2025-06-24 06:21:55,314 [INFO] [src.federated.client] - Client client_6: Starting local training for 3 epochs. Proximal term mu=0.0.
2025-06-24 06:21:55,326 [INFO] [src.federated.client] - Client client_6 - Epoch 1/3 completed. Average Loss: 0.0000
2025-06-24 06:21:55,337 [INFO] [src.federated.client] - Client client_6 - Epoch 2/3 completed. Average Loss: 0.0000
2025-06-24 06:21:55,348 [INFO] [src.federated.client] - Client client_6 - Epoch 3/3 completed. Average Loss: 0.0000
2025-06-24 06:21:55,348 [INFO] [src.federated.client] - Client client_6: Local training finished. Processed 480 samples.
2025-06-24 06:21:55,349 [INFO] [src.federated.client] - Client client_9: Starting local training for 3 epochs. Proximal term mu=0.0.
2025-06-24 06:21:55,359 [INFO] [src.federated.client] - Client client_9 - Epoch 1/3 completed. Average Loss: 0.0086
2025-06-24 06:21:55,370 [INFO] [src.federated.client] - Client client_9 - Epoch 2/3 completed. Average Loss: 0.0013
2025-06-24 06:21:55,379 [INFO] [src.federated.client] - Client client_9 - Epoch 3/3 completed. Average Loss: 0.0005
2025-06-24 06:21:55,380 [INFO] [src.federated.client] - Client client_9: Local training finished. Processed 480 samples.
2025-06-24 06:21:55,380 [INFO] [src.federated.client] - Client client_7: Starting local training for 3 epochs. Proximal term mu=0.0.
2025-06-24 06:21:55,392 [INFO] [src.federated.client] - Client client_7 - Epoch 1/3 completed. Average Loss: 0.0037
2025-06-24 06:21:55,401 [INFO] [src.federated.client] - Client client_7 - Epoch 2/3 completed. Average Loss: 0.0000
2025-06-24 06:21:55,412 [INFO] [src.federated.client] - Client client_7 - Epoch 3/3 completed. Average Loss: 0.0000
2025-06-24 06:21:55,412 [INFO] [src.federated.client] - Client client_7: Local training finished. Processed 480 samples.
2025-06-24 06:21:55,413 [INFO] [src.federated.client] - Client client_3: Starting local training for 3 epochs. Proximal term mu=0.0.
2025-06-24 06:21:55,424 [INFO] [src.federated.client] - Client client_3 - Epoch 1/3 completed. Average Loss: 0.0000
2025-06-24 06:21:55,433 [INFO] [src.federated.client] - Client client_3 - Epoch 2/3 completed. Average Loss: 0.0000
2025-06-24 06:21:55,442 [INFO] [src.federated.client] - Client client_3 - Epoch 3/3 completed. Average Loss: 0.0000
2025-06-24 06:21:55,443 [INFO] [src.federated.client] - Client client_3: Local training finished. Processed 480 samples.
2025-06-24 06:21:55,443 [INFO] [src.federated.server] - Aggregating updates from 10 clients using FedDive.
2025-06-24 06:21:55,443 [INFO] [src.federated.aggregation] - FedDive: Aggregating updates from 10 clients (momentum=0.9).
2025-06-24 06:21:55,445 [INFO] [src.federated.aggregation] - FedDive: Aggregation complete.
2025-06-24 06:21:55,445 [INFO] [src.federated.server] - Global model updated with aggregated parameters.
2025-06-24 06:21:55,445 [INFO] [src.federated.server] - Evaluating updated global model...
2025-06-24 06:21:55,450 [INFO] [src.federated.server] - Round 13 completed in 0.33s. Eval Metrics: {'loss': 0.0018323463732122037, 'accuracy': 1.0}
2025-06-24 06:21:55,451 [INFO] [src.federated.server] - ===== Starting Round 14/40 =====
2025-06-24 06:21:55,451 [INFO] [src.federated.server] - Starting federated training round...
2025-06-24 06:21:55,451 [INFO] [src.federated.server] - Selected 10 clients out of 10 available (fraction=1.0, min_clients=1): ['client_2', 'client_7', 'client_0', 'client_5', 'client_6', 'client_9', 'client_1', 'client_4', 'client_8', 'client_3']
2025-06-24 06:21:55,452 [INFO] [src.federated.client] - Client client_2: Starting local training for 3 epochs. Proximal term mu=0.0.
2025-06-24 06:21:55,464 [INFO] [src.federated.client] - Client client_2 - Epoch 1/3 completed. Average Loss: 0.0293
2025-06-24 06:21:55,474 [INFO] [src.federated.client] - Client client_2 - Epoch 2/3 completed. Average Loss: 0.0025
2025-06-24 06:21:55,486 [INFO] [src.federated.client] - Client client_2 - Epoch 3/3 completed. Average Loss: 0.0482
2025-06-24 06:21:55,486 [INFO] [src.federated.client] - Client client_2: Local training finished. Processed 480 samples.
2025-06-24 06:21:55,487 [INFO] [src.federated.client] - Client client_7: Starting local training for 3 epochs. Proximal term mu=0.0.
2025-06-24 06:21:55,498 [INFO] [src.federated.client] - Client client_7 - Epoch 1/3 completed. Average Loss: 0.0335
2025-06-24 06:21:55,508 [INFO] [src.federated.client] - Client client_7 - Epoch 2/3 completed. Average Loss: 0.0194
2025-06-24 06:21:55,517 [INFO] [src.federated.client] - Client client_7 - Epoch 3/3 completed. Average Loss: 0.0000
2025-06-24 06:21:55,517 [INFO] [src.federated.client] - Client client_7: Local training finished. Processed 480 samples.
2025-06-24 06:21:55,518 [INFO] [src.federated.client] - Client client_0: Starting local training for 3 epochs. Proximal term mu=0.0.
2025-06-24 06:21:55,529 [INFO] [src.federated.client] - Client client_0 - Epoch 1/3 completed. Average Loss: 0.0000
2025-06-24 06:21:55,539 [INFO] [src.federated.client] - Client client_0 - Epoch 2/3 completed. Average Loss: 0.0000
2025-06-24 06:21:55,550 [INFO] [src.federated.client] - Client client_0 - Epoch 3/3 completed. Average Loss: 0.0000
2025-06-24 06:21:55,550 [INFO] [src.federated.client] - Client client_0: Local training finished. Processed 480 samples.
2025-06-24 06:21:55,551 [INFO] [src.federated.client] - Client client_5: Starting local training for 3 epochs. Proximal term mu=0.0.
2025-06-24 06:21:55,561 [INFO] [src.federated.client] - Client client_5 - Epoch 1/3 completed. Average Loss: 0.0000
2025-06-24 06:21:55,571 [INFO] [src.federated.client] - Client client_5 - Epoch 2/3 completed. Average Loss: 0.0000
2025-06-24 06:21:55,582 [INFO] [src.federated.client] - Client client_5 - Epoch 3/3 completed. Average Loss: 0.0000
2025-06-24 06:21:55,582 [INFO] [src.federated.client] - Client client_5: Local training finished. Processed 480 samples.
2025-06-24 06:21:55,583 [INFO] [src.federated.client] - Client client_6: Starting local training for 3 epochs. Proximal term mu=0.0.
2025-06-24 06:21:55,594 [INFO] [src.federated.client] - Client client_6 - Epoch 1/3 completed. Average Loss: 0.0000
2025-06-24 06:21:55,604 [INFO] [src.federated.client] - Client client_6 - Epoch 2/3 completed. Average Loss: 0.0000
2025-06-24 06:21:55,616 [INFO] [src.federated.client] - Client client_6 - Epoch 3/3 completed. Average Loss: 0.0000
2025-06-24 06:21:55,617 [INFO] [src.federated.client] - Client client_6: Local training finished. Processed 480 samples.
2025-06-24 06:21:55,617 [INFO] [src.federated.client] - Client client_9: Starting local training for 3 epochs. Proximal term mu=0.0.
2025-06-24 06:21:55,626 [INFO] [src.federated.client] - Client client_9 - Epoch 1/3 completed. Average Loss: 0.0011
2025-06-24 06:21:55,637 [INFO] [src.federated.client] - Client client_9 - Epoch 2/3 completed. Average Loss: 0.0005
2025-06-24 06:21:55,647 [INFO] [src.federated.client] - Client client_9 - Epoch 3/3 completed. Average Loss: 0.0008
2025-06-24 06:21:55,647 [INFO] [src.federated.client] - Client client_9: Local training finished. Processed 480 samples.
2025-06-24 06:21:55,648 [INFO] [src.federated.client] - Client client_1: Starting local training for 3 epochs. Proximal term mu=0.0.
2025-06-24 06:21:55,658 [INFO] [src.federated.client] - Client client_1 - Epoch 1/3 completed. Average Loss: 0.0001
2025-06-24 06:21:55,668 [INFO] [src.federated.client] - Client client_1 - Epoch 2/3 completed. Average Loss: 0.0000
2025-06-24 06:21:55,680 [INFO] [src.federated.client] - Client client_1 - Epoch 3/3 completed. Average Loss: 0.0000
2025-06-24 06:21:55,680 [INFO] [src.federated.client] - Client client_1: Local training finished. Processed 480 samples.
2025-06-24 06:21:55,681 [INFO] [src.federated.client] - Client client_4: Starting local training for 3 epochs. Proximal term mu=0.0.
2025-06-24 06:21:55,692 [INFO] [src.federated.client] - Client client_4 - Epoch 1/3 completed. Average Loss: 0.0223
2025-06-24 06:21:55,702 [INFO] [src.federated.client] - Client client_4 - Epoch 2/3 completed. Average Loss: 0.0164
2025-06-24 06:21:55,713 [INFO] [src.federated.client] - Client client_4 - Epoch 3/3 completed. Average Loss: 0.0000
2025-06-24 06:21:55,714 [INFO] [src.federated.client] - Client client_4: Local training finished. Processed 480 samples.
2025-06-24 06:21:55,714 [INFO] [src.federated.client] - Client client_8: Starting local training for 3 epochs. Proximal term mu=0.0.
2025-06-24 06:21:55,726 [INFO] [src.federated.client] - Client client_8 - Epoch 1/3 completed. Average Loss: 0.0000
2025-06-24 06:21:55,737 [INFO] [src.federated.client] - Client client_8 - Epoch 2/3 completed. Average Loss: 0.0000
2025-06-24 06:21:55,748 [INFO] [src.federated.client] - Client client_8 - Epoch 3/3 completed. Average Loss: 0.0000
2025-06-24 06:21:55,749 [INFO] [src.federated.client] - Client client_8: Local training finished. Processed 480 samples.
2025-06-24 06:21:55,750 [INFO] [src.federated.client] - Client client_3: Starting local training for 3 epochs. Proximal term mu=0.0.
2025-06-24 06:21:55,761 [INFO] [src.federated.client] - Client client_3 - Epoch 1/3 completed. Average Loss: 0.0000
2025-06-24 06:21:55,771 [INFO] [src.federated.client] - Client client_3 - Epoch 2/3 completed. Average Loss: 0.0000
2025-06-24 06:21:55,782 [INFO] [src.federated.client] - Client client_3 - Epoch 3/3 completed. Average Loss: 0.0000
2025-06-24 06:21:55,782 [INFO] [src.federated.client] - Client client_3: Local training finished. Processed 480 samples.
2025-06-24 06:21:55,782 [INFO] [src.federated.server] - Aggregating updates from 10 clients using FedDive.
2025-06-24 06:21:55,782 [INFO] [src.federated.aggregation] - FedDive: Aggregating updates from 10 clients (momentum=0.9).
2025-06-24 06:21:55,784 [INFO] [src.federated.aggregation] - FedDive: Aggregation complete.
2025-06-24 06:21:55,785 [INFO] [src.federated.server] - Global model updated with aggregated parameters.
2025-06-24 06:21:55,785 [INFO] [src.federated.server] - Evaluating updated global model...
2025-06-24 06:21:55,790 [INFO] [src.federated.server] - Round 14 completed in 0.34s. Eval Metrics: {'loss': 0.009327264110896748, 'accuracy': 0.9975}
2025-06-24 06:21:55,790 [INFO] [src.federated.server] - ===== Starting Round 15/40 =====
2025-06-24 06:21:55,790 [INFO] [src.federated.server] - Starting federated training round...
2025-06-24 06:21:55,790 [INFO] [src.federated.server] - Selected 10 clients out of 10 available (fraction=1.0, min_clients=1): ['client_8', 'client_3', 'client_2', 'client_7', 'client_1', 'client_4', 'client_0', 'client_6', 'client_5', 'client_9']
2025-06-24 06:21:55,791 [INFO] [src.federated.client] - Client client_8: Starting local training for 3 epochs. Proximal term mu=0.0.
2025-06-24 06:21:55,802 [INFO] [src.federated.client] - Client client_8 - Epoch 1/3 completed. Average Loss: 0.0002
2025-06-24 06:21:55,813 [INFO] [src.federated.client] - Client client_8 - Epoch 2/3 completed. Average Loss: 0.0001
2025-06-24 06:21:55,823 [INFO] [src.federated.client] - Client client_8 - Epoch 3/3 completed. Average Loss: 0.0000
2025-06-24 06:21:55,824 [INFO] [src.federated.client] - Client client_8: Local training finished. Processed 480 samples.
2025-06-24 06:21:55,824 [INFO] [src.federated.client] - Client client_3: Starting local training for 3 epochs. Proximal term mu=0.0.
2025-06-24 06:21:55,834 [INFO] [src.federated.client] - Client client_3 - Epoch 1/3 completed. Average Loss: 0.0001
2025-06-24 06:21:55,843 [INFO] [src.federated.client] - Client client_3 - Epoch 2/3 completed. Average Loss: 0.0000
2025-06-24 06:21:55,853 [INFO] [src.federated.client] - Client client_3 - Epoch 3/3 completed. Average Loss: 0.0000
2025-06-24 06:21:55,854 [INFO] [src.federated.client] - Client client_3: Local training finished. Processed 480 samples.
2025-06-24 06:21:55,854 [INFO] [src.federated.client] - Client client_2: Starting local training for 3 epochs. Proximal term mu=0.0.
2025-06-24 06:21:55,864 [INFO] [src.federated.client] - Client client_2 - Epoch 1/3 completed. Average Loss: 0.0027
2025-06-24 06:21:55,874 [INFO] [src.federated.client] - Client client_2 - Epoch 2/3 completed. Average Loss: 0.0189
2025-06-24 06:21:55,885 [INFO] [src.federated.client] - Client client_2 - Epoch 3/3 completed. Average Loss: 0.0001
2025-06-24 06:21:55,886 [INFO] [src.federated.client] - Client client_2: Local training finished. Processed 480 samples.
2025-06-24 06:21:55,886 [INFO] [src.federated.client] - Client client_7: Starting local training for 3 epochs. Proximal term mu=0.0.
2025-06-24 06:21:55,898 [INFO] [src.federated.client] - Client client_7 - Epoch 1/3 completed. Average Loss: 0.0055
2025-06-24 06:21:55,907 [INFO] [src.federated.client] - Client client_7 - Epoch 2/3 completed. Average Loss: 0.0003
2025-06-24 06:21:55,918 [INFO] [src.federated.client] - Client client_7 - Epoch 3/3 completed. Average Loss: 0.0001
2025-06-24 06:21:55,919 [INFO] [src.federated.client] - Client client_7: Local training finished. Processed 480 samples.
2025-06-24 06:21:55,920 [INFO] [src.federated.client] - Client client_1: Starting local training for 3 epochs. Proximal term mu=0.0.
2025-06-24 06:21:55,930 [INFO] [src.federated.client] - Client client_1 - Epoch 1/3 completed. Average Loss: 0.0001
2025-06-24 06:21:55,940 [INFO] [src.federated.client] - Client client_1 - Epoch 2/3 completed. Average Loss: 0.0000
2025-06-24 06:21:55,950 [INFO] [src.federated.client] - Client client_1 - Epoch 3/3 completed. Average Loss: 0.0000
2025-06-24 06:21:55,951 [INFO] [src.federated.client] - Client client_1: Local training finished. Processed 480 samples.
2025-06-24 06:21:55,951 [INFO] [src.federated.client] - Client client_4: Starting local training for 3 epochs. Proximal term mu=0.0.
2025-06-24 06:21:55,961 [INFO] [src.federated.client] - Client client_4 - Epoch 1/3 completed. Average Loss: 0.0000
2025-06-24 06:21:55,971 [INFO] [src.federated.client] - Client client_4 - Epoch 2/3 completed. Average Loss: 0.0000
2025-06-24 06:21:55,981 [INFO] [src.federated.client] - Client client_4 - Epoch 3/3 completed. Average Loss: 0.0000
2025-06-24 06:21:55,982 [INFO] [src.federated.client] - Client client_4: Local training finished. Processed 480 samples.
2025-06-24 06:21:55,982 [INFO] [src.federated.client] - Client client_0: Starting local training for 3 epochs. Proximal term mu=0.0.
2025-06-24 06:21:55,993 [INFO] [src.federated.client] - Client client_0 - Epoch 1/3 completed. Average Loss: 0.0000
2025-06-24 06:21:56,005 [INFO] [src.federated.client] - Client client_0 - Epoch 2/3 completed. Average Loss: 0.0000
2025-06-24 06:21:56,014 [INFO] [src.federated.client] - Client client_0 - Epoch 3/3 completed. Average Loss: 0.0000
2025-06-24 06:21:56,014 [INFO] [src.federated.client] - Client client_0: Local training finished. Processed 480 samples.
2025-06-24 06:21:56,015 [INFO] [src.federated.client] - Client client_6: Starting local training for 3 epochs. Proximal term mu=0.0.
2025-06-24 06:21:56,026 [INFO] [src.federated.client] - Client client_6 - Epoch 1/3 completed. Average Loss: 0.0011
2025-06-24 06:21:56,036 [INFO] [src.federated.client] - Client client_6 - Epoch 2/3 completed. Average Loss: 0.0000
2025-06-24 06:21:56,047 [INFO] [src.federated.client] - Client client_6 - Epoch 3/3 completed. Average Loss: 0.0000
2025-06-24 06:21:56,047 [INFO] [src.federated.client] - Client client_6: Local training finished. Processed 480 samples.
2025-06-24 06:21:56,048 [INFO] [src.federated.client] - Client client_5: Starting local training for 3 epochs. Proximal term mu=0.0.
2025-06-24 06:21:56,058 [INFO] [src.federated.client] - Client client_5 - Epoch 1/3 completed. Average Loss: 0.0001
2025-06-24 06:21:56,068 [INFO] [src.federated.client] - Client client_5 - Epoch 2/3 completed. Average Loss: 0.0000
2025-06-24 06:21:56,080 [INFO] [src.federated.client] - Client client_5 - Epoch 3/3 completed. Average Loss: 0.0000
2025-06-24 06:21:56,080 [INFO] [src.federated.client] - Client client_5: Local training finished. Processed 480 samples.
2025-06-24 06:21:56,081 [INFO] [src.federated.client] - Client client_9: Starting local training for 3 epochs. Proximal term mu=0.0.
2025-06-24 06:21:56,091 [INFO] [src.federated.client] - Client client_9 - Epoch 1/3 completed. Average Loss: 0.0281
2025-06-24 06:21:56,101 [INFO] [src.federated.client] - Client client_9 - Epoch 2/3 completed. Average Loss: 0.0018
2025-06-24 06:21:56,110 [INFO] [src.federated.client] - Client client_9 - Epoch 3/3 completed. Average Loss: 0.0108
2025-06-24 06:21:56,111 [INFO] [src.federated.client] - Client client_9: Local training finished. Processed 480 samples.
2025-06-24 06:21:56,111 [INFO] [src.federated.server] - Aggregating updates from 10 clients using FedDive.
2025-06-24 06:21:56,111 [INFO] [src.federated.aggregation] - FedDive: Aggregating updates from 10 clients (momentum=0.9).
2025-06-24 06:21:56,113 [INFO] [src.federated.aggregation] - FedDive: Aggregation complete.
2025-06-24 06:21:56,114 [INFO] [src.federated.server] - Global model updated with aggregated parameters.
2025-06-24 06:21:56,114 [INFO] [src.federated.server] - Evaluating updated global model...
2025-06-24 06:21:56,119 [INFO] [src.federated.server] - Round 15 completed in 0.33s. Eval Metrics: {'loss': 0.001978431493037629, 'accuracy': 0.9975}
2025-06-24 06:21:56,120 [INFO] [src.federated.server] - ===== Starting Round 16/40 =====
2025-06-24 06:21:56,120 [INFO] [src.federated.server] - Starting federated training round...
2025-06-24 06:21:56,120 [INFO] [src.federated.server] - Selected 10 clients out of 10 available (fraction=1.0, min_clients=1): ['client_0', 'client_1', 'client_5', 'client_6', 'client_2', 'client_8', 'client_9', 'client_3', 'client_7', 'client_4']
2025-06-24 06:21:56,120 [INFO] [src.federated.client] - Client client_0: Starting local training for 3 epochs. Proximal term mu=0.0.
2025-06-24 06:21:56,130 [INFO] [src.federated.client] - Client client_0 - Epoch 1/3 completed. Average Loss: 0.0000
2025-06-24 06:21:56,139 [INFO] [src.federated.client] - Client client_0 - Epoch 2/3 completed. Average Loss: 0.0000
2025-06-24 06:21:56,149 [INFO] [src.federated.client] - Client client_0 - Epoch 3/3 completed. Average Loss: 0.0000
2025-06-24 06:21:56,150 [INFO] [src.federated.client] - Client client_0: Local training finished. Processed 480 samples.
2025-06-24 06:21:56,151 [INFO] [src.federated.client] - Client client_1: Starting local training for 3 epochs. Proximal term mu=0.0.
2025-06-24 06:21:56,162 [INFO] [src.federated.client] - Client client_1 - Epoch 1/3 completed. Average Loss: 0.0000
2025-06-24 06:21:56,171 [INFO] [src.federated.client] - Client client_1 - Epoch 2/3 completed. Average Loss: 0.0000
2025-06-24 06:21:56,181 [INFO] [src.federated.client] - Client client_1 - Epoch 3/3 completed. Average Loss: 0.0000
2025-06-24 06:21:56,182 [INFO] [src.federated.client] - Client client_1: Local training finished. Processed 480 samples.
2025-06-24 06:21:56,182 [INFO] [src.federated.client] - Client client_5: Starting local training for 3 epochs. Proximal term mu=0.0.
2025-06-24 06:21:56,193 [INFO] [src.federated.client] - Client client_5 - Epoch 1/3 completed. Average Loss: 0.0000
2025-06-24 06:21:56,203 [INFO] [src.federated.client] - Client client_5 - Epoch 2/3 completed. Average Loss: 0.0000
2025-06-24 06:21:56,213 [INFO] [src.federated.client] - Client client_5 - Epoch 3/3 completed. Average Loss: 0.0000
2025-06-24 06:21:56,213 [INFO] [src.federated.client] - Client client_5: Local training finished. Processed 480 samples.
2025-06-24 06:21:56,214 [INFO] [src.federated.client] - Client client_6: Starting local training for 3 epochs. Proximal term mu=0.0.
2025-06-24 06:21:56,224 [INFO] [src.federated.client] - Client client_6 - Epoch 1/3 completed. Average Loss: 0.0000
2025-06-24 06:21:56,235 [INFO] [src.federated.client] - Client client_6 - Epoch 2/3 completed. Average Loss: 0.0000
2025-06-24 06:21:56,245 [INFO] [src.federated.client] - Client client_6 - Epoch 3/3 completed. Average Loss: 0.0000
2025-06-24 06:21:56,245 [INFO] [src.federated.client] - Client client_6: Local training finished. Processed 480 samples.
2025-06-24 06:21:56,246 [INFO] [src.federated.client] - Client client_2: Starting local training for 3 epochs. Proximal term mu=0.0.
2025-06-24 06:21:56,256 [INFO] [src.federated.client] - Client client_2 - Epoch 1/3 completed. Average Loss: 0.0000
2025-06-24 06:21:56,268 [INFO] [src.federated.client] - Client client_2 - Epoch 2/3 completed. Average Loss: 0.0000
2025-06-24 06:21:56,278 [INFO] [src.federated.client] - Client client_2 - Epoch 3/3 completed. Average Loss: 0.0001
2025-06-24 06:21:56,278 [INFO] [src.federated.client] - Client client_2: Local training finished. Processed 480 samples.
2025-06-24 06:21:56,279 [INFO] [src.federated.client] - Client client_8: Starting local training for 3 epochs. Proximal term mu=0.0.
2025-06-24 06:21:56,288 [INFO] [src.federated.client] - Client client_8 - Epoch 1/3 completed. Average Loss: 0.0000
2025-06-24 06:21:56,298 [INFO] [src.federated.client] - Client client_8 - Epoch 2/3 completed. Average Loss: 0.0000
2025-06-24 06:21:56,308 [INFO] [src.federated.client] - Client client_8 - Epoch 3/3 completed. Average Loss: 0.0000
2025-06-24 06:21:56,309 [INFO] [src.federated.client] - Client client_8: Local training finished. Processed 480 samples.
2025-06-24 06:21:56,310 [INFO] [src.federated.client] - Client client_9: Starting local training for 3 epochs. Proximal term mu=0.0.
2025-06-24 06:21:56,319 [INFO] [src.federated.client] - Client client_9 - Epoch 1/3 completed. Average Loss: 0.0242
2025-06-24 06:21:56,329 [INFO] [src.federated.client] - Client client_9 - Epoch 2/3 completed. Average Loss: 0.0002
2025-06-24 06:21:56,340 [INFO] [src.federated.client] - Client client_9 - Epoch 3/3 completed. Average Loss: 0.0005
2025-06-24 06:21:56,341 [INFO] [src.federated.client] - Client client_9: Local training finished. Processed 480 samples.
2025-06-24 06:21:56,341 [INFO] [src.federated.client] - Client client_3: Starting local training for 3 epochs. Proximal term mu=0.0.
2025-06-24 06:21:56,351 [INFO] [src.federated.client] - Client client_3 - Epoch 1/3 completed. Average Loss: 0.0000
2025-06-24 06:21:56,362 [INFO] [src.federated.client] - Client client_3 - Epoch 2/3 completed. Average Loss: 0.0000
2025-06-24 06:21:56,373 [INFO] [src.federated.client] - Client client_3 - Epoch 3/3 completed. Average Loss: 0.0000
2025-06-24 06:21:56,374 [INFO] [src.federated.client] - Client client_3: Local training finished. Processed 480 samples.
2025-06-24 06:21:56,374 [INFO] [src.federated.client] - Client client_7: Starting local training for 3 epochs. Proximal term mu=0.0.
2025-06-24 06:21:56,384 [INFO] [src.federated.client] - Client client_7 - Epoch 1/3 completed. Average Loss: 0.0000
2025-06-24 06:21:56,396 [INFO] [src.federated.client] - Client client_7 - Epoch 2/3 completed. Average Loss: 0.0000
2025-06-24 06:21:56,406 [INFO] [src.federated.client] - Client client_7 - Epoch 3/3 completed. Average Loss: 0.0000
2025-06-24 06:21:56,406 [INFO] [src.federated.client] - Client client_7: Local training finished. Processed 480 samples.
2025-06-24 06:21:56,407 [INFO] [src.federated.client] - Client client_4: Starting local training for 3 epochs. Proximal term mu=0.0.
2025-06-24 06:21:56,416 [INFO] [src.federated.client] - Client client_4 - Epoch 1/3 completed. Average Loss: 0.0000
2025-06-24 06:21:56,427 [INFO] [src.federated.client] - Client client_4 - Epoch 2/3 completed. Average Loss: 0.0000
2025-06-24 06:21:56,436 [INFO] [src.federated.client] - Client client_4 - Epoch 3/3 completed. Average Loss: 0.0000
2025-06-24 06:21:56,437 [INFO] [src.federated.client] - Client client_4: Local training finished. Processed 480 samples.
2025-06-24 06:21:56,437 [INFO] [src.federated.server] - Aggregating updates from 10 clients using FedDive.
2025-06-24 06:21:56,437 [INFO] [src.federated.aggregation] - FedDive: Aggregating updates from 10 clients (momentum=0.9).
2025-06-24 06:21:56,439 [INFO] [src.federated.aggregation] - FedDive: Aggregation complete.
2025-06-24 06:21:56,439 [INFO] [src.federated.server] - Global model updated with aggregated parameters.
2025-06-24 06:21:56,439 [INFO] [src.federated.server] - Evaluating updated global model...
2025-06-24 06:21:56,444 [INFO] [src.federated.server] - Round 16 completed in 0.32s. Eval Metrics: {'loss': 3.9423638063311725e-05, 'accuracy': 1.0}
2025-06-24 06:21:56,444 [INFO] [src.federated.server] - ===== Starting Round 17/40 =====
2025-06-24 06:21:56,445 [INFO] [src.federated.server] - Starting federated training round...
2025-06-24 06:21:56,445 [INFO] [src.federated.server] - Selected 10 clients out of 10 available (fraction=1.0, min_clients=1): ['client_7', 'client_1', 'client_2', 'client_8', 'client_5', 'client_3', 'client_6', 'client_4', 'client_9', 'client_0']
2025-06-24 06:21:56,445 [INFO] [src.federated.client] - Client client_7: Starting local training for 3 epochs. Proximal term mu=0.0.
2025-06-24 06:21:56,457 [INFO] [src.federated.client] - Client client_7 - Epoch 1/3 completed. Average Loss: 0.0000
2025-06-24 06:21:56,467 [INFO] [src.federated.client] - Client client_7 - Epoch 2/3 completed. Average Loss: 0.0000
2025-06-24 06:21:56,476 [INFO] [src.federated.client] - Client client_7 - Epoch 3/3 completed. Average Loss: 0.0000
2025-06-24 06:21:56,477 [INFO] [src.federated.client] - Client client_7: Local training finished. Processed 480 samples.
2025-06-24 06:21:56,477 [INFO] [src.federated.client] - Client client_1: Starting local training for 3 epochs. Proximal term mu=0.0.
2025-06-24 06:21:56,487 [INFO] [src.federated.client] - Client client_1 - Epoch 1/3 completed. Average Loss: 0.0000
2025-06-24 06:21:56,498 [INFO] [src.federated.client] - Client client_1 - Epoch 2/3 completed. Average Loss: 0.0000
2025-06-24 06:21:56,507 [INFO] [src.federated.client] - Client client_1 - Epoch 3/3 completed. Average Loss: 0.0000
2025-06-24 06:21:56,508 [INFO] [src.federated.client] - Client client_1: Local training finished. Processed 480 samples.
2025-06-24 06:21:56,508 [INFO] [src.federated.client] - Client client_2: Starting local training for 3 epochs. Proximal term mu=0.0.
2025-06-24 06:21:56,517 [INFO] [src.federated.client] - Client client_2 - Epoch 1/3 completed. Average Loss: 0.0014
2025-06-24 06:21:56,528 [INFO] [src.federated.client] - Client client_2 - Epoch 2/3 completed. Average Loss: 0.0000
2025-06-24 06:21:56,538 [INFO] [src.federated.client] - Client client_2 - Epoch 3/3 completed. Average Loss: 0.0000
2025-06-24 06:21:56,539 [INFO] [src.federated.client] - Client client_2: Local training finished. Processed 480 samples.
2025-06-24 06:21:56,539 [INFO] [src.federated.client] - Client client_8: Starting local training for 3 epochs. Proximal term mu=0.0.
2025-06-24 06:21:56,549 [INFO] [src.federated.client] - Client client_8 - Epoch 1/3 completed. Average Loss: 0.0000
2025-06-24 06:21:56,559 [INFO] [src.federated.client] - Client client_8 - Epoch 2/3 completed. Average Loss: 0.0000
2025-06-24 06:21:56,570 [INFO] [src.federated.client] - Client client_8 - Epoch 3/3 completed. Average Loss: 0.0000
2025-06-24 06:21:56,570 [INFO] [src.federated.client] - Client client_8: Local training finished. Processed 480 samples.
2025-06-24 06:21:56,571 [INFO] [src.federated.client] - Client client_5: Starting local training for 3 epochs. Proximal term mu=0.0.
2025-06-24 06:21:56,582 [INFO] [src.federated.client] - Client client_5 - Epoch 1/3 completed. Average Loss: 0.0000
2025-06-24 06:21:56,592 [INFO] [src.federated.client] - Client client_5 - Epoch 2/3 completed. Average Loss: 0.0000
2025-06-24 06:21:56,602 [INFO] [src.federated.client] - Client client_5 - Epoch 3/3 completed. Average Loss: 0.0000
2025-06-24 06:21:56,603 [INFO] [src.federated.client] - Client client_5: Local training finished. Processed 480 samples.
2025-06-24 06:21:56,603 [INFO] [src.federated.client] - Client client_3: Starting local training for 3 epochs. Proximal term mu=0.0.
2025-06-24 06:21:56,614 [INFO] [src.federated.client] - Client client_3 - Epoch 1/3 completed. Average Loss: 0.0000
2025-06-24 06:21:56,624 [INFO] [src.federated.client] - Client client_3 - Epoch 2/3 completed. Average Loss: 0.0000
2025-06-24 06:21:56,633 [INFO] [src.federated.client] - Client client_3 - Epoch 3/3 completed. Average Loss: 0.0000
2025-06-24 06:21:56,634 [INFO] [src.federated.client] - Client client_3: Local training finished. Processed 480 samples.
2025-06-24 06:21:56,634 [INFO] [src.federated.client] - Client client_6: Starting local training for 3 epochs. Proximal term mu=0.0.
2025-06-24 06:21:56,644 [INFO] [src.federated.client] - Client client_6 - Epoch 1/3 completed. Average Loss: 0.0000
2025-06-24 06:21:56,655 [INFO] [src.federated.client] - Client client_6 - Epoch 2/3 completed. Average Loss: 0.0000
2025-06-24 06:21:56,664 [INFO] [src.federated.client] - Client client_6 - Epoch 3/3 completed. Average Loss: 0.0000
2025-06-24 06:21:56,664 [INFO] [src.federated.client] - Client client_6: Local training finished. Processed 480 samples.
2025-06-24 06:21:56,665 [INFO] [src.federated.client] - Client client_4: Starting local training for 3 epochs. Proximal term mu=0.0.
2025-06-24 06:21:56,677 [INFO] [src.federated.client] - Client client_4 - Epoch 1/3 completed. Average Loss: 0.0000
2025-06-24 06:21:56,688 [INFO] [src.federated.client] - Client client_4 - Epoch 2/3 completed. Average Loss: 0.0000
2025-06-24 06:21:56,697 [INFO] [src.federated.client] - Client client_4 - Epoch 3/3 completed. Average Loss: 0.0000
2025-06-24 06:21:56,698 [INFO] [src.federated.client] - Client client_4: Local training finished. Processed 480 samples.
2025-06-24 06:21:56,698 [INFO] [src.federated.client] - Client client_9: Starting local training for 3 epochs. Proximal term mu=0.0.
2025-06-24 06:21:56,708 [INFO] [src.federated.client] - Client client_9 - Epoch 1/3 completed. Average Loss: 0.0002
2025-06-24 06:21:56,718 [INFO] [src.federated.client] - Client client_9 - Epoch 2/3 completed. Average Loss: 0.0003
2025-06-24 06:21:56,729 [INFO] [src.federated.client] - Client client_9 - Epoch 3/3 completed. Average Loss: 0.0003
2025-06-24 06:21:56,730 [INFO] [src.federated.client] - Client client_9: Local training finished. Processed 480 samples.
2025-06-24 06:21:56,730 [INFO] [src.federated.client] - Client client_0: Starting local training for 3 epochs. Proximal term mu=0.0.
2025-06-24 06:21:56,740 [INFO] [src.federated.client] - Client client_0 - Epoch 1/3 completed. Average Loss: 0.0000
2025-06-24 06:21:56,751 [INFO] [src.federated.client] - Client client_0 - Epoch 2/3 completed. Average Loss: 0.0000
2025-06-24 06:21:56,761 [INFO] [src.federated.client] - Client client_0 - Epoch 3/3 completed. Average Loss: 0.0000
2025-06-24 06:21:56,762 [INFO] [src.federated.client] - Client client_0: Local training finished. Processed 480 samples.
2025-06-24 06:21:56,762 [INFO] [src.federated.server] - Aggregating updates from 10 clients using FedDive.
2025-06-24 06:21:56,762 [INFO] [src.federated.aggregation] - FedDive: Aggregating updates from 10 clients (momentum=0.9).
2025-06-24 06:21:56,764 [INFO] [src.federated.aggregation] - FedDive: Aggregation complete.
2025-06-24 06:21:56,764 [INFO] [src.federated.server] - Global model updated with aggregated parameters.
2025-06-24 06:21:56,764 [INFO] [src.federated.server] - Evaluating updated global model...
2025-06-24 06:21:56,769 [INFO] [src.federated.server] - Round 17 completed in 0.32s. Eval Metrics: {'loss': 3.973476866576675e-06, 'accuracy': 1.0}
2025-06-24 06:21:56,769 [INFO] [src.federated.server] - ===== Starting Round 18/40 =====
2025-06-24 06:21:56,769 [INFO] [src.federated.server] - Starting federated training round...
2025-06-24 06:21:56,769 [INFO] [src.federated.server] - Selected 10 clients out of 10 available (fraction=1.0, min_clients=1): ['client_8', 'client_3', 'client_4', 'client_9', 'client_5', 'client_2', 'client_6', 'client_7', 'client_1', 'client_0']
2025-06-24 06:21:56,770 [INFO] [src.federated.client] - Client client_8: Starting local training for 3 epochs. Proximal term mu=0.0.
2025-06-24 06:21:56,780 [INFO] [src.federated.client] - Client client_8 - Epoch 1/3 completed. Average Loss: 0.0000
2025-06-24 06:21:56,791 [INFO] [src.federated.client] - Client client_8 - Epoch 2/3 completed. Average Loss: 0.0000
2025-06-24 06:21:56,802 [INFO] [src.federated.client] - Client client_8 - Epoch 3/3 completed. Average Loss: 0.0000
2025-06-24 06:21:56,802 [INFO] [src.federated.client] - Client client_8: Local training finished. Processed 480 samples.
2025-06-24 06:21:56,803 [INFO] [src.federated.client] - Client client_3: Starting local training for 3 epochs. Proximal term mu=0.0.
2025-06-24 06:21:56,814 [INFO] [src.federated.client] - Client client_3 - Epoch 1/3 completed. Average Loss: 0.0000
2025-06-24 06:21:56,825 [INFO] [src.federated.client] - Client client_3 - Epoch 2/3 completed. Average Loss: 0.0000
2025-06-24 06:21:56,835 [INFO] [src.federated.client] - Client client_3 - Epoch 3/3 completed. Average Loss: 0.0000
2025-06-24 06:21:56,836 [INFO] [src.federated.client] - Client client_3: Local training finished. Processed 480 samples.
2025-06-24 06:21:56,836 [INFO] [src.federated.client] - Client client_4: Starting local training for 3 epochs. Proximal term mu=0.0.
2025-06-24 06:21:56,848 [INFO] [src.federated.client] - Client client_4 - Epoch 1/3 completed. Average Loss: 0.0000
2025-06-24 06:21:56,860 [INFO] [src.federated.client] - Client client_4 - Epoch 2/3 completed. Average Loss: 0.0000
2025-06-24 06:21:56,870 [INFO] [src.federated.client] - Client client_4 - Epoch 3/3 completed. Average Loss: 0.0000
2025-06-24 06:21:56,871 [INFO] [src.federated.client] - Client client_4: Local training finished. Processed 480 samples.
2025-06-24 06:21:56,871 [INFO] [src.federated.client] - Client client_9: Starting local training for 3 epochs. Proximal term mu=0.0.
2025-06-24 06:21:56,881 [INFO] [src.federated.client] - Client client_9 - Epoch 1/3 completed. Average Loss: 0.0005
2025-06-24 06:21:56,891 [INFO] [src.federated.client] - Client client_9 - Epoch 2/3 completed. Average Loss: 0.0003
2025-06-24 06:21:56,900 [INFO] [src.federated.client] - Client client_9 - Epoch 3/3 completed. Average Loss: 0.0004
2025-06-24 06:21:56,901 [INFO] [src.federated.client] - Client client_9: Local training finished. Processed 480 samples.
2025-06-24 06:21:56,902 [INFO] [src.federated.client] - Client client_5: Starting local training for 3 epochs. Proximal term mu=0.0.
2025-06-24 06:21:56,913 [INFO] [src.federated.client] - Client client_5 - Epoch 1/3 completed. Average Loss: 0.0000
2025-06-24 06:21:56,923 [INFO] [src.federated.client] - Client client_5 - Epoch 2/3 completed. Average Loss: 0.0000
2025-06-24 06:21:56,933 [INFO] [src.federated.client] - Client client_5 - Epoch 3/3 completed. Average Loss: 0.0000
2025-06-24 06:21:56,934 [INFO] [src.federated.client] - Client client_5: Local training finished. Processed 480 samples.
2025-06-24 06:21:56,934 [INFO] [src.federated.client] - Client client_2: Starting local training for 3 epochs. Proximal term mu=0.0.
2025-06-24 06:21:56,945 [INFO] [src.federated.client] - Client client_2 - Epoch 1/3 completed. Average Loss: 0.0071
2025-06-24 06:21:56,957 [INFO] [src.federated.client] - Client client_2 - Epoch 2/3 completed. Average Loss: 0.0004
2025-06-24 06:21:56,967 [INFO] [src.federated.client] - Client client_2 - Epoch 3/3 completed. Average Loss: 0.0023
2025-06-24 06:21:56,968 [INFO] [src.federated.client] - Client client_2: Local training finished. Processed 480 samples.
2025-06-24 06:21:56,969 [INFO] [src.federated.client] - Client client_6: Starting local training for 3 epochs. Proximal term mu=0.0.
2025-06-24 06:21:56,979 [INFO] [src.federated.client] - Client client_6 - Epoch 1/3 completed. Average Loss: 0.0000
2025-06-24 06:21:56,988 [INFO] [src.federated.client] - Client client_6 - Epoch 2/3 completed. Average Loss: 0.0000
2025-06-24 06:21:56,999 [INFO] [src.federated.client] - Client client_6 - Epoch 3/3 completed. Average Loss: 0.0000
2025-06-24 06:21:57,000 [INFO] [src.federated.client] - Client client_6: Local training finished. Processed 480 samples.
2025-06-24 06:21:57,001 [INFO] [src.federated.client] - Client client_7: Starting local training for 3 epochs. Proximal term mu=0.0.
2025-06-24 06:21:57,012 [INFO] [src.federated.client] - Client client_7 - Epoch 1/3 completed. Average Loss: 0.0001
2025-06-24 06:21:57,024 [INFO] [src.federated.client] - Client client_7 - Epoch 2/3 completed. Average Loss: 0.0000
2025-06-24 06:21:57,034 [INFO] [src.federated.client] - Client client_7 - Epoch 3/3 completed. Average Loss: 0.0000
2025-06-24 06:21:57,035 [INFO] [src.federated.client] - Client client_7: Local training finished. Processed 480 samples.
2025-06-24 06:21:57,036 [INFO] [src.federated.client] - Client client_1: Starting local training for 3 epochs. Proximal term mu=0.0.
2025-06-24 06:21:57,048 [INFO] [src.federated.client] - Client client_1 - Epoch 1/3 completed. Average Loss: 0.0000
2025-06-24 06:21:57,057 [INFO] [src.federated.client] - Client client_1 - Epoch 2/3 completed. Average Loss: 0.0000
2025-06-24 06:21:57,068 [INFO] [src.federated.client] - Client client_1 - Epoch 3/3 completed. Average Loss: 0.0000
2025-06-24 06:21:57,068 [INFO] [src.federated.client] - Client client_1: Local training finished. Processed 480 samples.
2025-06-24 06:21:57,069 [INFO] [src.federated.client] - Client client_0: Starting local training for 3 epochs. Proximal term mu=0.0.
2025-06-24 06:21:57,078 [INFO] [src.federated.client] - Client client_0 - Epoch 1/3 completed. Average Loss: 0.0000
2025-06-24 06:21:57,088 [INFO] [src.federated.client] - Client client_0 - Epoch 2/3 completed. Average Loss: 0.0000
2025-06-24 06:21:57,098 [INFO] [src.federated.client] - Client client_0 - Epoch 3/3 completed. Average Loss: 0.0000
2025-06-24 06:21:57,099 [INFO] [src.federated.client] - Client client_0: Local training finished. Processed 480 samples.
2025-06-24 06:21:57,099 [INFO] [src.federated.server] - Aggregating updates from 10 clients using FedDive.
2025-06-24 06:21:57,099 [INFO] [src.federated.aggregation] - FedDive: Aggregating updates from 10 clients (momentum=0.9).
2025-06-24 06:21:57,101 [INFO] [src.federated.aggregation] - FedDive: Aggregation complete.
2025-06-24 06:21:57,101 [INFO] [src.federated.server] - Global model updated with aggregated parameters.
2025-06-24 06:21:57,101 [INFO] [src.federated.server] - Evaluating updated global model...
2025-06-24 06:21:57,106 [INFO] [src.federated.server] - Round 18 completed in 0.34s. Eval Metrics: {'loss': 3.4814547308315013e-06, 'accuracy': 1.0}
2025-06-24 06:21:57,106 [INFO] [src.federated.server] - ===== Starting Round 19/40 =====
2025-06-24 06:21:57,106 [INFO] [src.federated.server] - Starting federated training round...
2025-06-24 06:21:57,106 [INFO] [src.federated.server] - Selected 10 clients out of 10 available (fraction=1.0, min_clients=1): ['client_3', 'client_9', 'client_1', 'client_2', 'client_0', 'client_4', 'client_7', 'client_6', 'client_5', 'client_8']
2025-06-24 06:21:57,107 [INFO] [src.federated.client] - Client client_3: Starting local training for 3 epochs. Proximal term mu=0.0.
2025-06-24 06:21:57,116 [INFO] [src.federated.client] - Client client_3 - Epoch 1/3 completed. Average Loss: 0.0000
2025-06-24 06:21:57,126 [INFO] [src.federated.client] - Client client_3 - Epoch 2/3 completed. Average Loss: 0.0000
2025-06-24 06:21:57,135 [INFO] [src.federated.client] - Client client_3 - Epoch 3/3 completed. Average Loss: 0.0000
2025-06-24 06:21:57,136 [INFO] [src.federated.client] - Client client_3: Local training finished. Processed 480 samples.
2025-06-24 06:21:57,136 [INFO] [src.federated.client] - Client client_9: Starting local training for 3 epochs. Proximal term mu=0.0.
2025-06-24 06:21:57,146 [INFO] [src.federated.client] - Client client_9 - Epoch 1/3 completed. Average Loss: 0.0009
2025-06-24 06:21:57,156 [INFO] [src.federated.client] - Client client_9 - Epoch 2/3 completed. Average Loss: 0.0003
2025-06-24 06:21:57,166 [INFO] [src.federated.client] - Client client_9 - Epoch 3/3 completed. Average Loss: 0.0003
2025-06-24 06:21:57,166 [INFO] [src.federated.client] - Client client_9: Local training finished. Processed 480 samples.
2025-06-24 06:21:57,167 [INFO] [src.federated.client] - Client client_1: Starting local training for 3 epochs. Proximal term mu=0.0.
2025-06-24 06:21:57,176 [INFO] [src.federated.client] - Client client_1 - Epoch 1/3 completed. Average Loss: 0.0000
2025-06-24 06:21:57,187 [INFO] [src.federated.client] - Client client_1 - Epoch 2/3 completed. Average Loss: 0.0000
2025-06-24 06:21:57,198 [INFO] [src.federated.client] - Client client_1 - Epoch 3/3 completed. Average Loss: 0.0000
2025-06-24 06:21:57,199 [INFO] [src.federated.client] - Client client_1: Local training finished. Processed 480 samples.
2025-06-24 06:21:57,200 [INFO] [src.federated.client] - Client client_2: Starting local training for 3 epochs. Proximal term mu=0.0.
2025-06-24 06:21:57,209 [INFO] [src.federated.client] - Client client_2 - Epoch 1/3 completed. Average Loss: 0.0116
2025-06-24 06:21:57,220 [INFO] [src.federated.client] - Client client_2 - Epoch 2/3 completed. Average Loss: 0.0000
2025-06-24 06:21:57,231 [INFO] [src.federated.client] - Client client_2 - Epoch 3/3 completed. Average Loss: 0.0008
2025-06-24 06:21:57,232 [INFO] [src.federated.client] - Client client_2: Local training finished. Processed 480 samples.
2025-06-24 06:21:57,232 [INFO] [src.federated.client] - Client client_0: Starting local training for 3 epochs. Proximal term mu=0.0.
2025-06-24 06:21:57,243 [INFO] [src.federated.client] - Client client_0 - Epoch 1/3 completed. Average Loss: 0.0000
2025-06-24 06:21:57,253 [INFO] [src.federated.client] - Client client_0 - Epoch 2/3 completed. Average Loss: 0.0000
2025-06-24 06:21:57,262 [INFO] [src.federated.client] - Client client_0 - Epoch 3/3 completed. Average Loss: 0.0000
2025-06-24 06:21:57,263 [INFO] [src.federated.client] - Client client_0: Local training finished. Processed 480 samples.
2025-06-24 06:21:57,264 [INFO] [src.federated.client] - Client client_4: Starting local training for 3 epochs. Proximal term mu=0.0.
2025-06-24 06:21:57,273 [INFO] [src.federated.client] - Client client_4 - Epoch 1/3 completed. Average Loss: 0.0000
2025-06-24 06:21:57,284 [INFO] [src.federated.client] - Client client_4 - Epoch 2/3 completed. Average Loss: 0.0000
2025-06-24 06:21:57,294 [INFO] [src.federated.client] - Client client_4 - Epoch 3/3 completed. Average Loss: 0.0000
2025-06-24 06:21:57,295 [INFO] [src.federated.client] - Client client_4: Local training finished. Processed 480 samples.
2025-06-24 06:21:57,295 [INFO] [src.federated.client] - Client client_7: Starting local training for 3 epochs. Proximal term mu=0.0.
2025-06-24 06:21:57,305 [INFO] [src.federated.client] - Client client_7 - Epoch 1/3 completed. Average Loss: 0.0001
2025-06-24 06:21:57,315 [INFO] [src.federated.client] - Client client_7 - Epoch 2/3 completed. Average Loss: 0.0000
2025-06-24 06:21:57,324 [INFO] [src.federated.client] - Client client_7 - Epoch 3/3 completed. Average Loss: 0.0000
2025-06-24 06:21:57,325 [INFO] [src.federated.client] - Client client_7: Local training finished. Processed 480 samples.
2025-06-24 06:21:57,325 [INFO] [src.federated.client] - Client client_6: Starting local training for 3 epochs. Proximal term mu=0.0.
2025-06-24 06:21:57,335 [INFO] [src.federated.client] - Client client_6 - Epoch 1/3 completed. Average Loss: 0.0000
2025-06-24 06:21:57,345 [INFO] [src.federated.client] - Client client_6 - Epoch 2/3 completed. Average Loss: 0.0000
2025-06-24 06:21:57,356 [INFO] [src.federated.client] - Client client_6 - Epoch 3/3 completed. Average Loss: 0.0000
2025-06-24 06:21:57,357 [INFO] [src.federated.client] - Client client_6: Local training finished. Processed 480 samples.
2025-06-24 06:21:57,357 [INFO] [src.federated.client] - Client client_5: Starting local training for 3 epochs. Proximal term mu=0.0.
2025-06-24 06:21:57,368 [INFO] [src.federated.client] - Client client_5 - Epoch 1/3 completed. Average Loss: 0.0000
2025-06-24 06:21:57,377 [INFO] [src.federated.client] - Client client_5 - Epoch 2/3 completed. Average Loss: 0.0000
2025-06-24 06:21:57,388 [INFO] [src.federated.client] - Client client_5 - Epoch 3/3 completed. Average Loss: 0.0000
2025-06-24 06:21:57,389 [INFO] [src.federated.client] - Client client_5: Local training finished. Processed 480 samples.
2025-06-24 06:21:57,390 [INFO] [src.federated.client] - Client client_8: Starting local training for 3 epochs. Proximal term mu=0.0.
2025-06-24 06:21:57,400 [INFO] [src.federated.client] - Client client_8 - Epoch 1/3 completed. Average Loss: 0.0000
2025-06-24 06:21:57,409 [INFO] [src.federated.client] - Client client_8 - Epoch 2/3 completed. Average Loss: 0.0000
2025-06-24 06:21:57,420 [INFO] [src.federated.client] - Client client_8 - Epoch 3/3 completed. Average Loss: 0.0000
2025-06-24 06:21:57,421 [INFO] [src.federated.client] - Client client_8: Local training finished. Processed 480 samples.
2025-06-24 06:21:57,421 [INFO] [src.federated.server] - Aggregating updates from 10 clients using FedDive.
2025-06-24 06:21:57,421 [INFO] [src.federated.aggregation] - FedDive: Aggregating updates from 10 clients (momentum=0.9).
2025-06-24 06:21:57,423 [INFO] [src.federated.aggregation] - FedDive: Aggregation complete.
2025-06-24 06:21:57,424 [INFO] [src.federated.server] - Global model updated with aggregated parameters.
2025-06-24 06:21:57,424 [INFO] [src.federated.server] - Evaluating updated global model...
2025-06-24 06:21:57,428 [INFO] [src.federated.server] - Round 19 completed in 0.32s. Eval Metrics: {'loss': 4.262177043869997e-06, 'accuracy': 1.0}
2025-06-24 06:21:57,429 [INFO] [src.federated.server] - ===== Starting Round 20/40 =====
2025-06-24 06:21:57,429 [INFO] [src.federated.server] - Starting federated training round...
2025-06-24 06:21:57,429 [INFO] [src.federated.server] - Selected 10 clients out of 10 available (fraction=1.0, min_clients=1): ['client_1', 'client_0', 'client_3', 'client_8', 'client_6', 'client_2', 'client_5', 'client_4', 'client_7', 'client_9']
2025-06-24 06:21:57,430 [INFO] [src.federated.client] - Client client_1: Starting local training for 3 epochs. Proximal term mu=0.0.
2025-06-24 06:21:57,441 [INFO] [src.federated.client] - Client client_1 - Epoch 1/3 completed. Average Loss: 0.0000
2025-06-24 06:21:57,452 [INFO] [src.federated.client] - Client client_1 - Epoch 2/3 completed. Average Loss: 0.0000
2025-06-24 06:21:57,461 [INFO] [src.federated.client] - Client client_1 - Epoch 3/3 completed. Average Loss: 0.0000
2025-06-24 06:21:57,462 [INFO] [src.federated.client] - Client client_1: Local training finished. Processed 480 samples.
2025-06-24 06:21:57,462 [INFO] [src.federated.client] - Client client_0: Starting local training for 3 epochs. Proximal term mu=0.0.
2025-06-24 06:21:57,473 [INFO] [src.federated.client] - Client client_0 - Epoch 1/3 completed. Average Loss: 0.0000
2025-06-24 06:21:57,482 [INFO] [src.federated.client] - Client client_0 - Epoch 2/3 completed. Average Loss: 0.0000
2025-06-24 06:21:57,492 [INFO] [src.federated.client] - Client client_0 - Epoch 3/3 completed. Average Loss: 0.0000
2025-06-24 06:21:57,492 [INFO] [src.federated.client] - Client client_0: Local training finished. Processed 480 samples.
2025-06-24 06:21:57,493 [INFO] [src.federated.client] - Client client_3: Starting local training for 3 epochs. Proximal term mu=0.0.
2025-06-24 06:21:57,504 [INFO] [src.federated.client] - Client client_3 - Epoch 1/3 completed. Average Loss: 0.0000
2025-06-24 06:21:57,515 [INFO] [src.federated.client] - Client client_3 - Epoch 2/3 completed. Average Loss: 0.0000
2025-06-24 06:21:57,525 [INFO] [src.federated.client] - Client client_3 - Epoch 3/3 completed. Average Loss: 0.0000
2025-06-24 06:21:57,525 [INFO] [src.federated.client] - Client client_3: Local training finished. Processed 480 samples.
2025-06-24 06:21:57,526 [INFO] [src.federated.client] - Client client_8: Starting local training for 3 epochs. Proximal term mu=0.0.
2025-06-24 06:21:57,536 [INFO] [src.federated.client] - Client client_8 - Epoch 1/3 completed. Average Loss: 0.0000
2025-06-24 06:21:57,547 [INFO] [src.federated.client] - Client client_8 - Epoch 2/3 completed. Average Loss: 0.0000
2025-06-24 06:21:57,558 [INFO] [src.federated.client] - Client client_8 - Epoch 3/3 completed. Average Loss: 0.0000
2025-06-24 06:21:57,559 [INFO] [src.federated.client] - Client client_8: Local training finished. Processed 480 samples.
2025-06-24 06:21:57,559 [INFO] [src.federated.client] - Client client_6: Starting local training for 3 epochs. Proximal term mu=0.0.
2025-06-24 06:21:57,569 [INFO] [src.federated.client] - Client client_6 - Epoch 1/3 completed. Average Loss: 0.0000
2025-06-24 06:21:57,578 [INFO] [src.federated.client] - Client client_6 - Epoch 2/3 completed. Average Loss: 0.0000
2025-06-24 06:21:57,588 [INFO] [src.federated.client] - Client client_6 - Epoch 3/3 completed. Average Loss: 0.0000
2025-06-24 06:21:57,589 [INFO] [src.federated.client] - Client client_6: Local training finished. Processed 480 samples.
2025-06-24 06:21:57,589 [INFO] [src.federated.client] - Client client_2: Starting local training for 3 epochs. Proximal term mu=0.0.
2025-06-24 06:21:57,599 [INFO] [src.federated.client] - Client client_2 - Epoch 1/3 completed. Average Loss: 0.0061
2025-06-24 06:21:57,610 [INFO] [src.federated.client] - Client client_2 - Epoch 2/3 completed. Average Loss: 0.0001
2025-06-24 06:21:57,619 [INFO] [src.federated.client] - Client client_2 - Epoch 3/3 completed. Average Loss: 0.0005
2025-06-24 06:21:57,620 [INFO] [src.federated.client] - Client client_2: Local training finished. Processed 480 samples.
2025-06-24 06:21:57,620 [INFO] [src.federated.client] - Client client_5: Starting local training for 3 epochs. Proximal term mu=0.0.
2025-06-24 06:21:57,631 [INFO] [src.federated.client] - Client client_5 - Epoch 1/3 completed. Average Loss: 0.0000
2025-06-24 06:21:57,640 [INFO] [src.federated.client] - Client client_5 - Epoch 2/3 completed. Average Loss: 0.0000
2025-06-24 06:21:57,650 [INFO] [src.federated.client] - Client client_5 - Epoch 3/3 completed. Average Loss: 0.0000
2025-06-24 06:21:57,650 [INFO] [src.federated.client] - Client client_5: Local training finished. Processed 480 samples.
2025-06-24 06:21:57,651 [INFO] [src.federated.client] - Client client_4: Starting local training for 3 epochs. Proximal term mu=0.0.
2025-06-24 06:21:57,661 [INFO] [src.federated.client] - Client client_4 - Epoch 1/3 completed. Average Loss: 0.0000
2025-06-24 06:21:57,672 [INFO] [src.federated.client] - Client client_4 - Epoch 2/3 completed. Average Loss: 0.0000
2025-06-24 06:21:57,684 [INFO] [src.federated.client] - Client client_4 - Epoch 3/3 completed. Average Loss: 0.0000
2025-06-24 06:21:57,685 [INFO] [src.federated.client] - Client client_4: Local training finished. Processed 480 samples.
2025-06-24 06:21:57,685 [INFO] [src.federated.client] - Client client_7: Starting local training for 3 epochs. Proximal term mu=0.0.
2025-06-24 06:21:57,696 [INFO] [src.federated.client] - Client client_7 - Epoch 1/3 completed. Average Loss: 0.0001
2025-06-24 06:21:57,705 [INFO] [src.federated.client] - Client client_7 - Epoch 2/3 completed. Average Loss: 0.0000
2025-06-24 06:21:57,715 [INFO] [src.federated.client] - Client client_7 - Epoch 3/3 completed. Average Loss: 0.0000
2025-06-24 06:21:57,715 [INFO] [src.federated.client] - Client client_7: Local training finished. Processed 480 samples.
2025-06-24 06:21:57,716 [INFO] [src.federated.client] - Client client_9: Starting local training for 3 epochs. Proximal term mu=0.0.
2025-06-24 06:21:57,725 [INFO] [src.federated.client] - Client client_9 - Epoch 1/3 completed. Average Loss: 0.0007
2025-06-24 06:21:57,735 [INFO] [src.federated.client] - Client client_9 - Epoch 2/3 completed. Average Loss: 0.0002
2025-06-24 06:21:57,746 [INFO] [src.federated.client] - Client client_9 - Epoch 3/3 completed. Average Loss: 0.0004
2025-06-24 06:21:57,746 [INFO] [src.federated.client] - Client client_9: Local training finished. Processed 480 samples.
2025-06-24 06:21:57,747 [INFO] [src.federated.server] - Aggregating updates from 10 clients using FedDive.
2025-06-24 06:21:57,747 [INFO] [src.federated.aggregation] - FedDive: Aggregating updates from 10 clients (momentum=0.9).
2025-06-24 06:21:57,748 [INFO] [src.federated.aggregation] - FedDive: Aggregation complete.
2025-06-24 06:21:57,749 [INFO] [src.federated.server] - Global model updated with aggregated parameters.
2025-06-24 06:21:57,749 [INFO] [src.federated.server] - Evaluating updated global model...
2025-06-24 06:21:57,754 [INFO] [src.federated.server] - Round 20 completed in 0.33s. Eval Metrics: {'loss': 5.318416010311467e-06, 'accuracy': 1.0}
2025-06-24 06:21:57,755 [INFO] [src.federated.server] - ===== Starting Round 21/40 =====
2025-06-24 06:21:57,755 [INFO] [src.federated.server] - Starting federated training round...
2025-06-24 06:21:57,755 [INFO] [src.federated.server] - Selected 10 clients out of 10 available (fraction=1.0, min_clients=1): ['client_7', 'client_3', 'client_2', 'client_5', 'client_4', 'client_6', 'client_8', 'client_0', 'client_1', 'client_9']
2025-06-24 06:21:57,756 [INFO] [src.federated.client] - Client client_7: Starting local training for 3 epochs. Proximal term mu=0.0.
2025-06-24 06:21:57,766 [INFO] [src.federated.client] - Client client_7 - Epoch 1/3 completed. Average Loss: 0.0000
2025-06-24 06:21:57,777 [INFO] [src.federated.client] - Client client_7 - Epoch 2/3 completed. Average Loss: 0.0000
2025-06-24 06:21:57,788 [INFO] [src.federated.client] - Client client_7 - Epoch 3/3 completed. Average Loss: 0.0000
2025-06-24 06:21:57,789 [INFO] [src.federated.client] - Client client_7: Local training finished. Processed 480 samples.
2025-06-24 06:21:57,790 [INFO] [src.federated.client] - Client client_3: Starting local training for 3 epochs. Proximal term mu=0.0.
2025-06-24 06:21:57,803 [INFO] [src.federated.client] - Client client_3 - Epoch 1/3 completed. Average Loss: 0.0000
2025-06-24 06:21:57,813 [INFO] [src.federated.client] - Client client_3 - Epoch 2/3 completed. Average Loss: 0.0000
2025-06-24 06:21:57,824 [INFO] [src.federated.client] - Client client_3 - Epoch 3/3 completed. Average Loss: 0.0000
2025-06-24 06:21:57,825 [INFO] [src.federated.client] - Client client_3: Local training finished. Processed 480 samples.
2025-06-24 06:21:57,825 [INFO] [src.federated.client] - Client client_2: Starting local training for 3 epochs. Proximal term mu=0.0.
2025-06-24 06:21:57,835 [INFO] [src.federated.client] - Client client_2 - Epoch 1/3 completed. Average Loss: 0.0056
2025-06-24 06:21:57,846 [INFO] [src.federated.client] - Client client_2 - Epoch 2/3 completed. Average Loss: 0.0002
2025-06-24 06:21:57,856 [INFO] [src.federated.client] - Client client_2 - Epoch 3/3 completed. Average Loss: 0.0020
2025-06-24 06:21:57,856 [INFO] [src.federated.client] - Client client_2: Local training finished. Processed 480 samples.
2025-06-24 06:21:57,857 [INFO] [src.federated.client] - Client client_5: Starting local training for 3 epochs. Proximal term mu=0.0.
2025-06-24 06:21:57,867 [INFO] [src.federated.client] - Client client_5 - Epoch 1/3 completed. Average Loss: 0.0000
2025-06-24 06:21:57,877 [INFO] [src.federated.client] - Client client_5 - Epoch 2/3 completed. Average Loss: 0.0000
2025-06-24 06:21:57,887 [INFO] [src.federated.client] - Client client_5 - Epoch 3/3 completed. Average Loss: 0.0000
2025-06-24 06:21:57,887 [INFO] [src.federated.client] - Client client_5: Local training finished. Processed 480 samples.
2025-06-24 06:21:57,888 [INFO] [src.federated.client] - Client client_4: Starting local training for 3 epochs. Proximal term mu=0.0.
2025-06-24 06:21:57,900 [INFO] [src.federated.client] - Client client_4 - Epoch 1/3 completed. Average Loss: 0.0000
2025-06-24 06:21:57,910 [INFO] [src.federated.client] - Client client_4 - Epoch 2/3 completed. Average Loss: 0.0000
2025-06-24 06:21:57,920 [INFO] [src.federated.client] - Client client_4 - Epoch 3/3 completed. Average Loss: 0.0000
2025-06-24 06:21:57,920 [INFO] [src.federated.client] - Client client_4: Local training finished. Processed 480 samples.
2025-06-24 06:21:57,921 [INFO] [src.federated.client] - Client client_6: Starting local training for 3 epochs. Proximal term mu=0.0.
2025-06-24 06:21:57,932 [INFO] [src.federated.client] - Client client_6 - Epoch 1/3 completed. Average Loss: 0.0000
2025-06-24 06:21:57,943 [INFO] [src.federated.client] - Client client_6 - Epoch 2/3 completed. Average Loss: 0.0000
2025-06-24 06:21:57,954 [INFO] [src.federated.client] - Client client_6 - Epoch 3/3 completed. Average Loss: 0.0000
2025-06-24 06:21:57,954 [INFO] [src.federated.client] - Client client_6: Local training finished. Processed 480 samples.
2025-06-24 06:21:57,955 [INFO] [src.federated.client] - Client client_8: Starting local training for 3 epochs. Proximal term mu=0.0.
2025-06-24 06:21:57,964 [INFO] [src.federated.client] - Client client_8 - Epoch 1/3 completed. Average Loss: 0.0000
2025-06-24 06:21:57,974 [INFO] [src.federated.client] - Client client_8 - Epoch 2/3 completed. Average Loss: 0.0000
2025-06-24 06:21:57,984 [INFO] [src.federated.client] - Client client_8 - Epoch 3/3 completed. Average Loss: 0.0000
2025-06-24 06:21:57,985 [INFO] [src.federated.client] - Client client_8: Local training finished. Processed 480 samples.
2025-06-24 06:21:57,985 [INFO] [src.federated.client] - Client client_0: Starting local training for 3 epochs. Proximal term mu=0.0.
2025-06-24 06:21:57,996 [INFO] [src.federated.client] - Client client_0 - Epoch 1/3 completed. Average Loss: 0.0000
2025-06-24 06:21:58,006 [INFO] [src.federated.client] - Client client_0 - Epoch 2/3 completed. Average Loss: 0.0000
2025-06-24 06:21:58,016 [INFO] [src.federated.client] - Client client_0 - Epoch 3/3 completed. Average Loss: 0.0000
2025-06-24 06:21:58,017 [INFO] [src.federated.client] - Client client_0: Local training finished. Processed 480 samples.
2025-06-24 06:21:58,017 [INFO] [src.federated.client] - Client client_1: Starting local training for 3 epochs. Proximal term mu=0.0.
2025-06-24 06:21:58,028 [INFO] [src.federated.client] - Client client_1 - Epoch 1/3 completed. Average Loss: 0.0000
2025-06-24 06:21:58,038 [INFO] [src.federated.client] - Client client_1 - Epoch 2/3 completed. Average Loss: 0.0000
2025-06-24 06:21:58,049 [INFO] [src.federated.client] - Client client_1 - Epoch 3/3 completed. Average Loss: 0.0000
2025-06-24 06:21:58,049 [INFO] [src.federated.client] - Client client_1: Local training finished. Processed 480 samples.
2025-06-24 06:21:58,050 [INFO] [src.federated.client] - Client client_9: Starting local training for 3 epochs. Proximal term mu=0.0.
2025-06-24 06:21:58,059 [INFO] [src.federated.client] - Client client_9 - Epoch 1/3 completed. Average Loss: 0.0004
2025-06-24 06:21:58,068 [INFO] [src.federated.client] - Client client_9 - Epoch 2/3 completed. Average Loss: 0.0003
2025-06-24 06:21:58,078 [INFO] [src.federated.client] - Client client_9 - Epoch 3/3 completed. Average Loss: 0.0002
2025-06-24 06:21:58,079 [INFO] [src.federated.client] - Client client_9: Local training finished. Processed 480 samples.
2025-06-24 06:21:58,079 [INFO] [src.federated.server] - Aggregating updates from 10 clients using FedDive.
2025-06-24 06:21:58,079 [INFO] [src.federated.aggregation] - FedDive: Aggregating updates from 10 clients (momentum=0.9).
2025-06-24 06:21:58,081 [INFO] [src.federated.aggregation] - FedDive: Aggregation complete.
2025-06-24 06:21:58,081 [INFO] [src.federated.server] - Global model updated with aggregated parameters.
2025-06-24 06:21:58,081 [INFO] [src.federated.server] - Evaluating updated global model...
2025-06-24 06:21:58,086 [INFO] [src.federated.server] - Round 21 completed in 0.33s. Eval Metrics: {'loss': 6.251732397544174e-06, 'accuracy': 1.0}
2025-06-24 06:21:58,087 [INFO] [src.federated.server] - ===== Starting Round 22/40 =====
2025-06-24 06:21:58,087 [INFO] [src.federated.server] - Starting federated training round...
2025-06-24 06:21:58,087 [INFO] [src.federated.server] - Selected 10 clients out of 10 available (fraction=1.0, min_clients=1): ['client_3', 'client_1', 'client_8', 'client_5', 'client_9', 'client_2', 'client_6', 'client_7', 'client_4', 'client_0']
2025-06-24 06:21:58,088 [INFO] [src.federated.client] - Client client_3: Starting local training for 3 epochs. Proximal term mu=0.0.
2025-06-24 06:21:58,098 [INFO] [src.federated.client] - Client client_3 - Epoch 1/3 completed. Average Loss: 0.0000
2025-06-24 06:21:58,109 [INFO] [src.federated.client] - Client client_3 - Epoch 2/3 completed. Average Loss: 0.0000
2025-06-24 06:21:58,119 [INFO] [src.federated.client] - Client client_3 - Epoch 3/3 completed. Average Loss: 0.0000
2025-06-24 06:21:58,120 [INFO] [src.federated.client] - Client client_3: Local training finished. Processed 480 samples.
2025-06-24 06:21:58,120 [INFO] [src.federated.client] - Client client_1: Starting local training for 3 epochs. Proximal term mu=0.0.
2025-06-24 06:21:58,130 [INFO] [src.federated.client] - Client client_1 - Epoch 1/3 completed. Average Loss: 0.0000
2025-06-24 06:21:58,139 [INFO] [src.federated.client] - Client client_1 - Epoch 2/3 completed. Average Loss: 0.0000
2025-06-24 06:21:58,149 [INFO] [src.federated.client] - Client client_1 - Epoch 3/3 completed. Average Loss: 0.0000
2025-06-24 06:21:58,150 [INFO] [src.federated.client] - Client client_1: Local training finished. Processed 480 samples.
2025-06-24 06:21:58,150 [INFO] [src.federated.client] - Client client_8: Starting local training for 3 epochs. Proximal term mu=0.0.
2025-06-24 06:21:58,160 [INFO] [src.federated.client] - Client client_8 - Epoch 1/3 completed. Average Loss: 0.0000
2025-06-24 06:21:58,170 [INFO] [src.federated.client] - Client client_8 - Epoch 2/3 completed. Average Loss: 0.0000
2025-06-24 06:21:58,181 [INFO] [src.federated.client] - Client client_8 - Epoch 3/3 completed. Average Loss: 0.0000
2025-06-24 06:21:58,181 [INFO] [src.federated.client] - Client client_8: Local training finished. Processed 480 samples.
2025-06-24 06:21:58,182 [INFO] [src.federated.client] - Client client_5: Starting local training for 3 epochs. Proximal term mu=0.0.
2025-06-24 06:21:58,193 [INFO] [src.federated.client] - Client client_5 - Epoch 1/3 completed. Average Loss: 0.0000
2025-06-24 06:21:58,203 [INFO] [src.federated.client] - Client client_5 - Epoch 2/3 completed. Average Loss: 0.0000
2025-06-24 06:21:58,213 [INFO] [src.federated.client] - Client client_5 - Epoch 3/3 completed. Average Loss: 0.0000
2025-06-24 06:21:58,213 [INFO] [src.federated.client] - Client client_5: Local training finished. Processed 480 samples.
2025-06-24 06:21:58,214 [INFO] [src.federated.client] - Client client_9: Starting local training for 3 epochs. Proximal term mu=0.0.
2025-06-24 06:21:58,223 [INFO] [src.federated.client] - Client client_9 - Epoch 1/3 completed. Average Loss: 0.0004
2025-06-24 06:21:58,232 [INFO] [src.federated.client] - Client client_9 - Epoch 2/3 completed. Average Loss: 0.0004
2025-06-24 06:21:58,242 [INFO] [src.federated.client] - Client client_9 - Epoch 3/3 completed. Average Loss: 0.0003
2025-06-24 06:21:58,242 [INFO] [src.federated.client] - Client client_9: Local training finished. Processed 480 samples.
2025-06-24 06:21:58,243 [INFO] [src.federated.client] - Client client_2: Starting local training for 3 epochs. Proximal term mu=0.0.
2025-06-24 06:21:58,253 [INFO] [src.federated.client] - Client client_2 - Epoch 1/3 completed. Average Loss: 0.0114
2025-06-24 06:21:58,264 [INFO] [src.federated.client] - Client client_2 - Epoch 2/3 completed. Average Loss: 0.0003
2025-06-24 06:21:58,274 [INFO] [src.federated.client] - Client client_2 - Epoch 3/3 completed. Average Loss: 0.0000
2025-06-24 06:21:58,275 [INFO] [src.federated.client] - Client client_2: Local training finished. Processed 480 samples.
2025-06-24 06:21:58,276 [INFO] [src.federated.client] - Client client_6: Starting local training for 3 epochs. Proximal term mu=0.0.
2025-06-24 06:21:58,286 [INFO] [src.federated.client] - Client client_6 - Epoch 1/3 completed. Average Loss: 0.0000
2025-06-24 06:21:58,296 [INFO] [src.federated.client] - Client client_6 - Epoch 2/3 completed. Average Loss: 0.0000
2025-06-24 06:21:58,306 [INFO] [src.federated.client] - Client client_6 - Epoch 3/3 completed. Average Loss: 0.0000
2025-06-24 06:21:58,307 [INFO] [src.federated.client] - Client client_6: Local training finished. Processed 480 samples.
2025-06-24 06:21:58,307 [INFO] [src.federated.client] - Client client_7: Starting local training for 3 epochs. Proximal term mu=0.0.
2025-06-24 06:21:58,318 [INFO] [src.federated.client] - Client client_7 - Epoch 1/3 completed. Average Loss: 0.0001
2025-06-24 06:21:58,328 [INFO] [src.federated.client] - Client client_7 - Epoch 2/3 completed. Average Loss: 0.0000
2025-06-24 06:21:58,339 [INFO] [src.federated.client] - Client client_7 - Epoch 3/3 completed. Average Loss: 0.0000
2025-06-24 06:21:58,340 [INFO] [src.federated.client] - Client client_7: Local training finished. Processed 480 samples.
2025-06-24 06:21:58,340 [INFO] [src.federated.client] - Client client_4: Starting local training for 3 epochs. Proximal term mu=0.0.
2025-06-24 06:21:58,352 [INFO] [src.federated.client] - Client client_4 - Epoch 1/3 completed. Average Loss: 0.0000
2025-06-24 06:21:58,362 [INFO] [src.federated.client] - Client client_4 - Epoch 2/3 completed. Average Loss: 0.0000
2025-06-24 06:21:58,371 [INFO] [src.federated.client] - Client client_4 - Epoch 3/3 completed. Average Loss: 0.0000
2025-06-24 06:21:58,371 [INFO] [src.federated.client] - Client client_4: Local training finished. Processed 480 samples.
2025-06-24 06:21:58,372 [INFO] [src.federated.client] - Client client_0: Starting local training for 3 epochs. Proximal term mu=0.0.
2025-06-24 06:21:58,384 [INFO] [src.federated.client] - Client client_0 - Epoch 1/3 completed. Average Loss: 0.0000
2025-06-24 06:21:58,394 [INFO] [src.federated.client] - Client client_0 - Epoch 2/3 completed. Average Loss: 0.0000
2025-06-24 06:21:58,404 [INFO] [src.federated.client] - Client client_0 - Epoch 3/3 completed. Average Loss: 0.0000
2025-06-24 06:21:58,405 [INFO] [src.federated.client] - Client client_0: Local training finished. Processed 480 samples.
2025-06-24 06:21:58,405 [INFO] [src.federated.server] - Aggregating updates from 10 clients using FedDive.
2025-06-24 06:21:58,405 [INFO] [src.federated.aggregation] - FedDive: Aggregating updates from 10 clients (momentum=0.9).
2025-06-24 06:21:58,407 [INFO] [src.federated.aggregation] - FedDive: Aggregation complete.
2025-06-24 06:21:58,407 [INFO] [src.federated.server] - Global model updated with aggregated parameters.
2025-06-24 06:21:58,407 [INFO] [src.federated.server] - Evaluating updated global model...
2025-06-24 06:21:58,412 [INFO] [src.federated.server] - Round 22 completed in 0.33s. Eval Metrics: {'loss': 6.287377664051519e-06, 'accuracy': 1.0}
2025-06-24 06:21:58,412 [INFO] [src.federated.server] - ===== Starting Round 23/40 =====
2025-06-24 06:21:58,412 [INFO] [src.federated.server] - Starting federated training round...
2025-06-24 06:21:58,413 [INFO] [src.federated.server] - Selected 10 clients out of 10 available (fraction=1.0, min_clients=1): ['client_1', 'client_0', 'client_6', 'client_5', 'client_2', 'client_8', 'client_9', 'client_4', 'client_7', 'client_3']
2025-06-24 06:21:58,413 [INFO] [src.federated.client] - Client client_1: Starting local training for 3 epochs. Proximal term mu=0.0.
2025-06-24 06:21:58,424 [INFO] [src.federated.client] - Client client_1 - Epoch 1/3 completed. Average Loss: 0.0000
2025-06-24 06:21:58,434 [INFO] [src.federated.client] - Client client_1 - Epoch 2/3 completed. Average Loss: 0.0000
2025-06-24 06:21:58,444 [INFO] [src.federated.client] - Client client_1 - Epoch 3/3 completed. Average Loss: 0.0000
2025-06-24 06:21:58,444 [INFO] [src.federated.client] - Client client_1: Local training finished. Processed 480 samples.
2025-06-24 06:21:58,445 [INFO] [src.federated.client] - Client client_0: Starting local training for 3 epochs. Proximal term mu=0.0.
2025-06-24 06:21:58,454 [INFO] [src.federated.client] - Client client_0 - Epoch 1/3 completed. Average Loss: 0.0000
2025-06-24 06:21:58,464 [INFO] [src.federated.client] - Client client_0 - Epoch 2/3 completed. Average Loss: 0.0000
2025-06-24 06:21:58,473 [INFO] [src.federated.client] - Client client_0 - Epoch 3/3 completed. Average Loss: 0.0000
2025-06-24 06:21:58,474 [INFO] [src.federated.client] - Client client_0: Local training finished. Processed 480 samples.
2025-06-24 06:21:58,475 [INFO] [src.federated.client] - Client client_6: Starting local training for 3 epochs. Proximal term mu=0.0.
2025-06-24 06:21:58,485 [INFO] [src.federated.client] - Client client_6 - Epoch 1/3 completed. Average Loss: 0.0000
2025-06-24 06:21:58,495 [INFO] [src.federated.client] - Client client_6 - Epoch 2/3 completed. Average Loss: 0.0000
2025-06-24 06:21:58,505 [INFO] [src.federated.client] - Client client_6 - Epoch 3/3 completed. Average Loss: 0.0000
2025-06-24 06:21:58,506 [INFO] [src.federated.client] - Client client_6: Local training finished. Processed 480 samples.
2025-06-24 06:21:58,506 [INFO] [src.federated.client] - Client client_5: Starting local training for 3 epochs. Proximal term mu=0.0.
2025-06-24 06:21:58,517 [INFO] [src.federated.client] - Client client_5 - Epoch 1/3 completed. Average Loss: 0.0000
2025-06-24 06:21:58,528 [INFO] [src.federated.client] - Client client_5 - Epoch 2/3 completed. Average Loss: 0.0000
2025-06-24 06:21:58,538 [INFO] [src.federated.client] - Client client_5 - Epoch 3/3 completed. Average Loss: 0.0000
2025-06-24 06:21:58,539 [INFO] [src.federated.client] - Client client_5: Local training finished. Processed 480 samples.
2025-06-24 06:21:58,539 [INFO] [src.federated.client] - Client client_2: Starting local training for 3 epochs. Proximal term mu=0.0.
2025-06-24 06:21:58,549 [INFO] [src.federated.client] - Client client_2 - Epoch 1/3 completed. Average Loss: 0.0020
2025-06-24 06:21:58,558 [INFO] [src.federated.client] - Client client_2 - Epoch 2/3 completed. Average Loss: 0.0001
2025-06-24 06:21:58,567 [INFO] [src.federated.client] - Client client_2 - Epoch 3/3 completed. Average Loss: 0.0001
2025-06-24 06:21:58,568 [INFO] [src.federated.client] - Client client_2: Local training finished. Processed 480 samples.
2025-06-24 06:21:58,569 [INFO] [src.federated.client] - Client client_8: Starting local training for 3 epochs. Proximal term mu=0.0.
2025-06-24 06:21:58,579 [INFO] [src.federated.client] - Client client_8 - Epoch 1/3 completed. Average Loss: 0.0000
2025-06-24 06:21:58,591 [INFO] [src.federated.client] - Client client_8 - Epoch 2/3 completed. Average Loss: 0.0000
2025-06-24 06:21:58,602 [INFO] [src.federated.client] - Client client_8 - Epoch 3/3 completed. Average Loss: 0.0000
2025-06-24 06:21:58,602 [INFO] [src.federated.client] - Client client_8: Local training finished. Processed 480 samples.
2025-06-24 06:21:58,603 [INFO] [src.federated.client] - Client client_9: Starting local training for 3 epochs. Proximal term mu=0.0.
2025-06-24 06:21:58,614 [INFO] [src.federated.client] - Client client_9 - Epoch 1/3 completed. Average Loss: 0.0004
2025-06-24 06:21:58,623 [INFO] [src.federated.client] - Client client_9 - Epoch 2/3 completed. Average Loss: 0.0003
2025-06-24 06:21:58,634 [INFO] [src.federated.client] - Client client_9 - Epoch 3/3 completed. Average Loss: 0.0002
2025-06-24 06:21:58,635 [INFO] [src.federated.client] - Client client_9: Local training finished. Processed 480 samples.
2025-06-24 06:21:58,636 [INFO] [src.federated.client] - Client client_4: Starting local training for 3 epochs. Proximal term mu=0.0.
2025-06-24 06:21:58,648 [INFO] [src.federated.client] - Client client_4 - Epoch 1/3 completed. Average Loss: 0.0000
2025-06-24 06:21:58,659 [INFO] [src.federated.client] - Client client_4 - Epoch 2/3 completed. Average Loss: 0.0000
2025-06-24 06:21:58,670 [INFO] [src.federated.client] - Client client_4 - Epoch 3/3 completed. Average Loss: 0.0000
2025-06-24 06:21:58,670 [INFO] [src.federated.client] - Client client_4: Local training finished. Processed 480 samples.
2025-06-24 06:21:58,671 [INFO] [src.federated.client] - Client client_7: Starting local training for 3 epochs. Proximal term mu=0.0.
2025-06-24 06:21:58,681 [INFO] [src.federated.client] - Client client_7 - Epoch 1/3 completed. Average Loss: 0.0000
2025-06-24 06:21:58,691 [INFO] [src.federated.client] - Client client_7 - Epoch 2/3 completed. Average Loss: 0.0000
2025-06-24 06:21:58,700 [INFO] [src.federated.client] - Client client_7 - Epoch 3/3 completed. Average Loss: 0.0000
2025-06-24 06:21:58,701 [INFO] [src.federated.client] - Client client_7: Local training finished. Processed 480 samples.
2025-06-24 06:21:58,702 [INFO] [src.federated.client] - Client client_3: Starting local training for 3 epochs. Proximal term mu=0.0.
2025-06-24 06:21:58,712 [INFO] [src.federated.client] - Client client_3 - Epoch 1/3 completed. Average Loss: 0.0000
2025-06-24 06:21:58,723 [INFO] [src.federated.client] - Client client_3 - Epoch 2/3 completed. Average Loss: 0.0000
2025-06-24 06:21:58,732 [INFO] [src.federated.client] - Client client_3 - Epoch 3/3 completed. Average Loss: 0.0000
2025-06-24 06:21:58,733 [INFO] [src.federated.client] - Client client_3: Local training finished. Processed 480 samples.
2025-06-24 06:21:58,733 [INFO] [src.federated.server] - Aggregating updates from 10 clients using FedDive.
2025-06-24 06:21:58,733 [INFO] [src.federated.aggregation] - FedDive: Aggregating updates from 10 clients (momentum=0.9).
2025-06-24 06:21:58,735 [INFO] [src.federated.aggregation] - FedDive: Aggregation complete.
2025-06-24 06:21:58,736 [INFO] [src.federated.server] - Global model updated with aggregated parameters.
2025-06-24 06:21:58,736 [INFO] [src.federated.server] - Evaluating updated global model...
2025-06-24 06:21:58,741 [INFO] [src.federated.server] - Round 23 completed in 0.33s. Eval Metrics: {'loss': 6.862507284424168e-06, 'accuracy': 1.0}
2025-06-24 06:21:58,741 [INFO] [src.federated.server] - ===== Starting Round 24/40 =====
2025-06-24 06:21:58,741 [INFO] [src.federated.server] - Starting federated training round...
2025-06-24 06:21:58,741 [INFO] [src.federated.server] - Selected 10 clients out of 10 available (fraction=1.0, min_clients=1): ['client_2', 'client_6', 'client_9', 'client_7', 'client_3', 'client_1', 'client_0', 'client_4', 'client_5', 'client_8']
2025-06-24 06:21:58,742 [INFO] [src.federated.client] - Client client_2: Starting local training for 3 epochs. Proximal term mu=0.0.
2025-06-24 06:21:58,754 [INFO] [src.federated.client] - Client client_2 - Epoch 1/3 completed. Average Loss: 0.0029
2025-06-24 06:21:58,763 [INFO] [src.federated.client] - Client client_2 - Epoch 2/3 completed. Average Loss: 0.0001
2025-06-24 06:21:58,774 [INFO] [src.federated.client] - Client client_2 - Epoch 3/3 completed. Average Loss: 0.0000
2025-06-24 06:21:58,774 [INFO] [src.federated.client] - Client client_2: Local training finished. Processed 480 samples.
2025-06-24 06:21:58,775 [INFO] [src.federated.client] - Client client_6: Starting local training for 3 epochs. Proximal term mu=0.0.
2025-06-24 06:21:58,785 [INFO] [src.federated.client] - Client client_6 - Epoch 1/3 completed. Average Loss: 0.0000
2025-06-24 06:21:58,796 [INFO] [src.federated.client] - Client client_6 - Epoch 2/3 completed. Average Loss: 0.0000
2025-06-24 06:21:58,806 [INFO] [src.federated.client] - Client client_6 - Epoch 3/3 completed. Average Loss: 0.0000
2025-06-24 06:21:58,807 [INFO] [src.federated.client] - Client client_6: Local training finished. Processed 480 samples.
2025-06-24 06:21:58,807 [INFO] [src.federated.client] - Client client_9: Starting local training for 3 epochs. Proximal term mu=0.0.
2025-06-24 06:21:58,818 [INFO] [src.federated.client] - Client client_9 - Epoch 1/3 completed. Average Loss: 0.0004
2025-06-24 06:21:58,827 [INFO] [src.federated.client] - Client client_9 - Epoch 2/3 completed. Average Loss: 0.0003
2025-06-24 06:21:58,836 [INFO] [src.federated.client] - Client client_9 - Epoch 3/3 completed. Average Loss: 0.0003
2025-06-24 06:21:58,837 [INFO] [src.federated.client] - Client client_9: Local training finished. Processed 480 samples.
2025-06-24 06:21:58,837 [INFO] [src.federated.client] - Client client_7: Starting local training for 3 epochs. Proximal term mu=0.0.
2025-06-24 06:21:58,848 [INFO] [src.federated.client] - Client client_7 - Epoch 1/3 completed. Average Loss: 0.0000
2025-06-24 06:21:58,858 [INFO] [src.federated.client] - Client client_7 - Epoch 2/3 completed. Average Loss: 0.0000
2025-06-24 06:21:58,872 [INFO] [src.federated.client] - Client client_7 - Epoch 3/3 completed. Average Loss: 0.0000
2025-06-24 06:21:58,873 [INFO] [src.federated.client] - Client client_7: Local training finished. Processed 480 samples.
2025-06-24 06:21:58,873 [INFO] [src.federated.client] - Client client_3: Starting local training for 3 epochs. Proximal term mu=0.0.
2025-06-24 06:21:58,885 [INFO] [src.federated.client] - Client client_3 - Epoch 1/3 completed. Average Loss: 0.0000
2025-06-24 06:21:58,896 [INFO] [src.federated.client] - Client client_3 - Epoch 2/3 completed. Average Loss: 0.0000
2025-06-24 06:21:58,908 [INFO] [src.federated.client] - Client client_3 - Epoch 3/3 completed. Average Loss: 0.0000
2025-06-24 06:21:58,908 [INFO] [src.federated.client] - Client client_3: Local training finished. Processed 480 samples.
2025-06-24 06:21:58,909 [INFO] [src.federated.client] - Client client_1: Starting local training for 3 epochs. Proximal term mu=0.0.
2025-06-24 06:21:58,920 [INFO] [src.federated.client] - Client client_1 - Epoch 1/3 completed. Average Loss: 0.0000
2025-06-24 06:21:58,930 [INFO] [src.federated.client] - Client client_1 - Epoch 2/3 completed. Average Loss: 0.0000
2025-06-24 06:21:58,942 [INFO] [src.federated.client] - Client client_1 - Epoch 3/3 completed. Average Loss: 0.0000
2025-06-24 06:21:58,942 [INFO] [src.federated.client] - Client client_1: Local training finished. Processed 480 samples.
2025-06-24 06:21:58,943 [INFO] [src.federated.client] - Client client_0: Starting local training for 3 epochs. Proximal term mu=0.0.
2025-06-24 06:21:58,953 [INFO] [src.federated.client] - Client client_0 - Epoch 1/3 completed. Average Loss: 0.0000
2025-06-24 06:21:58,964 [INFO] [src.federated.client] - Client client_0 - Epoch 2/3 completed. Average Loss: 0.0000
2025-06-24 06:21:58,974 [INFO] [src.federated.client] - Client client_0 - Epoch 3/3 completed. Average Loss: 0.0000
2025-06-24 06:21:58,975 [INFO] [src.federated.client] - Client client_0: Local training finished. Processed 480 samples.
2025-06-24 06:21:58,975 [INFO] [src.federated.client] - Client client_4: Starting local training for 3 epochs. Proximal term mu=0.0.
2025-06-24 06:21:58,986 [INFO] [src.federated.client] - Client client_4 - Epoch 1/3 completed. Average Loss: 0.0000
2025-06-24 06:21:58,996 [INFO] [src.federated.client] - Client client_4 - Epoch 2/3 completed. Average Loss: 0.0000
2025-06-24 06:21:59,006 [INFO] [src.federated.client] - Client client_4 - Epoch 3/3 completed. Average Loss: 0.0000
2025-06-24 06:21:59,006 [INFO] [src.federated.client] - Client client_4: Local training finished. Processed 480 samples.
2025-06-24 06:21:59,007 [INFO] [src.federated.client] - Client client_5: Starting local training for 3 epochs. Proximal term mu=0.0.
2025-06-24 06:21:59,018 [INFO] [src.federated.client] - Client client_5 - Epoch 1/3 completed. Average Loss: 0.0000
2025-06-24 06:21:59,028 [INFO] [src.federated.client] - Client client_5 - Epoch 2/3 completed. Average Loss: 0.0000
2025-06-24 06:21:59,037 [INFO] [src.federated.client] - Client client_5 - Epoch 3/3 completed. Average Loss: 0.0000
2025-06-24 06:21:59,038 [INFO] [src.federated.client] - Client client_5: Local training finished. Processed 480 samples.
2025-06-24 06:21:59,039 [INFO] [src.federated.client] - Client client_8: Starting local training for 3 epochs. Proximal term mu=0.0.
2025-06-24 06:21:59,049 [INFO] [src.federated.client] - Client client_8 - Epoch 1/3 completed. Average Loss: 0.0000
2025-06-24 06:21:59,060 [INFO] [src.federated.client] - Client client_8 - Epoch 2/3 completed. Average Loss: 0.0000
2025-06-24 06:21:59,071 [INFO] [src.federated.client] - Client client_8 - Epoch 3/3 completed. Average Loss: 0.0000
2025-06-24 06:21:59,072 [INFO] [src.federated.client] - Client client_8: Local training finished. Processed 480 samples.
2025-06-24 06:21:59,072 [INFO] [src.federated.server] - Aggregating updates from 10 clients using FedDive.
2025-06-24 06:21:59,072 [INFO] [src.federated.aggregation] - FedDive: Aggregating updates from 10 clients (momentum=0.9).
2025-06-24 06:21:59,074 [INFO] [src.federated.aggregation] - FedDive: Aggregation complete.
2025-06-24 06:21:59,074 [INFO] [src.federated.server] - Global model updated with aggregated parameters.
2025-06-24 06:21:59,075 [INFO] [src.federated.server] - Evaluating updated global model...
2025-06-24 06:21:59,080 [INFO] [src.federated.server] - Round 24 completed in 0.34s. Eval Metrics: {'loss': 7.22296188534699e-06, 'accuracy': 1.0}
2025-06-24 06:21:59,080 [INFO] [src.federated.server] - ===== Starting Round 25/40 =====
2025-06-24 06:21:59,080 [INFO] [src.federated.server] - Starting federated training round...
2025-06-24 06:21:59,080 [INFO] [src.federated.server] - Selected 10 clients out of 10 available (fraction=1.0, min_clients=1): ['client_8', 'client_0', 'client_1', 'client_6', 'client_7', 'client_5', 'client_3', 'client_4', 'client_2', 'client_9']
2025-06-24 06:21:59,081 [INFO] [src.federated.client] - Client client_8: Starting local training for 3 epochs. Proximal term mu=0.0.
2025-06-24 06:21:59,092 [INFO] [src.federated.client] - Client client_8 - Epoch 1/3 completed. Average Loss: 0.0000
2025-06-24 06:21:59,102 [INFO] [src.federated.client] - Client client_8 - Epoch 2/3 completed. Average Loss: 0.0000
2025-06-24 06:21:59,112 [INFO] [src.federated.client] - Client client_8 - Epoch 3/3 completed. Average Loss: 0.0000
2025-06-24 06:21:59,112 [INFO] [src.federated.client] - Client client_8: Local training finished. Processed 480 samples.
2025-06-24 06:21:59,113 [INFO] [src.federated.client] - Client client_0: Starting local training for 3 epochs. Proximal term mu=0.0.
2025-06-24 06:21:59,123 [INFO] [src.federated.client] - Client client_0 - Epoch 1/3 completed. Average Loss: 0.0000
2025-06-24 06:21:59,132 [INFO] [src.federated.client] - Client client_0 - Epoch 2/3 completed. Average Loss: 0.0000
2025-06-24 06:21:59,148 [INFO] [src.federated.client] - Client client_0 - Epoch 3/3 completed. Average Loss: 0.0000
2025-06-24 06:21:59,149 [INFO] [src.federated.client] - Client client_0: Local training finished. Processed 480 samples.
2025-06-24 06:21:59,150 [INFO] [src.federated.client] - Client client_1: Starting local training for 3 epochs. Proximal term mu=0.0.
2025-06-24 06:21:59,163 [INFO] [src.federated.client] - Client client_1 - Epoch 1/3 completed. Average Loss: 0.0000
2025-06-24 06:21:59,177 [INFO] [src.federated.client] - Client client_1 - Epoch 2/3 completed. Average Loss: 0.0000
2025-06-24 06:21:59,190 [INFO] [src.federated.client] - Client client_1 - Epoch 3/3 completed. Average Loss: 0.0000
2025-06-24 06:21:59,191 [INFO] [src.federated.client] - Client client_1: Local training finished. Processed 480 samples.
2025-06-24 06:21:59,192 [INFO] [src.federated.client] - Client client_6: Starting local training for 3 epochs. Proximal term mu=0.0.
2025-06-24 06:21:59,201 [INFO] [src.federated.client] - Client client_6 - Epoch 1/3 completed. Average Loss: 0.0000
2025-06-24 06:21:59,211 [INFO] [src.federated.client] - Client client_6 - Epoch 2/3 completed. Average Loss: 0.0000
2025-06-24 06:21:59,220 [INFO] [src.federated.client] - Client client_6 - Epoch 3/3 completed. Average Loss: 0.0000
2025-06-24 06:21:59,220 [INFO] [src.federated.client] - Client client_6: Local training finished. Processed 480 samples.
2025-06-24 06:21:59,221 [INFO] [src.federated.client] - Client client_7: Starting local training for 3 epochs. Proximal term mu=0.0.
2025-06-24 06:21:59,232 [INFO] [src.federated.client] - Client client_7 - Epoch 1/3 completed. Average Loss: 0.0000
2025-06-24 06:21:59,242 [INFO] [src.federated.client] - Client client_7 - Epoch 2/3 completed. Average Loss: 0.0000
2025-06-24 06:21:59,254 [INFO] [src.federated.client] - Client client_7 - Epoch 3/3 completed. Average Loss: 0.0000
2025-06-24 06:21:59,254 [INFO] [src.federated.client] - Client client_7: Local training finished. Processed 480 samples.
2025-06-24 06:21:59,255 [INFO] [src.federated.client] - Client client_5: Starting local training for 3 epochs. Proximal term mu=0.0.
2025-06-24 06:21:59,264 [INFO] [src.federated.client] - Client client_5 - Epoch 1/3 completed. Average Loss: 0.0000
2025-06-24 06:21:59,276 [INFO] [src.federated.client] - Client client_5 - Epoch 2/3 completed. Average Loss: 0.0000
2025-06-24 06:21:59,285 [INFO] [src.federated.client] - Client client_5 - Epoch 3/3 completed. Average Loss: 0.0000
2025-06-24 06:21:59,286 [INFO] [src.federated.client] - Client client_5: Local training finished. Processed 480 samples.
2025-06-24 06:21:59,287 [INFO] [src.federated.client] - Client client_3: Starting local training for 3 epochs. Proximal term mu=0.0.
2025-06-24 06:21:59,297 [INFO] [src.federated.client] - Client client_3 - Epoch 1/3 completed. Average Loss: 0.0000
2025-06-24 06:21:59,308 [INFO] [src.federated.client] - Client client_3 - Epoch 2/3 completed. Average Loss: 0.0000
2025-06-24 06:21:59,317 [INFO] [src.federated.client] - Client client_3 - Epoch 3/3 completed. Average Loss: 0.0000
2025-06-24 06:21:59,317 [INFO] [src.federated.client] - Client client_3: Local training finished. Processed 480 samples.
2025-06-24 06:21:59,318 [INFO] [src.federated.client] - Client client_4: Starting local training for 3 epochs. Proximal term mu=0.0.
2025-06-24 06:21:59,327 [INFO] [src.federated.client] - Client client_4 - Epoch 1/3 completed. Average Loss: 0.0000
2025-06-24 06:21:59,337 [INFO] [src.federated.client] - Client client_4 - Epoch 2/3 completed. Average Loss: 0.0000
2025-06-24 06:21:59,346 [INFO] [src.federated.client] - Client client_4 - Epoch 3/3 completed. Average Loss: 0.0000
2025-06-24 06:21:59,346 [INFO] [src.federated.client] - Client client_4: Local training finished. Processed 480 samples.
2025-06-24 06:21:59,347 [INFO] [src.federated.client] - Client client_2: Starting local training for 3 epochs. Proximal term mu=0.0.
2025-06-24 06:21:59,356 [INFO] [src.federated.client] - Client client_2 - Epoch 1/3 completed. Average Loss: 0.0018
2025-06-24 06:21:59,367 [INFO] [src.federated.client] - Client client_2 - Epoch 2/3 completed. Average Loss: 0.0008
2025-06-24 06:21:59,377 [INFO] [src.federated.client] - Client client_2 - Epoch 3/3 completed. Average Loss: 0.0000
2025-06-24 06:21:59,378 [INFO] [src.federated.client] - Client client_2: Local training finished. Processed 480 samples.
2025-06-24 06:21:59,378 [INFO] [src.federated.client] - Client client_9: Starting local training for 3 epochs. Proximal term mu=0.0.
2025-06-24 06:21:59,388 [INFO] [src.federated.client] - Client client_9 - Epoch 1/3 completed. Average Loss: 0.0004
2025-06-24 06:21:59,399 [INFO] [src.federated.client] - Client client_9 - Epoch 2/3 completed. Average Loss: 0.0003
2025-06-24 06:21:59,408 [INFO] [src.federated.client] - Client client_9 - Epoch 3/3 completed. Average Loss: 0.0002
2025-06-24 06:21:59,409 [INFO] [src.federated.client] - Client client_9: Local training finished. Processed 480 samples.
2025-06-24 06:21:59,409 [INFO] [src.federated.server] - Aggregating updates from 10 clients using FedDive.
2025-06-24 06:21:59,409 [INFO] [src.federated.aggregation] - FedDive: Aggregating updates from 10 clients (momentum=0.9).
2025-06-24 06:21:59,411 [INFO] [src.federated.aggregation] - FedDive: Aggregation complete.
2025-06-24 06:21:59,411 [INFO] [src.federated.server] - Global model updated with aggregated parameters.
2025-06-24 06:21:59,411 [INFO] [src.federated.server] - Evaluating updated global model...
2025-06-24 06:21:59,416 [INFO] [src.federated.server] - Round 25 completed in 0.34s. Eval Metrics: {'loss': 7.344452546860225e-06, 'accuracy': 1.0}
2025-06-24 06:21:59,416 [INFO] [src.federated.server] - ===== Starting Round 26/40 =====
2025-06-24 06:21:59,416 [INFO] [src.federated.server] - Starting federated training round...
2025-06-24 06:21:59,416 [INFO] [src.federated.server] - Selected 10 clients out of 10 available (fraction=1.0, min_clients=1): ['client_6', 'client_0', 'client_2', 'client_3', 'client_8', 'client_9', 'client_7', 'client_1', 'client_4', 'client_5']
2025-06-24 06:21:59,417 [INFO] [src.federated.client] - Client client_6: Starting local training for 3 epochs. Proximal term mu=0.0.
2025-06-24 06:21:59,428 [INFO] [src.federated.client] - Client client_6 - Epoch 1/3 completed. Average Loss: 0.0000
2025-06-24 06:21:59,437 [INFO] [src.federated.client] - Client client_6 - Epoch 2/3 completed. Average Loss: 0.0000
2025-06-24 06:21:59,447 [INFO] [src.federated.client] - Client client_6 - Epoch 3/3 completed. Average Loss: 0.0000
2025-06-24 06:21:59,448 [INFO] [src.federated.client] - Client client_6: Local training finished. Processed 480 samples.
2025-06-24 06:21:59,448 [INFO] [src.federated.client] - Client client_0: Starting local training for 3 epochs. Proximal term mu=0.0.
2025-06-24 06:21:59,459 [INFO] [src.federated.client] - Client client_0 - Epoch 1/3 completed. Average Loss: 0.0000
2025-06-24 06:21:59,468 [INFO] [src.federated.client] - Client client_0 - Epoch 2/3 completed. Average Loss: 0.0000
2025-06-24 06:21:59,477 [INFO] [src.federated.client] - Client client_0 - Epoch 3/3 completed. Average Loss: 0.0000
2025-06-24 06:21:59,477 [INFO] [src.federated.client] - Client client_0: Local training finished. Processed 480 samples.
2025-06-24 06:21:59,478 [INFO] [src.federated.client] - Client client_2: Starting local training for 3 epochs. Proximal term mu=0.0.
2025-06-24 06:21:59,489 [INFO] [src.federated.client] - Client client_2 - Epoch 1/3 completed. Average Loss: 0.0031
2025-06-24 06:21:59,499 [INFO] [src.federated.client] - Client client_2 - Epoch 2/3 completed. Average Loss: 0.0000
2025-06-24 06:21:59,509 [INFO] [src.federated.client] - Client client_2 - Epoch 3/3 completed. Average Loss: 0.0003
2025-06-24 06:21:59,510 [INFO] [src.federated.client] - Client client_2: Local training finished. Processed 480 samples.
2025-06-24 06:21:59,511 [INFO] [src.federated.client] - Client client_3: Starting local training for 3 epochs. Proximal term mu=0.0.
2025-06-24 06:21:59,523 [INFO] [src.federated.client] - Client client_3 - Epoch 1/3 completed. Average Loss: 0.0000
2025-06-24 06:21:59,533 [INFO] [src.federated.client] - Client client_3 - Epoch 2/3 completed. Average Loss: 0.0000
2025-06-24 06:21:59,542 [INFO] [src.federated.client] - Client client_3 - Epoch 3/3 completed. Average Loss: 0.0000
2025-06-24 06:21:59,543 [INFO] [src.federated.client] - Client client_3: Local training finished. Processed 480 samples.
2025-06-24 06:21:59,544 [INFO] [src.federated.client] - Client client_8: Starting local training for 3 epochs. Proximal term mu=0.0.
2025-06-24 06:21:59,553 [INFO] [src.federated.client] - Client client_8 - Epoch 1/3 completed. Average Loss: 0.0000
2025-06-24 06:21:59,563 [INFO] [src.federated.client] - Client client_8 - Epoch 2/3 completed. Average Loss: 0.0000
2025-06-24 06:21:59,576 [INFO] [src.federated.client] - Client client_8 - Epoch 3/3 completed. Average Loss: 0.0000
2025-06-24 06:21:59,576 [INFO] [src.federated.client] - Client client_8: Local training finished. Processed 480 samples.
2025-06-24 06:21:59,577 [INFO] [src.federated.client] - Client client_9: Starting local training for 3 epochs. Proximal term mu=0.0.
2025-06-24 06:21:59,587 [INFO] [src.federated.client] - Client client_9 - Epoch 1/3 completed. Average Loss: 0.0002
2025-06-24 06:21:59,597 [INFO] [src.federated.client] - Client client_9 - Epoch 2/3 completed. Average Loss: 0.0002
2025-06-24 06:21:59,607 [INFO] [src.federated.client] - Client client_9 - Epoch 3/3 completed. Average Loss: 0.0002
2025-06-24 06:21:59,608 [INFO] [src.federated.client] - Client client_9: Local training finished. Processed 480 samples.
2025-06-24 06:21:59,609 [INFO] [src.federated.client] - Client client_7: Starting local training for 3 epochs. Proximal term mu=0.0.
2025-06-24 06:21:59,619 [INFO] [src.federated.client] - Client client_7 - Epoch 1/3 completed. Average Loss: 0.0000
2025-06-24 06:21:59,630 [INFO] [src.federated.client] - Client client_7 - Epoch 2/3 completed. Average Loss: 0.0000
2025-06-24 06:21:59,642 [INFO] [src.federated.client] - Client client_7 - Epoch 3/3 completed. Average Loss: 0.0000
2025-06-24 06:21:59,643 [INFO] [src.federated.client] - Client client_7: Local training finished. Processed 480 samples.
2025-06-24 06:21:59,643 [INFO] [src.federated.client] - Client client_1: Starting local training for 3 epochs. Proximal term mu=0.0.
2025-06-24 06:21:59,654 [INFO] [src.federated.client] - Client client_1 - Epoch 1/3 completed. Average Loss: 0.0000
2025-06-24 06:21:59,666 [INFO] [src.federated.client] - Client client_1 - Epoch 2/3 completed. Average Loss: 0.0000
2025-06-24 06:21:59,676 [INFO] [src.federated.client] - Client client_1 - Epoch 3/3 completed. Average Loss: 0.0000
2025-06-24 06:21:59,676 [INFO] [src.federated.client] - Client client_1: Local training finished. Processed 480 samples.
2025-06-24 06:21:59,677 [INFO] [src.federated.client] - Client client_4: Starting local training for 3 epochs. Proximal term mu=0.0.
2025-06-24 06:21:59,688 [INFO] [src.federated.client] - Client client_4 - Epoch 1/3 completed. Average Loss: 0.0000
2025-06-24 06:21:59,699 [INFO] [src.federated.client] - Client client_4 - Epoch 2/3 completed. Average Loss: 0.0000
2025-06-24 06:21:59,708 [INFO] [src.federated.client] - Client client_4 - Epoch 3/3 completed. Average Loss: 0.0000
2025-06-24 06:21:59,709 [INFO] [src.federated.client] - Client client_4: Local training finished. Processed 480 samples.
2025-06-24 06:21:59,709 [INFO] [src.federated.client] - Client client_5: Starting local training for 3 epochs. Proximal term mu=0.0.
2025-06-24 06:21:59,721 [INFO] [src.federated.client] - Client client_5 - Epoch 1/3 completed. Average Loss: 0.0000
2025-06-24 06:21:59,731 [INFO] [src.federated.client] - Client client_5 - Epoch 2/3 completed. Average Loss: 0.0000
2025-06-24 06:21:59,740 [INFO] [src.federated.client] - Client client_5 - Epoch 3/3 completed. Average Loss: 0.0000
2025-06-24 06:21:59,741 [INFO] [src.federated.client] - Client client_5: Local training finished. Processed 480 samples.
2025-06-24 06:21:59,741 [INFO] [src.federated.server] - Aggregating updates from 10 clients using FedDive.
2025-06-24 06:21:59,741 [INFO] [src.federated.aggregation] - FedDive: Aggregating updates from 10 clients (momentum=0.9).
2025-06-24 06:21:59,743 [INFO] [src.federated.aggregation] - FedDive: Aggregation complete.
2025-06-24 06:21:59,743 [INFO] [src.federated.server] - Global model updated with aggregated parameters.
2025-06-24 06:21:59,743 [INFO] [src.federated.server] - Evaluating updated global model...
2025-06-24 06:21:59,748 [INFO] [src.federated.server] - Round 26 completed in 0.33s. Eval Metrics: {'loss': 8.081826997550223e-06, 'accuracy': 1.0}
2025-06-24 06:21:59,748 [INFO] [src.federated.server] - ===== Starting Round 27/40 =====
2025-06-24 06:21:59,748 [INFO] [src.federated.server] - Starting federated training round...
2025-06-24 06:21:59,748 [INFO] [src.federated.server] - Selected 10 clients out of 10 available (fraction=1.0, min_clients=1): ['client_8', 'client_7', 'client_2', 'client_1', 'client_9', 'client_6', 'client_0', 'client_5', 'client_3', 'client_4']
2025-06-24 06:21:59,749 [INFO] [src.federated.client] - Client client_8: Starting local training for 3 epochs. Proximal term mu=0.0.
2025-06-24 06:21:59,761 [INFO] [src.federated.client] - Client client_8 - Epoch 1/3 completed. Average Loss: 0.0000
2025-06-24 06:21:59,770 [INFO] [src.federated.client] - Client client_8 - Epoch 2/3 completed. Average Loss: 0.0000
2025-06-24 06:21:59,780 [INFO] [src.federated.client] - Client client_8 - Epoch 3/3 completed. Average Loss: 0.0000
2025-06-24 06:21:59,781 [INFO] [src.federated.client] - Client client_8: Local training finished. Processed 480 samples.
2025-06-24 06:21:59,781 [INFO] [src.federated.client] - Client client_7: Starting local training for 3 epochs. Proximal term mu=0.0.
2025-06-24 06:21:59,793 [INFO] [src.federated.client] - Client client_7 - Epoch 1/3 completed. Average Loss: 0.0000
2025-06-24 06:21:59,803 [INFO] [src.federated.client] - Client client_7 - Epoch 2/3 completed. Average Loss: 0.0000
2025-06-24 06:21:59,815 [INFO] [src.federated.client] - Client client_7 - Epoch 3/3 completed. Average Loss: 0.0000
2025-06-24 06:21:59,815 [INFO] [src.federated.client] - Client client_7: Local training finished. Processed 480 samples.
2025-06-24 06:21:59,816 [INFO] [src.federated.client] - Client client_2: Starting local training for 3 epochs. Proximal term mu=0.0.
2025-06-24 06:21:59,826 [INFO] [src.federated.client] - Client client_2 - Epoch 1/3 completed. Average Loss: 0.0021
2025-06-24 06:21:59,837 [INFO] [src.federated.client] - Client client_2 - Epoch 2/3 completed. Average Loss: 0.0001
2025-06-24 06:21:59,848 [INFO] [src.federated.client] - Client client_2 - Epoch 3/3 completed. Average Loss: 0.0000
2025-06-24 06:21:59,849 [INFO] [src.federated.client] - Client client_2: Local training finished. Processed 480 samples.
2025-06-24 06:21:59,850 [INFO] [src.federated.client] - Client client_1: Starting local training for 3 epochs. Proximal term mu=0.0.
2025-06-24 06:21:59,861 [INFO] [src.federated.client] - Client client_1 - Epoch 1/3 completed. Average Loss: 0.0000
2025-06-24 06:21:59,871 [INFO] [src.federated.client] - Client client_1 - Epoch 2/3 completed. Average Loss: 0.0000
2025-06-24 06:21:59,883 [INFO] [src.federated.client] - Client client_1 - Epoch 3/3 completed. Average Loss: 0.0000
2025-06-24 06:21:59,883 [INFO] [src.federated.client] - Client client_1: Local training finished. Processed 480 samples.
2025-06-24 06:21:59,884 [INFO] [src.federated.client] - Client client_9: Starting local training for 3 epochs. Proximal term mu=0.0.
2025-06-24 06:21:59,894 [INFO] [src.federated.client] - Client client_9 - Epoch 1/3 completed. Average Loss: 0.0003
2025-06-24 06:21:59,905 [INFO] [src.federated.client] - Client client_9 - Epoch 2/3 completed. Average Loss: 0.0002
2025-06-24 06:21:59,915 [INFO] [src.federated.client] - Client client_9 - Epoch 3/3 completed. Average Loss: 0.0002
2025-06-24 06:21:59,916 [INFO] [src.federated.client] - Client client_9: Local training finished. Processed 480 samples.
2025-06-24 06:21:59,917 [INFO] [src.federated.client] - Client client_6: Starting local training for 3 epochs. Proximal term mu=0.0.
2025-06-24 06:21:59,927 [INFO] [src.federated.client] - Client client_6 - Epoch 1/3 completed. Average Loss: 0.0000
2025-06-24 06:21:59,938 [INFO] [src.federated.client] - Client client_6 - Epoch 2/3 completed. Average Loss: 0.0000
2025-06-24 06:21:59,948 [INFO] [src.federated.client] - Client client_6 - Epoch 3/3 completed. Average Loss: 0.0000
2025-06-24 06:21:59,949 [INFO] [src.federated.client] - Client client_6: Local training finished. Processed 480 samples.
2025-06-24 06:21:59,949 [INFO] [src.federated.client] - Client client_0: Starting local training for 3 epochs. Proximal term mu=0.0.
2025-06-24 06:21:59,960 [INFO] [src.federated.client] - Client client_0 - Epoch 1/3 completed. Average Loss: 0.0000
2025-06-24 06:21:59,971 [INFO] [src.federated.client] - Client client_0 - Epoch 2/3 completed. Average Loss: 0.0000
2025-06-24 06:21:59,981 [INFO] [src.federated.client] - Client client_0 - Epoch 3/3 completed. Average Loss: 0.0000
2025-06-24 06:21:59,982 [INFO] [src.federated.client] - Client client_0: Local training finished. Processed 480 samples.
2025-06-24 06:21:59,982 [INFO] [src.federated.client] - Client client_5: Starting local training for 3 epochs. Proximal term mu=0.0.
2025-06-24 06:21:59,992 [INFO] [src.federated.client] - Client client_5 - Epoch 1/3 completed. Average Loss: 0.0000
2025-06-24 06:22:00,006 [INFO] [src.federated.client] - Client client_5 - Epoch 2/3 completed. Average Loss: 0.0000
2025-06-24 06:22:00,016 [INFO] [src.federated.client] - Client client_5 - Epoch 3/3 completed. Average Loss: 0.0000
2025-06-24 06:22:00,016 [INFO] [src.federated.client] - Client client_5: Local training finished. Processed 480 samples.
2025-06-24 06:22:00,017 [INFO] [src.federated.client] - Client client_3: Starting local training for 3 epochs. Proximal term mu=0.0.
2025-06-24 06:22:00,028 [INFO] [src.federated.client] - Client client_3 - Epoch 1/3 completed. Average Loss: 0.0000
2025-06-24 06:22:00,038 [INFO] [src.federated.client] - Client client_3 - Epoch 2/3 completed. Average Loss: 0.0000
2025-06-24 06:22:00,047 [INFO] [src.federated.client] - Client client_3 - Epoch 3/3 completed. Average Loss: 0.0000
2025-06-24 06:22:00,048 [INFO] [src.federated.client] - Client client_3: Local training finished. Processed 480 samples.
2025-06-24 06:22:00,048 [INFO] [src.federated.client] - Client client_4: Starting local training for 3 epochs. Proximal term mu=0.0.
2025-06-24 06:22:00,060 [INFO] [src.federated.client] - Client client_4 - Epoch 1/3 completed. Average Loss: 0.0000
2025-06-24 06:22:00,070 [INFO] [src.federated.client] - Client client_4 - Epoch 2/3 completed. Average Loss: 0.0000
2025-06-24 06:22:00,080 [INFO] [src.federated.client] - Client client_4 - Epoch 3/3 completed. Average Loss: 0.0000
2025-06-24 06:22:00,081 [INFO] [src.federated.client] - Client client_4: Local training finished. Processed 480 samples.
2025-06-24 06:22:00,081 [INFO] [src.federated.server] - Aggregating updates from 10 clients using FedDive.
2025-06-24 06:22:00,081 [INFO] [src.federated.aggregation] - FedDive: Aggregating updates from 10 clients (momentum=0.9).
2025-06-24 06:22:00,083 [INFO] [src.federated.aggregation] - FedDive: Aggregation complete.
2025-06-24 06:22:00,084 [INFO] [src.federated.server] - Global model updated with aggregated parameters.
2025-06-24 06:22:00,084 [INFO] [src.federated.server] - Evaluating updated global model...
2025-06-24 06:22:00,092 [INFO] [src.federated.server] - Round 27 completed in 0.34s. Eval Metrics: {'loss': 8.241274927041076e-06, 'accuracy': 1.0}
2025-06-24 06:22:00,092 [INFO] [src.federated.server] - ===== Starting Round 28/40 =====
2025-06-24 06:22:00,092 [INFO] [src.federated.server] - Starting federated training round...
2025-06-24 06:22:00,092 [INFO] [src.federated.server] - Selected 10 clients out of 10 available (fraction=1.0, min_clients=1): ['client_0', 'client_9', 'client_7', 'client_4', 'client_6', 'client_1', 'client_8', 'client_2', 'client_3', 'client_5']
2025-06-24 06:22:00,093 [INFO] [src.federated.client] - Client client_0: Starting local training for 3 epochs. Proximal term mu=0.0.
2025-06-24 06:22:00,103 [INFO] [src.federated.client] - Client client_0 - Epoch 1/3 completed. Average Loss: 0.0000
2025-06-24 06:22:00,113 [INFO] [src.federated.client] - Client client_0 - Epoch 2/3 completed. Average Loss: 0.0000
2025-06-24 06:22:00,124 [INFO] [src.federated.client] - Client client_0 - Epoch 3/3 completed. Average Loss: 0.0000
2025-06-24 06:22:00,124 [INFO] [src.federated.client] - Client client_0: Local training finished. Processed 480 samples.
2025-06-24 06:22:00,125 [INFO] [src.federated.client] - Client client_9: Starting local training for 3 epochs. Proximal term mu=0.0.
2025-06-24 06:22:00,135 [INFO] [src.federated.client] - Client client_9 - Epoch 1/3 completed. Average Loss: 0.0002
2025-06-24 06:22:00,144 [INFO] [src.federated.client] - Client client_9 - Epoch 2/3 completed. Average Loss: 0.0002
2025-06-24 06:22:00,154 [INFO] [src.federated.client] - Client client_9 - Epoch 3/3 completed. Average Loss: 0.0002
2025-06-24 06:22:00,155 [INFO] [src.federated.client] - Client client_9: Local training finished. Processed 480 samples.
2025-06-24 06:22:00,155 [INFO] [src.federated.client] - Client client_7: Starting local training for 3 epochs. Proximal term mu=0.0.
2025-06-24 06:22:00,165 [INFO] [src.federated.client] - Client client_7 - Epoch 1/3 completed. Average Loss: 0.0000
2025-06-24 06:22:00,175 [INFO] [src.federated.client] - Client client_7 - Epoch 2/3 completed. Average Loss: 0.0000
2025-06-24 06:22:00,185 [INFO] [src.federated.client] - Client client_7 - Epoch 3/3 completed. Average Loss: 0.0000
2025-06-24 06:22:00,186 [INFO] [src.federated.client] - Client client_7: Local training finished. Processed 480 samples.
2025-06-24 06:22:00,186 [INFO] [src.federated.client] - Client client_4: Starting local training for 3 epochs. Proximal term mu=0.0.
2025-06-24 06:22:00,197 [INFO] [src.federated.client] - Client client_4 - Epoch 1/3 completed. Average Loss: 0.0000
2025-06-24 06:22:00,208 [INFO] [src.federated.client] - Client client_4 - Epoch 2/3 completed. Average Loss: 0.0000
2025-06-24 06:22:00,218 [INFO] [src.federated.client] - Client client_4 - Epoch 3/3 completed. Average Loss: 0.0000
2025-06-24 06:22:00,218 [INFO] [src.federated.client] - Client client_4: Local training finished. Processed 480 samples.
2025-06-24 06:22:00,219 [INFO] [src.federated.client] - Client client_6: Starting local training for 3 epochs. Proximal term mu=0.0.
2025-06-24 06:22:00,229 [INFO] [src.federated.client] - Client client_6 - Epoch 1/3 completed. Average Loss: 0.0000
2025-06-24 06:22:00,240 [INFO] [src.federated.client] - Client client_6 - Epoch 2/3 completed. Average Loss: 0.0000
2025-06-24 06:22:00,249 [INFO] [src.federated.client] - Client client_6 - Epoch 3/3 completed. Average Loss: 0.0000
2025-06-24 06:22:00,249 [INFO] [src.federated.client] - Client client_6: Local training finished. Processed 480 samples.
2025-06-24 06:22:00,250 [INFO] [src.federated.client] - Client client_1: Starting local training for 3 epochs. Proximal term mu=0.0.
2025-06-24 06:22:00,260 [INFO] [src.federated.client] - Client client_1 - Epoch 1/3 completed. Average Loss: 0.0000
2025-06-24 06:22:00,271 [INFO] [src.federated.client] - Client client_1 - Epoch 2/3 completed. Average Loss: 0.0000
2025-06-24 06:22:00,280 [INFO] [src.federated.client] - Client client_1 - Epoch 3/3 completed. Average Loss: 0.0000
2025-06-24 06:22:00,280 [INFO] [src.federated.client] - Client client_1: Local training finished. Processed 480 samples.
2025-06-24 06:22:00,281 [INFO] [src.federated.client] - Client client_8: Starting local training for 3 epochs. Proximal term mu=0.0.
2025-06-24 06:22:00,291 [INFO] [src.federated.client] - Client client_8 - Epoch 1/3 completed. Average Loss: 0.0000
2025-06-24 06:22:00,303 [INFO] [src.federated.client] - Client client_8 - Epoch 2/3 completed. Average Loss: 0.0000
2025-06-24 06:22:00,312 [INFO] [src.federated.client] - Client client_8 - Epoch 3/3 completed. Average Loss: 0.0000
2025-06-24 06:22:00,313 [INFO] [src.federated.client] - Client client_8: Local training finished. Processed 480 samples.
2025-06-24 06:22:00,313 [INFO] [src.federated.client] - Client client_2: Starting local training for 3 epochs. Proximal term mu=0.0.
2025-06-24 06:22:00,323 [INFO] [src.federated.client] - Client client_2 - Epoch 1/3 completed. Average Loss: 0.0036
2025-06-24 06:22:00,334 [INFO] [src.federated.client] - Client client_2 - Epoch 2/3 completed. Average Loss: 0.0001
2025-06-24 06:22:00,344 [INFO] [src.federated.client] - Client client_2 - Epoch 3/3 completed. Average Loss: 0.0009
2025-06-24 06:22:00,345 [INFO] [src.federated.client] - Client client_2: Local training finished. Processed 480 samples.
2025-06-24 06:22:00,346 [INFO] [src.federated.client] - Client client_3: Starting local training for 3 epochs. Proximal term mu=0.0.
2025-06-24 06:22:00,356 [INFO] [src.federated.client] - Client client_3 - Epoch 1/3 completed. Average Loss: 0.0000
2025-06-24 06:22:00,368 [INFO] [src.federated.client] - Client client_3 - Epoch 2/3 completed. Average Loss: 0.0000
2025-06-24 06:22:00,378 [INFO] [src.federated.client] - Client client_3 - Epoch 3/3 completed. Average Loss: 0.0000
2025-06-24 06:22:00,379 [INFO] [src.federated.client] - Client client_3: Local training finished. Processed 480 samples.
2025-06-24 06:22:00,379 [INFO] [src.federated.client] - Client client_5: Starting local training for 3 epochs. Proximal term mu=0.0.
2025-06-24 06:22:00,389 [INFO] [src.federated.client] - Client client_5 - Epoch 1/3 completed. Average Loss: 0.0000
2025-06-24 06:22:00,400 [INFO] [src.federated.client] - Client client_5 - Epoch 2/3 completed. Average Loss: 0.0000
2025-06-24 06:22:00,410 [INFO] [src.federated.client] - Client client_5 - Epoch 3/3 completed. Average Loss: 0.0000
2025-06-24 06:22:00,411 [INFO] [src.federated.client] - Client client_5: Local training finished. Processed 480 samples.
2025-06-24 06:22:00,411 [INFO] [src.federated.server] - Aggregating updates from 10 clients using FedDive.
2025-06-24 06:22:00,411 [INFO] [src.federated.aggregation] - FedDive: Aggregating updates from 10 clients (momentum=0.9).
2025-06-24 06:22:00,413 [INFO] [src.federated.aggregation] - FedDive: Aggregation complete.
2025-06-24 06:22:00,413 [INFO] [src.federated.server] - Global model updated with aggregated parameters.
2025-06-24 06:22:00,413 [INFO] [src.federated.server] - Evaluating updated global model...
2025-06-24 06:22:00,418 [INFO] [src.federated.server] - Round 28 completed in 0.33s. Eval Metrics: {'loss': 8.648127541146522e-06, 'accuracy': 1.0}
2025-06-24 06:22:00,418 [INFO] [src.federated.server] - ===== Starting Round 29/40 =====
2025-06-24 06:22:00,418 [INFO] [src.federated.server] - Starting federated training round...
2025-06-24 06:22:00,418 [INFO] [src.federated.server] - Selected 10 clients out of 10 available (fraction=1.0, min_clients=1): ['client_1', 'client_9', 'client_3', 'client_7', 'client_0', 'client_4', 'client_8', 'client_2', 'client_5', 'client_6']
2025-06-24 06:22:00,419 [INFO] [src.federated.client] - Client client_1: Starting local training for 3 epochs. Proximal term mu=0.0.
2025-06-24 06:22:00,430 [INFO] [src.federated.client] - Client client_1 - Epoch 1/3 completed. Average Loss: 0.0000
2025-06-24 06:22:00,441 [INFO] [src.federated.client] - Client client_1 - Epoch 2/3 completed. Average Loss: 0.0000
2025-06-24 06:22:00,452 [INFO] [src.federated.client] - Client client_1 - Epoch 3/3 completed. Average Loss: 0.0000
2025-06-24 06:22:00,452 [INFO] [src.federated.client] - Client client_1: Local training finished. Processed 480 samples.
2025-06-24 06:22:00,453 [INFO] [src.federated.client] - Client client_9: Starting local training for 3 epochs. Proximal term mu=0.0.
2025-06-24 06:22:00,464 [INFO] [src.federated.client] - Client client_9 - Epoch 1/3 completed. Average Loss: 0.0003
2025-06-24 06:22:00,476 [INFO] [src.federated.client] - Client client_9 - Epoch 2/3 completed. Average Loss: 0.0002
2025-06-24 06:22:00,486 [INFO] [src.federated.client] - Client client_9 - Epoch 3/3 completed. Average Loss: 0.0002
2025-06-24 06:22:00,487 [INFO] [src.federated.client] - Client client_9: Local training finished. Processed 480 samples.
2025-06-24 06:22:00,487 [INFO] [src.federated.client] - Client client_3: Starting local training for 3 epochs. Proximal term mu=0.0.
2025-06-24 06:22:00,496 [INFO] [src.federated.client] - Client client_3 - Epoch 1/3 completed. Average Loss: 0.0000
2025-06-24 06:22:00,505 [INFO] [src.federated.client] - Client client_3 - Epoch 2/3 completed. Average Loss: 0.0000
2025-06-24 06:22:00,515 [INFO] [src.federated.client] - Client client_3 - Epoch 3/3 completed. Average Loss: 0.0000
2025-06-24 06:22:00,516 [INFO] [src.federated.client] - Client client_3: Local training finished. Processed 480 samples.
2025-06-24 06:22:00,516 [INFO] [src.federated.client] - Client client_7: Starting local training for 3 epochs. Proximal term mu=0.0.
2025-06-24 06:22:00,526 [INFO] [src.federated.client] - Client client_7 - Epoch 1/3 completed. Average Loss: 0.0000
2025-06-24 06:22:00,536 [INFO] [src.federated.client] - Client client_7 - Epoch 2/3 completed. Average Loss: 0.0000
2025-06-24 06:22:00,546 [INFO] [src.federated.client] - Client client_7 - Epoch 3/3 completed. Average Loss: 0.0000
2025-06-24 06:22:00,547 [INFO] [src.federated.client] - Client client_7: Local training finished. Processed 480 samples.
2025-06-24 06:22:00,548 [INFO] [src.federated.client] - Client client_0: Starting local training for 3 epochs. Proximal term mu=0.0.
2025-06-24 06:22:00,559 [INFO] [src.federated.client] - Client client_0 - Epoch 1/3 completed. Average Loss: 0.0000
2025-06-24 06:22:00,568 [INFO] [src.federated.client] - Client client_0 - Epoch 2/3 completed. Average Loss: 0.0000
2025-06-24 06:22:00,579 [INFO] [src.federated.client] - Client client_0 - Epoch 3/3 completed. Average Loss: 0.0000
2025-06-24 06:22:00,579 [INFO] [src.federated.client] - Client client_0: Local training finished. Processed 480 samples.
2025-06-24 06:22:00,580 [INFO] [src.federated.client] - Client client_4: Starting local training for 3 epochs. Proximal term mu=0.0.
2025-06-24 06:22:00,590 [INFO] [src.federated.client] - Client client_4 - Epoch 1/3 completed. Average Loss: 0.0000
2025-06-24 06:22:00,600 [INFO] [src.federated.client] - Client client_4 - Epoch 2/3 completed. Average Loss: 0.0000
2025-06-24 06:22:00,617 [INFO] [src.federated.client] - Client client_4 - Epoch 3/3 completed. Average Loss: 0.0000
2025-06-24 06:22:00,617 [INFO] [src.federated.client] - Client client_4: Local training finished. Processed 480 samples.
2025-06-24 06:22:00,618 [INFO] [src.federated.client] - Client client_8: Starting local training for 3 epochs. Proximal term mu=0.0.
2025-06-24 06:22:00,628 [INFO] [src.federated.client] - Client client_8 - Epoch 1/3 completed. Average Loss: 0.0000
2025-06-24 06:22:00,637 [INFO] [src.federated.client] - Client client_8 - Epoch 2/3 completed. Average Loss: 0.0000
2025-06-24 06:22:00,647 [INFO] [src.federated.client] - Client client_8 - Epoch 3/3 completed. Average Loss: 0.0000
2025-06-24 06:22:00,648 [INFO] [src.federated.client] - Client client_8: Local training finished. Processed 480 samples.
2025-06-24 06:22:00,648 [INFO] [src.federated.client] - Client client_2: Starting local training for 3 epochs. Proximal term mu=0.0.
2025-06-24 06:22:00,658 [INFO] [src.federated.client] - Client client_2 - Epoch 1/3 completed. Average Loss: 0.0040
2025-06-24 06:22:00,668 [INFO] [src.federated.client] - Client client_2 - Epoch 2/3 completed. Average Loss: 0.0001
2025-06-24 06:22:00,680 [INFO] [src.federated.client] - Client client_2 - Epoch 3/3 completed. Average Loss: 0.0000
2025-06-24 06:22:00,681 [INFO] [src.federated.client] - Client client_2: Local training finished. Processed 480 samples.
2025-06-24 06:22:00,681 [INFO] [src.federated.client] - Client client_5: Starting local training for 3 epochs. Proximal term mu=0.0.
2025-06-24 06:22:00,691 [INFO] [src.federated.client] - Client client_5 - Epoch 1/3 completed. Average Loss: 0.0000
2025-06-24 06:22:00,701 [INFO] [src.federated.client] - Client client_5 - Epoch 2/3 completed. Average Loss: 0.0000
2025-06-24 06:22:00,712 [INFO] [src.federated.client] - Client client_5 - Epoch 3/3 completed. Average Loss: 0.0000
2025-06-24 06:22:00,712 [INFO] [src.federated.client] - Client client_5: Local training finished. Processed 480 samples.
2025-06-24 06:22:00,713 [INFO] [src.federated.client] - Client client_6: Starting local training for 3 epochs. Proximal term mu=0.0.
2025-06-24 06:22:00,723 [INFO] [src.federated.client] - Client client_6 - Epoch 1/3 completed. Average Loss: 0.0000
2025-06-24 06:22:00,734 [INFO] [src.federated.client] - Client client_6 - Epoch 2/3 completed. Average Loss: 0.0000
2025-06-24 06:22:00,744 [INFO] [src.federated.client] - Client client_6 - Epoch 3/3 completed. Average Loss: 0.0000
2025-06-24 06:22:00,744 [INFO] [src.federated.client] - Client client_6: Local training finished. Processed 480 samples.
2025-06-24 06:22:00,745 [INFO] [src.federated.server] - Aggregating updates from 10 clients using FedDive.
2025-06-24 06:22:00,745 [INFO] [src.federated.aggregation] - FedDive: Aggregating updates from 10 clients (momentum=0.9).
2025-06-24 06:22:00,746 [INFO] [src.federated.aggregation] - FedDive: Aggregation complete.
2025-06-24 06:22:00,747 [INFO] [src.federated.server] - Global model updated with aggregated parameters.
2025-06-24 06:22:00,747 [INFO] [src.federated.server] - Evaluating updated global model...
2025-06-24 06:22:00,752 [INFO] [src.federated.server] - Round 29 completed in 0.33s. Eval Metrics: {'loss': 8.904059659453623e-06, 'accuracy': 1.0}
2025-06-24 06:22:00,752 [INFO] [src.federated.server] - ===== Starting Round 30/40 =====
2025-06-24 06:22:00,752 [INFO] [src.federated.server] - Starting federated training round...
2025-06-24 06:22:00,752 [INFO] [src.federated.server] - Selected 10 clients out of 10 available (fraction=1.0, min_clients=1): ['client_6', 'client_8', 'client_5', 'client_2', 'client_1', 'client_9', 'client_7', 'client_3', 'client_4', 'client_0']
2025-06-24 06:22:00,753 [INFO] [src.federated.client] - Client client_6: Starting local training for 3 epochs. Proximal term mu=0.0.
2025-06-24 06:22:00,764 [INFO] [src.federated.client] - Client client_6 - Epoch 1/3 completed. Average Loss: 0.0000
2025-06-24 06:22:00,773 [INFO] [src.federated.client] - Client client_6 - Epoch 2/3 completed. Average Loss: 0.0000
2025-06-24 06:22:00,784 [INFO] [src.federated.client] - Client client_6 - Epoch 3/3 completed. Average Loss: 0.0000
2025-06-24 06:22:00,784 [INFO] [src.federated.client] - Client client_6: Local training finished. Processed 480 samples.
2025-06-24 06:22:00,785 [INFO] [src.federated.client] - Client client_8: Starting local training for 3 epochs. Proximal term mu=0.0.
2025-06-24 06:22:00,796 [INFO] [src.federated.client] - Client client_8 - Epoch 1/3 completed. Average Loss: 0.0000
2025-06-24 06:22:00,806 [INFO] [src.federated.client] - Client client_8 - Epoch 2/3 completed. Average Loss: 0.0000
2025-06-24 06:22:00,815 [INFO] [src.federated.client] - Client client_8 - Epoch 3/3 completed. Average Loss: 0.0000
2025-06-24 06:22:00,816 [INFO] [src.federated.client] - Client client_8: Local training finished. Processed 480 samples.
2025-06-24 06:22:00,817 [INFO] [src.federated.client] - Client client_5: Starting local training for 3 epochs. Proximal term mu=0.0.
2025-06-24 06:22:00,826 [INFO] [src.federated.client] - Client client_5 - Epoch 1/3 completed. Average Loss: 0.0000
2025-06-24 06:22:00,837 [INFO] [src.federated.client] - Client client_5 - Epoch 2/3 completed. Average Loss: 0.0000
2025-06-24 06:22:00,846 [INFO] [src.federated.client] - Client client_5 - Epoch 3/3 completed. Average Loss: 0.0000
2025-06-24 06:22:00,847 [INFO] [src.federated.client] - Client client_5: Local training finished. Processed 480 samples.
2025-06-24 06:22:00,848 [INFO] [src.federated.client] - Client client_2: Starting local training for 3 epochs. Proximal term mu=0.0.
2025-06-24 06:22:00,859 [INFO] [src.federated.client] - Client client_2 - Epoch 1/3 completed. Average Loss: 0.0011
2025-06-24 06:22:00,868 [INFO] [src.federated.client] - Client client_2 - Epoch 2/3 completed. Average Loss: 0.0002
2025-06-24 06:22:00,877 [INFO] [src.federated.client] - Client client_2 - Epoch 3/3 completed. Average Loss: 0.0000
2025-06-24 06:22:00,878 [INFO] [src.federated.client] - Client client_2: Local training finished. Processed 480 samples.
2025-06-24 06:22:00,879 [INFO] [src.federated.client] - Client client_1: Starting local training for 3 epochs. Proximal term mu=0.0.
2025-06-24 06:22:00,889 [INFO] [src.federated.client] - Client client_1 - Epoch 1/3 completed. Average Loss: 0.0000
2025-06-24 06:22:00,899 [INFO] [src.federated.client] - Client client_1 - Epoch 2/3 completed. Average Loss: 0.0000
2025-06-24 06:22:00,909 [INFO] [src.federated.client] - Client client_1 - Epoch 3/3 completed. Average Loss: 0.0000
2025-06-24 06:22:00,910 [INFO] [src.federated.client] - Client client_1: Local training finished. Processed 480 samples.
2025-06-24 06:22:00,911 [INFO] [src.federated.client] - Client client_9: Starting local training for 3 epochs. Proximal term mu=0.0.
2025-06-24 06:22:00,921 [INFO] [src.federated.client] - Client client_9 - Epoch 1/3 completed. Average Loss: 0.0003
2025-06-24 06:22:00,931 [INFO] [src.federated.client] - Client client_9 - Epoch 2/3 completed. Average Loss: 0.0002
2025-06-24 06:22:00,941 [INFO] [src.federated.client] - Client client_9 - Epoch 3/3 completed. Average Loss: 0.0002
2025-06-24 06:22:00,942 [INFO] [src.federated.client] - Client client_9: Local training finished. Processed 480 samples.
2025-06-24 06:22:00,943 [INFO] [src.federated.client] - Client client_7: Starting local training for 3 epochs. Proximal term mu=0.0.
2025-06-24 06:22:00,953 [INFO] [src.federated.client] - Client client_7 - Epoch 1/3 completed. Average Loss: 0.0000
2025-06-24 06:22:00,963 [INFO] [src.federated.client] - Client client_7 - Epoch 2/3 completed. Average Loss: 0.0000
2025-06-24 06:22:00,975 [INFO] [src.federated.client] - Client client_7 - Epoch 3/3 completed. Average Loss: 0.0000
2025-06-24 06:22:00,976 [INFO] [src.federated.client] - Client client_7: Local training finished. Processed 480 samples.
2025-06-24 06:22:00,976 [INFO] [src.federated.client] - Client client_3: Starting local training for 3 epochs. Proximal term mu=0.0.
2025-06-24 06:22:00,986 [INFO] [src.federated.client] - Client client_3 - Epoch 1/3 completed. Average Loss: 0.0000
2025-06-24 06:22:00,998 [INFO] [src.federated.client] - Client client_3 - Epoch 2/3 completed. Average Loss: 0.0000
2025-06-24 06:22:01,009 [INFO] [src.federated.client] - Client client_3 - Epoch 3/3 completed. Average Loss: 0.0000
2025-06-24 06:22:01,010 [INFO] [src.federated.client] - Client client_3: Local training finished. Processed 480 samples.
2025-06-24 06:22:01,010 [INFO] [src.federated.client] - Client client_4: Starting local training for 3 epochs. Proximal term mu=0.0.
2025-06-24 06:22:01,020 [INFO] [src.federated.client] - Client client_4 - Epoch 1/3 completed. Average Loss: 0.0000
2025-06-24 06:22:01,030 [INFO] [src.federated.client] - Client client_4 - Epoch 2/3 completed. Average Loss: 0.0000
2025-06-24 06:22:01,041 [INFO] [src.federated.client] - Client client_4 - Epoch 3/3 completed. Average Loss: 0.0000
2025-06-24 06:22:01,041 [INFO] [src.federated.client] - Client client_4: Local training finished. Processed 480 samples.
2025-06-24 06:22:01,042 [INFO] [src.federated.client] - Client client_0: Starting local training for 3 epochs. Proximal term mu=0.0.
2025-06-24 06:22:01,051 [INFO] [src.federated.client] - Client client_0 - Epoch 1/3 completed. Average Loss: 0.0000
2025-06-24 06:22:01,060 [INFO] [src.federated.client] - Client client_0 - Epoch 2/3 completed. Average Loss: 0.0000
2025-06-24 06:22:01,070 [INFO] [src.federated.client] - Client client_0 - Epoch 3/3 completed. Average Loss: 0.0000
2025-06-24 06:22:01,071 [INFO] [src.federated.client] - Client client_0: Local training finished. Processed 480 samples.
2025-06-24 06:22:01,071 [INFO] [src.federated.server] - Aggregating updates from 10 clients using FedDive.
2025-06-24 06:22:01,071 [INFO] [src.federated.aggregation] - FedDive: Aggregating updates from 10 clients (momentum=0.9).
2025-06-24 06:22:01,073 [INFO] [src.federated.aggregation] - FedDive: Aggregation complete.
2025-06-24 06:22:01,073 [INFO] [src.federated.server] - Global model updated with aggregated parameters.
2025-06-24 06:22:01,073 [INFO] [src.federated.server] - Evaluating updated global model...
2025-06-24 06:22:01,078 [INFO] [src.federated.server] - Round 30 completed in 0.33s. Eval Metrics: {'loss': 9.11720786914927e-06, 'accuracy': 1.0}
2025-06-24 06:22:01,079 [INFO] [src.federated.server] - ===== Starting Round 31/40 =====
2025-06-24 06:22:01,079 [INFO] [src.federated.server] - Starting federated training round...
2025-06-24 06:22:01,079 [INFO] [src.federated.server] - Selected 10 clients out of 10 available (fraction=1.0, min_clients=1): ['client_4', 'client_7', 'client_5', 'client_6', 'client_0', 'client_8', 'client_3', 'client_2', 'client_9', 'client_1']
2025-06-24 06:22:01,080 [INFO] [src.federated.client] - Client client_4: Starting local training for 3 epochs. Proximal term mu=0.0.
2025-06-24 06:22:01,090 [INFO] [src.federated.client] - Client client_4 - Epoch 1/3 completed. Average Loss: 0.0000
2025-06-24 06:22:01,101 [INFO] [src.federated.client] - Client client_4 - Epoch 2/3 completed. Average Loss: 0.0000
2025-06-24 06:22:01,111 [INFO] [src.federated.client] - Client client_4 - Epoch 3/3 completed. Average Loss: 0.0000
2025-06-24 06:22:01,112 [INFO] [src.federated.client] - Client client_4: Local training finished. Processed 480 samples.
2025-06-24 06:22:01,112 [INFO] [src.federated.client] - Client client_7: Starting local training for 3 epochs. Proximal term mu=0.0.
2025-06-24 06:22:01,124 [INFO] [src.federated.client] - Client client_7 - Epoch 1/3 completed. Average Loss: 0.0000
2025-06-24 06:22:01,136 [INFO] [src.federated.client] - Client client_7 - Epoch 2/3 completed. Average Loss: 0.0000
2025-06-24 06:22:01,146 [INFO] [src.federated.client] - Client client_7 - Epoch 3/3 completed. Average Loss: 0.0000
2025-06-24 06:22:01,146 [INFO] [src.federated.client] - Client client_7: Local training finished. Processed 480 samples.
2025-06-24 06:22:01,147 [INFO] [src.federated.client] - Client client_5: Starting local training for 3 epochs. Proximal term mu=0.0.
2025-06-24 06:22:01,159 [INFO] [src.federated.client] - Client client_5 - Epoch 1/3 completed. Average Loss: 0.0000
2025-06-24 06:22:01,169 [INFO] [src.federated.client] - Client client_5 - Epoch 2/3 completed. Average Loss: 0.0000
2025-06-24 06:22:01,179 [INFO] [src.federated.client] - Client client_5 - Epoch 3/3 completed. Average Loss: 0.0000
2025-06-24 06:22:01,179 [INFO] [src.federated.client] - Client client_5: Local training finished. Processed 480 samples.
2025-06-24 06:22:01,180 [INFO] [src.federated.client] - Client client_6: Starting local training for 3 epochs. Proximal term mu=0.0.
2025-06-24 06:22:01,190 [INFO] [src.federated.client] - Client client_6 - Epoch 1/3 completed. Average Loss: 0.0000
2025-06-24 06:22:01,200 [INFO] [src.federated.client] - Client client_6 - Epoch 2/3 completed. Average Loss: 0.0000
2025-06-24 06:22:01,209 [INFO] [src.federated.client] - Client client_6 - Epoch 3/3 completed. Average Loss: 0.0000
2025-06-24 06:22:01,209 [INFO] [src.federated.client] - Client client_6: Local training finished. Processed 480 samples.
2025-06-24 06:22:01,210 [INFO] [src.federated.client] - Client client_0: Starting local training for 3 epochs. Proximal term mu=0.0.
2025-06-24 06:22:01,220 [INFO] [src.federated.client] - Client client_0 - Epoch 1/3 completed. Average Loss: 0.0000
2025-06-24 06:22:01,230 [INFO] [src.federated.client] - Client client_0 - Epoch 2/3 completed. Average Loss: 0.0000
2025-06-24 06:22:01,240 [INFO] [src.federated.client] - Client client_0 - Epoch 3/3 completed. Average Loss: 0.0000
2025-06-24 06:22:01,240 [INFO] [src.federated.client] - Client client_0: Local training finished. Processed 480 samples.
2025-06-24 06:22:01,241 [INFO] [src.federated.client] - Client client_8: Starting local training for 3 epochs. Proximal term mu=0.0.
2025-06-24 06:22:01,251 [INFO] [src.federated.client] - Client client_8 - Epoch 1/3 completed. Average Loss: 0.0000
2025-06-24 06:22:01,261 [INFO] [src.federated.client] - Client client_8 - Epoch 2/3 completed. Average Loss: 0.0000
2025-06-24 06:22:01,271 [INFO] [src.federated.client] - Client client_8 - Epoch 3/3 completed. Average Loss: 0.0000
2025-06-24 06:22:01,272 [INFO] [src.federated.client] - Client client_8: Local training finished. Processed 480 samples.
2025-06-24 06:22:01,272 [INFO] [src.federated.client] - Client client_3: Starting local training for 3 epochs. Proximal term mu=0.0.
2025-06-24 06:22:01,283 [INFO] [src.federated.client] - Client client_3 - Epoch 1/3 completed. Average Loss: 0.0000
2025-06-24 06:22:01,293 [INFO] [src.federated.client] - Client client_3 - Epoch 2/3 completed. Average Loss: 0.0000
2025-06-24 06:22:01,303 [INFO] [src.federated.client] - Client client_3 - Epoch 3/3 completed. Average Loss: 0.0000
2025-06-24 06:22:01,304 [INFO] [src.federated.client] - Client client_3: Local training finished. Processed 480 samples.
2025-06-24 06:22:01,304 [INFO] [src.federated.client] - Client client_2: Starting local training for 3 epochs. Proximal term mu=0.0.
2025-06-24 06:22:01,314 [INFO] [src.federated.client] - Client client_2 - Epoch 1/3 completed. Average Loss: 0.0025
2025-06-24 06:22:01,323 [INFO] [src.federated.client] - Client client_2 - Epoch 2/3 completed. Average Loss: 0.0000
2025-06-24 06:22:01,333 [INFO] [src.federated.client] - Client client_2 - Epoch 3/3 completed. Average Loss: 0.0001
2025-06-24 06:22:01,333 [INFO] [src.federated.client] - Client client_2: Local training finished. Processed 480 samples.
2025-06-24 06:22:01,334 [INFO] [src.federated.client] - Client client_9: Starting local training for 3 epochs. Proximal term mu=0.0.
2025-06-24 06:22:01,345 [INFO] [src.federated.client] - Client client_9 - Epoch 1/3 completed. Average Loss: 0.0002
2025-06-24 06:22:01,354 [INFO] [src.federated.client] - Client client_9 - Epoch 2/3 completed. Average Loss: 0.0002
2025-06-24 06:22:01,364 [INFO] [src.federated.client] - Client client_9 - Epoch 3/3 completed. Average Loss: 0.0002
2025-06-24 06:22:01,364 [INFO] [src.federated.client] - Client client_9: Local training finished. Processed 480 samples.
2025-06-24 06:22:01,365 [INFO] [src.federated.client] - Client client_1: Starting local training for 3 epochs. Proximal term mu=0.0.
2025-06-24 06:22:01,375 [INFO] [src.federated.client] - Client client_1 - Epoch 1/3 completed. Average Loss: 0.0000
2025-06-24 06:22:01,385 [INFO] [src.federated.client] - Client client_1 - Epoch 2/3 completed. Average Loss: 0.0000
2025-06-24 06:22:01,396 [INFO] [src.federated.client] - Client client_1 - Epoch 3/3 completed. Average Loss: 0.0000
2025-06-24 06:22:01,396 [INFO] [src.federated.client] - Client client_1: Local training finished. Processed 480 samples.
2025-06-24 06:22:01,397 [INFO] [src.federated.server] - Aggregating updates from 10 clients using FedDive.
2025-06-24 06:22:01,397 [INFO] [src.federated.aggregation] - FedDive: Aggregating updates from 10 clients (momentum=0.9).
2025-06-24 06:22:01,398 [INFO] [src.federated.aggregation] - FedDive: Aggregation complete.
2025-06-24 06:22:01,399 [INFO] [src.federated.server] - Global model updated with aggregated parameters.
2025-06-24 06:22:01,399 [INFO] [src.federated.server] - Evaluating updated global model...
2025-06-24 06:22:01,404 [INFO] [src.federated.server] - Round 31 completed in 0.33s. Eval Metrics: {'loss': 8.909276414197365e-06, 'accuracy': 1.0}
2025-06-24 06:22:01,404 [INFO] [src.federated.server] - ===== Starting Round 32/40 =====
2025-06-24 06:22:01,405 [INFO] [src.federated.server] - Starting federated training round...
2025-06-24 06:22:01,405 [INFO] [src.federated.server] - Selected 10 clients out of 10 available (fraction=1.0, min_clients=1): ['client_8', 'client_3', 'client_4', 'client_1', 'client_2', 'client_0', 'client_6', 'client_9', 'client_5', 'client_7']
2025-06-24 06:22:01,405 [INFO] [src.federated.client] - Client client_8: Starting local training for 3 epochs. Proximal term mu=0.0.
2025-06-24 06:22:01,416 [INFO] [src.federated.client] - Client client_8 - Epoch 1/3 completed. Average Loss: 0.0000
2025-06-24 06:22:01,426 [INFO] [src.federated.client] - Client client_8 - Epoch 2/3 completed. Average Loss: 0.0000
2025-06-24 06:22:01,436 [INFO] [src.federated.client] - Client client_8 - Epoch 3/3 completed. Average Loss: 0.0000
2025-06-24 06:22:01,437 [INFO] [src.federated.client] - Client client_8: Local training finished. Processed 480 samples.
2025-06-24 06:22:01,437 [INFO] [src.federated.client] - Client client_3: Starting local training for 3 epochs. Proximal term mu=0.0.
2025-06-24 06:22:01,447 [INFO] [src.federated.client] - Client client_3 - Epoch 1/3 completed. Average Loss: 0.0000
2025-06-24 06:22:01,458 [INFO] [src.federated.client] - Client client_3 - Epoch 2/3 completed. Average Loss: 0.0000
2025-06-24 06:22:01,468 [INFO] [src.federated.client] - Client client_3 - Epoch 3/3 completed. Average Loss: 0.0000
2025-06-24 06:22:01,469 [INFO] [src.federated.client] - Client client_3: Local training finished. Processed 480 samples.
2025-06-24 06:22:01,469 [INFO] [src.federated.client] - Client client_4: Starting local training for 3 epochs. Proximal term mu=0.0.
2025-06-24 06:22:01,480 [INFO] [src.federated.client] - Client client_4 - Epoch 1/3 completed. Average Loss: 0.0000
2025-06-24 06:22:01,489 [INFO] [src.federated.client] - Client client_4 - Epoch 2/3 completed. Average Loss: 0.0000
2025-06-24 06:22:01,500 [INFO] [src.federated.client] - Client client_4 - Epoch 3/3 completed. Average Loss: 0.0000
2025-06-24 06:22:01,500 [INFO] [src.federated.client] - Client client_4: Local training finished. Processed 480 samples.
2025-06-24 06:22:01,501 [INFO] [src.federated.client] - Client client_1: Starting local training for 3 epochs. Proximal term mu=0.0.
2025-06-24 06:22:01,510 [INFO] [src.federated.client] - Client client_1 - Epoch 1/3 completed. Average Loss: 0.0000
2025-06-24 06:22:01,520 [INFO] [src.federated.client] - Client client_1 - Epoch 2/3 completed. Average Loss: 0.0000
2025-06-24 06:22:01,530 [INFO] [src.federated.client] - Client client_1 - Epoch 3/3 completed. Average Loss: 0.0000
2025-06-24 06:22:01,531 [INFO] [src.federated.client] - Client client_1: Local training finished. Processed 480 samples.
2025-06-24 06:22:01,531 [INFO] [src.federated.client] - Client client_2: Starting local training for 3 epochs. Proximal term mu=0.0.
2025-06-24 06:22:01,543 [INFO] [src.federated.client] - Client client_2 - Epoch 1/3 completed. Average Loss: 0.0031
2025-06-24 06:22:01,553 [INFO] [src.federated.client] - Client client_2 - Epoch 2/3 completed. Average Loss: 0.0000
2025-06-24 06:22:01,563 [INFO] [src.federated.client] - Client client_2 - Epoch 3/3 completed. Average Loss: 0.0006
2025-06-24 06:22:01,563 [INFO] [src.federated.client] - Client client_2: Local training finished. Processed 480 samples.
2025-06-24 06:22:01,564 [INFO] [src.federated.client] - Client client_0: Starting local training for 3 epochs. Proximal term mu=0.0.
2025-06-24 06:22:01,573 [INFO] [src.federated.client] - Client client_0 - Epoch 1/3 completed. Average Loss: 0.0000
2025-06-24 06:22:01,583 [INFO] [src.federated.client] - Client client_0 - Epoch 2/3 completed. Average Loss: 0.0000
2025-06-24 06:22:01,594 [INFO] [src.federated.client] - Client client_0 - Epoch 3/3 completed. Average Loss: 0.0000
2025-06-24 06:22:01,594 [INFO] [src.federated.client] - Client client_0: Local training finished. Processed 480 samples.
2025-06-24 06:22:01,595 [INFO] [src.federated.client] - Client client_6: Starting local training for 3 epochs. Proximal term mu=0.0.
2025-06-24 06:22:01,605 [INFO] [src.federated.client] - Client client_6 - Epoch 1/3 completed. Average Loss: 0.0000
2025-06-24 06:22:01,614 [INFO] [src.federated.client] - Client client_6 - Epoch 2/3 completed. Average Loss: 0.0000
2025-06-24 06:22:01,624 [INFO] [src.federated.client] - Client client_6 - Epoch 3/3 completed. Average Loss: 0.0000
2025-06-24 06:22:01,624 [INFO] [src.federated.client] - Client client_6: Local training finished. Processed 480 samples.
2025-06-24 06:22:01,625 [INFO] [src.federated.client] - Client client_9: Starting local training for 3 epochs. Proximal term mu=0.0.
2025-06-24 06:22:01,635 [INFO] [src.federated.client] - Client client_9 - Epoch 1/3 completed. Average Loss: 0.0002
2025-06-24 06:22:01,647 [INFO] [src.federated.client] - Client client_9 - Epoch 2/3 completed. Average Loss: 0.0002
2025-06-24 06:22:01,656 [INFO] [src.federated.client] - Client client_9 - Epoch 3/3 completed. Average Loss: 0.0002
2025-06-24 06:22:01,657 [INFO] [src.federated.client] - Client client_9: Local training finished. Processed 480 samples.
2025-06-24 06:22:01,657 [INFO] [src.federated.client] - Client client_5: Starting local training for 3 epochs. Proximal term mu=0.0.
2025-06-24 06:22:01,666 [INFO] [src.federated.client] - Client client_5 - Epoch 1/3 completed. Average Loss: 0.0000
2025-06-24 06:22:01,676 [INFO] [src.federated.client] - Client client_5 - Epoch 2/3 completed. Average Loss: 0.0000
2025-06-24 06:22:01,685 [INFO] [src.federated.client] - Client client_5 - Epoch 3/3 completed. Average Loss: 0.0000
2025-06-24 06:22:01,686 [INFO] [src.federated.client] - Client client_5: Local training finished. Processed 480 samples.
2025-06-24 06:22:01,686 [INFO] [src.federated.client] - Client client_7: Starting local training for 3 epochs. Proximal term mu=0.0.
2025-06-24 06:22:01,696 [INFO] [src.federated.client] - Client client_7 - Epoch 1/3 completed. Average Loss: 0.0000
2025-06-24 06:22:01,705 [INFO] [src.federated.client] - Client client_7 - Epoch 2/3 completed. Average Loss: 0.0000
2025-06-24 06:22:01,715 [INFO] [src.federated.client] - Client client_7 - Epoch 3/3 completed. Average Loss: 0.0000
2025-06-24 06:22:01,716 [INFO] [src.federated.client] - Client client_7: Local training finished. Processed 480 samples.
2025-06-24 06:22:01,716 [INFO] [src.federated.server] - Aggregating updates from 10 clients using FedDive.
2025-06-24 06:22:01,716 [INFO] [src.federated.aggregation] - FedDive: Aggregating updates from 10 clients (momentum=0.9).
2025-06-24 06:22:01,718 [INFO] [src.federated.aggregation] - FedDive: Aggregation complete.
2025-06-24 06:22:01,718 [INFO] [src.federated.server] - Global model updated with aggregated parameters.
2025-06-24 06:22:01,718 [INFO] [src.federated.server] - Evaluating updated global model...
2025-06-24 06:22:01,723 [INFO] [src.federated.server] - Round 32 completed in 0.32s. Eval Metrics: {'loss': 9.284248849326104e-06, 'accuracy': 1.0}
2025-06-24 06:22:01,723 [INFO] [src.federated.server] - ===== Starting Round 33/40 =====
2025-06-24 06:22:01,723 [INFO] [src.federated.server] - Starting federated training round...
2025-06-24 06:22:01,723 [INFO] [src.federated.server] - Selected 10 clients out of 10 available (fraction=1.0, min_clients=1): ['client_7', 'client_8', 'client_4', 'client_9', 'client_5', 'client_6', 'client_0', 'client_2', 'client_1', 'client_3']
2025-06-24 06:22:01,724 [INFO] [src.federated.client] - Client client_7: Starting local training for 3 epochs. Proximal term mu=0.0.
2025-06-24 06:22:01,736 [INFO] [src.federated.client] - Client client_7 - Epoch 1/3 completed. Average Loss: 0.0000
2025-06-24 06:22:01,746 [INFO] [src.federated.client] - Client client_7 - Epoch 2/3 completed. Average Loss: 0.0000
2025-06-24 06:22:01,756 [INFO] [src.federated.client] - Client client_7 - Epoch 3/3 completed. Average Loss: 0.0000
2025-06-24 06:22:01,757 [INFO] [src.federated.client] - Client client_7: Local training finished. Processed 480 samples.
2025-06-24 06:22:01,757 [INFO] [src.federated.client] - Client client_8: Starting local training for 3 epochs. Proximal term mu=0.0.
2025-06-24 06:22:01,769 [INFO] [src.federated.client] - Client client_8 - Epoch 1/3 completed. Average Loss: 0.0000
2025-06-24 06:22:01,779 [INFO] [src.federated.client] - Client client_8 - Epoch 2/3 completed. Average Loss: 0.0000
2025-06-24 06:22:01,790 [INFO] [src.federated.client] - Client client_8 - Epoch 3/3 completed. Average Loss: 0.0000
2025-06-24 06:22:01,791 [INFO] [src.federated.client] - Client client_8: Local training finished. Processed 480 samples.
2025-06-24 06:22:01,791 [INFO] [src.federated.client] - Client client_4: Starting local training for 3 epochs. Proximal term mu=0.0.
2025-06-24 06:22:01,801 [INFO] [src.federated.client] - Client client_4 - Epoch 1/3 completed. Average Loss: 0.0000
2025-06-24 06:22:01,811 [INFO] [src.federated.client] - Client client_4 - Epoch 2/3 completed. Average Loss: 0.0000
2025-06-24 06:22:01,821 [INFO] [src.federated.client] - Client client_4 - Epoch 3/3 completed. Average Loss: 0.0000
2025-06-24 06:22:01,821 [INFO] [src.federated.client] - Client client_4: Local training finished. Processed 480 samples.
2025-06-24 06:22:01,822 [INFO] [src.federated.client] - Client client_9: Starting local training for 3 epochs. Proximal term mu=0.0.
2025-06-24 06:22:01,832 [INFO] [src.federated.client] - Client client_9 - Epoch 1/3 completed. Average Loss: 0.0002
2025-06-24 06:22:01,841 [INFO] [src.federated.client] - Client client_9 - Epoch 2/3 completed. Average Loss: 0.0002
2025-06-24 06:22:01,851 [INFO] [src.federated.client] - Client client_9 - Epoch 3/3 completed. Average Loss: 0.0002
2025-06-24 06:22:01,851 [INFO] [src.federated.client] - Client client_9: Local training finished. Processed 480 samples.
2025-06-24 06:22:01,852 [INFO] [src.federated.client] - Client client_5: Starting local training for 3 epochs. Proximal term mu=0.0.
2025-06-24 06:22:01,863 [INFO] [src.federated.client] - Client client_5 - Epoch 1/3 completed. Average Loss: 0.0000
2025-06-24 06:22:01,874 [INFO] [src.federated.client] - Client client_5 - Epoch 2/3 completed. Average Loss: 0.0000
2025-06-24 06:22:01,885 [INFO] [src.federated.client] - Client client_5 - Epoch 3/3 completed. Average Loss: 0.0000
2025-06-24 06:22:01,886 [INFO] [src.federated.client] - Client client_5: Local training finished. Processed 480 samples.
2025-06-24 06:22:01,887 [INFO] [src.federated.client] - Client client_6: Starting local training for 3 epochs. Proximal term mu=0.0.
2025-06-24 06:22:01,898 [INFO] [src.federated.client] - Client client_6 - Epoch 1/3 completed. Average Loss: 0.0000
2025-06-24 06:22:01,908 [INFO] [src.federated.client] - Client client_6 - Epoch 2/3 completed. Average Loss: 0.0000
2025-06-24 06:22:01,919 [INFO] [src.federated.client] - Client client_6 - Epoch 3/3 completed. Average Loss: 0.0000
2025-06-24 06:22:01,919 [INFO] [src.federated.client] - Client client_6: Local training finished. Processed 480 samples.
2025-06-24 06:22:01,920 [INFO] [src.federated.client] - Client client_0: Starting local training for 3 epochs. Proximal term mu=0.0.
2025-06-24 06:22:01,931 [INFO] [src.federated.client] - Client client_0 - Epoch 1/3 completed. Average Loss: 0.0000
2025-06-24 06:22:01,941 [INFO] [src.federated.client] - Client client_0 - Epoch 2/3 completed. Average Loss: 0.0000
2025-06-24 06:22:01,952 [INFO] [src.federated.client] - Client client_0 - Epoch 3/3 completed. Average Loss: 0.0000
2025-06-24 06:22:01,953 [INFO] [src.federated.client] - Client client_0: Local training finished. Processed 480 samples.
2025-06-24 06:22:01,954 [INFO] [src.federated.client] - Client client_2: Starting local training for 3 epochs. Proximal term mu=0.0.
2025-06-24 06:22:01,964 [INFO] [src.federated.client] - Client client_2 - Epoch 1/3 completed. Average Loss: 0.0029
2025-06-24 06:22:01,973 [INFO] [src.federated.client] - Client client_2 - Epoch 2/3 completed. Average Loss: 0.0000
2025-06-24 06:22:01,984 [INFO] [src.federated.client] - Client client_2 - Epoch 3/3 completed. Average Loss: 0.0000
2025-06-24 06:22:01,984 [INFO] [src.federated.client] - Client client_2: Local training finished. Processed 480 samples.
2025-06-24 06:22:01,985 [INFO] [src.federated.client] - Client client_1: Starting local training for 3 epochs. Proximal term mu=0.0.
2025-06-24 06:22:01,994 [INFO] [src.federated.client] - Client client_1 - Epoch 1/3 completed. Average Loss: 0.0000
2025-06-24 06:22:02,004 [INFO] [src.federated.client] - Client client_1 - Epoch 2/3 completed. Average Loss: 0.0000
2025-06-24 06:22:02,013 [INFO] [src.federated.client] - Client client_1 - Epoch 3/3 completed. Average Loss: 0.0000
2025-06-24 06:22:02,014 [INFO] [src.federated.client] - Client client_1: Local training finished. Processed 480 samples.
2025-06-24 06:22:02,014 [INFO] [src.federated.client] - Client client_3: Starting local training for 3 epochs. Proximal term mu=0.0.
2025-06-24 06:22:02,024 [INFO] [src.federated.client] - Client client_3 - Epoch 1/3 completed. Average Loss: 0.0000
2025-06-24 06:22:02,035 [INFO] [src.federated.client] - Client client_3 - Epoch 2/3 completed. Average Loss: 0.0000
2025-06-24 06:22:02,044 [INFO] [src.federated.client] - Client client_3 - Epoch 3/3 completed. Average Loss: 0.0000
2025-06-24 06:22:02,044 [INFO] [src.federated.client] - Client client_3: Local training finished. Processed 480 samples.
2025-06-24 06:22:02,045 [INFO] [src.federated.server] - Aggregating updates from 10 clients using FedDive.
2025-06-24 06:22:02,045 [INFO] [src.federated.aggregation] - FedDive: Aggregating updates from 10 clients (momentum=0.9).
2025-06-24 06:22:02,046 [INFO] [src.federated.aggregation] - FedDive: Aggregation complete.
2025-06-24 06:22:02,047 [INFO] [src.federated.server] - Global model updated with aggregated parameters.
2025-06-24 06:22:02,047 [INFO] [src.federated.server] - Evaluating updated global model...
2025-06-24 06:22:02,052 [INFO] [src.federated.server] - Round 33 completed in 0.33s. Eval Metrics: {'loss': 9.742878413590006e-06, 'accuracy': 1.0}
2025-06-24 06:22:02,053 [INFO] [src.federated.server] - ===== Starting Round 34/40 =====
2025-06-24 06:22:02,053 [INFO] [src.federated.server] - Starting federated training round...
2025-06-24 06:22:02,053 [INFO] [src.federated.server] - Selected 10 clients out of 10 available (fraction=1.0, min_clients=1): ['client_2', 'client_4', 'client_1', 'client_0', 'client_5', 'client_8', 'client_7', 'client_3', 'client_9', 'client_6']
2025-06-24 06:22:02,054 [INFO] [src.federated.client] - Client client_2: Starting local training for 3 epochs. Proximal term mu=0.0.
2025-06-24 06:22:02,065 [INFO] [src.federated.client] - Client client_2 - Epoch 1/3 completed. Average Loss: 0.0019
2025-06-24 06:22:02,076 [INFO] [src.federated.client] - Client client_2 - Epoch 2/3 completed. Average Loss: 0.0000
2025-06-24 06:22:02,085 [INFO] [src.federated.client] - Client client_2 - Epoch 3/3 completed. Average Loss: 0.0000
2025-06-24 06:22:02,086 [INFO] [src.federated.client] - Client client_2: Local training finished. Processed 480 samples.
2025-06-24 06:22:02,087 [INFO] [src.federated.client] - Client client_4: Starting local training for 3 epochs. Proximal term mu=0.0.
2025-06-24 06:22:02,096 [INFO] [src.federated.client] - Client client_4 - Epoch 1/3 completed. Average Loss: 0.0000
2025-06-24 06:22:02,107 [INFO] [src.federated.client] - Client client_4 - Epoch 2/3 completed. Average Loss: 0.0000
2025-06-24 06:22:02,117 [INFO] [src.federated.client] - Client client_4 - Epoch 3/3 completed. Average Loss: 0.0000
2025-06-24 06:22:02,117 [INFO] [src.federated.client] - Client client_4: Local training finished. Processed 480 samples.
2025-06-24 06:22:02,118 [INFO] [src.federated.client] - Client client_1: Starting local training for 3 epochs. Proximal term mu=0.0.
2025-06-24 06:22:02,128 [INFO] [src.federated.client] - Client client_1 - Epoch 1/3 completed. Average Loss: 0.0000
2025-06-24 06:22:02,138 [INFO] [src.federated.client] - Client client_1 - Epoch 2/3 completed. Average Loss: 0.0000
2025-06-24 06:22:02,148 [INFO] [src.federated.client] - Client client_1 - Epoch 3/3 completed. Average Loss: 0.0000
2025-06-24 06:22:02,148 [INFO] [src.federated.client] - Client client_1: Local training finished. Processed 480 samples.
2025-06-24 06:22:02,149 [INFO] [src.federated.client] - Client client_0: Starting local training for 3 epochs. Proximal term mu=0.0.
2025-06-24 06:22:02,158 [INFO] [src.federated.client] - Client client_0 - Epoch 1/3 completed. Average Loss: 0.0000
2025-06-24 06:22:02,168 [INFO] [src.federated.client] - Client client_0 - Epoch 2/3 completed. Average Loss: 0.0000
2025-06-24 06:22:02,177 [INFO] [src.federated.client] - Client client_0 - Epoch 3/3 completed. Average Loss: 0.0000
2025-06-24 06:22:02,178 [INFO] [src.federated.client] - Client client_0: Local training finished. Processed 480 samples.
2025-06-24 06:22:02,178 [INFO] [src.federated.client] - Client client_5: Starting local training for 3 epochs. Proximal term mu=0.0.
2025-06-24 06:22:02,189 [INFO] [src.federated.client] - Client client_5 - Epoch 1/3 completed. Average Loss: 0.0000
2025-06-24 06:22:02,198 [INFO] [src.federated.client] - Client client_5 - Epoch 2/3 completed. Average Loss: 0.0000
2025-06-24 06:22:02,207 [INFO] [src.federated.client] - Client client_5 - Epoch 3/3 completed. Average Loss: 0.0000
2025-06-24 06:22:02,208 [INFO] [src.federated.client] - Client client_5: Local training finished. Processed 480 samples.
2025-06-24 06:22:02,208 [INFO] [src.federated.client] - Client client_8: Starting local training for 3 epochs. Proximal term mu=0.0.
2025-06-24 06:22:02,218 [INFO] [src.federated.client] - Client client_8 - Epoch 1/3 completed. Average Loss: 0.0000
2025-06-24 06:22:02,229 [INFO] [src.federated.client] - Client client_8 - Epoch 2/3 completed. Average Loss: 0.0000
2025-06-24 06:22:02,238 [INFO] [src.federated.client] - Client client_8 - Epoch 3/3 completed. Average Loss: 0.0000
2025-06-24 06:22:02,239 [INFO] [src.federated.client] - Client client_8: Local training finished. Processed 480 samples.
2025-06-24 06:22:02,239 [INFO] [src.federated.client] - Client client_7: Starting local training for 3 epochs. Proximal term mu=0.0.
2025-06-24 06:22:02,249 [INFO] [src.federated.client] - Client client_7 - Epoch 1/3 completed. Average Loss: 0.0000
2025-06-24 06:22:02,259 [INFO] [src.federated.client] - Client client_7 - Epoch 2/3 completed. Average Loss: 0.0000
2025-06-24 06:22:02,269 [INFO] [src.federated.client] - Client client_7 - Epoch 3/3 completed. Average Loss: 0.0000
2025-06-24 06:22:02,270 [INFO] [src.federated.client] - Client client_7: Local training finished. Processed 480 samples.
2025-06-24 06:22:02,270 [INFO] [src.federated.client] - Client client_3: Starting local training for 3 epochs. Proximal term mu=0.0.
2025-06-24 06:22:02,282 [INFO] [src.federated.client] - Client client_3 - Epoch 1/3 completed. Average Loss: 0.0000
2025-06-24 06:22:02,292 [INFO] [src.federated.client] - Client client_3 - Epoch 2/3 completed. Average Loss: 0.0000
2025-06-24 06:22:02,302 [INFO] [src.federated.client] - Client client_3 - Epoch 3/3 completed. Average Loss: 0.0000
2025-06-24 06:22:02,302 [INFO] [src.federated.client] - Client client_3: Local training finished. Processed 480 samples.
2025-06-24 06:22:02,303 [INFO] [src.federated.client] - Client client_9: Starting local training for 3 epochs. Proximal term mu=0.0.
2025-06-24 06:22:02,313 [INFO] [src.federated.client] - Client client_9 - Epoch 1/3 completed. Average Loss: 0.0002
2025-06-24 06:22:02,322 [INFO] [src.federated.client] - Client client_9 - Epoch 2/3 completed. Average Loss: 0.0002
2025-06-24 06:22:02,331 [INFO] [src.federated.client] - Client client_9 - Epoch 3/3 completed. Average Loss: 0.0002
2025-06-24 06:22:02,332 [INFO] [src.federated.client] - Client client_9: Local training finished. Processed 480 samples.
2025-06-24 06:22:02,332 [INFO] [src.federated.client] - Client client_6: Starting local training for 3 epochs. Proximal term mu=0.0.
2025-06-24 06:22:02,341 [INFO] [src.federated.client] - Client client_6 - Epoch 1/3 completed. Average Loss: 0.0000
2025-06-24 06:22:02,351 [INFO] [src.federated.client] - Client client_6 - Epoch 2/3 completed. Average Loss: 0.0000
2025-06-24 06:22:02,361 [INFO] [src.federated.client] - Client client_6 - Epoch 3/3 completed. Average Loss: 0.0000
2025-06-24 06:22:02,362 [INFO] [src.federated.client] - Client client_6: Local training finished. Processed 480 samples.
2025-06-24 06:22:02,362 [INFO] [src.federated.server] - Aggregating updates from 10 clients using FedDive.
2025-06-24 06:22:02,362 [INFO] [src.federated.aggregation] - FedDive: Aggregating updates from 10 clients (momentum=0.9).
2025-06-24 06:22:02,363 [INFO] [src.federated.aggregation] - FedDive: Aggregation complete.
2025-06-24 06:22:02,364 [INFO] [src.federated.server] - Global model updated with aggregated parameters.
2025-06-24 06:22:02,364 [INFO] [src.federated.server] - Evaluating updated global model...
2025-06-24 06:22:02,369 [INFO] [src.federated.server] - Round 34 completed in 0.32s. Eval Metrics: {'loss': 9.581921001426962e-06, 'accuracy': 1.0}
2025-06-24 06:22:02,369 [INFO] [src.federated.server] - ===== Starting Round 35/40 =====
2025-06-24 06:22:02,369 [INFO] [src.federated.server] - Starting federated training round...
2025-06-24 06:22:02,369 [INFO] [src.federated.server] - Selected 10 clients out of 10 available (fraction=1.0, min_clients=1): ['client_5', 'client_3', 'client_4', 'client_7', 'client_8', 'client_2', 'client_0', 'client_9', 'client_1', 'client_6']
2025-06-24 06:22:02,370 [INFO] [src.federated.client] - Client client_5: Starting local training for 3 epochs. Proximal term mu=0.0.
2025-06-24 06:22:02,382 [INFO] [src.federated.client] - Client client_5 - Epoch 1/3 completed. Average Loss: 0.0000
2025-06-24 06:22:02,391 [INFO] [src.federated.client] - Client client_5 - Epoch 2/3 completed. Average Loss: 0.0000
2025-06-24 06:22:02,400 [INFO] [src.federated.client] - Client client_5 - Epoch 3/3 completed. Average Loss: 0.0000
2025-06-24 06:22:02,400 [INFO] [src.federated.client] - Client client_5: Local training finished. Processed 480 samples.
2025-06-24 06:22:02,401 [INFO] [src.federated.client] - Client client_3: Starting local training for 3 epochs. Proximal term mu=0.0.
2025-06-24 06:22:02,413 [INFO] [src.federated.client] - Client client_3 - Epoch 1/3 completed. Average Loss: 0.0000
2025-06-24 06:22:02,424 [INFO] [src.federated.client] - Client client_3 - Epoch 2/3 completed. Average Loss: 0.0000
2025-06-24 06:22:02,436 [INFO] [src.federated.client] - Client client_3 - Epoch 3/3 completed. Average Loss: 0.0000
2025-06-24 06:22:02,437 [INFO] [src.federated.client] - Client client_3: Local training finished. Processed 480 samples.
2025-06-24 06:22:02,437 [INFO] [src.federated.client] - Client client_4: Starting local training for 3 epochs. Proximal term mu=0.0.
2025-06-24 06:22:02,448 [INFO] [src.federated.client] - Client client_4 - Epoch 1/3 completed. Average Loss: 0.0000
2025-06-24 06:22:02,457 [INFO] [src.federated.client] - Client client_4 - Epoch 2/3 completed. Average Loss: 0.0000
2025-06-24 06:22:02,468 [INFO] [src.federated.client] - Client client_4 - Epoch 3/3 completed. Average Loss: 0.0000
2025-06-24 06:22:02,468 [INFO] [src.federated.client] - Client client_4: Local training finished. Processed 480 samples.
2025-06-24 06:22:02,469 [INFO] [src.federated.client] - Client client_7: Starting local training for 3 epochs. Proximal term mu=0.0.
2025-06-24 06:22:02,479 [INFO] [src.federated.client] - Client client_7 - Epoch 1/3 completed. Average Loss: 0.0000
2025-06-24 06:22:02,490 [INFO] [src.federated.client] - Client client_7 - Epoch 2/3 completed. Average Loss: 0.0000
2025-06-24 06:22:02,501 [INFO] [src.federated.client] - Client client_7 - Epoch 3/3 completed. Average Loss: 0.0000
2025-06-24 06:22:02,502 [INFO] [src.federated.client] - Client client_7: Local training finished. Processed 480 samples.
2025-06-24 06:22:02,502 [INFO] [src.federated.client] - Client client_8: Starting local training for 3 epochs. Proximal term mu=0.0.
2025-06-24 06:22:02,512 [INFO] [src.federated.client] - Client client_8 - Epoch 1/3 completed. Average Loss: 0.0000
2025-06-24 06:22:02,524 [INFO] [src.federated.client] - Client client_8 - Epoch 2/3 completed. Average Loss: 0.0000
2025-06-24 06:22:02,535 [INFO] [src.federated.client] - Client client_8 - Epoch 3/3 completed. Average Loss: 0.0000
2025-06-24 06:22:02,535 [INFO] [src.federated.client] - Client client_8: Local training finished. Processed 480 samples.
2025-06-24 06:22:02,536 [INFO] [src.federated.client] - Client client_2: Starting local training for 3 epochs. Proximal term mu=0.0.
2025-06-24 06:22:02,546 [INFO] [src.federated.client] - Client client_2 - Epoch 1/3 completed. Average Loss: 0.0022
2025-06-24 06:22:02,555 [INFO] [src.federated.client] - Client client_2 - Epoch 2/3 completed. Average Loss: 0.0000
2025-06-24 06:22:02,565 [INFO] [src.federated.client] - Client client_2 - Epoch 3/3 completed. Average Loss: 0.0000
2025-06-24 06:22:02,565 [INFO] [src.federated.client] - Client client_2: Local training finished. Processed 480 samples.
2025-06-24 06:22:02,566 [INFO] [src.federated.client] - Client client_0: Starting local training for 3 epochs. Proximal term mu=0.0.
2025-06-24 06:22:02,575 [INFO] [src.federated.client] - Client client_0 - Epoch 1/3 completed. Average Loss: 0.0000
2025-06-24 06:22:02,586 [INFO] [src.federated.client] - Client client_0 - Epoch 2/3 completed. Average Loss: 0.0000
2025-06-24 06:22:02,597 [INFO] [src.federated.client] - Client client_0 - Epoch 3/3 completed. Average Loss: 0.0000
2025-06-24 06:22:02,597 [INFO] [src.federated.client] - Client client_0: Local training finished. Processed 480 samples.
2025-06-24 06:22:02,598 [INFO] [src.federated.client] - Client client_9: Starting local training for 3 epochs. Proximal term mu=0.0.
2025-06-24 06:22:02,608 [INFO] [src.federated.client] - Client client_9 - Epoch 1/3 completed. Average Loss: 0.0002
2025-06-24 06:22:02,618 [INFO] [src.federated.client] - Client client_9 - Epoch 2/3 completed. Average Loss: 0.0002
2025-06-24 06:22:02,629 [INFO] [src.federated.client] - Client client_9 - Epoch 3/3 completed. Average Loss: 0.0002
2025-06-24 06:22:02,630 [INFO] [src.federated.client] - Client client_9: Local training finished. Processed 480 samples.
2025-06-24 06:22:02,631 [INFO] [src.federated.client] - Client client_1: Starting local training for 3 epochs. Proximal term mu=0.0.
2025-06-24 06:22:02,643 [INFO] [src.federated.client] - Client client_1 - Epoch 1/3 completed. Average Loss: 0.0000
2025-06-24 06:22:02,653 [INFO] [src.federated.client] - Client client_1 - Epoch 2/3 completed. Average Loss: 0.0000
2025-06-24 06:22:02,664 [INFO] [src.federated.client] - Client client_1 - Epoch 3/3 completed. Average Loss: 0.0000
2025-06-24 06:22:02,664 [INFO] [src.federated.client] - Client client_1: Local training finished. Processed 480 samples.
2025-06-24 06:22:02,665 [INFO] [src.federated.client] - Client client_6: Starting local training for 3 epochs. Proximal term mu=0.0.
2025-06-24 06:22:02,674 [INFO] [src.federated.client] - Client client_6 - Epoch 1/3 completed. Average Loss: 0.0000
2025-06-24 06:22:02,685 [INFO] [src.federated.client] - Client client_6 - Epoch 2/3 completed. Average Loss: 0.0000
2025-06-24 06:22:02,696 [INFO] [src.federated.client] - Client client_6 - Epoch 3/3 completed. Average Loss: 0.0000
2025-06-24 06:22:02,696 [INFO] [src.federated.client] - Client client_6: Local training finished. Processed 480 samples.
2025-06-24 06:22:02,696 [INFO] [src.federated.server] - Aggregating updates from 10 clients using FedDive.
2025-06-24 06:22:02,696 [INFO] [src.federated.aggregation] - FedDive: Aggregating updates from 10 clients (momentum=0.9).
2025-06-24 06:22:02,698 [INFO] [src.federated.aggregation] - FedDive: Aggregation complete.
2025-06-24 06:22:02,698 [INFO] [src.federated.server] - Global model updated with aggregated parameters.
2025-06-24 06:22:02,698 [INFO] [src.federated.server] - Evaluating updated global model...
2025-06-24 06:22:02,703 [INFO] [src.federated.server] - Round 35 completed in 0.33s. Eval Metrics: {'loss': 9.617799762509093e-06, 'accuracy': 1.0}
2025-06-24 06:22:02,703 [INFO] [src.federated.server] - ===== Starting Round 36/40 =====
2025-06-24 06:22:02,704 [INFO] [src.federated.server] - Starting federated training round...
2025-06-24 06:22:02,704 [INFO] [src.federated.server] - Selected 10 clients out of 10 available (fraction=1.0, min_clients=1): ['client_0', 'client_9', 'client_5', 'client_6', 'client_1', 'client_2', 'client_7', 'client_4', 'client_3', 'client_8']
2025-06-24 06:22:02,704 [INFO] [src.federated.client] - Client client_0: Starting local training for 3 epochs. Proximal term mu=0.0.
2025-06-24 06:22:02,715 [INFO] [src.federated.client] - Client client_0 - Epoch 1/3 completed. Average Loss: 0.0000
2025-06-24 06:22:02,726 [INFO] [src.federated.client] - Client client_0 - Epoch 2/3 completed. Average Loss: 0.0000
2025-06-24 06:22:02,736 [INFO] [src.federated.client] - Client client_0 - Epoch 3/3 completed. Average Loss: 0.0000
2025-06-24 06:22:02,736 [INFO] [src.federated.client] - Client client_0: Local training finished. Processed 480 samples.
2025-06-24 06:22:02,737 [INFO] [src.federated.client] - Client client_9: Starting local training for 3 epochs. Proximal term mu=0.0.
2025-06-24 06:22:02,748 [INFO] [src.federated.client] - Client client_9 - Epoch 1/3 completed. Average Loss: 0.0002
2025-06-24 06:22:02,758 [INFO] [src.federated.client] - Client client_9 - Epoch 2/3 completed. Average Loss: 0.0002
2025-06-24 06:22:02,767 [INFO] [src.federated.client] - Client client_9 - Epoch 3/3 completed. Average Loss: 0.0002
2025-06-24 06:22:02,768 [INFO] [src.federated.client] - Client client_9: Local training finished. Processed 480 samples.
2025-06-24 06:22:02,768 [INFO] [src.federated.client] - Client client_5: Starting local training for 3 epochs. Proximal term mu=0.0.
2025-06-24 06:22:02,778 [INFO] [src.federated.client] - Client client_5 - Epoch 1/3 completed. Average Loss: 0.0000
2025-06-24 06:22:02,788 [INFO] [src.federated.client] - Client client_5 - Epoch 2/3 completed. Average Loss: 0.0000
2025-06-24 06:22:02,797 [INFO] [src.federated.client] - Client client_5 - Epoch 3/3 completed. Average Loss: 0.0000
2025-06-24 06:22:02,797 [INFO] [src.federated.client] - Client client_5: Local training finished. Processed 480 samples.
2025-06-24 06:22:02,798 [INFO] [src.federated.client] - Client client_6: Starting local training for 3 epochs. Proximal term mu=0.0.
2025-06-24 06:22:02,807 [INFO] [src.federated.client] - Client client_6 - Epoch 1/3 completed. Average Loss: 0.0000
2025-06-24 06:22:02,817 [INFO] [src.federated.client] - Client client_6 - Epoch 2/3 completed. Average Loss: 0.0000
2025-06-24 06:22:02,826 [INFO] [src.federated.client] - Client client_6 - Epoch 3/3 completed. Average Loss: 0.0000
2025-06-24 06:22:02,827 [INFO] [src.federated.client] - Client client_6: Local training finished. Processed 480 samples.
2025-06-24 06:22:02,827 [INFO] [src.federated.client] - Client client_1: Starting local training for 3 epochs. Proximal term mu=0.0.
2025-06-24 06:22:02,838 [INFO] [src.federated.client] - Client client_1 - Epoch 1/3 completed. Average Loss: 0.0000
2025-06-24 06:22:02,847 [INFO] [src.federated.client] - Client client_1 - Epoch 2/3 completed. Average Loss: 0.0000
2025-06-24 06:22:02,857 [INFO] [src.federated.client] - Client client_1 - Epoch 3/3 completed. Average Loss: 0.0000
2025-06-24 06:22:02,858 [INFO] [src.federated.client] - Client client_1: Local training finished. Processed 480 samples.
2025-06-24 06:22:02,859 [INFO] [src.federated.client] - Client client_2: Starting local training for 3 epochs. Proximal term mu=0.0.
2025-06-24 06:22:02,871 [INFO] [src.federated.client] - Client client_2 - Epoch 1/3 completed. Average Loss: 0.0014
2025-06-24 06:22:02,881 [INFO] [src.federated.client] - Client client_2 - Epoch 2/3 completed. Average Loss: 0.0000
2025-06-24 06:22:02,891 [INFO] [src.federated.client] - Client client_2 - Epoch 3/3 completed. Average Loss: 0.0000
2025-06-24 06:22:02,891 [INFO] [src.federated.client] - Client client_2: Local training finished. Processed 480 samples.
2025-06-24 06:22:02,892 [INFO] [src.federated.client] - Client client_7: Starting local training for 3 epochs. Proximal term mu=0.0.
2025-06-24 06:22:02,903 [INFO] [src.federated.client] - Client client_7 - Epoch 1/3 completed. Average Loss: 0.0000
2025-06-24 06:22:02,912 [INFO] [src.federated.client] - Client client_7 - Epoch 2/3 completed. Average Loss: 0.0000
2025-06-24 06:22:02,923 [INFO] [src.federated.client] - Client client_7 - Epoch 3/3 completed. Average Loss: 0.0000
2025-06-24 06:22:02,923 [INFO] [src.federated.client] - Client client_7: Local training finished. Processed 480 samples.
2025-06-24 06:22:02,924 [INFO] [src.federated.client] - Client client_4: Starting local training for 3 epochs. Proximal term mu=0.0.
2025-06-24 06:22:02,934 [INFO] [src.federated.client] - Client client_4 - Epoch 1/3 completed. Average Loss: 0.0000
2025-06-24 06:22:02,944 [INFO] [src.federated.client] - Client client_4 - Epoch 2/3 completed. Average Loss: 0.0000
2025-06-24 06:22:02,952 [INFO] [src.federated.client] - Client client_4 - Epoch 3/3 completed. Average Loss: 0.0000
2025-06-24 06:22:02,953 [INFO] [src.federated.client] - Client client_4: Local training finished. Processed 480 samples.
2025-06-24 06:22:02,954 [INFO] [src.federated.client] - Client client_3: Starting local training for 3 epochs. Proximal term mu=0.0.
2025-06-24 06:22:02,965 [INFO] [src.federated.client] - Client client_3 - Epoch 1/3 completed. Average Loss: 0.0000
2025-06-24 06:22:02,975 [INFO] [src.federated.client] - Client client_3 - Epoch 2/3 completed. Average Loss: 0.0000
2025-06-24 06:22:02,985 [INFO] [src.federated.client] - Client client_3 - Epoch 3/3 completed. Average Loss: 0.0000
2025-06-24 06:22:02,986 [INFO] [src.federated.client] - Client client_3: Local training finished. Processed 480 samples.
2025-06-24 06:22:02,987 [INFO] [src.federated.client] - Client client_8: Starting local training for 3 epochs. Proximal term mu=0.0.
2025-06-24 06:22:03,000 [INFO] [src.federated.client] - Client client_8 - Epoch 1/3 completed. Average Loss: 0.0000
2025-06-24 06:22:03,010 [INFO] [src.federated.client] - Client client_8 - Epoch 2/3 completed. Average Loss: 0.0000
2025-06-24 06:22:03,021 [INFO] [src.federated.client] - Client client_8 - Epoch 3/3 completed. Average Loss: 0.0000
2025-06-24 06:22:03,022 [INFO] [src.federated.client] - Client client_8: Local training finished. Processed 480 samples.
2025-06-24 06:22:03,022 [INFO] [src.federated.server] - Aggregating updates from 10 clients using FedDive.
2025-06-24 06:22:03,022 [INFO] [src.federated.aggregation] - FedDive: Aggregating updates from 10 clients (momentum=0.9).
2025-06-24 06:22:03,023 [INFO] [src.federated.aggregation] - FedDive: Aggregation complete.
2025-06-24 06:22:03,024 [INFO] [src.federated.server] - Global model updated with aggregated parameters.
2025-06-24 06:22:03,024 [INFO] [src.federated.server] - Evaluating updated global model...
2025-06-24 06:22:03,029 [INFO] [src.federated.server] - Round 36 completed in 0.33s. Eval Metrics: {'loss': 8.779208495752755e-06, 'accuracy': 1.0}
2025-06-24 06:22:03,029 [INFO] [src.federated.server] - ===== Starting Round 37/40 =====
2025-06-24 06:22:03,030 [INFO] [src.federated.server] - Starting federated training round...
2025-06-24 06:22:03,030 [INFO] [src.federated.server] - Selected 10 clients out of 10 available (fraction=1.0, min_clients=1): ['client_8', 'client_0', 'client_1', 'client_9', 'client_5', 'client_7', 'client_6', 'client_4', 'client_3', 'client_2']
2025-06-24 06:22:03,031 [INFO] [src.federated.client] - Client client_8: Starting local training for 3 epochs. Proximal term mu=0.0.
2025-06-24 06:22:03,041 [INFO] [src.federated.client] - Client client_8 - Epoch 1/3 completed. Average Loss: 0.0000
2025-06-24 06:22:03,052 [INFO] [src.federated.client] - Client client_8 - Epoch 2/3 completed. Average Loss: 0.0000
2025-06-24 06:22:03,062 [INFO] [src.federated.client] - Client client_8 - Epoch 3/3 completed. Average Loss: 0.0000
2025-06-24 06:22:03,062 [INFO] [src.federated.client] - Client client_8: Local training finished. Processed 480 samples.
2025-06-24 06:22:03,063 [INFO] [src.federated.client] - Client client_0: Starting local training for 3 epochs. Proximal term mu=0.0.
2025-06-24 06:22:03,073 [INFO] [src.federated.client] - Client client_0 - Epoch 1/3 completed. Average Loss: 0.0000
2025-06-24 06:22:03,083 [INFO] [src.federated.client] - Client client_0 - Epoch 2/3 completed. Average Loss: 0.0000
2025-06-24 06:22:03,093 [INFO] [src.federated.client] - Client client_0 - Epoch 3/3 completed. Average Loss: 0.0000
2025-06-24 06:22:03,093 [INFO] [src.federated.client] - Client client_0: Local training finished. Processed 480 samples.
2025-06-24 06:22:03,094 [INFO] [src.federated.client] - Client client_1: Starting local training for 3 epochs. Proximal term mu=0.0.
2025-06-24 06:22:03,106 [INFO] [src.federated.client] - Client client_1 - Epoch 1/3 completed. Average Loss: 0.0000
2025-06-24 06:22:03,116 [INFO] [src.federated.client] - Client client_1 - Epoch 2/3 completed. Average Loss: 0.0000
2025-06-24 06:22:03,126 [INFO] [src.federated.client] - Client client_1 - Epoch 3/3 completed. Average Loss: 0.0000
2025-06-24 06:22:03,127 [INFO] [src.federated.client] - Client client_1: Local training finished. Processed 480 samples.
2025-06-24 06:22:03,127 [INFO] [src.federated.client] - Client client_9: Starting local training for 3 epochs. Proximal term mu=0.0.
2025-06-24 06:22:03,138 [INFO] [src.federated.client] - Client client_9 - Epoch 1/3 completed. Average Loss: 0.0002
2025-06-24 06:22:03,148 [INFO] [src.federated.client] - Client client_9 - Epoch 2/3 completed. Average Loss: 0.0002
2025-06-24 06:22:03,157 [INFO] [src.federated.client] - Client client_9 - Epoch 3/3 completed. Average Loss: 0.0002
2025-06-24 06:22:03,158 [INFO] [src.federated.client] - Client client_9: Local training finished. Processed 480 samples.
2025-06-24 06:22:03,159 [INFO] [src.federated.client] - Client client_5: Starting local training for 3 epochs. Proximal term mu=0.0.
2025-06-24 06:22:03,171 [INFO] [src.federated.client] - Client client_5 - Epoch 1/3 completed. Average Loss: 0.0000
2025-06-24 06:22:03,182 [INFO] [src.federated.client] - Client client_5 - Epoch 2/3 completed. Average Loss: 0.0000
2025-06-24 06:22:03,194 [INFO] [src.federated.client] - Client client_5 - Epoch 3/3 completed. Average Loss: 0.0000
2025-06-24 06:22:03,195 [INFO] [src.federated.client] - Client client_5: Local training finished. Processed 480 samples.
2025-06-24 06:22:03,195 [INFO] [src.federated.client] - Client client_7: Starting local training for 3 epochs. Proximal term mu=0.0.
2025-06-24 06:22:03,207 [INFO] [src.federated.client] - Client client_7 - Epoch 1/3 completed. Average Loss: 0.0000
2025-06-24 06:22:03,217 [INFO] [src.federated.client] - Client client_7 - Epoch 2/3 completed. Average Loss: 0.0000
2025-06-24 06:22:03,228 [INFO] [src.federated.client] - Client client_7 - Epoch 3/3 completed. Average Loss: 0.0000
2025-06-24 06:22:03,229 [INFO] [src.federated.client] - Client client_7: Local training finished. Processed 480 samples.
2025-06-24 06:22:03,229 [INFO] [src.federated.client] - Client client_6: Starting local training for 3 epochs. Proximal term mu=0.0.
2025-06-24 06:22:03,240 [INFO] [src.federated.client] - Client client_6 - Epoch 1/3 completed. Average Loss: 0.0000
2025-06-24 06:22:03,251 [INFO] [src.federated.client] - Client client_6 - Epoch 2/3 completed. Average Loss: 0.0000
2025-06-24 06:22:03,261 [INFO] [src.federated.client] - Client client_6 - Epoch 3/3 completed. Average Loss: 0.0000
2025-06-24 06:22:03,262 [INFO] [src.federated.client] - Client client_6: Local training finished. Processed 480 samples.
2025-06-24 06:22:03,262 [INFO] [src.federated.client] - Client client_4: Starting local training for 3 epochs. Proximal term mu=0.0.
2025-06-24 06:22:03,272 [INFO] [src.federated.client] - Client client_4 - Epoch 1/3 completed. Average Loss: 0.0000
2025-06-24 06:22:03,281 [INFO] [src.federated.client] - Client client_4 - Epoch 2/3 completed. Average Loss: 0.0000
2025-06-24 06:22:03,291 [INFO] [src.federated.client] - Client client_4 - Epoch 3/3 completed. Average Loss: 0.0000
2025-06-24 06:22:03,291 [INFO] [src.federated.client] - Client client_4: Local training finished. Processed 480 samples.
2025-06-24 06:22:03,292 [INFO] [src.federated.client] - Client client_3: Starting local training for 3 epochs. Proximal term mu=0.0.
2025-06-24 06:22:03,302 [INFO] [src.federated.client] - Client client_3 - Epoch 1/3 completed. Average Loss: 0.0000
2025-06-24 06:22:03,312 [INFO] [src.federated.client] - Client client_3 - Epoch 2/3 completed. Average Loss: 0.0000
2025-06-24 06:22:03,321 [INFO] [src.federated.client] - Client client_3 - Epoch 3/3 completed. Average Loss: 0.0000
2025-06-24 06:22:03,322 [INFO] [src.federated.client] - Client client_3: Local training finished. Processed 480 samples.
2025-06-24 06:22:03,323 [INFO] [src.federated.client] - Client client_2: Starting local training for 3 epochs. Proximal term mu=0.0.
2025-06-24 06:22:03,333 [INFO] [src.federated.client] - Client client_2 - Epoch 1/3 completed. Average Loss: 0.0015
2025-06-24 06:22:03,343 [INFO] [src.federated.client] - Client client_2 - Epoch 2/3 completed. Average Loss: 0.0001
2025-06-24 06:22:03,354 [INFO] [src.federated.client] - Client client_2 - Epoch 3/3 completed. Average Loss: 0.0000
2025-06-24 06:22:03,355 [INFO] [src.federated.client] - Client client_2: Local training finished. Processed 480 samples.
2025-06-24 06:22:03,355 [INFO] [src.federated.server] - Aggregating updates from 10 clients using FedDive.
2025-06-24 06:22:03,355 [INFO] [src.federated.aggregation] - FedDive: Aggregating updates from 10 clients (momentum=0.9).
2025-06-24 06:22:03,357 [INFO] [src.federated.aggregation] - FedDive: Aggregation complete.
2025-06-24 06:22:03,358 [INFO] [src.federated.server] - Global model updated with aggregated parameters.
2025-06-24 06:22:03,358 [INFO] [src.federated.server] - Evaluating updated global model...
2025-06-24 06:22:03,363 [INFO] [src.federated.server] - Round 37 completed in 0.33s. Eval Metrics: {'loss': 8.545443101866112e-06, 'accuracy': 1.0}
2025-06-24 06:22:03,363 [INFO] [src.federated.server] - ===== Starting Round 38/40 =====
2025-06-24 06:22:03,363 [INFO] [src.federated.server] - Starting federated training round...
2025-06-24 06:22:03,363 [INFO] [src.federated.server] - Selected 10 clients out of 10 available (fraction=1.0, min_clients=1): ['client_2', 'client_0', 'client_4', 'client_9', 'client_8', 'client_6', 'client_1', 'client_7', 'client_5', 'client_3']
2025-06-24 06:22:03,364 [INFO] [src.federated.client] - Client client_2: Starting local training for 3 epochs. Proximal term mu=0.0.
2025-06-24 06:22:03,375 [INFO] [src.federated.client] - Client client_2 - Epoch 1/3 completed. Average Loss: 0.0011
2025-06-24 06:22:03,385 [INFO] [src.federated.client] - Client client_2 - Epoch 2/3 completed. Average Loss: 0.0001
2025-06-24 06:22:03,395 [INFO] [src.federated.client] - Client client_2 - Epoch 3/3 completed. Average Loss: 0.0000
2025-06-24 06:22:03,395 [INFO] [src.federated.client] - Client client_2: Local training finished. Processed 480 samples.
2025-06-24 06:22:03,396 [INFO] [src.federated.client] - Client client_0: Starting local training for 3 epochs. Proximal term mu=0.0.
2025-06-24 06:22:03,407 [INFO] [src.federated.client] - Client client_0 - Epoch 1/3 completed. Average Loss: 0.0000
2025-06-24 06:22:03,417 [INFO] [src.federated.client] - Client client_0 - Epoch 2/3 completed. Average Loss: 0.0000
2025-06-24 06:22:03,426 [INFO] [src.federated.client] - Client client_0 - Epoch 3/3 completed. Average Loss: 0.0000
2025-06-24 06:22:03,426 [INFO] [src.federated.client] - Client client_0: Local training finished. Processed 480 samples.
2025-06-24 06:22:03,427 [INFO] [src.federated.client] - Client client_4: Starting local training for 3 epochs. Proximal term mu=0.0.
2025-06-24 06:22:03,436 [INFO] [src.federated.client] - Client client_4 - Epoch 1/3 completed. Average Loss: 0.0000
2025-06-24 06:22:03,446 [INFO] [src.federated.client] - Client client_4 - Epoch 2/3 completed. Average Loss: 0.0000
2025-06-24 06:22:03,457 [INFO] [src.federated.client] - Client client_4 - Epoch 3/3 completed. Average Loss: 0.0000
2025-06-24 06:22:03,457 [INFO] [src.federated.client] - Client client_4: Local training finished. Processed 480 samples.
2025-06-24 06:22:03,458 [INFO] [src.federated.client] - Client client_9: Starting local training for 3 epochs. Proximal term mu=0.0.
2025-06-24 06:22:03,469 [INFO] [src.federated.client] - Client client_9 - Epoch 1/3 completed. Average Loss: 0.0002
2025-06-24 06:22:03,480 [INFO] [src.federated.client] - Client client_9 - Epoch 2/3 completed. Average Loss: 0.0002
2025-06-24 06:22:03,490 [INFO] [src.federated.client] - Client client_9 - Epoch 3/3 completed. Average Loss: 0.0001
2025-06-24 06:22:03,491 [INFO] [src.federated.client] - Client client_9: Local training finished. Processed 480 samples.
2025-06-24 06:22:03,491 [INFO] [src.federated.client] - Client client_8: Starting local training for 3 epochs. Proximal term mu=0.0.
2025-06-24 06:22:03,502 [INFO] [src.federated.client] - Client client_8 - Epoch 1/3 completed. Average Loss: 0.0000
2025-06-24 06:22:03,513 [INFO] [src.federated.client] - Client client_8 - Epoch 2/3 completed. Average Loss: 0.0000
2025-06-24 06:22:03,522 [INFO] [src.federated.client] - Client client_8 - Epoch 3/3 completed. Average Loss: 0.0000
2025-06-24 06:22:03,522 [INFO] [src.federated.client] - Client client_8: Local training finished. Processed 480 samples.
2025-06-24 06:22:03,523 [INFO] [src.federated.client] - Client client_6: Starting local training for 3 epochs. Proximal term mu=0.0.
2025-06-24 06:22:03,533 [INFO] [src.federated.client] - Client client_6 - Epoch 1/3 completed. Average Loss: 0.0000
2025-06-24 06:22:03,544 [INFO] [src.federated.client] - Client client_6 - Epoch 2/3 completed. Average Loss: 0.0000
2025-06-24 06:22:03,553 [INFO] [src.federated.client] - Client client_6 - Epoch 3/3 completed. Average Loss: 0.0000
2025-06-24 06:22:03,554 [INFO] [src.federated.client] - Client client_6: Local training finished. Processed 480 samples.
2025-06-24 06:22:03,554 [INFO] [src.federated.client] - Client client_1: Starting local training for 3 epochs. Proximal term mu=0.0.
2025-06-24 06:22:03,564 [INFO] [src.federated.client] - Client client_1 - Epoch 1/3 completed. Average Loss: 0.0000
2025-06-24 06:22:03,574 [INFO] [src.federated.client] - Client client_1 - Epoch 2/3 completed. Average Loss: 0.0000
2025-06-24 06:22:03,585 [INFO] [src.federated.client] - Client client_1 - Epoch 3/3 completed. Average Loss: 0.0000
2025-06-24 06:22:03,585 [INFO] [src.federated.client] - Client client_1: Local training finished. Processed 480 samples.
2025-06-24 06:22:03,586 [INFO] [src.federated.client] - Client client_7: Starting local training for 3 epochs. Proximal term mu=0.0.
2025-06-24 06:22:03,597 [INFO] [src.federated.client] - Client client_7 - Epoch 1/3 completed. Average Loss: 0.0000
2025-06-24 06:22:03,608 [INFO] [src.federated.client] - Client client_7 - Epoch 2/3 completed. Average Loss: 0.0000
2025-06-24 06:22:03,618 [INFO] [src.federated.client] - Client client_7 - Epoch 3/3 completed. Average Loss: 0.0000
2025-06-24 06:22:03,618 [INFO] [src.federated.client] - Client client_7: Local training finished. Processed 480 samples.
2025-06-24 06:22:03,619 [INFO] [src.federated.client] - Client client_5: Starting local training for 3 epochs. Proximal term mu=0.0.
2025-06-24 06:22:03,629 [INFO] [src.federated.client] - Client client_5 - Epoch 1/3 completed. Average Loss: 0.0000
2025-06-24 06:22:03,639 [INFO] [src.federated.client] - Client client_5 - Epoch 2/3 completed. Average Loss: 0.0000
2025-06-24 06:22:03,650 [INFO] [src.federated.client] - Client client_5 - Epoch 3/3 completed. Average Loss: 0.0000
2025-06-24 06:22:03,650 [INFO] [src.federated.client] - Client client_5: Local training finished. Processed 480 samples.
2025-06-24 06:22:03,651 [INFO] [src.federated.client] - Client client_3: Starting local training for 3 epochs. Proximal term mu=0.0.
2025-06-24 06:22:03,660 [INFO] [src.federated.client] - Client client_3 - Epoch 1/3 completed. Average Loss: 0.0000
2025-06-24 06:22:03,671 [INFO] [src.federated.client] - Client client_3 - Epoch 2/3 completed. Average Loss: 0.0000
2025-06-24 06:22:03,680 [INFO] [src.federated.client] - Client client_3 - Epoch 3/3 completed. Average Loss: 0.0000
2025-06-24 06:22:03,681 [INFO] [src.federated.client] - Client client_3: Local training finished. Processed 480 samples.
2025-06-24 06:22:03,681 [INFO] [src.federated.server] - Aggregating updates from 10 clients using FedDive.
2025-06-24 06:22:03,681 [INFO] [src.federated.aggregation] - FedDive: Aggregating updates from 10 clients (momentum=0.9).
2025-06-24 06:22:03,683 [INFO] [src.federated.aggregation] - FedDive: Aggregation complete.
2025-06-24 06:22:03,683 [INFO] [src.federated.server] - Global model updated with aggregated parameters.
2025-06-24 06:22:03,683 [INFO] [src.federated.server] - Evaluating updated global model...
2025-06-24 06:22:03,688 [INFO] [src.federated.server] - Round 38 completed in 0.32s. Eval Metrics: {'loss': 8.71261966608472e-06, 'accuracy': 1.0}
2025-06-24 06:22:03,688 [INFO] [src.federated.server] - ===== Starting Round 39/40 =====
2025-06-24 06:22:03,688 [INFO] [src.federated.server] - Starting federated training round...
2025-06-24 06:22:03,688 [INFO] [src.federated.server] - Selected 10 clients out of 10 available (fraction=1.0, min_clients=1): ['client_5', 'client_8', 'client_6', 'client_4', 'client_9', 'client_1', 'client_7', 'client_0', 'client_2', 'client_3']
2025-06-24 06:22:03,689 [INFO] [src.federated.client] - Client client_5: Starting local training for 3 epochs. Proximal term mu=0.0.
2025-06-24 06:22:03,701 [INFO] [src.federated.client] - Client client_5 - Epoch 1/3 completed. Average Loss: 0.0000
2025-06-24 06:22:03,710 [INFO] [src.federated.client] - Client client_5 - Epoch 2/3 completed. Average Loss: 0.0000
2025-06-24 06:22:03,722 [INFO] [src.federated.client] - Client client_5 - Epoch 3/3 completed. Average Loss: 0.0000
2025-06-24 06:22:03,722 [INFO] [src.federated.client] - Client client_5: Local training finished. Processed 480 samples.
2025-06-24 06:22:03,723 [INFO] [src.federated.client] - Client client_8: Starting local training for 3 epochs. Proximal term mu=0.0.
2025-06-24 06:22:03,732 [INFO] [src.federated.client] - Client client_8 - Epoch 1/3 completed. Average Loss: 0.0000
2025-06-24 06:22:03,742 [INFO] [src.federated.client] - Client client_8 - Epoch 2/3 completed. Average Loss: 0.0000
2025-06-24 06:22:03,752 [INFO] [src.federated.client] - Client client_8 - Epoch 3/3 completed. Average Loss: 0.0000
2025-06-24 06:22:03,752 [INFO] [src.federated.client] - Client client_8: Local training finished. Processed 480 samples.
2025-06-24 06:22:03,753 [INFO] [src.federated.client] - Client client_6: Starting local training for 3 epochs. Proximal term mu=0.0.
2025-06-24 06:22:03,762 [INFO] [src.federated.client] - Client client_6 - Epoch 1/3 completed. Average Loss: 0.0000
2025-06-24 06:22:03,772 [INFO] [src.federated.client] - Client client_6 - Epoch 2/3 completed. Average Loss: 0.0000
2025-06-24 06:22:03,783 [INFO] [src.federated.client] - Client client_6 - Epoch 3/3 completed. Average Loss: 0.0000
2025-06-24 06:22:03,783 [INFO] [src.federated.client] - Client client_6: Local training finished. Processed 480 samples.
2025-06-24 06:22:03,784 [INFO] [src.federated.client] - Client client_4: Starting local training for 3 epochs. Proximal term mu=0.0.
2025-06-24 06:22:03,793 [INFO] [src.federated.client] - Client client_4 - Epoch 1/3 completed. Average Loss: 0.0000
2025-06-24 06:22:03,803 [INFO] [src.federated.client] - Client client_4 - Epoch 2/3 completed. Average Loss: 0.0000
2025-06-24 06:22:03,812 [INFO] [src.federated.client] - Client client_4 - Epoch 3/3 completed. Average Loss: 0.0000
2025-06-24 06:22:03,813 [INFO] [src.federated.client] - Client client_4: Local training finished. Processed 480 samples.
2025-06-24 06:22:03,813 [INFO] [src.federated.client] - Client client_9: Starting local training for 3 epochs. Proximal term mu=0.0.
2025-06-24 06:22:03,824 [INFO] [src.federated.client] - Client client_9 - Epoch 1/3 completed. Average Loss: 0.0002
2025-06-24 06:22:03,835 [INFO] [src.federated.client] - Client client_9 - Epoch 2/3 completed. Average Loss: 0.0002
2025-06-24 06:22:03,844 [INFO] [src.federated.client] - Client client_9 - Epoch 3/3 completed. Average Loss: 0.0001
2025-06-24 06:22:03,845 [INFO] [src.federated.client] - Client client_9: Local training finished. Processed 480 samples.
2025-06-24 06:22:03,845 [INFO] [src.federated.client] - Client client_1: Starting local training for 3 epochs. Proximal term mu=0.0.
2025-06-24 06:22:03,857 [INFO] [src.federated.client] - Client client_1 - Epoch 1/3 completed. Average Loss: 0.0000
2025-06-24 06:22:03,866 [INFO] [src.federated.client] - Client client_1 - Epoch 2/3 completed. Average Loss: 0.0000
2025-06-24 06:22:03,877 [INFO] [src.federated.client] - Client client_1 - Epoch 3/3 completed. Average Loss: 0.0000
2025-06-24 06:22:03,877 [INFO] [src.federated.client] - Client client_1: Local training finished. Processed 480 samples.
2025-06-24 06:22:03,878 [INFO] [src.federated.client] - Client client_7: Starting local training for 3 epochs. Proximal term mu=0.0.
2025-06-24 06:22:03,889 [INFO] [src.federated.client] - Client client_7 - Epoch 1/3 completed. Average Loss: 0.0000
2025-06-24 06:22:03,899 [INFO] [src.federated.client] - Client client_7 - Epoch 2/3 completed. Average Loss: 0.0000
2025-06-24 06:22:03,909 [INFO] [src.federated.client] - Client client_7 - Epoch 3/3 completed. Average Loss: 0.0000
2025-06-24 06:22:03,910 [INFO] [src.federated.client] - Client client_7: Local training finished. Processed 480 samples.
2025-06-24 06:22:03,911 [INFO] [src.federated.client] - Client client_0: Starting local training for 3 epochs. Proximal term mu=0.0.
2025-06-24 06:22:03,922 [INFO] [src.federated.client] - Client client_0 - Epoch 1/3 completed. Average Loss: 0.0000
2025-06-24 06:22:03,932 [INFO] [src.federated.client] - Client client_0 - Epoch 2/3 completed. Average Loss: 0.0000
2025-06-24 06:22:03,942 [INFO] [src.federated.client] - Client client_0 - Epoch 3/3 completed. Average Loss: 0.0000
2025-06-24 06:22:03,943 [INFO] [src.federated.client] - Client client_0: Local training finished. Processed 480 samples.
2025-06-24 06:22:03,943 [INFO] [src.federated.client] - Client client_2: Starting local training for 3 epochs. Proximal term mu=0.0.
2025-06-24 06:22:03,953 [INFO] [src.federated.client] - Client client_2 - Epoch 1/3 completed. Average Loss: 0.0017
2025-06-24 06:22:03,964 [INFO] [src.federated.client] - Client client_2 - Epoch 2/3 completed. Average Loss: 0.0000
2025-06-24 06:22:03,975 [INFO] [src.federated.client] - Client client_2 - Epoch 3/3 completed. Average Loss: 0.0000
2025-06-24 06:22:03,975 [INFO] [src.federated.client] - Client client_2: Local training finished. Processed 480 samples.
2025-06-24 06:22:03,976 [INFO] [src.federated.client] - Client client_3: Starting local training for 3 epochs. Proximal term mu=0.0.
2025-06-24 06:22:03,986 [INFO] [src.federated.client] - Client client_3 - Epoch 1/3 completed. Average Loss: 0.0000
2025-06-24 06:22:03,995 [INFO] [src.federated.client] - Client client_3 - Epoch 2/3 completed. Average Loss: 0.0000
2025-06-24 06:22:04,006 [INFO] [src.federated.client] - Client client_3 - Epoch 3/3 completed. Average Loss: 0.0000
2025-06-24 06:22:04,006 [INFO] [src.federated.client] - Client client_3: Local training finished. Processed 480 samples.
2025-06-24 06:22:04,007 [INFO] [src.federated.server] - Aggregating updates from 10 clients using FedDive.
2025-06-24 06:22:04,007 [INFO] [src.federated.aggregation] - FedDive: Aggregating updates from 10 clients (momentum=0.9).
2025-06-24 06:22:04,008 [INFO] [src.federated.aggregation] - FedDive: Aggregation complete.
2025-06-24 06:22:04,009 [INFO] [src.federated.server] - Global model updated with aggregated parameters.
2025-06-24 06:22:04,009 [INFO] [src.federated.server] - Evaluating updated global model...
2025-06-24 06:22:04,014 [INFO] [src.federated.server] - Round 39 completed in 0.33s. Eval Metrics: {'loss': 8.380536852996556e-06, 'accuracy': 1.0}
2025-06-24 06:22:04,014 [INFO] [src.federated.server] - ===== Starting Round 40/40 =====
2025-06-24 06:22:04,014 [INFO] [src.federated.server] - Starting federated training round...
2025-06-24 06:22:04,014 [INFO] [src.federated.server] - Selected 10 clients out of 10 available (fraction=1.0, min_clients=1): ['client_0', 'client_2', 'client_5', 'client_6', 'client_3', 'client_1', 'client_8', 'client_9', 'client_7', 'client_4']
2025-06-24 06:22:04,015 [INFO] [src.federated.client] - Client client_0: Starting local training for 3 epochs. Proximal term mu=0.0.
2025-06-24 06:22:04,025 [INFO] [src.federated.client] - Client client_0 - Epoch 1/3 completed. Average Loss: 0.0000
2025-06-24 06:22:04,035 [INFO] [src.federated.client] - Client client_0 - Epoch 2/3 completed. Average Loss: 0.0000
2025-06-24 06:22:04,046 [INFO] [src.federated.client] - Client client_0 - Epoch 3/3 completed. Average Loss: 0.0000
2025-06-24 06:22:04,046 [INFO] [src.federated.client] - Client client_0: Local training finished. Processed 480 samples.
2025-06-24 06:22:04,047 [INFO] [src.federated.client] - Client client_2: Starting local training for 3 epochs. Proximal term mu=0.0.
2025-06-24 06:22:04,056 [INFO] [src.federated.client] - Client client_2 - Epoch 1/3 completed. Average Loss: 0.0017
2025-06-24 06:22:04,066 [INFO] [src.federated.client] - Client client_2 - Epoch 2/3 completed. Average Loss: 0.0001
2025-06-24 06:22:04,076 [INFO] [src.federated.client] - Client client_2 - Epoch 3/3 completed. Average Loss: 0.0000
2025-06-24 06:22:04,077 [INFO] [src.federated.client] - Client client_2: Local training finished. Processed 480 samples.
2025-06-24 06:22:04,077 [INFO] [src.federated.client] - Client client_5: Starting local training for 3 epochs. Proximal term mu=0.0.
2025-06-24 06:22:04,088 [INFO] [src.federated.client] - Client client_5 - Epoch 1/3 completed. Average Loss: 0.0000
2025-06-24 06:22:04,098 [INFO] [src.federated.client] - Client client_5 - Epoch 2/3 completed. Average Loss: 0.0000
2025-06-24 06:22:04,110 [INFO] [src.federated.client] - Client client_5 - Epoch 3/3 completed. Average Loss: 0.0000
2025-06-24 06:22:04,111 [INFO] [src.federated.client] - Client client_5: Local training finished. Processed 480 samples.
2025-06-24 06:22:04,111 [INFO] [src.federated.client] - Client client_6: Starting local training for 3 epochs. Proximal term mu=0.0.
2025-06-24 06:22:04,122 [INFO] [src.federated.client] - Client client_6 - Epoch 1/3 completed. Average Loss: 0.0000
2025-06-24 06:22:04,131 [INFO] [src.federated.client] - Client client_6 - Epoch 2/3 completed. Average Loss: 0.0000
2025-06-24 06:22:04,142 [INFO] [src.federated.client] - Client client_6 - Epoch 3/3 completed. Average Loss: 0.0000
2025-06-24 06:22:04,143 [INFO] [src.federated.client] - Client client_6: Local training finished. Processed 480 samples.
2025-06-24 06:22:04,144 [INFO] [src.federated.client] - Client client_3: Starting local training for 3 epochs. Proximal term mu=0.0.
2025-06-24 06:22:04,156 [INFO] [src.federated.client] - Client client_3 - Epoch 1/3 completed. Average Loss: 0.0000
2025-06-24 06:22:04,166 [INFO] [src.federated.client] - Client client_3 - Epoch 2/3 completed. Average Loss: 0.0000
2025-06-24 06:22:04,176 [INFO] [src.federated.client] - Client client_3 - Epoch 3/3 completed. Average Loss: 0.0000
2025-06-24 06:22:04,176 [INFO] [src.federated.client] - Client client_3: Local training finished. Processed 480 samples.
2025-06-24 06:22:04,177 [INFO] [src.federated.client] - Client client_1: Starting local training for 3 epochs. Proximal term mu=0.0.
2025-06-24 06:22:04,189 [INFO] [src.federated.client] - Client client_1 - Epoch 1/3 completed. Average Loss: 0.0000
2025-06-24 06:22:04,199 [INFO] [src.federated.client] - Client client_1 - Epoch 2/3 completed. Average Loss: 0.0000
2025-06-24 06:22:04,209 [INFO] [src.federated.client] - Client client_1 - Epoch 3/3 completed. Average Loss: 0.0000
2025-06-24 06:22:04,210 [INFO] [src.federated.client] - Client client_1: Local training finished. Processed 480 samples.
2025-06-24 06:22:04,210 [INFO] [src.federated.client] - Client client_8: Starting local training for 3 epochs. Proximal term mu=0.0.
2025-06-24 06:22:04,221 [INFO] [src.federated.client] - Client client_8 - Epoch 1/3 completed. Average Loss: 0.0000
2025-06-24 06:22:04,230 [INFO] [src.federated.client] - Client client_8 - Epoch 2/3 completed. Average Loss: 0.0000
2025-06-24 06:22:04,239 [INFO] [src.federated.client] - Client client_8 - Epoch 3/3 completed. Average Loss: 0.0000
2025-06-24 06:22:04,240 [INFO] [src.federated.client] - Client client_8: Local training finished. Processed 480 samples.
2025-06-24 06:22:04,240 [INFO] [src.federated.client] - Client client_9: Starting local training for 3 epochs. Proximal term mu=0.0.
2025-06-24 06:22:04,252 [INFO] [src.federated.client] - Client client_9 - Epoch 1/3 completed. Average Loss: 0.0002
2025-06-24 06:22:04,263 [INFO] [src.federated.client] - Client client_9 - Epoch 2/3 completed. Average Loss: 0.0001
2025-06-24 06:22:04,273 [INFO] [src.federated.client] - Client client_9 - Epoch 3/3 completed. Average Loss: 0.0001
2025-06-24 06:22:04,274 [INFO] [src.federated.client] - Client client_9: Local training finished. Processed 480 samples.
2025-06-24 06:22:04,274 [INFO] [src.federated.client] - Client client_7: Starting local training for 3 epochs. Proximal term mu=0.0.
2025-06-24 06:22:04,285 [INFO] [src.federated.client] - Client client_7 - Epoch 1/3 completed. Average Loss: 0.0000
2025-06-24 06:22:04,296 [INFO] [src.federated.client] - Client client_7 - Epoch 2/3 completed. Average Loss: 0.0000
2025-06-24 06:22:04,306 [INFO] [src.federated.client] - Client client_7 - Epoch 3/3 completed. Average Loss: 0.0000
2025-06-24 06:22:04,307 [INFO] [src.federated.client] - Client client_7: Local training finished. Processed 480 samples.
2025-06-24 06:22:04,308 [INFO] [src.federated.client] - Client client_4: Starting local training for 3 epochs. Proximal term mu=0.0.
2025-06-24 06:22:04,319 [INFO] [src.federated.client] - Client client_4 - Epoch 1/3 completed. Average Loss: 0.0000
2025-06-24 06:22:04,329 [INFO] [src.federated.client] - Client client_4 - Epoch 2/3 completed. Average Loss: 0.0000
2025-06-24 06:22:04,340 [INFO] [src.federated.client] - Client client_4 - Epoch 3/3 completed. Average Loss: 0.0000
2025-06-24 06:22:04,341 [INFO] [src.federated.client] - Client client_4: Local training finished. Processed 480 samples.
2025-06-24 06:22:04,341 [INFO] [src.federated.server] - Aggregating updates from 10 clients using FedDive.
2025-06-24 06:22:04,341 [INFO] [src.federated.aggregation] - FedDive: Aggregating updates from 10 clients (momentum=0.9).
2025-06-24 06:22:04,343 [INFO] [src.federated.aggregation] - FedDive: Aggregation complete.
2025-06-24 06:22:04,344 [INFO] [src.federated.server] - Global model updated with aggregated parameters.
2025-06-24 06:22:04,344 [INFO] [src.federated.server] - Evaluating updated global model...
2025-06-24 06:22:04,348 [INFO] [src.federated.server] - Round 40 completed in 0.33s. Eval Metrics: {'loss': 8.099211702301546e-06, 'accuracy': 1.0}
2025-06-24 06:22:04,349 [INFO] [src.federated.server] - Federated training process completed after 40 rounds.
2025-06-24 06:22:04,349 [INFO] [PaperExperimentRunner] - Finished 'Synthetic_Pathological_FEDDIVE'. Final Accuracy: 1.0000
2025-06-24 06:22:04,353 [INFO] [PaperExperimentRunner] - Full results saved to /home/dhanraj/quantum_federated_simulator/experiments_paper/results/results_pathological_20250624-062204.json
2025-06-24 06:22:04,356 [INFO] [PaperExperimentRunner] - Summary CSV saved to /home/dhanraj/quantum_federated_simulator/experiments_paper/results/summary_pathological_20250624-062204.csv
2025-06-24 06:22:04,356 [INFO] [PaperExperimentRunner] - Plotting can be done using the saved JSON/CSV files.
