2025-06-24 06:13:16,352 [INFO] [PaperExperimentRunner] - Starting scenario: 'iid'. Total experiments to run: 2
2025-06-24 06:13:16,352 [INFO] [PaperExperimentRunner] - --- Setting up: Digits_IID_FEDAVG ---
2025-06-24 06:13:17,657 [INFO] [src.utils.data_utils] - Set all random seeds to 42
2025-06-24 06:13:17,657 [INFO] [src.utils.data_utils] - Loading dataset: digits, PCA features=None, Scaling=standard, Subset size=None
2025-06-24 06:13:17,657 [INFO] [src.utils.data_utils] - Set all random seeds to 42
2025-06-24 06:13:17,677 [INFO] [src.utils.data_utils] - Data preparation complete. Train size: 1437, Test size: 360, Features/Channels: 64, Classes: 10
2025-06-24 06:13:17,680 [INFO] [src.federated.aggregation] - Creating aggregation strategy of type: fedavg
2025-06-24 06:13:17,954 [INFO] [src.federated.server] - Federated server initialized on device 'cuda' with aggregation strategy: FedAvg
2025-06-24 06:13:17,955 [INFO] [src.federated.client] - Client client_0 initialized on device 'cuda' with 143 samples.
2025-06-24 06:13:17,955 [INFO] [src.federated.server] - Registered client 'client_0'. Total clients: 1.
2025-06-24 06:13:17,956 [INFO] [src.federated.client] - Client client_1 initialized on device 'cuda' with 143 samples.
2025-06-24 06:13:17,956 [INFO] [src.federated.server] - Registered client 'client_1'. Total clients: 2.
2025-06-24 06:13:17,957 [INFO] [src.federated.client] - Client client_2 initialized on device 'cuda' with 143 samples.
2025-06-24 06:13:17,957 [INFO] [src.federated.server] - Registered client 'client_2'. Total clients: 3.
2025-06-24 06:13:17,958 [INFO] [src.federated.client] - Client client_3 initialized on device 'cuda' with 143 samples.
2025-06-24 06:13:17,958 [INFO] [src.federated.server] - Registered client 'client_3'. Total clients: 4.
2025-06-24 06:13:17,959 [INFO] [src.federated.client] - Client client_4 initialized on device 'cuda' with 143 samples.
2025-06-24 06:13:17,959 [INFO] [src.federated.server] - Registered client 'client_4'. Total clients: 5.
2025-06-24 06:13:17,960 [INFO] [src.federated.client] - Client client_5 initialized on device 'cuda' with 143 samples.
2025-06-24 06:13:17,960 [INFO] [src.federated.server] - Registered client 'client_5'. Total clients: 6.
2025-06-24 06:13:17,961 [INFO] [src.federated.client] - Client client_6 initialized on device 'cuda' with 143 samples.
2025-06-24 06:13:17,961 [INFO] [src.federated.server] - Registered client 'client_6'. Total clients: 7.
2025-06-24 06:13:17,962 [INFO] [src.federated.client] - Client client_7 initialized on device 'cuda' with 143 samples.
2025-06-24 06:13:17,962 [INFO] [src.federated.server] - Registered client 'client_7'. Total clients: 8.
2025-06-24 06:13:17,963 [INFO] [src.federated.client] - Client client_8 initialized on device 'cuda' with 143 samples.
2025-06-24 06:13:17,963 [INFO] [src.federated.server] - Registered client 'client_8'. Total clients: 9.
2025-06-24 06:13:17,963 [INFO] [src.federated.client] - Client client_9 initialized on device 'cuda' with 150 samples.
2025-06-24 06:13:17,964 [INFO] [src.federated.server] - Registered client 'client_9'. Total clients: 10.
2025-06-24 06:13:17,964 [INFO] [src.federated.server] - Starting federated training process for 30 rounds.
2025-06-24 06:13:17,964 [INFO] [src.federated.server] - Config: local_epochs=5, client_fraction=1.0, min_clients=1, FedProx mu=0.0
2025-06-24 06:13:17,964 [INFO] [src.federated.server] - Performing initial evaluation of global model...
2025-06-24 06:13:18,141 [INFO] [src.federated.server] - Initial Evaluation Metrics: {'loss': 2.3052327156066896, 'accuracy': 0.10833333333333334}
2025-06-24 06:13:18,141 [INFO] [src.federated.server] - ===== Starting Round 1/30 =====
2025-06-24 06:13:18,141 [INFO] [src.federated.server] - Starting federated training round...
2025-06-24 06:13:18,141 [INFO] [src.federated.server] - Selected 10 clients out of 10 available (fraction=1.0, min_clients=1): ['client_1', 'client_0', 'client_4', 'client_9', 'client_6', 'client_5', 'client_8', 'client_2', 'client_3', 'client_7']
2025-06-24 06:13:18,142 [INFO] [src.federated.client] - Client client_1: Starting local training for 5 epochs. Proximal term mu=0.0.
2025-06-24 06:13:18,283 [INFO] [src.federated.client] - Client client_1 - Epoch 1/5 completed. Average Loss: 2.2814
2025-06-24 06:13:18,295 [INFO] [src.federated.client] - Client client_1 - Epoch 2/5 completed. Average Loss: 2.1824
2025-06-24 06:13:18,307 [INFO] [src.federated.client] - Client client_1 - Epoch 3/5 completed. Average Loss: 2.0813
2025-06-24 06:13:18,316 [INFO] [src.federated.client] - Client client_1 - Epoch 4/5 completed. Average Loss: 1.9627
2025-06-24 06:13:18,327 [INFO] [src.federated.client] - Client client_1 - Epoch 5/5 completed. Average Loss: 1.8212
2025-06-24 06:13:18,328 [INFO] [src.federated.client] - Client client_1: Local training finished. Processed 715 samples.
2025-06-24 06:13:18,329 [INFO] [src.federated.client] - Client client_0: Starting local training for 5 epochs. Proximal term mu=0.0.
2025-06-24 06:13:18,341 [INFO] [src.federated.client] - Client client_0 - Epoch 1/5 completed. Average Loss: 2.2797
2025-06-24 06:13:18,352 [INFO] [src.federated.client] - Client client_0 - Epoch 2/5 completed. Average Loss: 2.1716
2025-06-24 06:13:18,362 [INFO] [src.federated.client] - Client client_0 - Epoch 3/5 completed. Average Loss: 2.0605
2025-06-24 06:13:18,372 [INFO] [src.federated.client] - Client client_0 - Epoch 4/5 completed. Average Loss: 1.9270
2025-06-24 06:13:18,382 [INFO] [src.federated.client] - Client client_0 - Epoch 5/5 completed. Average Loss: 1.7711
2025-06-24 06:13:18,383 [INFO] [src.federated.client] - Client client_0: Local training finished. Processed 715 samples.
2025-06-24 06:13:18,383 [INFO] [src.federated.client] - Client client_4: Starting local training for 5 epochs. Proximal term mu=0.0.
2025-06-24 06:13:18,395 [INFO] [src.federated.client] - Client client_4 - Epoch 1/5 completed. Average Loss: 2.2767
2025-06-24 06:13:18,404 [INFO] [src.federated.client] - Client client_4 - Epoch 2/5 completed. Average Loss: 2.1671
2025-06-24 06:13:18,414 [INFO] [src.federated.client] - Client client_4 - Epoch 3/5 completed. Average Loss: 2.0631
2025-06-24 06:13:18,424 [INFO] [src.federated.client] - Client client_4 - Epoch 4/5 completed. Average Loss: 1.9433
2025-06-24 06:13:18,434 [INFO] [src.federated.client] - Client client_4 - Epoch 5/5 completed. Average Loss: 1.8064
2025-06-24 06:13:18,435 [INFO] [src.federated.client] - Client client_4: Local training finished. Processed 715 samples.
2025-06-24 06:13:18,435 [INFO] [src.federated.client] - Client client_9: Starting local training for 5 epochs. Proximal term mu=0.0.
2025-06-24 06:13:18,446 [INFO] [src.federated.client] - Client client_9 - Epoch 1/5 completed. Average Loss: 2.2734
2025-06-24 06:13:18,456 [INFO] [src.federated.client] - Client client_9 - Epoch 2/5 completed. Average Loss: 2.1619
2025-06-24 06:13:18,466 [INFO] [src.federated.client] - Client client_9 - Epoch 3/5 completed. Average Loss: 2.0483
2025-06-24 06:13:18,477 [INFO] [src.federated.client] - Client client_9 - Epoch 4/5 completed. Average Loss: 1.9182
2025-06-24 06:13:18,487 [INFO] [src.federated.client] - Client client_9 - Epoch 5/5 completed. Average Loss: 1.7602
2025-06-24 06:13:18,489 [INFO] [src.federated.client] - Client client_9: Local training finished. Processed 750 samples.
2025-06-24 06:13:18,489 [INFO] [src.federated.client] - Client client_6: Starting local training for 5 epochs. Proximal term mu=0.0.
2025-06-24 06:13:18,501 [INFO] [src.federated.client] - Client client_6 - Epoch 1/5 completed. Average Loss: 2.2809
2025-06-24 06:13:18,512 [INFO] [src.federated.client] - Client client_6 - Epoch 2/5 completed. Average Loss: 2.1772
2025-06-24 06:13:18,523 [INFO] [src.federated.client] - Client client_6 - Epoch 3/5 completed. Average Loss: 2.0727
2025-06-24 06:13:18,534 [INFO] [src.federated.client] - Client client_6 - Epoch 4/5 completed. Average Loss: 1.9520
2025-06-24 06:13:18,546 [INFO] [src.federated.client] - Client client_6 - Epoch 5/5 completed. Average Loss: 1.8062
2025-06-24 06:13:18,547 [INFO] [src.federated.client] - Client client_6: Local training finished. Processed 715 samples.
2025-06-24 06:13:18,548 [INFO] [src.federated.client] - Client client_5: Starting local training for 5 epochs. Proximal term mu=0.0.
2025-06-24 06:13:18,559 [INFO] [src.federated.client] - Client client_5 - Epoch 1/5 completed. Average Loss: 2.2881
2025-06-24 06:13:18,569 [INFO] [src.federated.client] - Client client_5 - Epoch 2/5 completed. Average Loss: 2.1754
2025-06-24 06:13:18,579 [INFO] [src.federated.client] - Client client_5 - Epoch 3/5 completed. Average Loss: 2.0713
2025-06-24 06:13:18,589 [INFO] [src.federated.client] - Client client_5 - Epoch 4/5 completed. Average Loss: 1.9482
2025-06-24 06:13:18,599 [INFO] [src.federated.client] - Client client_5 - Epoch 5/5 completed. Average Loss: 1.8015
2025-06-24 06:13:18,601 [INFO] [src.federated.client] - Client client_5: Local training finished. Processed 715 samples.
2025-06-24 06:13:18,601 [INFO] [src.federated.client] - Client client_8: Starting local training for 5 epochs. Proximal term mu=0.0.
2025-06-24 06:13:18,611 [INFO] [src.federated.client] - Client client_8 - Epoch 1/5 completed. Average Loss: 2.2934
2025-06-24 06:13:18,621 [INFO] [src.federated.client] - Client client_8 - Epoch 2/5 completed. Average Loss: 2.1761
2025-06-24 06:13:18,631 [INFO] [src.federated.client] - Client client_8 - Epoch 3/5 completed. Average Loss: 2.0670
2025-06-24 06:13:18,641 [INFO] [src.federated.client] - Client client_8 - Epoch 4/5 completed. Average Loss: 1.9491
2025-06-24 06:13:18,653 [INFO] [src.federated.client] - Client client_8 - Epoch 5/5 completed. Average Loss: 1.8051
2025-06-24 06:13:18,655 [INFO] [src.federated.client] - Client client_8: Local training finished. Processed 715 samples.
2025-06-24 06:13:18,656 [INFO] [src.federated.client] - Client client_2: Starting local training for 5 epochs. Proximal term mu=0.0.
2025-06-24 06:13:18,668 [INFO] [src.federated.client] - Client client_2 - Epoch 1/5 completed. Average Loss: 2.2995
2025-06-24 06:13:18,677 [INFO] [src.federated.client] - Client client_2 - Epoch 2/5 completed. Average Loss: 2.2001
2025-06-24 06:13:18,687 [INFO] [src.federated.client] - Client client_2 - Epoch 3/5 completed. Average Loss: 2.1038
2025-06-24 06:13:18,697 [INFO] [src.federated.client] - Client client_2 - Epoch 4/5 completed. Average Loss: 1.9872
2025-06-24 06:13:18,706 [INFO] [src.federated.client] - Client client_2 - Epoch 5/5 completed. Average Loss: 1.8455
2025-06-24 06:13:18,707 [INFO] [src.federated.client] - Client client_2: Local training finished. Processed 715 samples.
2025-06-24 06:13:18,708 [INFO] [src.federated.client] - Client client_3: Starting local training for 5 epochs. Proximal term mu=0.0.
2025-06-24 06:13:18,718 [INFO] [src.federated.client] - Client client_3 - Epoch 1/5 completed. Average Loss: 2.2752
2025-06-24 06:13:18,728 [INFO] [src.federated.client] - Client client_3 - Epoch 2/5 completed. Average Loss: 2.1693
2025-06-24 06:13:18,739 [INFO] [src.federated.client] - Client client_3 - Epoch 3/5 completed. Average Loss: 2.0695
2025-06-24 06:13:18,748 [INFO] [src.federated.client] - Client client_3 - Epoch 4/5 completed. Average Loss: 1.9533
2025-06-24 06:13:18,759 [INFO] [src.federated.client] - Client client_3 - Epoch 5/5 completed. Average Loss: 1.8085
2025-06-24 06:13:18,760 [INFO] [src.federated.client] - Client client_3: Local training finished. Processed 715 samples.
2025-06-24 06:13:18,761 [INFO] [src.federated.client] - Client client_7: Starting local training for 5 epochs. Proximal term mu=0.0.
2025-06-24 06:13:18,772 [INFO] [src.federated.client] - Client client_7 - Epoch 1/5 completed. Average Loss: 2.2825
2025-06-24 06:13:18,784 [INFO] [src.federated.client] - Client client_7 - Epoch 2/5 completed. Average Loss: 2.1829
2025-06-24 06:13:18,794 [INFO] [src.federated.client] - Client client_7 - Epoch 3/5 completed. Average Loss: 2.0836
2025-06-24 06:13:18,805 [INFO] [src.federated.client] - Client client_7 - Epoch 4/5 completed. Average Loss: 1.9732
2025-06-24 06:13:18,817 [INFO] [src.federated.client] - Client client_7 - Epoch 5/5 completed. Average Loss: 1.8414
2025-06-24 06:13:18,818 [INFO] [src.federated.client] - Client client_7: Local training finished. Processed 715 samples.
2025-06-24 06:13:18,818 [INFO] [src.federated.server] - Aggregating updates from 10 clients using FedAvg.
2025-06-24 06:13:18,819 [INFO] [src.federated.aggregation] - FedAvg: Aggregating updates from 10 clients.
2025-06-24 06:13:18,820 [INFO] [src.federated.aggregation] - FedAvg: Aggregation complete.
2025-06-24 06:13:18,821 [INFO] [src.federated.server] - Global model updated with aggregated parameters.
2025-06-24 06:13:18,821 [INFO] [src.federated.server] - Evaluating updated global model...
2025-06-24 06:13:18,825 [INFO] [src.federated.server] - Round 1 completed in 0.68s. Eval Metrics: {'loss': 1.842801112598843, 'accuracy': 0.675}
2025-06-24 06:13:18,825 [INFO] [src.federated.server] - ===== Starting Round 2/30 =====
2025-06-24 06:13:18,825 [INFO] [src.federated.server] - Starting federated training round...
2025-06-24 06:13:18,825 [INFO] [src.federated.server] - Selected 10 clients out of 10 available (fraction=1.0, min_clients=1): ['client_0', 'client_9', 'client_1', 'client_7', 'client_6', 'client_4', 'client_8', 'client_2', 'client_3', 'client_5']
2025-06-24 06:13:18,826 [INFO] [src.federated.client] - Client client_0: Starting local training for 5 epochs. Proximal term mu=0.0.
2025-06-24 06:13:18,838 [INFO] [src.federated.client] - Client client_0 - Epoch 1/5 completed. Average Loss: 1.7573
2025-06-24 06:13:18,851 [INFO] [src.federated.client] - Client client_0 - Epoch 2/5 completed. Average Loss: 1.5589
2025-06-24 06:13:18,860 [INFO] [src.federated.client] - Client client_0 - Epoch 3/5 completed. Average Loss: 1.3517
2025-06-24 06:13:18,873 [INFO] [src.federated.client] - Client client_0 - Epoch 4/5 completed. Average Loss: 1.1433
2025-06-24 06:13:18,882 [INFO] [src.federated.client] - Client client_0 - Epoch 5/5 completed. Average Loss: 0.9472
2025-06-24 06:13:18,883 [INFO] [src.federated.client] - Client client_0: Local training finished. Processed 715 samples.
2025-06-24 06:13:18,883 [INFO] [src.federated.client] - Client client_9: Starting local training for 5 epochs. Proximal term mu=0.0.
2025-06-24 06:13:18,896 [INFO] [src.federated.client] - Client client_9 - Epoch 1/5 completed. Average Loss: 1.7764
2025-06-24 06:13:18,909 [INFO] [src.federated.client] - Client client_9 - Epoch 2/5 completed. Average Loss: 1.5696
2025-06-24 06:13:18,919 [INFO] [src.federated.client] - Client client_9 - Epoch 3/5 completed. Average Loss: 1.3494
2025-06-24 06:13:18,930 [INFO] [src.federated.client] - Client client_9 - Epoch 4/5 completed. Average Loss: 1.1140
2025-06-24 06:13:18,940 [INFO] [src.federated.client] - Client client_9 - Epoch 5/5 completed. Average Loss: 0.8949
2025-06-24 06:13:18,941 [INFO] [src.federated.client] - Client client_9: Local training finished. Processed 750 samples.
2025-06-24 06:13:18,941 [INFO] [src.federated.client] - Client client_1: Starting local training for 5 epochs. Proximal term mu=0.0.
2025-06-24 06:13:18,951 [INFO] [src.federated.client] - Client client_1 - Epoch 1/5 completed. Average Loss: 1.7811
2025-06-24 06:13:18,962 [INFO] [src.federated.client] - Client client_1 - Epoch 2/5 completed. Average Loss: 1.5878
2025-06-24 06:13:18,972 [INFO] [src.federated.client] - Client client_1 - Epoch 3/5 completed. Average Loss: 1.3730
2025-06-24 06:13:18,983 [INFO] [src.federated.client] - Client client_1 - Epoch 4/5 completed. Average Loss: 1.1511
2025-06-24 06:13:18,991 [INFO] [src.federated.client] - Client client_1 - Epoch 5/5 completed. Average Loss: 0.9420
2025-06-24 06:13:18,992 [INFO] [src.federated.client] - Client client_1: Local training finished. Processed 715 samples.
2025-06-24 06:13:18,993 [INFO] [src.federated.client] - Client client_7: Starting local training for 5 epochs. Proximal term mu=0.0.
2025-06-24 06:13:19,005 [INFO] [src.federated.client] - Client client_7 - Epoch 1/5 completed. Average Loss: 1.8057
2025-06-24 06:13:19,016 [INFO] [src.federated.client] - Client client_7 - Epoch 2/5 completed. Average Loss: 1.6316
2025-06-24 06:13:19,027 [INFO] [src.federated.client] - Client client_7 - Epoch 3/5 completed. Average Loss: 1.4396
2025-06-24 06:13:19,039 [INFO] [src.federated.client] - Client client_7 - Epoch 4/5 completed. Average Loss: 1.2443
2025-06-24 06:13:19,048 [INFO] [src.federated.client] - Client client_7 - Epoch 5/5 completed. Average Loss: 1.0546
2025-06-24 06:13:19,049 [INFO] [src.federated.client] - Client client_7: Local training finished. Processed 715 samples.
2025-06-24 06:13:19,049 [INFO] [src.federated.client] - Client client_6: Starting local training for 5 epochs. Proximal term mu=0.0.
2025-06-24 06:13:19,061 [INFO] [src.federated.client] - Client client_6 - Epoch 1/5 completed. Average Loss: 1.7710
2025-06-24 06:13:19,072 [INFO] [src.federated.client] - Client client_6 - Epoch 2/5 completed. Average Loss: 1.5799
2025-06-24 06:13:19,083 [INFO] [src.federated.client] - Client client_6 - Epoch 3/5 completed. Average Loss: 1.3709
2025-06-24 06:13:19,093 [INFO] [src.federated.client] - Client client_6 - Epoch 4/5 completed. Average Loss: 1.1635
2025-06-24 06:13:19,104 [INFO] [src.federated.client] - Client client_6 - Epoch 5/5 completed. Average Loss: 0.9544
2025-06-24 06:13:19,105 [INFO] [src.federated.client] - Client client_6: Local training finished. Processed 715 samples.
2025-06-24 06:13:19,106 [INFO] [src.federated.client] - Client client_4: Starting local training for 5 epochs. Proximal term mu=0.0.
2025-06-24 06:13:19,118 [INFO] [src.federated.client] - Client client_4 - Epoch 1/5 completed. Average Loss: 1.7721
2025-06-24 06:13:19,129 [INFO] [src.federated.client] - Client client_4 - Epoch 2/5 completed. Average Loss: 1.5902
2025-06-24 06:13:19,140 [INFO] [src.federated.client] - Client client_4 - Epoch 3/5 completed. Average Loss: 1.3917
2025-06-24 06:13:19,152 [INFO] [src.federated.client] - Client client_4 - Epoch 4/5 completed. Average Loss: 1.1849
2025-06-24 06:13:19,163 [INFO] [src.federated.client] - Client client_4 - Epoch 5/5 completed. Average Loss: 0.9826
2025-06-24 06:13:19,164 [INFO] [src.federated.client] - Client client_4: Local training finished. Processed 715 samples.
2025-06-24 06:13:19,165 [INFO] [src.federated.client] - Client client_8: Starting local training for 5 epochs. Proximal term mu=0.0.
2025-06-24 06:13:19,175 [INFO] [src.federated.client] - Client client_8 - Epoch 1/5 completed. Average Loss: 1.7784
2025-06-24 06:13:19,186 [INFO] [src.federated.client] - Client client_8 - Epoch 2/5 completed. Average Loss: 1.5820
2025-06-24 06:13:19,195 [INFO] [src.federated.client] - Client client_8 - Epoch 3/5 completed. Average Loss: 1.3729
2025-06-24 06:13:19,206 [INFO] [src.federated.client] - Client client_8 - Epoch 4/5 completed. Average Loss: 1.1546
2025-06-24 06:13:19,216 [INFO] [src.federated.client] - Client client_8 - Epoch 5/5 completed. Average Loss: 0.9453
2025-06-24 06:13:19,217 [INFO] [src.federated.client] - Client client_8: Local training finished. Processed 715 samples.
2025-06-24 06:13:19,217 [INFO] [src.federated.client] - Client client_2: Starting local training for 5 epochs. Proximal term mu=0.0.
2025-06-24 06:13:19,227 [INFO] [src.federated.client] - Client client_2 - Epoch 1/5 completed. Average Loss: 1.7903
2025-06-24 06:13:19,236 [INFO] [src.federated.client] - Client client_2 - Epoch 2/5 completed. Average Loss: 1.6034
2025-06-24 06:13:19,245 [INFO] [src.federated.client] - Client client_2 - Epoch 3/5 completed. Average Loss: 1.3961
2025-06-24 06:13:19,255 [INFO] [src.federated.client] - Client client_2 - Epoch 4/5 completed. Average Loss: 1.1821
2025-06-24 06:13:19,267 [INFO] [src.federated.client] - Client client_2 - Epoch 5/5 completed. Average Loss: 0.9710
2025-06-24 06:13:19,268 [INFO] [src.federated.client] - Client client_2: Local training finished. Processed 715 samples.
2025-06-24 06:13:19,269 [INFO] [src.federated.client] - Client client_3: Starting local training for 5 epochs. Proximal term mu=0.0.
2025-06-24 06:13:19,280 [INFO] [src.federated.client] - Client client_3 - Epoch 1/5 completed. Average Loss: 1.7863
2025-06-24 06:13:19,290 [INFO] [src.federated.client] - Client client_3 - Epoch 2/5 completed. Average Loss: 1.5978
2025-06-24 06:13:19,302 [INFO] [src.federated.client] - Client client_3 - Epoch 3/5 completed. Average Loss: 1.3988
2025-06-24 06:13:19,312 [INFO] [src.federated.client] - Client client_3 - Epoch 4/5 completed. Average Loss: 1.2028
2025-06-24 06:13:19,322 [INFO] [src.federated.client] - Client client_3 - Epoch 5/5 completed. Average Loss: 1.0110
2025-06-24 06:13:19,323 [INFO] [src.federated.client] - Client client_3: Local training finished. Processed 715 samples.
2025-06-24 06:13:19,323 [INFO] [src.federated.client] - Client client_5: Starting local training for 5 epochs. Proximal term mu=0.0.
2025-06-24 06:13:19,334 [INFO] [src.federated.client] - Client client_5 - Epoch 1/5 completed. Average Loss: 1.7639
2025-06-24 06:13:19,345 [INFO] [src.federated.client] - Client client_5 - Epoch 2/5 completed. Average Loss: 1.5724
2025-06-24 06:13:19,355 [INFO] [src.federated.client] - Client client_5 - Epoch 3/5 completed. Average Loss: 1.3722
2025-06-24 06:13:19,366 [INFO] [src.federated.client] - Client client_5 - Epoch 4/5 completed. Average Loss: 1.1691
2025-06-24 06:13:19,378 [INFO] [src.federated.client] - Client client_5 - Epoch 5/5 completed. Average Loss: 0.9758
2025-06-24 06:13:19,378 [INFO] [src.federated.client] - Client client_5: Local training finished. Processed 715 samples.
2025-06-24 06:13:19,379 [INFO] [src.federated.server] - Aggregating updates from 10 clients using FedAvg.
2025-06-24 06:13:19,379 [INFO] [src.federated.aggregation] - FedAvg: Aggregating updates from 10 clients.
2025-06-24 06:13:19,380 [INFO] [src.federated.aggregation] - FedAvg: Aggregation complete.
2025-06-24 06:13:19,380 [INFO] [src.federated.server] - Global model updated with aggregated parameters.
2025-06-24 06:13:19,381 [INFO] [src.federated.server] - Evaluating updated global model...
2025-06-24 06:13:19,384 [INFO] [src.federated.server] - Round 2 completed in 0.56s. Eval Metrics: {'loss': 1.0016636239157783, 'accuracy': 0.8166666666666667}
2025-06-24 06:13:19,385 [INFO] [src.federated.server] - ===== Starting Round 3/30 =====
2025-06-24 06:13:19,385 [INFO] [src.federated.server] - Starting federated training round...
2025-06-24 06:13:19,385 [INFO] [src.federated.server] - Selected 10 clients out of 10 available (fraction=1.0, min_clients=1): ['client_3', 'client_7', 'client_4', 'client_6', 'client_0', 'client_1', 'client_9', 'client_8', 'client_2', 'client_5']
2025-06-24 06:13:19,386 [INFO] [src.federated.client] - Client client_3: Starting local training for 5 epochs. Proximal term mu=0.0.
2025-06-24 06:13:19,397 [INFO] [src.federated.client] - Client client_3 - Epoch 1/5 completed. Average Loss: 0.9570
2025-06-24 06:13:19,408 [INFO] [src.federated.client] - Client client_3 - Epoch 2/5 completed. Average Loss: 0.7789
2025-06-24 06:13:19,418 [INFO] [src.federated.client] - Client client_3 - Epoch 3/5 completed. Average Loss: 0.6435
2025-06-24 06:13:19,429 [INFO] [src.federated.client] - Client client_3 - Epoch 4/5 completed. Average Loss: 0.5316
2025-06-24 06:13:19,439 [INFO] [src.federated.client] - Client client_3 - Epoch 5/5 completed. Average Loss: 0.4453
2025-06-24 06:13:19,440 [INFO] [src.federated.client] - Client client_3: Local training finished. Processed 715 samples.
2025-06-24 06:13:19,440 [INFO] [src.federated.client] - Client client_7: Starting local training for 5 epochs. Proximal term mu=0.0.
2025-06-24 06:13:19,450 [INFO] [src.federated.client] - Client client_7 - Epoch 1/5 completed. Average Loss: 0.9811
2025-06-24 06:13:19,462 [INFO] [src.federated.client] - Client client_7 - Epoch 2/5 completed. Average Loss: 0.8029
2025-06-24 06:13:19,473 [INFO] [src.federated.client] - Client client_7 - Epoch 3/5 completed. Average Loss: 0.6515
2025-06-24 06:13:19,485 [INFO] [src.federated.client] - Client client_7 - Epoch 4/5 completed. Average Loss: 0.5281
2025-06-24 06:13:19,496 [INFO] [src.federated.client] - Client client_7 - Epoch 5/5 completed. Average Loss: 0.4299
2025-06-24 06:13:19,496 [INFO] [src.federated.client] - Client client_7: Local training finished. Processed 715 samples.
2025-06-24 06:13:19,497 [INFO] [src.federated.client] - Client client_4: Starting local training for 5 epochs. Proximal term mu=0.0.
2025-06-24 06:13:19,508 [INFO] [src.federated.client] - Client client_4 - Epoch 1/5 completed. Average Loss: 0.8987
2025-06-24 06:13:19,520 [INFO] [src.federated.client] - Client client_4 - Epoch 2/5 completed. Average Loss: 0.7120
2025-06-24 06:13:19,530 [INFO] [src.federated.client] - Client client_4 - Epoch 3/5 completed. Average Loss: 0.5597
2025-06-24 06:13:19,542 [INFO] [src.federated.client] - Client client_4 - Epoch 4/5 completed. Average Loss: 0.4442
2025-06-24 06:13:19,552 [INFO] [src.federated.client] - Client client_4 - Epoch 5/5 completed. Average Loss: 0.3586
2025-06-24 06:13:19,553 [INFO] [src.federated.client] - Client client_4: Local training finished. Processed 715 samples.
2025-06-24 06:13:19,553 [INFO] [src.federated.client] - Client client_6: Starting local training for 5 epochs. Proximal term mu=0.0.
2025-06-24 06:13:19,563 [INFO] [src.federated.client] - Client client_6 - Epoch 1/5 completed. Average Loss: 0.8901
2025-06-24 06:13:19,573 [INFO] [src.federated.client] - Client client_6 - Epoch 2/5 completed. Average Loss: 0.7049
2025-06-24 06:13:19,582 [INFO] [src.federated.client] - Client client_6 - Epoch 3/5 completed. Average Loss: 0.5526
2025-06-24 06:13:19,592 [INFO] [src.federated.client] - Client client_6 - Epoch 4/5 completed. Average Loss: 0.4376
2025-06-24 06:13:19,603 [INFO] [src.federated.client] - Client client_6 - Epoch 5/5 completed. Average Loss: 0.3500
2025-06-24 06:13:19,604 [INFO] [src.federated.client] - Client client_6: Local training finished. Processed 715 samples.
2025-06-24 06:13:19,604 [INFO] [src.federated.client] - Client client_0: Starting local training for 5 epochs. Proximal term mu=0.0.
2025-06-24 06:13:19,614 [INFO] [src.federated.client] - Client client_0 - Epoch 1/5 completed. Average Loss: 0.8747
2025-06-24 06:13:19,625 [INFO] [src.federated.client] - Client client_0 - Epoch 2/5 completed. Average Loss: 0.6864
2025-06-24 06:13:19,635 [INFO] [src.federated.client] - Client client_0 - Epoch 3/5 completed. Average Loss: 0.5263
2025-06-24 06:13:19,647 [INFO] [src.federated.client] - Client client_0 - Epoch 4/5 completed. Average Loss: 0.4092
2025-06-24 06:13:19,658 [INFO] [src.federated.client] - Client client_0 - Epoch 5/5 completed. Average Loss: 0.3175
2025-06-24 06:13:19,658 [INFO] [src.federated.client] - Client client_0: Local training finished. Processed 715 samples.
2025-06-24 06:13:19,659 [INFO] [src.federated.client] - Client client_1: Starting local training for 5 epochs. Proximal term mu=0.0.
2025-06-24 06:13:19,669 [INFO] [src.federated.client] - Client client_1 - Epoch 1/5 completed. Average Loss: 0.8874
2025-06-24 06:13:19,678 [INFO] [src.federated.client] - Client client_1 - Epoch 2/5 completed. Average Loss: 0.6944
2025-06-24 06:13:19,689 [INFO] [src.federated.client] - Client client_1 - Epoch 3/5 completed. Average Loss: 0.5362
2025-06-24 06:13:19,699 [INFO] [src.federated.client] - Client client_1 - Epoch 4/5 completed. Average Loss: 0.4224
2025-06-24 06:13:19,711 [INFO] [src.federated.client] - Client client_1 - Epoch 5/5 completed. Average Loss: 0.3299
2025-06-24 06:13:19,712 [INFO] [src.federated.client] - Client client_1: Local training finished. Processed 715 samples.
2025-06-24 06:13:19,713 [INFO] [src.federated.client] - Client client_9: Starting local training for 5 epochs. Proximal term mu=0.0.
2025-06-24 06:13:19,722 [INFO] [src.federated.client] - Client client_9 - Epoch 1/5 completed. Average Loss: 0.8973
2025-06-24 06:13:19,734 [INFO] [src.federated.client] - Client client_9 - Epoch 2/5 completed. Average Loss: 0.6912
2025-06-24 06:13:19,745 [INFO] [src.federated.client] - Client client_9 - Epoch 3/5 completed. Average Loss: 0.5161
2025-06-24 06:13:19,756 [INFO] [src.federated.client] - Client client_9 - Epoch 4/5 completed. Average Loss: 0.3959
2025-06-24 06:13:19,768 [INFO] [src.federated.client] - Client client_9 - Epoch 5/5 completed. Average Loss: 0.3059
2025-06-24 06:13:19,769 [INFO] [src.federated.client] - Client client_9: Local training finished. Processed 750 samples.
2025-06-24 06:13:19,769 [INFO] [src.federated.client] - Client client_8: Starting local training for 5 epochs. Proximal term mu=0.0.
2025-06-24 06:13:19,780 [INFO] [src.federated.client] - Client client_8 - Epoch 1/5 completed. Average Loss: 0.9019
2025-06-24 06:13:19,791 [INFO] [src.federated.client] - Client client_8 - Epoch 2/5 completed. Average Loss: 0.7031
2025-06-24 06:13:19,802 [INFO] [src.federated.client] - Client client_8 - Epoch 3/5 completed. Average Loss: 0.5454
2025-06-24 06:13:19,813 [INFO] [src.federated.client] - Client client_8 - Epoch 4/5 completed. Average Loss: 0.4296
2025-06-24 06:13:19,824 [INFO] [src.federated.client] - Client client_8 - Epoch 5/5 completed. Average Loss: 0.3419
2025-06-24 06:13:19,825 [INFO] [src.federated.client] - Client client_8: Local training finished. Processed 715 samples.
2025-06-24 06:13:19,826 [INFO] [src.federated.client] - Client client_2: Starting local training for 5 epochs. Proximal term mu=0.0.
2025-06-24 06:13:19,837 [INFO] [src.federated.client] - Client client_2 - Epoch 1/5 completed. Average Loss: 0.9043
2025-06-24 06:13:19,848 [INFO] [src.federated.client] - Client client_2 - Epoch 2/5 completed. Average Loss: 0.7201
2025-06-24 06:13:19,858 [INFO] [src.federated.client] - Client client_2 - Epoch 3/5 completed. Average Loss: 0.5697
2025-06-24 06:13:19,868 [INFO] [src.federated.client] - Client client_2 - Epoch 4/5 completed. Average Loss: 0.4523
2025-06-24 06:13:19,878 [INFO] [src.federated.client] - Client client_2 - Epoch 5/5 completed. Average Loss: 0.3615
2025-06-24 06:13:19,879 [INFO] [src.federated.client] - Client client_2: Local training finished. Processed 715 samples.
2025-06-24 06:13:19,879 [INFO] [src.federated.client] - Client client_5: Starting local training for 5 epochs. Proximal term mu=0.0.
2025-06-24 06:13:19,890 [INFO] [src.federated.client] - Client client_5 - Epoch 1/5 completed. Average Loss: 0.9018
2025-06-24 06:13:19,900 [INFO] [src.federated.client] - Client client_5 - Epoch 2/5 completed. Average Loss: 0.7189
2025-06-24 06:13:19,911 [INFO] [src.federated.client] - Client client_5 - Epoch 3/5 completed. Average Loss: 0.5699
2025-06-24 06:13:19,923 [INFO] [src.federated.client] - Client client_5 - Epoch 4/5 completed. Average Loss: 0.4466
2025-06-24 06:13:19,934 [INFO] [src.federated.client] - Client client_5 - Epoch 5/5 completed. Average Loss: 0.3554
2025-06-24 06:13:19,935 [INFO] [src.federated.client] - Client client_5: Local training finished. Processed 715 samples.
2025-06-24 06:13:19,935 [INFO] [src.federated.server] - Aggregating updates from 10 clients using FedAvg.
2025-06-24 06:13:19,935 [INFO] [src.federated.aggregation] - FedAvg: Aggregating updates from 10 clients.
2025-06-24 06:13:19,936 [INFO] [src.federated.aggregation] - FedAvg: Aggregation complete.
2025-06-24 06:13:19,937 [INFO] [src.federated.server] - Global model updated with aggregated parameters.
2025-06-24 06:13:19,937 [INFO] [src.federated.server] - Evaluating updated global model...
2025-06-24 06:13:19,941 [INFO] [src.federated.server] - Round 3 completed in 0.56s. Eval Metrics: {'loss': 0.435934896601571, 'accuracy': 0.9138888888888889}
2025-06-24 06:13:19,942 [INFO] [src.federated.server] - ===== Starting Round 4/30 =====
2025-06-24 06:13:19,942 [INFO] [src.federated.server] - Starting federated training round...
2025-06-24 06:13:19,942 [INFO] [src.federated.server] - Selected 10 clients out of 10 available (fraction=1.0, min_clients=1): ['client_3', 'client_5', 'client_1', 'client_0', 'client_9', 'client_6', 'client_2', 'client_7', 'client_8', 'client_4']
2025-06-24 06:13:19,943 [INFO] [src.federated.client] - Client client_3: Starting local training for 5 epochs. Proximal term mu=0.0.
2025-06-24 06:13:19,954 [INFO] [src.federated.client] - Client client_3 - Epoch 1/5 completed. Average Loss: 0.4800
2025-06-24 06:13:19,964 [INFO] [src.federated.client] - Client client_3 - Epoch 2/5 completed. Average Loss: 0.4014
2025-06-24 06:13:19,976 [INFO] [src.federated.client] - Client client_3 - Epoch 3/5 completed. Average Loss: 0.3342
2025-06-24 06:13:19,987 [INFO] [src.federated.client] - Client client_3 - Epoch 4/5 completed. Average Loss: 0.2816
2025-06-24 06:13:19,996 [INFO] [src.federated.client] - Client client_3 - Epoch 5/5 completed. Average Loss: 0.2376
2025-06-24 06:13:19,997 [INFO] [src.federated.client] - Client client_3: Local training finished. Processed 715 samples.
2025-06-24 06:13:19,998 [INFO] [src.federated.client] - Client client_5: Starting local training for 5 epochs. Proximal term mu=0.0.
2025-06-24 06:13:20,009 [INFO] [src.federated.client] - Client client_5 - Epoch 1/5 completed. Average Loss: 0.3869
2025-06-24 06:13:20,019 [INFO] [src.federated.client] - Client client_5 - Epoch 2/5 completed. Average Loss: 0.3076
2025-06-24 06:13:20,030 [INFO] [src.federated.client] - Client client_5 - Epoch 3/5 completed. Average Loss: 0.2384
2025-06-24 06:13:20,040 [INFO] [src.federated.client] - Client client_5 - Epoch 4/5 completed. Average Loss: 0.1951
2025-06-24 06:13:20,050 [INFO] [src.federated.client] - Client client_5 - Epoch 5/5 completed. Average Loss: 0.1562
2025-06-24 06:13:20,051 [INFO] [src.federated.client] - Client client_5: Local training finished. Processed 715 samples.
2025-06-24 06:13:20,051 [INFO] [src.federated.client] - Client client_1: Starting local training for 5 epochs. Proximal term mu=0.0.
2025-06-24 06:13:20,062 [INFO] [src.federated.client] - Client client_1 - Epoch 1/5 completed. Average Loss: 0.3515
2025-06-24 06:13:20,073 [INFO] [src.federated.client] - Client client_1 - Epoch 2/5 completed. Average Loss: 0.2752
2025-06-24 06:13:20,083 [INFO] [src.federated.client] - Client client_1 - Epoch 3/5 completed. Average Loss: 0.2199
2025-06-24 06:13:20,095 [INFO] [src.federated.client] - Client client_1 - Epoch 4/5 completed. Average Loss: 0.1773
2025-06-24 06:13:20,108 [INFO] [src.federated.client] - Client client_1 - Epoch 5/5 completed. Average Loss: 0.1420
2025-06-24 06:13:20,108 [INFO] [src.federated.client] - Client client_1: Local training finished. Processed 715 samples.
2025-06-24 06:13:20,109 [INFO] [src.federated.client] - Client client_0: Starting local training for 5 epochs. Proximal term mu=0.0.
2025-06-24 06:13:20,121 [INFO] [src.federated.client] - Client client_0 - Epoch 1/5 completed. Average Loss: 0.3387
2025-06-24 06:13:20,134 [INFO] [src.federated.client] - Client client_0 - Epoch 2/5 completed. Average Loss: 0.2663
2025-06-24 06:13:20,145 [INFO] [src.federated.client] - Client client_0 - Epoch 3/5 completed. Average Loss: 0.2091
2025-06-24 06:13:20,155 [INFO] [src.federated.client] - Client client_0 - Epoch 4/5 completed. Average Loss: 0.1707
2025-06-24 06:13:20,167 [INFO] [src.federated.client] - Client client_0 - Epoch 5/5 completed. Average Loss: 0.1411
2025-06-24 06:13:20,167 [INFO] [src.federated.client] - Client client_0: Local training finished. Processed 715 samples.
2025-06-24 06:13:20,168 [INFO] [src.federated.client] - Client client_9: Starting local training for 5 epochs. Proximal term mu=0.0.
2025-06-24 06:13:20,179 [INFO] [src.federated.client] - Client client_9 - Epoch 1/5 completed. Average Loss: 0.3501
2025-06-24 06:13:20,189 [INFO] [src.federated.client] - Client client_9 - Epoch 2/5 completed. Average Loss: 0.2716
2025-06-24 06:13:20,201 [INFO] [src.federated.client] - Client client_9 - Epoch 3/5 completed. Average Loss: 0.2160
2025-06-24 06:13:20,213 [INFO] [src.federated.client] - Client client_9 - Epoch 4/5 completed. Average Loss: 0.1775
2025-06-24 06:13:20,225 [INFO] [src.federated.client] - Client client_9 - Epoch 5/5 completed. Average Loss: 0.1412
2025-06-24 06:13:20,225 [INFO] [src.federated.client] - Client client_9: Local training finished. Processed 750 samples.
2025-06-24 06:13:20,226 [INFO] [src.federated.client] - Client client_6: Starting local training for 5 epochs. Proximal term mu=0.0.
2025-06-24 06:13:20,237 [INFO] [src.federated.client] - Client client_6 - Epoch 1/5 completed. Average Loss: 0.3786
2025-06-24 06:13:20,248 [INFO] [src.federated.client] - Client client_6 - Epoch 2/5 completed. Average Loss: 0.3032
2025-06-24 06:13:20,259 [INFO] [src.federated.client] - Client client_6 - Epoch 3/5 completed. Average Loss: 0.2391
2025-06-24 06:13:20,270 [INFO] [src.federated.client] - Client client_6 - Epoch 4/5 completed. Average Loss: 0.1922
2025-06-24 06:13:20,281 [INFO] [src.federated.client] - Client client_6 - Epoch 5/5 completed. Average Loss: 0.1555
2025-06-24 06:13:20,282 [INFO] [src.federated.client] - Client client_6: Local training finished. Processed 715 samples.
2025-06-24 06:13:20,282 [INFO] [src.federated.client] - Client client_2: Starting local training for 5 epochs. Proximal term mu=0.0.
2025-06-24 06:13:20,294 [INFO] [src.federated.client] - Client client_2 - Epoch 1/5 completed. Average Loss: 0.3766
2025-06-24 06:13:20,305 [INFO] [src.federated.client] - Client client_2 - Epoch 2/5 completed. Average Loss: 0.3040
2025-06-24 06:13:20,315 [INFO] [src.federated.client] - Client client_2 - Epoch 3/5 completed. Average Loss: 0.2430
2025-06-24 06:13:20,326 [INFO] [src.federated.client] - Client client_2 - Epoch 4/5 completed. Average Loss: 0.1962
2025-06-24 06:13:20,336 [INFO] [src.federated.client] - Client client_2 - Epoch 5/5 completed. Average Loss: 0.1661
2025-06-24 06:13:20,336 [INFO] [src.federated.client] - Client client_2: Local training finished. Processed 715 samples.
2025-06-24 06:13:20,337 [INFO] [src.federated.client] - Client client_7: Starting local training for 5 epochs. Proximal term mu=0.0.
2025-06-24 06:13:20,348 [INFO] [src.federated.client] - Client client_7 - Epoch 1/5 completed. Average Loss: 0.4761
2025-06-24 06:13:20,359 [INFO] [src.federated.client] - Client client_7 - Epoch 2/5 completed. Average Loss: 0.3949
2025-06-24 06:13:20,369 [INFO] [src.federated.client] - Client client_7 - Epoch 3/5 completed. Average Loss: 0.3186
2025-06-24 06:13:20,379 [INFO] [src.federated.client] - Client client_7 - Epoch 4/5 completed. Average Loss: 0.2613
2025-06-24 06:13:20,392 [INFO] [src.federated.client] - Client client_7 - Epoch 5/5 completed. Average Loss: 0.2199
2025-06-24 06:13:20,393 [INFO] [src.federated.client] - Client client_7: Local training finished. Processed 715 samples.
2025-06-24 06:13:20,394 [INFO] [src.federated.client] - Client client_8: Starting local training for 5 epochs. Proximal term mu=0.0.
2025-06-24 06:13:20,405 [INFO] [src.federated.client] - Client client_8 - Epoch 1/5 completed. Average Loss: 0.3784
2025-06-24 06:13:20,418 [INFO] [src.federated.client] - Client client_8 - Epoch 2/5 completed. Average Loss: 0.2981
2025-06-24 06:13:20,429 [INFO] [src.federated.client] - Client client_8 - Epoch 3/5 completed. Average Loss: 0.2337
2025-06-24 06:13:20,441 [INFO] [src.federated.client] - Client client_8 - Epoch 4/5 completed. Average Loss: 0.1949
2025-06-24 06:13:20,453 [INFO] [src.federated.client] - Client client_8 - Epoch 5/5 completed. Average Loss: 0.1610
2025-06-24 06:13:20,454 [INFO] [src.federated.client] - Client client_8: Local training finished. Processed 715 samples.
2025-06-24 06:13:20,454 [INFO] [src.federated.client] - Client client_4: Starting local training for 5 epochs. Proximal term mu=0.0.
2025-06-24 06:13:20,464 [INFO] [src.federated.client] - Client client_4 - Epoch 1/5 completed. Average Loss: 0.3918
2025-06-24 06:13:20,475 [INFO] [src.federated.client] - Client client_4 - Epoch 2/5 completed. Average Loss: 0.3195
2025-06-24 06:13:20,486 [INFO] [src.federated.client] - Client client_4 - Epoch 3/5 completed. Average Loss: 0.2533
2025-06-24 06:13:20,496 [INFO] [src.federated.client] - Client client_4 - Epoch 4/5 completed. Average Loss: 0.2064
2025-06-24 06:13:20,506 [INFO] [src.federated.client] - Client client_4 - Epoch 5/5 completed. Average Loss: 0.1732
2025-06-24 06:13:20,507 [INFO] [src.federated.client] - Client client_4: Local training finished. Processed 715 samples.
2025-06-24 06:13:20,507 [INFO] [src.federated.server] - Aggregating updates from 10 clients using FedAvg.
2025-06-24 06:13:20,507 [INFO] [src.federated.aggregation] - FedAvg: Aggregating updates from 10 clients.
2025-06-24 06:13:20,508 [INFO] [src.federated.aggregation] - FedAvg: Aggregation complete.
2025-06-24 06:13:20,509 [INFO] [src.federated.server] - Global model updated with aggregated parameters.
2025-06-24 06:13:20,509 [INFO] [src.federated.server] - Evaluating updated global model...
2025-06-24 06:13:20,513 [INFO] [src.federated.server] - Round 4 completed in 0.57s. Eval Metrics: {'loss': 0.2643695202138689, 'accuracy': 0.9361111111111111}
2025-06-24 06:13:20,513 [INFO] [src.federated.server] - ===== Starting Round 5/30 =====
2025-06-24 06:13:20,514 [INFO] [src.federated.server] - Starting federated training round...
2025-06-24 06:13:20,514 [INFO] [src.federated.server] - Selected 10 clients out of 10 available (fraction=1.0, min_clients=1): ['client_7', 'client_8', 'client_1', 'client_3', 'client_0', 'client_4', 'client_2', 'client_6', 'client_9', 'client_5']
2025-06-24 06:13:20,514 [INFO] [src.federated.client] - Client client_7: Starting local training for 5 epochs. Proximal term mu=0.0.
2025-06-24 06:13:20,526 [INFO] [src.federated.client] - Client client_7 - Epoch 1/5 completed. Average Loss: 0.3071
2025-06-24 06:13:20,536 [INFO] [src.federated.client] - Client client_7 - Epoch 2/5 completed. Average Loss: 0.2494
2025-06-24 06:13:20,547 [INFO] [src.federated.client] - Client client_7 - Epoch 3/5 completed. Average Loss: 0.2059
2025-06-24 06:13:20,558 [INFO] [src.federated.client] - Client client_7 - Epoch 4/5 completed. Average Loss: 0.1712
2025-06-24 06:13:20,569 [INFO] [src.federated.client] - Client client_7 - Epoch 5/5 completed. Average Loss: 0.1443
2025-06-24 06:13:20,569 [INFO] [src.federated.client] - Client client_7: Local training finished. Processed 715 samples.
2025-06-24 06:13:20,570 [INFO] [src.federated.client] - Client client_8: Starting local training for 5 epochs. Proximal term mu=0.0.
2025-06-24 06:13:20,581 [INFO] [src.federated.client] - Client client_8 - Epoch 1/5 completed. Average Loss: 0.2152
2025-06-24 06:13:20,593 [INFO] [src.federated.client] - Client client_8 - Epoch 2/5 completed. Average Loss: 0.1701
2025-06-24 06:13:20,604 [INFO] [src.federated.client] - Client client_8 - Epoch 3/5 completed. Average Loss: 0.1328
2025-06-24 06:13:20,615 [INFO] [src.federated.client] - Client client_8 - Epoch 4/5 completed. Average Loss: 0.1088
2025-06-24 06:13:20,627 [INFO] [src.federated.client] - Client client_8 - Epoch 5/5 completed. Average Loss: 0.0903
2025-06-24 06:13:20,628 [INFO] [src.federated.client] - Client client_8: Local training finished. Processed 715 samples.
2025-06-24 06:13:20,629 [INFO] [src.federated.client] - Client client_1: Starting local training for 5 epochs. Proximal term mu=0.0.
2025-06-24 06:13:20,639 [INFO] [src.federated.client] - Client client_1 - Epoch 1/5 completed. Average Loss: 0.1872
2025-06-24 06:13:20,651 [INFO] [src.federated.client] - Client client_1 - Epoch 2/5 completed. Average Loss: 0.1480
2025-06-24 06:13:20,662 [INFO] [src.federated.client] - Client client_1 - Epoch 3/5 completed. Average Loss: 0.1186
2025-06-24 06:13:20,673 [INFO] [src.federated.client] - Client client_1 - Epoch 4/5 completed. Average Loss: 0.0962
2025-06-24 06:13:20,685 [INFO] [src.federated.client] - Client client_1 - Epoch 5/5 completed. Average Loss: 0.0794
2025-06-24 06:13:20,686 [INFO] [src.federated.client] - Client client_1: Local training finished. Processed 715 samples.
2025-06-24 06:13:20,686 [INFO] [src.federated.client] - Client client_3: Starting local training for 5 epochs. Proximal term mu=0.0.
2025-06-24 06:13:20,698 [INFO] [src.federated.client] - Client client_3 - Epoch 1/5 completed. Average Loss: 0.3256
2025-06-24 06:13:20,708 [INFO] [src.federated.client] - Client client_3 - Epoch 2/5 completed. Average Loss: 0.2681
2025-06-24 06:13:20,720 [INFO] [src.federated.client] - Client client_3 - Epoch 3/5 completed. Average Loss: 0.2235
2025-06-24 06:13:20,730 [INFO] [src.federated.client] - Client client_3 - Epoch 4/5 completed. Average Loss: 0.1862
2025-06-24 06:13:20,740 [INFO] [src.federated.client] - Client client_3 - Epoch 5/5 completed. Average Loss: 0.1575
2025-06-24 06:13:20,741 [INFO] [src.federated.client] - Client client_3: Local training finished. Processed 715 samples.
2025-06-24 06:13:20,741 [INFO] [src.federated.client] - Client client_0: Starting local training for 5 epochs. Proximal term mu=0.0.
2025-06-24 06:13:20,752 [INFO] [src.federated.client] - Client client_0 - Epoch 1/5 completed. Average Loss: 0.1775
2025-06-24 06:13:20,762 [INFO] [src.federated.client] - Client client_0 - Epoch 2/5 completed. Average Loss: 0.1475
2025-06-24 06:13:20,772 [INFO] [src.federated.client] - Client client_0 - Epoch 3/5 completed. Average Loss: 0.1231
2025-06-24 06:13:20,784 [INFO] [src.federated.client] - Client client_0 - Epoch 4/5 completed. Average Loss: 0.1003
2025-06-24 06:13:20,795 [INFO] [src.federated.client] - Client client_0 - Epoch 5/5 completed. Average Loss: 0.0858
2025-06-24 06:13:20,795 [INFO] [src.federated.client] - Client client_0: Local training finished. Processed 715 samples.
2025-06-24 06:13:20,796 [INFO] [src.federated.client] - Client client_4: Starting local training for 5 epochs. Proximal term mu=0.0.
2025-06-24 06:13:20,806 [INFO] [src.federated.client] - Client client_4 - Epoch 1/5 completed. Average Loss: 0.2431
2025-06-24 06:13:20,817 [INFO] [src.federated.client] - Client client_4 - Epoch 2/5 completed. Average Loss: 0.1978
2025-06-24 06:13:20,826 [INFO] [src.federated.client] - Client client_4 - Epoch 3/5 completed. Average Loss: 0.1525
2025-06-24 06:13:20,836 [INFO] [src.federated.client] - Client client_4 - Epoch 4/5 completed. Average Loss: 0.1229
2025-06-24 06:13:20,848 [INFO] [src.federated.client] - Client client_4 - Epoch 5/5 completed. Average Loss: 0.1021
2025-06-24 06:13:20,849 [INFO] [src.federated.client] - Client client_4: Local training finished. Processed 715 samples.
2025-06-24 06:13:20,849 [INFO] [src.federated.client] - Client client_2: Starting local training for 5 epochs. Proximal term mu=0.0.
2025-06-24 06:13:20,861 [INFO] [src.federated.client] - Client client_2 - Epoch 1/5 completed. Average Loss: 0.2182
2025-06-24 06:13:20,873 [INFO] [src.federated.client] - Client client_2 - Epoch 2/5 completed. Average Loss: 0.1768
2025-06-24 06:13:20,883 [INFO] [src.federated.client] - Client client_2 - Epoch 3/5 completed. Average Loss: 0.1403
2025-06-24 06:13:20,894 [INFO] [src.federated.client] - Client client_2 - Epoch 4/5 completed. Average Loss: 0.1153
2025-06-24 06:13:20,905 [INFO] [src.federated.client] - Client client_2 - Epoch 5/5 completed. Average Loss: 0.0947
2025-06-24 06:13:20,905 [INFO] [src.federated.client] - Client client_2: Local training finished. Processed 715 samples.
2025-06-24 06:13:20,906 [INFO] [src.federated.client] - Client client_6: Starting local training for 5 epochs. Proximal term mu=0.0.
2025-06-24 06:13:20,915 [INFO] [src.federated.client] - Client client_6 - Epoch 1/5 completed. Average Loss: 0.2163
2025-06-24 06:13:20,926 [INFO] [src.federated.client] - Client client_6 - Epoch 2/5 completed. Average Loss: 0.1659
2025-06-24 06:13:20,936 [INFO] [src.federated.client] - Client client_6 - Epoch 3/5 completed. Average Loss: 0.1330
2025-06-24 06:13:20,948 [INFO] [src.federated.client] - Client client_6 - Epoch 4/5 completed. Average Loss: 0.1100
2025-06-24 06:13:20,958 [INFO] [src.federated.client] - Client client_6 - Epoch 5/5 completed. Average Loss: 0.0913
2025-06-24 06:13:20,959 [INFO] [src.federated.client] - Client client_6: Local training finished. Processed 715 samples.
2025-06-24 06:13:20,960 [INFO] [src.federated.client] - Client client_9: Starting local training for 5 epochs. Proximal term mu=0.0.
2025-06-24 06:13:20,972 [INFO] [src.federated.client] - Client client_9 - Epoch 1/5 completed. Average Loss: 0.1946
2025-06-24 06:13:20,984 [INFO] [src.federated.client] - Client client_9 - Epoch 2/5 completed. Average Loss: 0.1562
2025-06-24 06:13:20,996 [INFO] [src.federated.client] - Client client_9 - Epoch 3/5 completed. Average Loss: 0.1263
2025-06-24 06:13:21,007 [INFO] [src.federated.client] - Client client_9 - Epoch 4/5 completed. Average Loss: 0.1058
2025-06-24 06:13:21,018 [INFO] [src.federated.client] - Client client_9 - Epoch 5/5 completed. Average Loss: 0.0859
2025-06-24 06:13:21,019 [INFO] [src.federated.client] - Client client_9: Local training finished. Processed 750 samples.
2025-06-24 06:13:21,019 [INFO] [src.federated.client] - Client client_5: Starting local training for 5 epochs. Proximal term mu=0.0.
2025-06-24 06:13:21,029 [INFO] [src.federated.client] - Client client_5 - Epoch 1/5 completed. Average Loss: 0.2193
2025-06-24 06:13:21,041 [INFO] [src.federated.client] - Client client_5 - Epoch 2/5 completed. Average Loss: 0.1763
2025-06-24 06:13:21,052 [INFO] [src.federated.client] - Client client_5 - Epoch 3/5 completed. Average Loss: 0.1374
2025-06-24 06:13:21,063 [INFO] [src.federated.client] - Client client_5 - Epoch 4/5 completed. Average Loss: 0.1106
2025-06-24 06:13:21,072 [INFO] [src.federated.client] - Client client_5 - Epoch 5/5 completed. Average Loss: 0.0906
2025-06-24 06:13:21,073 [INFO] [src.federated.client] - Client client_5: Local training finished. Processed 715 samples.
2025-06-24 06:13:21,073 [INFO] [src.federated.server] - Aggregating updates from 10 clients using FedAvg.
2025-06-24 06:13:21,074 [INFO] [src.federated.aggregation] - FedAvg: Aggregating updates from 10 clients.
2025-06-24 06:13:21,074 [INFO] [src.federated.aggregation] - FedAvg: Aggregation complete.
2025-06-24 06:13:21,075 [INFO] [src.federated.server] - Global model updated with aggregated parameters.
2025-06-24 06:13:21,075 [INFO] [src.federated.server] - Evaluating updated global model...
2025-06-24 06:13:21,079 [INFO] [src.federated.server] - Round 5 completed in 0.57s. Eval Metrics: {'loss': 0.2014902498986986, 'accuracy': 0.9444444444444444}
2025-06-24 06:13:21,079 [INFO] [src.federated.server] - ===== Starting Round 6/30 =====
2025-06-24 06:13:21,079 [INFO] [src.federated.server] - Starting federated training round...
2025-06-24 06:13:21,079 [INFO] [src.federated.server] - Selected 10 clients out of 10 available (fraction=1.0, min_clients=1): ['client_1', 'client_0', 'client_3', 'client_6', 'client_2', 'client_8', 'client_9', 'client_4', 'client_7', 'client_5']
2025-06-24 06:13:21,080 [INFO] [src.federated.client] - Client client_1: Starting local training for 5 epochs. Proximal term mu=0.0.
2025-06-24 06:13:21,091 [INFO] [src.federated.client] - Client client_1 - Epoch 1/5 completed. Average Loss: 0.1245
2025-06-24 06:13:21,102 [INFO] [src.federated.client] - Client client_1 - Epoch 2/5 completed. Average Loss: 0.0991
2025-06-24 06:13:21,114 [INFO] [src.federated.client] - Client client_1 - Epoch 3/5 completed. Average Loss: 0.0772
2025-06-24 06:13:21,124 [INFO] [src.federated.client] - Client client_1 - Epoch 4/5 completed. Average Loss: 0.0637
2025-06-24 06:13:21,135 [INFO] [src.federated.client] - Client client_1 - Epoch 5/5 completed. Average Loss: 0.0539
2025-06-24 06:13:21,135 [INFO] [src.federated.client] - Client client_1: Local training finished. Processed 715 samples.
2025-06-24 06:13:21,136 [INFO] [src.federated.client] - Client client_0: Starting local training for 5 epochs. Proximal term mu=0.0.
2025-06-24 06:13:21,146 [INFO] [src.federated.client] - Client client_0 - Epoch 1/5 completed. Average Loss: 0.1229
2025-06-24 06:13:21,157 [INFO] [src.federated.client] - Client client_0 - Epoch 2/5 completed. Average Loss: 0.1042
2025-06-24 06:13:21,167 [INFO] [src.federated.client] - Client client_0 - Epoch 3/5 completed. Average Loss: 0.0810
2025-06-24 06:13:21,178 [INFO] [src.federated.client] - Client client_0 - Epoch 4/5 completed. Average Loss: 0.0679
2025-06-24 06:13:21,188 [INFO] [src.federated.client] - Client client_0 - Epoch 5/5 completed. Average Loss: 0.0571
2025-06-24 06:13:21,188 [INFO] [src.federated.client] - Client client_0: Local training finished. Processed 715 samples.
2025-06-24 06:13:21,189 [INFO] [src.federated.client] - Client client_3: Starting local training for 5 epochs. Proximal term mu=0.0.
2025-06-24 06:13:21,199 [INFO] [src.federated.client] - Client client_3 - Epoch 1/5 completed. Average Loss: 0.2513
2025-06-24 06:13:21,210 [INFO] [src.federated.client] - Client client_3 - Epoch 2/5 completed. Average Loss: 0.1983
2025-06-24 06:13:21,221 [INFO] [src.federated.client] - Client client_3 - Epoch 3/5 completed. Average Loss: 0.1702
2025-06-24 06:13:21,232 [INFO] [src.federated.client] - Client client_3 - Epoch 4/5 completed. Average Loss: 0.1397
2025-06-24 06:13:21,243 [INFO] [src.federated.client] - Client client_3 - Epoch 5/5 completed. Average Loss: 0.1164
2025-06-24 06:13:21,244 [INFO] [src.federated.client] - Client client_3: Local training finished. Processed 715 samples.
2025-06-24 06:13:21,244 [INFO] [src.federated.client] - Client client_6: Starting local training for 5 epochs. Proximal term mu=0.0.
2025-06-24 06:13:21,254 [INFO] [src.federated.client] - Client client_6 - Epoch 1/5 completed. Average Loss: 0.1454
2025-06-24 06:13:21,264 [INFO] [src.federated.client] - Client client_6 - Epoch 2/5 completed. Average Loss: 0.1095
2025-06-24 06:13:21,275 [INFO] [src.federated.client] - Client client_6 - Epoch 3/5 completed. Average Loss: 0.0845
2025-06-24 06:13:21,288 [INFO] [src.federated.client] - Client client_6 - Epoch 4/5 completed. Average Loss: 0.0690
2025-06-24 06:13:21,300 [INFO] [src.federated.client] - Client client_6 - Epoch 5/5 completed. Average Loss: 0.0568
2025-06-24 06:13:21,300 [INFO] [src.federated.client] - Client client_6: Local training finished. Processed 715 samples.
2025-06-24 06:13:21,301 [INFO] [src.federated.client] - Client client_2: Starting local training for 5 epochs. Proximal term mu=0.0.
2025-06-24 06:13:21,313 [INFO] [src.federated.client] - Client client_2 - Epoch 1/5 completed. Average Loss: 0.1521
2025-06-24 06:13:21,324 [INFO] [src.federated.client] - Client client_2 - Epoch 2/5 completed. Average Loss: 0.1227
2025-06-24 06:13:21,335 [INFO] [src.federated.client] - Client client_2 - Epoch 3/5 completed. Average Loss: 0.0927
2025-06-24 06:13:21,344 [INFO] [src.federated.client] - Client client_2 - Epoch 4/5 completed. Average Loss: 0.0755
2025-06-24 06:13:21,355 [INFO] [src.federated.client] - Client client_2 - Epoch 5/5 completed. Average Loss: 0.0625
2025-06-24 06:13:21,356 [INFO] [src.federated.client] - Client client_2: Local training finished. Processed 715 samples.
2025-06-24 06:13:21,356 [INFO] [src.federated.client] - Client client_8: Starting local training for 5 epochs. Proximal term mu=0.0.
2025-06-24 06:13:21,368 [INFO] [src.federated.client] - Client client_8 - Epoch 1/5 completed. Average Loss: 0.1474
2025-06-24 06:13:21,377 [INFO] [src.federated.client] - Client client_8 - Epoch 2/5 completed. Average Loss: 0.1129
2025-06-24 06:13:21,388 [INFO] [src.federated.client] - Client client_8 - Epoch 3/5 completed. Average Loss: 0.0872
2025-06-24 06:13:21,400 [INFO] [src.federated.client] - Client client_8 - Epoch 4/5 completed. Average Loss: 0.0721
2025-06-24 06:13:21,411 [INFO] [src.federated.client] - Client client_8 - Epoch 5/5 completed. Average Loss: 0.0606
2025-06-24 06:13:21,412 [INFO] [src.federated.client] - Client client_8: Local training finished. Processed 715 samples.
2025-06-24 06:13:21,412 [INFO] [src.federated.client] - Client client_9: Starting local training for 5 epochs. Proximal term mu=0.0.
2025-06-24 06:13:21,424 [INFO] [src.federated.client] - Client client_9 - Epoch 1/5 completed. Average Loss: 0.1381
2025-06-24 06:13:21,433 [INFO] [src.federated.client] - Client client_9 - Epoch 2/5 completed. Average Loss: 0.1088
2025-06-24 06:13:21,444 [INFO] [src.federated.client] - Client client_9 - Epoch 3/5 completed. Average Loss: 0.0897
2025-06-24 06:13:21,454 [INFO] [src.federated.client] - Client client_9 - Epoch 4/5 completed. Average Loss: 0.0692
2025-06-24 06:13:21,465 [INFO] [src.federated.client] - Client client_9 - Epoch 5/5 completed. Average Loss: 0.0585
2025-06-24 06:13:21,465 [INFO] [src.federated.client] - Client client_9: Local training finished. Processed 750 samples.
2025-06-24 06:13:21,466 [INFO] [src.federated.client] - Client client_4: Starting local training for 5 epochs. Proximal term mu=0.0.
2025-06-24 06:13:21,477 [INFO] [src.federated.client] - Client client_4 - Epoch 1/5 completed. Average Loss: 0.1802
2025-06-24 06:13:21,488 [INFO] [src.federated.client] - Client client_4 - Epoch 2/5 completed. Average Loss: 0.1369
2025-06-24 06:13:21,498 [INFO] [src.federated.client] - Client client_4 - Epoch 3/5 completed. Average Loss: 0.1086
2025-06-24 06:13:21,508 [INFO] [src.federated.client] - Client client_4 - Epoch 4/5 completed. Average Loss: 0.0849
2025-06-24 06:13:21,520 [INFO] [src.federated.client] - Client client_4 - Epoch 5/5 completed. Average Loss: 0.0709
2025-06-24 06:13:21,520 [INFO] [src.federated.client] - Client client_4: Local training finished. Processed 715 samples.
2025-06-24 06:13:21,521 [INFO] [src.federated.client] - Client client_7: Starting local training for 5 epochs. Proximal term mu=0.0.
2025-06-24 06:13:21,532 [INFO] [src.federated.client] - Client client_7 - Epoch 1/5 completed. Average Loss: 0.2297
2025-06-24 06:13:21,542 [INFO] [src.federated.client] - Client client_7 - Epoch 2/5 completed. Average Loss: 0.1854
2025-06-24 06:13:21,554 [INFO] [src.federated.client] - Client client_7 - Epoch 3/5 completed. Average Loss: 0.1487
2025-06-24 06:13:21,563 [INFO] [src.federated.client] - Client client_7 - Epoch 4/5 completed. Average Loss: 0.1208
2025-06-24 06:13:21,574 [INFO] [src.federated.client] - Client client_7 - Epoch 5/5 completed. Average Loss: 0.1016
2025-06-24 06:13:21,575 [INFO] [src.federated.client] - Client client_7: Local training finished. Processed 715 samples.
2025-06-24 06:13:21,577 [INFO] [src.federated.client] - Client client_5: Starting local training for 5 epochs. Proximal term mu=0.0.
2025-06-24 06:13:21,589 [INFO] [src.federated.client] - Client client_5 - Epoch 1/5 completed. Average Loss: 0.1499
2025-06-24 06:13:21,598 [INFO] [src.federated.client] - Client client_5 - Epoch 2/5 completed. Average Loss: 0.1152
2025-06-24 06:13:21,607 [INFO] [src.federated.client] - Client client_5 - Epoch 3/5 completed. Average Loss: 0.0886
2025-06-24 06:13:21,618 [INFO] [src.federated.client] - Client client_5 - Epoch 4/5 completed. Average Loss: 0.0739
2025-06-24 06:13:21,628 [INFO] [src.federated.client] - Client client_5 - Epoch 5/5 completed. Average Loss: 0.0620
2025-06-24 06:13:21,629 [INFO] [src.federated.client] - Client client_5: Local training finished. Processed 715 samples.
2025-06-24 06:13:21,629 [INFO] [src.federated.server] - Aggregating updates from 10 clients using FedAvg.
2025-06-24 06:13:21,629 [INFO] [src.federated.aggregation] - FedAvg: Aggregating updates from 10 clients.
2025-06-24 06:13:21,630 [INFO] [src.federated.aggregation] - FedAvg: Aggregation complete.
2025-06-24 06:13:21,630 [INFO] [src.federated.server] - Global model updated with aggregated parameters.
2025-06-24 06:13:21,631 [INFO] [src.federated.server] - Evaluating updated global model...
2025-06-24 06:13:21,635 [INFO] [src.federated.server] - Round 6 completed in 0.56s. Eval Metrics: {'loss': 0.1710326032506095, 'accuracy': 0.9416666666666667}
2025-06-24 06:13:21,635 [INFO] [src.federated.server] - ===== Starting Round 7/30 =====
2025-06-24 06:13:21,635 [INFO] [src.federated.server] - Starting federated training round...
2025-06-24 06:13:21,635 [INFO] [src.federated.server] - Selected 10 clients out of 10 available (fraction=1.0, min_clients=1): ['client_7', 'client_5', 'client_2', 'client_9', 'client_6', 'client_1', 'client_8', 'client_3', 'client_0', 'client_4']
2025-06-24 06:13:21,636 [INFO] [src.federated.client] - Client client_7: Starting local training for 5 epochs. Proximal term mu=0.0.
2025-06-24 06:13:21,645 [INFO] [src.federated.client] - Client client_7 - Epoch 1/5 completed. Average Loss: 0.1889
2025-06-24 06:13:21,656 [INFO] [src.federated.client] - Client client_7 - Epoch 2/5 completed. Average Loss: 0.1447
2025-06-24 06:13:21,666 [INFO] [src.federated.client] - Client client_7 - Epoch 3/5 completed. Average Loss: 0.1174
2025-06-24 06:13:21,676 [INFO] [src.federated.client] - Client client_7 - Epoch 4/5 completed. Average Loss: 0.0934
2025-06-24 06:13:21,687 [INFO] [src.federated.client] - Client client_7 - Epoch 5/5 completed. Average Loss: 0.0755
2025-06-24 06:13:21,687 [INFO] [src.federated.client] - Client client_7: Local training finished. Processed 715 samples.
2025-06-24 06:13:21,688 [INFO] [src.federated.client] - Client client_5: Starting local training for 5 epochs. Proximal term mu=0.0.
2025-06-24 06:13:21,698 [INFO] [src.federated.client] - Client client_5 - Epoch 1/5 completed. Average Loss: 0.1150
2025-06-24 06:13:21,708 [INFO] [src.federated.client] - Client client_5 - Epoch 2/5 completed. Average Loss: 0.0885
2025-06-24 06:13:21,718 [INFO] [src.federated.client] - Client client_5 - Epoch 3/5 completed. Average Loss: 0.0644
2025-06-24 06:13:21,728 [INFO] [src.federated.client] - Client client_5 - Epoch 4/5 completed. Average Loss: 0.0515
2025-06-24 06:13:21,738 [INFO] [src.federated.client] - Client client_5 - Epoch 5/5 completed. Average Loss: 0.0437
2025-06-24 06:13:21,739 [INFO] [src.federated.client] - Client client_5: Local training finished. Processed 715 samples.
2025-06-24 06:13:21,739 [INFO] [src.federated.client] - Client client_2: Starting local training for 5 epochs. Proximal term mu=0.0.
2025-06-24 06:13:21,748 [INFO] [src.federated.client] - Client client_2 - Epoch 1/5 completed. Average Loss: 0.1169
2025-06-24 06:13:21,758 [INFO] [src.federated.client] - Client client_2 - Epoch 2/5 completed. Average Loss: 0.0864
2025-06-24 06:13:21,767 [INFO] [src.federated.client] - Client client_2 - Epoch 3/5 completed. Average Loss: 0.0648
2025-06-24 06:13:21,778 [INFO] [src.federated.client] - Client client_2 - Epoch 4/5 completed. Average Loss: 0.0538
2025-06-24 06:13:21,789 [INFO] [src.federated.client] - Client client_2 - Epoch 5/5 completed. Average Loss: 0.0448
2025-06-24 06:13:21,789 [INFO] [src.federated.client] - Client client_2: Local training finished. Processed 715 samples.
2025-06-24 06:13:21,790 [INFO] [src.federated.client] - Client client_9: Starting local training for 5 epochs. Proximal term mu=0.0.
2025-06-24 06:13:21,801 [INFO] [src.federated.client] - Client client_9 - Epoch 1/5 completed. Average Loss: 0.1071
2025-06-24 06:13:21,810 [INFO] [src.federated.client] - Client client_9 - Epoch 2/5 completed. Average Loss: 0.0819
2025-06-24 06:13:21,820 [INFO] [src.federated.client] - Client client_9 - Epoch 3/5 completed. Average Loss: 0.0664
2025-06-24 06:13:21,830 [INFO] [src.federated.client] - Client client_9 - Epoch 4/5 completed. Average Loss: 0.0512
2025-06-24 06:13:21,840 [INFO] [src.federated.client] - Client client_9 - Epoch 5/5 completed. Average Loss: 0.0447
2025-06-24 06:13:21,840 [INFO] [src.federated.client] - Client client_9: Local training finished. Processed 750 samples.
2025-06-24 06:13:21,841 [INFO] [src.federated.client] - Client client_6: Starting local training for 5 epochs. Proximal term mu=0.0.
2025-06-24 06:13:21,851 [INFO] [src.federated.client] - Client client_6 - Epoch 1/5 completed. Average Loss: 0.1029
2025-06-24 06:13:21,862 [INFO] [src.federated.client] - Client client_6 - Epoch 2/5 completed. Average Loss: 0.0786
2025-06-24 06:13:21,871 [INFO] [src.federated.client] - Client client_6 - Epoch 3/5 completed. Average Loss: 0.0614
2025-06-24 06:13:21,882 [INFO] [src.federated.client] - Client client_6 - Epoch 4/5 completed. Average Loss: 0.0496
2025-06-24 06:13:21,892 [INFO] [src.federated.client] - Client client_6 - Epoch 5/5 completed. Average Loss: 0.0419
2025-06-24 06:13:21,893 [INFO] [src.federated.client] - Client client_6: Local training finished. Processed 715 samples.
2025-06-24 06:13:21,893 [INFO] [src.federated.client] - Client client_1: Starting local training for 5 epochs. Proximal term mu=0.0.
2025-06-24 06:13:21,903 [INFO] [src.federated.client] - Client client_1 - Epoch 1/5 completed. Average Loss: 0.0903
2025-06-24 06:13:21,913 [INFO] [src.federated.client] - Client client_1 - Epoch 2/5 completed. Average Loss: 0.0695
2025-06-24 06:13:21,924 [INFO] [src.federated.client] - Client client_1 - Epoch 3/5 completed. Average Loss: 0.0533
2025-06-24 06:13:21,936 [INFO] [src.federated.client] - Client client_1 - Epoch 4/5 completed. Average Loss: 0.0471
2025-06-24 06:13:21,946 [INFO] [src.federated.client] - Client client_1 - Epoch 5/5 completed. Average Loss: 0.0392
2025-06-24 06:13:21,947 [INFO] [src.federated.client] - Client client_1: Local training finished. Processed 715 samples.
2025-06-24 06:13:21,947 [INFO] [src.federated.client] - Client client_8: Starting local training for 5 epochs. Proximal term mu=0.0.
2025-06-24 06:13:21,957 [INFO] [src.federated.client] - Client client_8 - Epoch 1/5 completed. Average Loss: 0.1097
2025-06-24 06:13:21,970 [INFO] [src.federated.client] - Client client_8 - Epoch 2/5 completed. Average Loss: 0.0810
2025-06-24 06:13:21,981 [INFO] [src.federated.client] - Client client_8 - Epoch 3/5 completed. Average Loss: 0.0608
2025-06-24 06:13:21,991 [INFO] [src.federated.client] - Client client_8 - Epoch 4/5 completed. Average Loss: 0.0503
2025-06-24 06:13:22,003 [INFO] [src.federated.client] - Client client_8 - Epoch 5/5 completed. Average Loss: 0.0431
2025-06-24 06:13:22,004 [INFO] [src.federated.client] - Client client_8: Local training finished. Processed 715 samples.
2025-06-24 06:13:22,005 [INFO] [src.federated.client] - Client client_3: Starting local training for 5 epochs. Proximal term mu=0.0.
2025-06-24 06:13:22,015 [INFO] [src.federated.client] - Client client_3 - Epoch 1/5 completed. Average Loss: 0.2024
2025-06-24 06:13:22,025 [INFO] [src.federated.client] - Client client_3 - Epoch 2/5 completed. Average Loss: 0.1634
2025-06-24 06:13:22,036 [INFO] [src.federated.client] - Client client_3 - Epoch 3/5 completed. Average Loss: 0.1306
2025-06-24 06:13:22,046 [INFO] [src.federated.client] - Client client_3 - Epoch 4/5 completed. Average Loss: 0.1079
2025-06-24 06:13:22,055 [INFO] [src.federated.client] - Client client_3 - Epoch 5/5 completed. Average Loss: 0.0911
2025-06-24 06:13:22,056 [INFO] [src.federated.client] - Client client_3: Local training finished. Processed 715 samples.
2025-06-24 06:13:22,056 [INFO] [src.federated.client] - Client client_0: Starting local training for 5 epochs. Proximal term mu=0.0.
2025-06-24 06:13:22,068 [INFO] [src.federated.client] - Client client_0 - Epoch 1/5 completed. Average Loss: 0.0937
2025-06-24 06:13:22,080 [INFO] [src.federated.client] - Client client_0 - Epoch 2/5 completed. Average Loss: 0.0753
2025-06-24 06:13:22,089 [INFO] [src.federated.client] - Client client_0 - Epoch 3/5 completed. Average Loss: 0.0589
2025-06-24 06:13:22,100 [INFO] [src.federated.client] - Client client_0 - Epoch 4/5 completed. Average Loss: 0.0486
2025-06-24 06:13:22,110 [INFO] [src.federated.client] - Client client_0 - Epoch 5/5 completed. Average Loss: 0.0408
2025-06-24 06:13:22,111 [INFO] [src.federated.client] - Client client_0: Local training finished. Processed 715 samples.
2025-06-24 06:13:22,112 [INFO] [src.federated.client] - Client client_4: Starting local training for 5 epochs. Proximal term mu=0.0.
2025-06-24 06:13:22,123 [INFO] [src.federated.client] - Client client_4 - Epoch 1/5 completed. Average Loss: 0.1444
2025-06-24 06:13:22,132 [INFO] [src.federated.client] - Client client_4 - Epoch 2/5 completed. Average Loss: 0.1104
2025-06-24 06:13:22,142 [INFO] [src.federated.client] - Client client_4 - Epoch 3/5 completed. Average Loss: 0.0821
2025-06-24 06:13:22,153 [INFO] [src.federated.client] - Client client_4 - Epoch 4/5 completed. Average Loss: 0.0651
2025-06-24 06:13:22,163 [INFO] [src.federated.client] - Client client_4 - Epoch 5/5 completed. Average Loss: 0.0548
2025-06-24 06:13:22,163 [INFO] [src.federated.client] - Client client_4: Local training finished. Processed 715 samples.
2025-06-24 06:13:22,164 [INFO] [src.federated.server] - Aggregating updates from 10 clients using FedAvg.
2025-06-24 06:13:22,164 [INFO] [src.federated.aggregation] - FedAvg: Aggregating updates from 10 clients.
2025-06-24 06:13:22,164 [INFO] [src.federated.aggregation] - FedAvg: Aggregation complete.
2025-06-24 06:13:22,165 [INFO] [src.federated.server] - Global model updated with aggregated parameters.
2025-06-24 06:13:22,165 [INFO] [src.federated.server] - Evaluating updated global model...
2025-06-24 06:13:22,169 [INFO] [src.federated.server] - Round 7 completed in 0.53s. Eval Metrics: {'loss': 0.1525717200504409, 'accuracy': 0.95}
2025-06-24 06:13:22,169 [INFO] [src.federated.server] - ===== Starting Round 8/30 =====
2025-06-24 06:13:22,169 [INFO] [src.federated.server] - Starting federated training round...
2025-06-24 06:13:22,169 [INFO] [src.federated.server] - Selected 10 clients out of 10 available (fraction=1.0, min_clients=1): ['client_8', 'client_3', 'client_2', 'client_9', 'client_6', 'client_7', 'client_1', 'client_4', 'client_5', 'client_0']
2025-06-24 06:13:22,170 [INFO] [src.federated.client] - Client client_8: Starting local training for 5 epochs. Proximal term mu=0.0.
2025-06-24 06:13:22,182 [INFO] [src.federated.client] - Client client_8 - Epoch 1/5 completed. Average Loss: 0.0854
2025-06-24 06:13:22,194 [INFO] [src.federated.client] - Client client_8 - Epoch 2/5 completed. Average Loss: 0.0609
2025-06-24 06:13:22,203 [INFO] [src.federated.client] - Client client_8 - Epoch 3/5 completed. Average Loss: 0.0463
2025-06-24 06:13:22,213 [INFO] [src.federated.client] - Client client_8 - Epoch 4/5 completed. Average Loss: 0.0389
2025-06-24 06:13:22,224 [INFO] [src.federated.client] - Client client_8 - Epoch 5/5 completed. Average Loss: 0.0330
2025-06-24 06:13:22,224 [INFO] [src.federated.client] - Client client_8: Local training finished. Processed 715 samples.
2025-06-24 06:13:22,225 [INFO] [src.federated.client] - Client client_3: Starting local training for 5 epochs. Proximal term mu=0.0.
2025-06-24 06:13:22,234 [INFO] [src.federated.client] - Client client_3 - Epoch 1/5 completed. Average Loss: 0.1715
2025-06-24 06:13:22,245 [INFO] [src.federated.client] - Client client_3 - Epoch 2/5 completed. Average Loss: 0.1363
2025-06-24 06:13:22,255 [INFO] [src.federated.client] - Client client_3 - Epoch 3/5 completed. Average Loss: 0.1057
2025-06-24 06:13:22,266 [INFO] [src.federated.client] - Client client_3 - Epoch 4/5 completed. Average Loss: 0.0852
2025-06-24 06:13:22,275 [INFO] [src.federated.client] - Client client_3 - Epoch 5/5 completed. Average Loss: 0.0714
2025-06-24 06:13:22,276 [INFO] [src.federated.client] - Client client_3: Local training finished. Processed 715 samples.
2025-06-24 06:13:22,277 [INFO] [src.federated.client] - Client client_2: Starting local training for 5 epochs. Proximal term mu=0.0.
2025-06-24 06:13:22,289 [INFO] [src.federated.client] - Client client_2 - Epoch 1/5 completed. Average Loss: 0.0901
2025-06-24 06:13:22,298 [INFO] [src.federated.client] - Client client_2 - Epoch 2/5 completed. Average Loss: 0.0666
2025-06-24 06:13:22,308 [INFO] [src.federated.client] - Client client_2 - Epoch 3/5 completed. Average Loss: 0.0488
2025-06-24 06:13:22,321 [INFO] [src.federated.client] - Client client_2 - Epoch 4/5 completed. Average Loss: 0.0408
2025-06-24 06:13:22,331 [INFO] [src.federated.client] - Client client_2 - Epoch 5/5 completed. Average Loss: 0.0344
2025-06-24 06:13:22,331 [INFO] [src.federated.client] - Client client_2: Local training finished. Processed 715 samples.
2025-06-24 06:13:22,332 [INFO] [src.federated.client] - Client client_9: Starting local training for 5 epochs. Proximal term mu=0.0.
2025-06-24 06:13:22,341 [INFO] [src.federated.client] - Client client_9 - Epoch 1/5 completed. Average Loss: 0.0908
2025-06-24 06:13:22,351 [INFO] [src.federated.client] - Client client_9 - Epoch 2/5 completed. Average Loss: 0.0701
2025-06-24 06:13:22,361 [INFO] [src.federated.client] - Client client_9 - Epoch 3/5 completed. Average Loss: 0.0496
2025-06-24 06:13:22,372 [INFO] [src.federated.client] - Client client_9 - Epoch 4/5 completed. Average Loss: 0.0407
2025-06-24 06:13:22,383 [INFO] [src.federated.client] - Client client_9 - Epoch 5/5 completed. Average Loss: 0.0328
2025-06-24 06:13:22,384 [INFO] [src.federated.client] - Client client_9: Local training finished. Processed 750 samples.
2025-06-24 06:13:22,385 [INFO] [src.federated.client] - Client client_6: Starting local training for 5 epochs. Proximal term mu=0.0.
2025-06-24 06:13:22,396 [INFO] [src.federated.client] - Client client_6 - Epoch 1/5 completed. Average Loss: 0.0782
2025-06-24 06:13:22,407 [INFO] [src.federated.client] - Client client_6 - Epoch 2/5 completed. Average Loss: 0.0587
2025-06-24 06:13:22,417 [INFO] [src.federated.client] - Client client_6 - Epoch 3/5 completed. Average Loss: 0.0447
2025-06-24 06:13:22,428 [INFO] [src.federated.client] - Client client_6 - Epoch 4/5 completed. Average Loss: 0.0380
2025-06-24 06:13:22,438 [INFO] [src.federated.client] - Client client_6 - Epoch 5/5 completed. Average Loss: 0.0309
2025-06-24 06:13:22,439 [INFO] [src.federated.client] - Client client_6: Local training finished. Processed 715 samples.
2025-06-24 06:13:22,439 [INFO] [src.federated.client] - Client client_7: Starting local training for 5 epochs. Proximal term mu=0.0.
2025-06-24 06:13:22,448 [INFO] [src.federated.client] - Client client_7 - Epoch 1/5 completed. Average Loss: 0.1611
2025-06-24 06:13:22,459 [INFO] [src.federated.client] - Client client_7 - Epoch 2/5 completed. Average Loss: 0.1177
2025-06-24 06:13:22,469 [INFO] [src.federated.client] - Client client_7 - Epoch 3/5 completed. Average Loss: 0.0923
2025-06-24 06:13:22,479 [INFO] [src.federated.client] - Client client_7 - Epoch 4/5 completed. Average Loss: 0.0720
2025-06-24 06:13:22,490 [INFO] [src.federated.client] - Client client_7 - Epoch 5/5 completed. Average Loss: 0.0584
2025-06-24 06:13:22,490 [INFO] [src.federated.client] - Client client_7: Local training finished. Processed 715 samples.
2025-06-24 06:13:22,491 [INFO] [src.federated.client] - Client client_1: Starting local training for 5 epochs. Proximal term mu=0.0.
2025-06-24 06:13:22,502 [INFO] [src.federated.client] - Client client_1 - Epoch 1/5 completed. Average Loss: 0.0703
2025-06-24 06:13:22,512 [INFO] [src.federated.client] - Client client_1 - Epoch 2/5 completed. Average Loss: 0.0538
2025-06-24 06:13:22,524 [INFO] [src.federated.client] - Client client_1 - Epoch 3/5 completed. Average Loss: 0.0411
2025-06-24 06:13:22,534 [INFO] [src.federated.client] - Client client_1 - Epoch 4/5 completed. Average Loss: 0.0346
2025-06-24 06:13:22,544 [INFO] [src.federated.client] - Client client_1 - Epoch 5/5 completed. Average Loss: 0.0300
2025-06-24 06:13:22,544 [INFO] [src.federated.client] - Client client_1: Local training finished. Processed 715 samples.
2025-06-24 06:13:22,545 [INFO] [src.federated.client] - Client client_4: Starting local training for 5 epochs. Proximal term mu=0.0.
2025-06-24 06:13:22,558 [INFO] [src.federated.client] - Client client_4 - Epoch 1/5 completed. Average Loss: 0.1277
2025-06-24 06:13:22,569 [INFO] [src.federated.client] - Client client_4 - Epoch 2/5 completed. Average Loss: 0.0956
2025-06-24 06:13:22,578 [INFO] [src.federated.client] - Client client_4 - Epoch 3/5 completed. Average Loss: 0.0675
2025-06-24 06:13:22,589 [INFO] [src.federated.client] - Client client_4 - Epoch 4/5 completed. Average Loss: 0.0529
2025-06-24 06:13:22,599 [INFO] [src.federated.client] - Client client_4 - Epoch 5/5 completed. Average Loss: 0.0438
2025-06-24 06:13:22,600 [INFO] [src.federated.client] - Client client_4: Local training finished. Processed 715 samples.
2025-06-24 06:13:22,601 [INFO] [src.federated.client] - Client client_5: Starting local training for 5 epochs. Proximal term mu=0.0.
2025-06-24 06:13:22,612 [INFO] [src.federated.client] - Client client_5 - Epoch 1/5 completed. Average Loss: 0.0889
2025-06-24 06:13:22,622 [INFO] [src.federated.client] - Client client_5 - Epoch 2/5 completed. Average Loss: 0.0674
2025-06-24 06:13:22,632 [INFO] [src.federated.client] - Client client_5 - Epoch 3/5 completed. Average Loss: 0.0489
2025-06-24 06:13:22,642 [INFO] [src.federated.client] - Client client_5 - Epoch 4/5 completed. Average Loss: 0.0393
2025-06-24 06:13:22,651 [INFO] [src.federated.client] - Client client_5 - Epoch 5/5 completed. Average Loss: 0.0336
2025-06-24 06:13:22,652 [INFO] [src.federated.client] - Client client_5: Local training finished. Processed 715 samples.
2025-06-24 06:13:22,652 [INFO] [src.federated.client] - Client client_0: Starting local training for 5 epochs. Proximal term mu=0.0.
2025-06-24 06:13:22,663 [INFO] [src.federated.client] - Client client_0 - Epoch 1/5 completed. Average Loss: 0.0752
2025-06-24 06:13:22,674 [INFO] [src.federated.client] - Client client_0 - Epoch 2/5 completed. Average Loss: 0.0580
2025-06-24 06:13:22,683 [INFO] [src.federated.client] - Client client_0 - Epoch 3/5 completed. Average Loss: 0.0435
2025-06-24 06:13:22,693 [INFO] [src.federated.client] - Client client_0 - Epoch 4/5 completed. Average Loss: 0.0358
2025-06-24 06:13:22,704 [INFO] [src.federated.client] - Client client_0 - Epoch 5/5 completed. Average Loss: 0.0306
2025-06-24 06:13:22,705 [INFO] [src.federated.client] - Client client_0: Local training finished. Processed 715 samples.
2025-06-24 06:13:22,705 [INFO] [src.federated.server] - Aggregating updates from 10 clients using FedAvg.
2025-06-24 06:13:22,705 [INFO] [src.federated.aggregation] - FedAvg: Aggregating updates from 10 clients.
2025-06-24 06:13:22,706 [INFO] [src.federated.aggregation] - FedAvg: Aggregation complete.
2025-06-24 06:13:22,706 [INFO] [src.federated.server] - Global model updated with aggregated parameters.
2025-06-24 06:13:22,707 [INFO] [src.federated.server] - Evaluating updated global model...
2025-06-24 06:13:22,710 [INFO] [src.federated.server] - Round 8 completed in 0.54s. Eval Metrics: {'loss': 0.14026610205570858, 'accuracy': 0.9583333333333334}
2025-06-24 06:13:22,710 [INFO] [src.federated.server] - ===== Starting Round 9/30 =====
2025-06-24 06:13:22,711 [INFO] [src.federated.server] - Starting federated training round...
2025-06-24 06:13:22,711 [INFO] [src.federated.server] - Selected 10 clients out of 10 available (fraction=1.0, min_clients=1): ['client_3', 'client_0', 'client_5', 'client_9', 'client_2', 'client_8', 'client_1', 'client_7', 'client_6', 'client_4']
2025-06-24 06:13:22,712 [INFO] [src.federated.client] - Client client_3: Starting local training for 5 epochs. Proximal term mu=0.0.
2025-06-24 06:13:22,724 [INFO] [src.federated.client] - Client client_3 - Epoch 1/5 completed. Average Loss: 0.1483
2025-06-24 06:13:22,737 [INFO] [src.federated.client] - Client client_3 - Epoch 2/5 completed. Average Loss: 0.1142
2025-06-24 06:13:22,746 [INFO] [src.federated.client] - Client client_3 - Epoch 3/5 completed. Average Loss: 0.0864
2025-06-24 06:13:22,758 [INFO] [src.federated.client] - Client client_3 - Epoch 4/5 completed. Average Loss: 0.0712
2025-06-24 06:13:22,768 [INFO] [src.federated.client] - Client client_3 - Epoch 5/5 completed. Average Loss: 0.0555
2025-06-24 06:13:22,769 [INFO] [src.federated.client] - Client client_3: Local training finished. Processed 715 samples.
2025-06-24 06:13:22,769 [INFO] [src.federated.client] - Client client_0: Starting local training for 5 epochs. Proximal term mu=0.0.
2025-06-24 06:13:22,781 [INFO] [src.federated.client] - Client client_0 - Epoch 1/5 completed. Average Loss: 0.0631
2025-06-24 06:13:22,791 [INFO] [src.federated.client] - Client client_0 - Epoch 2/5 completed. Average Loss: 0.0444
2025-06-24 06:13:22,803 [INFO] [src.federated.client] - Client client_0 - Epoch 3/5 completed. Average Loss: 0.0346
2025-06-24 06:13:22,813 [INFO] [src.federated.client] - Client client_0 - Epoch 4/5 completed. Average Loss: 0.0285
2025-06-24 06:13:22,824 [INFO] [src.federated.client] - Client client_0 - Epoch 5/5 completed. Average Loss: 0.0239
2025-06-24 06:13:22,824 [INFO] [src.federated.client] - Client client_0: Local training finished. Processed 715 samples.
2025-06-24 06:13:22,825 [INFO] [src.federated.client] - Client client_5: Starting local training for 5 epochs. Proximal term mu=0.0.
2025-06-24 06:13:22,835 [INFO] [src.federated.client] - Client client_5 - Epoch 1/5 completed. Average Loss: 0.0728
2025-06-24 06:13:22,844 [INFO] [src.federated.client] - Client client_5 - Epoch 2/5 completed. Average Loss: 0.0515
2025-06-24 06:13:22,853 [INFO] [src.federated.client] - Client client_5 - Epoch 3/5 completed. Average Loss: 0.0381
2025-06-24 06:13:22,863 [INFO] [src.federated.client] - Client client_5 - Epoch 4/5 completed. Average Loss: 0.0307
2025-06-24 06:13:22,872 [INFO] [src.federated.client] - Client client_5 - Epoch 5/5 completed. Average Loss: 0.0273
2025-06-24 06:13:22,872 [INFO] [src.federated.client] - Client client_5: Local training finished. Processed 715 samples.
2025-06-24 06:13:22,873 [INFO] [src.federated.client] - Client client_9: Starting local training for 5 epochs. Proximal term mu=0.0.
2025-06-24 06:13:22,884 [INFO] [src.federated.client] - Client client_9 - Epoch 1/5 completed. Average Loss: 0.0764
2025-06-24 06:13:22,896 [INFO] [src.federated.client] - Client client_9 - Epoch 2/5 completed. Average Loss: 0.0572
2025-06-24 06:13:22,907 [INFO] [src.federated.client] - Client client_9 - Epoch 3/5 completed. Average Loss: 0.0399
2025-06-24 06:13:22,918 [INFO] [src.federated.client] - Client client_9 - Epoch 4/5 completed. Average Loss: 0.0310
2025-06-24 06:13:22,928 [INFO] [src.federated.client] - Client client_9 - Epoch 5/5 completed. Average Loss: 0.0266
2025-06-24 06:13:22,928 [INFO] [src.federated.client] - Client client_9: Local training finished. Processed 750 samples.
2025-06-24 06:13:22,929 [INFO] [src.federated.client] - Client client_2: Starting local training for 5 epochs. Proximal term mu=0.0.
2025-06-24 06:13:22,938 [INFO] [src.federated.client] - Client client_2 - Epoch 1/5 completed. Average Loss: 0.0718
2025-06-24 06:13:22,947 [INFO] [src.federated.client] - Client client_2 - Epoch 2/5 completed. Average Loss: 0.0560
2025-06-24 06:13:22,956 [INFO] [src.federated.client] - Client client_2 - Epoch 3/5 completed. Average Loss: 0.0376
2025-06-24 06:13:22,966 [INFO] [src.federated.client] - Client client_2 - Epoch 4/5 completed. Average Loss: 0.0310
2025-06-24 06:13:22,976 [INFO] [src.federated.client] - Client client_2 - Epoch 5/5 completed. Average Loss: 0.0262
2025-06-24 06:13:22,977 [INFO] [src.federated.client] - Client client_2: Local training finished. Processed 715 samples.
2025-06-24 06:13:22,977 [INFO] [src.federated.client] - Client client_8: Starting local training for 5 epochs. Proximal term mu=0.0.
2025-06-24 06:13:22,989 [INFO] [src.federated.client] - Client client_8 - Epoch 1/5 completed. Average Loss: 0.0692
2025-06-24 06:13:22,998 [INFO] [src.federated.client] - Client client_8 - Epoch 2/5 completed. Average Loss: 0.0497
2025-06-24 06:13:23,009 [INFO] [src.federated.client] - Client client_8 - Epoch 3/5 completed. Average Loss: 0.0374
2025-06-24 06:13:23,018 [INFO] [src.federated.client] - Client client_8 - Epoch 4/5 completed. Average Loss: 0.0294
2025-06-24 06:13:23,027 [INFO] [src.federated.client] - Client client_8 - Epoch 5/5 completed. Average Loss: 0.0258
2025-06-24 06:13:23,028 [INFO] [src.federated.client] - Client client_8: Local training finished. Processed 715 samples.
2025-06-24 06:13:23,028 [INFO] [src.federated.client] - Client client_1: Starting local training for 5 epochs. Proximal term mu=0.0.
2025-06-24 06:13:23,039 [INFO] [src.federated.client] - Client client_1 - Epoch 1/5 completed. Average Loss: 0.0563
2025-06-24 06:13:23,050 [INFO] [src.federated.client] - Client client_1 - Epoch 2/5 completed. Average Loss: 0.0407
2025-06-24 06:13:23,059 [INFO] [src.federated.client] - Client client_1 - Epoch 3/5 completed. Average Loss: 0.0331
2025-06-24 06:13:23,068 [INFO] [src.federated.client] - Client client_1 - Epoch 4/5 completed. Average Loss: 0.0276
2025-06-24 06:13:23,079 [INFO] [src.federated.client] - Client client_1 - Epoch 5/5 completed. Average Loss: 0.0241
2025-06-24 06:13:23,079 [INFO] [src.federated.client] - Client client_1: Local training finished. Processed 715 samples.
2025-06-24 06:13:23,080 [INFO] [src.federated.client] - Client client_7: Starting local training for 5 epochs. Proximal term mu=0.0.
2025-06-24 06:13:23,090 [INFO] [src.federated.client] - Client client_7 - Epoch 1/5 completed. Average Loss: 0.1352
2025-06-24 06:13:23,100 [INFO] [src.federated.client] - Client client_7 - Epoch 2/5 completed. Average Loss: 0.1033
2025-06-24 06:13:23,110 [INFO] [src.federated.client] - Client client_7 - Epoch 3/5 completed. Average Loss: 0.0774
2025-06-24 06:13:23,122 [INFO] [src.federated.client] - Client client_7 - Epoch 4/5 completed. Average Loss: 0.0619
2025-06-24 06:13:23,131 [INFO] [src.federated.client] - Client client_7 - Epoch 5/5 completed. Average Loss: 0.0493
2025-06-24 06:13:23,132 [INFO] [src.federated.client] - Client client_7: Local training finished. Processed 715 samples.
2025-06-24 06:13:23,132 [INFO] [src.federated.client] - Client client_6: Starting local training for 5 epochs. Proximal term mu=0.0.
2025-06-24 06:13:23,142 [INFO] [src.federated.client] - Client client_6 - Epoch 1/5 completed. Average Loss: 0.0601
2025-06-24 06:13:23,151 [INFO] [src.federated.client] - Client client_6 - Epoch 2/5 completed. Average Loss: 0.0443
2025-06-24 06:13:23,161 [INFO] [src.federated.client] - Client client_6 - Epoch 3/5 completed. Average Loss: 0.0355
2025-06-24 06:13:23,171 [INFO] [src.federated.client] - Client client_6 - Epoch 4/5 completed. Average Loss: 0.0285
2025-06-24 06:13:23,181 [INFO] [src.federated.client] - Client client_6 - Epoch 5/5 completed. Average Loss: 0.0242
2025-06-24 06:13:23,181 [INFO] [src.federated.client] - Client client_6: Local training finished. Processed 715 samples.
2025-06-24 06:13:23,182 [INFO] [src.federated.client] - Client client_4: Starting local training for 5 epochs. Proximal term mu=0.0.
2025-06-24 06:13:23,191 [INFO] [src.federated.client] - Client client_4 - Epoch 1/5 completed. Average Loss: 0.1101
2025-06-24 06:13:23,204 [INFO] [src.federated.client] - Client client_4 - Epoch 2/5 completed. Average Loss: 0.0750
2025-06-24 06:13:23,215 [INFO] [src.federated.client] - Client client_4 - Epoch 3/5 completed. Average Loss: 0.0568
2025-06-24 06:13:23,225 [INFO] [src.federated.client] - Client client_4 - Epoch 4/5 completed. Average Loss: 0.0441
2025-06-24 06:13:23,235 [INFO] [src.federated.client] - Client client_4 - Epoch 5/5 completed. Average Loss: 0.0362
2025-06-24 06:13:23,236 [INFO] [src.federated.client] - Client client_4: Local training finished. Processed 715 samples.
2025-06-24 06:13:23,236 [INFO] [src.federated.server] - Aggregating updates from 10 clients using FedAvg.
2025-06-24 06:13:23,236 [INFO] [src.federated.aggregation] - FedAvg: Aggregating updates from 10 clients.
2025-06-24 06:13:23,237 [INFO] [src.federated.aggregation] - FedAvg: Aggregation complete.
2025-06-24 06:13:23,238 [INFO] [src.federated.server] - Global model updated with aggregated parameters.
2025-06-24 06:13:23,238 [INFO] [src.federated.server] - Evaluating updated global model...
2025-06-24 06:13:23,241 [INFO] [src.federated.server] - Round 9 completed in 0.53s. Eval Metrics: {'loss': 0.12910242428382238, 'accuracy': 0.9638888888888889}
2025-06-24 06:13:23,241 [INFO] [src.federated.server] - ===== Starting Round 10/30 =====
2025-06-24 06:13:23,242 [INFO] [src.federated.server] - Starting federated training round...
2025-06-24 06:13:23,242 [INFO] [src.federated.server] - Selected 10 clients out of 10 available (fraction=1.0, min_clients=1): ['client_7', 'client_6', 'client_9', 'client_1', 'client_2', 'client_8', 'client_4', 'client_5', 'client_3', 'client_0']
2025-06-24 06:13:23,242 [INFO] [src.federated.client] - Client client_7: Starting local training for 5 epochs. Proximal term mu=0.0.
2025-06-24 06:13:23,252 [INFO] [src.federated.client] - Client client_7 - Epoch 1/5 completed. Average Loss: 0.1202
2025-06-24 06:13:23,263 [INFO] [src.federated.client] - Client client_7 - Epoch 2/5 completed. Average Loss: 0.0879
2025-06-24 06:13:23,274 [INFO] [src.federated.client] - Client client_7 - Epoch 3/5 completed. Average Loss: 0.0624
2025-06-24 06:13:23,285 [INFO] [src.federated.client] - Client client_7 - Epoch 4/5 completed. Average Loss: 0.0481
2025-06-24 06:13:23,295 [INFO] [src.federated.client] - Client client_7 - Epoch 5/5 completed. Average Loss: 0.0397
2025-06-24 06:13:23,296 [INFO] [src.federated.client] - Client client_7: Local training finished. Processed 715 samples.
2025-06-24 06:13:23,296 [INFO] [src.federated.client] - Client client_6: Starting local training for 5 epochs. Proximal term mu=0.0.
2025-06-24 06:13:23,307 [INFO] [src.federated.client] - Client client_6 - Epoch 1/5 completed. Average Loss: 0.0474
2025-06-24 06:13:23,318 [INFO] [src.federated.client] - Client client_6 - Epoch 2/5 completed. Average Loss: 0.0344
2025-06-24 06:13:23,328 [INFO] [src.federated.client] - Client client_6 - Epoch 3/5 completed. Average Loss: 0.0268
2025-06-24 06:13:23,338 [INFO] [src.federated.client] - Client client_6 - Epoch 4/5 completed. Average Loss: 0.0229
2025-06-24 06:13:23,348 [INFO] [src.federated.client] - Client client_6 - Epoch 5/5 completed. Average Loss: 0.0194
2025-06-24 06:13:23,349 [INFO] [src.federated.client] - Client client_6: Local training finished. Processed 715 samples.
2025-06-24 06:13:23,349 [INFO] [src.federated.client] - Client client_9: Starting local training for 5 epochs. Proximal term mu=0.0.
2025-06-24 06:13:23,359 [INFO] [src.federated.client] - Client client_9 - Epoch 1/5 completed. Average Loss: 0.0671
2025-06-24 06:13:23,370 [INFO] [src.federated.client] - Client client_9 - Epoch 2/5 completed. Average Loss: 0.0513
2025-06-24 06:13:23,379 [INFO] [src.federated.client] - Client client_9 - Epoch 3/5 completed. Average Loss: 0.0307
2025-06-24 06:13:23,389 [INFO] [src.federated.client] - Client client_9 - Epoch 4/5 completed. Average Loss: 0.0252
2025-06-24 06:13:23,399 [INFO] [src.federated.client] - Client client_9 - Epoch 5/5 completed. Average Loss: 0.0211
2025-06-24 06:13:23,399 [INFO] [src.federated.client] - Client client_9: Local training finished. Processed 750 samples.
2025-06-24 06:13:23,400 [INFO] [src.federated.client] - Client client_1: Starting local training for 5 epochs. Proximal term mu=0.0.
2025-06-24 06:13:23,410 [INFO] [src.federated.client] - Client client_1 - Epoch 1/5 completed. Average Loss: 0.0459
2025-06-24 06:13:23,421 [INFO] [src.federated.client] - Client client_1 - Epoch 2/5 completed. Average Loss: 0.0343
2025-06-24 06:13:23,430 [INFO] [src.federated.client] - Client client_1 - Epoch 3/5 completed. Average Loss: 0.0257
2025-06-24 06:13:23,440 [INFO] [src.federated.client] - Client client_1 - Epoch 4/5 completed. Average Loss: 0.0224
2025-06-24 06:13:23,451 [INFO] [src.federated.client] - Client client_1 - Epoch 5/5 completed. Average Loss: 0.0192
2025-06-24 06:13:23,451 [INFO] [src.federated.client] - Client client_1: Local training finished. Processed 715 samples.
2025-06-24 06:13:23,452 [INFO] [src.federated.client] - Client client_2: Starting local training for 5 epochs. Proximal term mu=0.0.
2025-06-24 06:13:23,462 [INFO] [src.federated.client] - Client client_2 - Epoch 1/5 completed. Average Loss: 0.0585
2025-06-24 06:13:23,473 [INFO] [src.federated.client] - Client client_2 - Epoch 2/5 completed. Average Loss: 0.0436
2025-06-24 06:13:23,482 [INFO] [src.federated.client] - Client client_2 - Epoch 3/5 completed. Average Loss: 0.0315
2025-06-24 06:13:23,493 [INFO] [src.federated.client] - Client client_2 - Epoch 4/5 completed. Average Loss: 0.0252
2025-06-24 06:13:23,504 [INFO] [src.federated.client] - Client client_2 - Epoch 5/5 completed. Average Loss: 0.0218
2025-06-24 06:13:23,504 [INFO] [src.federated.client] - Client client_2: Local training finished. Processed 715 samples.
2025-06-24 06:13:23,505 [INFO] [src.federated.client] - Client client_8: Starting local training for 5 epochs. Proximal term mu=0.0.
2025-06-24 06:13:23,515 [INFO] [src.federated.client] - Client client_8 - Epoch 1/5 completed. Average Loss: 0.0570
2025-06-24 06:13:23,525 [INFO] [src.federated.client] - Client client_8 - Epoch 2/5 completed. Average Loss: 0.0399
2025-06-24 06:13:23,535 [INFO] [src.federated.client] - Client client_8 - Epoch 3/5 completed. Average Loss: 0.0292
2025-06-24 06:13:23,546 [INFO] [src.federated.client] - Client client_8 - Epoch 4/5 completed. Average Loss: 0.0238
2025-06-24 06:13:23,557 [INFO] [src.federated.client] - Client client_8 - Epoch 5/5 completed. Average Loss: 0.0208
2025-06-24 06:13:23,558 [INFO] [src.federated.client] - Client client_8: Local training finished. Processed 715 samples.
2025-06-24 06:13:23,558 [INFO] [src.federated.client] - Client client_4: Starting local training for 5 epochs. Proximal term mu=0.0.
2025-06-24 06:13:23,570 [INFO] [src.federated.client] - Client client_4 - Epoch 1/5 completed. Average Loss: 0.0965
2025-06-24 06:13:23,579 [INFO] [src.federated.client] - Client client_4 - Epoch 2/5 completed. Average Loss: 0.0692
2025-06-24 06:13:23,591 [INFO] [src.federated.client] - Client client_4 - Epoch 3/5 completed. Average Loss: 0.0482
2025-06-24 06:13:23,602 [INFO] [src.federated.client] - Client client_4 - Epoch 4/5 completed. Average Loss: 0.0365
2025-06-24 06:13:23,613 [INFO] [src.federated.client] - Client client_4 - Epoch 5/5 completed. Average Loss: 0.0295
2025-06-24 06:13:23,614 [INFO] [src.federated.client] - Client client_4: Local training finished. Processed 715 samples.
2025-06-24 06:13:23,615 [INFO] [src.federated.client] - Client client_5: Starting local training for 5 epochs. Proximal term mu=0.0.
2025-06-24 06:13:23,625 [INFO] [src.federated.client] - Client client_5 - Epoch 1/5 completed. Average Loss: 0.0595
2025-06-24 06:13:23,636 [INFO] [src.federated.client] - Client client_5 - Epoch 2/5 completed. Average Loss: 0.0395
2025-06-24 06:13:23,647 [INFO] [src.federated.client] - Client client_5 - Epoch 3/5 completed. Average Loss: 0.0306
2025-06-24 06:13:23,658 [INFO] [src.federated.client] - Client client_5 - Epoch 4/5 completed. Average Loss: 0.0241
2025-06-24 06:13:23,671 [INFO] [src.federated.client] - Client client_5 - Epoch 5/5 completed. Average Loss: 0.0213
2025-06-24 06:13:23,671 [INFO] [src.federated.client] - Client client_5: Local training finished. Processed 715 samples.
2025-06-24 06:13:23,672 [INFO] [src.federated.client] - Client client_3: Starting local training for 5 epochs. Proximal term mu=0.0.
2025-06-24 06:13:23,683 [INFO] [src.federated.client] - Client client_3 - Epoch 1/5 completed. Average Loss: 0.1299
2025-06-24 06:13:23,695 [INFO] [src.federated.client] - Client client_3 - Epoch 2/5 completed. Average Loss: 0.0966
2025-06-24 06:13:23,706 [INFO] [src.federated.client] - Client client_3 - Epoch 3/5 completed. Average Loss: 0.0731
2025-06-24 06:13:23,716 [INFO] [src.federated.client] - Client client_3 - Epoch 4/5 completed. Average Loss: 0.0574
2025-06-24 06:13:23,727 [INFO] [src.federated.client] - Client client_3 - Epoch 5/5 completed. Average Loss: 0.0455
2025-06-24 06:13:23,728 [INFO] [src.federated.client] - Client client_3: Local training finished. Processed 715 samples.
2025-06-24 06:13:23,728 [INFO] [src.federated.client] - Client client_0: Starting local training for 5 epochs. Proximal term mu=0.0.
2025-06-24 06:13:23,739 [INFO] [src.federated.client] - Client client_0 - Epoch 1/5 completed. Average Loss: 0.0532
2025-06-24 06:13:23,750 [INFO] [src.federated.client] - Client client_0 - Epoch 2/5 completed. Average Loss: 0.0378
2025-06-24 06:13:23,760 [INFO] [src.federated.client] - Client client_0 - Epoch 3/5 completed. Average Loss: 0.0278
2025-06-24 06:13:23,771 [INFO] [src.federated.client] - Client client_0 - Epoch 4/5 completed. Average Loss: 0.0229
2025-06-24 06:13:23,785 [INFO] [src.federated.client] - Client client_0 - Epoch 5/5 completed. Average Loss: 0.0196
2025-06-24 06:13:23,785 [INFO] [src.federated.client] - Client client_0: Local training finished. Processed 715 samples.
2025-06-24 06:13:23,786 [INFO] [src.federated.server] - Aggregating updates from 10 clients using FedAvg.
2025-06-24 06:13:23,786 [INFO] [src.federated.aggregation] - FedAvg: Aggregating updates from 10 clients.
2025-06-24 06:13:23,787 [INFO] [src.federated.aggregation] - FedAvg: Aggregation complete.
2025-06-24 06:13:23,787 [INFO] [src.federated.server] - Global model updated with aggregated parameters.
2025-06-24 06:13:23,787 [INFO] [src.federated.server] - Evaluating updated global model...
2025-06-24 06:13:23,792 [INFO] [src.federated.server] - Round 10 completed in 0.55s. Eval Metrics: {'loss': 0.12258948592676057, 'accuracy': 0.9666666666666667}
2025-06-24 06:13:23,792 [INFO] [src.federated.server] - ===== Starting Round 11/30 =====
2025-06-24 06:13:23,792 [INFO] [src.federated.server] - Starting federated training round...
2025-06-24 06:13:23,792 [INFO] [src.federated.server] - Selected 10 clients out of 10 available (fraction=1.0, min_clients=1): ['client_9', 'client_6', 'client_5', 'client_1', 'client_8', 'client_4', 'client_3', 'client_0', 'client_2', 'client_7']
2025-06-24 06:13:23,794 [INFO] [src.federated.client] - Client client_9: Starting local training for 5 epochs. Proximal term mu=0.0.
2025-06-24 06:13:23,804 [INFO] [src.federated.client] - Client client_9 - Epoch 1/5 completed. Average Loss: 0.0598
2025-06-24 06:13:23,815 [INFO] [src.federated.client] - Client client_9 - Epoch 2/5 completed. Average Loss: 0.0417
2025-06-24 06:13:23,827 [INFO] [src.federated.client] - Client client_9 - Epoch 3/5 completed. Average Loss: 0.0299
2025-06-24 06:13:23,839 [INFO] [src.federated.client] - Client client_9 - Epoch 4/5 completed. Average Loss: 0.0208
2025-06-24 06:13:23,849 [INFO] [src.federated.client] - Client client_9 - Epoch 5/5 completed. Average Loss: 0.0176
2025-06-24 06:13:23,850 [INFO] [src.federated.client] - Client client_9: Local training finished. Processed 750 samples.
2025-06-24 06:13:23,850 [INFO] [src.federated.client] - Client client_6: Starting local training for 5 epochs. Proximal term mu=0.0.
2025-06-24 06:13:23,862 [INFO] [src.federated.client] - Client client_6 - Epoch 1/5 completed. Average Loss: 0.0385
2025-06-24 06:13:23,873 [INFO] [src.federated.client] - Client client_6 - Epoch 2/5 completed. Average Loss: 0.0288
2025-06-24 06:13:23,884 [INFO] [src.federated.client] - Client client_6 - Epoch 3/5 completed. Average Loss: 0.0219
2025-06-24 06:13:23,896 [INFO] [src.federated.client] - Client client_6 - Epoch 4/5 completed. Average Loss: 0.0184
2025-06-24 06:13:23,908 [INFO] [src.federated.client] - Client client_6 - Epoch 5/5 completed. Average Loss: 0.0159
2025-06-24 06:13:23,908 [INFO] [src.federated.client] - Client client_6: Local training finished. Processed 715 samples.
2025-06-24 06:13:23,909 [INFO] [src.federated.client] - Client client_5: Starting local training for 5 epochs. Proximal term mu=0.0.
2025-06-24 06:13:23,921 [INFO] [src.federated.client] - Client client_5 - Epoch 1/5 completed. Average Loss: 0.0485
2025-06-24 06:13:23,934 [INFO] [src.federated.client] - Client client_5 - Epoch 2/5 completed. Average Loss: 0.0330
2025-06-24 06:13:23,944 [INFO] [src.federated.client] - Client client_5 - Epoch 3/5 completed. Average Loss: 0.0243
2025-06-24 06:13:23,955 [INFO] [src.federated.client] - Client client_5 - Epoch 4/5 completed. Average Loss: 0.0195
2025-06-24 06:13:23,967 [INFO] [src.federated.client] - Client client_5 - Epoch 5/5 completed. Average Loss: 0.0177
2025-06-24 06:13:23,968 [INFO] [src.federated.client] - Client client_5: Local training finished. Processed 715 samples.
2025-06-24 06:13:23,969 [INFO] [src.federated.client] - Client client_1: Starting local training for 5 epochs. Proximal term mu=0.0.
2025-06-24 06:13:23,981 [INFO] [src.federated.client] - Client client_1 - Epoch 1/5 completed. Average Loss: 0.0387
2025-06-24 06:13:23,991 [INFO] [src.federated.client] - Client client_1 - Epoch 2/5 completed. Average Loss: 0.0280
2025-06-24 06:13:24,003 [INFO] [src.federated.client] - Client client_1 - Epoch 3/5 completed. Average Loss: 0.0218
2025-06-24 06:13:24,013 [INFO] [src.federated.client] - Client client_1 - Epoch 4/5 completed. Average Loss: 0.0187
2025-06-24 06:13:24,027 [INFO] [src.federated.client] - Client client_1 - Epoch 5/5 completed. Average Loss: 0.0159
2025-06-24 06:13:24,028 [INFO] [src.federated.client] - Client client_1: Local training finished. Processed 715 samples.
2025-06-24 06:13:24,029 [INFO] [src.federated.client] - Client client_8: Starting local training for 5 epochs. Proximal term mu=0.0.
2025-06-24 06:13:24,040 [INFO] [src.federated.client] - Client client_8 - Epoch 1/5 completed. Average Loss: 0.0492
2025-06-24 06:13:24,053 [INFO] [src.federated.client] - Client client_8 - Epoch 2/5 completed. Average Loss: 0.0341
2025-06-24 06:13:24,065 [INFO] [src.federated.client] - Client client_8 - Epoch 3/5 completed. Average Loss: 0.0243
2025-06-24 06:13:24,076 [INFO] [src.federated.client] - Client client_8 - Epoch 4/5 completed. Average Loss: 0.0200
2025-06-24 06:13:24,088 [INFO] [src.federated.client] - Client client_8 - Epoch 5/5 completed. Average Loss: 0.0172
2025-06-24 06:13:24,088 [INFO] [src.federated.client] - Client client_8: Local training finished. Processed 715 samples.
2025-06-24 06:13:24,089 [INFO] [src.federated.client] - Client client_4: Starting local training for 5 epochs. Proximal term mu=0.0.
2025-06-24 06:13:24,101 [INFO] [src.federated.client] - Client client_4 - Epoch 1/5 completed. Average Loss: 0.0873
2025-06-24 06:13:24,114 [INFO] [src.federated.client] - Client client_4 - Epoch 2/5 completed. Average Loss: 0.0551
2025-06-24 06:13:24,126 [INFO] [src.federated.client] - Client client_4 - Epoch 3/5 completed. Average Loss: 0.0426
2025-06-24 06:13:24,138 [INFO] [src.federated.client] - Client client_4 - Epoch 4/5 completed. Average Loss: 0.0333
2025-06-24 06:13:24,150 [INFO] [src.federated.client] - Client client_4 - Epoch 5/5 completed. Average Loss: 0.0257
2025-06-24 06:13:24,151 [INFO] [src.federated.client] - Client client_4: Local training finished. Processed 715 samples.
2025-06-24 06:13:24,151 [INFO] [src.federated.client] - Client client_3: Starting local training for 5 epochs. Proximal term mu=0.0.
2025-06-24 06:13:24,161 [INFO] [src.federated.client] - Client client_3 - Epoch 1/5 completed. Average Loss: 0.1167
2025-06-24 06:13:24,173 [INFO] [src.federated.client] - Client client_3 - Epoch 2/5 completed. Average Loss: 0.0832
2025-06-24 06:13:24,184 [INFO] [src.federated.client] - Client client_3 - Epoch 3/5 completed. Average Loss: 0.0645
2025-06-24 06:13:24,195 [INFO] [src.federated.client] - Client client_3 - Epoch 4/5 completed. Average Loss: 0.0494
2025-06-24 06:13:24,206 [INFO] [src.federated.client] - Client client_3 - Epoch 5/5 completed. Average Loss: 0.0373
2025-06-24 06:13:24,207 [INFO] [src.federated.client] - Client client_3: Local training finished. Processed 715 samples.
2025-06-24 06:13:24,207 [INFO] [src.federated.client] - Client client_0: Starting local training for 5 epochs. Proximal term mu=0.0.
2025-06-24 06:13:24,219 [INFO] [src.federated.client] - Client client_0 - Epoch 1/5 completed. Average Loss: 0.0465
2025-06-24 06:13:24,229 [INFO] [src.federated.client] - Client client_0 - Epoch 2/5 completed. Average Loss: 0.0334
2025-06-24 06:13:24,242 [INFO] [src.federated.client] - Client client_0 - Epoch 3/5 completed. Average Loss: 0.0239
2025-06-24 06:13:24,254 [INFO] [src.federated.client] - Client client_0 - Epoch 4/5 completed. Average Loss: 0.0185
2025-06-24 06:13:24,265 [INFO] [src.federated.client] - Client client_0 - Epoch 5/5 completed. Average Loss: 0.0162
2025-06-24 06:13:24,266 [INFO] [src.federated.client] - Client client_0: Local training finished. Processed 715 samples.
2025-06-24 06:13:24,266 [INFO] [src.federated.client] - Client client_2: Starting local training for 5 epochs. Proximal term mu=0.0.
2025-06-24 06:13:24,278 [INFO] [src.federated.client] - Client client_2 - Epoch 1/5 completed. Average Loss: 0.0487
2025-06-24 06:13:24,288 [INFO] [src.federated.client] - Client client_2 - Epoch 2/5 completed. Average Loss: 0.0332
2025-06-24 06:13:24,299 [INFO] [src.federated.client] - Client client_2 - Epoch 3/5 completed. Average Loss: 0.0256
2025-06-24 06:13:24,310 [INFO] [src.federated.client] - Client client_2 - Epoch 4/5 completed. Average Loss: 0.0206
2025-06-24 06:13:24,321 [INFO] [src.federated.client] - Client client_2 - Epoch 5/5 completed. Average Loss: 0.0179
2025-06-24 06:13:24,322 [INFO] [src.federated.client] - Client client_2: Local training finished. Processed 715 samples.
2025-06-24 06:13:24,322 [INFO] [src.federated.client] - Client client_7: Starting local training for 5 epochs. Proximal term mu=0.0.
2025-06-24 06:13:24,333 [INFO] [src.federated.client] - Client client_7 - Epoch 1/5 completed. Average Loss: 0.1043
2025-06-24 06:13:24,343 [INFO] [src.federated.client] - Client client_7 - Epoch 2/5 completed. Average Loss: 0.0758
2025-06-24 06:13:24,354 [INFO] [src.federated.client] - Client client_7 - Epoch 3/5 completed. Average Loss: 0.0538
2025-06-24 06:13:24,365 [INFO] [src.federated.client] - Client client_7 - Epoch 4/5 completed. Average Loss: 0.0396
2025-06-24 06:13:24,375 [INFO] [src.federated.client] - Client client_7 - Epoch 5/5 completed. Average Loss: 0.0318
2025-06-24 06:13:24,376 [INFO] [src.federated.client] - Client client_7: Local training finished. Processed 715 samples.
2025-06-24 06:13:24,376 [INFO] [src.federated.server] - Aggregating updates from 10 clients using FedAvg.
2025-06-24 06:13:24,376 [INFO] [src.federated.aggregation] - FedAvg: Aggregating updates from 10 clients.
2025-06-24 06:13:24,377 [INFO] [src.federated.aggregation] - FedAvg: Aggregation complete.
2025-06-24 06:13:24,378 [INFO] [src.federated.server] - Global model updated with aggregated parameters.
2025-06-24 06:13:24,378 [INFO] [src.federated.server] - Evaluating updated global model...
2025-06-24 06:13:24,382 [INFO] [src.federated.server] - Round 11 completed in 0.59s. Eval Metrics: {'loss': 0.11602695683638255, 'accuracy': 0.9666666666666667}
2025-06-24 06:13:24,382 [INFO] [src.federated.server] - ===== Starting Round 12/30 =====
2025-06-24 06:13:24,383 [INFO] [src.federated.server] - Starting federated training round...
2025-06-24 06:13:24,383 [INFO] [src.federated.server] - Selected 10 clients out of 10 available (fraction=1.0, min_clients=1): ['client_2', 'client_9', 'client_6', 'client_4', 'client_0', 'client_3', 'client_7', 'client_8', 'client_1', 'client_5']
2025-06-24 06:13:24,384 [INFO] [src.federated.client] - Client client_2: Starting local training for 5 epochs. Proximal term mu=0.0.
2025-06-24 06:13:24,397 [INFO] [src.federated.client] - Client client_2 - Epoch 1/5 completed. Average Loss: 0.0401
2025-06-24 06:13:24,408 [INFO] [src.federated.client] - Client client_2 - Epoch 2/5 completed. Average Loss: 0.0276
2025-06-24 06:13:24,419 [INFO] [src.federated.client] - Client client_2 - Epoch 3/5 completed. Average Loss: 0.0227
2025-06-24 06:13:24,431 [INFO] [src.federated.client] - Client client_2 - Epoch 4/5 completed. Average Loss: 0.0178
2025-06-24 06:13:24,441 [INFO] [src.federated.client] - Client client_2 - Epoch 5/5 completed. Average Loss: 0.0152
2025-06-24 06:13:24,442 [INFO] [src.federated.client] - Client client_2: Local training finished. Processed 715 samples.
2025-06-24 06:13:24,443 [INFO] [src.federated.client] - Client client_9: Starting local training for 5 epochs. Proximal term mu=0.0.
2025-06-24 06:13:24,453 [INFO] [src.federated.client] - Client client_9 - Epoch 1/5 completed. Average Loss: 0.0539
2025-06-24 06:13:24,463 [INFO] [src.federated.client] - Client client_9 - Epoch 2/5 completed. Average Loss: 0.0365
2025-06-24 06:13:24,473 [INFO] [src.federated.client] - Client client_9 - Epoch 3/5 completed. Average Loss: 0.0217
2025-06-24 06:13:24,485 [INFO] [src.federated.client] - Client client_9 - Epoch 4/5 completed. Average Loss: 0.0186
2025-06-24 06:13:24,495 [INFO] [src.federated.client] - Client client_9 - Epoch 5/5 completed. Average Loss: 0.0151
2025-06-24 06:13:24,495 [INFO] [src.federated.client] - Client client_9: Local training finished. Processed 750 samples.
2025-06-24 06:13:24,496 [INFO] [src.federated.client] - Client client_6: Starting local training for 5 epochs. Proximal term mu=0.0.
2025-06-24 06:13:24,506 [INFO] [src.federated.client] - Client client_6 - Epoch 1/5 completed. Average Loss: 0.0316
2025-06-24 06:13:24,517 [INFO] [src.federated.client] - Client client_6 - Epoch 2/5 completed. Average Loss: 0.0227
2025-06-24 06:13:24,527 [INFO] [src.federated.client] - Client client_6 - Epoch 3/5 completed. Average Loss: 0.0184
2025-06-24 06:13:24,536 [INFO] [src.federated.client] - Client client_6 - Epoch 4/5 completed. Average Loss: 0.0151
2025-06-24 06:13:24,548 [INFO] [src.federated.client] - Client client_6 - Epoch 5/5 completed. Average Loss: 0.0132
2025-06-24 06:13:24,548 [INFO] [src.federated.client] - Client client_6: Local training finished. Processed 715 samples.
2025-06-24 06:13:24,549 [INFO] [src.federated.client] - Client client_4: Starting local training for 5 epochs. Proximal term mu=0.0.
2025-06-24 06:13:24,559 [INFO] [src.federated.client] - Client client_4 - Epoch 1/5 completed. Average Loss: 0.0784
2025-06-24 06:13:24,570 [INFO] [src.federated.client] - Client client_4 - Epoch 2/5 completed. Average Loss: 0.0547
2025-06-24 06:13:24,581 [INFO] [src.federated.client] - Client client_4 - Epoch 3/5 completed. Average Loss: 0.0349
2025-06-24 06:13:24,592 [INFO] [src.federated.client] - Client client_4 - Epoch 4/5 completed. Average Loss: 0.0283
2025-06-24 06:13:24,601 [INFO] [src.federated.client] - Client client_4 - Epoch 5/5 completed. Average Loss: 0.0220
2025-06-24 06:13:24,602 [INFO] [src.federated.client] - Client client_4: Local training finished. Processed 715 samples.
2025-06-24 06:13:24,602 [INFO] [src.federated.client] - Client client_0: Starting local training for 5 epochs. Proximal term mu=0.0.
2025-06-24 06:13:24,611 [INFO] [src.federated.client] - Client client_0 - Epoch 1/5 completed. Average Loss: 0.0405
2025-06-24 06:13:24,621 [INFO] [src.federated.client] - Client client_0 - Epoch 2/5 completed. Average Loss: 0.0280
2025-06-24 06:13:24,632 [INFO] [src.federated.client] - Client client_0 - Epoch 3/5 completed. Average Loss: 0.0202
2025-06-24 06:13:24,642 [INFO] [src.federated.client] - Client client_0 - Epoch 4/5 completed. Average Loss: 0.0161
2025-06-24 06:13:24,651 [INFO] [src.federated.client] - Client client_0 - Epoch 5/5 completed. Average Loss: 0.0136
2025-06-24 06:13:24,652 [INFO] [src.federated.client] - Client client_0: Local training finished. Processed 715 samples.
2025-06-24 06:13:24,652 [INFO] [src.federated.client] - Client client_3: Starting local training for 5 epochs. Proximal term mu=0.0.
2025-06-24 06:13:24,662 [INFO] [src.federated.client] - Client client_3 - Epoch 1/5 completed. Average Loss: 0.1035
2025-06-24 06:13:24,673 [INFO] [src.federated.client] - Client client_3 - Epoch 2/5 completed. Average Loss: 0.0757
2025-06-24 06:13:24,682 [INFO] [src.federated.client] - Client client_3 - Epoch 3/5 completed. Average Loss: 0.0535
2025-06-24 06:13:24,693 [INFO] [src.federated.client] - Client client_3 - Epoch 4/5 completed. Average Loss: 0.0395
2025-06-24 06:13:24,704 [INFO] [src.federated.client] - Client client_3 - Epoch 5/5 completed. Average Loss: 0.0328
2025-06-24 06:13:24,704 [INFO] [src.federated.client] - Client client_3: Local training finished. Processed 715 samples.
2025-06-24 06:13:24,705 [INFO] [src.federated.client] - Client client_7: Starting local training for 5 epochs. Proximal term mu=0.0.
2025-06-24 06:13:24,715 [INFO] [src.federated.client] - Client client_7 - Epoch 1/5 completed. Average Loss: 0.0924
2025-06-24 06:13:24,727 [INFO] [src.federated.client] - Client client_7 - Epoch 2/5 completed. Average Loss: 0.0615
2025-06-24 06:13:24,737 [INFO] [src.federated.client] - Client client_7 - Epoch 3/5 completed. Average Loss: 0.0424
2025-06-24 06:13:24,747 [INFO] [src.federated.client] - Client client_7 - Epoch 4/5 completed. Average Loss: 0.0322
2025-06-24 06:13:24,759 [INFO] [src.federated.client] - Client client_7 - Epoch 5/5 completed. Average Loss: 0.0273
2025-06-24 06:13:24,759 [INFO] [src.federated.client] - Client client_7: Local training finished. Processed 715 samples.
2025-06-24 06:13:24,760 [INFO] [src.federated.client] - Client client_8: Starting local training for 5 epochs. Proximal term mu=0.0.
2025-06-24 06:13:24,772 [INFO] [src.federated.client] - Client client_8 - Epoch 1/5 completed. Average Loss: 0.0423
2025-06-24 06:13:24,784 [INFO] [src.federated.client] - Client client_8 - Epoch 2/5 completed. Average Loss: 0.0286
2025-06-24 06:13:24,796 [INFO] [src.federated.client] - Client client_8 - Epoch 3/5 completed. Average Loss: 0.0210
2025-06-24 06:13:24,808 [INFO] [src.federated.client] - Client client_8 - Epoch 4/5 completed. Average Loss: 0.0172
2025-06-24 06:13:24,820 [INFO] [src.federated.client] - Client client_8 - Epoch 5/5 completed. Average Loss: 0.0149
2025-06-24 06:13:24,821 [INFO] [src.federated.client] - Client client_8: Local training finished. Processed 715 samples.
2025-06-24 06:13:24,822 [INFO] [src.federated.client] - Client client_1: Starting local training for 5 epochs. Proximal term mu=0.0.
2025-06-24 06:13:24,833 [INFO] [src.federated.client] - Client client_1 - Epoch 1/5 completed. Average Loss: 0.0325
2025-06-24 06:13:24,846 [INFO] [src.federated.client] - Client client_1 - Epoch 2/5 completed. Average Loss: 0.0240
2025-06-24 06:13:24,859 [INFO] [src.federated.client] - Client client_1 - Epoch 3/5 completed. Average Loss: 0.0190
2025-06-24 06:13:24,871 [INFO] [src.federated.client] - Client client_1 - Epoch 4/5 completed. Average Loss: 0.0156
2025-06-24 06:13:24,884 [INFO] [src.federated.client] - Client client_1 - Epoch 5/5 completed. Average Loss: 0.0136
2025-06-24 06:13:24,885 [INFO] [src.federated.client] - Client client_1: Local training finished. Processed 715 samples.
2025-06-24 06:13:24,886 [INFO] [src.federated.client] - Client client_5: Starting local training for 5 epochs. Proximal term mu=0.0.
2025-06-24 06:13:24,898 [INFO] [src.federated.client] - Client client_5 - Epoch 1/5 completed. Average Loss: 0.0422
2025-06-24 06:13:24,909 [INFO] [src.federated.client] - Client client_5 - Epoch 2/5 completed. Average Loss: 0.0271
2025-06-24 06:13:24,919 [INFO] [src.federated.client] - Client client_5 - Epoch 3/5 completed. Average Loss: 0.0200
2025-06-24 06:13:24,931 [INFO] [src.federated.client] - Client client_5 - Epoch 4/5 completed. Average Loss: 0.0164
2025-06-24 06:13:24,943 [INFO] [src.federated.client] - Client client_5 - Epoch 5/5 completed. Average Loss: 0.0145
2025-06-24 06:13:24,943 [INFO] [src.federated.client] - Client client_5: Local training finished. Processed 715 samples.
2025-06-24 06:13:24,944 [INFO] [src.federated.server] - Aggregating updates from 10 clients using FedAvg.
2025-06-24 06:13:24,944 [INFO] [src.federated.aggregation] - FedAvg: Aggregating updates from 10 clients.
2025-06-24 06:13:24,944 [INFO] [src.federated.aggregation] - FedAvg: Aggregation complete.
2025-06-24 06:13:24,945 [INFO] [src.federated.server] - Global model updated with aggregated parameters.
2025-06-24 06:13:24,945 [INFO] [src.federated.server] - Evaluating updated global model...
2025-06-24 06:13:24,949 [INFO] [src.federated.server] - Round 12 completed in 0.57s. Eval Metrics: {'loss': 0.11098300003343159, 'accuracy': 0.9666666666666667}
2025-06-24 06:13:24,949 [INFO] [src.federated.server] - ===== Starting Round 13/30 =====
2025-06-24 06:13:24,949 [INFO] [src.federated.server] - Starting federated training round...
2025-06-24 06:13:24,949 [INFO] [src.federated.server] - Selected 10 clients out of 10 available (fraction=1.0, min_clients=1): ['client_8', 'client_0', 'client_1', 'client_5', 'client_4', 'client_2', 'client_6', 'client_9', 'client_7', 'client_3']
2025-06-24 06:13:24,950 [INFO] [src.federated.client] - Client client_8: Starting local training for 5 epochs. Proximal term mu=0.0.
2025-06-24 06:13:24,963 [INFO] [src.federated.client] - Client client_8 - Epoch 1/5 completed. Average Loss: 0.0365
2025-06-24 06:13:24,974 [INFO] [src.federated.client] - Client client_8 - Epoch 2/5 completed. Average Loss: 0.0248
2025-06-24 06:13:24,985 [INFO] [src.federated.client] - Client client_8 - Epoch 3/5 completed. Average Loss: 0.0182
2025-06-24 06:13:24,996 [INFO] [src.federated.client] - Client client_8 - Epoch 4/5 completed. Average Loss: 0.0145
2025-06-24 06:13:25,006 [INFO] [src.federated.client] - Client client_8 - Epoch 5/5 completed. Average Loss: 0.0126
2025-06-24 06:13:25,007 [INFO] [src.federated.client] - Client client_8: Local training finished. Processed 715 samples.
2025-06-24 06:13:25,008 [INFO] [src.federated.client] - Client client_0: Starting local training for 5 epochs. Proximal term mu=0.0.
2025-06-24 06:13:25,018 [INFO] [src.federated.client] - Client client_0 - Epoch 1/5 completed. Average Loss: 0.0362
2025-06-24 06:13:25,029 [INFO] [src.federated.client] - Client client_0 - Epoch 2/5 completed. Average Loss: 0.0245
2025-06-24 06:13:25,040 [INFO] [src.federated.client] - Client client_0 - Epoch 3/5 completed. Average Loss: 0.0171
2025-06-24 06:13:25,052 [INFO] [src.federated.client] - Client client_0 - Epoch 4/5 completed. Average Loss: 0.0137
2025-06-24 06:13:25,065 [INFO] [src.federated.client] - Client client_0 - Epoch 5/5 completed. Average Loss: 0.0117
2025-06-24 06:13:25,065 [INFO] [src.federated.client] - Client client_0: Local training finished. Processed 715 samples.
2025-06-24 06:13:25,066 [INFO] [src.federated.client] - Client client_1: Starting local training for 5 epochs. Proximal term mu=0.0.
2025-06-24 06:13:25,077 [INFO] [src.federated.client] - Client client_1 - Epoch 1/5 completed. Average Loss: 0.0281
2025-06-24 06:13:25,087 [INFO] [src.federated.client] - Client client_1 - Epoch 2/5 completed. Average Loss: 0.0210
2025-06-24 06:13:25,097 [INFO] [src.federated.client] - Client client_1 - Epoch 3/5 completed. Average Loss: 0.0154
2025-06-24 06:13:25,107 [INFO] [src.federated.client] - Client client_1 - Epoch 4/5 completed. Average Loss: 0.0129
2025-06-24 06:13:25,118 [INFO] [src.federated.client] - Client client_1 - Epoch 5/5 completed. Average Loss: 0.0115
2025-06-24 06:13:25,119 [INFO] [src.federated.client] - Client client_1: Local training finished. Processed 715 samples.
2025-06-24 06:13:25,120 [INFO] [src.federated.client] - Client client_5: Starting local training for 5 epochs. Proximal term mu=0.0.
2025-06-24 06:13:25,130 [INFO] [src.federated.client] - Client client_5 - Epoch 1/5 completed. Average Loss: 0.0352
2025-06-24 06:13:25,139 [INFO] [src.federated.client] - Client client_5 - Epoch 2/5 completed. Average Loss: 0.0232
2025-06-24 06:13:25,151 [INFO] [src.federated.client] - Client client_5 - Epoch 3/5 completed. Average Loss: 0.0173
2025-06-24 06:13:25,161 [INFO] [src.federated.client] - Client client_5 - Epoch 4/5 completed. Average Loss: 0.0145
2025-06-24 06:13:25,179 [INFO] [src.federated.client] - Client client_5 - Epoch 5/5 completed. Average Loss: 0.0125
2025-06-24 06:13:25,180 [INFO] [src.federated.client] - Client client_5: Local training finished. Processed 715 samples.
2025-06-24 06:13:25,181 [INFO] [src.federated.client] - Client client_4: Starting local training for 5 epochs. Proximal term mu=0.0.
2025-06-24 06:13:25,199 [INFO] [src.federated.client] - Client client_4 - Epoch 1/5 completed. Average Loss: 0.0716
2025-06-24 06:13:25,210 [INFO] [src.federated.client] - Client client_4 - Epoch 2/5 completed. Average Loss: 0.0459
2025-06-24 06:13:25,222 [INFO] [src.federated.client] - Client client_4 - Epoch 3/5 completed. Average Loss: 0.0316
2025-06-24 06:13:25,232 [INFO] [src.federated.client] - Client client_4 - Epoch 4/5 completed. Average Loss: 0.0240
2025-06-24 06:13:25,243 [INFO] [src.federated.client] - Client client_4 - Epoch 5/5 completed. Average Loss: 0.0185
2025-06-24 06:13:25,244 [INFO] [src.federated.client] - Client client_4: Local training finished. Processed 715 samples.
2025-06-24 06:13:25,245 [INFO] [src.federated.client] - Client client_2: Starting local training for 5 epochs. Proximal term mu=0.0.
2025-06-24 06:13:25,256 [INFO] [src.federated.client] - Client client_2 - Epoch 1/5 completed. Average Loss: 0.0335
2025-06-24 06:13:25,265 [INFO] [src.federated.client] - Client client_2 - Epoch 2/5 completed. Average Loss: 0.0255
2025-06-24 06:13:25,274 [INFO] [src.federated.client] - Client client_2 - Epoch 3/5 completed. Average Loss: 0.0184
2025-06-24 06:13:25,285 [INFO] [src.federated.client] - Client client_2 - Epoch 4/5 completed. Average Loss: 0.0152
2025-06-24 06:13:25,295 [INFO] [src.federated.client] - Client client_2 - Epoch 5/5 completed. Average Loss: 0.0128
2025-06-24 06:13:25,296 [INFO] [src.federated.client] - Client client_2: Local training finished. Processed 715 samples.
2025-06-24 06:13:25,296 [INFO] [src.federated.client] - Client client_6: Starting local training for 5 epochs. Proximal term mu=0.0.
2025-06-24 06:13:25,307 [INFO] [src.federated.client] - Client client_6 - Epoch 1/5 completed. Average Loss: 0.0259
2025-06-24 06:13:25,316 [INFO] [src.federated.client] - Client client_6 - Epoch 2/5 completed. Average Loss: 0.0197
2025-06-24 06:13:25,327 [INFO] [src.federated.client] - Client client_6 - Epoch 3/5 completed. Average Loss: 0.0157
2025-06-24 06:13:25,339 [INFO] [src.federated.client] - Client client_6 - Epoch 4/5 completed. Average Loss: 0.0127
2025-06-24 06:13:25,349 [INFO] [src.federated.client] - Client client_6 - Epoch 5/5 completed. Average Loss: 0.0113
2025-06-24 06:13:25,349 [INFO] [src.federated.client] - Client client_6: Local training finished. Processed 715 samples.
2025-06-24 06:13:25,350 [INFO] [src.federated.client] - Client client_9: Starting local training for 5 epochs. Proximal term mu=0.0.
2025-06-24 06:13:25,360 [INFO] [src.federated.client] - Client client_9 - Epoch 1/5 completed. Average Loss: 0.0468
2025-06-24 06:13:25,370 [INFO] [src.federated.client] - Client client_9 - Epoch 2/5 completed. Average Loss: 0.0372
2025-06-24 06:13:25,381 [INFO] [src.federated.client] - Client client_9 - Epoch 3/5 completed. Average Loss: 0.0185
2025-06-24 06:13:25,391 [INFO] [src.federated.client] - Client client_9 - Epoch 4/5 completed. Average Loss: 0.0157
2025-06-24 06:13:25,402 [INFO] [src.federated.client] - Client client_9 - Epoch 5/5 completed. Average Loss: 0.0129
2025-06-24 06:13:25,402 [INFO] [src.federated.client] - Client client_9: Local training finished. Processed 750 samples.
2025-06-24 06:13:25,403 [INFO] [src.federated.client] - Client client_7: Starting local training for 5 epochs. Proximal term mu=0.0.
2025-06-24 06:13:25,413 [INFO] [src.federated.client] - Client client_7 - Epoch 1/5 completed. Average Loss: 0.0813
2025-06-24 06:13:25,423 [INFO] [src.federated.client] - Client client_7 - Epoch 2/5 completed. Average Loss: 0.0563
2025-06-24 06:13:25,434 [INFO] [src.federated.client] - Client client_7 - Epoch 3/5 completed. Average Loss: 0.0400
2025-06-24 06:13:25,444 [INFO] [src.federated.client] - Client client_7 - Epoch 4/5 completed. Average Loss: 0.0294
2025-06-24 06:13:25,454 [INFO] [src.federated.client] - Client client_7 - Epoch 5/5 completed. Average Loss: 0.0234
2025-06-24 06:13:25,455 [INFO] [src.federated.client] - Client client_7: Local training finished. Processed 715 samples.
2025-06-24 06:13:25,455 [INFO] [src.federated.client] - Client client_3: Starting local training for 5 epochs. Proximal term mu=0.0.
2025-06-24 06:13:25,466 [INFO] [src.federated.client] - Client client_3 - Epoch 1/5 completed. Average Loss: 0.0921
2025-06-24 06:13:25,478 [INFO] [src.federated.client] - Client client_3 - Epoch 2/5 completed. Average Loss: 0.0665
2025-06-24 06:13:25,488 [INFO] [src.federated.client] - Client client_3 - Epoch 3/5 completed. Average Loss: 0.0453
2025-06-24 06:13:25,499 [INFO] [src.federated.client] - Client client_3 - Epoch 4/5 completed. Average Loss: 0.0361
2025-06-24 06:13:25,509 [INFO] [src.federated.client] - Client client_3 - Epoch 5/5 completed. Average Loss: 0.0260
2025-06-24 06:13:25,509 [INFO] [src.federated.client] - Client client_3: Local training finished. Processed 715 samples.
2025-06-24 06:13:25,510 [INFO] [src.federated.server] - Aggregating updates from 10 clients using FedAvg.
2025-06-24 06:13:25,510 [INFO] [src.federated.aggregation] - FedAvg: Aggregating updates from 10 clients.
2025-06-24 06:13:25,511 [INFO] [src.federated.aggregation] - FedAvg: Aggregation complete.
2025-06-24 06:13:25,511 [INFO] [src.federated.server] - Global model updated with aggregated parameters.
2025-06-24 06:13:25,511 [INFO] [src.federated.server] - Evaluating updated global model...
2025-06-24 06:13:25,515 [INFO] [src.federated.server] - Round 13 completed in 0.57s. Eval Metrics: {'loss': 0.10616742148995399, 'accuracy': 0.9638888888888889}
2025-06-24 06:13:25,516 [INFO] [src.federated.server] - ===== Starting Round 14/30 =====
2025-06-24 06:13:25,516 [INFO] [src.federated.server] - Starting federated training round...
2025-06-24 06:13:25,516 [INFO] [src.federated.server] - Selected 10 clients out of 10 available (fraction=1.0, min_clients=1): ['client_2', 'client_7', 'client_0', 'client_5', 'client_6', 'client_9', 'client_1', 'client_4', 'client_8', 'client_3']
2025-06-24 06:13:25,517 [INFO] [src.federated.client] - Client client_2: Starting local training for 5 epochs. Proximal term mu=0.0.
2025-06-24 06:13:25,529 [INFO] [src.federated.client] - Client client_2 - Epoch 1/5 completed. Average Loss: 0.0284
2025-06-24 06:13:25,540 [INFO] [src.federated.client] - Client client_2 - Epoch 2/5 completed. Average Loss: 0.0203
2025-06-24 06:13:25,550 [INFO] [src.federated.client] - Client client_2 - Epoch 3/5 completed. Average Loss: 0.0154
2025-06-24 06:13:25,560 [INFO] [src.federated.client] - Client client_2 - Epoch 4/5 completed. Average Loss: 0.0131
2025-06-24 06:13:25,570 [INFO] [src.federated.client] - Client client_2 - Epoch 5/5 completed. Average Loss: 0.0112
2025-06-24 06:13:25,571 [INFO] [src.federated.client] - Client client_2: Local training finished. Processed 715 samples.
2025-06-24 06:13:25,571 [INFO] [src.federated.client] - Client client_7: Starting local training for 5 epochs. Proximal term mu=0.0.
2025-06-24 06:13:25,582 [INFO] [src.federated.client] - Client client_7 - Epoch 1/5 completed. Average Loss: 0.0744
2025-06-24 06:13:25,592 [INFO] [src.federated.client] - Client client_7 - Epoch 2/5 completed. Average Loss: 0.0484
2025-06-24 06:13:25,603 [INFO] [src.federated.client] - Client client_7 - Epoch 3/5 completed. Average Loss: 0.0328
2025-06-24 06:13:25,614 [INFO] [src.federated.client] - Client client_7 - Epoch 4/5 completed. Average Loss: 0.0256
2025-06-24 06:13:25,624 [INFO] [src.federated.client] - Client client_7 - Epoch 5/5 completed. Average Loss: 0.0201
2025-06-24 06:13:25,624 [INFO] [src.federated.client] - Client client_7: Local training finished. Processed 715 samples.
2025-06-24 06:13:25,625 [INFO] [src.federated.client] - Client client_0: Starting local training for 5 epochs. Proximal term mu=0.0.
2025-06-24 06:13:25,637 [INFO] [src.federated.client] - Client client_0 - Epoch 1/5 completed. Average Loss: 0.0312
2025-06-24 06:13:25,650 [INFO] [src.federated.client] - Client client_0 - Epoch 2/5 completed. Average Loss: 0.0236
2025-06-24 06:13:25,662 [INFO] [src.federated.client] - Client client_0 - Epoch 3/5 completed. Average Loss: 0.0141
2025-06-24 06:13:25,673 [INFO] [src.federated.client] - Client client_0 - Epoch 4/5 completed. Average Loss: 0.0120
2025-06-24 06:13:25,683 [INFO] [src.federated.client] - Client client_0 - Epoch 5/5 completed. Average Loss: 0.0105
2025-06-24 06:13:25,684 [INFO] [src.federated.client] - Client client_0: Local training finished. Processed 715 samples.
2025-06-24 06:13:25,684 [INFO] [src.federated.client] - Client client_5: Starting local training for 5 epochs. Proximal term mu=0.0.
2025-06-24 06:13:25,694 [INFO] [src.federated.client] - Client client_5 - Epoch 1/5 completed. Average Loss: 0.0305
2025-06-24 06:13:25,704 [INFO] [src.federated.client] - Client client_5 - Epoch 2/5 completed. Average Loss: 0.0201
2025-06-24 06:13:25,715 [INFO] [src.federated.client] - Client client_5 - Epoch 3/5 completed. Average Loss: 0.0148
2025-06-24 06:13:25,727 [INFO] [src.federated.client] - Client client_5 - Epoch 4/5 completed. Average Loss: 0.0122
2025-06-24 06:13:25,739 [INFO] [src.federated.client] - Client client_5 - Epoch 5/5 completed. Average Loss: 0.0108
2025-06-24 06:13:25,740 [INFO] [src.federated.client] - Client client_5: Local training finished. Processed 715 samples.
2025-06-24 06:13:25,741 [INFO] [src.federated.client] - Client client_6: Starting local training for 5 epochs. Proximal term mu=0.0.
2025-06-24 06:13:25,752 [INFO] [src.federated.client] - Client client_6 - Epoch 1/5 completed. Average Loss: 0.0217
2025-06-24 06:13:25,762 [INFO] [src.federated.client] - Client client_6 - Epoch 2/5 completed. Average Loss: 0.0168
2025-06-24 06:13:25,772 [INFO] [src.federated.client] - Client client_6 - Epoch 3/5 completed. Average Loss: 0.0130
2025-06-24 06:13:25,782 [INFO] [src.federated.client] - Client client_6 - Epoch 4/5 completed. Average Loss: 0.0110
2025-06-24 06:13:25,793 [INFO] [src.federated.client] - Client client_6 - Epoch 5/5 completed. Average Loss: 0.0096
2025-06-24 06:13:25,794 [INFO] [src.federated.client] - Client client_6: Local training finished. Processed 715 samples.
2025-06-24 06:13:25,794 [INFO] [src.federated.client] - Client client_9: Starting local training for 5 epochs. Proximal term mu=0.0.
2025-06-24 06:13:25,807 [INFO] [src.federated.client] - Client client_9 - Epoch 1/5 completed. Average Loss: 0.0436
2025-06-24 06:13:25,817 [INFO] [src.federated.client] - Client client_9 - Epoch 2/5 completed. Average Loss: 0.0288
2025-06-24 06:13:25,830 [INFO] [src.federated.client] - Client client_9 - Epoch 3/5 completed. Average Loss: 0.0177
2025-06-24 06:13:25,841 [INFO] [src.federated.client] - Client client_9 - Epoch 4/5 completed. Average Loss: 0.0142
2025-06-24 06:13:25,854 [INFO] [src.federated.client] - Client client_9 - Epoch 5/5 completed. Average Loss: 0.0116
2025-06-24 06:13:25,855 [INFO] [src.federated.client] - Client client_9: Local training finished. Processed 750 samples.
2025-06-24 06:13:25,856 [INFO] [src.federated.client] - Client client_1: Starting local training for 5 epochs. Proximal term mu=0.0.
2025-06-24 06:13:25,867 [INFO] [src.federated.client] - Client client_1 - Epoch 1/5 completed. Average Loss: 0.0241
2025-06-24 06:13:25,878 [INFO] [src.federated.client] - Client client_1 - Epoch 2/5 completed. Average Loss: 0.0176
2025-06-24 06:13:25,889 [INFO] [src.federated.client] - Client client_1 - Epoch 3/5 completed. Average Loss: 0.0133
2025-06-24 06:13:25,898 [INFO] [src.federated.client] - Client client_1 - Epoch 4/5 completed. Average Loss: 0.0116
2025-06-24 06:13:25,908 [INFO] [src.federated.client] - Client client_1 - Epoch 5/5 completed. Average Loss: 0.0100
2025-06-24 06:13:25,909 [INFO] [src.federated.client] - Client client_1: Local training finished. Processed 715 samples.
2025-06-24 06:13:25,910 [INFO] [src.federated.client] - Client client_4: Starting local training for 5 epochs. Proximal term mu=0.0.
2025-06-24 06:13:25,921 [INFO] [src.federated.client] - Client client_4 - Epoch 1/5 completed. Average Loss: 0.0676
2025-06-24 06:13:25,930 [INFO] [src.federated.client] - Client client_4 - Epoch 2/5 completed. Average Loss: 0.0433
2025-06-24 06:13:25,941 [INFO] [src.federated.client] - Client client_4 - Epoch 3/5 completed. Average Loss: 0.0278
2025-06-24 06:13:25,952 [INFO] [src.federated.client] - Client client_4 - Epoch 4/5 completed. Average Loss: 0.0213
2025-06-24 06:13:25,962 [INFO] [src.federated.client] - Client client_4 - Epoch 5/5 completed. Average Loss: 0.0166
2025-06-24 06:13:25,963 [INFO] [src.federated.client] - Client client_4: Local training finished. Processed 715 samples.
2025-06-24 06:13:25,965 [INFO] [src.federated.client] - Client client_8: Starting local training for 5 epochs. Proximal term mu=0.0.
2025-06-24 06:13:26,007 [INFO] [src.federated.client] - Client client_8 - Epoch 1/5 completed. Average Loss: 0.0319
2025-06-24 06:13:26,029 [INFO] [src.federated.client] - Client client_8 - Epoch 2/5 completed. Average Loss: 0.0219
2025-06-24 06:13:26,038 [INFO] [src.federated.client] - Client client_8 - Epoch 3/5 completed. Average Loss: 0.0151
2025-06-24 06:13:26,050 [INFO] [src.federated.client] - Client client_8 - Epoch 4/5 completed. Average Loss: 0.0127
2025-06-24 06:13:26,063 [INFO] [src.federated.client] - Client client_8 - Epoch 5/5 completed. Average Loss: 0.0110
2025-06-24 06:13:26,064 [INFO] [src.federated.client] - Client client_8: Local training finished. Processed 715 samples.
2025-06-24 06:13:26,065 [INFO] [src.federated.client] - Client client_3: Starting local training for 5 epochs. Proximal term mu=0.0.
2025-06-24 06:13:26,078 [INFO] [src.federated.client] - Client client_3 - Epoch 1/5 completed. Average Loss: 0.0841
2025-06-24 06:13:26,089 [INFO] [src.federated.client] - Client client_3 - Epoch 2/5 completed. Average Loss: 0.0556
2025-06-24 06:13:26,102 [INFO] [src.federated.client] - Client client_3 - Epoch 3/5 completed. Average Loss: 0.0408
2025-06-24 06:13:26,112 [INFO] [src.federated.client] - Client client_3 - Epoch 4/5 completed. Average Loss: 0.0291
2025-06-24 06:13:26,124 [INFO] [src.federated.client] - Client client_3 - Epoch 5/5 completed. Average Loss: 0.0227
2025-06-24 06:13:26,125 [INFO] [src.federated.client] - Client client_3: Local training finished. Processed 715 samples.
2025-06-24 06:13:26,125 [INFO] [src.federated.server] - Aggregating updates from 10 clients using FedAvg.
2025-06-24 06:13:26,125 [INFO] [src.federated.aggregation] - FedAvg: Aggregating updates from 10 clients.
2025-06-24 06:13:26,126 [INFO] [src.federated.aggregation] - FedAvg: Aggregation complete.
2025-06-24 06:13:26,126 [INFO] [src.federated.server] - Global model updated with aggregated parameters.
2025-06-24 06:13:26,127 [INFO] [src.federated.server] - Evaluating updated global model...
2025-06-24 06:13:26,131 [INFO] [src.federated.server] - Round 14 completed in 0.62s. Eval Metrics: {'loss': 0.10230392234192955, 'accuracy': 0.9666666666666667}
2025-06-24 06:13:26,132 [INFO] [src.federated.server] - ===== Starting Round 15/30 =====
2025-06-24 06:13:26,132 [INFO] [src.federated.server] - Starting federated training round...
2025-06-24 06:13:26,132 [INFO] [src.federated.server] - Selected 10 clients out of 10 available (fraction=1.0, min_clients=1): ['client_8', 'client_3', 'client_2', 'client_7', 'client_1', 'client_4', 'client_0', 'client_6', 'client_5', 'client_9']
2025-06-24 06:13:26,133 [INFO] [src.federated.client] - Client client_8: Starting local training for 5 epochs. Proximal term mu=0.0.
2025-06-24 06:13:26,145 [INFO] [src.federated.client] - Client client_8 - Epoch 1/5 completed. Average Loss: 0.0278
2025-06-24 06:13:26,155 [INFO] [src.federated.client] - Client client_8 - Epoch 2/5 completed. Average Loss: 0.0183
2025-06-24 06:13:26,167 [INFO] [src.federated.client] - Client client_8 - Epoch 3/5 completed. Average Loss: 0.0140
2025-06-24 06:13:26,177 [INFO] [src.federated.client] - Client client_8 - Epoch 4/5 completed. Average Loss: 0.0111
2025-06-24 06:13:26,188 [INFO] [src.federated.client] - Client client_8 - Epoch 5/5 completed. Average Loss: 0.0097
2025-06-24 06:13:26,188 [INFO] [src.federated.client] - Client client_8: Local training finished. Processed 715 samples.
2025-06-24 06:13:26,189 [INFO] [src.federated.client] - Client client_3: Starting local training for 5 epochs. Proximal term mu=0.0.
2025-06-24 06:13:26,200 [INFO] [src.federated.client] - Client client_3 - Epoch 1/5 completed. Average Loss: 0.0743
2025-06-24 06:13:26,211 [INFO] [src.federated.client] - Client client_3 - Epoch 2/5 completed. Average Loss: 0.0502
2025-06-24 06:13:26,222 [INFO] [src.federated.client] - Client client_3 - Epoch 3/5 completed. Average Loss: 0.0324
2025-06-24 06:13:26,232 [INFO] [src.federated.client] - Client client_3 - Epoch 4/5 completed. Average Loss: 0.0258
2025-06-24 06:13:26,242 [INFO] [src.federated.client] - Client client_3 - Epoch 5/5 completed. Average Loss: 0.0223
2025-06-24 06:13:26,242 [INFO] [src.federated.client] - Client client_3: Local training finished. Processed 715 samples.
2025-06-24 06:13:26,243 [INFO] [src.federated.client] - Client client_2: Starting local training for 5 epochs. Proximal term mu=0.0.
2025-06-24 06:13:26,253 [INFO] [src.federated.client] - Client client_2 - Epoch 1/5 completed. Average Loss: 0.0254
2025-06-24 06:13:26,262 [INFO] [src.federated.client] - Client client_2 - Epoch 2/5 completed. Average Loss: 0.0175
2025-06-24 06:13:26,272 [INFO] [src.federated.client] - Client client_2 - Epoch 3/5 completed. Average Loss: 0.0138
2025-06-24 06:13:26,283 [INFO] [src.federated.client] - Client client_2 - Epoch 4/5 completed. Average Loss: 0.0116
2025-06-24 06:13:26,293 [INFO] [src.federated.client] - Client client_2 - Epoch 5/5 completed. Average Loss: 0.0100
2025-06-24 06:13:26,293 [INFO] [src.federated.client] - Client client_2: Local training finished. Processed 715 samples.
2025-06-24 06:13:26,294 [INFO] [src.federated.client] - Client client_7: Starting local training for 5 epochs. Proximal term mu=0.0.
2025-06-24 06:13:26,309 [INFO] [src.federated.client] - Client client_7 - Epoch 1/5 completed. Average Loss: 0.0658
2025-06-24 06:13:26,321 [INFO] [src.federated.client] - Client client_7 - Epoch 2/5 completed. Average Loss: 0.0415
2025-06-24 06:13:26,331 [INFO] [src.federated.client] - Client client_7 - Epoch 3/5 completed. Average Loss: 0.0285
2025-06-24 06:13:26,341 [INFO] [src.federated.client] - Client client_7 - Epoch 4/5 completed. Average Loss: 0.0216
2025-06-24 06:13:26,353 [INFO] [src.federated.client] - Client client_7 - Epoch 5/5 completed. Average Loss: 0.0178
2025-06-24 06:13:26,353 [INFO] [src.federated.client] - Client client_7: Local training finished. Processed 715 samples.
2025-06-24 06:13:26,354 [INFO] [src.federated.client] - Client client_1: Starting local training for 5 epochs. Proximal term mu=0.0.
2025-06-24 06:13:26,363 [INFO] [src.federated.client] - Client client_1 - Epoch 1/5 completed. Average Loss: 0.0218
2025-06-24 06:13:26,373 [INFO] [src.federated.client] - Client client_1 - Epoch 2/5 completed. Average Loss: 0.0155
2025-06-24 06:13:26,383 [INFO] [src.federated.client] - Client client_1 - Epoch 3/5 completed. Average Loss: 0.0114
2025-06-24 06:13:26,393 [INFO] [src.federated.client] - Client client_1 - Epoch 4/5 completed. Average Loss: 0.0101
2025-06-24 06:13:26,403 [INFO] [src.federated.client] - Client client_1 - Epoch 5/5 completed. Average Loss: 0.0090
2025-06-24 06:13:26,404 [INFO] [src.federated.client] - Client client_1: Local training finished. Processed 715 samples.
2025-06-24 06:13:26,404 [INFO] [src.federated.client] - Client client_4: Starting local training for 5 epochs. Proximal term mu=0.0.
2025-06-24 06:13:26,414 [INFO] [src.federated.client] - Client client_4 - Epoch 1/5 completed. Average Loss: 0.0586
2025-06-24 06:13:26,424 [INFO] [src.federated.client] - Client client_4 - Epoch 2/5 completed. Average Loss: 0.0364
2025-06-24 06:13:26,435 [INFO] [src.federated.client] - Client client_4 - Epoch 3/5 completed. Average Loss: 0.0242
2025-06-24 06:13:26,445 [INFO] [src.federated.client] - Client client_4 - Epoch 4/5 completed. Average Loss: 0.0189
2025-06-24 06:13:26,454 [INFO] [src.federated.client] - Client client_4 - Epoch 5/5 completed. Average Loss: 0.0153
2025-06-24 06:13:26,454 [INFO] [src.federated.client] - Client client_4: Local training finished. Processed 715 samples.
2025-06-24 06:13:26,455 [INFO] [src.federated.client] - Client client_0: Starting local training for 5 epochs. Proximal term mu=0.0.
2025-06-24 06:13:26,465 [INFO] [src.federated.client] - Client client_0 - Epoch 1/5 completed. Average Loss: 0.0283
2025-06-24 06:13:26,476 [INFO] [src.federated.client] - Client client_0 - Epoch 2/5 completed. Average Loss: 0.0180
2025-06-24 06:13:26,485 [INFO] [src.federated.client] - Client client_0 - Epoch 3/5 completed. Average Loss: 0.0124
2025-06-24 06:13:26,495 [INFO] [src.federated.client] - Client client_0 - Epoch 4/5 completed. Average Loss: 0.0106
2025-06-24 06:13:26,506 [INFO] [src.federated.client] - Client client_0 - Epoch 5/5 completed. Average Loss: 0.0093
2025-06-24 06:13:26,506 [INFO] [src.federated.client] - Client client_0: Local training finished. Processed 715 samples.
2025-06-24 06:13:26,507 [INFO] [src.federated.client] - Client client_6: Starting local training for 5 epochs. Proximal term mu=0.0.
2025-06-24 06:13:26,516 [INFO] [src.federated.client] - Client client_6 - Epoch 1/5 completed. Average Loss: 0.0187
2025-06-24 06:13:26,528 [INFO] [src.federated.client] - Client client_6 - Epoch 2/5 completed. Average Loss: 0.0137
2025-06-24 06:13:26,537 [INFO] [src.federated.client] - Client client_6 - Epoch 3/5 completed. Average Loss: 0.0113
2025-06-24 06:13:26,547 [INFO] [src.federated.client] - Client client_6 - Epoch 4/5 completed. Average Loss: 0.0093
2025-06-24 06:13:26,557 [INFO] [src.federated.client] - Client client_6 - Epoch 5/5 completed. Average Loss: 0.0081
2025-06-24 06:13:26,557 [INFO] [src.federated.client] - Client client_6: Local training finished. Processed 715 samples.
2025-06-24 06:13:26,558 [INFO] [src.federated.client] - Client client_5: Starting local training for 5 epochs. Proximal term mu=0.0.
2025-06-24 06:13:26,569 [INFO] [src.federated.client] - Client client_5 - Epoch 1/5 completed. Average Loss: 0.0263
2025-06-24 06:13:26,580 [INFO] [src.federated.client] - Client client_5 - Epoch 2/5 completed. Average Loss: 0.0181
2025-06-24 06:13:26,591 [INFO] [src.federated.client] - Client client_5 - Epoch 3/5 completed. Average Loss: 0.0125
2025-06-24 06:13:26,602 [INFO] [src.federated.client] - Client client_5 - Epoch 4/5 completed. Average Loss: 0.0104
2025-06-24 06:13:26,613 [INFO] [src.federated.client] - Client client_5 - Epoch 5/5 completed. Average Loss: 0.0091
2025-06-24 06:13:26,613 [INFO] [src.federated.client] - Client client_5: Local training finished. Processed 715 samples.
2025-06-24 06:13:26,614 [INFO] [src.federated.client] - Client client_9: Starting local training for 5 epochs. Proximal term mu=0.0.
2025-06-24 06:13:26,623 [INFO] [src.federated.client] - Client client_9 - Epoch 1/5 completed. Average Loss: 0.0394
2025-06-24 06:13:26,633 [INFO] [src.federated.client] - Client client_9 - Epoch 2/5 completed. Average Loss: 0.0215
2025-06-24 06:13:26,642 [INFO] [src.federated.client] - Client client_9 - Epoch 3/5 completed. Average Loss: 0.0140
2025-06-24 06:13:26,652 [INFO] [src.federated.client] - Client client_9 - Epoch 4/5 completed. Average Loss: 0.0126
2025-06-24 06:13:26,661 [INFO] [src.federated.client] - Client client_9 - Epoch 5/5 completed. Average Loss: 0.0112
2025-06-24 06:13:26,662 [INFO] [src.federated.client] - Client client_9: Local training finished. Processed 750 samples.
2025-06-24 06:13:26,662 [INFO] [src.federated.server] - Aggregating updates from 10 clients using FedAvg.
2025-06-24 06:13:26,662 [INFO] [src.federated.aggregation] - FedAvg: Aggregating updates from 10 clients.
2025-06-24 06:13:26,663 [INFO] [src.federated.aggregation] - FedAvg: Aggregation complete.
2025-06-24 06:13:26,663 [INFO] [src.federated.server] - Global model updated with aggregated parameters.
2025-06-24 06:13:26,663 [INFO] [src.federated.server] - Evaluating updated global model...
2025-06-24 06:13:26,667 [INFO] [src.federated.server] - Round 15 completed in 0.54s. Eval Metrics: {'loss': 0.1001693098909325, 'accuracy': 0.9666666666666667}
2025-06-24 06:13:26,668 [INFO] [src.federated.server] - ===== Starting Round 16/30 =====
2025-06-24 06:13:26,668 [INFO] [src.federated.server] - Starting federated training round...
2025-06-24 06:13:26,668 [INFO] [src.federated.server] - Selected 10 clients out of 10 available (fraction=1.0, min_clients=1): ['client_0', 'client_1', 'client_5', 'client_6', 'client_2', 'client_8', 'client_9', 'client_3', 'client_7', 'client_4']
2025-06-24 06:13:26,669 [INFO] [src.federated.client] - Client client_0: Starting local training for 5 epochs. Proximal term mu=0.0.
2025-06-24 06:13:26,679 [INFO] [src.federated.client] - Client client_0 - Epoch 1/5 completed. Average Loss: 0.0264
2025-06-24 06:13:26,689 [INFO] [src.federated.client] - Client client_0 - Epoch 2/5 completed. Average Loss: 0.0162
2025-06-24 06:13:26,700 [INFO] [src.federated.client] - Client client_0 - Epoch 3/5 completed. Average Loss: 0.0111
2025-06-24 06:13:26,710 [INFO] [src.federated.client] - Client client_0 - Epoch 4/5 completed. Average Loss: 0.0091
2025-06-24 06:13:26,720 [INFO] [src.federated.client] - Client client_0 - Epoch 5/5 completed. Average Loss: 0.0076
2025-06-24 06:13:26,721 [INFO] [src.federated.client] - Client client_0: Local training finished. Processed 715 samples.
2025-06-24 06:13:26,722 [INFO] [src.federated.client] - Client client_1: Starting local training for 5 epochs. Proximal term mu=0.0.
2025-06-24 06:13:26,732 [INFO] [src.federated.client] - Client client_1 - Epoch 1/5 completed. Average Loss: 0.0190
2025-06-24 06:13:26,741 [INFO] [src.federated.client] - Client client_1 - Epoch 2/5 completed. Average Loss: 0.0143
2025-06-24 06:13:26,753 [INFO] [src.federated.client] - Client client_1 - Epoch 3/5 completed. Average Loss: 0.0107
2025-06-24 06:13:26,763 [INFO] [src.federated.client] - Client client_1 - Epoch 4/5 completed. Average Loss: 0.0088
2025-06-24 06:13:26,774 [INFO] [src.federated.client] - Client client_1 - Epoch 5/5 completed. Average Loss: 0.0077
2025-06-24 06:13:26,774 [INFO] [src.federated.client] - Client client_1: Local training finished. Processed 715 samples.
2025-06-24 06:13:26,775 [INFO] [src.federated.client] - Client client_5: Starting local training for 5 epochs. Proximal term mu=0.0.
2025-06-24 06:13:26,786 [INFO] [src.federated.client] - Client client_5 - Epoch 1/5 completed. Average Loss: 0.0230
2025-06-24 06:13:26,796 [INFO] [src.federated.client] - Client client_5 - Epoch 2/5 completed. Average Loss: 0.0143
2025-06-24 06:13:26,806 [INFO] [src.federated.client] - Client client_5 - Epoch 3/5 completed. Average Loss: 0.0106
2025-06-24 06:13:26,816 [INFO] [src.federated.client] - Client client_5 - Epoch 4/5 completed. Average Loss: 0.0090
2025-06-24 06:13:26,826 [INFO] [src.federated.client] - Client client_5 - Epoch 5/5 completed. Average Loss: 0.0080
2025-06-24 06:13:26,826 [INFO] [src.federated.client] - Client client_5: Local training finished. Processed 715 samples.
2025-06-24 06:13:26,827 [INFO] [src.federated.client] - Client client_6: Starting local training for 5 epochs. Proximal term mu=0.0.
2025-06-24 06:13:26,838 [INFO] [src.federated.client] - Client client_6 - Epoch 1/5 completed. Average Loss: 0.0159
2025-06-24 06:13:26,849 [INFO] [src.federated.client] - Client client_6 - Epoch 2/5 completed. Average Loss: 0.0117
2025-06-24 06:13:26,859 [INFO] [src.federated.client] - Client client_6 - Epoch 3/5 completed. Average Loss: 0.0096
2025-06-24 06:13:26,870 [INFO] [src.federated.client] - Client client_6 - Epoch 4/5 completed. Average Loss: 0.0082
2025-06-24 06:13:26,880 [INFO] [src.federated.client] - Client client_6 - Epoch 5/5 completed. Average Loss: 0.0072
2025-06-24 06:13:26,881 [INFO] [src.federated.client] - Client client_6: Local training finished. Processed 715 samples.
2025-06-24 06:13:26,882 [INFO] [src.federated.client] - Client client_2: Starting local training for 5 epochs. Proximal term mu=0.0.
2025-06-24 06:13:26,894 [INFO] [src.federated.client] - Client client_2 - Epoch 1/5 completed. Average Loss: 0.0219
2025-06-24 06:13:26,903 [INFO] [src.federated.client] - Client client_2 - Epoch 2/5 completed. Average Loss: 0.0157
2025-06-24 06:13:26,914 [INFO] [src.federated.client] - Client client_2 - Epoch 3/5 completed. Average Loss: 0.0118
2025-06-24 06:13:26,925 [INFO] [src.federated.client] - Client client_2 - Epoch 4/5 completed. Average Loss: 0.0100
2025-06-24 06:13:26,936 [INFO] [src.federated.client] - Client client_2 - Epoch 5/5 completed. Average Loss: 0.0089
2025-06-24 06:13:26,936 [INFO] [src.federated.client] - Client client_2: Local training finished. Processed 715 samples.
2025-06-24 06:13:26,937 [INFO] [src.federated.client] - Client client_8: Starting local training for 5 epochs. Proximal term mu=0.0.
2025-06-24 06:13:26,947 [INFO] [src.federated.client] - Client client_8 - Epoch 1/5 completed. Average Loss: 0.0244
2025-06-24 06:13:26,957 [INFO] [src.federated.client] - Client client_8 - Epoch 2/5 completed. Average Loss: 0.0180
2025-06-24 06:13:26,968 [INFO] [src.federated.client] - Client client_8 - Epoch 3/5 completed. Average Loss: 0.0121
2025-06-24 06:13:26,978 [INFO] [src.federated.client] - Client client_8 - Epoch 4/5 completed. Average Loss: 0.0100
2025-06-24 06:13:26,988 [INFO] [src.federated.client] - Client client_8 - Epoch 5/5 completed. Average Loss: 0.0087
2025-06-24 06:13:26,989 [INFO] [src.federated.client] - Client client_8: Local training finished. Processed 715 samples.
2025-06-24 06:13:26,989 [INFO] [src.federated.client] - Client client_9: Starting local training for 5 epochs. Proximal term mu=0.0.
2025-06-24 06:13:26,999 [INFO] [src.federated.client] - Client client_9 - Epoch 1/5 completed. Average Loss: 0.0363
2025-06-24 06:13:27,009 [INFO] [src.federated.client] - Client client_9 - Epoch 2/5 completed. Average Loss: 0.0206
2025-06-24 06:13:27,018 [INFO] [src.federated.client] - Client client_9 - Epoch 3/5 completed. Average Loss: 0.0147
2025-06-24 06:13:27,027 [INFO] [src.federated.client] - Client client_9 - Epoch 4/5 completed. Average Loss: 0.0103
2025-06-24 06:13:27,037 [INFO] [src.federated.client] - Client client_9 - Epoch 5/5 completed. Average Loss: 0.0086
2025-06-24 06:13:27,037 [INFO] [src.federated.client] - Client client_9: Local training finished. Processed 750 samples.
2025-06-24 06:13:27,038 [INFO] [src.federated.client] - Client client_3: Starting local training for 5 epochs. Proximal term mu=0.0.
2025-06-24 06:13:27,049 [INFO] [src.federated.client] - Client client_3 - Epoch 1/5 completed. Average Loss: 0.0678
2025-06-24 06:13:27,060 [INFO] [src.federated.client] - Client client_3 - Epoch 2/5 completed. Average Loss: 0.0463
2025-06-24 06:13:27,068 [INFO] [src.federated.client] - Client client_3 - Epoch 3/5 completed. Average Loss: 0.0276
2025-06-24 06:13:27,079 [INFO] [src.federated.client] - Client client_3 - Epoch 4/5 completed. Average Loss: 0.0205
2025-06-24 06:13:27,088 [INFO] [src.federated.client] - Client client_3 - Epoch 5/5 completed. Average Loss: 0.0174
2025-06-24 06:13:27,089 [INFO] [src.federated.client] - Client client_3: Local training finished. Processed 715 samples.
2025-06-24 06:13:27,089 [INFO] [src.federated.client] - Client client_7: Starting local training for 5 epochs. Proximal term mu=0.0.
2025-06-24 06:13:27,099 [INFO] [src.federated.client] - Client client_7 - Epoch 1/5 completed. Average Loss: 0.0589
2025-06-24 06:13:27,111 [INFO] [src.federated.client] - Client client_7 - Epoch 2/5 completed. Average Loss: 0.0381
2025-06-24 06:13:27,120 [INFO] [src.federated.client] - Client client_7 - Epoch 3/5 completed. Average Loss: 0.0247
2025-06-24 06:13:27,131 [INFO] [src.federated.client] - Client client_7 - Epoch 4/5 completed. Average Loss: 0.0194
2025-06-24 06:13:27,141 [INFO] [src.federated.client] - Client client_7 - Epoch 5/5 completed. Average Loss: 0.0150
2025-06-24 06:13:27,141 [INFO] [src.federated.client] - Client client_7: Local training finished. Processed 715 samples.
2025-06-24 06:13:27,142 [INFO] [src.federated.client] - Client client_4: Starting local training for 5 epochs. Proximal term mu=0.0.
2025-06-24 06:13:27,152 [INFO] [src.federated.client] - Client client_4 - Epoch 1/5 completed. Average Loss: 0.0554
2025-06-24 06:13:27,162 [INFO] [src.federated.client] - Client client_4 - Epoch 2/5 completed. Average Loss: 0.0319
2025-06-24 06:13:27,171 [INFO] [src.federated.client] - Client client_4 - Epoch 3/5 completed. Average Loss: 0.0210
2025-06-24 06:13:27,182 [INFO] [src.federated.client] - Client client_4 - Epoch 4/5 completed. Average Loss: 0.0160
2025-06-24 06:13:27,193 [INFO] [src.federated.client] - Client client_4 - Epoch 5/5 completed. Average Loss: 0.0133
2025-06-24 06:13:27,193 [INFO] [src.federated.client] - Client client_4: Local training finished. Processed 715 samples.
2025-06-24 06:13:27,193 [INFO] [src.federated.server] - Aggregating updates from 10 clients using FedAvg.
2025-06-24 06:13:27,193 [INFO] [src.federated.aggregation] - FedAvg: Aggregating updates from 10 clients.
2025-06-24 06:13:27,194 [INFO] [src.federated.aggregation] - FedAvg: Aggregation complete.
2025-06-24 06:13:27,195 [INFO] [src.federated.server] - Global model updated with aggregated parameters.
2025-06-24 06:13:27,195 [INFO] [src.federated.server] - Evaluating updated global model...
2025-06-24 06:13:27,199 [INFO] [src.federated.server] - Round 16 completed in 0.53s. Eval Metrics: {'loss': 0.09776565316650603, 'accuracy': 0.9694444444444444}
2025-06-24 06:13:27,200 [INFO] [src.federated.server] - ===== Starting Round 17/30 =====
2025-06-24 06:13:27,200 [INFO] [src.federated.server] - Starting federated training round...
2025-06-24 06:13:27,200 [INFO] [src.federated.server] - Selected 10 clients out of 10 available (fraction=1.0, min_clients=1): ['client_7', 'client_1', 'client_2', 'client_8', 'client_5', 'client_3', 'client_6', 'client_4', 'client_9', 'client_0']
2025-06-24 06:13:27,201 [INFO] [src.federated.client] - Client client_7: Starting local training for 5 epochs. Proximal term mu=0.0.
2025-06-24 06:13:27,212 [INFO] [src.federated.client] - Client client_7 - Epoch 1/5 completed. Average Loss: 0.0558
2025-06-24 06:13:27,221 [INFO] [src.federated.client] - Client client_7 - Epoch 2/5 completed. Average Loss: 0.0319
2025-06-24 06:13:27,231 [INFO] [src.federated.client] - Client client_7 - Epoch 3/5 completed. Average Loss: 0.0214
2025-06-24 06:13:27,241 [INFO] [src.federated.client] - Client client_7 - Epoch 4/5 completed. Average Loss: 0.0159
2025-06-24 06:13:27,251 [INFO] [src.federated.client] - Client client_7 - Epoch 5/5 completed. Average Loss: 0.0135
2025-06-24 06:13:27,251 [INFO] [src.federated.client] - Client client_7: Local training finished. Processed 715 samples.
2025-06-24 06:13:27,252 [INFO] [src.federated.client] - Client client_1: Starting local training for 5 epochs. Proximal term mu=0.0.
2025-06-24 06:13:27,261 [INFO] [src.federated.client] - Client client_1 - Epoch 1/5 completed. Average Loss: 0.0168
2025-06-24 06:13:27,271 [INFO] [src.federated.client] - Client client_1 - Epoch 2/5 completed. Average Loss: 0.0120
2025-06-24 06:13:27,280 [INFO] [src.federated.client] - Client client_1 - Epoch 3/5 completed. Average Loss: 0.0093
2025-06-24 06:13:27,290 [INFO] [src.federated.client] - Client client_1 - Epoch 4/5 completed. Average Loss: 0.0081
2025-06-24 06:13:27,301 [INFO] [src.federated.client] - Client client_1 - Epoch 5/5 completed. Average Loss: 0.0070
2025-06-24 06:13:27,301 [INFO] [src.federated.client] - Client client_1: Local training finished. Processed 715 samples.
2025-06-24 06:13:27,302 [INFO] [src.federated.client] - Client client_2: Starting local training for 5 epochs. Proximal term mu=0.0.
2025-06-24 06:13:27,313 [INFO] [src.federated.client] - Client client_2 - Epoch 1/5 completed. Average Loss: 0.0195
2025-06-24 06:13:27,323 [INFO] [src.federated.client] - Client client_2 - Epoch 2/5 completed. Average Loss: 0.0140
2025-06-24 06:13:27,333 [INFO] [src.federated.client] - Client client_2 - Epoch 3/5 completed. Average Loss: 0.0107
2025-06-24 06:13:27,342 [INFO] [src.federated.client] - Client client_2 - Epoch 4/5 completed. Average Loss: 0.0090
2025-06-24 06:13:27,352 [INFO] [src.federated.client] - Client client_2 - Epoch 5/5 completed. Average Loss: 0.0078
2025-06-24 06:13:27,352 [INFO] [src.federated.client] - Client client_2: Local training finished. Processed 715 samples.
2025-06-24 06:13:27,353 [INFO] [src.federated.client] - Client client_8: Starting local training for 5 epochs. Proximal term mu=0.0.
2025-06-24 06:13:27,362 [INFO] [src.federated.client] - Client client_8 - Epoch 1/5 completed. Average Loss: 0.0213
2025-06-24 06:13:27,371 [INFO] [src.federated.client] - Client client_8 - Epoch 2/5 completed. Average Loss: 0.0156
2025-06-24 06:13:27,381 [INFO] [src.federated.client] - Client client_8 - Epoch 3/5 completed. Average Loss: 0.0108
2025-06-24 06:13:27,392 [INFO] [src.federated.client] - Client client_8 - Epoch 4/5 completed. Average Loss: 0.0087
2025-06-24 06:13:27,402 [INFO] [src.federated.client] - Client client_8 - Epoch 5/5 completed. Average Loss: 0.0076
2025-06-24 06:13:27,402 [INFO] [src.federated.client] - Client client_8: Local training finished. Processed 715 samples.
2025-06-24 06:13:27,403 [INFO] [src.federated.client] - Client client_5: Starting local training for 5 epochs. Proximal term mu=0.0.
2025-06-24 06:13:27,413 [INFO] [src.federated.client] - Client client_5 - Epoch 1/5 completed. Average Loss: 0.0197
2025-06-24 06:13:27,423 [INFO] [src.federated.client] - Client client_5 - Epoch 2/5 completed. Average Loss: 0.0123
2025-06-24 06:13:27,433 [INFO] [src.federated.client] - Client client_5 - Epoch 3/5 completed. Average Loss: 0.0095
2025-06-24 06:13:27,443 [INFO] [src.federated.client] - Client client_5 - Epoch 4/5 completed. Average Loss: 0.0082
2025-06-24 06:13:27,454 [INFO] [src.federated.client] - Client client_5 - Epoch 5/5 completed. Average Loss: 0.0073
2025-06-24 06:13:27,454 [INFO] [src.federated.client] - Client client_5: Local training finished. Processed 715 samples.
2025-06-24 06:13:27,455 [INFO] [src.federated.client] - Client client_3: Starting local training for 5 epochs. Proximal term mu=0.0.
2025-06-24 06:13:27,465 [INFO] [src.federated.client] - Client client_3 - Epoch 1/5 completed. Average Loss: 0.0624
2025-06-24 06:13:27,476 [INFO] [src.federated.client] - Client client_3 - Epoch 2/5 completed. Average Loss: 0.0372
2025-06-24 06:13:27,485 [INFO] [src.federated.client] - Client client_3 - Epoch 3/5 completed. Average Loss: 0.0248
2025-06-24 06:13:27,495 [INFO] [src.federated.client] - Client client_3 - Epoch 4/5 completed. Average Loss: 0.0187
2025-06-24 06:13:27,505 [INFO] [src.federated.client] - Client client_3 - Epoch 5/5 completed. Average Loss: 0.0158
2025-06-24 06:13:27,505 [INFO] [src.federated.client] - Client client_3: Local training finished. Processed 715 samples.
2025-06-24 06:13:27,506 [INFO] [src.federated.client] - Client client_6: Starting local training for 5 epochs. Proximal term mu=0.0.
2025-06-24 06:13:27,516 [INFO] [src.federated.client] - Client client_6 - Epoch 1/5 completed. Average Loss: 0.0137
2025-06-24 06:13:27,525 [INFO] [src.federated.client] - Client client_6 - Epoch 2/5 completed. Average Loss: 0.0110
2025-06-24 06:13:27,536 [INFO] [src.federated.client] - Client client_6 - Epoch 3/5 completed. Average Loss: 0.0086
2025-06-24 06:13:27,547 [INFO] [src.federated.client] - Client client_6 - Epoch 4/5 completed. Average Loss: 0.0072
2025-06-24 06:13:27,556 [INFO] [src.federated.client] - Client client_6 - Epoch 5/5 completed. Average Loss: 0.0065
2025-06-24 06:13:27,557 [INFO] [src.federated.client] - Client client_6: Local training finished. Processed 715 samples.
2025-06-24 06:13:27,557 [INFO] [src.federated.client] - Client client_4: Starting local training for 5 epochs. Proximal term mu=0.0.
2025-06-24 06:13:27,568 [INFO] [src.federated.client] - Client client_4 - Epoch 1/5 completed. Average Loss: 0.0508
2025-06-24 06:13:27,577 [INFO] [src.federated.client] - Client client_4 - Epoch 2/5 completed. Average Loss: 0.0272
2025-06-24 06:13:27,587 [INFO] [src.federated.client] - Client client_4 - Epoch 3/5 completed. Average Loss: 0.0192
2025-06-24 06:13:27,598 [INFO] [src.federated.client] - Client client_4 - Epoch 4/5 completed. Average Loss: 0.0150
2025-06-24 06:13:27,608 [INFO] [src.federated.client] - Client client_4 - Epoch 5/5 completed. Average Loss: 0.0125
2025-06-24 06:13:27,608 [INFO] [src.federated.client] - Client client_4: Local training finished. Processed 715 samples.
2025-06-24 06:13:27,609 [INFO] [src.federated.client] - Client client_9: Starting local training for 5 epochs. Proximal term mu=0.0.
2025-06-24 06:13:27,620 [INFO] [src.federated.client] - Client client_9 - Epoch 1/5 completed. Average Loss: 0.0337
2025-06-24 06:13:27,630 [INFO] [src.federated.client] - Client client_9 - Epoch 2/5 completed. Average Loss: 0.0188
2025-06-24 06:13:27,639 [INFO] [src.federated.client] - Client client_9 - Epoch 3/5 completed. Average Loss: 0.0138
2025-06-24 06:13:27,648 [INFO] [src.federated.client] - Client client_9 - Epoch 4/5 completed. Average Loss: 0.0100
2025-06-24 06:13:27,659 [INFO] [src.federated.client] - Client client_9 - Epoch 5/5 completed. Average Loss: 0.0087
2025-06-24 06:13:27,660 [INFO] [src.federated.client] - Client client_9: Local training finished. Processed 750 samples.
2025-06-24 06:13:27,660 [INFO] [src.federated.client] - Client client_0: Starting local training for 5 epochs. Proximal term mu=0.0.
2025-06-24 06:13:27,669 [INFO] [src.federated.client] - Client client_0 - Epoch 1/5 completed. Average Loss: 0.0242
2025-06-24 06:13:27,680 [INFO] [src.federated.client] - Client client_0 - Epoch 2/5 completed. Average Loss: 0.0125
2025-06-24 06:13:27,691 [INFO] [src.federated.client] - Client client_0 - Epoch 3/5 completed. Average Loss: 0.0102
2025-06-24 06:13:27,701 [INFO] [src.federated.client] - Client client_0 - Epoch 4/5 completed. Average Loss: 0.0082
2025-06-24 06:13:27,710 [INFO] [src.federated.client] - Client client_0 - Epoch 5/5 completed. Average Loss: 0.0070
2025-06-24 06:13:27,711 [INFO] [src.federated.client] - Client client_0: Local training finished. Processed 715 samples.
2025-06-24 06:13:27,711 [INFO] [src.federated.server] - Aggregating updates from 10 clients using FedAvg.
2025-06-24 06:13:27,711 [INFO] [src.federated.aggregation] - FedAvg: Aggregating updates from 10 clients.
2025-06-24 06:13:27,712 [INFO] [src.federated.aggregation] - FedAvg: Aggregation complete.
2025-06-24 06:13:27,713 [INFO] [src.federated.server] - Global model updated with aggregated parameters.
2025-06-24 06:13:27,713 [INFO] [src.federated.server] - Evaluating updated global model...
2025-06-24 06:13:27,717 [INFO] [src.federated.server] - Round 17 completed in 0.52s. Eval Metrics: {'loss': 0.09542161023451222, 'accuracy': 0.9666666666666667}
2025-06-24 06:13:27,717 [INFO] [src.federated.server] - ===== Starting Round 18/30 =====
2025-06-24 06:13:27,717 [INFO] [src.federated.server] - Starting federated training round...
2025-06-24 06:13:27,717 [INFO] [src.federated.server] - Selected 10 clients out of 10 available (fraction=1.0, min_clients=1): ['client_8', 'client_3', 'client_4', 'client_9', 'client_5', 'client_2', 'client_6', 'client_7', 'client_1', 'client_0']
2025-06-24 06:13:27,718 [INFO] [src.federated.client] - Client client_8: Starting local training for 5 epochs. Proximal term mu=0.0.
2025-06-24 06:13:27,729 [INFO] [src.federated.client] - Client client_8 - Epoch 1/5 completed. Average Loss: 0.0195
2025-06-24 06:13:27,740 [INFO] [src.federated.client] - Client client_8 - Epoch 2/5 completed. Average Loss: 0.0131
2025-06-24 06:13:27,749 [INFO] [src.federated.client] - Client client_8 - Epoch 3/5 completed. Average Loss: 0.0098
2025-06-24 06:13:27,759 [INFO] [src.federated.client] - Client client_8 - Epoch 4/5 completed. Average Loss: 0.0080
2025-06-24 06:13:27,769 [INFO] [src.federated.client] - Client client_8 - Epoch 5/5 completed. Average Loss: 0.0069
2025-06-24 06:13:27,769 [INFO] [src.federated.client] - Client client_8: Local training finished. Processed 715 samples.
2025-06-24 06:13:27,770 [INFO] [src.federated.client] - Client client_3: Starting local training for 5 epochs. Proximal term mu=0.0.
2025-06-24 06:13:27,780 [INFO] [src.federated.client] - Client client_3 - Epoch 1/5 completed. Average Loss: 0.0569
2025-06-24 06:13:27,792 [INFO] [src.federated.client] - Client client_3 - Epoch 2/5 completed. Average Loss: 0.0365
2025-06-24 06:13:27,803 [INFO] [src.federated.client] - Client client_3 - Epoch 3/5 completed. Average Loss: 0.0251
2025-06-24 06:13:27,815 [INFO] [src.federated.client] - Client client_3 - Epoch 4/5 completed. Average Loss: 0.0162
2025-06-24 06:13:27,825 [INFO] [src.federated.client] - Client client_3 - Epoch 5/5 completed. Average Loss: 0.0135
2025-06-24 06:13:27,826 [INFO] [src.federated.client] - Client client_3: Local training finished. Processed 715 samples.
2025-06-24 06:13:27,826 [INFO] [src.federated.client] - Client client_4: Starting local training for 5 epochs. Proximal term mu=0.0.
2025-06-24 06:13:27,836 [INFO] [src.federated.client] - Client client_4 - Epoch 1/5 completed. Average Loss: 0.0460
2025-06-24 06:13:27,846 [INFO] [src.federated.client] - Client client_4 - Epoch 2/5 completed. Average Loss: 0.0268
2025-06-24 06:13:27,856 [INFO] [src.federated.client] - Client client_4 - Epoch 3/5 completed. Average Loss: 0.0168
2025-06-24 06:13:27,866 [INFO] [src.federated.client] - Client client_4 - Epoch 4/5 completed. Average Loss: 0.0130
2025-06-24 06:13:27,876 [INFO] [src.federated.client] - Client client_4 - Epoch 5/5 completed. Average Loss: 0.0107
2025-06-24 06:13:27,877 [INFO] [src.federated.client] - Client client_4: Local training finished. Processed 715 samples.
2025-06-24 06:13:27,877 [INFO] [src.federated.client] - Client client_9: Starting local training for 5 epochs. Proximal term mu=0.0.
2025-06-24 06:13:27,888 [INFO] [src.federated.client] - Client client_9 - Epoch 1/5 completed. Average Loss: 0.0308
2025-06-24 06:13:27,899 [INFO] [src.federated.client] - Client client_9 - Epoch 2/5 completed. Average Loss: 0.0168
2025-06-24 06:13:27,908 [INFO] [src.federated.client] - Client client_9 - Epoch 3/5 completed. Average Loss: 0.0099
2025-06-24 06:13:27,919 [INFO] [src.federated.client] - Client client_9 - Epoch 4/5 completed. Average Loss: 0.0083
2025-06-24 06:13:27,929 [INFO] [src.federated.client] - Client client_9 - Epoch 5/5 completed. Average Loss: 0.0074
2025-06-24 06:13:27,930 [INFO] [src.federated.client] - Client client_9: Local training finished. Processed 750 samples.
2025-06-24 06:13:27,930 [INFO] [src.federated.client] - Client client_5: Starting local training for 5 epochs. Proximal term mu=0.0.
2025-06-24 06:13:27,940 [INFO] [src.federated.client] - Client client_5 - Epoch 1/5 completed. Average Loss: 0.0177
2025-06-24 06:13:27,950 [INFO] [src.federated.client] - Client client_5 - Epoch 2/5 completed. Average Loss: 0.0118
2025-06-24 06:13:27,959 [INFO] [src.federated.client] - Client client_5 - Epoch 3/5 completed. Average Loss: 0.0083
2025-06-24 06:13:27,971 [INFO] [src.federated.client] - Client client_5 - Epoch 4/5 completed. Average Loss: 0.0072
2025-06-24 06:13:27,980 [INFO] [src.federated.client] - Client client_5 - Epoch 5/5 completed. Average Loss: 0.0063
2025-06-24 06:13:27,981 [INFO] [src.federated.client] - Client client_5: Local training finished. Processed 715 samples.
2025-06-24 06:13:27,981 [INFO] [src.federated.client] - Client client_2: Starting local training for 5 epochs. Proximal term mu=0.0.
2025-06-24 06:13:27,992 [INFO] [src.federated.client] - Client client_2 - Epoch 1/5 completed. Average Loss: 0.0174
2025-06-24 06:13:28,003 [INFO] [src.federated.client] - Client client_2 - Epoch 2/5 completed. Average Loss: 0.0126
2025-06-24 06:13:28,014 [INFO] [src.federated.client] - Client client_2 - Epoch 3/5 completed. Average Loss: 0.0097
2025-06-24 06:13:28,025 [INFO] [src.federated.client] - Client client_2 - Epoch 4/5 completed. Average Loss: 0.0083
2025-06-24 06:13:28,035 [INFO] [src.federated.client] - Client client_2 - Epoch 5/5 completed. Average Loss: 0.0071
2025-06-24 06:13:28,035 [INFO] [src.federated.client] - Client client_2: Local training finished. Processed 715 samples.
2025-06-24 06:13:28,036 [INFO] [src.federated.client] - Client client_6: Starting local training for 5 epochs. Proximal term mu=0.0.
2025-06-24 06:13:28,045 [INFO] [src.federated.client] - Client client_6 - Epoch 1/5 completed. Average Loss: 0.0120
2025-06-24 06:13:28,057 [INFO] [src.federated.client] - Client client_6 - Epoch 2/5 completed. Average Loss: 0.0094
2025-06-24 06:13:28,067 [INFO] [src.federated.client] - Client client_6 - Epoch 3/5 completed. Average Loss: 0.0072
2025-06-24 06:13:28,076 [INFO] [src.federated.client] - Client client_6 - Epoch 4/5 completed. Average Loss: 0.0064
2025-06-24 06:13:28,086 [INFO] [src.federated.client] - Client client_6 - Epoch 5/5 completed. Average Loss: 0.0055
2025-06-24 06:13:28,087 [INFO] [src.federated.client] - Client client_6: Local training finished. Processed 715 samples.
2025-06-24 06:13:28,087 [INFO] [src.federated.client] - Client client_7: Starting local training for 5 epochs. Proximal term mu=0.0.
2025-06-24 06:13:28,097 [INFO] [src.federated.client] - Client client_7 - Epoch 1/5 completed. Average Loss: 0.0487
2025-06-24 06:13:28,107 [INFO] [src.federated.client] - Client client_7 - Epoch 2/5 completed. Average Loss: 0.0303
2025-06-24 06:13:28,118 [INFO] [src.federated.client] - Client client_7 - Epoch 3/5 completed. Average Loss: 0.0186
2025-06-24 06:13:28,127 [INFO] [src.federated.client] - Client client_7 - Epoch 4/5 completed. Average Loss: 0.0148
2025-06-24 06:13:28,137 [INFO] [src.federated.client] - Client client_7 - Epoch 5/5 completed. Average Loss: 0.0118
2025-06-24 06:13:28,137 [INFO] [src.federated.client] - Client client_7: Local training finished. Processed 715 samples.
2025-06-24 06:13:28,138 [INFO] [src.federated.client] - Client client_1: Starting local training for 5 epochs. Proximal term mu=0.0.
2025-06-24 06:13:28,148 [INFO] [src.federated.client] - Client client_1 - Epoch 1/5 completed. Average Loss: 0.0152
2025-06-24 06:13:28,157 [INFO] [src.federated.client] - Client client_1 - Epoch 2/5 completed. Average Loss: 0.0121
2025-06-24 06:13:28,168 [INFO] [src.federated.client] - Client client_1 - Epoch 3/5 completed. Average Loss: 0.0084
2025-06-24 06:13:28,180 [INFO] [src.federated.client] - Client client_1 - Epoch 4/5 completed. Average Loss: 0.0070
2025-06-24 06:13:28,191 [INFO] [src.federated.client] - Client client_1 - Epoch 5/5 completed. Average Loss: 0.0061
2025-06-24 06:13:28,191 [INFO] [src.federated.client] - Client client_1: Local training finished. Processed 715 samples.
2025-06-24 06:13:28,192 [INFO] [src.federated.client] - Client client_0: Starting local training for 5 epochs. Proximal term mu=0.0.
2025-06-24 06:13:28,202 [INFO] [src.federated.client] - Client client_0 - Epoch 1/5 completed. Average Loss: 0.0210
2025-06-24 06:13:28,213 [INFO] [src.federated.client] - Client client_0 - Epoch 2/5 completed. Average Loss: 0.0120
2025-06-24 06:13:28,224 [INFO] [src.federated.client] - Client client_0 - Epoch 3/5 completed. Average Loss: 0.0087
2025-06-24 06:13:28,234 [INFO] [src.federated.client] - Client client_0 - Epoch 4/5 completed. Average Loss: 0.0073
2025-06-24 06:13:28,247 [INFO] [src.federated.client] - Client client_0 - Epoch 5/5 completed. Average Loss: 0.0063
2025-06-24 06:13:28,248 [INFO] [src.federated.client] - Client client_0: Local training finished. Processed 715 samples.
2025-06-24 06:13:28,249 [INFO] [src.federated.server] - Aggregating updates from 10 clients using FedAvg.
2025-06-24 06:13:28,249 [INFO] [src.federated.aggregation] - FedAvg: Aggregating updates from 10 clients.
2025-06-24 06:13:28,250 [INFO] [src.federated.aggregation] - FedAvg: Aggregation complete.
2025-06-24 06:13:28,251 [INFO] [src.federated.server] - Global model updated with aggregated parameters.
2025-06-24 06:13:28,251 [INFO] [src.federated.server] - Evaluating updated global model...
2025-06-24 06:13:28,255 [INFO] [src.federated.server] - Round 18 completed in 0.54s. Eval Metrics: {'loss': 0.09293115672965845, 'accuracy': 0.9666666666666667}
2025-06-24 06:13:28,256 [INFO] [src.federated.server] - ===== Starting Round 19/30 =====
2025-06-24 06:13:28,256 [INFO] [src.federated.server] - Starting federated training round...
2025-06-24 06:13:28,256 [INFO] [src.federated.server] - Selected 10 clients out of 10 available (fraction=1.0, min_clients=1): ['client_3', 'client_9', 'client_1', 'client_2', 'client_0', 'client_4', 'client_7', 'client_6', 'client_5', 'client_8']
2025-06-24 06:13:28,257 [INFO] [src.federated.client] - Client client_3: Starting local training for 5 epochs. Proximal term mu=0.0.
2025-06-24 06:13:28,268 [INFO] [src.federated.client] - Client client_3 - Epoch 1/5 completed. Average Loss: 0.0508
2025-06-24 06:13:28,277 [INFO] [src.federated.client] - Client client_3 - Epoch 2/5 completed. Average Loss: 0.0346
2025-06-24 06:13:28,287 [INFO] [src.federated.client] - Client client_3 - Epoch 3/5 completed. Average Loss: 0.0199
2025-06-24 06:13:28,298 [INFO] [src.federated.client] - Client client_3 - Epoch 4/5 completed. Average Loss: 0.0158
2025-06-24 06:13:28,309 [INFO] [src.federated.client] - Client client_3 - Epoch 5/5 completed. Average Loss: 0.0130
2025-06-24 06:13:28,309 [INFO] [src.federated.client] - Client client_3: Local training finished. Processed 715 samples.
2025-06-24 06:13:28,310 [INFO] [src.federated.client] - Client client_9: Starting local training for 5 epochs. Proximal term mu=0.0.
2025-06-24 06:13:28,321 [INFO] [src.federated.client] - Client client_9 - Epoch 1/5 completed. Average Loss: 0.0282
2025-06-24 06:13:28,330 [INFO] [src.federated.client] - Client client_9 - Epoch 2/5 completed. Average Loss: 0.0219
2025-06-24 06:13:28,341 [INFO] [src.federated.client] - Client client_9 - Epoch 3/5 completed. Average Loss: 0.0099
2025-06-24 06:13:28,351 [INFO] [src.federated.client] - Client client_9 - Epoch 4/5 completed. Average Loss: 0.0090
2025-06-24 06:13:28,361 [INFO] [src.federated.client] - Client client_9 - Epoch 5/5 completed. Average Loss: 0.0075
2025-06-24 06:13:28,362 [INFO] [src.federated.client] - Client client_9: Local training finished. Processed 750 samples.
2025-06-24 06:13:28,363 [INFO] [src.federated.client] - Client client_1: Starting local training for 5 epochs. Proximal term mu=0.0.
2025-06-24 06:13:28,375 [INFO] [src.federated.client] - Client client_1 - Epoch 1/5 completed. Average Loss: 0.0137
2025-06-24 06:13:28,384 [INFO] [src.federated.client] - Client client_1 - Epoch 2/5 completed. Average Loss: 0.0104
2025-06-24 06:13:28,395 [INFO] [src.federated.client] - Client client_1 - Epoch 3/5 completed. Average Loss: 0.0073
2025-06-24 06:13:28,405 [INFO] [src.federated.client] - Client client_1 - Epoch 4/5 completed. Average Loss: 0.0062
2025-06-24 06:13:28,416 [INFO] [src.federated.client] - Client client_1 - Epoch 5/5 completed. Average Loss: 0.0055
2025-06-24 06:13:28,417 [INFO] [src.federated.client] - Client client_1: Local training finished. Processed 715 samples.
2025-06-24 06:13:28,417 [INFO] [src.federated.client] - Client client_2: Starting local training for 5 epochs. Proximal term mu=0.0.
2025-06-24 06:13:28,427 [INFO] [src.federated.client] - Client client_2 - Epoch 1/5 completed. Average Loss: 0.0156
2025-06-24 06:13:28,437 [INFO] [src.federated.client] - Client client_2 - Epoch 2/5 completed. Average Loss: 0.0113
2025-06-24 06:13:28,446 [INFO] [src.federated.client] - Client client_2 - Epoch 3/5 completed. Average Loss: 0.0088
2025-06-24 06:13:28,457 [INFO] [src.federated.client] - Client client_2 - Epoch 4/5 completed. Average Loss: 0.0073
2025-06-24 06:13:28,466 [INFO] [src.federated.client] - Client client_2 - Epoch 5/5 completed. Average Loss: 0.0064
2025-06-24 06:13:28,467 [INFO] [src.federated.client] - Client client_2: Local training finished. Processed 715 samples.
2025-06-24 06:13:28,468 [INFO] [src.federated.client] - Client client_0: Starting local training for 5 epochs. Proximal term mu=0.0.
2025-06-24 06:13:28,477 [INFO] [src.federated.client] - Client client_0 - Epoch 1/5 completed. Average Loss: 0.0196
2025-06-24 06:13:28,488 [INFO] [src.federated.client] - Client client_0 - Epoch 2/5 completed. Average Loss: 0.0108
2025-06-24 06:13:28,498 [INFO] [src.federated.client] - Client client_0 - Epoch 3/5 completed. Average Loss: 0.0078
2025-06-24 06:13:28,508 [INFO] [src.federated.client] - Client client_0 - Epoch 4/5 completed. Average Loss: 0.0063
2025-06-24 06:13:28,518 [INFO] [src.federated.client] - Client client_0 - Epoch 5/5 completed. Average Loss: 0.0057
2025-06-24 06:13:28,519 [INFO] [src.federated.client] - Client client_0: Local training finished. Processed 715 samples.
2025-06-24 06:13:28,519 [INFO] [src.federated.client] - Client client_4: Starting local training for 5 epochs. Proximal term mu=0.0.
2025-06-24 06:13:28,528 [INFO] [src.federated.client] - Client client_4 - Epoch 1/5 completed. Average Loss: 0.0410
2025-06-24 06:13:28,538 [INFO] [src.federated.client] - Client client_4 - Epoch 2/5 completed. Average Loss: 0.0263
2025-06-24 06:13:28,549 [INFO] [src.federated.client] - Client client_4 - Epoch 3/5 completed. Average Loss: 0.0157
2025-06-24 06:13:28,559 [INFO] [src.federated.client] - Client client_4 - Epoch 4/5 completed. Average Loss: 0.0123
2025-06-24 06:13:28,568 [INFO] [src.federated.client] - Client client_4 - Epoch 5/5 completed. Average Loss: 0.0101
2025-06-24 06:13:28,569 [INFO] [src.federated.client] - Client client_4: Local training finished. Processed 715 samples.
2025-06-24 06:13:28,569 [INFO] [src.federated.client] - Client client_7: Starting local training for 5 epochs. Proximal term mu=0.0.
2025-06-24 06:13:28,579 [INFO] [src.federated.client] - Client client_7 - Epoch 1/5 completed. Average Loss: 0.0439
2025-06-24 06:13:28,588 [INFO] [src.federated.client] - Client client_7 - Epoch 2/5 completed. Average Loss: 0.0266
2025-06-24 06:13:28,597 [INFO] [src.federated.client] - Client client_7 - Epoch 3/5 completed. Average Loss: 0.0178
2025-06-24 06:13:28,607 [INFO] [src.federated.client] - Client client_7 - Epoch 4/5 completed. Average Loss: 0.0127
2025-06-24 06:13:28,616 [INFO] [src.federated.client] - Client client_7 - Epoch 5/5 completed. Average Loss: 0.0107
2025-06-24 06:13:28,616 [INFO] [src.federated.client] - Client client_7: Local training finished. Processed 715 samples.
2025-06-24 06:13:28,617 [INFO] [src.federated.client] - Client client_6: Starting local training for 5 epochs. Proximal term mu=0.0.
2025-06-24 06:13:28,627 [INFO] [src.federated.client] - Client client_6 - Epoch 1/5 completed. Average Loss: 0.0105
2025-06-24 06:13:28,638 [INFO] [src.federated.client] - Client client_6 - Epoch 2/5 completed. Average Loss: 0.0084
2025-06-24 06:13:28,648 [INFO] [src.federated.client] - Client client_6 - Epoch 3/5 completed. Average Loss: 0.0069
2025-06-24 06:13:28,659 [INFO] [src.federated.client] - Client client_6 - Epoch 4/5 completed. Average Loss: 0.0059
2025-06-24 06:13:28,670 [INFO] [src.federated.client] - Client client_6 - Epoch 5/5 completed. Average Loss: 0.0051
2025-06-24 06:13:28,670 [INFO] [src.federated.client] - Client client_6: Local training finished. Processed 715 samples.
2025-06-24 06:13:28,671 [INFO] [src.federated.client] - Client client_5: Starting local training for 5 epochs. Proximal term mu=0.0.
2025-06-24 06:13:28,681 [INFO] [src.federated.client] - Client client_5 - Epoch 1/5 completed. Average Loss: 0.0156
2025-06-24 06:13:28,691 [INFO] [src.federated.client] - Client client_5 - Epoch 2/5 completed. Average Loss: 0.0119
2025-06-24 06:13:28,701 [INFO] [src.federated.client] - Client client_5 - Epoch 3/5 completed. Average Loss: 0.0077
2025-06-24 06:13:28,712 [INFO] [src.federated.client] - Client client_5 - Epoch 4/5 completed. Average Loss: 0.0065
2025-06-24 06:13:28,723 [INFO] [src.federated.client] - Client client_5 - Epoch 5/5 completed. Average Loss: 0.0057
2025-06-24 06:13:28,723 [INFO] [src.federated.client] - Client client_5: Local training finished. Processed 715 samples.
2025-06-24 06:13:28,724 [INFO] [src.federated.client] - Client client_8: Starting local training for 5 epochs. Proximal term mu=0.0.
2025-06-24 06:13:28,736 [INFO] [src.federated.client] - Client client_8 - Epoch 1/5 completed. Average Loss: 0.0173
2025-06-24 06:13:28,745 [INFO] [src.federated.client] - Client client_8 - Epoch 2/5 completed. Average Loss: 0.0122
2025-06-24 06:13:28,754 [INFO] [src.federated.client] - Client client_8 - Epoch 3/5 completed. Average Loss: 0.0089
2025-06-24 06:13:28,764 [INFO] [src.federated.client] - Client client_8 - Epoch 4/5 completed. Average Loss: 0.0073
2025-06-24 06:13:28,774 [INFO] [src.federated.client] - Client client_8 - Epoch 5/5 completed. Average Loss: 0.0063
2025-06-24 06:13:28,774 [INFO] [src.federated.client] - Client client_8: Local training finished. Processed 715 samples.
2025-06-24 06:13:28,774 [INFO] [src.federated.server] - Aggregating updates from 10 clients using FedAvg.
2025-06-24 06:13:28,774 [INFO] [src.federated.aggregation] - FedAvg: Aggregating updates from 10 clients.
2025-06-24 06:13:28,775 [INFO] [src.federated.aggregation] - FedAvg: Aggregation complete.
2025-06-24 06:13:28,776 [INFO] [src.federated.server] - Global model updated with aggregated parameters.
2025-06-24 06:13:28,776 [INFO] [src.federated.server] - Evaluating updated global model...
2025-06-24 06:13:28,780 [INFO] [src.federated.server] - Round 19 completed in 0.52s. Eval Metrics: {'loss': 0.09099771802624067, 'accuracy': 0.9666666666666667}
2025-06-24 06:13:28,780 [INFO] [src.federated.server] - ===== Starting Round 20/30 =====
2025-06-24 06:13:28,780 [INFO] [src.federated.server] - Starting federated training round...
2025-06-24 06:13:28,780 [INFO] [src.federated.server] - Selected 10 clients out of 10 available (fraction=1.0, min_clients=1): ['client_1', 'client_0', 'client_3', 'client_8', 'client_6', 'client_2', 'client_5', 'client_4', 'client_7', 'client_9']
2025-06-24 06:13:28,781 [INFO] [src.federated.client] - Client client_1: Starting local training for 5 epochs. Proximal term mu=0.0.
2025-06-24 06:13:28,793 [INFO] [src.federated.client] - Client client_1 - Epoch 1/5 completed. Average Loss: 0.0121
2025-06-24 06:13:28,803 [INFO] [src.federated.client] - Client client_1 - Epoch 2/5 completed. Average Loss: 0.0087
2025-06-24 06:13:28,813 [INFO] [src.federated.client] - Client client_1 - Epoch 3/5 completed. Average Loss: 0.0071
2025-06-24 06:13:28,823 [INFO] [src.federated.client] - Client client_1 - Epoch 4/5 completed. Average Loss: 0.0058
2025-06-24 06:13:28,836 [INFO] [src.federated.client] - Client client_1 - Epoch 5/5 completed. Average Loss: 0.0052
2025-06-24 06:13:28,837 [INFO] [src.federated.client] - Client client_1: Local training finished. Processed 715 samples.
2025-06-24 06:13:28,838 [INFO] [src.federated.client] - Client client_0: Starting local training for 5 epochs. Proximal term mu=0.0.
2025-06-24 06:13:28,848 [INFO] [src.federated.client] - Client client_0 - Epoch 1/5 completed. Average Loss: 0.0183
2025-06-24 06:13:28,858 [INFO] [src.federated.client] - Client client_0 - Epoch 2/5 completed. Average Loss: 0.0090
2025-06-24 06:13:28,869 [INFO] [src.federated.client] - Client client_0 - Epoch 3/5 completed. Average Loss: 0.0073
2025-06-24 06:13:28,879 [INFO] [src.federated.client] - Client client_0 - Epoch 4/5 completed. Average Loss: 0.0061
2025-06-24 06:13:28,890 [INFO] [src.federated.client] - Client client_0 - Epoch 5/5 completed. Average Loss: 0.0053
2025-06-24 06:13:28,891 [INFO] [src.federated.client] - Client client_0: Local training finished. Processed 715 samples.
2025-06-24 06:13:28,891 [INFO] [src.federated.client] - Client client_3: Starting local training for 5 epochs. Proximal term mu=0.0.
2025-06-24 06:13:28,902 [INFO] [src.federated.client] - Client client_3 - Epoch 1/5 completed. Average Loss: 0.0484
2025-06-24 06:13:28,914 [INFO] [src.federated.client] - Client client_3 - Epoch 2/5 completed. Average Loss: 0.0310
2025-06-24 06:13:28,926 [INFO] [src.federated.client] - Client client_3 - Epoch 3/5 completed. Average Loss: 0.0192
2025-06-24 06:13:28,936 [INFO] [src.federated.client] - Client client_3 - Epoch 4/5 completed. Average Loss: 0.0133
2025-06-24 06:13:28,946 [INFO] [src.federated.client] - Client client_3 - Epoch 5/5 completed. Average Loss: 0.0112
2025-06-24 06:13:28,947 [INFO] [src.federated.client] - Client client_3: Local training finished. Processed 715 samples.
2025-06-24 06:13:28,947 [INFO] [src.federated.client] - Client client_8: Starting local training for 5 epochs. Proximal term mu=0.0.
2025-06-24 06:13:28,958 [INFO] [src.federated.client] - Client client_8 - Epoch 1/5 completed. Average Loss: 0.0158
2025-06-24 06:13:28,969 [INFO] [src.federated.client] - Client client_8 - Epoch 2/5 completed. Average Loss: 0.0114
2025-06-24 06:13:28,979 [INFO] [src.federated.client] - Client client_8 - Epoch 3/5 completed. Average Loss: 0.0080
2025-06-24 06:13:28,991 [INFO] [src.federated.client] - Client client_8 - Epoch 4/5 completed. Average Loss: 0.0065
2025-06-24 06:13:29,001 [INFO] [src.federated.client] - Client client_8 - Epoch 5/5 completed. Average Loss: 0.0057
2025-06-24 06:13:29,002 [INFO] [src.federated.client] - Client client_8: Local training finished. Processed 715 samples.
2025-06-24 06:13:29,003 [INFO] [src.federated.client] - Client client_6: Starting local training for 5 epochs. Proximal term mu=0.0.
2025-06-24 06:13:29,013 [INFO] [src.federated.client] - Client client_6 - Epoch 1/5 completed. Average Loss: 0.0095
2025-06-24 06:13:29,023 [INFO] [src.federated.client] - Client client_6 - Epoch 2/5 completed. Average Loss: 0.0074
2025-06-24 06:13:29,033 [INFO] [src.federated.client] - Client client_6 - Epoch 3/5 completed. Average Loss: 0.0060
2025-06-24 06:13:29,043 [INFO] [src.federated.client] - Client client_6 - Epoch 4/5 completed. Average Loss: 0.0051
2025-06-24 06:13:29,052 [INFO] [src.federated.client] - Client client_6 - Epoch 5/5 completed. Average Loss: 0.0046
2025-06-24 06:13:29,052 [INFO] [src.federated.client] - Client client_6: Local training finished. Processed 715 samples.
2025-06-24 06:13:29,053 [INFO] [src.federated.client] - Client client_2: Starting local training for 5 epochs. Proximal term mu=0.0.
2025-06-24 06:13:29,063 [INFO] [src.federated.client] - Client client_2 - Epoch 1/5 completed. Average Loss: 0.0137
2025-06-24 06:13:29,074 [INFO] [src.federated.client] - Client client_2 - Epoch 2/5 completed. Average Loss: 0.0106
2025-06-24 06:13:29,084 [INFO] [src.federated.client] - Client client_2 - Epoch 3/5 completed. Average Loss: 0.0077
2025-06-24 06:13:29,094 [INFO] [src.federated.client] - Client client_2 - Epoch 4/5 completed. Average Loss: 0.0066
2025-06-24 06:13:29,106 [INFO] [src.federated.client] - Client client_2 - Epoch 5/5 completed. Average Loss: 0.0058
2025-06-24 06:13:29,106 [INFO] [src.federated.client] - Client client_2: Local training finished. Processed 715 samples.
2025-06-24 06:13:29,107 [INFO] [src.federated.client] - Client client_5: Starting local training for 5 epochs. Proximal term mu=0.0.
2025-06-24 06:13:29,118 [INFO] [src.federated.client] - Client client_5 - Epoch 1/5 completed. Average Loss: 0.0143
2025-06-24 06:13:29,128 [INFO] [src.federated.client] - Client client_5 - Epoch 2/5 completed. Average Loss: 0.0090
2025-06-24 06:13:29,137 [INFO] [src.federated.client] - Client client_5 - Epoch 3/5 completed. Average Loss: 0.0069
2025-06-24 06:13:29,149 [INFO] [src.federated.client] - Client client_5 - Epoch 4/5 completed. Average Loss: 0.0057
2025-06-24 06:13:29,158 [INFO] [src.federated.client] - Client client_5 - Epoch 5/5 completed. Average Loss: 0.0051
2025-06-24 06:13:29,159 [INFO] [src.federated.client] - Client client_5: Local training finished. Processed 715 samples.
2025-06-24 06:13:29,159 [INFO] [src.federated.client] - Client client_4: Starting local training for 5 epochs. Proximal term mu=0.0.
2025-06-24 06:13:29,170 [INFO] [src.federated.client] - Client client_4 - Epoch 1/5 completed. Average Loss: 0.0380
2025-06-24 06:13:29,180 [INFO] [src.federated.client] - Client client_4 - Epoch 2/5 completed. Average Loss: 0.0229
2025-06-24 06:13:29,191 [INFO] [src.federated.client] - Client client_4 - Epoch 3/5 completed. Average Loss: 0.0141
2025-06-24 06:13:29,200 [INFO] [src.federated.client] - Client client_4 - Epoch 4/5 completed. Average Loss: 0.0106
2025-06-24 06:13:29,211 [INFO] [src.federated.client] - Client client_4 - Epoch 5/5 completed. Average Loss: 0.0091
2025-06-24 06:13:29,211 [INFO] [src.federated.client] - Client client_4: Local training finished. Processed 715 samples.
2025-06-24 06:13:29,212 [INFO] [src.federated.client] - Client client_7: Starting local training for 5 epochs. Proximal term mu=0.0.
2025-06-24 06:13:29,222 [INFO] [src.federated.client] - Client client_7 - Epoch 1/5 completed. Average Loss: 0.0398
2025-06-24 06:13:29,232 [INFO] [src.federated.client] - Client client_7 - Epoch 2/5 completed. Average Loss: 0.0237
2025-06-24 06:13:29,243 [INFO] [src.federated.client] - Client client_7 - Epoch 3/5 completed. Average Loss: 0.0156
2025-06-24 06:13:29,252 [INFO] [src.federated.client] - Client client_7 - Epoch 4/5 completed. Average Loss: 0.0121
2025-06-24 06:13:29,262 [INFO] [src.federated.client] - Client client_7 - Epoch 5/5 completed. Average Loss: 0.0107
2025-06-24 06:13:29,263 [INFO] [src.federated.client] - Client client_7: Local training finished. Processed 715 samples.
2025-06-24 06:13:29,263 [INFO] [src.federated.client] - Client client_9: Starting local training for 5 epochs. Proximal term mu=0.0.
2025-06-24 06:13:29,273 [INFO] [src.federated.client] - Client client_9 - Epoch 1/5 completed. Average Loss: 0.0267
2025-06-24 06:13:29,283 [INFO] [src.federated.client] - Client client_9 - Epoch 2/5 completed. Average Loss: 0.0126
2025-06-24 06:13:29,292 [INFO] [src.federated.client] - Client client_9 - Epoch 3/5 completed. Average Loss: 0.0079
2025-06-24 06:13:29,302 [INFO] [src.federated.client] - Client client_9 - Epoch 4/5 completed. Average Loss: 0.0066
2025-06-24 06:13:29,312 [INFO] [src.federated.client] - Client client_9 - Epoch 5/5 completed. Average Loss: 0.0056
2025-06-24 06:13:29,313 [INFO] [src.federated.client] - Client client_9: Local training finished. Processed 750 samples.
2025-06-24 06:13:29,313 [INFO] [src.federated.server] - Aggregating updates from 10 clients using FedAvg.
2025-06-24 06:13:29,313 [INFO] [src.federated.aggregation] - FedAvg: Aggregating updates from 10 clients.
2025-06-24 06:13:29,314 [INFO] [src.federated.aggregation] - FedAvg: Aggregation complete.
2025-06-24 06:13:29,314 [INFO] [src.federated.server] - Global model updated with aggregated parameters.
2025-06-24 06:13:29,314 [INFO] [src.federated.server] - Evaluating updated global model...
2025-06-24 06:13:29,318 [INFO] [src.federated.server] - Round 20 completed in 0.54s. Eval Metrics: {'loss': 0.08928915597498417, 'accuracy': 0.9638888888888889}
2025-06-24 06:13:29,318 [INFO] [src.federated.server] - ===== Starting Round 21/30 =====
2025-06-24 06:13:29,318 [INFO] [src.federated.server] - Starting federated training round...
2025-06-24 06:13:29,318 [INFO] [src.federated.server] - Selected 10 clients out of 10 available (fraction=1.0, min_clients=1): ['client_7', 'client_3', 'client_2', 'client_5', 'client_4', 'client_6', 'client_8', 'client_0', 'client_1', 'client_9']
2025-06-24 06:13:29,319 [INFO] [src.federated.client] - Client client_7: Starting local training for 5 epochs. Proximal term mu=0.0.
2025-06-24 06:13:29,330 [INFO] [src.federated.client] - Client client_7 - Epoch 1/5 completed. Average Loss: 0.0375
2025-06-24 06:13:29,340 [INFO] [src.federated.client] - Client client_7 - Epoch 2/5 completed. Average Loss: 0.0203
2025-06-24 06:13:29,351 [INFO] [src.federated.client] - Client client_7 - Epoch 3/5 completed. Average Loss: 0.0149
2025-06-24 06:13:29,360 [INFO] [src.federated.client] - Client client_7 - Epoch 4/5 completed. Average Loss: 0.0102
2025-06-24 06:13:29,370 [INFO] [src.federated.client] - Client client_7 - Epoch 5/5 completed. Average Loss: 0.0087
2025-06-24 06:13:29,371 [INFO] [src.federated.client] - Client client_7: Local training finished. Processed 715 samples.
2025-06-24 06:13:29,371 [INFO] [src.federated.client] - Client client_3: Starting local training for 5 epochs. Proximal term mu=0.0.
2025-06-24 06:13:29,381 [INFO] [src.federated.client] - Client client_3 - Epoch 1/5 completed. Average Loss: 0.0417
2025-06-24 06:13:29,395 [INFO] [src.federated.client] - Client client_3 - Epoch 2/5 completed. Average Loss: 0.0270
2025-06-24 06:13:29,405 [INFO] [src.federated.client] - Client client_3 - Epoch 3/5 completed. Average Loss: 0.0152
2025-06-24 06:13:29,415 [INFO] [src.federated.client] - Client client_3 - Epoch 4/5 completed. Average Loss: 0.0118
2025-06-24 06:13:29,424 [INFO] [src.federated.client] - Client client_3 - Epoch 5/5 completed. Average Loss: 0.0099
2025-06-24 06:13:29,425 [INFO] [src.federated.client] - Client client_3: Local training finished. Processed 715 samples.
2025-06-24 06:13:29,425 [INFO] [src.federated.client] - Client client_2: Starting local training for 5 epochs. Proximal term mu=0.0.
2025-06-24 06:13:29,436 [INFO] [src.federated.client] - Client client_2 - Epoch 1/5 completed. Average Loss: 0.0121
2025-06-24 06:13:29,445 [INFO] [src.federated.client] - Client client_2 - Epoch 2/5 completed. Average Loss: 0.0094
2025-06-24 06:13:29,456 [INFO] [src.federated.client] - Client client_2 - Epoch 3/5 completed. Average Loss: 0.0073
2025-06-24 06:13:29,466 [INFO] [src.federated.client] - Client client_2 - Epoch 4/5 completed. Average Loss: 0.0061
2025-06-24 06:13:29,475 [INFO] [src.federated.client] - Client client_2 - Epoch 5/5 completed. Average Loss: 0.0055
2025-06-24 06:13:29,476 [INFO] [src.federated.client] - Client client_2: Local training finished. Processed 715 samples.
2025-06-24 06:13:29,477 [INFO] [src.federated.client] - Client client_5: Starting local training for 5 epochs. Proximal term mu=0.0.
2025-06-24 06:13:29,487 [INFO] [src.federated.client] - Client client_5 - Epoch 1/5 completed. Average Loss: 0.0128
2025-06-24 06:13:29,497 [INFO] [src.federated.client] - Client client_5 - Epoch 2/5 completed. Average Loss: 0.0087
2025-06-24 06:13:29,507 [INFO] [src.federated.client] - Client client_5 - Epoch 3/5 completed. Average Loss: 0.0064
2025-06-24 06:13:29,516 [INFO] [src.federated.client] - Client client_5 - Epoch 4/5 completed. Average Loss: 0.0054
2025-06-24 06:13:29,525 [INFO] [src.federated.client] - Client client_5 - Epoch 5/5 completed. Average Loss: 0.0046
2025-06-24 06:13:29,526 [INFO] [src.federated.client] - Client client_5: Local training finished. Processed 715 samples.
2025-06-24 06:13:29,526 [INFO] [src.federated.client] - Client client_4: Starting local training for 5 epochs. Proximal term mu=0.0.
2025-06-24 06:13:29,536 [INFO] [src.federated.client] - Client client_4 - Epoch 1/5 completed. Average Loss: 0.0341
2025-06-24 06:13:29,545 [INFO] [src.federated.client] - Client client_4 - Epoch 2/5 completed. Average Loss: 0.0191
2025-06-24 06:13:29,556 [INFO] [src.federated.client] - Client client_4 - Epoch 3/5 completed. Average Loss: 0.0121
2025-06-24 06:13:29,566 [INFO] [src.federated.client] - Client client_4 - Epoch 4/5 completed. Average Loss: 0.0099
2025-06-24 06:13:29,577 [INFO] [src.federated.client] - Client client_4 - Epoch 5/5 completed. Average Loss: 0.0082
2025-06-24 06:13:29,578 [INFO] [src.federated.client] - Client client_4: Local training finished. Processed 715 samples.
2025-06-24 06:13:29,579 [INFO] [src.federated.client] - Client client_6: Starting local training for 5 epochs. Proximal term mu=0.0.
2025-06-24 06:13:29,590 [INFO] [src.federated.client] - Client client_6 - Epoch 1/5 completed. Average Loss: 0.0083
2025-06-24 06:13:29,601 [INFO] [src.federated.client] - Client client_6 - Epoch 2/5 completed. Average Loss: 0.0068
2025-06-24 06:13:29,612 [INFO] [src.federated.client] - Client client_6 - Epoch 3/5 completed. Average Loss: 0.0055
2025-06-24 06:13:29,622 [INFO] [src.federated.client] - Client client_6 - Epoch 4/5 completed. Average Loss: 0.0047
2025-06-24 06:13:29,631 [INFO] [src.federated.client] - Client client_6 - Epoch 5/5 completed. Average Loss: 0.0041
2025-06-24 06:13:29,632 [INFO] [src.federated.client] - Client client_6: Local training finished. Processed 715 samples.
2025-06-24 06:13:29,633 [INFO] [src.federated.client] - Client client_8: Starting local training for 5 epochs. Proximal term mu=0.0.
2025-06-24 06:13:29,644 [INFO] [src.federated.client] - Client client_8 - Epoch 1/5 completed. Average Loss: 0.0146
2025-06-24 06:13:29,654 [INFO] [src.federated.client] - Client client_8 - Epoch 2/5 completed. Average Loss: 0.0100
2025-06-24 06:13:29,665 [INFO] [src.federated.client] - Client client_8 - Epoch 3/5 completed. Average Loss: 0.0072
2025-06-24 06:13:29,675 [INFO] [src.federated.client] - Client client_8 - Epoch 4/5 completed. Average Loss: 0.0060
2025-06-24 06:13:29,685 [INFO] [src.federated.client] - Client client_8 - Epoch 5/5 completed. Average Loss: 0.0051
2025-06-24 06:13:29,685 [INFO] [src.federated.client] - Client client_8: Local training finished. Processed 715 samples.
2025-06-24 06:13:29,686 [INFO] [src.federated.client] - Client client_0: Starting local training for 5 epochs. Proximal term mu=0.0.
2025-06-24 06:13:29,696 [INFO] [src.federated.client] - Client client_0 - Epoch 1/5 completed. Average Loss: 0.0159
2025-06-24 06:13:29,706 [INFO] [src.federated.client] - Client client_0 - Epoch 2/5 completed. Average Loss: 0.0114
2025-06-24 06:13:29,716 [INFO] [src.federated.client] - Client client_0 - Epoch 3/5 completed. Average Loss: 0.0067
2025-06-24 06:13:29,727 [INFO] [src.federated.client] - Client client_0 - Epoch 4/5 completed. Average Loss: 0.0055
2025-06-24 06:13:29,737 [INFO] [src.federated.client] - Client client_0 - Epoch 5/5 completed. Average Loss: 0.0048
2025-06-24 06:13:29,738 [INFO] [src.federated.client] - Client client_0: Local training finished. Processed 715 samples.
2025-06-24 06:13:29,739 [INFO] [src.federated.client] - Client client_1: Starting local training for 5 epochs. Proximal term mu=0.0.
2025-06-24 06:13:29,750 [INFO] [src.federated.client] - Client client_1 - Epoch 1/5 completed. Average Loss: 0.0111
2025-06-24 06:13:29,761 [INFO] [src.federated.client] - Client client_1 - Epoch 2/5 completed. Average Loss: 0.0080
2025-06-24 06:13:29,770 [INFO] [src.federated.client] - Client client_1 - Epoch 3/5 completed. Average Loss: 0.0062
2025-06-24 06:13:29,781 [INFO] [src.federated.client] - Client client_1 - Epoch 4/5 completed. Average Loss: 0.0052
2025-06-24 06:13:29,791 [INFO] [src.federated.client] - Client client_1 - Epoch 5/5 completed. Average Loss: 0.0047
2025-06-24 06:13:29,791 [INFO] [src.federated.client] - Client client_1: Local training finished. Processed 715 samples.
2025-06-24 06:13:29,792 [INFO] [src.federated.client] - Client client_9: Starting local training for 5 epochs. Proximal term mu=0.0.
2025-06-24 06:13:29,802 [INFO] [src.federated.client] - Client client_9 - Epoch 1/5 completed. Average Loss: 0.0248
2025-06-24 06:13:29,811 [INFO] [src.federated.client] - Client client_9 - Epoch 2/5 completed. Average Loss: 0.0118
2025-06-24 06:13:29,820 [INFO] [src.federated.client] - Client client_9 - Epoch 3/5 completed. Average Loss: 0.0074
2025-06-24 06:13:29,830 [INFO] [src.federated.client] - Client client_9 - Epoch 4/5 completed. Average Loss: 0.0062
2025-06-24 06:13:29,839 [INFO] [src.federated.client] - Client client_9 - Epoch 5/5 completed. Average Loss: 0.0052
2025-06-24 06:13:29,840 [INFO] [src.federated.client] - Client client_9: Local training finished. Processed 750 samples.
2025-06-24 06:13:29,840 [INFO] [src.federated.server] - Aggregating updates from 10 clients using FedAvg.
2025-06-24 06:13:29,840 [INFO] [src.federated.aggregation] - FedAvg: Aggregating updates from 10 clients.
2025-06-24 06:13:29,841 [INFO] [src.federated.aggregation] - FedAvg: Aggregation complete.
2025-06-24 06:13:29,841 [INFO] [src.federated.server] - Global model updated with aggregated parameters.
2025-06-24 06:13:29,841 [INFO] [src.federated.server] - Evaluating updated global model...
2025-06-24 06:13:29,845 [INFO] [src.federated.server] - Round 21 completed in 0.53s. Eval Metrics: {'loss': 0.08794651449554497, 'accuracy': 0.9666666666666667}
2025-06-24 06:13:29,845 [INFO] [src.federated.server] - ===== Starting Round 22/30 =====
2025-06-24 06:13:29,845 [INFO] [src.federated.server] - Starting federated training round...
2025-06-24 06:13:29,846 [INFO] [src.federated.server] - Selected 10 clients out of 10 available (fraction=1.0, min_clients=1): ['client_3', 'client_1', 'client_8', 'client_5', 'client_9', 'client_2', 'client_6', 'client_7', 'client_4', 'client_0']
2025-06-24 06:13:29,847 [INFO] [src.federated.client] - Client client_3: Starting local training for 5 epochs. Proximal term mu=0.0.
2025-06-24 06:13:29,857 [INFO] [src.federated.client] - Client client_3 - Epoch 1/5 completed. Average Loss: 0.0397
2025-06-24 06:13:29,866 [INFO] [src.federated.client] - Client client_3 - Epoch 2/5 completed. Average Loss: 0.0229
2025-06-24 06:13:29,875 [INFO] [src.federated.client] - Client client_3 - Epoch 3/5 completed. Average Loss: 0.0150
2025-06-24 06:13:29,887 [INFO] [src.federated.client] - Client client_3 - Epoch 4/5 completed. Average Loss: 0.0105
2025-06-24 06:13:29,898 [INFO] [src.federated.client] - Client client_3 - Epoch 5/5 completed. Average Loss: 0.0091
2025-06-24 06:13:29,898 [INFO] [src.federated.client] - Client client_3: Local training finished. Processed 715 samples.
2025-06-24 06:13:29,899 [INFO] [src.federated.client] - Client client_1: Starting local training for 5 epochs. Proximal term mu=0.0.
2025-06-24 06:13:29,909 [INFO] [src.federated.client] - Client client_1 - Epoch 1/5 completed. Average Loss: 0.0098
2025-06-24 06:13:29,919 [INFO] [src.federated.client] - Client client_1 - Epoch 2/5 completed. Average Loss: 0.0075
2025-06-24 06:13:29,930 [INFO] [src.federated.client] - Client client_1 - Epoch 3/5 completed. Average Loss: 0.0055
2025-06-24 06:13:29,942 [INFO] [src.federated.client] - Client client_1 - Epoch 4/5 completed. Average Loss: 0.0047
2025-06-24 06:13:29,952 [INFO] [src.federated.client] - Client client_1 - Epoch 5/5 completed. Average Loss: 0.0043
2025-06-24 06:13:29,953 [INFO] [src.federated.client] - Client client_1: Local training finished. Processed 715 samples.
2025-06-24 06:13:29,953 [INFO] [src.federated.client] - Client client_8: Starting local training for 5 epochs. Proximal term mu=0.0.
2025-06-24 06:13:29,964 [INFO] [src.federated.client] - Client client_8 - Epoch 1/5 completed. Average Loss: 0.0131
2025-06-24 06:13:29,974 [INFO] [src.federated.client] - Client client_8 - Epoch 2/5 completed. Average Loss: 0.0095
2025-06-24 06:13:29,984 [INFO] [src.federated.client] - Client client_8 - Epoch 3/5 completed. Average Loss: 0.0067
2025-06-24 06:13:29,994 [INFO] [src.federated.client] - Client client_8 - Epoch 4/5 completed. Average Loss: 0.0054
2025-06-24 06:13:30,004 [INFO] [src.federated.client] - Client client_8 - Epoch 5/5 completed. Average Loss: 0.0047
2025-06-24 06:13:30,005 [INFO] [src.federated.client] - Client client_8: Local training finished. Processed 715 samples.
2025-06-24 06:13:30,006 [INFO] [src.federated.client] - Client client_5: Starting local training for 5 epochs. Proximal term mu=0.0.
2025-06-24 06:13:30,016 [INFO] [src.federated.client] - Client client_5 - Epoch 1/5 completed. Average Loss: 0.0121
2025-06-24 06:13:30,027 [INFO] [src.federated.client] - Client client_5 - Epoch 2/5 completed. Average Loss: 0.0074
2025-06-24 06:13:30,038 [INFO] [src.federated.client] - Client client_5 - Epoch 3/5 completed. Average Loss: 0.0055
2025-06-24 06:13:30,048 [INFO] [src.federated.client] - Client client_5 - Epoch 4/5 completed. Average Loss: 0.0047
2025-06-24 06:13:30,058 [INFO] [src.federated.client] - Client client_5 - Epoch 5/5 completed. Average Loss: 0.0043
2025-06-24 06:13:30,059 [INFO] [src.federated.client] - Client client_5: Local training finished. Processed 715 samples.
2025-06-24 06:13:30,060 [INFO] [src.federated.client] - Client client_9: Starting local training for 5 epochs. Proximal term mu=0.0.
2025-06-24 06:13:30,069 [INFO] [src.federated.client] - Client client_9 - Epoch 1/5 completed. Average Loss: 0.0243
2025-06-24 06:13:30,079 [INFO] [src.federated.client] - Client client_9 - Epoch 2/5 completed. Average Loss: 0.0130
2025-06-24 06:13:30,089 [INFO] [src.federated.client] - Client client_9 - Epoch 3/5 completed. Average Loss: 0.0066
2025-06-24 06:13:30,100 [INFO] [src.federated.client] - Client client_9 - Epoch 4/5 completed. Average Loss: 0.0059
2025-06-24 06:13:30,110 [INFO] [src.federated.client] - Client client_9 - Epoch 5/5 completed. Average Loss: 0.0051
2025-06-24 06:13:30,111 [INFO] [src.federated.client] - Client client_9: Local training finished. Processed 750 samples.
2025-06-24 06:13:30,111 [INFO] [src.federated.client] - Client client_2: Starting local training for 5 epochs. Proximal term mu=0.0.
2025-06-24 06:13:30,121 [INFO] [src.federated.client] - Client client_2 - Epoch 1/5 completed. Average Loss: 0.0113
2025-06-24 06:13:30,132 [INFO] [src.federated.client] - Client client_2 - Epoch 2/5 completed. Average Loss: 0.0083
2025-06-24 06:13:30,143 [INFO] [src.federated.client] - Client client_2 - Epoch 3/5 completed. Average Loss: 0.0068
2025-06-24 06:13:30,153 [INFO] [src.federated.client] - Client client_2 - Epoch 4/5 completed. Average Loss: 0.0057
2025-06-24 06:13:30,162 [INFO] [src.federated.client] - Client client_2 - Epoch 5/5 completed. Average Loss: 0.0050
2025-06-24 06:13:30,163 [INFO] [src.federated.client] - Client client_2: Local training finished. Processed 715 samples.
2025-06-24 06:13:30,164 [INFO] [src.federated.client] - Client client_6: Starting local training for 5 epochs. Proximal term mu=0.0.
2025-06-24 06:13:30,174 [INFO] [src.federated.client] - Client client_6 - Epoch 1/5 completed. Average Loss: 0.0072
2025-06-24 06:13:30,184 [INFO] [src.federated.client] - Client client_6 - Epoch 2/5 completed. Average Loss: 0.0059
2025-06-24 06:13:30,194 [INFO] [src.federated.client] - Client client_6 - Epoch 3/5 completed. Average Loss: 0.0050
2025-06-24 06:13:30,204 [INFO] [src.federated.client] - Client client_6 - Epoch 4/5 completed. Average Loss: 0.0041
2025-06-24 06:13:30,214 [INFO] [src.federated.client] - Client client_6 - Epoch 5/5 completed. Average Loss: 0.0037
2025-06-24 06:13:30,215 [INFO] [src.federated.client] - Client client_6: Local training finished. Processed 715 samples.
2025-06-24 06:13:30,215 [INFO] [src.federated.client] - Client client_7: Starting local training for 5 epochs. Proximal term mu=0.0.
2025-06-24 06:13:30,226 [INFO] [src.federated.client] - Client client_7 - Epoch 1/5 completed. Average Loss: 0.0336
2025-06-24 06:13:30,237 [INFO] [src.federated.client] - Client client_7 - Epoch 2/5 completed. Average Loss: 0.0210
2025-06-24 06:13:30,249 [INFO] [src.federated.client] - Client client_7 - Epoch 3/5 completed. Average Loss: 0.0122
2025-06-24 06:13:30,260 [INFO] [src.federated.client] - Client client_7 - Epoch 4/5 completed. Average Loss: 0.0101
2025-06-24 06:13:30,271 [INFO] [src.federated.client] - Client client_7 - Epoch 5/5 completed. Average Loss: 0.0087
2025-06-24 06:13:30,271 [INFO] [src.federated.client] - Client client_7: Local training finished. Processed 715 samples.
2025-06-24 06:13:30,272 [INFO] [src.federated.client] - Client client_4: Starting local training for 5 epochs. Proximal term mu=0.0.
2025-06-24 06:13:30,282 [INFO] [src.federated.client] - Client client_4 - Epoch 1/5 completed. Average Loss: 0.0307
2025-06-24 06:13:30,293 [INFO] [src.federated.client] - Client client_4 - Epoch 2/5 completed. Average Loss: 0.0172
2025-06-24 06:13:30,303 [INFO] [src.federated.client] - Client client_4 - Epoch 3/5 completed. Average Loss: 0.0118
2025-06-24 06:13:30,314 [INFO] [src.federated.client] - Client client_4 - Epoch 4/5 completed. Average Loss: 0.0096
2025-06-24 06:13:30,326 [INFO] [src.federated.client] - Client client_4 - Epoch 5/5 completed. Average Loss: 0.0076
2025-06-24 06:13:30,326 [INFO] [src.federated.client] - Client client_4: Local training finished. Processed 715 samples.
2025-06-24 06:13:30,327 [INFO] [src.federated.client] - Client client_0: Starting local training for 5 epochs. Proximal term mu=0.0.
2025-06-24 06:13:30,337 [INFO] [src.federated.client] - Client client_0 - Epoch 1/5 completed. Average Loss: 0.0146
2025-06-24 06:13:30,348 [INFO] [src.federated.client] - Client client_0 - Epoch 2/5 completed. Average Loss: 0.0089
2025-06-24 06:13:30,358 [INFO] [src.federated.client] - Client client_0 - Epoch 3/5 completed. Average Loss: 0.0056
2025-06-24 06:13:30,367 [INFO] [src.federated.client] - Client client_0 - Epoch 4/5 completed. Average Loss: 0.0048
2025-06-24 06:13:30,379 [INFO] [src.federated.client] - Client client_0 - Epoch 5/5 completed. Average Loss: 0.0042
2025-06-24 06:13:30,379 [INFO] [src.federated.client] - Client client_0: Local training finished. Processed 715 samples.
2025-06-24 06:13:30,380 [INFO] [src.federated.server] - Aggregating updates from 10 clients using FedAvg.
2025-06-24 06:13:30,380 [INFO] [src.federated.aggregation] - FedAvg: Aggregating updates from 10 clients.
2025-06-24 06:13:30,381 [INFO] [src.federated.aggregation] - FedAvg: Aggregation complete.
2025-06-24 06:13:30,381 [INFO] [src.federated.server] - Global model updated with aggregated parameters.
2025-06-24 06:13:30,382 [INFO] [src.federated.server] - Evaluating updated global model...
2025-06-24 06:13:30,386 [INFO] [src.federated.server] - Round 22 completed in 0.54s. Eval Metrics: {'loss': 0.08652676546739207, 'accuracy': 0.9666666666666667}
2025-06-24 06:13:30,386 [INFO] [src.federated.server] - ===== Starting Round 23/30 =====
2025-06-24 06:13:30,386 [INFO] [src.federated.server] - Starting federated training round...
2025-06-24 06:13:30,386 [INFO] [src.federated.server] - Selected 10 clients out of 10 available (fraction=1.0, min_clients=1): ['client_1', 'client_0', 'client_6', 'client_5', 'client_2', 'client_8', 'client_9', 'client_4', 'client_7', 'client_3']
2025-06-24 06:13:30,387 [INFO] [src.federated.client] - Client client_1: Starting local training for 5 epochs. Proximal term mu=0.0.
2025-06-24 06:13:30,399 [INFO] [src.federated.client] - Client client_1 - Epoch 1/5 completed. Average Loss: 0.0090
2025-06-24 06:13:30,409 [INFO] [src.federated.client] - Client client_1 - Epoch 2/5 completed. Average Loss: 0.0065
2025-06-24 06:13:30,421 [INFO] [src.federated.client] - Client client_1 - Epoch 3/5 completed. Average Loss: 0.0051
2025-06-24 06:13:30,431 [INFO] [src.federated.client] - Client client_1 - Epoch 4/5 completed. Average Loss: 0.0043
2025-06-24 06:13:30,442 [INFO] [src.federated.client] - Client client_1 - Epoch 5/5 completed. Average Loss: 0.0038
2025-06-24 06:13:30,443 [INFO] [src.federated.client] - Client client_1: Local training finished. Processed 715 samples.
2025-06-24 06:13:30,443 [INFO] [src.federated.client] - Client client_0: Starting local training for 5 epochs. Proximal term mu=0.0.
2025-06-24 06:13:30,455 [INFO] [src.federated.client] - Client client_0 - Epoch 1/5 completed. Average Loss: 0.0135
2025-06-24 06:13:30,465 [INFO] [src.federated.client] - Client client_0 - Epoch 2/5 completed. Average Loss: 0.0077
2025-06-24 06:13:30,476 [INFO] [src.federated.client] - Client client_0 - Epoch 3/5 completed. Average Loss: 0.0056
2025-06-24 06:13:30,486 [INFO] [src.federated.client] - Client client_0 - Epoch 4/5 completed. Average Loss: 0.0047
2025-06-24 06:13:30,497 [INFO] [src.federated.client] - Client client_0 - Epoch 5/5 completed. Average Loss: 0.0040
2025-06-24 06:13:30,497 [INFO] [src.federated.client] - Client client_0: Local training finished. Processed 715 samples.
2025-06-24 06:13:30,498 [INFO] [src.federated.client] - Client client_6: Starting local training for 5 epochs. Proximal term mu=0.0.
2025-06-24 06:13:30,508 [INFO] [src.federated.client] - Client client_6 - Epoch 1/5 completed. Average Loss: 0.0066
2025-06-24 06:13:30,518 [INFO] [src.federated.client] - Client client_6 - Epoch 2/5 completed. Average Loss: 0.0055
2025-06-24 06:13:30,528 [INFO] [src.federated.client] - Client client_6 - Epoch 3/5 completed. Average Loss: 0.0044
2025-06-24 06:13:30,538 [INFO] [src.federated.client] - Client client_6 - Epoch 4/5 completed. Average Loss: 0.0039
2025-06-24 06:13:30,548 [INFO] [src.federated.client] - Client client_6 - Epoch 5/5 completed. Average Loss: 0.0035
2025-06-24 06:13:30,549 [INFO] [src.federated.client] - Client client_6: Local training finished. Processed 715 samples.
2025-06-24 06:13:30,550 [INFO] [src.federated.client] - Client client_5: Starting local training for 5 epochs. Proximal term mu=0.0.
2025-06-24 06:13:30,561 [INFO] [src.federated.client] - Client client_5 - Epoch 1/5 completed. Average Loss: 0.0108
2025-06-24 06:13:30,570 [INFO] [src.federated.client] - Client client_5 - Epoch 2/5 completed. Average Loss: 0.0071
2025-06-24 06:13:30,580 [INFO] [src.federated.client] - Client client_5 - Epoch 3/5 completed. Average Loss: 0.0052
2025-06-24 06:13:30,589 [INFO] [src.federated.client] - Client client_5 - Epoch 4/5 completed. Average Loss: 0.0044
2025-06-24 06:13:30,600 [INFO] [src.federated.client] - Client client_5 - Epoch 5/5 completed. Average Loss: 0.0039
2025-06-24 06:13:30,600 [INFO] [src.federated.client] - Client client_5: Local training finished. Processed 715 samples.
2025-06-24 06:13:30,601 [INFO] [src.federated.client] - Client client_2: Starting local training for 5 epochs. Proximal term mu=0.0.
2025-06-24 06:13:30,611 [INFO] [src.federated.client] - Client client_2 - Epoch 1/5 completed. Average Loss: 0.0102
2025-06-24 06:13:30,623 [INFO] [src.federated.client] - Client client_2 - Epoch 2/5 completed. Average Loss: 0.0079
2025-06-24 06:13:30,633 [INFO] [src.federated.client] - Client client_2 - Epoch 3/5 completed. Average Loss: 0.0061
2025-06-24 06:13:30,642 [INFO] [src.federated.client] - Client client_2 - Epoch 4/5 completed. Average Loss: 0.0051
2025-06-24 06:13:30,653 [INFO] [src.federated.client] - Client client_2 - Epoch 5/5 completed. Average Loss: 0.0044
2025-06-24 06:13:30,653 [INFO] [src.federated.client] - Client client_2: Local training finished. Processed 715 samples.
2025-06-24 06:13:30,654 [INFO] [src.federated.client] - Client client_8: Starting local training for 5 epochs. Proximal term mu=0.0.
2025-06-24 06:13:30,664 [INFO] [src.federated.client] - Client client_8 - Epoch 1/5 completed. Average Loss: 0.0122
2025-06-24 06:13:30,673 [INFO] [src.federated.client] - Client client_8 - Epoch 2/5 completed. Average Loss: 0.0087
2025-06-24 06:13:30,683 [INFO] [src.federated.client] - Client client_8 - Epoch 3/5 completed. Average Loss: 0.0062
2025-06-24 06:13:30,693 [INFO] [src.federated.client] - Client client_8 - Epoch 4/5 completed. Average Loss: 0.0051
2025-06-24 06:13:30,703 [INFO] [src.federated.client] - Client client_8 - Epoch 5/5 completed. Average Loss: 0.0044
2025-06-24 06:13:30,703 [INFO] [src.federated.client] - Client client_8: Local training finished. Processed 715 samples.
2025-06-24 06:13:30,704 [INFO] [src.federated.client] - Client client_9: Starting local training for 5 epochs. Proximal term mu=0.0.
2025-06-24 06:13:30,714 [INFO] [src.federated.client] - Client client_9 - Epoch 1/5 completed. Average Loss: 0.0222
2025-06-24 06:13:30,723 [INFO] [src.federated.client] - Client client_9 - Epoch 2/5 completed. Average Loss: 0.0087
2025-06-24 06:13:30,733 [INFO] [src.federated.client] - Client client_9 - Epoch 3/5 completed. Average Loss: 0.0063
2025-06-24 06:13:30,743 [INFO] [src.federated.client] - Client client_9 - Epoch 4/5 completed. Average Loss: 0.0053
2025-06-24 06:13:30,754 [INFO] [src.federated.client] - Client client_9 - Epoch 5/5 completed. Average Loss: 0.0045
2025-06-24 06:13:30,754 [INFO] [src.federated.client] - Client client_9: Local training finished. Processed 750 samples.
2025-06-24 06:13:30,755 [INFO] [src.federated.client] - Client client_4: Starting local training for 5 epochs. Proximal term mu=0.0.
2025-06-24 06:13:30,765 [INFO] [src.federated.client] - Client client_4 - Epoch 1/5 completed. Average Loss: 0.0302
2025-06-24 06:13:30,774 [INFO] [src.federated.client] - Client client_4 - Epoch 2/5 completed. Average Loss: 0.0174
2025-06-24 06:13:30,785 [INFO] [src.federated.client] - Client client_4 - Epoch 3/5 completed. Average Loss: 0.0106
2025-06-24 06:13:30,795 [INFO] [src.federated.client] - Client client_4 - Epoch 4/5 completed. Average Loss: 0.0088
2025-06-24 06:13:30,806 [INFO] [src.federated.client] - Client client_4 - Epoch 5/5 completed. Average Loss: 0.0072
2025-06-24 06:13:30,806 [INFO] [src.federated.client] - Client client_4: Local training finished. Processed 715 samples.
2025-06-24 06:13:30,807 [INFO] [src.federated.client] - Client client_7: Starting local training for 5 epochs. Proximal term mu=0.0.
2025-06-24 06:13:30,817 [INFO] [src.federated.client] - Client client_7 - Epoch 1/5 completed. Average Loss: 0.0316
2025-06-24 06:13:30,828 [INFO] [src.federated.client] - Client client_7 - Epoch 2/5 completed. Average Loss: 0.0192
2025-06-24 06:13:30,839 [INFO] [src.federated.client] - Client client_7 - Epoch 3/5 completed. Average Loss: 0.0126
2025-06-24 06:13:30,848 [INFO] [src.federated.client] - Client client_7 - Epoch 4/5 completed. Average Loss: 0.0092
2025-06-24 06:13:30,859 [INFO] [src.federated.client] - Client client_7 - Epoch 5/5 completed. Average Loss: 0.0074
2025-06-24 06:13:30,860 [INFO] [src.federated.client] - Client client_7: Local training finished. Processed 715 samples.
2025-06-24 06:13:30,860 [INFO] [src.federated.client] - Client client_3: Starting local training for 5 epochs. Proximal term mu=0.0.
2025-06-24 06:13:30,871 [INFO] [src.federated.client] - Client client_3 - Epoch 1/5 completed. Average Loss: 0.0374
2025-06-24 06:13:30,880 [INFO] [src.federated.client] - Client client_3 - Epoch 2/5 completed. Average Loss: 0.0210
2025-06-24 06:13:30,890 [INFO] [src.federated.client] - Client client_3 - Epoch 3/5 completed. Average Loss: 0.0130
2025-06-24 06:13:30,901 [INFO] [src.federated.client] - Client client_3 - Epoch 4/5 completed. Average Loss: 0.0103
2025-06-24 06:13:30,911 [INFO] [src.federated.client] - Client client_3 - Epoch 5/5 completed. Average Loss: 0.0087
2025-06-24 06:13:30,912 [INFO] [src.federated.client] - Client client_3: Local training finished. Processed 715 samples.
2025-06-24 06:13:30,912 [INFO] [src.federated.server] - Aggregating updates from 10 clients using FedAvg.
2025-06-24 06:13:30,912 [INFO] [src.federated.aggregation] - FedAvg: Aggregating updates from 10 clients.
2025-06-24 06:13:30,913 [INFO] [src.federated.aggregation] - FedAvg: Aggregation complete.
2025-06-24 06:13:30,913 [INFO] [src.federated.server] - Global model updated with aggregated parameters.
2025-06-24 06:13:30,913 [INFO] [src.federated.server] - Evaluating updated global model...
2025-06-24 06:13:30,917 [INFO] [src.federated.server] - Round 23 completed in 0.53s. Eval Metrics: {'loss': 0.0853116480840577, 'accuracy': 0.9666666666666667}
2025-06-24 06:13:30,917 [INFO] [src.federated.server] - ===== Starting Round 24/30 =====
2025-06-24 06:13:30,918 [INFO] [src.federated.server] - Starting federated training round...
2025-06-24 06:13:30,918 [INFO] [src.federated.server] - Selected 10 clients out of 10 available (fraction=1.0, min_clients=1): ['client_2', 'client_6', 'client_9', 'client_7', 'client_3', 'client_1', 'client_0', 'client_4', 'client_5', 'client_8']
2025-06-24 06:13:30,918 [INFO] [src.federated.client] - Client client_2: Starting local training for 5 epochs. Proximal term mu=0.0.
2025-06-24 06:13:30,930 [INFO] [src.federated.client] - Client client_2 - Epoch 1/5 completed. Average Loss: 0.0096
2025-06-24 06:13:30,939 [INFO] [src.federated.client] - Client client_2 - Epoch 2/5 completed. Average Loss: 0.0070
2025-06-24 06:13:30,950 [INFO] [src.federated.client] - Client client_2 - Epoch 3/5 completed. Average Loss: 0.0057
2025-06-24 06:13:30,961 [INFO] [src.federated.client] - Client client_2 - Epoch 4/5 completed. Average Loss: 0.0047
2025-06-24 06:13:30,970 [INFO] [src.federated.client] - Client client_2 - Epoch 5/5 completed. Average Loss: 0.0041
2025-06-24 06:13:30,971 [INFO] [src.federated.client] - Client client_2: Local training finished. Processed 715 samples.
2025-06-24 06:13:30,972 [INFO] [src.federated.client] - Client client_6: Starting local training for 5 epochs. Proximal term mu=0.0.
2025-06-24 06:13:30,983 [INFO] [src.federated.client] - Client client_6 - Epoch 1/5 completed. Average Loss: 0.0061
2025-06-24 06:13:30,995 [INFO] [src.federated.client] - Client client_6 - Epoch 2/5 completed. Average Loss: 0.0051
2025-06-24 06:13:31,004 [INFO] [src.federated.client] - Client client_6 - Epoch 3/5 completed. Average Loss: 0.0042
2025-06-24 06:13:31,014 [INFO] [src.federated.client] - Client client_6 - Epoch 4/5 completed. Average Loss: 0.0036
2025-06-24 06:13:31,025 [INFO] [src.federated.client] - Client client_6 - Epoch 5/5 completed. Average Loss: 0.0032
2025-06-24 06:13:31,025 [INFO] [src.federated.client] - Client client_6: Local training finished. Processed 715 samples.
2025-06-24 06:13:31,026 [INFO] [src.federated.client] - Client client_9: Starting local training for 5 epochs. Proximal term mu=0.0.
2025-06-24 06:13:31,038 [INFO] [src.federated.client] - Client client_9 - Epoch 1/5 completed. Average Loss: 0.0202
2025-06-24 06:13:31,049 [INFO] [src.federated.client] - Client client_9 - Epoch 2/5 completed. Average Loss: 0.0075
2025-06-24 06:13:31,060 [INFO] [src.federated.client] - Client client_9 - Epoch 3/5 completed. Average Loss: 0.0058
2025-06-24 06:13:31,070 [INFO] [src.federated.client] - Client client_9 - Epoch 4/5 completed. Average Loss: 0.0053
2025-06-24 06:13:31,081 [INFO] [src.federated.client] - Client client_9 - Epoch 5/5 completed. Average Loss: 0.0046
2025-06-24 06:13:31,082 [INFO] [src.federated.client] - Client client_9: Local training finished. Processed 750 samples.
2025-06-24 06:13:31,082 [INFO] [src.federated.client] - Client client_7: Starting local training for 5 epochs. Proximal term mu=0.0.
2025-06-24 06:13:31,094 [INFO] [src.federated.client] - Client client_7 - Epoch 1/5 completed. Average Loss: 0.0280
2025-06-24 06:13:31,107 [INFO] [src.federated.client] - Client client_7 - Epoch 2/5 completed. Average Loss: 0.0171
2025-06-24 06:13:31,117 [INFO] [src.federated.client] - Client client_7 - Epoch 3/5 completed. Average Loss: 0.0103
2025-06-24 06:13:31,128 [INFO] [src.federated.client] - Client client_7 - Epoch 4/5 completed. Average Loss: 0.0079
2025-06-24 06:13:31,139 [INFO] [src.federated.client] - Client client_7 - Epoch 5/5 completed. Average Loss: 0.0068
2025-06-24 06:13:31,139 [INFO] [src.federated.client] - Client client_7: Local training finished. Processed 715 samples.
2025-06-24 06:13:31,140 [INFO] [src.federated.client] - Client client_3: Starting local training for 5 epochs. Proximal term mu=0.0.
2025-06-24 06:13:31,150 [INFO] [src.federated.client] - Client client_3 - Epoch 1/5 completed. Average Loss: 0.0353
2025-06-24 06:13:31,160 [INFO] [src.federated.client] - Client client_3 - Epoch 2/5 completed. Average Loss: 0.0205
2025-06-24 06:13:31,169 [INFO] [src.federated.client] - Client client_3 - Epoch 3/5 completed. Average Loss: 0.0118
2025-06-24 06:13:31,180 [INFO] [src.federated.client] - Client client_3 - Epoch 4/5 completed. Average Loss: 0.0089
2025-06-24 06:13:31,191 [INFO] [src.federated.client] - Client client_3 - Epoch 5/5 completed. Average Loss: 0.0080
2025-06-24 06:13:31,191 [INFO] [src.federated.client] - Client client_3: Local training finished. Processed 715 samples.
2025-06-24 06:13:31,192 [INFO] [src.federated.client] - Client client_1: Starting local training for 5 epochs. Proximal term mu=0.0.
2025-06-24 06:13:31,203 [INFO] [src.federated.client] - Client client_1 - Epoch 1/5 completed. Average Loss: 0.0082
2025-06-24 06:13:31,214 [INFO] [src.federated.client] - Client client_1 - Epoch 2/5 completed. Average Loss: 0.0059
2025-06-24 06:13:31,223 [INFO] [src.federated.client] - Client client_1 - Epoch 3/5 completed. Average Loss: 0.0047
2025-06-24 06:13:31,232 [INFO] [src.federated.client] - Client client_1 - Epoch 4/5 completed. Average Loss: 0.0039
2025-06-24 06:13:31,243 [INFO] [src.federated.client] - Client client_1 - Epoch 5/5 completed. Average Loss: 0.0036
2025-06-24 06:13:31,243 [INFO] [src.federated.client] - Client client_1: Local training finished. Processed 715 samples.
2025-06-24 06:13:31,244 [INFO] [src.federated.client] - Client client_0: Starting local training for 5 epochs. Proximal term mu=0.0.
2025-06-24 06:13:31,253 [INFO] [src.federated.client] - Client client_0 - Epoch 1/5 completed. Average Loss: 0.0123
2025-06-24 06:13:31,264 [INFO] [src.federated.client] - Client client_0 - Epoch 2/5 completed. Average Loss: 0.0064
2025-06-24 06:13:31,274 [INFO] [src.federated.client] - Client client_0 - Epoch 3/5 completed. Average Loss: 0.0048
2025-06-24 06:13:31,284 [INFO] [src.federated.client] - Client client_0 - Epoch 4/5 completed. Average Loss: 0.0041
2025-06-24 06:13:31,295 [INFO] [src.federated.client] - Client client_0 - Epoch 5/5 completed. Average Loss: 0.0036
2025-06-24 06:13:31,296 [INFO] [src.federated.client] - Client client_0: Local training finished. Processed 715 samples.
2025-06-24 06:13:31,296 [INFO] [src.federated.client] - Client client_4: Starting local training for 5 epochs. Proximal term mu=0.0.
2025-06-24 06:13:31,306 [INFO] [src.federated.client] - Client client_4 - Epoch 1/5 completed. Average Loss: 0.0264
2025-06-24 06:13:31,316 [INFO] [src.federated.client] - Client client_4 - Epoch 2/5 completed. Average Loss: 0.0151
2025-06-24 06:13:31,326 [INFO] [src.federated.client] - Client client_4 - Epoch 3/5 completed. Average Loss: 0.0105
2025-06-24 06:13:31,335 [INFO] [src.federated.client] - Client client_4 - Epoch 4/5 completed. Average Loss: 0.0081
2025-06-24 06:13:31,344 [INFO] [src.federated.client] - Client client_4 - Epoch 5/5 completed. Average Loss: 0.0068
2025-06-24 06:13:31,345 [INFO] [src.federated.client] - Client client_4: Local training finished. Processed 715 samples.
2025-06-24 06:13:31,345 [INFO] [src.federated.client] - Client client_5: Starting local training for 5 epochs. Proximal term mu=0.0.
2025-06-24 06:13:31,356 [INFO] [src.federated.client] - Client client_5 - Epoch 1/5 completed. Average Loss: 0.0098
2025-06-24 06:13:31,366 [INFO] [src.federated.client] - Client client_5 - Epoch 2/5 completed. Average Loss: 0.0065
2025-06-24 06:13:31,375 [INFO] [src.federated.client] - Client client_5 - Epoch 3/5 completed. Average Loss: 0.0048
2025-06-24 06:13:31,385 [INFO] [src.federated.client] - Client client_5 - Epoch 4/5 completed. Average Loss: 0.0040
2025-06-24 06:13:31,396 [INFO] [src.federated.client] - Client client_5 - Epoch 5/5 completed. Average Loss: 0.0035
2025-06-24 06:13:31,396 [INFO] [src.federated.client] - Client client_5: Local training finished. Processed 715 samples.
2025-06-24 06:13:31,397 [INFO] [src.federated.client] - Client client_8: Starting local training for 5 epochs. Proximal term mu=0.0.
2025-06-24 06:13:31,406 [INFO] [src.federated.client] - Client client_8 - Epoch 1/5 completed. Average Loss: 0.0114
2025-06-24 06:13:31,417 [INFO] [src.federated.client] - Client client_8 - Epoch 2/5 completed. Average Loss: 0.0080
2025-06-24 06:13:31,427 [INFO] [src.federated.client] - Client client_8 - Epoch 3/5 completed. Average Loss: 0.0056
2025-06-24 06:13:31,436 [INFO] [src.federated.client] - Client client_8 - Epoch 4/5 completed. Average Loss: 0.0047
2025-06-24 06:13:31,448 [INFO] [src.federated.client] - Client client_8 - Epoch 5/5 completed. Average Loss: 0.0041
2025-06-24 06:13:31,448 [INFO] [src.federated.client] - Client client_8: Local training finished. Processed 715 samples.
2025-06-24 06:13:31,449 [INFO] [src.federated.server] - Aggregating updates from 10 clients using FedAvg.
2025-06-24 06:13:31,449 [INFO] [src.federated.aggregation] - FedAvg: Aggregating updates from 10 clients.
2025-06-24 06:13:31,450 [INFO] [src.federated.aggregation] - FedAvg: Aggregation complete.
2025-06-24 06:13:31,450 [INFO] [src.federated.server] - Global model updated with aggregated parameters.
2025-06-24 06:13:31,450 [INFO] [src.federated.server] - Evaluating updated global model...
2025-06-24 06:13:31,454 [INFO] [src.federated.server] - Round 24 completed in 0.54s. Eval Metrics: {'loss': 0.08438359946012497, 'accuracy': 0.9666666666666667}
2025-06-24 06:13:31,454 [INFO] [src.federated.server] - ===== Starting Round 25/30 =====
2025-06-24 06:13:31,454 [INFO] [src.federated.server] - Starting federated training round...
2025-06-24 06:13:31,454 [INFO] [src.federated.server] - Selected 10 clients out of 10 available (fraction=1.0, min_clients=1): ['client_8', 'client_0', 'client_1', 'client_6', 'client_7', 'client_5', 'client_3', 'client_4', 'client_2', 'client_9']
2025-06-24 06:13:31,456 [INFO] [src.federated.client] - Client client_8: Starting local training for 5 epochs. Proximal term mu=0.0.
2025-06-24 06:13:31,466 [INFO] [src.federated.client] - Client client_8 - Epoch 1/5 completed. Average Loss: 0.0102
2025-06-24 06:13:31,477 [INFO] [src.federated.client] - Client client_8 - Epoch 2/5 completed. Average Loss: 0.0073
2025-06-24 06:13:31,488 [INFO] [src.federated.client] - Client client_8 - Epoch 3/5 completed. Average Loss: 0.0053
2025-06-24 06:13:31,498 [INFO] [src.federated.client] - Client client_8 - Epoch 4/5 completed. Average Loss: 0.0044
2025-06-24 06:13:31,508 [INFO] [src.federated.client] - Client client_8 - Epoch 5/5 completed. Average Loss: 0.0038
2025-06-24 06:13:31,509 [INFO] [src.federated.client] - Client client_8: Local training finished. Processed 715 samples.
2025-06-24 06:13:31,510 [INFO] [src.federated.client] - Client client_0: Starting local training for 5 epochs. Proximal term mu=0.0.
2025-06-24 06:13:31,519 [INFO] [src.federated.client] - Client client_0 - Epoch 1/5 completed. Average Loss: 0.0113
2025-06-24 06:13:31,529 [INFO] [src.federated.client] - Client client_0 - Epoch 2/5 completed. Average Loss: 0.0067
2025-06-24 06:13:31,540 [INFO] [src.federated.client] - Client client_0 - Epoch 3/5 completed. Average Loss: 0.0045
2025-06-24 06:13:31,550 [INFO] [src.federated.client] - Client client_0 - Epoch 4/5 completed. Average Loss: 0.0037
2025-06-24 06:13:31,560 [INFO] [src.federated.client] - Client client_0 - Epoch 5/5 completed. Average Loss: 0.0032
2025-06-24 06:13:31,561 [INFO] [src.federated.client] - Client client_0: Local training finished. Processed 715 samples.
2025-06-24 06:13:31,561 [INFO] [src.federated.client] - Client client_1: Starting local training for 5 epochs. Proximal term mu=0.0.
2025-06-24 06:13:31,571 [INFO] [src.federated.client] - Client client_1 - Epoch 1/5 completed. Average Loss: 0.0074
2025-06-24 06:13:31,581 [INFO] [src.federated.client] - Client client_1 - Epoch 2/5 completed. Average Loss: 0.0054
2025-06-24 06:13:31,591 [INFO] [src.federated.client] - Client client_1 - Epoch 3/5 completed. Average Loss: 0.0040
2025-06-24 06:13:31,601 [INFO] [src.federated.client] - Client client_1 - Epoch 4/5 completed. Average Loss: 0.0036
2025-06-24 06:13:31,612 [INFO] [src.federated.client] - Client client_1 - Epoch 5/5 completed. Average Loss: 0.0033
2025-06-24 06:13:31,612 [INFO] [src.federated.client] - Client client_1: Local training finished. Processed 715 samples.
2025-06-24 06:13:31,613 [INFO] [src.federated.client] - Client client_6: Starting local training for 5 epochs. Proximal term mu=0.0.
2025-06-24 06:13:31,623 [INFO] [src.federated.client] - Client client_6 - Epoch 1/5 completed. Average Loss: 0.0056
2025-06-24 06:13:31,633 [INFO] [src.federated.client] - Client client_6 - Epoch 2/5 completed. Average Loss: 0.0045
2025-06-24 06:13:31,642 [INFO] [src.federated.client] - Client client_6 - Epoch 3/5 completed. Average Loss: 0.0037
2025-06-24 06:13:31,651 [INFO] [src.federated.client] - Client client_6 - Epoch 4/5 completed. Average Loss: 0.0033
2025-06-24 06:13:31,662 [INFO] [src.federated.client] - Client client_6 - Epoch 5/5 completed. Average Loss: 0.0028
2025-06-24 06:13:31,663 [INFO] [src.federated.client] - Client client_6: Local training finished. Processed 715 samples.
2025-06-24 06:13:31,663 [INFO] [src.federated.client] - Client client_7: Starting local training for 5 epochs. Proximal term mu=0.0.
2025-06-24 06:13:31,674 [INFO] [src.federated.client] - Client client_7 - Epoch 1/5 completed. Average Loss: 0.0261
2025-06-24 06:13:31,684 [INFO] [src.federated.client] - Client client_7 - Epoch 2/5 completed. Average Loss: 0.0151
2025-06-24 06:13:31,696 [INFO] [src.federated.client] - Client client_7 - Epoch 3/5 completed. Average Loss: 0.0095
2025-06-24 06:13:31,706 [INFO] [src.federated.client] - Client client_7 - Epoch 4/5 completed. Average Loss: 0.0072
2025-06-24 06:13:31,716 [INFO] [src.federated.client] - Client client_7 - Epoch 5/5 completed. Average Loss: 0.0063
2025-06-24 06:13:31,717 [INFO] [src.federated.client] - Client client_7: Local training finished. Processed 715 samples.
2025-06-24 06:13:31,718 [INFO] [src.federated.client] - Client client_5: Starting local training for 5 epochs. Proximal term mu=0.0.
2025-06-24 06:13:31,728 [INFO] [src.federated.client] - Client client_5 - Epoch 1/5 completed. Average Loss: 0.0089
2025-06-24 06:13:31,738 [INFO] [src.federated.client] - Client client_5 - Epoch 2/5 completed. Average Loss: 0.0060
2025-06-24 06:13:31,748 [INFO] [src.federated.client] - Client client_5 - Epoch 3/5 completed. Average Loss: 0.0045
2025-06-24 06:13:31,758 [INFO] [src.federated.client] - Client client_5 - Epoch 4/5 completed. Average Loss: 0.0037
2025-06-24 06:13:31,767 [INFO] [src.federated.client] - Client client_5 - Epoch 5/5 completed. Average Loss: 0.0033
2025-06-24 06:13:31,768 [INFO] [src.federated.client] - Client client_5: Local training finished. Processed 715 samples.
2025-06-24 06:13:31,769 [INFO] [src.federated.client] - Client client_3: Starting local training for 5 epochs. Proximal term mu=0.0.
2025-06-24 06:13:31,779 [INFO] [src.federated.client] - Client client_3 - Epoch 1/5 completed. Average Loss: 0.0323
2025-06-24 06:13:31,789 [INFO] [src.federated.client] - Client client_3 - Epoch 2/5 completed. Average Loss: 0.0168
2025-06-24 06:13:31,798 [INFO] [src.federated.client] - Client client_3 - Epoch 3/5 completed. Average Loss: 0.0116
2025-06-24 06:13:31,810 [INFO] [src.federated.client] - Client client_3 - Epoch 4/5 completed. Average Loss: 0.0086
2025-06-24 06:13:31,820 [INFO] [src.federated.client] - Client client_3 - Epoch 5/5 completed. Average Loss: 0.0071
2025-06-24 06:13:31,820 [INFO] [src.federated.client] - Client client_3: Local training finished. Processed 715 samples.
2025-06-24 06:13:31,821 [INFO] [src.federated.client] - Client client_4: Starting local training for 5 epochs. Proximal term mu=0.0.
2025-06-24 06:13:31,831 [INFO] [src.federated.client] - Client client_4 - Epoch 1/5 completed. Average Loss: 0.0247
2025-06-24 06:13:31,841 [INFO] [src.federated.client] - Client client_4 - Epoch 2/5 completed. Average Loss: 0.0144
2025-06-24 06:13:31,852 [INFO] [src.federated.client] - Client client_4 - Epoch 3/5 completed. Average Loss: 0.0093
2025-06-24 06:13:31,861 [INFO] [src.federated.client] - Client client_4 - Epoch 4/5 completed. Average Loss: 0.0072
2025-06-24 06:13:31,872 [INFO] [src.federated.client] - Client client_4 - Epoch 5/5 completed. Average Loss: 0.0062
2025-06-24 06:13:31,872 [INFO] [src.federated.client] - Client client_4: Local training finished. Processed 715 samples.
2025-06-24 06:13:31,873 [INFO] [src.federated.client] - Client client_2: Starting local training for 5 epochs. Proximal term mu=0.0.
2025-06-24 06:13:31,884 [INFO] [src.federated.client] - Client client_2 - Epoch 1/5 completed. Average Loss: 0.0087
2025-06-24 06:13:31,894 [INFO] [src.federated.client] - Client client_2 - Epoch 2/5 completed. Average Loss: 0.0067
2025-06-24 06:13:31,905 [INFO] [src.federated.client] - Client client_2 - Epoch 3/5 completed. Average Loss: 0.0052
2025-06-24 06:13:31,914 [INFO] [src.federated.client] - Client client_2 - Epoch 4/5 completed. Average Loss: 0.0044
2025-06-24 06:13:31,926 [INFO] [src.federated.client] - Client client_2 - Epoch 5/5 completed. Average Loss: 0.0038
2025-06-24 06:13:31,926 [INFO] [src.federated.client] - Client client_2: Local training finished. Processed 715 samples.
2025-06-24 06:13:31,927 [INFO] [src.federated.client] - Client client_9: Starting local training for 5 epochs. Proximal term mu=0.0.
2025-06-24 06:13:31,937 [INFO] [src.federated.client] - Client client_9 - Epoch 1/5 completed. Average Loss: 0.0191
2025-06-24 06:13:31,948 [INFO] [src.federated.client] - Client client_9 - Epoch 2/5 completed. Average Loss: 0.0070
2025-06-24 06:13:31,959 [INFO] [src.federated.client] - Client client_9 - Epoch 3/5 completed. Average Loss: 0.0052
2025-06-24 06:13:31,969 [INFO] [src.federated.client] - Client client_9 - Epoch 4/5 completed. Average Loss: 0.0044
2025-06-24 06:13:31,980 [INFO] [src.federated.client] - Client client_9 - Epoch 5/5 completed. Average Loss: 0.0037
2025-06-24 06:13:31,980 [INFO] [src.federated.client] - Client client_9: Local training finished. Processed 750 samples.
2025-06-24 06:13:31,981 [INFO] [src.federated.server] - Aggregating updates from 10 clients using FedAvg.
2025-06-24 06:13:31,981 [INFO] [src.federated.aggregation] - FedAvg: Aggregating updates from 10 clients.
2025-06-24 06:13:31,981 [INFO] [src.federated.aggregation] - FedAvg: Aggregation complete.
2025-06-24 06:13:31,982 [INFO] [src.federated.server] - Global model updated with aggregated parameters.
2025-06-24 06:13:31,982 [INFO] [src.federated.server] - Evaluating updated global model...
2025-06-24 06:13:31,987 [INFO] [src.federated.server] - Round 25 completed in 0.53s. Eval Metrics: {'loss': 0.08325864676800039, 'accuracy': 0.9694444444444444}
2025-06-24 06:13:31,987 [INFO] [src.federated.server] - ===== Starting Round 26/30 =====
2025-06-24 06:13:31,988 [INFO] [src.federated.server] - Starting federated training round...
2025-06-24 06:13:31,988 [INFO] [src.federated.server] - Selected 10 clients out of 10 available (fraction=1.0, min_clients=1): ['client_6', 'client_0', 'client_2', 'client_3', 'client_8', 'client_9', 'client_7', 'client_1', 'client_4', 'client_5']
2025-06-24 06:13:31,988 [INFO] [src.federated.client] - Client client_6: Starting local training for 5 epochs. Proximal term mu=0.0.
2025-06-24 06:13:31,998 [INFO] [src.federated.client] - Client client_6 - Epoch 1/5 completed. Average Loss: 0.0051
2025-06-24 06:13:32,010 [INFO] [src.federated.client] - Client client_6 - Epoch 2/5 completed. Average Loss: 0.0040
2025-06-24 06:13:32,019 [INFO] [src.federated.client] - Client client_6 - Epoch 3/5 completed. Average Loss: 0.0034
2025-06-24 06:13:32,029 [INFO] [src.federated.client] - Client client_6 - Epoch 4/5 completed. Average Loss: 0.0030
2025-06-24 06:13:32,040 [INFO] [src.federated.client] - Client client_6 - Epoch 5/5 completed. Average Loss: 0.0027
2025-06-24 06:13:32,040 [INFO] [src.federated.client] - Client client_6: Local training finished. Processed 715 samples.
2025-06-24 06:13:32,041 [INFO] [src.federated.client] - Client client_0: Starting local training for 5 epochs. Proximal term mu=0.0.
2025-06-24 06:13:32,052 [INFO] [src.federated.client] - Client client_0 - Epoch 1/5 completed. Average Loss: 0.0099
2025-06-24 06:13:32,062 [INFO] [src.federated.client] - Client client_0 - Epoch 2/5 completed. Average Loss: 0.0069
2025-06-24 06:13:32,072 [INFO] [src.federated.client] - Client client_0 - Epoch 3/5 completed. Average Loss: 0.0043
2025-06-24 06:13:32,082 [INFO] [src.federated.client] - Client client_0 - Epoch 4/5 completed. Average Loss: 0.0035
2025-06-24 06:13:32,092 [INFO] [src.federated.client] - Client client_0 - Epoch 5/5 completed. Average Loss: 0.0030
2025-06-24 06:13:32,093 [INFO] [src.federated.client] - Client client_0: Local training finished. Processed 715 samples.
2025-06-24 06:13:32,093 [INFO] [src.federated.client] - Client client_2: Starting local training for 5 epochs. Proximal term mu=0.0.
2025-06-24 06:13:32,106 [INFO] [src.federated.client] - Client client_2 - Epoch 1/5 completed. Average Loss: 0.0080
2025-06-24 06:13:32,115 [INFO] [src.federated.client] - Client client_2 - Epoch 2/5 completed. Average Loss: 0.0059
2025-06-24 06:13:32,124 [INFO] [src.federated.client] - Client client_2 - Epoch 3/5 completed. Average Loss: 0.0046
2025-06-24 06:13:32,134 [INFO] [src.federated.client] - Client client_2 - Epoch 4/5 completed. Average Loss: 0.0040
2025-06-24 06:13:32,144 [INFO] [src.federated.client] - Client client_2 - Epoch 5/5 completed. Average Loss: 0.0035
2025-06-24 06:13:32,145 [INFO] [src.federated.client] - Client client_2: Local training finished. Processed 715 samples.
2025-06-24 06:13:32,146 [INFO] [src.federated.client] - Client client_3: Starting local training for 5 epochs. Proximal term mu=0.0.
2025-06-24 06:13:32,156 [INFO] [src.federated.client] - Client client_3 - Epoch 1/5 completed. Average Loss: 0.0297
2025-06-24 06:13:32,165 [INFO] [src.federated.client] - Client client_3 - Epoch 2/5 completed. Average Loss: 0.0180
2025-06-24 06:13:32,174 [INFO] [src.federated.client] - Client client_3 - Epoch 3/5 completed. Average Loss: 0.0100
2025-06-24 06:13:32,184 [INFO] [src.federated.client] - Client client_3 - Epoch 4/5 completed. Average Loss: 0.0086
2025-06-24 06:13:32,193 [INFO] [src.federated.client] - Client client_3 - Epoch 5/5 completed. Average Loss: 0.0070
2025-06-24 06:13:32,193 [INFO] [src.federated.client] - Client client_3: Local training finished. Processed 715 samples.
2025-06-24 06:13:32,194 [INFO] [src.federated.client] - Client client_8: Starting local training for 5 epochs. Proximal term mu=0.0.
2025-06-24 06:13:32,205 [INFO] [src.federated.client] - Client client_8 - Epoch 1/5 completed. Average Loss: 0.0095
2025-06-24 06:13:32,216 [INFO] [src.federated.client] - Client client_8 - Epoch 2/5 completed. Average Loss: 0.0066
2025-06-24 06:13:32,226 [INFO] [src.federated.client] - Client client_8 - Epoch 3/5 completed. Average Loss: 0.0049
2025-06-24 06:13:32,236 [INFO] [src.federated.client] - Client client_8 - Epoch 4/5 completed. Average Loss: 0.0040
2025-06-24 06:13:32,246 [INFO] [src.federated.client] - Client client_8 - Epoch 5/5 completed. Average Loss: 0.0035
2025-06-24 06:13:32,247 [INFO] [src.federated.client] - Client client_8: Local training finished. Processed 715 samples.
2025-06-24 06:13:32,248 [INFO] [src.federated.client] - Client client_9: Starting local training for 5 epochs. Proximal term mu=0.0.
2025-06-24 06:13:32,257 [INFO] [src.federated.client] - Client client_9 - Epoch 1/5 completed. Average Loss: 0.0181
2025-06-24 06:13:32,267 [INFO] [src.federated.client] - Client client_9 - Epoch 2/5 completed. Average Loss: 0.0070
2025-06-24 06:13:32,278 [INFO] [src.federated.client] - Client client_9 - Epoch 3/5 completed. Average Loss: 0.0049
2025-06-24 06:13:32,288 [INFO] [src.federated.client] - Client client_9 - Epoch 4/5 completed. Average Loss: 0.0042
2025-06-24 06:13:32,298 [INFO] [src.federated.client] - Client client_9 - Epoch 5/5 completed. Average Loss: 0.0036
2025-06-24 06:13:32,299 [INFO] [src.federated.client] - Client client_9: Local training finished. Processed 750 samples.
2025-06-24 06:13:32,299 [INFO] [src.federated.client] - Client client_7: Starting local training for 5 epochs. Proximal term mu=0.0.
2025-06-24 06:13:32,310 [INFO] [src.federated.client] - Client client_7 - Epoch 1/5 completed. Average Loss: 0.0228
2025-06-24 06:13:32,320 [INFO] [src.federated.client] - Client client_7 - Epoch 2/5 completed. Average Loss: 0.0141
2025-06-24 06:13:32,331 [INFO] [src.federated.client] - Client client_7 - Epoch 3/5 completed. Average Loss: 0.0086
2025-06-24 06:13:32,343 [INFO] [src.federated.client] - Client client_7 - Epoch 4/5 completed. Average Loss: 0.0070
2025-06-24 06:13:32,353 [INFO] [src.federated.client] - Client client_7 - Epoch 5/5 completed. Average Loss: 0.0059
2025-06-24 06:13:32,354 [INFO] [src.federated.client] - Client client_7: Local training finished. Processed 715 samples.
2025-06-24 06:13:32,354 [INFO] [src.federated.client] - Client client_1: Starting local training for 5 epochs. Proximal term mu=0.0.
2025-06-24 06:13:32,366 [INFO] [src.federated.client] - Client client_1 - Epoch 1/5 completed. Average Loss: 0.0067
2025-06-24 06:13:32,377 [INFO] [src.federated.client] - Client client_1 - Epoch 2/5 completed. Average Loss: 0.0053
2025-06-24 06:13:32,391 [INFO] [src.federated.client] - Client client_1 - Epoch 3/5 completed. Average Loss: 0.0040
2025-06-24 06:13:32,406 [INFO] [src.federated.client] - Client client_1 - Epoch 4/5 completed. Average Loss: 0.0034
2025-06-24 06:13:32,417 [INFO] [src.federated.client] - Client client_1 - Epoch 5/5 completed. Average Loss: 0.0030
2025-06-24 06:13:32,417 [INFO] [src.federated.client] - Client client_1: Local training finished. Processed 715 samples.
2025-06-24 06:13:32,418 [INFO] [src.federated.client] - Client client_4: Starting local training for 5 epochs. Proximal term mu=0.0.
2025-06-24 06:13:32,431 [INFO] [src.federated.client] - Client client_4 - Epoch 1/5 completed. Average Loss: 0.0222
2025-06-24 06:13:32,442 [INFO] [src.federated.client] - Client client_4 - Epoch 2/5 completed. Average Loss: 0.0127
2025-06-24 06:13:32,453 [INFO] [src.federated.client] - Client client_4 - Epoch 3/5 completed. Average Loss: 0.0092
2025-06-24 06:13:32,466 [INFO] [src.federated.client] - Client client_4 - Epoch 4/5 completed. Average Loss: 0.0070
2025-06-24 06:13:32,479 [INFO] [src.federated.client] - Client client_4 - Epoch 5/5 completed. Average Loss: 0.0059
2025-06-24 06:13:32,480 [INFO] [src.federated.client] - Client client_4: Local training finished. Processed 715 samples.
2025-06-24 06:13:32,481 [INFO] [src.federated.client] - Client client_5: Starting local training for 5 epochs. Proximal term mu=0.0.
2025-06-24 06:13:32,492 [INFO] [src.federated.client] - Client client_5 - Epoch 1/5 completed. Average Loss: 0.0081
2025-06-24 06:13:32,502 [INFO] [src.federated.client] - Client client_5 - Epoch 2/5 completed. Average Loss: 0.0057
2025-06-24 06:13:32,514 [INFO] [src.federated.client] - Client client_5 - Epoch 3/5 completed. Average Loss: 0.0041
2025-06-24 06:13:32,526 [INFO] [src.federated.client] - Client client_5 - Epoch 4/5 completed. Average Loss: 0.0035
2025-06-24 06:13:32,537 [INFO] [src.federated.client] - Client client_5 - Epoch 5/5 completed. Average Loss: 0.0030
2025-06-24 06:13:32,538 [INFO] [src.federated.client] - Client client_5: Local training finished. Processed 715 samples.
2025-06-24 06:13:32,538 [INFO] [src.federated.server] - Aggregating updates from 10 clients using FedAvg.
2025-06-24 06:13:32,538 [INFO] [src.federated.aggregation] - FedAvg: Aggregating updates from 10 clients.
2025-06-24 06:13:32,539 [INFO] [src.federated.aggregation] - FedAvg: Aggregation complete.
2025-06-24 06:13:32,540 [INFO] [src.federated.server] - Global model updated with aggregated parameters.
2025-06-24 06:13:32,540 [INFO] [src.federated.server] - Evaluating updated global model...
2025-06-24 06:13:32,544 [INFO] [src.federated.server] - Round 26 completed in 0.56s. Eval Metrics: {'loss': 0.08240855555567476, 'accuracy': 0.9666666666666667}
2025-06-24 06:13:32,545 [INFO] [src.federated.server] - ===== Starting Round 27/30 =====
2025-06-24 06:13:32,545 [INFO] [src.federated.server] - Starting federated training round...
2025-06-24 06:13:32,545 [INFO] [src.federated.server] - Selected 10 clients out of 10 available (fraction=1.0, min_clients=1): ['client_8', 'client_7', 'client_2', 'client_1', 'client_9', 'client_6', 'client_0', 'client_5', 'client_3', 'client_4']
2025-06-24 06:13:32,547 [INFO] [src.federated.client] - Client client_8: Starting local training for 5 epochs. Proximal term mu=0.0.
2025-06-24 06:13:32,557 [INFO] [src.federated.client] - Client client_8 - Epoch 1/5 completed. Average Loss: 0.0086
2025-06-24 06:13:32,569 [INFO] [src.federated.client] - Client client_8 - Epoch 2/5 completed. Average Loss: 0.0063
2025-06-24 06:13:32,581 [INFO] [src.federated.client] - Client client_8 - Epoch 3/5 completed. Average Loss: 0.0046
2025-06-24 06:13:32,593 [INFO] [src.federated.client] - Client client_8 - Epoch 4/5 completed. Average Loss: 0.0037
2025-06-24 06:13:32,604 [INFO] [src.federated.client] - Client client_8 - Epoch 5/5 completed. Average Loss: 0.0033
2025-06-24 06:13:32,604 [INFO] [src.federated.client] - Client client_8: Local training finished. Processed 715 samples.
2025-06-24 06:13:32,605 [INFO] [src.federated.client] - Client client_7: Starting local training for 5 epochs. Proximal term mu=0.0.
2025-06-24 06:13:32,616 [INFO] [src.federated.client] - Client client_7 - Epoch 1/5 completed. Average Loss: 0.0214
2025-06-24 06:13:32,628 [INFO] [src.federated.client] - Client client_7 - Epoch 2/5 completed. Average Loss: 0.0148
2025-06-24 06:13:32,641 [INFO] [src.federated.client] - Client client_7 - Epoch 3/5 completed. Average Loss: 0.0084
2025-06-24 06:13:32,650 [INFO] [src.federated.client] - Client client_7 - Epoch 4/5 completed. Average Loss: 0.0063
2025-06-24 06:13:32,660 [INFO] [src.federated.client] - Client client_7 - Epoch 5/5 completed. Average Loss: 0.0054
2025-06-24 06:13:32,660 [INFO] [src.federated.client] - Client client_7: Local training finished. Processed 715 samples.
2025-06-24 06:13:32,661 [INFO] [src.federated.client] - Client client_2: Starting local training for 5 epochs. Proximal term mu=0.0.
2025-06-24 06:13:32,672 [INFO] [src.federated.client] - Client client_2 - Epoch 1/5 completed. Average Loss: 0.0075
2025-06-24 06:13:32,683 [INFO] [src.federated.client] - Client client_2 - Epoch 2/5 completed. Average Loss: 0.0054
2025-06-24 06:13:32,693 [INFO] [src.federated.client] - Client client_2 - Epoch 3/5 completed. Average Loss: 0.0043
2025-06-24 06:13:32,704 [INFO] [src.federated.client] - Client client_2 - Epoch 4/5 completed. Average Loss: 0.0037
2025-06-24 06:13:32,714 [INFO] [src.federated.client] - Client client_2 - Epoch 5/5 completed. Average Loss: 0.0032
2025-06-24 06:13:32,714 [INFO] [src.federated.client] - Client client_2: Local training finished. Processed 715 samples.
2025-06-24 06:13:32,715 [INFO] [src.federated.client] - Client client_1: Starting local training for 5 epochs. Proximal term mu=0.0.
2025-06-24 06:13:32,725 [INFO] [src.federated.client] - Client client_1 - Epoch 1/5 completed. Average Loss: 0.0062
2025-06-24 06:13:32,736 [INFO] [src.federated.client] - Client client_1 - Epoch 2/5 completed. Average Loss: 0.0049
2025-06-24 06:13:32,746 [INFO] [src.federated.client] - Client client_1 - Epoch 3/5 completed. Average Loss: 0.0039
2025-06-24 06:13:32,756 [INFO] [src.federated.client] - Client client_1 - Epoch 4/5 completed. Average Loss: 0.0031
2025-06-24 06:13:32,767 [INFO] [src.federated.client] - Client client_1 - Epoch 5/5 completed. Average Loss: 0.0028
2025-06-24 06:13:32,768 [INFO] [src.federated.client] - Client client_1: Local training finished. Processed 715 samples.
2025-06-24 06:13:32,768 [INFO] [src.federated.client] - Client client_9: Starting local training for 5 epochs. Proximal term mu=0.0.
2025-06-24 06:13:32,781 [INFO] [src.federated.client] - Client client_9 - Epoch 1/5 completed. Average Loss: 0.0173
2025-06-24 06:13:32,791 [INFO] [src.federated.client] - Client client_9 - Epoch 2/5 completed. Average Loss: 0.0056
2025-06-24 06:13:32,803 [INFO] [src.federated.client] - Client client_9 - Epoch 3/5 completed. Average Loss: 0.0046
2025-06-24 06:13:32,813 [INFO] [src.federated.client] - Client client_9 - Epoch 4/5 completed. Average Loss: 0.0039
2025-06-24 06:13:32,824 [INFO] [src.federated.client] - Client client_9 - Epoch 5/5 completed. Average Loss: 0.0034
2025-06-24 06:13:32,825 [INFO] [src.federated.client] - Client client_9: Local training finished. Processed 750 samples.
2025-06-24 06:13:32,825 [INFO] [src.federated.client] - Client client_6: Starting local training for 5 epochs. Proximal term mu=0.0.
2025-06-24 06:13:32,836 [INFO] [src.federated.client] - Client client_6 - Epoch 1/5 completed. Average Loss: 0.0045
2025-06-24 06:13:32,846 [INFO] [src.federated.client] - Client client_6 - Epoch 2/5 completed. Average Loss: 0.0039
2025-06-24 06:13:32,857 [INFO] [src.federated.client] - Client client_6 - Epoch 3/5 completed. Average Loss: 0.0033
2025-06-24 06:13:32,868 [INFO] [src.federated.client] - Client client_6 - Epoch 4/5 completed. Average Loss: 0.0028
2025-06-24 06:13:32,878 [INFO] [src.federated.client] - Client client_6 - Epoch 5/5 completed. Average Loss: 0.0024
2025-06-24 06:13:32,878 [INFO] [src.federated.client] - Client client_6: Local training finished. Processed 715 samples.
2025-06-24 06:13:32,879 [INFO] [src.federated.client] - Client client_0: Starting local training for 5 epochs. Proximal term mu=0.0.
2025-06-24 06:13:32,892 [INFO] [src.federated.client] - Client client_0 - Epoch 1/5 completed. Average Loss: 0.0100
2025-06-24 06:13:32,905 [INFO] [src.federated.client] - Client client_0 - Epoch 2/5 completed. Average Loss: 0.0052
2025-06-24 06:13:32,920 [INFO] [src.federated.client] - Client client_0 - Epoch 3/5 completed. Average Loss: 0.0040
2025-06-24 06:13:32,930 [INFO] [src.federated.client] - Client client_0 - Epoch 4/5 completed. Average Loss: 0.0032
2025-06-24 06:13:32,940 [INFO] [src.federated.client] - Client client_0 - Epoch 5/5 completed. Average Loss: 0.0029
2025-06-24 06:13:32,941 [INFO] [src.federated.client] - Client client_0: Local training finished. Processed 715 samples.
2025-06-24 06:13:32,941 [INFO] [src.federated.client] - Client client_5: Starting local training for 5 epochs. Proximal term mu=0.0.
2025-06-24 06:13:32,951 [INFO] [src.federated.client] - Client client_5 - Epoch 1/5 completed. Average Loss: 0.0077
2025-06-24 06:13:32,961 [INFO] [src.federated.client] - Client client_5 - Epoch 2/5 completed. Average Loss: 0.0054
2025-06-24 06:13:32,971 [INFO] [src.federated.client] - Client client_5 - Epoch 3/5 completed. Average Loss: 0.0037
2025-06-24 06:13:32,982 [INFO] [src.federated.client] - Client client_5 - Epoch 4/5 completed. Average Loss: 0.0032
2025-06-24 06:13:32,992 [INFO] [src.federated.client] - Client client_5 - Epoch 5/5 completed. Average Loss: 0.0028
2025-06-24 06:13:32,992 [INFO] [src.federated.client] - Client client_5: Local training finished. Processed 715 samples.
2025-06-24 06:13:32,993 [INFO] [src.federated.client] - Client client_3: Starting local training for 5 epochs. Proximal term mu=0.0.
2025-06-24 06:13:33,004 [INFO] [src.federated.client] - Client client_3 - Epoch 1/5 completed. Average Loss: 0.0275
2025-06-24 06:13:33,013 [INFO] [src.federated.client] - Client client_3 - Epoch 2/5 completed. Average Loss: 0.0147
2025-06-24 06:13:33,022 [INFO] [src.federated.client] - Client client_3 - Epoch 3/5 completed. Average Loss: 0.0089
2025-06-24 06:13:33,032 [INFO] [src.federated.client] - Client client_3 - Epoch 4/5 completed. Average Loss: 0.0074
2025-06-24 06:13:33,042 [INFO] [src.federated.client] - Client client_3 - Epoch 5/5 completed. Average Loss: 0.0059
2025-06-24 06:13:33,043 [INFO] [src.federated.client] - Client client_3: Local training finished. Processed 715 samples.
2025-06-24 06:13:33,043 [INFO] [src.federated.client] - Client client_4: Starting local training for 5 epochs. Proximal term mu=0.0.
2025-06-24 06:13:33,054 [INFO] [src.federated.client] - Client client_4 - Epoch 1/5 completed. Average Loss: 0.0212
2025-06-24 06:13:33,065 [INFO] [src.federated.client] - Client client_4 - Epoch 2/5 completed. Average Loss: 0.0128
2025-06-24 06:13:33,076 [INFO] [src.federated.client] - Client client_4 - Epoch 3/5 completed. Average Loss: 0.0083
2025-06-24 06:13:33,087 [INFO] [src.federated.client] - Client client_4 - Epoch 4/5 completed. Average Loss: 0.0067
2025-06-24 06:13:33,098 [INFO] [src.federated.client] - Client client_4 - Epoch 5/5 completed. Average Loss: 0.0055
2025-06-24 06:13:33,099 [INFO] [src.federated.client] - Client client_4: Local training finished. Processed 715 samples.
2025-06-24 06:13:33,099 [INFO] [src.federated.server] - Aggregating updates from 10 clients using FedAvg.
2025-06-24 06:13:33,099 [INFO] [src.federated.aggregation] - FedAvg: Aggregating updates from 10 clients.
2025-06-24 06:13:33,100 [INFO] [src.federated.aggregation] - FedAvg: Aggregation complete.
2025-06-24 06:13:33,100 [INFO] [src.federated.server] - Global model updated with aggregated parameters.
2025-06-24 06:13:33,101 [INFO] [src.federated.server] - Evaluating updated global model...
2025-06-24 06:13:33,106 [INFO] [src.federated.server] - Round 27 completed in 0.56s. Eval Metrics: {'loss': 0.08159890241093105, 'accuracy': 0.9666666666666667}
2025-06-24 06:13:33,106 [INFO] [src.federated.server] - ===== Starting Round 28/30 =====
2025-06-24 06:13:33,106 [INFO] [src.federated.server] - Starting federated training round...
2025-06-24 06:13:33,106 [INFO] [src.federated.server] - Selected 10 clients out of 10 available (fraction=1.0, min_clients=1): ['client_0', 'client_9', 'client_7', 'client_4', 'client_6', 'client_1', 'client_8', 'client_2', 'client_3', 'client_5']
2025-06-24 06:13:33,107 [INFO] [src.federated.client] - Client client_0: Starting local training for 5 epochs. Proximal term mu=0.0.
2025-06-24 06:13:33,120 [INFO] [src.federated.client] - Client client_0 - Epoch 1/5 completed. Average Loss: 0.0089
2025-06-24 06:13:33,131 [INFO] [src.federated.client] - Client client_0 - Epoch 2/5 completed. Average Loss: 0.0050
2025-06-24 06:13:33,141 [INFO] [src.federated.client] - Client client_0 - Epoch 3/5 completed. Average Loss: 0.0036
2025-06-24 06:13:33,152 [INFO] [src.federated.client] - Client client_0 - Epoch 4/5 completed. Average Loss: 0.0030
2025-06-24 06:13:33,163 [INFO] [src.federated.client] - Client client_0 - Epoch 5/5 completed. Average Loss: 0.0027
2025-06-24 06:13:33,163 [INFO] [src.federated.client] - Client client_0: Local training finished. Processed 715 samples.
2025-06-24 06:13:33,164 [INFO] [src.federated.client] - Client client_9: Starting local training for 5 epochs. Proximal term mu=0.0.
2025-06-24 06:13:33,176 [INFO] [src.federated.client] - Client client_9 - Epoch 1/5 completed. Average Loss: 0.0158
2025-06-24 06:13:33,186 [INFO] [src.federated.client] - Client client_9 - Epoch 2/5 completed. Average Loss: 0.0063
2025-06-24 06:13:33,196 [INFO] [src.federated.client] - Client client_9 - Epoch 3/5 completed. Average Loss: 0.0041
2025-06-24 06:13:33,205 [INFO] [src.federated.client] - Client client_9 - Epoch 4/5 completed. Average Loss: 0.0038
2025-06-24 06:13:33,215 [INFO] [src.federated.client] - Client client_9 - Epoch 5/5 completed. Average Loss: 0.0032
2025-06-24 06:13:33,216 [INFO] [src.federated.client] - Client client_9: Local training finished. Processed 750 samples.
2025-06-24 06:13:33,216 [INFO] [src.federated.client] - Client client_7: Starting local training for 5 epochs. Proximal term mu=0.0.
2025-06-24 06:13:33,227 [INFO] [src.federated.client] - Client client_7 - Epoch 1/5 completed. Average Loss: 0.0201
2025-06-24 06:13:33,237 [INFO] [src.federated.client] - Client client_7 - Epoch 2/5 completed. Average Loss: 0.0119
2025-06-24 06:13:33,249 [INFO] [src.federated.client] - Client client_7 - Epoch 3/5 completed. Average Loss: 0.0073
2025-06-24 06:13:33,259 [INFO] [src.federated.client] - Client client_7 - Epoch 4/5 completed. Average Loss: 0.0058
2025-06-24 06:13:33,268 [INFO] [src.federated.client] - Client client_7 - Epoch 5/5 completed. Average Loss: 0.0051
2025-06-24 06:13:33,269 [INFO] [src.federated.client] - Client client_7: Local training finished. Processed 715 samples.
2025-06-24 06:13:33,270 [INFO] [src.federated.client] - Client client_4: Starting local training for 5 epochs. Proximal term mu=0.0.
2025-06-24 06:13:33,281 [INFO] [src.federated.client] - Client client_4 - Epoch 1/5 completed. Average Loss: 0.0198
2025-06-24 06:13:33,291 [INFO] [src.federated.client] - Client client_4 - Epoch 2/5 completed. Average Loss: 0.0115
2025-06-24 06:13:33,301 [INFO] [src.federated.client] - Client client_4 - Epoch 3/5 completed. Average Loss: 0.0075
2025-06-24 06:13:33,312 [INFO] [src.federated.client] - Client client_4 - Epoch 4/5 completed. Average Loss: 0.0062
2025-06-24 06:13:33,322 [INFO] [src.federated.client] - Client client_4 - Epoch 5/5 completed. Average Loss: 0.0053
2025-06-24 06:13:33,323 [INFO] [src.federated.client] - Client client_4: Local training finished. Processed 715 samples.
2025-06-24 06:13:33,323 [INFO] [src.federated.client] - Client client_6: Starting local training for 5 epochs. Proximal term mu=0.0.
2025-06-24 06:13:33,333 [INFO] [src.federated.client] - Client client_6 - Epoch 1/5 completed. Average Loss: 0.0042
2025-06-24 06:13:33,344 [INFO] [src.federated.client] - Client client_6 - Epoch 2/5 completed. Average Loss: 0.0035
2025-06-24 06:13:33,353 [INFO] [src.federated.client] - Client client_6 - Epoch 3/5 completed. Average Loss: 0.0029
2025-06-24 06:13:33,363 [INFO] [src.federated.client] - Client client_6 - Epoch 4/5 completed. Average Loss: 0.0026
2025-06-24 06:13:33,373 [INFO] [src.federated.client] - Client client_6 - Epoch 5/5 completed. Average Loss: 0.0023
2025-06-24 06:13:33,373 [INFO] [src.federated.client] - Client client_6: Local training finished. Processed 715 samples.
2025-06-24 06:13:33,374 [INFO] [src.federated.client] - Client client_1: Starting local training for 5 epochs. Proximal term mu=0.0.
2025-06-24 06:13:33,385 [INFO] [src.federated.client] - Client client_1 - Epoch 1/5 completed. Average Loss: 0.0057
2025-06-24 06:13:33,397 [INFO] [src.federated.client] - Client client_1 - Epoch 2/5 completed. Average Loss: 0.0043
2025-06-24 06:13:33,408 [INFO] [src.federated.client] - Client client_1 - Epoch 3/5 completed. Average Loss: 0.0034
2025-06-24 06:13:33,418 [INFO] [src.federated.client] - Client client_1 - Epoch 4/5 completed. Average Loss: 0.0029
2025-06-24 06:13:33,428 [INFO] [src.federated.client] - Client client_1 - Epoch 5/5 completed. Average Loss: 0.0026
2025-06-24 06:13:33,428 [INFO] [src.federated.client] - Client client_1: Local training finished. Processed 715 samples.
2025-06-24 06:13:33,429 [INFO] [src.federated.client] - Client client_8: Starting local training for 5 epochs. Proximal term mu=0.0.
2025-06-24 06:13:33,446 [INFO] [src.federated.client] - Client client_8 - Epoch 1/5 completed. Average Loss: 0.0078
2025-06-24 06:13:33,455 [INFO] [src.federated.client] - Client client_8 - Epoch 2/5 completed. Average Loss: 0.0055
2025-06-24 06:13:33,466 [INFO] [src.federated.client] - Client client_8 - Epoch 3/5 completed. Average Loss: 0.0042
2025-06-24 06:13:33,477 [INFO] [src.federated.client] - Client client_8 - Epoch 4/5 completed. Average Loss: 0.0035
2025-06-24 06:13:33,486 [INFO] [src.federated.client] - Client client_8 - Epoch 5/5 completed. Average Loss: 0.0031
2025-06-24 06:13:33,487 [INFO] [src.federated.client] - Client client_8: Local training finished. Processed 715 samples.
2025-06-24 06:13:33,488 [INFO] [src.federated.client] - Client client_2: Starting local training for 5 epochs. Proximal term mu=0.0.
2025-06-24 06:13:33,498 [INFO] [src.federated.client] - Client client_2 - Epoch 1/5 completed. Average Loss: 0.0069
2025-06-24 06:13:33,508 [INFO] [src.federated.client] - Client client_2 - Epoch 2/5 completed. Average Loss: 0.0051
2025-06-24 06:13:33,518 [INFO] [src.federated.client] - Client client_2 - Epoch 3/5 completed. Average Loss: 0.0041
2025-06-24 06:13:33,528 [INFO] [src.federated.client] - Client client_2 - Epoch 4/5 completed. Average Loss: 0.0035
2025-06-24 06:13:33,538 [INFO] [src.federated.client] - Client client_2 - Epoch 5/5 completed. Average Loss: 0.0031
2025-06-24 06:13:33,538 [INFO] [src.federated.client] - Client client_2: Local training finished. Processed 715 samples.
2025-06-24 06:13:33,539 [INFO] [src.federated.client] - Client client_3: Starting local training for 5 epochs. Proximal term mu=0.0.
2025-06-24 06:13:33,549 [INFO] [src.federated.client] - Client client_3 - Epoch 1/5 completed. Average Loss: 0.0252
2025-06-24 06:13:33,560 [INFO] [src.federated.client] - Client client_3 - Epoch 2/5 completed. Average Loss: 0.0156
2025-06-24 06:13:33,568 [INFO] [src.federated.client] - Client client_3 - Epoch 3/5 completed. Average Loss: 0.0077
2025-06-24 06:13:33,578 [INFO] [src.federated.client] - Client client_3 - Epoch 4/5 completed. Average Loss: 0.0070
2025-06-24 06:13:33,588 [INFO] [src.federated.client] - Client client_3 - Epoch 5/5 completed. Average Loss: 0.0057
2025-06-24 06:13:33,589 [INFO] [src.federated.client] - Client client_3: Local training finished. Processed 715 samples.
2025-06-24 06:13:33,590 [INFO] [src.federated.client] - Client client_5: Starting local training for 5 epochs. Proximal term mu=0.0.
2025-06-24 06:13:33,599 [INFO] [src.federated.client] - Client client_5 - Epoch 1/5 completed. Average Loss: 0.0071
2025-06-24 06:13:33,610 [INFO] [src.federated.client] - Client client_5 - Epoch 2/5 completed. Average Loss: 0.0050
2025-06-24 06:13:33,619 [INFO] [src.federated.client] - Client client_5 - Epoch 3/5 completed. Average Loss: 0.0036
2025-06-24 06:13:33,631 [INFO] [src.federated.client] - Client client_5 - Epoch 4/5 completed. Average Loss: 0.0030
2025-06-24 06:13:33,641 [INFO] [src.federated.client] - Client client_5 - Epoch 5/5 completed. Average Loss: 0.0026
2025-06-24 06:13:33,641 [INFO] [src.federated.client] - Client client_5: Local training finished. Processed 715 samples.
2025-06-24 06:13:33,641 [INFO] [src.federated.server] - Aggregating updates from 10 clients using FedAvg.
2025-06-24 06:13:33,641 [INFO] [src.federated.aggregation] - FedAvg: Aggregating updates from 10 clients.
2025-06-24 06:13:33,642 [INFO] [src.federated.aggregation] - FedAvg: Aggregation complete.
2025-06-24 06:13:33,643 [INFO] [src.federated.server] - Global model updated with aggregated parameters.
2025-06-24 06:13:33,643 [INFO] [src.federated.server] - Evaluating updated global model...
2025-06-24 06:13:33,647 [INFO] [src.federated.server] - Round 28 completed in 0.54s. Eval Metrics: {'loss': 0.08092793300747872, 'accuracy': 0.9694444444444444}
2025-06-24 06:13:33,647 [INFO] [src.federated.server] - ===== Starting Round 29/30 =====
2025-06-24 06:13:33,647 [INFO] [src.federated.server] - Starting federated training round...
2025-06-24 06:13:33,647 [INFO] [src.federated.server] - Selected 10 clients out of 10 available (fraction=1.0, min_clients=1): ['client_1', 'client_9', 'client_3', 'client_7', 'client_0', 'client_4', 'client_8', 'client_2', 'client_5', 'client_6']
2025-06-24 06:13:33,648 [INFO] [src.federated.client] - Client client_1: Starting local training for 5 epochs. Proximal term mu=0.0.
2025-06-24 06:13:33,658 [INFO] [src.federated.client] - Client client_1 - Epoch 1/5 completed. Average Loss: 0.0052
2025-06-24 06:13:33,668 [INFO] [src.federated.client] - Client client_1 - Epoch 2/5 completed. Average Loss: 0.0042
2025-06-24 06:13:33,678 [INFO] [src.federated.client] - Client client_1 - Epoch 3/5 completed. Average Loss: 0.0033
2025-06-24 06:13:33,689 [INFO] [src.federated.client] - Client client_1 - Epoch 4/5 completed. Average Loss: 0.0027
2025-06-24 06:13:33,699 [INFO] [src.federated.client] - Client client_1 - Epoch 5/5 completed. Average Loss: 0.0024
2025-06-24 06:13:33,700 [INFO] [src.federated.client] - Client client_1: Local training finished. Processed 715 samples.
2025-06-24 06:13:33,701 [INFO] [src.federated.client] - Client client_9: Starting local training for 5 epochs. Proximal term mu=0.0.
2025-06-24 06:13:33,710 [INFO] [src.federated.client] - Client client_9 - Epoch 1/5 completed. Average Loss: 0.0152
2025-06-24 06:13:33,719 [INFO] [src.federated.client] - Client client_9 - Epoch 2/5 completed. Average Loss: 0.0058
2025-06-24 06:13:33,732 [INFO] [src.federated.client] - Client client_9 - Epoch 3/5 completed. Average Loss: 0.0036
2025-06-24 06:13:33,742 [INFO] [src.federated.client] - Client client_9 - Epoch 4/5 completed. Average Loss: 0.0032
2025-06-24 06:13:33,752 [INFO] [src.federated.client] - Client client_9 - Epoch 5/5 completed. Average Loss: 0.0029
2025-06-24 06:13:33,753 [INFO] [src.federated.client] - Client client_9: Local training finished. Processed 750 samples.
2025-06-24 06:13:33,753 [INFO] [src.federated.client] - Client client_3: Starting local training for 5 epochs. Proximal term mu=0.0.
2025-06-24 06:13:33,764 [INFO] [src.federated.client] - Client client_3 - Epoch 1/5 completed. Average Loss: 0.0237
2025-06-24 06:13:33,775 [INFO] [src.federated.client] - Client client_3 - Epoch 2/5 completed. Average Loss: 0.0127
2025-06-24 06:13:33,784 [INFO] [src.federated.client] - Client client_3 - Epoch 3/5 completed. Average Loss: 0.0073
2025-06-24 06:13:33,794 [INFO] [src.federated.client] - Client client_3 - Epoch 4/5 completed. Average Loss: 0.0064
2025-06-24 06:13:33,804 [INFO] [src.federated.client] - Client client_3 - Epoch 5/5 completed. Average Loss: 0.0057
2025-06-24 06:13:33,805 [INFO] [src.federated.client] - Client client_3: Local training finished. Processed 715 samples.
2025-06-24 06:13:33,806 [INFO] [src.federated.client] - Client client_7: Starting local training for 5 epochs. Proximal term mu=0.0.
2025-06-24 06:13:33,816 [INFO] [src.federated.client] - Client client_7 - Epoch 1/5 completed. Average Loss: 0.0180
2025-06-24 06:13:33,826 [INFO] [src.federated.client] - Client client_7 - Epoch 2/5 completed. Average Loss: 0.0109
2025-06-24 06:13:33,836 [INFO] [src.federated.client] - Client client_7 - Epoch 3/5 completed. Average Loss: 0.0075
2025-06-24 06:13:33,846 [INFO] [src.federated.client] - Client client_7 - Epoch 4/5 completed. Average Loss: 0.0055
2025-06-24 06:13:33,855 [INFO] [src.federated.client] - Client client_7 - Epoch 5/5 completed. Average Loss: 0.0047
2025-06-24 06:13:33,856 [INFO] [src.federated.client] - Client client_7: Local training finished. Processed 715 samples.
2025-06-24 06:13:33,857 [INFO] [src.federated.client] - Client client_0: Starting local training for 5 epochs. Proximal term mu=0.0.
2025-06-24 06:13:33,867 [INFO] [src.federated.client] - Client client_0 - Epoch 1/5 completed. Average Loss: 0.0083
2025-06-24 06:13:33,878 [INFO] [src.federated.client] - Client client_0 - Epoch 2/5 completed. Average Loss: 0.0050
2025-06-24 06:13:33,888 [INFO] [src.federated.client] - Client client_0 - Epoch 3/5 completed. Average Loss: 0.0034
2025-06-24 06:13:33,898 [INFO] [src.federated.client] - Client client_0 - Epoch 4/5 completed. Average Loss: 0.0029
2025-06-24 06:13:33,907 [INFO] [src.federated.client] - Client client_0 - Epoch 5/5 completed. Average Loss: 0.0025
2025-06-24 06:13:33,908 [INFO] [src.federated.client] - Client client_0: Local training finished. Processed 715 samples.
2025-06-24 06:13:33,909 [INFO] [src.federated.client] - Client client_4: Starting local training for 5 epochs. Proximal term mu=0.0.
2025-06-24 06:13:33,922 [INFO] [src.federated.client] - Client client_4 - Epoch 1/5 completed. Average Loss: 0.0178
2025-06-24 06:13:33,930 [INFO] [src.federated.client] - Client client_4 - Epoch 2/5 completed. Average Loss: 0.0114
2025-06-24 06:13:33,940 [INFO] [src.federated.client] - Client client_4 - Epoch 3/5 completed. Average Loss: 0.0070
2025-06-24 06:13:33,949 [INFO] [src.federated.client] - Client client_4 - Epoch 4/5 completed. Average Loss: 0.0060
2025-06-24 06:13:33,959 [INFO] [src.federated.client] - Client client_4 - Epoch 5/5 completed. Average Loss: 0.0051
2025-06-24 06:13:33,960 [INFO] [src.federated.client] - Client client_4: Local training finished. Processed 715 samples.
2025-06-24 06:13:33,960 [INFO] [src.federated.client] - Client client_8: Starting local training for 5 epochs. Proximal term mu=0.0.
2025-06-24 06:13:33,971 [INFO] [src.federated.client] - Client client_8 - Epoch 1/5 completed. Average Loss: 0.0074
2025-06-24 06:13:33,982 [INFO] [src.federated.client] - Client client_8 - Epoch 2/5 completed. Average Loss: 0.0052
2025-06-24 06:13:33,992 [INFO] [src.federated.client] - Client client_8 - Epoch 3/5 completed. Average Loss: 0.0039
2025-06-24 06:13:34,002 [INFO] [src.federated.client] - Client client_8 - Epoch 4/5 completed. Average Loss: 0.0032
2025-06-24 06:13:34,013 [INFO] [src.federated.client] - Client client_8 - Epoch 5/5 completed. Average Loss: 0.0028
2025-06-24 06:13:34,013 [INFO] [src.federated.client] - Client client_8: Local training finished. Processed 715 samples.
2025-06-24 06:13:34,014 [INFO] [src.federated.client] - Client client_2: Starting local training for 5 epochs. Proximal term mu=0.0.
2025-06-24 06:13:34,024 [INFO] [src.federated.client] - Client client_2 - Epoch 1/5 completed. Average Loss: 0.0063
2025-06-24 06:13:34,033 [INFO] [src.federated.client] - Client client_2 - Epoch 2/5 completed. Average Loss: 0.0048
2025-06-24 06:13:34,044 [INFO] [src.federated.client] - Client client_2 - Epoch 3/5 completed. Average Loss: 0.0039
2025-06-24 06:13:34,053 [INFO] [src.federated.client] - Client client_2 - Epoch 4/5 completed. Average Loss: 0.0032
2025-06-24 06:13:34,063 [INFO] [src.federated.client] - Client client_2 - Epoch 5/5 completed. Average Loss: 0.0029
2025-06-24 06:13:34,063 [INFO] [src.federated.client] - Client client_2: Local training finished. Processed 715 samples.
2025-06-24 06:13:34,064 [INFO] [src.federated.client] - Client client_5: Starting local training for 5 epochs. Proximal term mu=0.0.
2025-06-24 06:13:34,074 [INFO] [src.federated.client] - Client client_5 - Epoch 1/5 completed. Average Loss: 0.0068
2025-06-24 06:13:34,084 [INFO] [src.federated.client] - Client client_5 - Epoch 2/5 completed. Average Loss: 0.0045
2025-06-24 06:13:34,093 [INFO] [src.federated.client] - Client client_5 - Epoch 3/5 completed. Average Loss: 0.0032
2025-06-24 06:13:34,105 [INFO] [src.federated.client] - Client client_5 - Epoch 4/5 completed. Average Loss: 0.0027
2025-06-24 06:13:34,114 [INFO] [src.federated.client] - Client client_5 - Epoch 5/5 completed. Average Loss: 0.0024
2025-06-24 06:13:34,115 [INFO] [src.federated.client] - Client client_5: Local training finished. Processed 715 samples.
2025-06-24 06:13:34,115 [INFO] [src.federated.client] - Client client_6: Starting local training for 5 epochs. Proximal term mu=0.0.
2025-06-24 06:13:34,124 [INFO] [src.federated.client] - Client client_6 - Epoch 1/5 completed. Average Loss: 0.0039
2025-06-24 06:13:34,133 [INFO] [src.federated.client] - Client client_6 - Epoch 2/5 completed. Average Loss: 0.0032
2025-06-24 06:13:34,145 [INFO] [src.federated.client] - Client client_6 - Epoch 3/5 completed. Average Loss: 0.0026
2025-06-24 06:13:34,154 [INFO] [src.federated.client] - Client client_6 - Epoch 4/5 completed. Average Loss: 0.0024
2025-06-24 06:13:34,165 [INFO] [src.federated.client] - Client client_6 - Epoch 5/5 completed. Average Loss: 0.0021
2025-06-24 06:13:34,165 [INFO] [src.federated.client] - Client client_6: Local training finished. Processed 715 samples.
2025-06-24 06:13:34,165 [INFO] [src.federated.server] - Aggregating updates from 10 clients using FedAvg.
2025-06-24 06:13:34,165 [INFO] [src.federated.aggregation] - FedAvg: Aggregating updates from 10 clients.
2025-06-24 06:13:34,166 [INFO] [src.federated.aggregation] - FedAvg: Aggregation complete.
2025-06-24 06:13:34,167 [INFO] [src.federated.server] - Global model updated with aggregated parameters.
2025-06-24 06:13:34,167 [INFO] [src.federated.server] - Evaluating updated global model...
2025-06-24 06:13:34,171 [INFO] [src.federated.server] - Round 29 completed in 0.52s. Eval Metrics: {'loss': 0.0805014982405636, 'accuracy': 0.9694444444444444}
2025-06-24 06:13:34,171 [INFO] [src.federated.server] - ===== Starting Round 30/30 =====
2025-06-24 06:13:34,171 [INFO] [src.federated.server] - Starting federated training round...
2025-06-24 06:13:34,171 [INFO] [src.federated.server] - Selected 10 clients out of 10 available (fraction=1.0, min_clients=1): ['client_6', 'client_8', 'client_5', 'client_2', 'client_1', 'client_9', 'client_7', 'client_3', 'client_4', 'client_0']
2025-06-24 06:13:34,172 [INFO] [src.federated.client] - Client client_6: Starting local training for 5 epochs. Proximal term mu=0.0.
2025-06-24 06:13:34,182 [INFO] [src.federated.client] - Client client_6 - Epoch 1/5 completed. Average Loss: 0.0035
2025-06-24 06:13:34,192 [INFO] [src.federated.client] - Client client_6 - Epoch 2/5 completed. Average Loss: 0.0030
2025-06-24 06:13:34,202 [INFO] [src.federated.client] - Client client_6 - Epoch 3/5 completed. Average Loss: 0.0025
2025-06-24 06:13:34,212 [INFO] [src.federated.client] - Client client_6 - Epoch 4/5 completed. Average Loss: 0.0022
2025-06-24 06:13:34,222 [INFO] [src.federated.client] - Client client_6 - Epoch 5/5 completed. Average Loss: 0.0020
2025-06-24 06:13:34,222 [INFO] [src.federated.client] - Client client_6: Local training finished. Processed 715 samples.
2025-06-24 06:13:34,223 [INFO] [src.federated.client] - Client client_8: Starting local training for 5 epochs. Proximal term mu=0.0.
2025-06-24 06:13:34,233 [INFO] [src.federated.client] - Client client_8 - Epoch 1/5 completed. Average Loss: 0.0067
2025-06-24 06:13:34,242 [INFO] [src.federated.client] - Client client_8 - Epoch 2/5 completed. Average Loss: 0.0050
2025-06-24 06:13:34,252 [INFO] [src.federated.client] - Client client_8 - Epoch 3/5 completed. Average Loss: 0.0037
2025-06-24 06:13:34,262 [INFO] [src.federated.client] - Client client_8 - Epoch 4/5 completed. Average Loss: 0.0030
2025-06-24 06:13:34,272 [INFO] [src.federated.client] - Client client_8 - Epoch 5/5 completed. Average Loss: 0.0027
2025-06-24 06:13:34,272 [INFO] [src.federated.client] - Client client_8: Local training finished. Processed 715 samples.
2025-06-24 06:13:34,273 [INFO] [src.federated.client] - Client client_5: Starting local training for 5 epochs. Proximal term mu=0.0.
2025-06-24 06:13:34,283 [INFO] [src.federated.client] - Client client_5 - Epoch 1/5 completed. Average Loss: 0.0062
2025-06-24 06:13:34,294 [INFO] [src.federated.client] - Client client_5 - Epoch 2/5 completed. Average Loss: 0.0041
2025-06-24 06:13:34,303 [INFO] [src.federated.client] - Client client_5 - Epoch 3/5 completed. Average Loss: 0.0030
2025-06-24 06:13:34,313 [INFO] [src.federated.client] - Client client_5 - Epoch 4/5 completed. Average Loss: 0.0025
2025-06-24 06:13:34,325 [INFO] [src.federated.client] - Client client_5 - Epoch 5/5 completed. Average Loss: 0.0023
2025-06-24 06:13:34,325 [INFO] [src.federated.client] - Client client_5: Local training finished. Processed 715 samples.
2025-06-24 06:13:34,326 [INFO] [src.federated.client] - Client client_2: Starting local training for 5 epochs. Proximal term mu=0.0.
2025-06-24 06:13:34,336 [INFO] [src.federated.client] - Client client_2 - Epoch 1/5 completed. Average Loss: 0.0059
2025-06-24 06:13:34,348 [INFO] [src.federated.client] - Client client_2 - Epoch 2/5 completed. Average Loss: 0.0044
2025-06-24 06:13:34,358 [INFO] [src.federated.client] - Client client_2 - Epoch 3/5 completed. Average Loss: 0.0036
2025-06-24 06:13:34,369 [INFO] [src.federated.client] - Client client_2 - Epoch 4/5 completed. Average Loss: 0.0030
2025-06-24 06:13:34,380 [INFO] [src.federated.client] - Client client_2 - Epoch 5/5 completed. Average Loss: 0.0027
2025-06-24 06:13:34,381 [INFO] [src.federated.client] - Client client_2: Local training finished. Processed 715 samples.
2025-06-24 06:13:34,381 [INFO] [src.federated.client] - Client client_1: Starting local training for 5 epochs. Proximal term mu=0.0.
2025-06-24 06:13:34,393 [INFO] [src.federated.client] - Client client_1 - Epoch 1/5 completed. Average Loss: 0.0048
2025-06-24 06:13:34,403 [INFO] [src.federated.client] - Client client_1 - Epoch 2/5 completed. Average Loss: 0.0039
2025-06-24 06:13:34,416 [INFO] [src.federated.client] - Client client_1 - Epoch 3/5 completed. Average Loss: 0.0030
2025-06-24 06:13:34,427 [INFO] [src.federated.client] - Client client_1 - Epoch 4/5 completed. Average Loss: 0.0026
2025-06-24 06:13:34,437 [INFO] [src.federated.client] - Client client_1 - Epoch 5/5 completed. Average Loss: 0.0023
2025-06-24 06:13:34,438 [INFO] [src.federated.client] - Client client_1: Local training finished. Processed 715 samples.
2025-06-24 06:13:34,438 [INFO] [src.federated.client] - Client client_9: Starting local training for 5 epochs. Proximal term mu=0.0.
2025-06-24 06:13:34,448 [INFO] [src.federated.client] - Client client_9 - Epoch 1/5 completed. Average Loss: 0.0137
2025-06-24 06:13:34,458 [INFO] [src.federated.client] - Client client_9 - Epoch 2/5 completed. Average Loss: 0.0047
2025-06-24 06:13:34,468 [INFO] [src.federated.client] - Client client_9 - Epoch 3/5 completed. Average Loss: 0.0042
2025-06-24 06:13:34,478 [INFO] [src.federated.client] - Client client_9 - Epoch 4/5 completed. Average Loss: 0.0034
2025-06-24 06:13:34,487 [INFO] [src.federated.client] - Client client_9 - Epoch 5/5 completed. Average Loss: 0.0029
2025-06-24 06:13:34,488 [INFO] [src.federated.client] - Client client_9: Local training finished. Processed 750 samples.
2025-06-24 06:13:34,488 [INFO] [src.federated.client] - Client client_7: Starting local training for 5 epochs. Proximal term mu=0.0.
2025-06-24 06:13:34,497 [INFO] [src.federated.client] - Client client_7 - Epoch 1/5 completed. Average Loss: 0.0170
2025-06-24 06:13:34,508 [INFO] [src.federated.client] - Client client_7 - Epoch 2/5 completed. Average Loss: 0.0107
2025-06-24 06:13:34,517 [INFO] [src.federated.client] - Client client_7 - Epoch 3/5 completed. Average Loss: 0.0069
2025-06-24 06:13:34,529 [INFO] [src.federated.client] - Client client_7 - Epoch 4/5 completed. Average Loss: 0.0051
2025-06-24 06:13:34,540 [INFO] [src.federated.client] - Client client_7 - Epoch 5/5 completed. Average Loss: 0.0044
2025-06-24 06:13:34,541 [INFO] [src.federated.client] - Client client_7: Local training finished. Processed 715 samples.
2025-06-24 06:13:34,541 [INFO] [src.federated.client] - Client client_3: Starting local training for 5 epochs. Proximal term mu=0.0.
2025-06-24 06:13:34,550 [INFO] [src.federated.client] - Client client_3 - Epoch 1/5 completed. Average Loss: 0.0218
2025-06-24 06:13:34,560 [INFO] [src.federated.client] - Client client_3 - Epoch 2/5 completed. Average Loss: 0.0123
2025-06-24 06:13:34,570 [INFO] [src.federated.client] - Client client_3 - Epoch 3/5 completed. Average Loss: 0.0074
2025-06-24 06:13:34,579 [INFO] [src.federated.client] - Client client_3 - Epoch 4/5 completed. Average Loss: 0.0060
2025-06-24 06:13:34,590 [INFO] [src.federated.client] - Client client_3 - Epoch 5/5 completed. Average Loss: 0.0053
2025-06-24 06:13:34,591 [INFO] [src.federated.client] - Client client_3: Local training finished. Processed 715 samples.
2025-06-24 06:13:34,591 [INFO] [src.federated.client] - Client client_4: Starting local training for 5 epochs. Proximal term mu=0.0.
2025-06-24 06:13:34,601 [INFO] [src.federated.client] - Client client_4 - Epoch 1/5 completed. Average Loss: 0.0166
2025-06-24 06:13:34,612 [INFO] [src.federated.client] - Client client_4 - Epoch 2/5 completed. Average Loss: 0.0102
2025-06-24 06:13:34,621 [INFO] [src.federated.client] - Client client_4 - Epoch 3/5 completed. Average Loss: 0.0068
2025-06-24 06:13:34,630 [INFO] [src.federated.client] - Client client_4 - Epoch 4/5 completed. Average Loss: 0.0055
2025-06-24 06:13:34,640 [INFO] [src.federated.client] - Client client_4 - Epoch 5/5 completed. Average Loss: 0.0046
2025-06-24 06:13:34,640 [INFO] [src.federated.client] - Client client_4: Local training finished. Processed 715 samples.
2025-06-24 06:13:34,641 [INFO] [src.federated.client] - Client client_0: Starting local training for 5 epochs. Proximal term mu=0.0.
2025-06-24 06:13:34,650 [INFO] [src.federated.client] - Client client_0 - Epoch 1/5 completed. Average Loss: 0.0077
2025-06-24 06:13:34,661 [INFO] [src.federated.client] - Client client_0 - Epoch 2/5 completed. Average Loss: 0.0042
2025-06-24 06:13:34,671 [INFO] [src.federated.client] - Client client_0 - Epoch 3/5 completed. Average Loss: 0.0032
2025-06-24 06:13:34,681 [INFO] [src.federated.client] - Client client_0 - Epoch 4/5 completed. Average Loss: 0.0026
2025-06-24 06:13:34,691 [INFO] [src.federated.client] - Client client_0 - Epoch 5/5 completed. Average Loss: 0.0023
2025-06-24 06:13:34,692 [INFO] [src.federated.client] - Client client_0: Local training finished. Processed 715 samples.
2025-06-24 06:13:34,692 [INFO] [src.federated.server] - Aggregating updates from 10 clients using FedAvg.
2025-06-24 06:13:34,692 [INFO] [src.federated.aggregation] - FedAvg: Aggregating updates from 10 clients.
2025-06-24 06:13:34,693 [INFO] [src.federated.aggregation] - FedAvg: Aggregation complete.
2025-06-24 06:13:34,693 [INFO] [src.federated.server] - Global model updated with aggregated parameters.
2025-06-24 06:13:34,693 [INFO] [src.federated.server] - Evaluating updated global model...
2025-06-24 06:13:34,697 [INFO] [src.federated.server] - Round 30 completed in 0.53s. Eval Metrics: {'loss': 0.07973331660032272, 'accuracy': 0.9694444444444444}
2025-06-24 06:13:34,697 [INFO] [src.federated.server] - Federated training process completed after 30 rounds.
2025-06-24 06:13:34,698 [INFO] [PaperExperimentRunner] - Finished 'Digits_IID_FEDAVG'. Final Accuracy: 0.9694
2025-06-24 06:13:34,698 [INFO] [PaperExperimentRunner] - --- Setting up: Digits_IID_FEDDIVE ---
2025-06-24 06:13:34,698 [INFO] [src.utils.data_utils] - Set all random seeds to 42
2025-06-24 06:13:34,698 [INFO] [src.utils.data_utils] - Loading dataset: digits, PCA features=None, Scaling=standard, Subset size=None
2025-06-24 06:13:34,698 [INFO] [src.utils.data_utils] - Set all random seeds to 42
2025-06-24 06:13:34,712 [INFO] [src.utils.data_utils] - Data preparation complete. Train size: 1437, Test size: 360, Features/Channels: 64, Classes: 10
2025-06-24 06:13:34,713 [INFO] [src.federated.aggregation] - Creating aggregation strategy of type: feddive
2025-06-24 06:13:34,713 [INFO] [src.federated.aggregation] - FedDive parameters: momentum=0.9, epsilon=1e-08, temperature=1.0, normalize_distances=True
2025-06-24 06:13:34,714 [INFO] [src.federated.server] - Federated server initialized on device 'cuda' with aggregation strategy: FedDive
2025-06-24 06:13:34,715 [INFO] [src.federated.client] - Client client_0 initialized on device 'cuda' with 143 samples.
2025-06-24 06:13:34,715 [INFO] [src.federated.server] - Registered client 'client_0'. Total clients: 1.
2025-06-24 06:13:34,716 [INFO] [src.federated.client] - Client client_1 initialized on device 'cuda' with 143 samples.
2025-06-24 06:13:34,716 [INFO] [src.federated.server] - Registered client 'client_1'. Total clients: 2.
2025-06-24 06:13:34,717 [INFO] [src.federated.client] - Client client_2 initialized on device 'cuda' with 143 samples.
2025-06-24 06:13:34,717 [INFO] [src.federated.server] - Registered client 'client_2'. Total clients: 3.
2025-06-24 06:13:34,718 [INFO] [src.federated.client] - Client client_3 initialized on device 'cuda' with 143 samples.
2025-06-24 06:13:34,718 [INFO] [src.federated.server] - Registered client 'client_3'. Total clients: 4.
2025-06-24 06:13:34,719 [INFO] [src.federated.client] - Client client_4 initialized on device 'cuda' with 143 samples.
2025-06-24 06:13:34,719 [INFO] [src.federated.server] - Registered client 'client_4'. Total clients: 5.
2025-06-24 06:13:34,720 [INFO] [src.federated.client] - Client client_5 initialized on device 'cuda' with 143 samples.
2025-06-24 06:13:34,720 [INFO] [src.federated.server] - Registered client 'client_5'. Total clients: 6.
2025-06-24 06:13:34,721 [INFO] [src.federated.client] - Client client_6 initialized on device 'cuda' with 143 samples.
2025-06-24 06:13:34,721 [INFO] [src.federated.server] - Registered client 'client_6'. Total clients: 7.
2025-06-24 06:13:34,722 [INFO] [src.federated.client] - Client client_7 initialized on device 'cuda' with 143 samples.
2025-06-24 06:13:34,722 [INFO] [src.federated.server] - Registered client 'client_7'. Total clients: 8.
2025-06-24 06:13:34,723 [INFO] [src.federated.client] - Client client_8 initialized on device 'cuda' with 143 samples.
2025-06-24 06:13:34,723 [INFO] [src.federated.server] - Registered client 'client_8'. Total clients: 9.
2025-06-24 06:13:34,724 [INFO] [src.federated.client] - Client client_9 initialized on device 'cuda' with 150 samples.
2025-06-24 06:13:34,724 [INFO] [src.federated.server] - Registered client 'client_9'. Total clients: 10.
2025-06-24 06:13:34,724 [INFO] [src.federated.server] - Starting federated training process for 30 rounds.
2025-06-24 06:13:34,724 [INFO] [src.federated.server] - Config: local_epochs=5, client_fraction=1.0, min_clients=1, FedProx mu=0.0
2025-06-24 06:13:34,724 [INFO] [src.federated.server] - Performing initial evaluation of global model...
2025-06-24 06:13:34,730 [INFO] [src.federated.server] - Initial Evaluation Metrics: {'loss': 2.3052327156066896, 'accuracy': 0.10833333333333334}
2025-06-24 06:13:34,730 [INFO] [src.federated.server] - ===== Starting Round 1/30 =====
2025-06-24 06:13:34,730 [INFO] [src.federated.server] - Starting federated training round...
2025-06-24 06:13:34,730 [INFO] [src.federated.server] - Selected 10 clients out of 10 available (fraction=1.0, min_clients=1): ['client_1', 'client_0', 'client_4', 'client_9', 'client_6', 'client_5', 'client_8', 'client_2', 'client_3', 'client_7']
2025-06-24 06:13:34,731 [INFO] [src.federated.client] - Client client_1: Starting local training for 5 epochs. Proximal term mu=0.0.
2025-06-24 06:13:34,741 [INFO] [src.federated.client] - Client client_1 - Epoch 1/5 completed. Average Loss: 2.2814
2025-06-24 06:13:34,752 [INFO] [src.federated.client] - Client client_1 - Epoch 2/5 completed. Average Loss: 2.1824
2025-06-24 06:13:34,762 [INFO] [src.federated.client] - Client client_1 - Epoch 3/5 completed. Average Loss: 2.0813
2025-06-24 06:13:34,772 [INFO] [src.federated.client] - Client client_1 - Epoch 4/5 completed. Average Loss: 1.9627
2025-06-24 06:13:34,783 [INFO] [src.federated.client] - Client client_1 - Epoch 5/5 completed. Average Loss: 1.8212
2025-06-24 06:13:34,783 [INFO] [src.federated.client] - Client client_1: Local training finished. Processed 715 samples.
2025-06-24 06:13:34,784 [INFO] [src.federated.client] - Client client_0: Starting local training for 5 epochs. Proximal term mu=0.0.
2025-06-24 06:13:34,793 [INFO] [src.federated.client] - Client client_0 - Epoch 1/5 completed. Average Loss: 2.2797
2025-06-24 06:13:34,804 [INFO] [src.federated.client] - Client client_0 - Epoch 2/5 completed. Average Loss: 2.1716
2025-06-24 06:13:34,814 [INFO] [src.federated.client] - Client client_0 - Epoch 3/5 completed. Average Loss: 2.0605
2025-06-24 06:13:34,825 [INFO] [src.federated.client] - Client client_0 - Epoch 4/5 completed. Average Loss: 1.9270
2025-06-24 06:13:34,835 [INFO] [src.federated.client] - Client client_0 - Epoch 5/5 completed. Average Loss: 1.7711
2025-06-24 06:13:34,836 [INFO] [src.federated.client] - Client client_0: Local training finished. Processed 715 samples.
2025-06-24 06:13:34,836 [INFO] [src.federated.client] - Client client_4: Starting local training for 5 epochs. Proximal term mu=0.0.
2025-06-24 06:13:34,848 [INFO] [src.federated.client] - Client client_4 - Epoch 1/5 completed. Average Loss: 2.2767
2025-06-24 06:13:34,857 [INFO] [src.federated.client] - Client client_4 - Epoch 2/5 completed. Average Loss: 2.1671
2025-06-24 06:13:34,868 [INFO] [src.federated.client] - Client client_4 - Epoch 3/5 completed. Average Loss: 2.0631
2025-06-24 06:13:34,878 [INFO] [src.federated.client] - Client client_4 - Epoch 4/5 completed. Average Loss: 1.9433
2025-06-24 06:13:34,887 [INFO] [src.federated.client] - Client client_4 - Epoch 5/5 completed. Average Loss: 1.8064
2025-06-24 06:13:34,888 [INFO] [src.federated.client] - Client client_4: Local training finished. Processed 715 samples.
2025-06-24 06:13:34,888 [INFO] [src.federated.client] - Client client_9: Starting local training for 5 epochs. Proximal term mu=0.0.
2025-06-24 06:13:34,900 [INFO] [src.federated.client] - Client client_9 - Epoch 1/5 completed. Average Loss: 2.2734
2025-06-24 06:13:34,910 [INFO] [src.federated.client] - Client client_9 - Epoch 2/5 completed. Average Loss: 2.1619
2025-06-24 06:13:34,920 [INFO] [src.federated.client] - Client client_9 - Epoch 3/5 completed. Average Loss: 2.0483
2025-06-24 06:13:34,931 [INFO] [src.federated.client] - Client client_9 - Epoch 4/5 completed. Average Loss: 1.9182
2025-06-24 06:13:34,941 [INFO] [src.federated.client] - Client client_9 - Epoch 5/5 completed. Average Loss: 1.7602
2025-06-24 06:13:34,941 [INFO] [src.federated.client] - Client client_9: Local training finished. Processed 750 samples.
2025-06-24 06:13:34,942 [INFO] [src.federated.client] - Client client_6: Starting local training for 5 epochs. Proximal term mu=0.0.
2025-06-24 06:13:34,952 [INFO] [src.federated.client] - Client client_6 - Epoch 1/5 completed. Average Loss: 2.2809
2025-06-24 06:13:34,962 [INFO] [src.federated.client] - Client client_6 - Epoch 2/5 completed. Average Loss: 2.1772
2025-06-24 06:13:34,972 [INFO] [src.federated.client] - Client client_6 - Epoch 3/5 completed. Average Loss: 2.0727
2025-06-24 06:13:34,982 [INFO] [src.federated.client] - Client client_6 - Epoch 4/5 completed. Average Loss: 1.9520
2025-06-24 06:13:34,992 [INFO] [src.federated.client] - Client client_6 - Epoch 5/5 completed. Average Loss: 1.8062
2025-06-24 06:13:34,993 [INFO] [src.federated.client] - Client client_6: Local training finished. Processed 715 samples.
2025-06-24 06:13:34,994 [INFO] [src.federated.client] - Client client_5: Starting local training for 5 epochs. Proximal term mu=0.0.
2025-06-24 06:13:35,005 [INFO] [src.federated.client] - Client client_5 - Epoch 1/5 completed. Average Loss: 2.2881
2025-06-24 06:13:35,014 [INFO] [src.federated.client] - Client client_5 - Epoch 2/5 completed. Average Loss: 2.1754
2025-06-24 06:13:35,025 [INFO] [src.federated.client] - Client client_5 - Epoch 3/5 completed. Average Loss: 2.0713
2025-06-24 06:13:35,034 [INFO] [src.federated.client] - Client client_5 - Epoch 4/5 completed. Average Loss: 1.9482
2025-06-24 06:13:35,044 [INFO] [src.federated.client] - Client client_5 - Epoch 5/5 completed. Average Loss: 1.8015
2025-06-24 06:13:35,044 [INFO] [src.federated.client] - Client client_5: Local training finished. Processed 715 samples.
2025-06-24 06:13:35,045 [INFO] [src.federated.client] - Client client_8: Starting local training for 5 epochs. Proximal term mu=0.0.
2025-06-24 06:13:35,056 [INFO] [src.federated.client] - Client client_8 - Epoch 1/5 completed. Average Loss: 2.2934
2025-06-24 06:13:35,066 [INFO] [src.federated.client] - Client client_8 - Epoch 2/5 completed. Average Loss: 2.1761
2025-06-24 06:13:35,075 [INFO] [src.federated.client] - Client client_8 - Epoch 3/5 completed. Average Loss: 2.0670
2025-06-24 06:13:35,086 [INFO] [src.federated.client] - Client client_8 - Epoch 4/5 completed. Average Loss: 1.9491
2025-06-24 06:13:35,095 [INFO] [src.federated.client] - Client client_8 - Epoch 5/5 completed. Average Loss: 1.8051
2025-06-24 06:13:35,095 [INFO] [src.federated.client] - Client client_8: Local training finished. Processed 715 samples.
2025-06-24 06:13:35,096 [INFO] [src.federated.client] - Client client_2: Starting local training for 5 epochs. Proximal term mu=0.0.
2025-06-24 06:13:35,106 [INFO] [src.federated.client] - Client client_2 - Epoch 1/5 completed. Average Loss: 2.2995
2025-06-24 06:13:35,117 [INFO] [src.federated.client] - Client client_2 - Epoch 2/5 completed. Average Loss: 2.2001
2025-06-24 06:13:35,128 [INFO] [src.federated.client] - Client client_2 - Epoch 3/5 completed. Average Loss: 2.1038
2025-06-24 06:13:35,139 [INFO] [src.federated.client] - Client client_2 - Epoch 4/5 completed. Average Loss: 1.9872
2025-06-24 06:13:35,150 [INFO] [src.federated.client] - Client client_2 - Epoch 5/5 completed. Average Loss: 1.8455
2025-06-24 06:13:35,151 [INFO] [src.federated.client] - Client client_2: Local training finished. Processed 715 samples.
2025-06-24 06:13:35,151 [INFO] [src.federated.client] - Client client_3: Starting local training for 5 epochs. Proximal term mu=0.0.
2025-06-24 06:13:35,164 [INFO] [src.federated.client] - Client client_3 - Epoch 1/5 completed. Average Loss: 2.2752
2025-06-24 06:13:35,176 [INFO] [src.federated.client] - Client client_3 - Epoch 2/5 completed. Average Loss: 2.1693
2025-06-24 06:13:35,186 [INFO] [src.federated.client] - Client client_3 - Epoch 3/5 completed. Average Loss: 2.0695
2025-06-24 06:13:35,196 [INFO] [src.federated.client] - Client client_3 - Epoch 4/5 completed. Average Loss: 1.9533
2025-06-24 06:13:35,206 [INFO] [src.federated.client] - Client client_3 - Epoch 5/5 completed. Average Loss: 1.8085
2025-06-24 06:13:35,207 [INFO] [src.federated.client] - Client client_3: Local training finished. Processed 715 samples.
2025-06-24 06:13:35,208 [INFO] [src.federated.client] - Client client_7: Starting local training for 5 epochs. Proximal term mu=0.0.
2025-06-24 06:13:35,220 [INFO] [src.federated.client] - Client client_7 - Epoch 1/5 completed. Average Loss: 2.2825
2025-06-24 06:13:35,230 [INFO] [src.federated.client] - Client client_7 - Epoch 2/5 completed. Average Loss: 2.1829
2025-06-24 06:13:35,240 [INFO] [src.federated.client] - Client client_7 - Epoch 3/5 completed. Average Loss: 2.0836
2025-06-24 06:13:35,251 [INFO] [src.federated.client] - Client client_7 - Epoch 4/5 completed. Average Loss: 1.9732
2025-06-24 06:13:35,261 [INFO] [src.federated.client] - Client client_7 - Epoch 5/5 completed. Average Loss: 1.8414
2025-06-24 06:13:35,262 [INFO] [src.federated.client] - Client client_7: Local training finished. Processed 715 samples.
2025-06-24 06:13:35,262 [INFO] [src.federated.server] - Aggregating updates from 10 clients using FedDive.
2025-06-24 06:13:35,263 [INFO] [src.federated.aggregation] - FedDive: Aggregating updates from 10 clients (momentum=0.9).
2025-06-24 06:13:35,263 [INFO] [src.federated.aggregation] - FedDive: Initializing velocity and previous parameters.
2025-06-24 06:13:35,266 [INFO] [src.federated.aggregation] - FedDive: Aggregation complete.
2025-06-24 06:13:35,267 [INFO] [src.federated.server] - Global model updated with aggregated parameters.
2025-06-24 06:13:35,267 [INFO] [src.federated.server] - Evaluating updated global model...
2025-06-24 06:13:35,272 [INFO] [src.federated.server] - Round 1 completed in 0.54s. Eval Metrics: {'loss': 1.8347372425927055, 'accuracy': 0.6138888888888889}
2025-06-24 06:13:35,273 [INFO] [src.federated.server] - ===== Starting Round 2/30 =====
2025-06-24 06:13:35,273 [INFO] [src.federated.server] - Starting federated training round...
2025-06-24 06:13:35,273 [INFO] [src.federated.server] - Selected 10 clients out of 10 available (fraction=1.0, min_clients=1): ['client_0', 'client_9', 'client_1', 'client_7', 'client_6', 'client_4', 'client_8', 'client_2', 'client_3', 'client_5']
2025-06-24 06:13:35,274 [INFO] [src.federated.client] - Client client_0: Starting local training for 5 epochs. Proximal term mu=0.0.
2025-06-24 06:13:35,284 [INFO] [src.federated.client] - Client client_0 - Epoch 1/5 completed. Average Loss: 1.7427
2025-06-24 06:13:35,296 [INFO] [src.federated.client] - Client client_0 - Epoch 2/5 completed. Average Loss: 1.5437
2025-06-24 06:13:35,308 [INFO] [src.federated.client] - Client client_0 - Epoch 3/5 completed. Average Loss: 1.3347
2025-06-24 06:13:35,318 [INFO] [src.federated.client] - Client client_0 - Epoch 4/5 completed. Average Loss: 1.1211
2025-06-24 06:13:35,328 [INFO] [src.federated.client] - Client client_0 - Epoch 5/5 completed. Average Loss: 0.9248
2025-06-24 06:13:35,329 [INFO] [src.federated.client] - Client client_0: Local training finished. Processed 715 samples.
2025-06-24 06:13:35,329 [INFO] [src.federated.client] - Client client_9: Starting local training for 5 epochs. Proximal term mu=0.0.
2025-06-24 06:13:35,339 [INFO] [src.federated.client] - Client client_9 - Epoch 1/5 completed. Average Loss: 1.6723
2025-06-24 06:13:35,349 [INFO] [src.federated.client] - Client client_9 - Epoch 2/5 completed. Average Loss: 1.4621
2025-06-24 06:13:35,359 [INFO] [src.federated.client] - Client client_9 - Epoch 3/5 completed. Average Loss: 1.2461
2025-06-24 06:13:35,368 [INFO] [src.federated.client] - Client client_9 - Epoch 4/5 completed. Average Loss: 1.0214
2025-06-24 06:13:35,378 [INFO] [src.federated.client] - Client client_9 - Epoch 5/5 completed. Average Loss: 0.8136
2025-06-24 06:13:35,378 [INFO] [src.federated.client] - Client client_9: Local training finished. Processed 750 samples.
2025-06-24 06:13:35,379 [INFO] [src.federated.client] - Client client_1: Starting local training for 5 epochs. Proximal term mu=0.0.
2025-06-24 06:13:35,390 [INFO] [src.federated.client] - Client client_1 - Epoch 1/5 completed. Average Loss: 1.7897
2025-06-24 06:13:35,400 [INFO] [src.federated.client] - Client client_1 - Epoch 2/5 completed. Average Loss: 1.5968
2025-06-24 06:13:35,409 [INFO] [src.federated.client] - Client client_1 - Epoch 3/5 completed. Average Loss: 1.3824
2025-06-24 06:13:35,420 [INFO] [src.federated.client] - Client client_1 - Epoch 4/5 completed. Average Loss: 1.1605
2025-06-24 06:13:35,430 [INFO] [src.federated.client] - Client client_1 - Epoch 5/5 completed. Average Loss: 0.9489
2025-06-24 06:13:35,430 [INFO] [src.federated.client] - Client client_1: Local training finished. Processed 715 samples.
2025-06-24 06:13:35,431 [INFO] [src.federated.client] - Client client_7: Starting local training for 5 epochs. Proximal term mu=0.0.
2025-06-24 06:13:35,441 [INFO] [src.federated.client] - Client client_7 - Epoch 1/5 completed. Average Loss: 1.7925
2025-06-24 06:13:35,452 [INFO] [src.federated.client] - Client client_7 - Epoch 2/5 completed. Average Loss: 1.6171
2025-06-24 06:13:35,461 [INFO] [src.federated.client] - Client client_7 - Epoch 3/5 completed. Average Loss: 1.4262
2025-06-24 06:13:35,471 [INFO] [src.federated.client] - Client client_7 - Epoch 4/5 completed. Average Loss: 1.2351
2025-06-24 06:13:35,482 [INFO] [src.federated.client] - Client client_7 - Epoch 5/5 completed. Average Loss: 1.0486
2025-06-24 06:13:35,483 [INFO] [src.federated.client] - Client client_7: Local training finished. Processed 715 samples.
2025-06-24 06:13:35,484 [INFO] [src.federated.client] - Client client_6: Starting local training for 5 epochs. Proximal term mu=0.0.
2025-06-24 06:13:35,493 [INFO] [src.federated.client] - Client client_6 - Epoch 1/5 completed. Average Loss: 1.7566
2025-06-24 06:13:35,502 [INFO] [src.federated.client] - Client client_6 - Epoch 2/5 completed. Average Loss: 1.5641
2025-06-24 06:13:35,513 [INFO] [src.federated.client] - Client client_6 - Epoch 3/5 completed. Average Loss: 1.3559
2025-06-24 06:13:35,523 [INFO] [src.federated.client] - Client client_6 - Epoch 4/5 completed. Average Loss: 1.1511
2025-06-24 06:13:35,534 [INFO] [src.federated.client] - Client client_6 - Epoch 5/5 completed. Average Loss: 0.9425
2025-06-24 06:13:35,535 [INFO] [src.federated.client] - Client client_6: Local training finished. Processed 715 samples.
2025-06-24 06:13:35,535 [INFO] [src.federated.client] - Client client_4: Starting local training for 5 epochs. Proximal term mu=0.0.
2025-06-24 06:13:35,545 [INFO] [src.federated.client] - Client client_4 - Epoch 1/5 completed. Average Loss: 1.7719
2025-06-24 06:13:35,556 [INFO] [src.federated.client] - Client client_4 - Epoch 2/5 completed. Average Loss: 1.5852
2025-06-24 06:13:35,567 [INFO] [src.federated.client] - Client client_4 - Epoch 3/5 completed. Average Loss: 1.3822
2025-06-24 06:13:35,578 [INFO] [src.federated.client] - Client client_4 - Epoch 4/5 completed. Average Loss: 1.1773
2025-06-24 06:13:35,588 [INFO] [src.federated.client] - Client client_4 - Epoch 5/5 completed. Average Loss: 0.9789
2025-06-24 06:13:35,589 [INFO] [src.federated.client] - Client client_4: Local training finished. Processed 715 samples.
2025-06-24 06:13:35,589 [INFO] [src.federated.client] - Client client_8: Starting local training for 5 epochs. Proximal term mu=0.0.
2025-06-24 06:13:35,600 [INFO] [src.federated.client] - Client client_8 - Epoch 1/5 completed. Average Loss: 1.7857
2025-06-24 06:13:35,610 [INFO] [src.federated.client] - Client client_8 - Epoch 2/5 completed. Average Loss: 1.5857
2025-06-24 06:13:35,620 [INFO] [src.federated.client] - Client client_8 - Epoch 3/5 completed. Average Loss: 1.3724
2025-06-24 06:13:35,631 [INFO] [src.federated.client] - Client client_8 - Epoch 4/5 completed. Average Loss: 1.1535
2025-06-24 06:13:35,642 [INFO] [src.federated.client] - Client client_8 - Epoch 5/5 completed. Average Loss: 0.9444
2025-06-24 06:13:35,642 [INFO] [src.federated.client] - Client client_8: Local training finished. Processed 715 samples.
2025-06-24 06:13:35,643 [INFO] [src.federated.client] - Client client_2: Starting local training for 5 epochs. Proximal term mu=0.0.
2025-06-24 06:13:35,653 [INFO] [src.federated.client] - Client client_2 - Epoch 1/5 completed. Average Loss: 1.7918
2025-06-24 06:13:35,664 [INFO] [src.federated.client] - Client client_2 - Epoch 2/5 completed. Average Loss: 1.6055
2025-06-24 06:13:35,675 [INFO] [src.federated.client] - Client client_2 - Epoch 3/5 completed. Average Loss: 1.3976
2025-06-24 06:13:35,684 [INFO] [src.federated.client] - Client client_2 - Epoch 4/5 completed. Average Loss: 1.1827
2025-06-24 06:13:35,695 [INFO] [src.federated.client] - Client client_2 - Epoch 5/5 completed. Average Loss: 0.9711
2025-06-24 06:13:35,696 [INFO] [src.federated.client] - Client client_2: Local training finished. Processed 715 samples.
2025-06-24 06:13:35,697 [INFO] [src.federated.client] - Client client_3: Starting local training for 5 epochs. Proximal term mu=0.0.
2025-06-24 06:13:35,707 [INFO] [src.federated.client] - Client client_3 - Epoch 1/5 completed. Average Loss: 1.7957
2025-06-24 06:13:35,718 [INFO] [src.federated.client] - Client client_3 - Epoch 2/5 completed. Average Loss: 1.6086
2025-06-24 06:13:35,727 [INFO] [src.federated.client] - Client client_3 - Epoch 3/5 completed. Average Loss: 1.4109
2025-06-24 06:13:35,736 [INFO] [src.federated.client] - Client client_3 - Epoch 4/5 completed. Average Loss: 1.2164
2025-06-24 06:13:35,745 [INFO] [src.federated.client] - Client client_3 - Epoch 5/5 completed. Average Loss: 1.0227
2025-06-24 06:13:35,746 [INFO] [src.federated.client] - Client client_3: Local training finished. Processed 715 samples.
2025-06-24 06:13:35,747 [INFO] [src.federated.client] - Client client_5: Starting local training for 5 epochs. Proximal term mu=0.0.
2025-06-24 06:13:35,757 [INFO] [src.federated.client] - Client client_5 - Epoch 1/5 completed. Average Loss: 1.7271
2025-06-24 06:13:35,767 [INFO] [src.federated.client] - Client client_5 - Epoch 2/5 completed. Average Loss: 1.5377
2025-06-24 06:13:35,776 [INFO] [src.federated.client] - Client client_5 - Epoch 3/5 completed. Average Loss: 1.3401
2025-06-24 06:13:35,788 [INFO] [src.federated.client] - Client client_5 - Epoch 4/5 completed. Average Loss: 1.1390
2025-06-24 06:13:35,798 [INFO] [src.federated.client] - Client client_5 - Epoch 5/5 completed. Average Loss: 0.9480
2025-06-24 06:13:35,799 [INFO] [src.federated.client] - Client client_5: Local training finished. Processed 715 samples.
2025-06-24 06:13:35,799 [INFO] [src.federated.server] - Aggregating updates from 10 clients using FedDive.
2025-06-24 06:13:35,799 [INFO] [src.federated.aggregation] - FedDive: Aggregating updates from 10 clients (momentum=0.9).
2025-06-24 06:13:35,801 [INFO] [src.federated.aggregation] - FedDive: Aggregation complete.
2025-06-24 06:13:35,801 [INFO] [src.federated.server] - Global model updated with aggregated parameters.
2025-06-24 06:13:35,801 [INFO] [src.federated.server] - Evaluating updated global model...
2025-06-24 06:13:35,805 [INFO] [src.federated.server] - Round 2 completed in 0.53s. Eval Metrics: {'loss': 0.9935446487532722, 'accuracy': 0.7888888888888889}
2025-06-24 06:13:35,806 [INFO] [src.federated.server] - ===== Starting Round 3/30 =====
2025-06-24 06:13:35,806 [INFO] [src.federated.server] - Starting federated training round...
2025-06-24 06:13:35,806 [INFO] [src.federated.server] - Selected 10 clients out of 10 available (fraction=1.0, min_clients=1): ['client_3', 'client_7', 'client_4', 'client_6', 'client_0', 'client_1', 'client_9', 'client_8', 'client_2', 'client_5']
2025-06-24 06:13:35,807 [INFO] [src.federated.client] - Client client_3: Starting local training for 5 epochs. Proximal term mu=0.0.
2025-06-24 06:13:35,819 [INFO] [src.federated.client] - Client client_3 - Epoch 1/5 completed. Average Loss: 0.9945
2025-06-24 06:13:35,828 [INFO] [src.federated.client] - Client client_3 - Epoch 2/5 completed. Average Loss: 0.7933
2025-06-24 06:13:35,839 [INFO] [src.federated.client] - Client client_3 - Epoch 3/5 completed. Average Loss: 0.6401
2025-06-24 06:13:35,849 [INFO] [src.federated.client] - Client client_3 - Epoch 4/5 completed. Average Loss: 0.5213
2025-06-24 06:13:35,860 [INFO] [src.federated.client] - Client client_3 - Epoch 5/5 completed. Average Loss: 0.4305
2025-06-24 06:13:35,860 [INFO] [src.federated.client] - Client client_3: Local training finished. Processed 715 samples.
2025-06-24 06:13:35,861 [INFO] [src.federated.client] - Client client_7: Starting local training for 5 epochs. Proximal term mu=0.0.
2025-06-24 06:13:35,872 [INFO] [src.federated.client] - Client client_7 - Epoch 1/5 completed. Average Loss: 0.9659
2025-06-24 06:13:35,883 [INFO] [src.federated.client] - Client client_7 - Epoch 2/5 completed. Average Loss: 0.7764
2025-06-24 06:13:35,894 [INFO] [src.federated.client] - Client client_7 - Epoch 3/5 completed. Average Loss: 0.6225
2025-06-24 06:13:35,905 [INFO] [src.federated.client] - Client client_7 - Epoch 4/5 completed. Average Loss: 0.5011
2025-06-24 06:13:35,915 [INFO] [src.federated.client] - Client client_7 - Epoch 5/5 completed. Average Loss: 0.4040
2025-06-24 06:13:35,916 [INFO] [src.federated.client] - Client client_7: Local training finished. Processed 715 samples.
2025-06-24 06:13:35,916 [INFO] [src.federated.client] - Client client_4: Starting local training for 5 epochs. Proximal term mu=0.0.
2025-06-24 06:13:35,926 [INFO] [src.federated.client] - Client client_4 - Epoch 1/5 completed. Average Loss: 0.9228
2025-06-24 06:13:35,936 [INFO] [src.federated.client] - Client client_4 - Epoch 2/5 completed. Average Loss: 0.7203
2025-06-24 06:13:35,946 [INFO] [src.federated.client] - Client client_4 - Epoch 3/5 completed. Average Loss: 0.5530
2025-06-24 06:13:35,955 [INFO] [src.federated.client] - Client client_4 - Epoch 4/5 completed. Average Loss: 0.4362
2025-06-24 06:13:35,965 [INFO] [src.federated.client] - Client client_4 - Epoch 5/5 completed. Average Loss: 0.3482
2025-06-24 06:13:35,966 [INFO] [src.federated.client] - Client client_4: Local training finished. Processed 715 samples.
2025-06-24 06:13:35,966 [INFO] [src.federated.client] - Client client_6: Starting local training for 5 epochs. Proximal term mu=0.0.
2025-06-24 06:13:35,976 [INFO] [src.federated.client] - Client client_6 - Epoch 1/5 completed. Average Loss: 0.8618
2025-06-24 06:13:35,986 [INFO] [src.federated.client] - Client client_6 - Epoch 2/5 completed. Average Loss: 0.6742
2025-06-24 06:13:35,996 [INFO] [src.federated.client] - Client client_6 - Epoch 3/5 completed. Average Loss: 0.5197
2025-06-24 06:13:36,006 [INFO] [src.federated.client] - Client client_6 - Epoch 4/5 completed. Average Loss: 0.4069
2025-06-24 06:13:36,017 [INFO] [src.federated.client] - Client client_6 - Epoch 5/5 completed. Average Loss: 0.3220
2025-06-24 06:13:36,018 [INFO] [src.federated.client] - Client client_6: Local training finished. Processed 715 samples.
2025-06-24 06:13:36,018 [INFO] [src.federated.client] - Client client_0: Starting local training for 5 epochs. Proximal term mu=0.0.
2025-06-24 06:13:36,029 [INFO] [src.federated.client] - Client client_0 - Epoch 1/5 completed. Average Loss: 0.8721
2025-06-24 06:13:36,039 [INFO] [src.federated.client] - Client client_0 - Epoch 2/5 completed. Average Loss: 0.6636
2025-06-24 06:13:36,050 [INFO] [src.federated.client] - Client client_0 - Epoch 3/5 completed. Average Loss: 0.4966
2025-06-24 06:13:36,062 [INFO] [src.federated.client] - Client client_0 - Epoch 4/5 completed. Average Loss: 0.3873
2025-06-24 06:13:36,072 [INFO] [src.federated.client] - Client client_0 - Epoch 5/5 completed. Average Loss: 0.2993
2025-06-24 06:13:36,072 [INFO] [src.federated.client] - Client client_0: Local training finished. Processed 715 samples.
2025-06-24 06:13:36,073 [INFO] [src.federated.client] - Client client_1: Starting local training for 5 epochs. Proximal term mu=0.0.
2025-06-24 06:13:36,083 [INFO] [src.federated.client] - Client client_1 - Epoch 1/5 completed. Average Loss: 0.9182
2025-06-24 06:13:36,094 [INFO] [src.federated.client] - Client client_1 - Epoch 2/5 completed. Average Loss: 0.7069
2025-06-24 06:13:36,106 [INFO] [src.federated.client] - Client client_1 - Epoch 3/5 completed. Average Loss: 0.5293
2025-06-24 06:13:36,117 [INFO] [src.federated.client] - Client client_1 - Epoch 4/5 completed. Average Loss: 0.4128
2025-06-24 06:13:36,127 [INFO] [src.federated.client] - Client client_1 - Epoch 5/5 completed. Average Loss: 0.3240
2025-06-24 06:13:36,128 [INFO] [src.federated.client] - Client client_1: Local training finished. Processed 715 samples.
2025-06-24 06:13:36,129 [INFO] [src.federated.client] - Client client_9: Starting local training for 5 epochs. Proximal term mu=0.0.
2025-06-24 06:13:36,139 [INFO] [src.federated.client] - Client client_9 - Epoch 1/5 completed. Average Loss: 0.6878
2025-06-24 06:13:36,149 [INFO] [src.federated.client] - Client client_9 - Epoch 2/5 completed. Average Loss: 0.5240
2025-06-24 06:13:36,158 [INFO] [src.federated.client] - Client client_9 - Epoch 3/5 completed. Average Loss: 0.3929
2025-06-24 06:13:36,168 [INFO] [src.federated.client] - Client client_9 - Epoch 4/5 completed. Average Loss: 0.2997
2025-06-24 06:13:36,178 [INFO] [src.federated.client] - Client client_9 - Epoch 5/5 completed. Average Loss: 0.2318
2025-06-24 06:13:36,179 [INFO] [src.federated.client] - Client client_9: Local training finished. Processed 750 samples.
2025-06-24 06:13:36,180 [INFO] [src.federated.client] - Client client_8: Starting local training for 5 epochs. Proximal term mu=0.0.
2025-06-24 06:13:36,190 [INFO] [src.federated.client] - Client client_8 - Epoch 1/5 completed. Average Loss: 0.9090
2025-06-24 06:13:36,200 [INFO] [src.federated.client] - Client client_8 - Epoch 2/5 completed. Average Loss: 0.6912
2025-06-24 06:13:36,209 [INFO] [src.federated.client] - Client client_8 - Epoch 3/5 completed. Average Loss: 0.5291
2025-06-24 06:13:36,220 [INFO] [src.federated.client] - Client client_8 - Epoch 4/5 completed. Average Loss: 0.4123
2025-06-24 06:13:36,230 [INFO] [src.federated.client] - Client client_8 - Epoch 5/5 completed. Average Loss: 0.3257
2025-06-24 06:13:36,230 [INFO] [src.federated.client] - Client client_8: Local training finished. Processed 715 samples.
2025-06-24 06:13:36,231 [INFO] [src.federated.client] - Client client_2: Starting local training for 5 epochs. Proximal term mu=0.0.
2025-06-24 06:13:36,243 [INFO] [src.federated.client] - Client client_2 - Epoch 1/5 completed. Average Loss: 0.9189
2025-06-24 06:13:36,254 [INFO] [src.federated.client] - Client client_2 - Epoch 2/5 completed. Average Loss: 0.7249
2025-06-24 06:13:36,265 [INFO] [src.federated.client] - Client client_2 - Epoch 3/5 completed. Average Loss: 0.5608
2025-06-24 06:13:36,274 [INFO] [src.federated.client] - Client client_2 - Epoch 4/5 completed. Average Loss: 0.4357
2025-06-24 06:13:36,284 [INFO] [src.federated.client] - Client client_2 - Epoch 5/5 completed. Average Loss: 0.3450
2025-06-24 06:13:36,285 [INFO] [src.federated.client] - Client client_2: Local training finished. Processed 715 samples.
2025-06-24 06:13:36,285 [INFO] [src.federated.client] - Client client_5: Starting local training for 5 epochs. Proximal term mu=0.0.
2025-06-24 06:13:36,295 [INFO] [src.federated.client] - Client client_5 - Epoch 1/5 completed. Average Loss: 0.8479
2025-06-24 06:13:36,306 [INFO] [src.federated.client] - Client client_5 - Epoch 2/5 completed. Average Loss: 0.6710
2025-06-24 06:13:36,315 [INFO] [src.federated.client] - Client client_5 - Epoch 3/5 completed. Average Loss: 0.5290
2025-06-24 06:13:36,324 [INFO] [src.federated.client] - Client client_5 - Epoch 4/5 completed. Average Loss: 0.4121
2025-06-24 06:13:36,334 [INFO] [src.federated.client] - Client client_5 - Epoch 5/5 completed. Average Loss: 0.3272
2025-06-24 06:13:36,335 [INFO] [src.federated.client] - Client client_5: Local training finished. Processed 715 samples.
2025-06-24 06:13:36,335 [INFO] [src.federated.server] - Aggregating updates from 10 clients using FedDive.
2025-06-24 06:13:36,335 [INFO] [src.federated.aggregation] - FedDive: Aggregating updates from 10 clients (momentum=0.9).
2025-06-24 06:13:36,337 [INFO] [src.federated.aggregation] - FedDive: Aggregation complete.
2025-06-24 06:13:36,337 [INFO] [src.federated.server] - Global model updated with aggregated parameters.
2025-06-24 06:13:36,338 [INFO] [src.federated.server] - Evaluating updated global model...
2025-06-24 06:13:36,342 [INFO] [src.federated.server] - Round 3 completed in 0.54s. Eval Metrics: {'loss': 0.4461531420548757, 'accuracy': 0.8916666666666667}
2025-06-24 06:13:36,342 [INFO] [src.federated.server] - ===== Starting Round 4/30 =====
2025-06-24 06:13:36,342 [INFO] [src.federated.server] - Starting federated training round...
2025-06-24 06:13:36,342 [INFO] [src.federated.server] - Selected 10 clients out of 10 available (fraction=1.0, min_clients=1): ['client_3', 'client_5', 'client_1', 'client_0', 'client_9', 'client_6', 'client_2', 'client_7', 'client_8', 'client_4']
2025-06-24 06:13:36,343 [INFO] [src.federated.client] - Client client_3: Starting local training for 5 epochs. Proximal term mu=0.0.
2025-06-24 06:13:36,355 [INFO] [src.federated.client] - Client client_3 - Epoch 1/5 completed. Average Loss: 0.5103
2025-06-24 06:13:36,366 [INFO] [src.federated.client] - Client client_3 - Epoch 2/5 completed. Average Loss: 0.4193
2025-06-24 06:13:36,377 [INFO] [src.federated.client] - Client client_3 - Epoch 3/5 completed. Average Loss: 0.3420
2025-06-24 06:13:36,387 [INFO] [src.federated.client] - Client client_3 - Epoch 4/5 completed. Average Loss: 0.2842
2025-06-24 06:13:36,398 [INFO] [src.federated.client] - Client client_3 - Epoch 5/5 completed. Average Loss: 0.2375
2025-06-24 06:13:36,398 [INFO] [src.federated.client] - Client client_3: Local training finished. Processed 715 samples.
2025-06-24 06:13:36,399 [INFO] [src.federated.client] - Client client_5: Starting local training for 5 epochs. Proximal term mu=0.0.
2025-06-24 06:13:36,409 [INFO] [src.federated.client] - Client client_5 - Epoch 1/5 completed. Average Loss: 0.3613
2025-06-24 06:13:36,420 [INFO] [src.federated.client] - Client client_5 - Epoch 2/5 completed. Average Loss: 0.2886
2025-06-24 06:13:36,432 [INFO] [src.federated.client] - Client client_5 - Epoch 3/5 completed. Average Loss: 0.2231
2025-06-24 06:13:36,444 [INFO] [src.federated.client] - Client client_5 - Epoch 4/5 completed. Average Loss: 0.1826
2025-06-24 06:13:36,455 [INFO] [src.federated.client] - Client client_5 - Epoch 5/5 completed. Average Loss: 0.1473
2025-06-24 06:13:36,456 [INFO] [src.federated.client] - Client client_5: Local training finished. Processed 715 samples.
2025-06-24 06:13:36,456 [INFO] [src.federated.client] - Client client_1: Starting local training for 5 epochs. Proximal term mu=0.0.
2025-06-24 06:13:36,466 [INFO] [src.federated.client] - Client client_1 - Epoch 1/5 completed. Average Loss: 0.3746
2025-06-24 06:13:36,477 [INFO] [src.federated.client] - Client client_1 - Epoch 2/5 completed. Average Loss: 0.2892
2025-06-24 06:13:36,490 [INFO] [src.federated.client] - Client client_1 - Epoch 3/5 completed. Average Loss: 0.2308
2025-06-24 06:13:36,499 [INFO] [src.federated.client] - Client client_1 - Epoch 4/5 completed. Average Loss: 0.1861
2025-06-24 06:13:36,509 [INFO] [src.federated.client] - Client client_1 - Epoch 5/5 completed. Average Loss: 0.1475
2025-06-24 06:13:36,510 [INFO] [src.federated.client] - Client client_1: Local training finished. Processed 715 samples.
2025-06-24 06:13:36,511 [INFO] [src.federated.client] - Client client_0: Starting local training for 5 epochs. Proximal term mu=0.0.
2025-06-24 06:13:36,521 [INFO] [src.federated.client] - Client client_0 - Epoch 1/5 completed. Average Loss: 0.3253
2025-06-24 06:13:36,531 [INFO] [src.federated.client] - Client client_0 - Epoch 2/5 completed. Average Loss: 0.2550
2025-06-24 06:13:36,541 [INFO] [src.federated.client] - Client client_0 - Epoch 3/5 completed. Average Loss: 0.1978
2025-06-24 06:13:36,552 [INFO] [src.federated.client] - Client client_0 - Epoch 4/5 completed. Average Loss: 0.1630
2025-06-24 06:13:36,562 [INFO] [src.federated.client] - Client client_0 - Epoch 5/5 completed. Average Loss: 0.1346
2025-06-24 06:13:36,563 [INFO] [src.federated.client] - Client client_0: Local training finished. Processed 715 samples.
2025-06-24 06:13:36,563 [INFO] [src.federated.client] - Client client_9: Starting local training for 5 epochs. Proximal term mu=0.0.
2025-06-24 06:13:36,573 [INFO] [src.federated.client] - Client client_9 - Epoch 1/5 completed. Average Loss: 0.2161
2025-06-24 06:13:36,586 [INFO] [src.federated.client] - Client client_9 - Epoch 2/5 completed. Average Loss: 0.1707
2025-06-24 06:13:36,596 [INFO] [src.federated.client] - Client client_9 - Epoch 3/5 completed. Average Loss: 0.1386
2025-06-24 06:13:36,606 [INFO] [src.federated.client] - Client client_9 - Epoch 4/5 completed. Average Loss: 0.1142
2025-06-24 06:13:36,616 [INFO] [src.federated.client] - Client client_9 - Epoch 5/5 completed. Average Loss: 0.0912
2025-06-24 06:13:36,617 [INFO] [src.federated.client] - Client client_9: Local training finished. Processed 750 samples.
2025-06-24 06:13:36,617 [INFO] [src.federated.client] - Client client_6: Starting local training for 5 epochs. Proximal term mu=0.0.
2025-06-24 06:13:36,627 [INFO] [src.federated.client] - Client client_6 - Epoch 1/5 completed. Average Loss: 0.3685
2025-06-24 06:13:36,636 [INFO] [src.federated.client] - Client client_6 - Epoch 2/5 completed. Average Loss: 0.2963
2025-06-24 06:13:36,647 [INFO] [src.federated.client] - Client client_6 - Epoch 3/5 completed. Average Loss: 0.2341
2025-06-24 06:13:36,656 [INFO] [src.federated.client] - Client client_6 - Epoch 4/5 completed. Average Loss: 0.1858
2025-06-24 06:13:36,667 [INFO] [src.federated.client] - Client client_6 - Epoch 5/5 completed. Average Loss: 0.1493
2025-06-24 06:13:36,667 [INFO] [src.federated.client] - Client client_6: Local training finished. Processed 715 samples.
2025-06-24 06:13:36,668 [INFO] [src.federated.client] - Client client_2: Starting local training for 5 epochs. Proximal term mu=0.0.
2025-06-24 06:13:36,678 [INFO] [src.federated.client] - Client client_2 - Epoch 1/5 completed. Average Loss: 0.3909
2025-06-24 06:13:36,688 [INFO] [src.federated.client] - Client client_2 - Epoch 2/5 completed. Average Loss: 0.3089
2025-06-24 06:13:36,699 [INFO] [src.federated.client] - Client client_2 - Epoch 3/5 completed. Average Loss: 0.2428
2025-06-24 06:13:36,709 [INFO] [src.federated.client] - Client client_2 - Epoch 4/5 completed. Average Loss: 0.1952
2025-06-24 06:13:36,719 [INFO] [src.federated.client] - Client client_2 - Epoch 5/5 completed. Average Loss: 0.1647
2025-06-24 06:13:36,719 [INFO] [src.federated.client] - Client client_2: Local training finished. Processed 715 samples.
2025-06-24 06:13:36,720 [INFO] [src.federated.client] - Client client_7: Starting local training for 5 epochs. Proximal term mu=0.0.
2025-06-24 06:13:36,731 [INFO] [src.federated.client] - Client client_7 - Epoch 1/5 completed. Average Loss: 0.4712
2025-06-24 06:13:36,741 [INFO] [src.federated.client] - Client client_7 - Epoch 2/5 completed. Average Loss: 0.3842
2025-06-24 06:13:36,751 [INFO] [src.federated.client] - Client client_7 - Epoch 3/5 completed. Average Loss: 0.3061
2025-06-24 06:13:36,761 [INFO] [src.federated.client] - Client client_7 - Epoch 4/5 completed. Average Loss: 0.2522
2025-06-24 06:13:36,771 [INFO] [src.federated.client] - Client client_7 - Epoch 5/5 completed. Average Loss: 0.2126
2025-06-24 06:13:36,772 [INFO] [src.federated.client] - Client client_7: Local training finished. Processed 715 samples.
2025-06-24 06:13:36,772 [INFO] [src.federated.client] - Client client_8: Starting local training for 5 epochs. Proximal term mu=0.0.
2025-06-24 06:13:36,782 [INFO] [src.federated.client] - Client client_8 - Epoch 1/5 completed. Average Loss: 0.4059
2025-06-24 06:13:36,792 [INFO] [src.federated.client] - Client client_8 - Epoch 2/5 completed. Average Loss: 0.3099
2025-06-24 06:13:36,801 [INFO] [src.federated.client] - Client client_8 - Epoch 3/5 completed. Average Loss: 0.2405
2025-06-24 06:13:36,811 [INFO] [src.federated.client] - Client client_8 - Epoch 4/5 completed. Average Loss: 0.1985
2025-06-24 06:13:36,821 [INFO] [src.federated.client] - Client client_8 - Epoch 5/5 completed. Average Loss: 0.1608
2025-06-24 06:13:36,822 [INFO] [src.federated.client] - Client client_8: Local training finished. Processed 715 samples.
2025-06-24 06:13:36,823 [INFO] [src.federated.client] - Client client_4: Starting local training for 5 epochs. Proximal term mu=0.0.
2025-06-24 06:13:36,833 [INFO] [src.federated.client] - Client client_4 - Epoch 1/5 completed. Average Loss: 0.4137
2025-06-24 06:13:36,843 [INFO] [src.federated.client] - Client client_4 - Epoch 2/5 completed. Average Loss: 0.3275
2025-06-24 06:13:36,853 [INFO] [src.federated.client] - Client client_4 - Epoch 3/5 completed. Average Loss: 0.2512
2025-06-24 06:13:36,864 [INFO] [src.federated.client] - Client client_4 - Epoch 4/5 completed. Average Loss: 0.1991
2025-06-24 06:13:36,874 [INFO] [src.federated.client] - Client client_4 - Epoch 5/5 completed. Average Loss: 0.1662
2025-06-24 06:13:36,875 [INFO] [src.federated.client] - Client client_4: Local training finished. Processed 715 samples.
2025-06-24 06:13:36,875 [INFO] [src.federated.server] - Aggregating updates from 10 clients using FedDive.
2025-06-24 06:13:36,875 [INFO] [src.federated.aggregation] - FedDive: Aggregating updates from 10 clients (momentum=0.9).
2025-06-24 06:13:36,877 [INFO] [src.federated.aggregation] - FedDive: Aggregation complete.
2025-06-24 06:13:36,877 [INFO] [src.federated.server] - Global model updated with aggregated parameters.
2025-06-24 06:13:36,878 [INFO] [src.federated.server] - Evaluating updated global model...
2025-06-24 06:13:36,882 [INFO] [src.federated.server] - Round 4 completed in 0.54s. Eval Metrics: {'loss': 0.27650521960523394, 'accuracy': 0.925}
2025-06-24 06:13:36,883 [INFO] [src.federated.server] - ===== Starting Round 5/30 =====
2025-06-24 06:13:36,883 [INFO] [src.federated.server] - Starting federated training round...
2025-06-24 06:13:36,883 [INFO] [src.federated.server] - Selected 10 clients out of 10 available (fraction=1.0, min_clients=1): ['client_7', 'client_8', 'client_1', 'client_3', 'client_0', 'client_4', 'client_2', 'client_6', 'client_9', 'client_5']
2025-06-24 06:13:36,884 [INFO] [src.federated.client] - Client client_7: Starting local training for 5 epochs. Proximal term mu=0.0.
2025-06-24 06:13:36,895 [INFO] [src.federated.client] - Client client_7 - Epoch 1/5 completed. Average Loss: 0.3299
2025-06-24 06:13:36,905 [INFO] [src.federated.client] - Client client_7 - Epoch 2/5 completed. Average Loss: 0.2657
2025-06-24 06:13:36,915 [INFO] [src.federated.client] - Client client_7 - Epoch 3/5 completed. Average Loss: 0.2159
2025-06-24 06:13:36,925 [INFO] [src.federated.client] - Client client_7 - Epoch 4/5 completed. Average Loss: 0.1785
2025-06-24 06:13:36,936 [INFO] [src.federated.client] - Client client_7 - Epoch 5/5 completed. Average Loss: 0.1504
2025-06-24 06:13:36,936 [INFO] [src.federated.client] - Client client_7: Local training finished. Processed 715 samples.
2025-06-24 06:13:36,937 [INFO] [src.federated.client] - Client client_8: Starting local training for 5 epochs. Proximal term mu=0.0.
2025-06-24 06:13:36,948 [INFO] [src.federated.client] - Client client_8 - Epoch 1/5 completed. Average Loss: 0.2468
2025-06-24 06:13:36,958 [INFO] [src.federated.client] - Client client_8 - Epoch 2/5 completed. Average Loss: 0.1885
2025-06-24 06:13:36,967 [INFO] [src.federated.client] - Client client_8 - Epoch 3/5 completed. Average Loss: 0.1439
2025-06-24 06:13:36,979 [INFO] [src.federated.client] - Client client_8 - Epoch 4/5 completed. Average Loss: 0.1145
2025-06-24 06:13:36,989 [INFO] [src.federated.client] - Client client_8 - Epoch 5/5 completed. Average Loss: 0.0935
2025-06-24 06:13:36,989 [INFO] [src.federated.client] - Client client_8: Local training finished. Processed 715 samples.
2025-06-24 06:13:36,990 [INFO] [src.federated.client] - Client client_1: Starting local training for 5 epochs. Proximal term mu=0.0.
2025-06-24 06:13:37,000 [INFO] [src.federated.client] - Client client_1 - Epoch 1/5 completed. Average Loss: 0.2052
2025-06-24 06:13:37,010 [INFO] [src.federated.client] - Client client_1 - Epoch 2/5 completed. Average Loss: 0.1618
2025-06-24 06:13:37,020 [INFO] [src.federated.client] - Client client_1 - Epoch 3/5 completed. Average Loss: 0.1280
2025-06-24 06:13:37,031 [INFO] [src.federated.client] - Client client_1 - Epoch 4/5 completed. Average Loss: 0.1029
2025-06-24 06:13:37,041 [INFO] [src.federated.client] - Client client_1 - Epoch 5/5 completed. Average Loss: 0.0841
2025-06-24 06:13:37,042 [INFO] [src.federated.client] - Client client_1: Local training finished. Processed 715 samples.
2025-06-24 06:13:37,043 [INFO] [src.federated.client] - Client client_3: Starting local training for 5 epochs. Proximal term mu=0.0.
2025-06-24 06:13:37,052 [INFO] [src.federated.client] - Client client_3 - Epoch 1/5 completed. Average Loss: 0.3650
2025-06-24 06:13:37,062 [INFO] [src.federated.client] - Client client_3 - Epoch 2/5 completed. Average Loss: 0.2980
2025-06-24 06:13:37,074 [INFO] [src.federated.client] - Client client_3 - Epoch 3/5 completed. Average Loss: 0.2438
2025-06-24 06:13:37,084 [INFO] [src.federated.client] - Client client_3 - Epoch 4/5 completed. Average Loss: 0.2024
2025-06-24 06:13:37,094 [INFO] [src.federated.client] - Client client_3 - Epoch 5/5 completed. Average Loss: 0.1699
2025-06-24 06:13:37,095 [INFO] [src.federated.client] - Client client_3: Local training finished. Processed 715 samples.
2025-06-24 06:13:37,096 [INFO] [src.federated.client] - Client client_0: Starting local training for 5 epochs. Proximal term mu=0.0.
2025-06-24 06:13:37,106 [INFO] [src.federated.client] - Client client_0 - Epoch 1/5 completed. Average Loss: 0.1643
2025-06-24 06:13:37,116 [INFO] [src.federated.client] - Client client_0 - Epoch 2/5 completed. Average Loss: 0.1369
2025-06-24 06:13:37,125 [INFO] [src.federated.client] - Client client_0 - Epoch 3/5 completed. Average Loss: 0.1149
2025-06-24 06:13:37,135 [INFO] [src.federated.client] - Client client_0 - Epoch 4/5 completed. Average Loss: 0.0927
2025-06-24 06:13:37,145 [INFO] [src.federated.client] - Client client_0 - Epoch 5/5 completed. Average Loss: 0.0796
2025-06-24 06:13:37,145 [INFO] [src.federated.client] - Client client_0: Local training finished. Processed 715 samples.
2025-06-24 06:13:37,146 [INFO] [src.federated.client] - Client client_4: Starting local training for 5 epochs. Proximal term mu=0.0.
2025-06-24 06:13:37,157 [INFO] [src.federated.client] - Client client_4 - Epoch 1/5 completed. Average Loss: 0.2539
2025-06-24 06:13:37,167 [INFO] [src.federated.client] - Client client_4 - Epoch 2/5 completed. Average Loss: 0.2004
2025-06-24 06:13:37,178 [INFO] [src.federated.client] - Client client_4 - Epoch 3/5 completed. Average Loss: 0.1511
2025-06-24 06:13:37,190 [INFO] [src.federated.client] - Client client_4 - Epoch 4/5 completed. Average Loss: 0.1214
2025-06-24 06:13:37,202 [INFO] [src.federated.client] - Client client_4 - Epoch 5/5 completed. Average Loss: 0.1008
2025-06-24 06:13:37,202 [INFO] [src.federated.client] - Client client_4: Local training finished. Processed 715 samples.
2025-06-24 06:13:37,203 [INFO] [src.federated.client] - Client client_2: Starting local training for 5 epochs. Proximal term mu=0.0.
2025-06-24 06:13:37,214 [INFO] [src.federated.client] - Client client_2 - Epoch 1/5 completed. Average Loss: 0.2253
2025-06-24 06:13:37,226 [INFO] [src.federated.client] - Client client_2 - Epoch 2/5 completed. Average Loss: 0.1812
2025-06-24 06:13:37,237 [INFO] [src.federated.client] - Client client_2 - Epoch 3/5 completed. Average Loss: 0.1436
2025-06-24 06:13:37,248 [INFO] [src.federated.client] - Client client_2 - Epoch 4/5 completed. Average Loss: 0.1172
2025-06-24 06:13:37,259 [INFO] [src.federated.client] - Client client_2 - Epoch 5/5 completed. Average Loss: 0.0962
2025-06-24 06:13:37,260 [INFO] [src.federated.client] - Client client_2: Local training finished. Processed 715 samples.
2025-06-24 06:13:37,260 [INFO] [src.federated.client] - Client client_6: Starting local training for 5 epochs. Proximal term mu=0.0.
2025-06-24 06:13:37,271 [INFO] [src.federated.client] - Client client_6 - Epoch 1/5 completed. Average Loss: 0.2347
2025-06-24 06:13:37,281 [INFO] [src.federated.client] - Client client_6 - Epoch 2/5 completed. Average Loss: 0.1779
2025-06-24 06:13:37,291 [INFO] [src.federated.client] - Client client_6 - Epoch 3/5 completed. Average Loss: 0.1418
2025-06-24 06:13:37,301 [INFO] [src.federated.client] - Client client_6 - Epoch 4/5 completed. Average Loss: 0.1154
2025-06-24 06:13:37,311 [INFO] [src.federated.client] - Client client_6 - Epoch 5/5 completed. Average Loss: 0.0940
2025-06-24 06:13:37,311 [INFO] [src.federated.client] - Client client_6: Local training finished. Processed 715 samples.
2025-06-24 06:13:37,312 [INFO] [src.federated.client] - Client client_9: Starting local training for 5 epochs. Proximal term mu=0.0.
2025-06-24 06:13:37,323 [INFO] [src.federated.client] - Client client_9 - Epoch 1/5 completed. Average Loss: 0.1294
2025-06-24 06:13:37,332 [INFO] [src.federated.client] - Client client_9 - Epoch 2/5 completed. Average Loss: 0.1016
2025-06-24 06:13:37,342 [INFO] [src.federated.client] - Client client_9 - Epoch 3/5 completed. Average Loss: 0.0808
2025-06-24 06:13:37,353 [INFO] [src.federated.client] - Client client_9 - Epoch 4/5 completed. Average Loss: 0.0689
2025-06-24 06:13:37,365 [INFO] [src.federated.client] - Client client_9 - Epoch 5/5 completed. Average Loss: 0.0560
2025-06-24 06:13:37,366 [INFO] [src.federated.client] - Client client_9: Local training finished. Processed 750 samples.
2025-06-24 06:13:37,366 [INFO] [src.federated.client] - Client client_5: Starting local training for 5 epochs. Proximal term mu=0.0.
2025-06-24 06:13:37,378 [INFO] [src.federated.client] - Client client_5 - Epoch 1/5 completed. Average Loss: 0.2078
2025-06-24 06:13:37,389 [INFO] [src.federated.client] - Client client_5 - Epoch 2/5 completed. Average Loss: 0.1669
2025-06-24 06:13:37,399 [INFO] [src.federated.client] - Client client_5 - Epoch 3/5 completed. Average Loss: 0.1311
2025-06-24 06:13:37,409 [INFO] [src.federated.client] - Client client_5 - Epoch 4/5 completed. Average Loss: 0.1070
2025-06-24 06:13:37,417 [INFO] [src.federated.client] - Client client_5 - Epoch 5/5 completed. Average Loss: 0.0883
2025-06-24 06:13:37,418 [INFO] [src.federated.client] - Client client_5: Local training finished. Processed 715 samples.
2025-06-24 06:13:37,418 [INFO] [src.federated.server] - Aggregating updates from 10 clients using FedDive.
2025-06-24 06:13:37,418 [INFO] [src.federated.aggregation] - FedDive: Aggregating updates from 10 clients (momentum=0.9).
2025-06-24 06:13:37,420 [INFO] [src.federated.aggregation] - FedDive: Aggregation complete.
2025-06-24 06:13:37,421 [INFO] [src.federated.server] - Global model updated with aggregated parameters.
2025-06-24 06:13:37,421 [INFO] [src.federated.server] - Evaluating updated global model...
2025-06-24 06:13:37,425 [INFO] [src.federated.server] - Round 5 completed in 0.54s. Eval Metrics: {'loss': 0.2092035628027386, 'accuracy': 0.9361111111111111}
2025-06-24 06:13:37,425 [INFO] [src.federated.server] - ===== Starting Round 6/30 =====
2025-06-24 06:13:37,425 [INFO] [src.federated.server] - Starting federated training round...
2025-06-24 06:13:37,425 [INFO] [src.federated.server] - Selected 10 clients out of 10 available (fraction=1.0, min_clients=1): ['client_1', 'client_0', 'client_3', 'client_6', 'client_2', 'client_8', 'client_9', 'client_4', 'client_7', 'client_5']
2025-06-24 06:13:37,426 [INFO] [src.federated.client] - Client client_1: Starting local training for 5 epochs. Proximal term mu=0.0.
2025-06-24 06:13:37,437 [INFO] [src.federated.client] - Client client_1 - Epoch 1/5 completed. Average Loss: 0.1386
2025-06-24 06:13:37,447 [INFO] [src.federated.client] - Client client_1 - Epoch 2/5 completed. Average Loss: 0.1093
2025-06-24 06:13:37,457 [INFO] [src.federated.client] - Client client_1 - Epoch 3/5 completed. Average Loss: 0.0834
2025-06-24 06:13:37,468 [INFO] [src.federated.client] - Client client_1 - Epoch 4/5 completed. Average Loss: 0.0671
2025-06-24 06:13:37,478 [INFO] [src.federated.client] - Client client_1 - Epoch 5/5 completed. Average Loss: 0.0563
2025-06-24 06:13:37,479 [INFO] [src.federated.client] - Client client_1: Local training finished. Processed 715 samples.
2025-06-24 06:13:37,479 [INFO] [src.federated.client] - Client client_0: Starting local training for 5 epochs. Proximal term mu=0.0.
2025-06-24 06:13:37,490 [INFO] [src.federated.client] - Client client_0 - Epoch 1/5 completed. Average Loss: 0.1177
2025-06-24 06:13:37,500 [INFO] [src.federated.client] - Client client_0 - Epoch 2/5 completed. Average Loss: 0.1012
2025-06-24 06:13:37,510 [INFO] [src.federated.client] - Client client_0 - Epoch 3/5 completed. Average Loss: 0.0763
2025-06-24 06:13:37,521 [INFO] [src.federated.client] - Client client_0 - Epoch 4/5 completed. Average Loss: 0.0637
2025-06-24 06:13:37,532 [INFO] [src.federated.client] - Client client_0 - Epoch 5/5 completed. Average Loss: 0.0530
2025-06-24 06:13:37,532 [INFO] [src.federated.client] - Client client_0: Local training finished. Processed 715 samples.
2025-06-24 06:13:37,533 [INFO] [src.federated.client] - Client client_3: Starting local training for 5 epochs. Proximal term mu=0.0.
2025-06-24 06:13:37,542 [INFO] [src.federated.client] - Client client_3 - Epoch 1/5 completed. Average Loss: 0.3049
2025-06-24 06:13:37,552 [INFO] [src.federated.client] - Client client_3 - Epoch 2/5 completed. Average Loss: 0.2377
2025-06-24 06:13:37,562 [INFO] [src.federated.client] - Client client_3 - Epoch 3/5 completed. Average Loss: 0.2014
2025-06-24 06:13:37,573 [INFO] [src.federated.client] - Client client_3 - Epoch 4/5 completed. Average Loss: 0.1639
2025-06-24 06:13:37,583 [INFO] [src.federated.client] - Client client_3 - Epoch 5/5 completed. Average Loss: 0.1388
2025-06-24 06:13:37,584 [INFO] [src.federated.client] - Client client_3: Local training finished. Processed 715 samples.
2025-06-24 06:13:37,585 [INFO] [src.federated.client] - Client client_6: Starting local training for 5 epochs. Proximal term mu=0.0.
2025-06-24 06:13:37,596 [INFO] [src.federated.client] - Client client_6 - Epoch 1/5 completed. Average Loss: 0.1685
2025-06-24 06:13:37,606 [INFO] [src.federated.client] - Client client_6 - Epoch 2/5 completed. Average Loss: 0.1245
2025-06-24 06:13:37,616 [INFO] [src.federated.client] - Client client_6 - Epoch 3/5 completed. Average Loss: 0.0931
2025-06-24 06:13:37,626 [INFO] [src.federated.client] - Client client_6 - Epoch 4/5 completed. Average Loss: 0.0747
2025-06-24 06:13:37,636 [INFO] [src.federated.client] - Client client_6 - Epoch 5/5 completed. Average Loss: 0.0596
2025-06-24 06:13:37,637 [INFO] [src.federated.client] - Client client_6: Local training finished. Processed 715 samples.
2025-06-24 06:13:37,638 [INFO] [src.federated.client] - Client client_2: Starting local training for 5 epochs. Proximal term mu=0.0.
2025-06-24 06:13:37,648 [INFO] [src.federated.client] - Client client_2 - Epoch 1/5 completed. Average Loss: 0.1529
2025-06-24 06:13:37,659 [INFO] [src.federated.client] - Client client_2 - Epoch 2/5 completed. Average Loss: 0.1220
2025-06-24 06:13:37,668 [INFO] [src.federated.client] - Client client_2 - Epoch 3/5 completed. Average Loss: 0.0919
2025-06-24 06:13:37,679 [INFO] [src.federated.client] - Client client_2 - Epoch 4/5 completed. Average Loss: 0.0746
2025-06-24 06:13:37,689 [INFO] [src.federated.client] - Client client_2 - Epoch 5/5 completed. Average Loss: 0.0614
2025-06-24 06:13:37,689 [INFO] [src.federated.client] - Client client_2: Local training finished. Processed 715 samples.
2025-06-24 06:13:37,690 [INFO] [src.federated.client] - Client client_8: Starting local training for 5 epochs. Proximal term mu=0.0.
2025-06-24 06:13:37,699 [INFO] [src.federated.client] - Client client_8 - Epoch 1/5 completed. Average Loss: 0.1648
2025-06-24 06:13:37,710 [INFO] [src.federated.client] - Client client_8 - Epoch 2/5 completed. Average Loss: 0.1226
2025-06-24 06:13:37,721 [INFO] [src.federated.client] - Client client_8 - Epoch 3/5 completed. Average Loss: 0.0926
2025-06-24 06:13:37,732 [INFO] [src.federated.client] - Client client_8 - Epoch 4/5 completed. Average Loss: 0.0751
2025-06-24 06:13:37,743 [INFO] [src.federated.client] - Client client_8 - Epoch 5/5 completed. Average Loss: 0.0629
2025-06-24 06:13:37,743 [INFO] [src.federated.client] - Client client_8: Local training finished. Processed 715 samples.
2025-06-24 06:13:37,744 [INFO] [src.federated.client] - Client client_9: Starting local training for 5 epochs. Proximal term mu=0.0.
2025-06-24 06:13:37,753 [INFO] [src.federated.client] - Client client_9 - Epoch 1/5 completed. Average Loss: 0.0991
2025-06-24 06:13:37,763 [INFO] [src.federated.client] - Client client_9 - Epoch 2/5 completed. Average Loss: 0.0754
2025-06-24 06:13:37,774 [INFO] [src.federated.client] - Client client_9 - Epoch 3/5 completed. Average Loss: 0.0613
2025-06-24 06:13:37,784 [INFO] [src.federated.client] - Client client_9 - Epoch 4/5 completed. Average Loss: 0.0470
2025-06-24 06:13:37,794 [INFO] [src.federated.client] - Client client_9 - Epoch 5/5 completed. Average Loss: 0.0401
2025-06-24 06:13:37,794 [INFO] [src.federated.client] - Client client_9: Local training finished. Processed 750 samples.
2025-06-24 06:13:37,795 [INFO] [src.federated.client] - Client client_4: Starting local training for 5 epochs. Proximal term mu=0.0.
2025-06-24 06:13:37,805 [INFO] [src.federated.client] - Client client_4 - Epoch 1/5 completed. Average Loss: 0.1659
2025-06-24 06:13:37,814 [INFO] [src.federated.client] - Client client_4 - Epoch 2/5 completed. Average Loss: 0.1257
2025-06-24 06:13:37,825 [INFO] [src.federated.client] - Client client_4 - Epoch 3/5 completed. Average Loss: 0.1000
2025-06-24 06:13:37,835 [INFO] [src.federated.client] - Client client_4 - Epoch 4/5 completed. Average Loss: 0.0785
2025-06-24 06:13:37,844 [INFO] [src.federated.client] - Client client_4 - Epoch 5/5 completed. Average Loss: 0.0661
2025-06-24 06:13:37,845 [INFO] [src.federated.client] - Client client_4: Local training finished. Processed 715 samples.
2025-06-24 06:13:37,845 [INFO] [src.federated.client] - Client client_7: Starting local training for 5 epochs. Proximal term mu=0.0.
2025-06-24 06:13:37,854 [INFO] [src.federated.client] - Client client_7 - Epoch 1/5 completed. Average Loss: 0.2717
2025-06-24 06:13:37,865 [INFO] [src.federated.client] - Client client_7 - Epoch 2/5 completed. Average Loss: 0.2157
2025-06-24 06:13:37,875 [INFO] [src.federated.client] - Client client_7 - Epoch 3/5 completed. Average Loss: 0.1690
2025-06-24 06:13:37,887 [INFO] [src.federated.client] - Client client_7 - Epoch 4/5 completed. Average Loss: 0.1351
2025-06-24 06:13:37,898 [INFO] [src.federated.client] - Client client_7 - Epoch 5/5 completed. Average Loss: 0.1136
2025-06-24 06:13:37,899 [INFO] [src.federated.client] - Client client_7: Local training finished. Processed 715 samples.
2025-06-24 06:13:37,899 [INFO] [src.federated.client] - Client client_5: Starting local training for 5 epochs. Proximal term mu=0.0.
2025-06-24 06:13:37,909 [INFO] [src.federated.client] - Client client_5 - Epoch 1/5 completed. Average Loss: 0.1421
2025-06-24 06:13:37,918 [INFO] [src.federated.client] - Client client_5 - Epoch 2/5 completed. Average Loss: 0.1097
2025-06-24 06:13:37,928 [INFO] [src.federated.client] - Client client_5 - Epoch 3/5 completed. Average Loss: 0.0851
2025-06-24 06:13:37,938 [INFO] [src.federated.client] - Client client_5 - Epoch 4/5 completed. Average Loss: 0.0704
2025-06-24 06:13:37,949 [INFO] [src.federated.client] - Client client_5 - Epoch 5/5 completed. Average Loss: 0.0584
2025-06-24 06:13:37,950 [INFO] [src.federated.client] - Client client_5: Local training finished. Processed 715 samples.
2025-06-24 06:13:37,950 [INFO] [src.federated.server] - Aggregating updates from 10 clients using FedDive.
2025-06-24 06:13:37,950 [INFO] [src.federated.aggregation] - FedDive: Aggregating updates from 10 clients (momentum=0.9).
2025-06-24 06:13:37,952 [INFO] [src.federated.aggregation] - FedDive: Aggregation complete.
2025-06-24 06:13:37,952 [INFO] [src.federated.server] - Global model updated with aggregated parameters.
2025-06-24 06:13:37,952 [INFO] [src.federated.server] - Evaluating updated global model...
2025-06-24 06:13:37,958 [INFO] [src.federated.server] - Round 6 completed in 0.53s. Eval Metrics: {'loss': 0.17768029951386982, 'accuracy': 0.9416666666666667}
2025-06-24 06:13:37,958 [INFO] [src.federated.server] - ===== Starting Round 7/30 =====
2025-06-24 06:13:37,959 [INFO] [src.federated.server] - Starting federated training round...
2025-06-24 06:13:37,959 [INFO] [src.federated.server] - Selected 10 clients out of 10 available (fraction=1.0, min_clients=1): ['client_7', 'client_5', 'client_2', 'client_9', 'client_6', 'client_1', 'client_8', 'client_3', 'client_0', 'client_4']
2025-06-24 06:13:37,959 [INFO] [src.federated.client] - Client client_7: Starting local training for 5 epochs. Proximal term mu=0.0.
2025-06-24 06:13:37,969 [INFO] [src.federated.client] - Client client_7 - Epoch 1/5 completed. Average Loss: 0.2483
2025-06-24 06:13:37,980 [INFO] [src.federated.client] - Client client_7 - Epoch 2/5 completed. Average Loss: 0.1878
2025-06-24 06:13:37,990 [INFO] [src.federated.client] - Client client_7 - Epoch 3/5 completed. Average Loss: 0.1508
2025-06-24 06:13:38,001 [INFO] [src.federated.client] - Client client_7 - Epoch 4/5 completed. Average Loss: 0.1175
2025-06-24 06:13:38,011 [INFO] [src.federated.client] - Client client_7 - Epoch 5/5 completed. Average Loss: 0.0936
2025-06-24 06:13:38,011 [INFO] [src.federated.client] - Client client_7: Local training finished. Processed 715 samples.
2025-06-24 06:13:38,012 [INFO] [src.federated.client] - Client client_5: Starting local training for 5 epochs. Proximal term mu=0.0.
2025-06-24 06:13:38,022 [INFO] [src.federated.client] - Client client_5 - Epoch 1/5 completed. Average Loss: 0.1186
2025-06-24 06:13:38,031 [INFO] [src.federated.client] - Client client_5 - Epoch 2/5 completed. Average Loss: 0.0894
2025-06-24 06:13:38,042 [INFO] [src.federated.client] - Client client_5 - Epoch 3/5 completed. Average Loss: 0.0640
2025-06-24 06:13:38,053 [INFO] [src.federated.client] - Client client_5 - Epoch 4/5 completed. Average Loss: 0.0499
2025-06-24 06:13:38,063 [INFO] [src.federated.client] - Client client_5 - Epoch 5/5 completed. Average Loss: 0.0418
2025-06-24 06:13:38,064 [INFO] [src.federated.client] - Client client_5: Local training finished. Processed 715 samples.
2025-06-24 06:13:38,065 [INFO] [src.federated.client] - Client client_2: Starting local training for 5 epochs. Proximal term mu=0.0.
2025-06-24 06:13:38,077 [INFO] [src.federated.client] - Client client_2 - Epoch 1/5 completed. Average Loss: 0.1192
2025-06-24 06:13:38,087 [INFO] [src.federated.client] - Client client_2 - Epoch 2/5 completed. Average Loss: 0.0867
2025-06-24 06:13:38,097 [INFO] [src.federated.client] - Client client_2 - Epoch 3/5 completed. Average Loss: 0.0646
2025-06-24 06:13:38,107 [INFO] [src.federated.client] - Client client_2 - Epoch 4/5 completed. Average Loss: 0.0536
2025-06-24 06:13:38,117 [INFO] [src.federated.client] - Client client_2 - Epoch 5/5 completed. Average Loss: 0.0443
2025-06-24 06:13:38,117 [INFO] [src.federated.client] - Client client_2: Local training finished. Processed 715 samples.
2025-06-24 06:13:38,118 [INFO] [src.federated.client] - Client client_9: Starting local training for 5 epochs. Proximal term mu=0.0.
2025-06-24 06:13:38,128 [INFO] [src.federated.client] - Client client_9 - Epoch 1/5 completed. Average Loss: 0.0800
2025-06-24 06:13:38,138 [INFO] [src.federated.client] - Client client_9 - Epoch 2/5 completed. Average Loss: 0.0595
2025-06-24 06:13:38,148 [INFO] [src.federated.client] - Client client_9 - Epoch 3/5 completed. Average Loss: 0.0479
2025-06-24 06:13:38,159 [INFO] [src.federated.client] - Client client_9 - Epoch 4/5 completed. Average Loss: 0.0366
2025-06-24 06:13:38,169 [INFO] [src.federated.client] - Client client_9 - Epoch 5/5 completed. Average Loss: 0.0322
2025-06-24 06:13:38,170 [INFO] [src.federated.client] - Client client_9: Local training finished. Processed 750 samples.
2025-06-24 06:13:38,171 [INFO] [src.federated.client] - Client client_6: Starting local training for 5 epochs. Proximal term mu=0.0.
2025-06-24 06:13:38,180 [INFO] [src.federated.client] - Client client_6 - Epoch 1/5 completed. Average Loss: 0.1264
2025-06-24 06:13:38,190 [INFO] [src.federated.client] - Client client_6 - Epoch 2/5 completed. Average Loss: 0.0945
2025-06-24 06:13:38,203 [INFO] [src.federated.client] - Client client_6 - Epoch 3/5 completed. Average Loss: 0.0709
2025-06-24 06:13:38,213 [INFO] [src.federated.client] - Client client_6 - Epoch 4/5 completed. Average Loss: 0.0554
2025-06-24 06:13:38,223 [INFO] [src.federated.client] - Client client_6 - Epoch 5/5 completed. Average Loss: 0.0460
2025-06-24 06:13:38,224 [INFO] [src.federated.client] - Client client_6: Local training finished. Processed 715 samples.
2025-06-24 06:13:38,225 [INFO] [src.federated.client] - Client client_1: Starting local training for 5 epochs. Proximal term mu=0.0.
2025-06-24 06:13:38,236 [INFO] [src.federated.client] - Client client_1 - Epoch 1/5 completed. Average Loss: 0.1046
2025-06-24 06:13:38,245 [INFO] [src.federated.client] - Client client_1 - Epoch 2/5 completed. Average Loss: 0.0784
2025-06-24 06:13:38,255 [INFO] [src.federated.client] - Client client_1 - Epoch 3/5 completed. Average Loss: 0.0567
2025-06-24 06:13:38,266 [INFO] [src.federated.client] - Client client_1 - Epoch 4/5 completed. Average Loss: 0.0502
2025-06-24 06:13:38,277 [INFO] [src.federated.client] - Client client_1 - Epoch 5/5 completed. Average Loss: 0.0410
2025-06-24 06:13:38,277 [INFO] [src.federated.client] - Client client_1: Local training finished. Processed 715 samples.
2025-06-24 06:13:38,278 [INFO] [src.federated.client] - Client client_8: Starting local training for 5 epochs. Proximal term mu=0.0.
2025-06-24 06:13:38,289 [INFO] [src.federated.client] - Client client_8 - Epoch 1/5 completed. Average Loss: 0.1164
2025-06-24 06:13:38,298 [INFO] [src.federated.client] - Client client_8 - Epoch 2/5 completed. Average Loss: 0.0859
2025-06-24 06:13:38,308 [INFO] [src.federated.client] - Client client_8 - Epoch 3/5 completed. Average Loss: 0.0641
2025-06-24 06:13:38,318 [INFO] [src.federated.client] - Client client_8 - Epoch 4/5 completed. Average Loss: 0.0519
2025-06-24 06:13:38,329 [INFO] [src.federated.client] - Client client_8 - Epoch 5/5 completed. Average Loss: 0.0439
2025-06-24 06:13:38,330 [INFO] [src.federated.client] - Client client_8: Local training finished. Processed 715 samples.
2025-06-24 06:13:38,331 [INFO] [src.federated.client] - Client client_3: Starting local training for 5 epochs. Proximal term mu=0.0.
2025-06-24 06:13:38,341 [INFO] [src.federated.client] - Client client_3 - Epoch 1/5 completed. Average Loss: 0.2778
2025-06-24 06:13:38,353 [INFO] [src.federated.client] - Client client_3 - Epoch 2/5 completed. Average Loss: 0.2179
2025-06-24 06:13:38,362 [INFO] [src.federated.client] - Client client_3 - Epoch 3/5 completed. Average Loss: 0.1684
2025-06-24 06:13:38,373 [INFO] [src.federated.client] - Client client_3 - Epoch 4/5 completed. Average Loss: 0.1392
2025-06-24 06:13:38,383 [INFO] [src.federated.client] - Client client_3 - Epoch 5/5 completed. Average Loss: 0.1190
2025-06-24 06:13:38,383 [INFO] [src.federated.client] - Client client_3: Local training finished. Processed 715 samples.
2025-06-24 06:13:38,384 [INFO] [src.federated.client] - Client client_0: Starting local training for 5 epochs. Proximal term mu=0.0.
2025-06-24 06:13:38,394 [INFO] [src.federated.client] - Client client_0 - Epoch 1/5 completed. Average Loss: 0.0976
2025-06-24 06:13:38,404 [INFO] [src.federated.client] - Client client_0 - Epoch 2/5 completed. Average Loss: 0.0770
2025-06-24 06:13:38,413 [INFO] [src.federated.client] - Client client_0 - Epoch 3/5 completed. Average Loss: 0.0572
2025-06-24 06:13:38,424 [INFO] [src.federated.client] - Client client_0 - Epoch 4/5 completed. Average Loss: 0.0470
2025-06-24 06:13:38,434 [INFO] [src.federated.client] - Client client_0 - Epoch 5/5 completed. Average Loss: 0.0388
2025-06-24 06:13:38,435 [INFO] [src.federated.client] - Client client_0: Local training finished. Processed 715 samples.
2025-06-24 06:13:38,435 [INFO] [src.federated.client] - Client client_4: Starting local training for 5 epochs. Proximal term mu=0.0.
2025-06-24 06:13:38,448 [INFO] [src.federated.client] - Client client_4 - Epoch 1/5 completed. Average Loss: 0.1071
2025-06-24 06:13:38,458 [INFO] [src.federated.client] - Client client_4 - Epoch 2/5 completed. Average Loss: 0.0847
2025-06-24 06:13:38,470 [INFO] [src.federated.client] - Client client_4 - Epoch 3/5 completed. Average Loss: 0.0673
2025-06-24 06:13:38,482 [INFO] [src.federated.client] - Client client_4 - Epoch 4/5 completed. Average Loss: 0.0552
2025-06-24 06:13:38,493 [INFO] [src.federated.client] - Client client_4 - Epoch 5/5 completed. Average Loss: 0.0473
2025-06-24 06:13:38,494 [INFO] [src.federated.client] - Client client_4: Local training finished. Processed 715 samples.
2025-06-24 06:13:38,494 [INFO] [src.federated.server] - Aggregating updates from 10 clients using FedDive.
2025-06-24 06:13:38,494 [INFO] [src.federated.aggregation] - FedDive: Aggregating updates from 10 clients (momentum=0.9).
2025-06-24 06:13:38,496 [INFO] [src.federated.aggregation] - FedDive: Aggregation complete.
2025-06-24 06:13:38,497 [INFO] [src.federated.server] - Global model updated with aggregated parameters.
2025-06-24 06:13:38,497 [INFO] [src.federated.server] - Evaluating updated global model...
2025-06-24 06:13:38,501 [INFO] [src.federated.server] - Round 7 completed in 0.54s. Eval Metrics: {'loss': 0.15828149997525745, 'accuracy': 0.9472222222222222}
2025-06-24 06:13:38,502 [INFO] [src.federated.server] - ===== Starting Round 8/30 =====
2025-06-24 06:13:38,502 [INFO] [src.federated.server] - Starting federated training round...
2025-06-24 06:13:38,502 [INFO] [src.federated.server] - Selected 10 clients out of 10 available (fraction=1.0, min_clients=1): ['client_8', 'client_3', 'client_2', 'client_9', 'client_6', 'client_7', 'client_1', 'client_4', 'client_5', 'client_0']
2025-06-24 06:13:38,503 [INFO] [src.federated.client] - Client client_8: Starting local training for 5 epochs. Proximal term mu=0.0.
2025-06-24 06:13:38,515 [INFO] [src.federated.client] - Client client_8 - Epoch 1/5 completed. Average Loss: 0.0858
2025-06-24 06:13:38,526 [INFO] [src.federated.client] - Client client_8 - Epoch 2/5 completed. Average Loss: 0.0611
2025-06-24 06:13:38,537 [INFO] [src.federated.client] - Client client_8 - Epoch 3/5 completed. Average Loss: 0.0472
2025-06-24 06:13:38,547 [INFO] [src.federated.client] - Client client_8 - Epoch 4/5 completed. Average Loss: 0.0391
2025-06-24 06:13:38,557 [INFO] [src.federated.client] - Client client_8 - Epoch 5/5 completed. Average Loss: 0.0329
2025-06-24 06:13:38,558 [INFO] [src.federated.client] - Client client_8: Local training finished. Processed 715 samples.
2025-06-24 06:13:38,558 [INFO] [src.federated.client] - Client client_3: Starting local training for 5 epochs. Proximal term mu=0.0.
2025-06-24 06:13:38,569 [INFO] [src.federated.client] - Client client_3 - Epoch 1/5 completed. Average Loss: 0.2599
2025-06-24 06:13:38,579 [INFO] [src.federated.client] - Client client_3 - Epoch 2/5 completed. Average Loss: 0.2005
2025-06-24 06:13:38,590 [INFO] [src.federated.client] - Client client_3 - Epoch 3/5 completed. Average Loss: 0.1522
2025-06-24 06:13:38,600 [INFO] [src.federated.client] - Client client_3 - Epoch 4/5 completed. Average Loss: 0.1238
2025-06-24 06:13:38,610 [INFO] [src.federated.client] - Client client_3 - Epoch 5/5 completed. Average Loss: 0.1054
2025-06-24 06:13:38,611 [INFO] [src.federated.client] - Client client_3: Local training finished. Processed 715 samples.
2025-06-24 06:13:38,611 [INFO] [src.federated.client] - Client client_2: Starting local training for 5 epochs. Proximal term mu=0.0.
2025-06-24 06:13:38,621 [INFO] [src.federated.client] - Client client_2 - Epoch 1/5 completed. Average Loss: 0.0924
2025-06-24 06:13:38,632 [INFO] [src.federated.client] - Client client_2 - Epoch 2/5 completed. Average Loss: 0.0681
2025-06-24 06:13:38,643 [INFO] [src.federated.client] - Client client_2 - Epoch 3/5 completed. Average Loss: 0.0486
2025-06-24 06:13:38,653 [INFO] [src.federated.client] - Client client_2 - Epoch 4/5 completed. Average Loss: 0.0407
2025-06-24 06:13:38,664 [INFO] [src.federated.client] - Client client_2 - Epoch 5/5 completed. Average Loss: 0.0341
2025-06-24 06:13:38,664 [INFO] [src.federated.client] - Client client_2: Local training finished. Processed 715 samples.
2025-06-24 06:13:38,665 [INFO] [src.federated.client] - Client client_9: Starting local training for 5 epochs. Proximal term mu=0.0.
2025-06-24 06:13:38,674 [INFO] [src.federated.client] - Client client_9 - Epoch 1/5 completed. Average Loss: 0.0723
2025-06-24 06:13:38,684 [INFO] [src.federated.client] - Client client_9 - Epoch 2/5 completed. Average Loss: 0.0541
2025-06-24 06:13:38,694 [INFO] [src.federated.client] - Client client_9 - Epoch 3/5 completed. Average Loss: 0.0371
2025-06-24 06:13:38,705 [INFO] [src.federated.client] - Client client_9 - Epoch 4/5 completed. Average Loss: 0.0306
2025-06-24 06:13:38,715 [INFO] [src.federated.client] - Client client_9 - Epoch 5/5 completed. Average Loss: 0.0245
2025-06-24 06:13:38,715 [INFO] [src.federated.client] - Client client_9: Local training finished. Processed 750 samples.
2025-06-24 06:13:38,716 [INFO] [src.federated.client] - Client client_6: Starting local training for 5 epochs. Proximal term mu=0.0.
2025-06-24 06:13:38,727 [INFO] [src.federated.client] - Client client_6 - Epoch 1/5 completed. Average Loss: 0.1057
2025-06-24 06:13:38,737 [INFO] [src.federated.client] - Client client_6 - Epoch 2/5 completed. Average Loss: 0.0762
2025-06-24 06:13:38,746 [INFO] [src.federated.client] - Client client_6 - Epoch 3/5 completed. Average Loss: 0.0542
2025-06-24 06:13:38,756 [INFO] [src.federated.client] - Client client_6 - Epoch 4/5 completed. Average Loss: 0.0440
2025-06-24 06:13:38,767 [INFO] [src.federated.client] - Client client_6 - Epoch 5/5 completed. Average Loss: 0.0345
2025-06-24 06:13:38,767 [INFO] [src.federated.client] - Client client_6: Local training finished. Processed 715 samples.
2025-06-24 06:13:38,768 [INFO] [src.federated.client] - Client client_7: Starting local training for 5 epochs. Proximal term mu=0.0.
2025-06-24 06:13:38,777 [INFO] [src.federated.client] - Client client_7 - Epoch 1/5 completed. Average Loss: 0.2407
2025-06-24 06:13:38,787 [INFO] [src.federated.client] - Client client_7 - Epoch 2/5 completed. Average Loss: 0.1744
2025-06-24 06:13:38,797 [INFO] [src.federated.client] - Client client_7 - Epoch 3/5 completed. Average Loss: 0.1327
2025-06-24 06:13:38,814 [INFO] [src.federated.client] - Client client_7 - Epoch 4/5 completed. Average Loss: 0.0987
2025-06-24 06:13:38,826 [INFO] [src.federated.client] - Client client_7 - Epoch 5/5 completed. Average Loss: 0.0783
2025-06-24 06:13:38,827 [INFO] [src.federated.client] - Client client_7: Local training finished. Processed 715 samples.
2025-06-24 06:13:38,828 [INFO] [src.federated.client] - Client client_1: Starting local training for 5 epochs. Proximal term mu=0.0.
2025-06-24 06:13:38,838 [INFO] [src.federated.client] - Client client_1 - Epoch 1/5 completed. Average Loss: 0.0819
2025-06-24 06:13:38,849 [INFO] [src.federated.client] - Client client_1 - Epoch 2/5 completed. Average Loss: 0.0619
2025-06-24 06:13:38,859 [INFO] [src.federated.client] - Client client_1 - Epoch 3/5 completed. Average Loss: 0.0424
2025-06-24 06:13:38,869 [INFO] [src.federated.client] - Client client_1 - Epoch 4/5 completed. Average Loss: 0.0357
2025-06-24 06:13:38,880 [INFO] [src.federated.client] - Client client_1 - Epoch 5/5 completed. Average Loss: 0.0307
2025-06-24 06:13:38,881 [INFO] [src.federated.client] - Client client_1: Local training finished. Processed 715 samples.
2025-06-24 06:13:38,881 [INFO] [src.federated.client] - Client client_4: Starting local training for 5 epochs. Proximal term mu=0.0.
2025-06-24 06:13:38,892 [INFO] [src.federated.client] - Client client_4 - Epoch 1/5 completed. Average Loss: 0.0781
2025-06-24 06:13:38,904 [INFO] [src.federated.client] - Client client_4 - Epoch 2/5 completed. Average Loss: 0.0627
2025-06-24 06:13:38,913 [INFO] [src.federated.client] - Client client_4 - Epoch 3/5 completed. Average Loss: 0.0490
2025-06-24 06:13:38,923 [INFO] [src.federated.client] - Client client_4 - Epoch 4/5 completed. Average Loss: 0.0413
2025-06-24 06:13:38,934 [INFO] [src.federated.client] - Client client_4 - Epoch 5/5 completed. Average Loss: 0.0354
2025-06-24 06:13:38,935 [INFO] [src.federated.client] - Client client_4: Local training finished. Processed 715 samples.
2025-06-24 06:13:38,935 [INFO] [src.federated.client] - Client client_5: Starting local training for 5 epochs. Proximal term mu=0.0.
2025-06-24 06:13:38,947 [INFO] [src.federated.client] - Client client_5 - Epoch 1/5 completed. Average Loss: 0.1020
2025-06-24 06:13:38,959 [INFO] [src.federated.client] - Client client_5 - Epoch 2/5 completed. Average Loss: 0.0755
2025-06-24 06:13:38,969 [INFO] [src.federated.client] - Client client_5 - Epoch 3/5 completed. Average Loss: 0.0519
2025-06-24 06:13:38,978 [INFO] [src.federated.client] - Client client_5 - Epoch 4/5 completed. Average Loss: 0.0391
2025-06-24 06:13:38,987 [INFO] [src.federated.client] - Client client_5 - Epoch 5/5 completed. Average Loss: 0.0333
2025-06-24 06:13:38,988 [INFO] [src.federated.client] - Client client_5: Local training finished. Processed 715 samples.
2025-06-24 06:13:38,988 [INFO] [src.federated.client] - Client client_0: Starting local training for 5 epochs. Proximal term mu=0.0.
2025-06-24 06:13:38,999 [INFO] [src.federated.client] - Client client_0 - Epoch 1/5 completed. Average Loss: 0.0812
2025-06-24 06:13:39,009 [INFO] [src.federated.client] - Client client_0 - Epoch 2/5 completed. Average Loss: 0.0596
2025-06-24 06:13:39,018 [INFO] [src.federated.client] - Client client_0 - Epoch 3/5 completed. Average Loss: 0.0422
2025-06-24 06:13:39,029 [INFO] [src.federated.client] - Client client_0 - Epoch 4/5 completed. Average Loss: 0.0339
2025-06-24 06:13:39,038 [INFO] [src.federated.client] - Client client_0 - Epoch 5/5 completed. Average Loss: 0.0289
2025-06-24 06:13:39,038 [INFO] [src.federated.client] - Client client_0: Local training finished. Processed 715 samples.
2025-06-24 06:13:39,039 [INFO] [src.federated.server] - Aggregating updates from 10 clients using FedDive.
2025-06-24 06:13:39,039 [INFO] [src.federated.aggregation] - FedDive: Aggregating updates from 10 clients (momentum=0.9).
2025-06-24 06:13:39,040 [INFO] [src.federated.aggregation] - FedDive: Aggregation complete.
2025-06-24 06:13:39,041 [INFO] [src.federated.server] - Global model updated with aggregated parameters.
2025-06-24 06:13:39,041 [INFO] [src.federated.server] - Evaluating updated global model...
2025-06-24 06:13:39,045 [INFO] [src.federated.server] - Round 8 completed in 0.54s. Eval Metrics: {'loss': 0.14530913846360313, 'accuracy': 0.9472222222222222}
2025-06-24 06:13:39,046 [INFO] [src.federated.server] - ===== Starting Round 9/30 =====
2025-06-24 06:13:39,046 [INFO] [src.federated.server] - Starting federated training round...
2025-06-24 06:13:39,046 [INFO] [src.federated.server] - Selected 10 clients out of 10 available (fraction=1.0, min_clients=1): ['client_3', 'client_0', 'client_5', 'client_9', 'client_2', 'client_8', 'client_1', 'client_7', 'client_6', 'client_4']
2025-06-24 06:13:39,047 [INFO] [src.federated.client] - Client client_3: Starting local training for 5 epochs. Proximal term mu=0.0.
2025-06-24 06:13:39,058 [INFO] [src.federated.client] - Client client_3 - Epoch 1/5 completed. Average Loss: 0.2478
2025-06-24 06:13:39,069 [INFO] [src.federated.client] - Client client_3 - Epoch 2/5 completed. Average Loss: 0.1870
2025-06-24 06:13:39,080 [INFO] [src.federated.client] - Client client_3 - Epoch 3/5 completed. Average Loss: 0.1399
2025-06-24 06:13:39,090 [INFO] [src.federated.client] - Client client_3 - Epoch 4/5 completed. Average Loss: 0.1143
2025-06-24 06:13:39,101 [INFO] [src.federated.client] - Client client_3 - Epoch 5/5 completed. Average Loss: 0.0929
2025-06-24 06:13:39,102 [INFO] [src.federated.client] - Client client_3: Local training finished. Processed 715 samples.
2025-06-24 06:13:39,102 [INFO] [src.federated.client] - Client client_0: Starting local training for 5 epochs. Proximal term mu=0.0.
2025-06-24 06:13:39,113 [INFO] [src.federated.client] - Client client_0 - Epoch 1/5 completed. Average Loss: 0.0679
2025-06-24 06:13:39,123 [INFO] [src.federated.client] - Client client_0 - Epoch 2/5 completed. Average Loss: 0.0450
2025-06-24 06:13:39,133 [INFO] [src.federated.client] - Client client_0 - Epoch 3/5 completed. Average Loss: 0.0337
2025-06-24 06:13:39,142 [INFO] [src.federated.client] - Client client_0 - Epoch 4/5 completed. Average Loss: 0.0268
2025-06-24 06:13:39,152 [INFO] [src.federated.client] - Client client_0 - Epoch 5/5 completed. Average Loss: 0.0223
2025-06-24 06:13:39,153 [INFO] [src.federated.client] - Client client_0: Local training finished. Processed 715 samples.
2025-06-24 06:13:39,153 [INFO] [src.federated.client] - Client client_5: Starting local training for 5 epochs. Proximal term mu=0.0.
2025-06-24 06:13:39,164 [INFO] [src.federated.client] - Client client_5 - Epoch 1/5 completed. Average Loss: 0.0919
2025-06-24 06:13:39,174 [INFO] [src.federated.client] - Client client_5 - Epoch 2/5 completed. Average Loss: 0.0613
2025-06-24 06:13:39,184 [INFO] [src.federated.client] - Client client_5 - Epoch 3/5 completed. Average Loss: 0.0443
2025-06-24 06:13:39,194 [INFO] [src.federated.client] - Client client_5 - Epoch 4/5 completed. Average Loss: 0.0320
2025-06-24 06:13:39,203 [INFO] [src.federated.client] - Client client_5 - Epoch 5/5 completed. Average Loss: 0.0279
2025-06-24 06:13:39,204 [INFO] [src.federated.client] - Client client_5: Local training finished. Processed 715 samples.
2025-06-24 06:13:39,205 [INFO] [src.federated.client] - Client client_9: Starting local training for 5 epochs. Proximal term mu=0.0.
2025-06-24 06:13:39,215 [INFO] [src.federated.client] - Client client_9 - Epoch 1/5 completed. Average Loss: 0.0634
2025-06-24 06:13:39,226 [INFO] [src.federated.client] - Client client_9 - Epoch 2/5 completed. Average Loss: 0.0470
2025-06-24 06:13:42,174 [INFO] [src.federated.client] - Client client_9 - Epoch 3/5 completed. Average Loss: 0.0319
2025-06-24 06:13:42,185 [INFO] [src.federated.client] - Client client_9 - Epoch 4/5 completed. Average Loss: 0.0245
2025-06-24 06:13:42,196 [INFO] [src.federated.client] - Client client_9 - Epoch 5/5 completed. Average Loss: 0.0209
2025-06-24 06:13:42,197 [INFO] [src.federated.client] - Client client_9: Local training finished. Processed 750 samples.
2025-06-24 06:13:42,197 [INFO] [src.federated.client] - Client client_2: Starting local training for 5 epochs. Proximal term mu=0.0.
2025-06-24 06:13:42,208 [INFO] [src.federated.client] - Client client_2 - Epoch 1/5 completed. Average Loss: 0.0759
2025-06-24 06:13:42,218 [INFO] [src.federated.client] - Client client_2 - Epoch 2/5 completed. Average Loss: 0.0581
2025-06-24 06:13:42,230 [INFO] [src.federated.client] - Client client_2 - Epoch 3/5 completed. Average Loss: 0.0378
2025-06-24 06:13:42,242 [INFO] [src.federated.client] - Client client_2 - Epoch 4/5 completed. Average Loss: 0.0307
2025-06-24 06:13:42,253 [INFO] [src.federated.client] - Client client_2 - Epoch 5/5 completed. Average Loss: 0.0259
2025-06-24 06:13:42,253 [INFO] [src.federated.client] - Client client_2: Local training finished. Processed 715 samples.
2025-06-24 06:13:42,254 [INFO] [src.federated.client] - Client client_8: Starting local training for 5 epochs. Proximal term mu=0.0.
2025-06-24 06:13:42,265 [INFO] [src.federated.client] - Client client_8 - Epoch 1/5 completed. Average Loss: 0.0647
2025-06-24 06:13:42,276 [INFO] [src.federated.client] - Client client_8 - Epoch 2/5 completed. Average Loss: 0.0476
2025-06-24 06:13:42,286 [INFO] [src.federated.client] - Client client_8 - Epoch 3/5 completed. Average Loss: 0.0365
2025-06-24 06:13:42,297 [INFO] [src.federated.client] - Client client_8 - Epoch 4/5 completed. Average Loss: 0.0291
2025-06-24 06:13:42,306 [INFO] [src.federated.client] - Client client_8 - Epoch 5/5 completed. Average Loss: 0.0252
2025-06-24 06:13:42,307 [INFO] [src.federated.client] - Client client_8: Local training finished. Processed 715 samples.
2025-06-24 06:13:42,307 [INFO] [src.federated.client] - Client client_1: Starting local training for 5 epochs. Proximal term mu=0.0.
2025-06-24 06:13:42,317 [INFO] [src.federated.client] - Client client_1 - Epoch 1/5 completed. Average Loss: 0.0655
2025-06-24 06:13:42,327 [INFO] [src.federated.client] - Client client_1 - Epoch 2/5 completed. Average Loss: 0.0444
2025-06-24 06:13:42,337 [INFO] [src.federated.client] - Client client_1 - Epoch 3/5 completed. Average Loss: 0.0349
2025-06-24 06:13:42,346 [INFO] [src.federated.client] - Client client_1 - Epoch 4/5 completed. Average Loss: 0.0280
2025-06-24 06:13:42,357 [INFO] [src.federated.client] - Client client_1 - Epoch 5/5 completed. Average Loss: 0.0241
2025-06-24 06:13:42,358 [INFO] [src.federated.client] - Client client_1: Local training finished. Processed 715 samples.
2025-06-24 06:13:42,358 [INFO] [src.federated.client] - Client client_7: Starting local training for 5 epochs. Proximal term mu=0.0.
2025-06-24 06:13:42,369 [INFO] [src.federated.client] - Client client_7 - Epoch 1/5 completed. Average Loss: 0.2246
2025-06-24 06:13:42,382 [INFO] [src.federated.client] - Client client_7 - Epoch 2/5 completed. Average Loss: 0.1730
2025-06-24 06:13:42,391 [INFO] [src.federated.client] - Client client_7 - Epoch 3/5 completed. Average Loss: 0.1225
2025-06-24 06:13:42,402 [INFO] [src.federated.client] - Client client_7 - Epoch 4/5 completed. Average Loss: 0.0954
2025-06-24 06:13:42,412 [INFO] [src.federated.client] - Client client_7 - Epoch 5/5 completed. Average Loss: 0.0744
2025-06-24 06:13:42,413 [INFO] [src.federated.client] - Client client_7: Local training finished. Processed 715 samples.
2025-06-24 06:13:42,413 [INFO] [src.federated.client] - Client client_6: Starting local training for 5 epochs. Proximal term mu=0.0.
2025-06-24 06:13:42,423 [INFO] [src.federated.client] - Client client_6 - Epoch 1/5 completed. Average Loss: 0.0862
2025-06-24 06:13:42,433 [INFO] [src.federated.client] - Client client_6 - Epoch 2/5 completed. Average Loss: 0.0584
2025-06-24 06:13:42,443 [INFO] [src.federated.client] - Client client_6 - Epoch 3/5 completed. Average Loss: 0.0448
2025-06-24 06:13:42,454 [INFO] [src.federated.client] - Client client_6 - Epoch 4/5 completed. Average Loss: 0.0342
2025-06-24 06:13:42,464 [INFO] [src.federated.client] - Client client_6 - Epoch 5/5 completed. Average Loss: 0.0278
2025-06-24 06:13:42,464 [INFO] [src.federated.client] - Client client_6: Local training finished. Processed 715 samples.
2025-06-24 06:13:42,465 [INFO] [src.federated.client] - Client client_4: Starting local training for 5 epochs. Proximal term mu=0.0.
2025-06-24 06:13:42,475 [INFO] [src.federated.client] - Client client_4 - Epoch 1/5 completed. Average Loss: 0.0588
2025-06-24 06:13:42,485 [INFO] [src.federated.client] - Client client_4 - Epoch 2/5 completed. Average Loss: 0.0458
2025-06-24 06:13:42,494 [INFO] [src.federated.client] - Client client_4 - Epoch 3/5 completed. Average Loss: 0.0376
2025-06-24 06:13:42,506 [INFO] [src.federated.client] - Client client_4 - Epoch 4/5 completed. Average Loss: 0.0315
2025-06-24 06:13:42,516 [INFO] [src.federated.client] - Client client_4 - Epoch 5/5 completed. Average Loss: 0.0275
2025-06-24 06:13:42,516 [INFO] [src.federated.client] - Client client_4: Local training finished. Processed 715 samples.
2025-06-24 06:13:42,516 [INFO] [src.federated.server] - Aggregating updates from 10 clients using FedDive.
2025-06-24 06:13:42,516 [INFO] [src.federated.aggregation] - FedDive: Aggregating updates from 10 clients (momentum=0.9).
2025-06-24 06:13:42,518 [INFO] [src.federated.aggregation] - FedDive: Aggregation complete.
2025-06-24 06:13:42,519 [INFO] [src.federated.server] - Global model updated with aggregated parameters.
2025-06-24 06:13:42,519 [INFO] [src.federated.server] - Evaluating updated global model...
2025-06-24 06:13:42,523 [INFO] [src.federated.server] - Round 9 completed in 3.48s. Eval Metrics: {'loss': 0.134734864698516, 'accuracy': 0.9555555555555556}
2025-06-24 06:13:42,523 [INFO] [src.federated.server] - ===== Starting Round 10/30 =====
2025-06-24 06:13:42,523 [INFO] [src.federated.server] - Starting federated training round...
2025-06-24 06:13:42,523 [INFO] [src.federated.server] - Selected 10 clients out of 10 available (fraction=1.0, min_clients=1): ['client_7', 'client_6', 'client_9', 'client_1', 'client_2', 'client_8', 'client_4', 'client_5', 'client_3', 'client_0']
2025-06-24 06:13:42,524 [INFO] [src.federated.client] - Client client_7: Starting local training for 5 epochs. Proximal term mu=0.0.
2025-06-24 06:13:42,534 [INFO] [src.federated.client] - Client client_7 - Epoch 1/5 completed. Average Loss: 0.2217
2025-06-24 06:13:42,544 [INFO] [src.federated.client] - Client client_7 - Epoch 2/5 completed. Average Loss: 0.1656
2025-06-24 06:13:42,554 [INFO] [src.federated.client] - Client client_7 - Epoch 3/5 completed. Average Loss: 0.1129
2025-06-24 06:13:42,565 [INFO] [src.federated.client] - Client client_7 - Epoch 4/5 completed. Average Loss: 0.0844
2025-06-24 06:13:42,575 [INFO] [src.federated.client] - Client client_7 - Epoch 5/5 completed. Average Loss: 0.0649
2025-06-24 06:13:42,575 [INFO] [src.federated.client] - Client client_7: Local training finished. Processed 715 samples.
2025-06-24 06:13:42,576 [INFO] [src.federated.client] - Client client_6: Starting local training for 5 epochs. Proximal term mu=0.0.
2025-06-24 06:13:42,585 [INFO] [src.federated.client] - Client client_6 - Epoch 1/5 completed. Average Loss: 0.0725
2025-06-24 06:13:42,596 [INFO] [src.federated.client] - Client client_6 - Epoch 2/5 completed. Average Loss: 0.0464
2025-06-24 06:13:42,606 [INFO] [src.federated.client] - Client client_6 - Epoch 3/5 completed. Average Loss: 0.0340
2025-06-24 06:13:42,615 [INFO] [src.federated.client] - Client client_6 - Epoch 4/5 completed. Average Loss: 0.0288
2025-06-24 06:13:42,626 [INFO] [src.federated.client] - Client client_6 - Epoch 5/5 completed. Average Loss: 0.0231
2025-06-24 06:13:42,627 [INFO] [src.federated.client] - Client client_6: Local training finished. Processed 715 samples.
2025-06-24 06:13:42,628 [INFO] [src.federated.client] - Client client_9: Starting local training for 5 epochs. Proximal term mu=0.0.
2025-06-24 06:13:42,638 [INFO] [src.federated.client] - Client client_9 - Epoch 1/5 completed. Average Loss: 0.0588
2025-06-24 06:13:42,647 [INFO] [src.federated.client] - Client client_9 - Epoch 2/5 completed. Average Loss: 0.0439
2025-06-24 06:13:42,658 [INFO] [src.federated.client] - Client client_9 - Epoch 3/5 completed. Average Loss: 0.0257
2025-06-24 06:13:42,669 [INFO] [src.federated.client] - Client client_9 - Epoch 4/5 completed. Average Loss: 0.0208
2025-06-24 06:13:42,678 [INFO] [src.federated.client] - Client client_9 - Epoch 5/5 completed. Average Loss: 0.0172
2025-06-24 06:13:42,678 [INFO] [src.federated.client] - Client client_9: Local training finished. Processed 750 samples.
2025-06-24 06:13:42,679 [INFO] [src.federated.client] - Client client_1: Starting local training for 5 epochs. Proximal term mu=0.0.
2025-06-24 06:13:42,689 [INFO] [src.federated.client] - Client client_1 - Epoch 1/5 completed. Average Loss: 0.0529
2025-06-24 06:13:42,699 [INFO] [src.federated.client] - Client client_1 - Epoch 2/5 completed. Average Loss: 0.0374
2025-06-24 06:13:42,710 [INFO] [src.federated.client] - Client client_1 - Epoch 3/5 completed. Average Loss: 0.0268
2025-06-24 06:13:42,721 [INFO] [src.federated.client] - Client client_1 - Epoch 4/5 completed. Average Loss: 0.0226
2025-06-24 06:13:42,732 [INFO] [src.federated.client] - Client client_1 - Epoch 5/5 completed. Average Loss: 0.0194
2025-06-24 06:13:42,733 [INFO] [src.federated.client] - Client client_1: Local training finished. Processed 715 samples.
2025-06-24 06:13:42,733 [INFO] [src.federated.client] - Client client_2: Starting local training for 5 epochs. Proximal term mu=0.0.
2025-06-24 06:13:42,744 [INFO] [src.federated.client] - Client client_2 - Epoch 1/5 completed. Average Loss: 0.0640
2025-06-24 06:13:42,754 [INFO] [src.federated.client] - Client client_2 - Epoch 2/5 completed. Average Loss: 0.0465
2025-06-24 06:13:42,764 [INFO] [src.federated.client] - Client client_2 - Epoch 3/5 completed. Average Loss: 0.0315
2025-06-24 06:13:42,775 [INFO] [src.federated.client] - Client client_2 - Epoch 4/5 completed. Average Loss: 0.0249
2025-06-24 06:13:42,785 [INFO] [src.federated.client] - Client client_2 - Epoch 5/5 completed. Average Loss: 0.0217
2025-06-24 06:13:42,786 [INFO] [src.federated.client] - Client client_2: Local training finished. Processed 715 samples.
2025-06-24 06:13:42,787 [INFO] [src.federated.client] - Client client_8: Starting local training for 5 epochs. Proximal term mu=0.0.
2025-06-24 06:13:42,798 [INFO] [src.federated.client] - Client client_8 - Epoch 1/5 completed. Average Loss: 0.0470
2025-06-24 06:13:42,809 [INFO] [src.federated.client] - Client client_8 - Epoch 2/5 completed. Average Loss: 0.0350
2025-06-24 06:13:42,819 [INFO] [src.federated.client] - Client client_8 - Epoch 3/5 completed. Average Loss: 0.0271
2025-06-24 06:13:42,829 [INFO] [src.federated.client] - Client client_8 - Epoch 4/5 completed. Average Loss: 0.0225
2025-06-24 06:13:42,839 [INFO] [src.federated.client] - Client client_8 - Epoch 5/5 completed. Average Loss: 0.0196
2025-06-24 06:13:42,840 [INFO] [src.federated.client] - Client client_8: Local training finished. Processed 715 samples.
2025-06-24 06:13:42,840 [INFO] [src.federated.client] - Client client_4: Starting local training for 5 epochs. Proximal term mu=0.0.
2025-06-24 06:13:42,850 [INFO] [src.federated.client] - Client client_4 - Epoch 1/5 completed. Average Loss: 0.0478
2025-06-24 06:13:42,860 [INFO] [src.federated.client] - Client client_4 - Epoch 2/5 completed. Average Loss: 0.0382
2025-06-24 06:13:42,872 [INFO] [src.federated.client] - Client client_4 - Epoch 3/5 completed. Average Loss: 0.0309
2025-06-24 06:13:42,881 [INFO] [src.federated.client] - Client client_4 - Epoch 4/5 completed. Average Loss: 0.0255
2025-06-24 06:13:42,890 [INFO] [src.federated.client] - Client client_4 - Epoch 5/5 completed. Average Loss: 0.0220
2025-06-24 06:13:42,891 [INFO] [src.federated.client] - Client client_4: Local training finished. Processed 715 samples.
2025-06-24 06:13:42,892 [INFO] [src.federated.client] - Client client_5: Starting local training for 5 epochs. Proximal term mu=0.0.
2025-06-24 06:13:42,903 [INFO] [src.federated.client] - Client client_5 - Epoch 1/5 completed. Average Loss: 0.0853
2025-06-24 06:13:42,912 [INFO] [src.federated.client] - Client client_5 - Epoch 2/5 completed. Average Loss: 0.0514
2025-06-24 06:13:42,922 [INFO] [src.federated.client] - Client client_5 - Epoch 3/5 completed. Average Loss: 0.0358
2025-06-24 06:13:42,932 [INFO] [src.federated.client] - Client client_5 - Epoch 4/5 completed. Average Loss: 0.0254
2025-06-24 06:13:42,942 [INFO] [src.federated.client] - Client client_5 - Epoch 5/5 completed. Average Loss: 0.0228
2025-06-24 06:13:42,942 [INFO] [src.federated.client] - Client client_5: Local training finished. Processed 715 samples.
2025-06-24 06:13:42,943 [INFO] [src.federated.client] - Client client_3: Starting local training for 5 epochs. Proximal term mu=0.0.
2025-06-24 06:13:42,953 [INFO] [src.federated.client] - Client client_3 - Epoch 1/5 completed. Average Loss: 0.2349
2025-06-24 06:13:42,965 [INFO] [src.federated.client] - Client client_3 - Epoch 2/5 completed. Average Loss: 0.1742
2025-06-24 06:13:42,974 [INFO] [src.federated.client] - Client client_3 - Epoch 3/5 completed. Average Loss: 0.1315
2025-06-24 06:13:42,987 [INFO] [src.federated.client] - Client client_3 - Epoch 4/5 completed. Average Loss: 0.1053
2025-06-24 06:13:42,996 [INFO] [src.federated.client] - Client client_3 - Epoch 5/5 completed. Average Loss: 0.0878
2025-06-24 06:13:42,997 [INFO] [src.federated.client] - Client client_3: Local training finished. Processed 715 samples.
2025-06-24 06:13:42,997 [INFO] [src.federated.client] - Client client_0: Starting local training for 5 epochs. Proximal term mu=0.0.
2025-06-24 06:13:43,008 [INFO] [src.federated.client] - Client client_0 - Epoch 1/5 completed. Average Loss: 0.0558
2025-06-24 06:13:43,019 [INFO] [src.federated.client] - Client client_0 - Epoch 2/5 completed. Average Loss: 0.0370
2025-06-24 06:13:43,029 [INFO] [src.federated.client] - Client client_0 - Epoch 3/5 completed. Average Loss: 0.0258
2025-06-24 06:13:43,038 [INFO] [src.federated.client] - Client client_0 - Epoch 4/5 completed. Average Loss: 0.0209
2025-06-24 06:13:43,048 [INFO] [src.federated.client] - Client client_0 - Epoch 5/5 completed. Average Loss: 0.0181
2025-06-24 06:13:43,048 [INFO] [src.federated.client] - Client client_0: Local training finished. Processed 715 samples.
2025-06-24 06:13:43,049 [INFO] [src.federated.server] - Aggregating updates from 10 clients using FedDive.
2025-06-24 06:13:43,049 [INFO] [src.federated.aggregation] - FedDive: Aggregating updates from 10 clients (momentum=0.9).
2025-06-24 06:13:43,051 [INFO] [src.federated.aggregation] - FedDive: Aggregation complete.
2025-06-24 06:13:43,051 [INFO] [src.federated.server] - Global model updated with aggregated parameters.
2025-06-24 06:13:43,051 [INFO] [src.federated.server] - Evaluating updated global model...
2025-06-24 06:13:43,056 [INFO] [src.federated.server] - Round 10 completed in 0.53s. Eval Metrics: {'loss': 0.1292073928647571, 'accuracy': 0.9611111111111111}
2025-06-24 06:13:43,056 [INFO] [src.federated.server] - ===== Starting Round 11/30 =====
2025-06-24 06:13:43,056 [INFO] [src.federated.server] - Starting federated training round...
2025-06-24 06:13:43,056 [INFO] [src.federated.server] - Selected 10 clients out of 10 available (fraction=1.0, min_clients=1): ['client_9', 'client_6', 'client_5', 'client_1', 'client_8', 'client_4', 'client_3', 'client_0', 'client_2', 'client_7']
2025-06-24 06:13:43,057 [INFO] [src.federated.client] - Client client_9: Starting local training for 5 epochs. Proximal term mu=0.0.
2025-06-24 06:13:43,067 [INFO] [src.federated.client] - Client client_9 - Epoch 1/5 completed. Average Loss: 0.0542
2025-06-24 06:13:43,078 [INFO] [src.federated.client] - Client client_9 - Epoch 2/5 completed. Average Loss: 0.0371
2025-06-24 06:13:43,087 [INFO] [src.federated.client] - Client client_9 - Epoch 3/5 completed. Average Loss: 0.0266
2025-06-24 06:13:43,097 [INFO] [src.federated.client] - Client client_9 - Epoch 4/5 completed. Average Loss: 0.0179
2025-06-24 06:13:43,108 [INFO] [src.federated.client] - Client client_9 - Epoch 5/5 completed. Average Loss: 0.0149
2025-06-24 06:13:43,108 [INFO] [src.federated.client] - Client client_9: Local training finished. Processed 750 samples.
2025-06-24 06:13:43,109 [INFO] [src.federated.client] - Client client_6: Starting local training for 5 epochs. Proximal term mu=0.0.
2025-06-24 06:13:43,119 [INFO] [src.federated.client] - Client client_6 - Epoch 1/5 completed. Average Loss: 0.0614
2025-06-24 06:13:43,128 [INFO] [src.federated.client] - Client client_6 - Epoch 2/5 completed. Average Loss: 0.0411
2025-06-24 06:13:43,137 [INFO] [src.federated.client] - Client client_6 - Epoch 3/5 completed. Average Loss: 0.0283
2025-06-24 06:13:43,147 [INFO] [src.federated.client] - Client client_6 - Epoch 4/5 completed. Average Loss: 0.0229
2025-06-24 06:13:43,157 [INFO] [src.federated.client] - Client client_6 - Epoch 5/5 completed. Average Loss: 0.0191
2025-06-24 06:13:43,158 [INFO] [src.federated.client] - Client client_6: Local training finished. Processed 715 samples.
2025-06-24 06:13:43,158 [INFO] [src.federated.client] - Client client_5: Starting local training for 5 epochs. Proximal term mu=0.0.
2025-06-24 06:13:43,168 [INFO] [src.federated.client] - Client client_5 - Epoch 1/5 completed. Average Loss: 0.0753
2025-06-24 06:13:43,178 [INFO] [src.federated.client] - Client client_5 - Epoch 2/5 completed. Average Loss: 0.0473
2025-06-24 06:13:43,188 [INFO] [src.federated.client] - Client client_5 - Epoch 3/5 completed. Average Loss: 0.0274
2025-06-24 06:13:43,198 [INFO] [src.federated.client] - Client client_5 - Epoch 4/5 completed. Average Loss: 0.0213
2025-06-24 06:13:43,208 [INFO] [src.federated.client] - Client client_5 - Epoch 5/5 completed. Average Loss: 0.0190
2025-06-24 06:13:43,208 [INFO] [src.federated.client] - Client client_5: Local training finished. Processed 715 samples.
2025-06-24 06:13:43,209 [INFO] [src.federated.client] - Client client_1: Starting local training for 5 epochs. Proximal term mu=0.0.
2025-06-24 06:13:43,220 [INFO] [src.federated.client] - Client client_1 - Epoch 1/5 completed. Average Loss: 0.0436
2025-06-24 06:13:43,231 [INFO] [src.federated.client] - Client client_1 - Epoch 2/5 completed. Average Loss: 0.0302
2025-06-24 06:13:43,241 [INFO] [src.federated.client] - Client client_1 - Epoch 3/5 completed. Average Loss: 0.0227
2025-06-24 06:13:43,250 [INFO] [src.federated.client] - Client client_1 - Epoch 4/5 completed. Average Loss: 0.0190
2025-06-24 06:13:43,261 [INFO] [src.federated.client] - Client client_1 - Epoch 5/5 completed. Average Loss: 0.0160
2025-06-24 06:13:43,262 [INFO] [src.federated.client] - Client client_1: Local training finished. Processed 715 samples.
2025-06-24 06:13:43,262 [INFO] [src.federated.client] - Client client_8: Starting local training for 5 epochs. Proximal term mu=0.0.
2025-06-24 06:13:43,273 [INFO] [src.federated.client] - Client client_8 - Epoch 1/5 completed. Average Loss: 0.0376
2025-06-24 06:13:43,282 [INFO] [src.federated.client] - Client client_8 - Epoch 2/5 completed. Average Loss: 0.0286
2025-06-24 06:13:43,294 [INFO] [src.federated.client] - Client client_8 - Epoch 3/5 completed. Average Loss: 0.0218
2025-06-24 06:13:43,304 [INFO] [src.federated.client] - Client client_8 - Epoch 4/5 completed. Average Loss: 0.0184
2025-06-24 06:13:43,314 [INFO] [src.federated.client] - Client client_8 - Epoch 5/5 completed. Average Loss: 0.0160
2025-06-24 06:13:43,314 [INFO] [src.federated.client] - Client client_8: Local training finished. Processed 715 samples.
2025-06-24 06:13:43,315 [INFO] [src.federated.client] - Client client_4: Starting local training for 5 epochs. Proximal term mu=0.0.
2025-06-24 06:13:43,325 [INFO] [src.federated.client] - Client client_4 - Epoch 1/5 completed. Average Loss: 0.0403
2025-06-24 06:13:43,334 [INFO] [src.federated.client] - Client client_4 - Epoch 2/5 completed. Average Loss: 0.0303
2025-06-24 06:13:43,344 [INFO] [src.federated.client] - Client client_4 - Epoch 3/5 completed. Average Loss: 0.0253
2025-06-24 06:13:43,354 [INFO] [src.federated.client] - Client client_4 - Epoch 4/5 completed. Average Loss: 0.0213
2025-06-24 06:13:43,365 [INFO] [src.federated.client] - Client client_4 - Epoch 5/5 completed. Average Loss: 0.0182
2025-06-24 06:13:43,365 [INFO] [src.federated.client] - Client client_4: Local training finished. Processed 715 samples.
2025-06-24 06:13:43,366 [INFO] [src.federated.client] - Client client_3: Starting local training for 5 epochs. Proximal term mu=0.0.
2025-06-24 06:13:43,375 [INFO] [src.federated.client] - Client client_3 - Epoch 1/5 completed. Average Loss: 0.2285
2025-06-24 06:13:43,386 [INFO] [src.federated.client] - Client client_3 - Epoch 2/5 completed. Average Loss: 0.1665
2025-06-24 06:13:43,396 [INFO] [src.federated.client] - Client client_3 - Epoch 3/5 completed. Average Loss: 0.1306
2025-06-24 06:13:43,405 [INFO] [src.federated.client] - Client client_3 - Epoch 4/5 completed. Average Loss: 0.1031
2025-06-24 06:13:43,415 [INFO] [src.federated.client] - Client client_3 - Epoch 5/5 completed. Average Loss: 0.0801
2025-06-24 06:13:43,416 [INFO] [src.federated.client] - Client client_3: Local training finished. Processed 715 samples.
2025-06-24 06:13:43,417 [INFO] [src.federated.client] - Client client_0: Starting local training for 5 epochs. Proximal term mu=0.0.
2025-06-24 06:13:43,427 [INFO] [src.federated.client] - Client client_0 - Epoch 1/5 completed. Average Loss: 0.0476
2025-06-24 06:13:43,437 [INFO] [src.federated.client] - Client client_0 - Epoch 2/5 completed. Average Loss: 0.0326
2025-06-24 06:13:43,448 [INFO] [src.federated.client] - Client client_0 - Epoch 3/5 completed. Average Loss: 0.0217
2025-06-24 06:13:43,458 [INFO] [src.federated.client] - Client client_0 - Epoch 4/5 completed. Average Loss: 0.0167
2025-06-24 06:13:43,467 [INFO] [src.federated.client] - Client client_0 - Epoch 5/5 completed. Average Loss: 0.0148
2025-06-24 06:13:43,468 [INFO] [src.federated.client] - Client client_0: Local training finished. Processed 715 samples.
2025-06-24 06:13:43,469 [INFO] [src.federated.client] - Client client_2: Starting local training for 5 epochs. Proximal term mu=0.0.
2025-06-24 06:13:43,482 [INFO] [src.federated.client] - Client client_2 - Epoch 1/5 completed. Average Loss: 0.0536
2025-06-24 06:13:43,493 [INFO] [src.federated.client] - Client client_2 - Epoch 2/5 completed. Average Loss: 0.0340
2025-06-24 06:13:43,503 [INFO] [src.federated.client] - Client client_2 - Epoch 3/5 completed. Average Loss: 0.0252
2025-06-24 06:13:43,514 [INFO] [src.federated.client] - Client client_2 - Epoch 4/5 completed. Average Loss: 0.0201
2025-06-24 06:13:43,523 [INFO] [src.federated.client] - Client client_2 - Epoch 5/5 completed. Average Loss: 0.0177
2025-06-24 06:13:43,524 [INFO] [src.federated.client] - Client client_2: Local training finished. Processed 715 samples.
2025-06-24 06:13:43,524 [INFO] [src.federated.client] - Client client_7: Starting local training for 5 epochs. Proximal term mu=0.0.
2025-06-24 06:13:43,535 [INFO] [src.federated.client] - Client client_7 - Epoch 1/5 completed. Average Loss: 0.2132
2025-06-24 06:13:43,545 [INFO] [src.federated.client] - Client client_7 - Epoch 2/5 completed. Average Loss: 0.1609
2025-06-24 06:13:43,556 [INFO] [src.federated.client] - Client client_7 - Epoch 3/5 completed. Average Loss: 0.1111
2025-06-24 06:13:43,567 [INFO] [src.federated.client] - Client client_7 - Epoch 4/5 completed. Average Loss: 0.0741
2025-06-24 06:13:43,578 [INFO] [src.federated.client] - Client client_7 - Epoch 5/5 completed. Average Loss: 0.0578
2025-06-24 06:13:43,578 [INFO] [src.federated.client] - Client client_7: Local training finished. Processed 715 samples.
2025-06-24 06:13:43,578 [INFO] [src.federated.server] - Aggregating updates from 10 clients using FedDive.
2025-06-24 06:13:43,579 [INFO] [src.federated.aggregation] - FedDive: Aggregating updates from 10 clients (momentum=0.9).
2025-06-24 06:13:43,580 [INFO] [src.federated.aggregation] - FedDive: Aggregation complete.
2025-06-24 06:13:43,581 [INFO] [src.federated.server] - Global model updated with aggregated parameters.
2025-06-24 06:13:43,581 [INFO] [src.federated.server] - Evaluating updated global model...
2025-06-24 06:13:43,585 [INFO] [src.federated.server] - Round 11 completed in 0.53s. Eval Metrics: {'loss': 0.12271192322174708, 'accuracy': 0.9611111111111111}
2025-06-24 06:13:43,586 [INFO] [src.federated.server] - ===== Starting Round 12/30 =====
2025-06-24 06:13:43,586 [INFO] [src.federated.server] - Starting federated training round...
2025-06-24 06:13:43,586 [INFO] [src.federated.server] - Selected 10 clients out of 10 available (fraction=1.0, min_clients=1): ['client_2', 'client_9', 'client_6', 'client_4', 'client_0', 'client_3', 'client_7', 'client_8', 'client_1', 'client_5']
2025-06-24 06:13:43,587 [INFO] [src.federated.client] - Client client_2: Starting local training for 5 epochs. Proximal term mu=0.0.
2025-06-24 06:13:43,597 [INFO] [src.federated.client] - Client client_2 - Epoch 1/5 completed. Average Loss: 0.0436
2025-06-24 06:13:43,608 [INFO] [src.federated.client] - Client client_2 - Epoch 2/5 completed. Average Loss: 0.0277
2025-06-24 06:13:43,620 [INFO] [src.federated.client] - Client client_2 - Epoch 3/5 completed. Average Loss: 0.0226
2025-06-24 06:13:43,631 [INFO] [src.federated.client] - Client client_2 - Epoch 4/5 completed. Average Loss: 0.0175
2025-06-24 06:13:43,641 [INFO] [src.federated.client] - Client client_2 - Epoch 5/5 completed. Average Loss: 0.0151
2025-06-24 06:13:43,642 [INFO] [src.federated.client] - Client client_2: Local training finished. Processed 715 samples.
2025-06-24 06:13:43,643 [INFO] [src.federated.client] - Client client_9: Starting local training for 5 epochs. Proximal term mu=0.0.
2025-06-24 06:13:43,653 [INFO] [src.federated.client] - Client client_9 - Epoch 1/5 completed. Average Loss: 0.0504
2025-06-24 06:13:43,662 [INFO] [src.federated.client] - Client client_9 - Epoch 2/5 completed. Average Loss: 0.0337
2025-06-24 06:13:43,673 [INFO] [src.federated.client] - Client client_9 - Epoch 3/5 completed. Average Loss: 0.0194
2025-06-24 06:13:43,683 [INFO] [src.federated.client] - Client client_9 - Epoch 4/5 completed. Average Loss: 0.0164
2025-06-24 06:13:43,693 [INFO] [src.federated.client] - Client client_9 - Epoch 5/5 completed. Average Loss: 0.0131
2025-06-24 06:13:43,694 [INFO] [src.federated.client] - Client client_9: Local training finished. Processed 750 samples.
2025-06-24 06:13:43,694 [INFO] [src.federated.client] - Client client_6: Starting local training for 5 epochs. Proximal term mu=0.0.
2025-06-24 06:13:43,703 [INFO] [src.federated.client] - Client client_6 - Epoch 1/5 completed. Average Loss: 0.0526
2025-06-24 06:13:43,713 [INFO] [src.federated.client] - Client client_6 - Epoch 2/5 completed. Average Loss: 0.0337
2025-06-24 06:13:43,725 [INFO] [src.federated.client] - Client client_6 - Epoch 3/5 completed. Average Loss: 0.0247
2025-06-24 06:13:43,735 [INFO] [src.federated.client] - Client client_6 - Epoch 4/5 completed. Average Loss: 0.0192
2025-06-24 06:13:43,745 [INFO] [src.federated.client] - Client client_6 - Epoch 5/5 completed. Average Loss: 0.0160
2025-06-24 06:13:43,746 [INFO] [src.federated.client] - Client client_6: Local training finished. Processed 715 samples.
2025-06-24 06:13:43,746 [INFO] [src.federated.client] - Client client_4: Starting local training for 5 epochs. Proximal term mu=0.0.
2025-06-24 06:13:43,756 [INFO] [src.federated.client] - Client client_4 - Epoch 1/5 completed. Average Loss: 0.0314
2025-06-24 06:13:43,767 [INFO] [src.federated.client] - Client client_4 - Epoch 2/5 completed. Average Loss: 0.0257
2025-06-24 06:13:43,777 [INFO] [src.federated.client] - Client client_4 - Epoch 3/5 completed. Average Loss: 0.0201
2025-06-24 06:13:43,787 [INFO] [src.federated.client] - Client client_4 - Epoch 4/5 completed. Average Loss: 0.0176
2025-06-24 06:13:43,797 [INFO] [src.federated.client] - Client client_4 - Epoch 5/5 completed. Average Loss: 0.0153
2025-06-24 06:13:43,797 [INFO] [src.federated.client] - Client client_4: Local training finished. Processed 715 samples.
2025-06-24 06:13:43,798 [INFO] [src.federated.client] - Client client_0: Starting local training for 5 epochs. Proximal term mu=0.0.
2025-06-24 06:13:43,807 [INFO] [src.federated.client] - Client client_0 - Epoch 1/5 completed. Average Loss: 0.0407
2025-06-24 06:13:43,817 [INFO] [src.federated.client] - Client client_0 - Epoch 2/5 completed. Average Loss: 0.0270
2025-06-24 06:13:43,828 [INFO] [src.federated.client] - Client client_0 - Epoch 3/5 completed. Average Loss: 0.0193
2025-06-24 06:13:43,838 [INFO] [src.federated.client] - Client client_0 - Epoch 4/5 completed. Average Loss: 0.0148
2025-06-24 06:13:43,848 [INFO] [src.federated.client] - Client client_0 - Epoch 5/5 completed. Average Loss: 0.0125
2025-06-24 06:13:43,849 [INFO] [src.federated.client] - Client client_0: Local training finished. Processed 715 samples.
2025-06-24 06:13:43,849 [INFO] [src.federated.client] - Client client_3: Starting local training for 5 epochs. Proximal term mu=0.0.
2025-06-24 06:13:43,859 [INFO] [src.federated.client] - Client client_3 - Epoch 1/5 completed. Average Loss: 0.2246
2025-06-24 06:13:43,869 [INFO] [src.federated.client] - Client client_3 - Epoch 2/5 completed. Average Loss: 0.1677
2025-06-24 06:13:43,879 [INFO] [src.federated.client] - Client client_3 - Epoch 3/5 completed. Average Loss: 0.1221
2025-06-24 06:13:43,890 [INFO] [src.federated.client] - Client client_3 - Epoch 4/5 completed. Average Loss: 0.0985
2025-06-24 06:13:43,899 [INFO] [src.federated.client] - Client client_3 - Epoch 5/5 completed. Average Loss: 0.0823
2025-06-24 06:13:43,899 [INFO] [src.federated.client] - Client client_3: Local training finished. Processed 715 samples.
2025-06-24 06:13:43,900 [INFO] [src.federated.client] - Client client_7: Starting local training for 5 epochs. Proximal term mu=0.0.
2025-06-24 06:13:43,910 [INFO] [src.federated.client] - Client client_7 - Epoch 1/5 completed. Average Loss: 0.2103
2025-06-24 06:13:43,920 [INFO] [src.federated.client] - Client client_7 - Epoch 2/5 completed. Average Loss: 0.1505
2025-06-24 06:13:43,930 [INFO] [src.federated.client] - Client client_7 - Epoch 3/5 completed. Average Loss: 0.0963
2025-06-24 06:13:43,939 [INFO] [src.federated.client] - Client client_7 - Epoch 4/5 completed. Average Loss: 0.0649
2025-06-24 06:13:43,950 [INFO] [src.federated.client] - Client client_7 - Epoch 5/5 completed. Average Loss: 0.0494
2025-06-24 06:13:43,951 [INFO] [src.federated.client] - Client client_7: Local training finished. Processed 715 samples.
2025-06-24 06:13:43,951 [INFO] [src.federated.client] - Client client_8: Starting local training for 5 epochs. Proximal term mu=0.0.
2025-06-24 06:13:43,961 [INFO] [src.federated.client] - Client client_8 - Epoch 1/5 completed. Average Loss: 0.0318
2025-06-24 06:13:43,971 [INFO] [src.federated.client] - Client client_8 - Epoch 2/5 completed. Average Loss: 0.0237
2025-06-24 06:13:43,982 [INFO] [src.federated.client] - Client client_8 - Epoch 3/5 completed. Average Loss: 0.0186
2025-06-24 06:13:43,993 [INFO] [src.federated.client] - Client client_8 - Epoch 4/5 completed. Average Loss: 0.0157
2025-06-24 06:13:44,002 [INFO] [src.federated.client] - Client client_8 - Epoch 5/5 completed. Average Loss: 0.0137
2025-06-24 06:13:44,002 [INFO] [src.federated.client] - Client client_8: Local training finished. Processed 715 samples.
2025-06-24 06:13:44,003 [INFO] [src.federated.client] - Client client_1: Starting local training for 5 epochs. Proximal term mu=0.0.
2025-06-24 06:13:44,014 [INFO] [src.federated.client] - Client client_1 - Epoch 1/5 completed. Average Loss: 0.0380
2025-06-24 06:13:44,024 [INFO] [src.federated.client] - Client client_1 - Epoch 2/5 completed. Average Loss: 0.0260
2025-06-24 06:13:44,034 [INFO] [src.federated.client] - Client client_1 - Epoch 3/5 completed. Average Loss: 0.0192
2025-06-24 06:13:44,043 [INFO] [src.federated.client] - Client client_1 - Epoch 4/5 completed. Average Loss: 0.0157
2025-06-24 06:13:44,053 [INFO] [src.federated.client] - Client client_1 - Epoch 5/5 completed. Average Loss: 0.0140
2025-06-24 06:13:44,053 [INFO] [src.federated.client] - Client client_1: Local training finished. Processed 715 samples.
2025-06-24 06:13:44,054 [INFO] [src.federated.client] - Client client_5: Starting local training for 5 epochs. Proximal term mu=0.0.
2025-06-24 06:13:44,064 [INFO] [src.federated.client] - Client client_5 - Epoch 1/5 completed. Average Loss: 0.0758
2025-06-24 06:13:44,074 [INFO] [src.federated.client] - Client client_5 - Epoch 2/5 completed. Average Loss: 0.0428
2025-06-24 06:13:44,085 [INFO] [src.federated.client] - Client client_5 - Epoch 3/5 completed. Average Loss: 0.0267
2025-06-24 06:13:44,095 [INFO] [src.federated.client] - Client client_5 - Epoch 4/5 completed. Average Loss: 0.0192
2025-06-24 06:13:44,104 [INFO] [src.federated.client] - Client client_5 - Epoch 5/5 completed. Average Loss: 0.0160
2025-06-24 06:13:44,104 [INFO] [src.federated.client] - Client client_5: Local training finished. Processed 715 samples.
2025-06-24 06:13:44,104 [INFO] [src.federated.server] - Aggregating updates from 10 clients using FedDive.
2025-06-24 06:13:44,105 [INFO] [src.federated.aggregation] - FedDive: Aggregating updates from 10 clients (momentum=0.9).
2025-06-24 06:13:44,107 [INFO] [src.federated.aggregation] - FedDive: Aggregation complete.
2025-06-24 06:13:44,107 [INFO] [src.federated.server] - Global model updated with aggregated parameters.
2025-06-24 06:13:44,107 [INFO] [src.federated.server] - Evaluating updated global model...
2025-06-24 06:13:44,112 [INFO] [src.federated.server] - Round 12 completed in 0.53s. Eval Metrics: {'loss': 0.11883814434210459, 'accuracy': 0.9611111111111111}
2025-06-24 06:13:44,112 [INFO] [src.federated.server] - ===== Starting Round 13/30 =====
2025-06-24 06:13:44,112 [INFO] [src.federated.server] - Starting federated training round...
2025-06-24 06:13:44,112 [INFO] [src.federated.server] - Selected 10 clients out of 10 available (fraction=1.0, min_clients=1): ['client_8', 'client_0', 'client_1', 'client_5', 'client_4', 'client_2', 'client_6', 'client_9', 'client_7', 'client_3']
2025-06-24 06:13:44,113 [INFO] [src.federated.client] - Client client_8: Starting local training for 5 epochs. Proximal term mu=0.0.
2025-06-24 06:13:44,124 [INFO] [src.federated.client] - Client client_8 - Epoch 1/5 completed. Average Loss: 0.0267
2025-06-24 06:13:44,134 [INFO] [src.federated.client] - Client client_8 - Epoch 2/5 completed. Average Loss: 0.0199
2025-06-24 06:13:44,145 [INFO] [src.federated.client] - Client client_8 - Epoch 3/5 completed. Average Loss: 0.0157
2025-06-24 06:13:44,154 [INFO] [src.federated.client] - Client client_8 - Epoch 4/5 completed. Average Loss: 0.0131
2025-06-24 06:13:44,164 [INFO] [src.federated.client] - Client client_8 - Epoch 5/5 completed. Average Loss: 0.0116
2025-06-24 06:13:44,165 [INFO] [src.federated.client] - Client client_8: Local training finished. Processed 715 samples.
2025-06-24 06:13:44,165 [INFO] [src.federated.client] - Client client_0: Starting local training for 5 epochs. Proximal term mu=0.0.
2025-06-24 06:13:44,176 [INFO] [src.federated.client] - Client client_0 - Epoch 1/5 completed. Average Loss: 0.0347
2025-06-24 06:13:44,186 [INFO] [src.federated.client] - Client client_0 - Epoch 2/5 completed. Average Loss: 0.0231
2025-06-24 06:13:44,196 [INFO] [src.federated.client] - Client client_0 - Epoch 3/5 completed. Average Loss: 0.0159
2025-06-24 06:13:44,206 [INFO] [src.federated.client] - Client client_0 - Epoch 4/5 completed. Average Loss: 0.0123
2025-06-24 06:13:44,217 [INFO] [src.federated.client] - Client client_0 - Epoch 5/5 completed. Average Loss: 0.0106
2025-06-24 06:13:44,217 [INFO] [src.federated.client] - Client client_0: Local training finished. Processed 715 samples.
2025-06-24 06:13:44,218 [INFO] [src.federated.client] - Client client_1: Starting local training for 5 epochs. Proximal term mu=0.0.
2025-06-24 06:13:44,227 [INFO] [src.federated.client] - Client client_1 - Epoch 1/5 completed. Average Loss: 0.0320
2025-06-24 06:13:44,239 [INFO] [src.federated.client] - Client client_1 - Epoch 2/5 completed. Average Loss: 0.0229
2025-06-24 06:13:44,250 [INFO] [src.federated.client] - Client client_1 - Epoch 3/5 completed. Average Loss: 0.0159
2025-06-24 06:13:44,261 [INFO] [src.federated.client] - Client client_1 - Epoch 4/5 completed. Average Loss: 0.0131
2025-06-24 06:13:44,273 [INFO] [src.federated.client] - Client client_1 - Epoch 5/5 completed. Average Loss: 0.0116
2025-06-24 06:13:44,274 [INFO] [src.federated.client] - Client client_1: Local training finished. Processed 715 samples.
2025-06-24 06:13:44,275 [INFO] [src.federated.client] - Client client_5: Starting local training for 5 epochs. Proximal term mu=0.0.
2025-06-24 06:13:44,285 [INFO] [src.federated.client] - Client client_5 - Epoch 1/5 completed. Average Loss: 0.0695
2025-06-24 06:13:44,295 [INFO] [src.federated.client] - Client client_5 - Epoch 2/5 completed. Average Loss: 0.0389
2025-06-24 06:13:44,307 [INFO] [src.federated.client] - Client client_5 - Epoch 3/5 completed. Average Loss: 0.0232
2025-06-24 06:13:44,319 [INFO] [src.federated.client] - Client client_5 - Epoch 4/5 completed. Average Loss: 0.0174
2025-06-24 06:13:44,331 [INFO] [src.federated.client] - Client client_5 - Epoch 5/5 completed. Average Loss: 0.0140
2025-06-24 06:13:44,331 [INFO] [src.federated.client] - Client client_5: Local training finished. Processed 715 samples.
2025-06-24 06:13:44,332 [INFO] [src.federated.client] - Client client_4: Starting local training for 5 epochs. Proximal term mu=0.0.
2025-06-24 06:13:44,342 [INFO] [src.federated.client] - Client client_4 - Epoch 1/5 completed. Average Loss: 0.0273
2025-06-24 06:13:44,351 [INFO] [src.federated.client] - Client client_4 - Epoch 2/5 completed. Average Loss: 0.0217
2025-06-24 06:13:44,362 [INFO] [src.federated.client] - Client client_4 - Epoch 3/5 completed. Average Loss: 0.0178
2025-06-24 06:13:44,371 [INFO] [src.federated.client] - Client client_4 - Epoch 4/5 completed. Average Loss: 0.0148
2025-06-24 06:13:44,382 [INFO] [src.federated.client] - Client client_4 - Epoch 5/5 completed. Average Loss: 0.0128
2025-06-24 06:13:44,382 [INFO] [src.federated.client] - Client client_4: Local training finished. Processed 715 samples.
2025-06-24 06:13:44,383 [INFO] [src.federated.client] - Client client_2: Starting local training for 5 epochs. Proximal term mu=0.0.
2025-06-24 06:13:44,392 [INFO] [src.federated.client] - Client client_2 - Epoch 1/5 completed. Average Loss: 0.0349
2025-06-24 06:13:44,402 [INFO] [src.federated.client] - Client client_2 - Epoch 2/5 completed. Average Loss: 0.0262
2025-06-24 06:13:44,413 [INFO] [src.federated.client] - Client client_2 - Epoch 3/5 completed. Average Loss: 0.0176
2025-06-24 06:13:44,423 [INFO] [src.federated.client] - Client client_2 - Epoch 4/5 completed. Average Loss: 0.0145
2025-06-24 06:13:44,434 [INFO] [src.federated.client] - Client client_2 - Epoch 5/5 completed. Average Loss: 0.0123
2025-06-24 06:13:44,434 [INFO] [src.federated.client] - Client client_2: Local training finished. Processed 715 samples.
2025-06-24 06:13:44,435 [INFO] [src.federated.client] - Client client_6: Starting local training for 5 epochs. Proximal term mu=0.0.
2025-06-24 06:13:44,446 [INFO] [src.federated.client] - Client client_6 - Epoch 1/5 completed. Average Loss: 0.0436
2025-06-24 06:13:44,456 [INFO] [src.federated.client] - Client client_6 - Epoch 2/5 completed. Average Loss: 0.0297
2025-06-24 06:13:44,466 [INFO] [src.federated.client] - Client client_6 - Epoch 3/5 completed. Average Loss: 0.0209
2025-06-24 06:13:44,475 [INFO] [src.federated.client] - Client client_6 - Epoch 4/5 completed. Average Loss: 0.0160
2025-06-24 06:13:44,486 [INFO] [src.federated.client] - Client client_6 - Epoch 5/5 completed. Average Loss: 0.0136
2025-06-24 06:13:44,486 [INFO] [src.federated.client] - Client client_6: Local training finished. Processed 715 samples.
2025-06-24 06:13:44,487 [INFO] [src.federated.client] - Client client_9: Starting local training for 5 epochs. Proximal term mu=0.0.
2025-06-24 06:13:44,497 [INFO] [src.federated.client] - Client client_9 - Epoch 1/5 completed. Average Loss: 0.0447
2025-06-24 06:13:44,506 [INFO] [src.federated.client] - Client client_9 - Epoch 2/5 completed. Average Loss: 0.0358
2025-06-24 06:13:44,516 [INFO] [src.federated.client] - Client client_9 - Epoch 3/5 completed. Average Loss: 0.0172
2025-06-24 06:13:44,526 [INFO] [src.federated.client] - Client client_9 - Epoch 4/5 completed. Average Loss: 0.0144
2025-06-24 06:13:44,536 [INFO] [src.federated.client] - Client client_9 - Epoch 5/5 completed. Average Loss: 0.0115
2025-06-24 06:13:44,537 [INFO] [src.federated.client] - Client client_9: Local training finished. Processed 750 samples.
2025-06-24 06:13:44,538 [INFO] [src.federated.client] - Client client_7: Starting local training for 5 epochs. Proximal term mu=0.0.
2025-06-24 06:13:44,548 [INFO] [src.federated.client] - Client client_7 - Epoch 1/5 completed. Average Loss: 0.2087
2025-06-24 06:13:44,557 [INFO] [src.federated.client] - Client client_7 - Epoch 2/5 completed. Average Loss: 0.1487
2025-06-24 06:13:44,569 [INFO] [src.federated.client] - Client client_7 - Epoch 3/5 completed. Average Loss: 0.1034
2025-06-24 06:13:44,579 [INFO] [src.federated.client] - Client client_7 - Epoch 4/5 completed. Average Loss: 0.0693
2025-06-24 06:13:44,589 [INFO] [src.federated.client] - Client client_7 - Epoch 5/5 completed. Average Loss: 0.0488
2025-06-24 06:13:44,590 [INFO] [src.federated.client] - Client client_7: Local training finished. Processed 715 samples.
2025-06-24 06:13:44,590 [INFO] [src.federated.client] - Client client_3: Starting local training for 5 epochs. Proximal term mu=0.0.
2025-06-24 06:13:44,600 [INFO] [src.federated.client] - Client client_3 - Epoch 1/5 completed. Average Loss: 0.2172
2025-06-24 06:13:44,610 [INFO] [src.federated.client] - Client client_3 - Epoch 2/5 completed. Average Loss: 0.1623
2025-06-24 06:13:44,619 [INFO] [src.federated.client] - Client client_3 - Epoch 3/5 completed. Average Loss: 0.1147
2025-06-24 06:13:44,630 [INFO] [src.federated.client] - Client client_3 - Epoch 4/5 completed. Average Loss: 0.0970
2025-06-24 06:13:44,640 [INFO] [src.federated.client] - Client client_3 - Epoch 5/5 completed. Average Loss: 0.0702
2025-06-24 06:13:44,641 [INFO] [src.federated.client] - Client client_3: Local training finished. Processed 715 samples.
2025-06-24 06:13:44,641 [INFO] [src.federated.server] - Aggregating updates from 10 clients using FedDive.
2025-06-24 06:13:44,641 [INFO] [src.federated.aggregation] - FedDive: Aggregating updates from 10 clients (momentum=0.9).
2025-06-24 06:13:44,643 [INFO] [src.federated.aggregation] - FedDive: Aggregation complete.
2025-06-24 06:13:44,643 [INFO] [src.federated.server] - Global model updated with aggregated parameters.
2025-06-24 06:13:44,644 [INFO] [src.federated.server] - Evaluating updated global model...
2025-06-24 06:13:44,648 [INFO] [src.federated.server] - Round 13 completed in 0.54s. Eval Metrics: {'loss': 0.11412155661318037, 'accuracy': 0.9611111111111111}
2025-06-24 06:13:44,648 [INFO] [src.federated.server] - ===== Starting Round 14/30 =====
2025-06-24 06:13:44,648 [INFO] [src.federated.server] - Starting federated training round...
2025-06-24 06:13:44,648 [INFO] [src.federated.server] - Selected 10 clients out of 10 available (fraction=1.0, min_clients=1): ['client_2', 'client_7', 'client_0', 'client_5', 'client_6', 'client_9', 'client_1', 'client_4', 'client_8', 'client_3']
2025-06-24 06:13:44,649 [INFO] [src.federated.client] - Client client_2: Starting local training for 5 epochs. Proximal term mu=0.0.
2025-06-24 06:13:44,659 [INFO] [src.federated.client] - Client client_2 - Epoch 1/5 completed. Average Loss: 0.0292
2025-06-24 06:13:44,670 [INFO] [src.federated.client] - Client client_2 - Epoch 2/5 completed. Average Loss: 0.0197
2025-06-24 06:13:44,682 [INFO] [src.federated.client] - Client client_2 - Epoch 3/5 completed. Average Loss: 0.0146
2025-06-24 06:13:44,691 [INFO] [src.federated.client] - Client client_2 - Epoch 4/5 completed. Average Loss: 0.0125
2025-06-24 06:13:44,703 [INFO] [src.federated.client] - Client client_2 - Epoch 5/5 completed. Average Loss: 0.0108
2025-06-24 06:13:44,703 [INFO] [src.federated.client] - Client client_2: Local training finished. Processed 715 samples.
2025-06-24 06:13:44,704 [INFO] [src.federated.client] - Client client_7: Starting local training for 5 epochs. Proximal term mu=0.0.
2025-06-24 06:13:44,714 [INFO] [src.federated.client] - Client client_7 - Epoch 1/5 completed. Average Loss: 0.2070
2025-06-24 06:13:44,725 [INFO] [src.federated.client] - Client client_7 - Epoch 2/5 completed. Average Loss: 0.1433
2025-06-24 06:13:44,736 [INFO] [src.federated.client] - Client client_7 - Epoch 3/5 completed. Average Loss: 0.0904
2025-06-24 06:13:44,746 [INFO] [src.federated.client] - Client client_7 - Epoch 4/5 completed. Average Loss: 0.0629
2025-06-24 06:13:44,756 [INFO] [src.federated.client] - Client client_7 - Epoch 5/5 completed. Average Loss: 0.0401
2025-06-24 06:13:44,757 [INFO] [src.federated.client] - Client client_7: Local training finished. Processed 715 samples.
2025-06-24 06:13:44,757 [INFO] [src.federated.client] - Client client_0: Starting local training for 5 epochs. Proximal term mu=0.0.
2025-06-24 06:13:44,767 [INFO] [src.federated.client] - Client client_0 - Epoch 1/5 completed. Average Loss: 0.0293
2025-06-24 06:13:44,780 [INFO] [src.federated.client] - Client client_0 - Epoch 2/5 completed. Average Loss: 0.0219
2025-06-24 06:13:44,792 [INFO] [src.federated.client] - Client client_0 - Epoch 3/5 completed. Average Loss: 0.0127
2025-06-24 06:13:44,802 [INFO] [src.federated.client] - Client client_0 - Epoch 4/5 completed. Average Loss: 0.0105
2025-06-24 06:13:44,813 [INFO] [src.federated.client] - Client client_0 - Epoch 5/5 completed. Average Loss: 0.0094
2025-06-24 06:13:44,813 [INFO] [src.federated.client] - Client client_0: Local training finished. Processed 715 samples.
2025-06-24 06:13:44,814 [INFO] [src.federated.client] - Client client_5: Starting local training for 5 epochs. Proximal term mu=0.0.
2025-06-24 06:13:44,826 [INFO] [src.federated.client] - Client client_5 - Epoch 1/5 completed. Average Loss: 0.0660
2025-06-24 06:13:44,836 [INFO] [src.federated.client] - Client client_5 - Epoch 2/5 completed. Average Loss: 0.0362
2025-06-24 06:13:44,846 [INFO] [src.federated.client] - Client client_5 - Epoch 3/5 completed. Average Loss: 0.0228
2025-06-24 06:13:44,856 [INFO] [src.federated.client] - Client client_5 - Epoch 4/5 completed. Average Loss: 0.0149
2025-06-24 06:13:44,868 [INFO] [src.federated.client] - Client client_5 - Epoch 5/5 completed. Average Loss: 0.0124
2025-06-24 06:13:44,868 [INFO] [src.federated.client] - Client client_5: Local training finished. Processed 715 samples.
2025-06-24 06:13:44,869 [INFO] [src.federated.client] - Client client_6: Starting local training for 5 epochs. Proximal term mu=0.0.
2025-06-24 06:13:44,880 [INFO] [src.federated.client] - Client client_6 - Epoch 1/5 completed. Average Loss: 0.0371
2025-06-24 06:13:44,889 [INFO] [src.federated.client] - Client client_6 - Epoch 2/5 completed. Average Loss: 0.0260
2025-06-24 06:13:44,899 [INFO] [src.federated.client] - Client client_6 - Epoch 3/5 completed. Average Loss: 0.0175
2025-06-24 06:13:44,910 [INFO] [src.federated.client] - Client client_6 - Epoch 4/5 completed. Average Loss: 0.0139
2025-06-24 06:13:44,919 [INFO] [src.federated.client] - Client client_6 - Epoch 5/5 completed. Average Loss: 0.0118
2025-06-24 06:13:44,920 [INFO] [src.federated.client] - Client client_6: Local training finished. Processed 715 samples.
2025-06-24 06:13:44,921 [INFO] [src.federated.client] - Client client_9: Starting local training for 5 epochs. Proximal term mu=0.0.
2025-06-24 06:13:44,931 [INFO] [src.federated.client] - Client client_9 - Epoch 1/5 completed. Average Loss: 0.0423
2025-06-24 06:13:44,942 [INFO] [src.federated.client] - Client client_9 - Epoch 2/5 completed. Average Loss: 0.0283
2025-06-24 06:13:44,951 [INFO] [src.federated.client] - Client client_9 - Epoch 3/5 completed. Average Loss: 0.0172
2025-06-24 06:13:44,961 [INFO] [src.federated.client] - Client client_9 - Epoch 4/5 completed. Average Loss: 0.0136
2025-06-24 06:13:44,970 [INFO] [src.federated.client] - Client client_9 - Epoch 5/5 completed. Average Loss: 0.0107
2025-06-24 06:13:44,971 [INFO] [src.federated.client] - Client client_9: Local training finished. Processed 750 samples.
2025-06-24 06:13:44,972 [INFO] [src.federated.client] - Client client_1: Starting local training for 5 epochs. Proximal term mu=0.0.
2025-06-24 06:13:44,983 [INFO] [src.federated.client] - Client client_1 - Epoch 1/5 completed. Average Loss: 0.0275
2025-06-24 06:13:44,992 [INFO] [src.federated.client] - Client client_1 - Epoch 2/5 completed. Average Loss: 0.0189
2025-06-24 06:13:45,002 [INFO] [src.federated.client] - Client client_1 - Epoch 3/5 completed. Average Loss: 0.0140
2025-06-24 06:13:45,013 [INFO] [src.federated.client] - Client client_1 - Epoch 4/5 completed. Average Loss: 0.0119
2025-06-24 06:13:45,023 [INFO] [src.federated.client] - Client client_1 - Epoch 5/5 completed. Average Loss: 0.0100
2025-06-24 06:13:45,024 [INFO] [src.federated.client] - Client client_1: Local training finished. Processed 715 samples.
2025-06-24 06:13:45,024 [INFO] [src.federated.client] - Client client_4: Starting local training for 5 epochs. Proximal term mu=0.0.
2025-06-24 06:13:45,033 [INFO] [src.federated.client] - Client client_4 - Epoch 1/5 completed. Average Loss: 0.0242
2025-06-24 06:13:45,045 [INFO] [src.federated.client] - Client client_4 - Epoch 2/5 completed. Average Loss: 0.0192
2025-06-24 06:13:45,054 [INFO] [src.federated.client] - Client client_4 - Epoch 3/5 completed. Average Loss: 0.0151
2025-06-24 06:13:45,067 [INFO] [src.federated.client] - Client client_4 - Epoch 4/5 completed. Average Loss: 0.0128
2025-06-24 06:13:45,077 [INFO] [src.federated.client] - Client client_4 - Epoch 5/5 completed. Average Loss: 0.0112
2025-06-24 06:13:45,077 [INFO] [src.federated.client] - Client client_4: Local training finished. Processed 715 samples.
2025-06-24 06:13:45,078 [INFO] [src.federated.client] - Client client_8: Starting local training for 5 epochs. Proximal term mu=0.0.
2025-06-24 06:13:45,088 [INFO] [src.federated.client] - Client client_8 - Epoch 1/5 completed. Average Loss: 0.0221
2025-06-24 06:13:45,098 [INFO] [src.federated.client] - Client client_8 - Epoch 2/5 completed. Average Loss: 0.0171
2025-06-24 06:13:45,109 [INFO] [src.federated.client] - Client client_8 - Epoch 3/5 completed. Average Loss: 0.0132
2025-06-24 06:13:45,118 [INFO] [src.federated.client] - Client client_8 - Epoch 4/5 completed. Average Loss: 0.0113
2025-06-24 06:13:45,130 [INFO] [src.federated.client] - Client client_8 - Epoch 5/5 completed. Average Loss: 0.0099
2025-06-24 06:13:45,131 [INFO] [src.federated.client] - Client client_8: Local training finished. Processed 715 samples.
2025-06-24 06:13:45,132 [INFO] [src.federated.client] - Client client_3: Starting local training for 5 epochs. Proximal term mu=0.0.
2025-06-24 06:13:45,141 [INFO] [src.federated.client] - Client client_3 - Epoch 1/5 completed. Average Loss: 0.2137
2025-06-24 06:13:45,151 [INFO] [src.federated.client] - Client client_3 - Epoch 2/5 completed. Average Loss: 0.1523
2025-06-24 06:13:45,162 [INFO] [src.federated.client] - Client client_3 - Epoch 3/5 completed. Average Loss: 0.1166
2025-06-24 06:13:45,173 [INFO] [src.federated.client] - Client client_3 - Epoch 4/5 completed. Average Loss: 0.0871
2025-06-24 06:13:45,183 [INFO] [src.federated.client] - Client client_3 - Epoch 5/5 completed. Average Loss: 0.0668
2025-06-24 06:13:45,183 [INFO] [src.federated.client] - Client client_3: Local training finished. Processed 715 samples.
2025-06-24 06:13:45,184 [INFO] [src.federated.server] - Aggregating updates from 10 clients using FedDive.
2025-06-24 06:13:45,184 [INFO] [src.federated.aggregation] - FedDive: Aggregating updates from 10 clients (momentum=0.9).
2025-06-24 06:13:45,185 [INFO] [src.federated.aggregation] - FedDive: Aggregation complete.
2025-06-24 06:13:45,186 [INFO] [src.federated.server] - Global model updated with aggregated parameters.
2025-06-24 06:13:45,186 [INFO] [src.federated.server] - Evaluating updated global model...
2025-06-24 06:13:45,190 [INFO] [src.federated.server] - Round 14 completed in 0.54s. Eval Metrics: {'loss': 0.11075743022892211, 'accuracy': 0.9638888888888889}
2025-06-24 06:13:45,191 [INFO] [src.federated.server] - ===== Starting Round 15/30 =====
2025-06-24 06:13:45,191 [INFO] [src.federated.server] - Starting federated training round...
2025-06-24 06:13:45,191 [INFO] [src.federated.server] - Selected 10 clients out of 10 available (fraction=1.0, min_clients=1): ['client_8', 'client_3', 'client_2', 'client_7', 'client_1', 'client_4', 'client_0', 'client_6', 'client_5', 'client_9']
2025-06-24 06:13:45,192 [INFO] [src.federated.client] - Client client_8: Starting local training for 5 epochs. Proximal term mu=0.0.
2025-06-24 06:13:45,202 [INFO] [src.federated.client] - Client client_8 - Epoch 1/5 completed. Average Loss: 0.0191
2025-06-24 06:13:45,212 [INFO] [src.federated.client] - Client client_8 - Epoch 2/5 completed. Average Loss: 0.0143
2025-06-24 06:13:45,223 [INFO] [src.federated.client] - Client client_8 - Epoch 3/5 completed. Average Loss: 0.0117
2025-06-24 06:13:45,233 [INFO] [src.federated.client] - Client client_8 - Epoch 4/5 completed. Average Loss: 0.0097
2025-06-24 06:13:45,242 [INFO] [src.federated.client] - Client client_8 - Epoch 5/5 completed. Average Loss: 0.0087
2025-06-24 06:13:45,243 [INFO] [src.federated.client] - Client client_8: Local training finished. Processed 715 samples.
2025-06-24 06:13:45,243 [INFO] [src.federated.client] - Client client_3: Starting local training for 5 epochs. Proximal term mu=0.0.
2025-06-24 06:13:45,254 [INFO] [src.federated.client] - Client client_3 - Epoch 1/5 completed. Average Loss: 0.2036
2025-06-24 06:13:45,264 [INFO] [src.federated.client] - Client client_3 - Epoch 2/5 completed. Average Loss: 0.1480
2025-06-24 06:13:45,274 [INFO] [src.federated.client] - Client client_3 - Epoch 3/5 completed. Average Loss: 0.1019
2025-06-24 06:13:45,284 [INFO] [src.federated.client] - Client client_3 - Epoch 4/5 completed. Average Loss: 0.0820
2025-06-24 06:13:45,296 [INFO] [src.federated.client] - Client client_3 - Epoch 5/5 completed. Average Loss: 0.0643
2025-06-24 06:13:45,297 [INFO] [src.federated.client] - Client client_3: Local training finished. Processed 715 samples.
2025-06-24 06:13:45,297 [INFO] [src.federated.client] - Client client_2: Starting local training for 5 epochs. Proximal term mu=0.0.
2025-06-24 06:13:45,308 [INFO] [src.federated.client] - Client client_2 - Epoch 1/5 completed. Average Loss: 0.0255
2025-06-24 06:13:45,318 [INFO] [src.federated.client] - Client client_2 - Epoch 2/5 completed. Average Loss: 0.0169
2025-06-24 06:13:45,328 [INFO] [src.federated.client] - Client client_2 - Epoch 3/5 completed. Average Loss: 0.0129
2025-06-24 06:13:45,339 [INFO] [src.federated.client] - Client client_2 - Epoch 4/5 completed. Average Loss: 0.0109
2025-06-24 06:13:45,351 [INFO] [src.federated.client] - Client client_2 - Epoch 5/5 completed. Average Loss: 0.0094
2025-06-24 06:13:45,351 [INFO] [src.federated.client] - Client client_2: Local training finished. Processed 715 samples.
2025-06-24 06:13:45,352 [INFO] [src.federated.client] - Client client_7: Starting local training for 5 epochs. Proximal term mu=0.0.
2025-06-24 06:13:45,361 [INFO] [src.federated.client] - Client client_7 - Epoch 1/5 completed. Average Loss: 0.2017
2025-06-24 06:13:45,371 [INFO] [src.federated.client] - Client client_7 - Epoch 2/5 completed. Average Loss: 0.1356
2025-06-24 06:13:45,381 [INFO] [src.federated.client] - Client client_7 - Epoch 3/5 completed. Average Loss: 0.0884
2025-06-24 06:13:45,390 [INFO] [src.federated.client] - Client client_7 - Epoch 4/5 completed. Average Loss: 0.0579
2025-06-24 06:13:45,401 [INFO] [src.federated.client] - Client client_7 - Epoch 5/5 completed. Average Loss: 0.0402
2025-06-24 06:13:45,402 [INFO] [src.federated.client] - Client client_7: Local training finished. Processed 715 samples.
2025-06-24 06:13:45,402 [INFO] [src.federated.client] - Client client_1: Starting local training for 5 epochs. Proximal term mu=0.0.
2025-06-24 06:13:45,412 [INFO] [src.federated.client] - Client client_1 - Epoch 1/5 completed. Average Loss: 0.0240
2025-06-24 06:13:45,422 [INFO] [src.federated.client] - Client client_1 - Epoch 2/5 completed. Average Loss: 0.0167
2025-06-24 06:13:45,432 [INFO] [src.federated.client] - Client client_1 - Epoch 3/5 completed. Average Loss: 0.0118
2025-06-24 06:13:45,443 [INFO] [src.federated.client] - Client client_1 - Epoch 4/5 completed. Average Loss: 0.0101
2025-06-24 06:13:45,452 [INFO] [src.federated.client] - Client client_1 - Epoch 5/5 completed. Average Loss: 0.0091
2025-06-24 06:13:45,452 [INFO] [src.federated.client] - Client client_1: Local training finished. Processed 715 samples.
2025-06-24 06:13:45,453 [INFO] [src.federated.client] - Client client_4: Starting local training for 5 epochs. Proximal term mu=0.0.
2025-06-24 06:13:45,464 [INFO] [src.federated.client] - Client client_4 - Epoch 1/5 completed. Average Loss: 0.0208
2025-06-24 06:13:45,474 [INFO] [src.federated.client] - Client client_4 - Epoch 2/5 completed. Average Loss: 0.0163
2025-06-24 06:13:45,486 [INFO] [src.federated.client] - Client client_4 - Epoch 3/5 completed. Average Loss: 0.0132
2025-06-24 06:13:45,497 [INFO] [src.federated.client] - Client client_4 - Epoch 4/5 completed. Average Loss: 0.0114
2025-06-24 06:13:45,508 [INFO] [src.federated.client] - Client client_4 - Epoch 5/5 completed. Average Loss: 0.0100
2025-06-24 06:13:45,508 [INFO] [src.federated.client] - Client client_4: Local training finished. Processed 715 samples.
2025-06-24 06:13:45,509 [INFO] [src.federated.client] - Client client_0: Starting local training for 5 epochs. Proximal term mu=0.0.
2025-06-24 06:13:45,525 [INFO] [src.federated.client] - Client client_0 - Epoch 1/5 completed. Average Loss: 0.0252
2025-06-24 06:13:45,535 [INFO] [src.federated.client] - Client client_0 - Epoch 2/5 completed. Average Loss: 0.0164
2025-06-24 06:13:45,546 [INFO] [src.federated.client] - Client client_0 - Epoch 3/5 completed. Average Loss: 0.0113
2025-06-24 06:13:45,558 [INFO] [src.federated.client] - Client client_0 - Epoch 4/5 completed. Average Loss: 0.0094
2025-06-24 06:13:45,569 [INFO] [src.federated.client] - Client client_0 - Epoch 5/5 completed. Average Loss: 0.0084
2025-06-24 06:13:45,569 [INFO] [src.federated.client] - Client client_0: Local training finished. Processed 715 samples.
2025-06-24 06:13:45,570 [INFO] [src.federated.client] - Client client_6: Starting local training for 5 epochs. Proximal term mu=0.0.
2025-06-24 06:13:45,580 [INFO] [src.federated.client] - Client client_6 - Epoch 1/5 completed. Average Loss: 0.0328
2025-06-24 06:13:45,590 [INFO] [src.federated.client] - Client client_6 - Epoch 2/5 completed. Average Loss: 0.0210
2025-06-24 06:13:45,601 [INFO] [src.federated.client] - Client client_6 - Epoch 3/5 completed. Average Loss: 0.0152
2025-06-24 06:13:45,611 [INFO] [src.federated.client] - Client client_6 - Epoch 4/5 completed. Average Loss: 0.0118
2025-06-24 06:13:45,621 [INFO] [src.federated.client] - Client client_6 - Epoch 5/5 completed. Average Loss: 0.0099
2025-06-24 06:13:45,622 [INFO] [src.federated.client] - Client client_6: Local training finished. Processed 715 samples.
2025-06-24 06:13:45,622 [INFO] [src.federated.client] - Client client_5: Starting local training for 5 epochs. Proximal term mu=0.0.
2025-06-24 06:13:45,632 [INFO] [src.federated.client] - Client client_5 - Epoch 1/5 completed. Average Loss: 0.0633
2025-06-24 06:13:45,642 [INFO] [src.federated.client] - Client client_5 - Epoch 2/5 completed. Average Loss: 0.0386
2025-06-24 06:13:45,652 [INFO] [src.federated.client] - Client client_5 - Epoch 3/5 completed. Average Loss: 0.0173
2025-06-24 06:13:45,662 [INFO] [src.federated.client] - Client client_5 - Epoch 4/5 completed. Average Loss: 0.0130
2025-06-24 06:13:45,675 [INFO] [src.federated.client] - Client client_5 - Epoch 5/5 completed. Average Loss: 0.0108
2025-06-24 06:13:45,675 [INFO] [src.federated.client] - Client client_5: Local training finished. Processed 715 samples.
2025-06-24 06:13:45,676 [INFO] [src.federated.client] - Client client_9: Starting local training for 5 epochs. Proximal term mu=0.0.
2025-06-24 06:13:45,688 [INFO] [src.federated.client] - Client client_9 - Epoch 1/5 completed. Average Loss: 0.0385
2025-06-24 06:13:45,697 [INFO] [src.federated.client] - Client client_9 - Epoch 2/5 completed. Average Loss: 0.0212
2025-06-24 06:13:45,710 [INFO] [src.federated.client] - Client client_9 - Epoch 3/5 completed. Average Loss: 0.0134
2025-06-24 06:13:45,720 [INFO] [src.federated.client] - Client client_9 - Epoch 4/5 completed. Average Loss: 0.0120
2025-06-24 06:13:45,729 [INFO] [src.federated.client] - Client client_9 - Epoch 5/5 completed. Average Loss: 0.0104
2025-06-24 06:13:45,729 [INFO] [src.federated.client] - Client client_9: Local training finished. Processed 750 samples.
2025-06-24 06:13:45,729 [INFO] [src.federated.server] - Aggregating updates from 10 clients using FedDive.
2025-06-24 06:13:45,729 [INFO] [src.federated.aggregation] - FedDive: Aggregating updates from 10 clients (momentum=0.9).
2025-06-24 06:13:45,731 [INFO] [src.federated.aggregation] - FedDive: Aggregation complete.
2025-06-24 06:13:45,732 [INFO] [src.federated.server] - Global model updated with aggregated parameters.
2025-06-24 06:13:45,732 [INFO] [src.federated.server] - Evaluating updated global model...
2025-06-24 06:13:45,737 [INFO] [src.federated.server] - Round 15 completed in 0.55s. Eval Metrics: {'loss': 0.10851324887739287, 'accuracy': 0.9638888888888889}
2025-06-24 06:13:45,737 [INFO] [src.federated.server] - ===== Starting Round 16/30 =====
2025-06-24 06:13:45,737 [INFO] [src.federated.server] - Starting federated training round...
2025-06-24 06:13:45,737 [INFO] [src.federated.server] - Selected 10 clients out of 10 available (fraction=1.0, min_clients=1): ['client_0', 'client_1', 'client_5', 'client_6', 'client_2', 'client_8', 'client_9', 'client_3', 'client_7', 'client_4']
2025-06-24 06:13:45,738 [INFO] [src.federated.client] - Client client_0: Starting local training for 5 epochs. Proximal term mu=0.0.
2025-06-24 06:13:45,749 [INFO] [src.federated.client] - Client client_0 - Epoch 1/5 completed. Average Loss: 0.0236
2025-06-24 06:13:45,759 [INFO] [src.federated.client] - Client client_0 - Epoch 2/5 completed. Average Loss: 0.0149
2025-06-24 06:13:45,769 [INFO] [src.federated.client] - Client client_0 - Epoch 3/5 completed. Average Loss: 0.0102
2025-06-24 06:13:45,780 [INFO] [src.federated.client] - Client client_0 - Epoch 4/5 completed. Average Loss: 0.0083
2025-06-24 06:13:45,790 [INFO] [src.federated.client] - Client client_0 - Epoch 5/5 completed. Average Loss: 0.0069
2025-06-24 06:13:45,790 [INFO] [src.federated.client] - Client client_0: Local training finished. Processed 715 samples.
2025-06-24 06:13:45,791 [INFO] [src.federated.client] - Client client_1: Starting local training for 5 epochs. Proximal term mu=0.0.
2025-06-24 06:13:45,802 [INFO] [src.federated.client] - Client client_1 - Epoch 1/5 completed. Average Loss: 0.0214
2025-06-24 06:13:45,811 [INFO] [src.federated.client] - Client client_1 - Epoch 2/5 completed. Average Loss: 0.0157
2025-06-24 06:13:45,821 [INFO] [src.federated.client] - Client client_1 - Epoch 3/5 completed. Average Loss: 0.0111
2025-06-24 06:13:45,832 [INFO] [src.federated.client] - Client client_1 - Epoch 4/5 completed. Average Loss: 0.0090
2025-06-24 06:13:45,841 [INFO] [src.federated.client] - Client client_1 - Epoch 5/5 completed. Average Loss: 0.0077
2025-06-24 06:13:45,841 [INFO] [src.federated.client] - Client client_1: Local training finished. Processed 715 samples.
2025-06-24 06:13:45,842 [INFO] [src.federated.client] - Client client_5: Starting local training for 5 epochs. Proximal term mu=0.0.
2025-06-24 06:13:45,852 [INFO] [src.federated.client] - Client client_5 - Epoch 1/5 completed. Average Loss: 0.0590
2025-06-24 06:13:45,862 [INFO] [src.federated.client] - Client client_5 - Epoch 2/5 completed. Average Loss: 0.0288
2025-06-24 06:13:45,872 [INFO] [src.federated.client] - Client client_5 - Epoch 3/5 completed. Average Loss: 0.0153
2025-06-24 06:13:45,883 [INFO] [src.federated.client] - Client client_5 - Epoch 4/5 completed. Average Loss: 0.0115
2025-06-24 06:13:45,893 [INFO] [src.federated.client] - Client client_5 - Epoch 5/5 completed. Average Loss: 0.0094
2025-06-24 06:13:45,894 [INFO] [src.federated.client] - Client client_5: Local training finished. Processed 715 samples.
2025-06-24 06:13:45,895 [INFO] [src.federated.client] - Client client_6: Starting local training for 5 epochs. Proximal term mu=0.0.
2025-06-24 06:13:45,905 [INFO] [src.federated.client] - Client client_6 - Epoch 1/5 completed. Average Loss: 0.0270
2025-06-24 06:13:45,916 [INFO] [src.federated.client] - Client client_6 - Epoch 2/5 completed. Average Loss: 0.0167
2025-06-24 06:13:45,926 [INFO] [src.federated.client] - Client client_6 - Epoch 3/5 completed. Average Loss: 0.0131
2025-06-24 06:13:45,936 [INFO] [src.federated.client] - Client client_6 - Epoch 4/5 completed. Average Loss: 0.0107
2025-06-24 06:13:45,946 [INFO] [src.federated.client] - Client client_6 - Epoch 5/5 completed. Average Loss: 0.0091
2025-06-24 06:13:45,947 [INFO] [src.federated.client] - Client client_6: Local training finished. Processed 715 samples.
2025-06-24 06:13:45,947 [INFO] [src.federated.client] - Client client_2: Starting local training for 5 epochs. Proximal term mu=0.0.
2025-06-24 06:13:45,959 [INFO] [src.federated.client] - Client client_2 - Epoch 1/5 completed. Average Loss: 0.0219
2025-06-24 06:13:45,970 [INFO] [src.federated.client] - Client client_2 - Epoch 2/5 completed. Average Loss: 0.0150
2025-06-24 06:13:45,981 [INFO] [src.federated.client] - Client client_2 - Epoch 3/5 completed. Average Loss: 0.0110
2025-06-24 06:13:45,992 [INFO] [src.federated.client] - Client client_2 - Epoch 4/5 completed. Average Loss: 0.0093
2025-06-24 06:13:46,003 [INFO] [src.federated.client] - Client client_2 - Epoch 5/5 completed. Average Loss: 0.0084
2025-06-24 06:13:46,003 [INFO] [src.federated.client] - Client client_2: Local training finished. Processed 715 samples.
2025-06-24 06:13:46,004 [INFO] [src.federated.client] - Client client_8: Starting local training for 5 epochs. Proximal term mu=0.0.
2025-06-24 06:13:46,014 [INFO] [src.federated.client] - Client client_8 - Epoch 1/5 completed. Average Loss: 0.0163
2025-06-24 06:13:46,024 [INFO] [src.federated.client] - Client client_8 - Epoch 2/5 completed. Average Loss: 0.0133
2025-06-24 06:13:46,034 [INFO] [src.federated.client] - Client client_8 - Epoch 3/5 completed. Average Loss: 0.0101
2025-06-24 06:13:46,045 [INFO] [src.federated.client] - Client client_8 - Epoch 4/5 completed. Average Loss: 0.0087
2025-06-24 06:13:46,057 [INFO] [src.federated.client] - Client client_8 - Epoch 5/5 completed. Average Loss: 0.0077
2025-06-24 06:13:46,057 [INFO] [src.federated.client] - Client client_8: Local training finished. Processed 715 samples.
2025-06-24 06:13:46,058 [INFO] [src.federated.client] - Client client_9: Starting local training for 5 epochs. Proximal term mu=0.0.
2025-06-24 06:13:46,068 [INFO] [src.federated.client] - Client client_9 - Epoch 1/5 completed. Average Loss: 0.0341
2025-06-24 06:13:46,078 [INFO] [src.federated.client] - Client client_9 - Epoch 2/5 completed. Average Loss: 0.0202
2025-06-24 06:13:46,087 [INFO] [src.federated.client] - Client client_9 - Epoch 3/5 completed. Average Loss: 0.0145
2025-06-24 06:13:46,096 [INFO] [src.federated.client] - Client client_9 - Epoch 4/5 completed. Average Loss: 0.0096
2025-06-24 06:13:46,106 [INFO] [src.federated.client] - Client client_9 - Epoch 5/5 completed. Average Loss: 0.0079
2025-06-24 06:13:46,107 [INFO] [src.federated.client] - Client client_9: Local training finished. Processed 750 samples.
2025-06-24 06:13:46,107 [INFO] [src.federated.client] - Client client_3: Starting local training for 5 epochs. Proximal term mu=0.0.
2025-06-24 06:13:46,118 [INFO] [src.federated.client] - Client client_3 - Epoch 1/5 completed. Average Loss: 0.2067
2025-06-24 06:13:46,127 [INFO] [src.federated.client] - Client client_3 - Epoch 2/5 completed. Average Loss: 0.1483
2025-06-24 06:13:46,137 [INFO] [src.federated.client] - Client client_3 - Epoch 3/5 completed. Average Loss: 0.0969
2025-06-24 06:13:46,147 [INFO] [src.federated.client] - Client client_3 - Epoch 4/5 completed. Average Loss: 0.0746
2025-06-24 06:13:46,157 [INFO] [src.federated.client] - Client client_3 - Epoch 5/5 completed. Average Loss: 0.0587
2025-06-24 06:13:46,157 [INFO] [src.federated.client] - Client client_3: Local training finished. Processed 715 samples.
2025-06-24 06:13:46,158 [INFO] [src.federated.client] - Client client_7: Starting local training for 5 epochs. Proximal term mu=0.0.
2025-06-24 06:13:46,168 [INFO] [src.federated.client] - Client client_7 - Epoch 1/5 completed. Average Loss: 0.1960
2025-06-24 06:13:46,178 [INFO] [src.federated.client] - Client client_7 - Epoch 2/5 completed. Average Loss: 0.1371
2025-06-24 06:13:46,188 [INFO] [src.federated.client] - Client client_7 - Epoch 3/5 completed. Average Loss: 0.0785
2025-06-24 06:13:46,199 [INFO] [src.federated.client] - Client client_7 - Epoch 4/5 completed. Average Loss: 0.0520
2025-06-24 06:13:46,209 [INFO] [src.federated.client] - Client client_7 - Epoch 5/5 completed. Average Loss: 0.0343
2025-06-24 06:13:46,210 [INFO] [src.federated.client] - Client client_7: Local training finished. Processed 715 samples.
2025-06-24 06:13:46,210 [INFO] [src.federated.client] - Client client_4: Starting local training for 5 epochs. Proximal term mu=0.0.
2025-06-24 06:13:46,221 [INFO] [src.federated.client] - Client client_4 - Epoch 1/5 completed. Average Loss: 0.0187
2025-06-24 06:13:46,231 [INFO] [src.federated.client] - Client client_4 - Epoch 2/5 completed. Average Loss: 0.0142
2025-06-24 06:13:46,240 [INFO] [src.federated.client] - Client client_4 - Epoch 3/5 completed. Average Loss: 0.0115
2025-06-24 06:13:46,249 [INFO] [src.federated.client] - Client client_4 - Epoch 4/5 completed. Average Loss: 0.0098
2025-06-24 06:13:46,260 [INFO] [src.federated.client] - Client client_4 - Epoch 5/5 completed. Average Loss: 0.0087
2025-06-24 06:13:46,261 [INFO] [src.federated.client] - Client client_4: Local training finished. Processed 715 samples.
2025-06-24 06:13:46,261 [INFO] [src.federated.server] - Aggregating updates from 10 clients using FedDive.
2025-06-24 06:13:46,261 [INFO] [src.federated.aggregation] - FedDive: Aggregating updates from 10 clients (momentum=0.9).
2025-06-24 06:13:46,263 [INFO] [src.federated.aggregation] - FedDive: Aggregation complete.
2025-06-24 06:13:46,263 [INFO] [src.federated.server] - Global model updated with aggregated parameters.
2025-06-24 06:13:46,264 [INFO] [src.federated.server] - Evaluating updated global model...
2025-06-24 06:13:46,268 [INFO] [src.federated.server] - Round 16 completed in 0.53s. Eval Metrics: {'loss': 0.10687374812033441, 'accuracy': 0.9638888888888889}
2025-06-24 06:13:46,268 [INFO] [src.federated.server] - ===== Starting Round 17/30 =====
2025-06-24 06:13:46,268 [INFO] [src.federated.server] - Starting federated training round...
2025-06-24 06:13:46,268 [INFO] [src.federated.server] - Selected 10 clients out of 10 available (fraction=1.0, min_clients=1): ['client_7', 'client_1', 'client_2', 'client_8', 'client_5', 'client_3', 'client_6', 'client_4', 'client_9', 'client_0']
2025-06-24 06:13:46,269 [INFO] [src.federated.client] - Client client_7: Starting local training for 5 epochs. Proximal term mu=0.0.
2025-06-24 06:13:46,281 [INFO] [src.federated.client] - Client client_7 - Epoch 1/5 completed. Average Loss: 0.1992
2025-06-24 06:13:46,295 [INFO] [src.federated.client] - Client client_7 - Epoch 2/5 completed. Average Loss: 0.1313
2025-06-24 06:13:46,305 [INFO] [src.federated.client] - Client client_7 - Epoch 3/5 completed. Average Loss: 0.0774
2025-06-24 06:13:46,316 [INFO] [src.federated.client] - Client client_7 - Epoch 4/5 completed. Average Loss: 0.0463
2025-06-24 06:13:46,332 [INFO] [src.federated.client] - Client client_7 - Epoch 5/5 completed. Average Loss: 0.0343
2025-06-24 06:13:46,333 [INFO] [src.federated.client] - Client client_7: Local training finished. Processed 715 samples.
2025-06-24 06:13:46,334 [INFO] [src.federated.client] - Client client_1: Starting local training for 5 epochs. Proximal term mu=0.0.
2025-06-24 06:13:46,353 [INFO] [src.federated.client] - Client client_1 - Epoch 1/5 completed. Average Loss: 0.0188
2025-06-24 06:13:46,367 [INFO] [src.federated.client] - Client client_1 - Epoch 2/5 completed. Average Loss: 0.0131
2025-06-24 06:13:46,383 [INFO] [src.federated.client] - Client client_1 - Epoch 3/5 completed. Average Loss: 0.0099
2025-06-24 06:13:46,393 [INFO] [src.federated.client] - Client client_1 - Epoch 4/5 completed. Average Loss: 0.0082
2025-06-24 06:13:46,403 [INFO] [src.federated.client] - Client client_1 - Epoch 5/5 completed. Average Loss: 0.0071
2025-06-24 06:13:46,404 [INFO] [src.federated.client] - Client client_1: Local training finished. Processed 715 samples.
2025-06-24 06:13:46,404 [INFO] [src.federated.client] - Client client_2: Starting local training for 5 epochs. Proximal term mu=0.0.
2025-06-24 06:13:46,416 [INFO] [src.federated.client] - Client client_2 - Epoch 1/5 completed. Average Loss: 0.0189
2025-06-24 06:13:46,426 [INFO] [src.federated.client] - Client client_2 - Epoch 2/5 completed. Average Loss: 0.0130
2025-06-24 06:13:46,437 [INFO] [src.federated.client] - Client client_2 - Epoch 3/5 completed. Average Loss: 0.0099
2025-06-24 06:13:46,446 [INFO] [src.federated.client] - Client client_2 - Epoch 4/5 completed. Average Loss: 0.0085
2025-06-24 06:13:46,456 [INFO] [src.federated.client] - Client client_2 - Epoch 5/5 completed. Average Loss: 0.0073
2025-06-24 06:13:46,456 [INFO] [src.federated.client] - Client client_2: Local training finished. Processed 715 samples.
2025-06-24 06:13:46,457 [INFO] [src.federated.client] - Client client_8: Starting local training for 5 epochs. Proximal term mu=0.0.
2025-06-24 06:13:46,468 [INFO] [src.federated.client] - Client client_8 - Epoch 1/5 completed. Average Loss: 0.0145
2025-06-24 06:13:46,478 [INFO] [src.federated.client] - Client client_8 - Epoch 2/5 completed. Average Loss: 0.0116
2025-06-24 06:13:46,488 [INFO] [src.federated.client] - Client client_8 - Epoch 3/5 completed. Average Loss: 0.0089
2025-06-24 06:13:46,498 [INFO] [src.federated.client] - Client client_8 - Epoch 4/5 completed. Average Loss: 0.0075
2025-06-24 06:13:46,509 [INFO] [src.federated.client] - Client client_8 - Epoch 5/5 completed. Average Loss: 0.0067
2025-06-24 06:13:46,510 [INFO] [src.federated.client] - Client client_8: Local training finished. Processed 715 samples.
2025-06-24 06:13:46,510 [INFO] [src.federated.client] - Client client_5: Starting local training for 5 epochs. Proximal term mu=0.0.
2025-06-24 06:13:46,522 [INFO] [src.federated.client] - Client client_5 - Epoch 1/5 completed. Average Loss: 0.0542
2025-06-24 06:13:46,532 [INFO] [src.federated.client] - Client client_5 - Epoch 2/5 completed. Average Loss: 0.0254
2025-06-24 06:13:46,543 [INFO] [src.federated.client] - Client client_5 - Epoch 3/5 completed. Average Loss: 0.0152
2025-06-24 06:13:46,553 [INFO] [src.federated.client] - Client client_5 - Epoch 4/5 completed. Average Loss: 0.0124
2025-06-24 06:13:46,562 [INFO] [src.federated.client] - Client client_5 - Epoch 5/5 completed. Average Loss: 0.0093
2025-06-24 06:13:46,562 [INFO] [src.federated.client] - Client client_5: Local training finished. Processed 715 samples.
2025-06-24 06:13:46,563 [INFO] [src.federated.client] - Client client_3: Starting local training for 5 epochs. Proximal term mu=0.0.
2025-06-24 06:13:46,574 [INFO] [src.federated.client] - Client client_3 - Epoch 1/5 completed. Average Loss: 0.2029
2025-06-24 06:13:46,584 [INFO] [src.federated.client] - Client client_3 - Epoch 2/5 completed. Average Loss: 0.1340
2025-06-24 06:13:46,594 [INFO] [src.federated.client] - Client client_3 - Epoch 3/5 completed. Average Loss: 0.0929
2025-06-24 06:13:46,604 [INFO] [src.federated.client] - Client client_3 - Epoch 4/5 completed. Average Loss: 0.0633
2025-06-24 06:13:46,613 [INFO] [src.federated.client] - Client client_3 - Epoch 5/5 completed. Average Loss: 0.0450
2025-06-24 06:13:46,614 [INFO] [src.federated.client] - Client client_3: Local training finished. Processed 715 samples.
2025-06-24 06:13:46,614 [INFO] [src.federated.client] - Client client_6: Starting local training for 5 epochs. Proximal term mu=0.0.
2025-06-24 06:13:46,626 [INFO] [src.federated.client] - Client client_6 - Epoch 1/5 completed. Average Loss: 0.0234
2025-06-24 06:13:46,636 [INFO] [src.federated.client] - Client client_6 - Epoch 2/5 completed. Average Loss: 0.0165
2025-06-24 06:13:46,647 [INFO] [src.federated.client] - Client client_6 - Epoch 3/5 completed. Average Loss: 0.0115
2025-06-24 06:13:46,657 [INFO] [src.federated.client] - Client client_6 - Epoch 4/5 completed. Average Loss: 0.0092
2025-06-24 06:13:46,668 [INFO] [src.federated.client] - Client client_6 - Epoch 5/5 completed. Average Loss: 0.0083
2025-06-24 06:13:46,668 [INFO] [src.federated.client] - Client client_6: Local training finished. Processed 715 samples.
2025-06-24 06:13:46,669 [INFO] [src.federated.client] - Client client_4: Starting local training for 5 epochs. Proximal term mu=0.0.
2025-06-24 06:13:46,678 [INFO] [src.federated.client] - Client client_4 - Epoch 1/5 completed. Average Loss: 0.0163
2025-06-24 06:13:46,689 [INFO] [src.federated.client] - Client client_4 - Epoch 2/5 completed. Average Loss: 0.0124
2025-06-24 06:13:46,699 [INFO] [src.federated.client] - Client client_4 - Epoch 3/5 completed. Average Loss: 0.0102
2025-06-24 06:13:46,708 [INFO] [src.federated.client] - Client client_4 - Epoch 4/5 completed. Average Loss: 0.0087
2025-06-24 06:13:46,718 [INFO] [src.federated.client] - Client client_4 - Epoch 5/5 completed. Average Loss: 0.0078
2025-06-24 06:13:46,719 [INFO] [src.federated.client] - Client client_4: Local training finished. Processed 715 samples.
2025-06-24 06:13:46,719 [INFO] [src.federated.client] - Client client_9: Starting local training for 5 epochs. Proximal term mu=0.0.
2025-06-24 06:13:46,731 [INFO] [src.federated.client] - Client client_9 - Epoch 1/5 completed. Average Loss: 0.0313
2025-06-24 06:13:46,742 [INFO] [src.federated.client] - Client client_9 - Epoch 2/5 completed. Average Loss: 0.0179
2025-06-24 06:13:46,753 [INFO] [src.federated.client] - Client client_9 - Epoch 3/5 completed. Average Loss: 0.0133
2025-06-24 06:13:46,763 [INFO] [src.federated.client] - Client client_9 - Epoch 4/5 completed. Average Loss: 0.0095
2025-06-24 06:13:46,774 [INFO] [src.federated.client] - Client client_9 - Epoch 5/5 completed. Average Loss: 0.0080
2025-06-24 06:13:46,774 [INFO] [src.federated.client] - Client client_9: Local training finished. Processed 750 samples.
2025-06-24 06:13:46,775 [INFO] [src.federated.client] - Client client_0: Starting local training for 5 epochs. Proximal term mu=0.0.
2025-06-24 06:13:46,786 [INFO] [src.federated.client] - Client client_0 - Epoch 1/5 completed. Average Loss: 0.0218
2025-06-24 06:13:46,796 [INFO] [src.federated.client] - Client client_0 - Epoch 2/5 completed. Average Loss: 0.0115
2025-06-24 06:13:46,805 [INFO] [src.federated.client] - Client client_0 - Epoch 3/5 completed. Average Loss: 0.0093
2025-06-24 06:13:46,816 [INFO] [src.federated.client] - Client client_0 - Epoch 4/5 completed. Average Loss: 0.0075
2025-06-24 06:13:46,827 [INFO] [src.federated.client] - Client client_0 - Epoch 5/5 completed. Average Loss: 0.0064
2025-06-24 06:13:46,827 [INFO] [src.federated.client] - Client client_0: Local training finished. Processed 715 samples.
2025-06-24 06:13:46,827 [INFO] [src.federated.server] - Aggregating updates from 10 clients using FedDive.
2025-06-24 06:13:46,828 [INFO] [src.federated.aggregation] - FedDive: Aggregating updates from 10 clients (momentum=0.9).
2025-06-24 06:13:46,829 [INFO] [src.federated.aggregation] - FedDive: Aggregation complete.
2025-06-24 06:13:46,830 [INFO] [src.federated.server] - Global model updated with aggregated parameters.
2025-06-24 06:13:46,830 [INFO] [src.federated.server] - Evaluating updated global model...
2025-06-24 06:13:46,834 [INFO] [src.federated.server] - Round 17 completed in 0.57s. Eval Metrics: {'loss': 0.10454281353288226, 'accuracy': 0.9638888888888889}
2025-06-24 06:13:46,834 [INFO] [src.federated.server] - ===== Starting Round 18/30 =====
2025-06-24 06:13:46,834 [INFO] [src.federated.server] - Starting federated training round...
2025-06-24 06:13:46,834 [INFO] [src.federated.server] - Selected 10 clients out of 10 available (fraction=1.0, min_clients=1): ['client_8', 'client_3', 'client_4', 'client_9', 'client_5', 'client_2', 'client_6', 'client_7', 'client_1', 'client_0']
2025-06-24 06:13:46,835 [INFO] [src.federated.client] - Client client_8: Starting local training for 5 epochs. Proximal term mu=0.0.
2025-06-24 06:13:46,845 [INFO] [src.federated.client] - Client client_8 - Epoch 1/5 completed. Average Loss: 0.0125
2025-06-24 06:13:46,855 [INFO] [src.federated.client] - Client client_8 - Epoch 2/5 completed. Average Loss: 0.0097
2025-06-24 06:13:46,866 [INFO] [src.federated.client] - Client client_8 - Epoch 3/5 completed. Average Loss: 0.0081
2025-06-24 06:13:46,876 [INFO] [src.federated.client] - Client client_8 - Epoch 4/5 completed. Average Loss: 0.0069
2025-06-24 06:13:46,885 [INFO] [src.federated.client] - Client client_8 - Epoch 5/5 completed. Average Loss: 0.0061
2025-06-24 06:13:46,886 [INFO] [src.federated.client] - Client client_8: Local training finished. Processed 715 samples.
2025-06-24 06:13:46,886 [INFO] [src.federated.client] - Client client_3: Starting local training for 5 epochs. Proximal term mu=0.0.
2025-06-24 06:13:46,898 [INFO] [src.federated.client] - Client client_3 - Epoch 1/5 completed. Average Loss: 0.2011
2025-06-24 06:13:46,908 [INFO] [src.federated.client] - Client client_3 - Epoch 2/5 completed. Average Loss: 0.1431
2025-06-24 06:13:46,920 [INFO] [src.federated.client] - Client client_3 - Epoch 3/5 completed. Average Loss: 0.1022
2025-06-24 06:13:46,930 [INFO] [src.federated.client] - Client client_3 - Epoch 4/5 completed. Average Loss: 0.0682
2025-06-24 06:13:46,939 [INFO] [src.federated.client] - Client client_3 - Epoch 5/5 completed. Average Loss: 0.0469
2025-06-24 06:13:46,940 [INFO] [src.federated.client] - Client client_3: Local training finished. Processed 715 samples.
2025-06-24 06:13:46,940 [INFO] [src.federated.client] - Client client_4: Starting local training for 5 epochs. Proximal term mu=0.0.
2025-06-24 06:13:46,950 [INFO] [src.federated.client] - Client client_4 - Epoch 1/5 completed. Average Loss: 0.0146
2025-06-24 06:13:46,960 [INFO] [src.federated.client] - Client client_4 - Epoch 2/5 completed. Average Loss: 0.0113
2025-06-24 06:13:46,970 [INFO] [src.federated.client] - Client client_4 - Epoch 3/5 completed. Average Loss: 0.0091
2025-06-24 06:13:46,981 [INFO] [src.federated.client] - Client client_4 - Epoch 4/5 completed. Average Loss: 0.0078
2025-06-24 06:13:46,991 [INFO] [src.federated.client] - Client client_4 - Epoch 5/5 completed. Average Loss: 0.0070
2025-06-24 06:13:46,992 [INFO] [src.federated.client] - Client client_4: Local training finished. Processed 715 samples.
2025-06-24 06:13:46,992 [INFO] [src.federated.client] - Client client_9: Starting local training for 5 epochs. Proximal term mu=0.0.
2025-06-24 06:13:47,003 [INFO] [src.federated.client] - Client client_9 - Epoch 1/5 completed. Average Loss: 0.0276
2025-06-24 06:13:47,012 [INFO] [src.federated.client] - Client client_9 - Epoch 2/5 completed. Average Loss: 0.0157
2025-06-24 06:13:47,023 [INFO] [src.federated.client] - Client client_9 - Epoch 3/5 completed. Average Loss: 0.0095
2025-06-24 06:13:47,033 [INFO] [src.federated.client] - Client client_9 - Epoch 4/5 completed. Average Loss: 0.0078
2025-06-24 06:13:47,043 [INFO] [src.federated.client] - Client client_9 - Epoch 5/5 completed. Average Loss: 0.0069
2025-06-24 06:13:47,043 [INFO] [src.federated.client] - Client client_9: Local training finished. Processed 750 samples.
2025-06-24 06:13:47,044 [INFO] [src.federated.client] - Client client_5: Starting local training for 5 epochs. Proximal term mu=0.0.
2025-06-24 06:13:47,055 [INFO] [src.federated.client] - Client client_5 - Epoch 1/5 completed. Average Loss: 0.0519
2025-06-24 06:13:47,065 [INFO] [src.federated.client] - Client client_5 - Epoch 2/5 completed. Average Loss: 0.0257
2025-06-24 06:13:47,075 [INFO] [src.federated.client] - Client client_5 - Epoch 3/5 completed. Average Loss: 0.0123
2025-06-24 06:13:47,084 [INFO] [src.federated.client] - Client client_5 - Epoch 4/5 completed. Average Loss: 0.0099
2025-06-24 06:13:47,095 [INFO] [src.federated.client] - Client client_5 - Epoch 5/5 completed. Average Loss: 0.0079
2025-06-24 06:13:47,095 [INFO] [src.federated.client] - Client client_5: Local training finished. Processed 715 samples.
2025-06-24 06:13:47,096 [INFO] [src.federated.client] - Client client_2: Starting local training for 5 epochs. Proximal term mu=0.0.
2025-06-24 06:13:47,106 [INFO] [src.federated.client] - Client client_2 - Epoch 1/5 completed. Average Loss: 0.0169
2025-06-24 06:13:47,116 [INFO] [src.federated.client] - Client client_2 - Epoch 2/5 completed. Average Loss: 0.0118
2025-06-24 06:13:47,125 [INFO] [src.federated.client] - Client client_2 - Epoch 3/5 completed. Average Loss: 0.0089
2025-06-24 06:13:47,134 [INFO] [src.federated.client] - Client client_2 - Epoch 4/5 completed. Average Loss: 0.0077
2025-06-24 06:13:47,145 [INFO] [src.federated.client] - Client client_2 - Epoch 5/5 completed. Average Loss: 0.0067
2025-06-24 06:13:47,145 [INFO] [src.federated.client] - Client client_2: Local training finished. Processed 715 samples.
2025-06-24 06:13:47,146 [INFO] [src.federated.client] - Client client_6: Starting local training for 5 epochs. Proximal term mu=0.0.
2025-06-24 06:13:47,157 [INFO] [src.federated.client] - Client client_6 - Epoch 1/5 completed. Average Loss: 0.0207
2025-06-24 06:13:47,166 [INFO] [src.federated.client] - Client client_6 - Epoch 2/5 completed. Average Loss: 0.0138
2025-06-24 06:13:47,176 [INFO] [src.federated.client] - Client client_6 - Epoch 3/5 completed. Average Loss: 0.0096
2025-06-24 06:13:47,185 [INFO] [src.federated.client] - Client client_6 - Epoch 4/5 completed. Average Loss: 0.0083
2025-06-24 06:13:47,196 [INFO] [src.federated.client] - Client client_6 - Epoch 5/5 completed. Average Loss: 0.0070
2025-06-24 06:13:47,197 [INFO] [src.federated.client] - Client client_6: Local training finished. Processed 715 samples.
2025-06-24 06:13:47,198 [INFO] [src.federated.client] - Client client_7: Starting local training for 5 epochs. Proximal term mu=0.0.
2025-06-24 06:13:47,209 [INFO] [src.federated.client] - Client client_7 - Epoch 1/5 completed. Average Loss: 0.1920
2025-06-24 06:13:47,219 [INFO] [src.federated.client] - Client client_7 - Epoch 2/5 completed. Average Loss: 0.1311
2025-06-24 06:13:47,231 [INFO] [src.federated.client] - Client client_7 - Epoch 3/5 completed. Average Loss: 0.0730
2025-06-24 06:13:47,241 [INFO] [src.federated.client] - Client client_7 - Epoch 4/5 completed. Average Loss: 0.0472
2025-06-24 06:13:47,251 [INFO] [src.federated.client] - Client client_7 - Epoch 5/5 completed. Average Loss: 0.0282
2025-06-24 06:13:47,251 [INFO] [src.federated.client] - Client client_7: Local training finished. Processed 715 samples.
2025-06-24 06:13:47,252 [INFO] [src.federated.client] - Client client_1: Starting local training for 5 epochs. Proximal term mu=0.0.
2025-06-24 06:13:47,262 [INFO] [src.federated.client] - Client client_1 - Epoch 1/5 completed. Average Loss: 0.0173
2025-06-24 06:13:47,273 [INFO] [src.federated.client] - Client client_1 - Epoch 2/5 completed. Average Loss: 0.0132
2025-06-24 06:13:47,283 [INFO] [src.federated.client] - Client client_1 - Epoch 3/5 completed. Average Loss: 0.0089
2025-06-24 06:13:47,294 [INFO] [src.federated.client] - Client client_1 - Epoch 4/5 completed. Average Loss: 0.0072
2025-06-24 06:13:47,305 [INFO] [src.federated.client] - Client client_1 - Epoch 5/5 completed. Average Loss: 0.0062
2025-06-24 06:13:47,305 [INFO] [src.federated.client] - Client client_1: Local training finished. Processed 715 samples.
2025-06-24 06:13:47,306 [INFO] [src.federated.client] - Client client_0: Starting local training for 5 epochs. Proximal term mu=0.0.
2025-06-24 06:13:47,315 [INFO] [src.federated.client] - Client client_0 - Epoch 1/5 completed. Average Loss: 0.0186
2025-06-24 06:13:47,325 [INFO] [src.federated.client] - Client client_0 - Epoch 2/5 completed. Average Loss: 0.0111
2025-06-24 06:13:47,336 [INFO] [src.federated.client] - Client client_0 - Epoch 3/5 completed. Average Loss: 0.0079
2025-06-24 06:13:47,345 [INFO] [src.federated.client] - Client client_0 - Epoch 4/5 completed. Average Loss: 0.0067
2025-06-24 06:13:47,359 [INFO] [src.federated.client] - Client client_0 - Epoch 5/5 completed. Average Loss: 0.0057
2025-06-24 06:13:47,360 [INFO] [src.federated.client] - Client client_0: Local training finished. Processed 715 samples.
2025-06-24 06:13:47,360 [INFO] [src.federated.server] - Aggregating updates from 10 clients using FedDive.
2025-06-24 06:13:47,360 [INFO] [src.federated.aggregation] - FedDive: Aggregating updates from 10 clients (momentum=0.9).
2025-06-24 06:13:47,362 [INFO] [src.federated.aggregation] - FedDive: Aggregation complete.
2025-06-24 06:13:47,362 [INFO] [src.federated.server] - Global model updated with aggregated parameters.
2025-06-24 06:13:47,362 [INFO] [src.federated.server] - Evaluating updated global model...
2025-06-24 06:13:47,366 [INFO] [src.federated.server] - Round 18 completed in 0.53s. Eval Metrics: {'loss': 0.10209765260418256, 'accuracy': 0.9666666666666667}
2025-06-24 06:13:47,366 [INFO] [src.federated.server] - ===== Starting Round 19/30 =====
2025-06-24 06:13:47,366 [INFO] [src.federated.server] - Starting federated training round...
2025-06-24 06:13:47,366 [INFO] [src.federated.server] - Selected 10 clients out of 10 available (fraction=1.0, min_clients=1): ['client_3', 'client_9', 'client_1', 'client_2', 'client_0', 'client_4', 'client_7', 'client_6', 'client_5', 'client_8']
2025-06-24 06:13:47,367 [INFO] [src.federated.client] - Client client_3: Starting local training for 5 epochs. Proximal term mu=0.0.
2025-06-24 06:13:47,378 [INFO] [src.federated.client] - Client client_3 - Epoch 1/5 completed. Average Loss: 0.1949
2025-06-24 06:13:47,388 [INFO] [src.federated.client] - Client client_3 - Epoch 2/5 completed. Average Loss: 0.1399
2025-06-24 06:13:47,398 [INFO] [src.federated.client] - Client client_3 - Epoch 3/5 completed. Average Loss: 0.0907
2025-06-24 06:13:47,408 [INFO] [src.federated.client] - Client client_3 - Epoch 4/5 completed. Average Loss: 0.0706
2025-06-24 06:13:47,419 [INFO] [src.federated.client] - Client client_3 - Epoch 5/5 completed. Average Loss: 0.0492
2025-06-24 06:13:47,420 [INFO] [src.federated.client] - Client client_3: Local training finished. Processed 715 samples.
2025-06-24 06:13:47,421 [INFO] [src.federated.client] - Client client_9: Starting local training for 5 epochs. Proximal term mu=0.0.
2025-06-24 06:13:47,431 [INFO] [src.federated.client] - Client client_9 - Epoch 1/5 completed. Average Loss: 0.0251
2025-06-24 06:13:47,440 [INFO] [src.federated.client] - Client client_9 - Epoch 2/5 completed. Average Loss: 0.0197
2025-06-24 06:13:47,451 [INFO] [src.federated.client] - Client client_9 - Epoch 3/5 completed. Average Loss: 0.0094
2025-06-24 06:13:47,461 [INFO] [src.federated.client] - Client client_9 - Epoch 4/5 completed. Average Loss: 0.0085
2025-06-24 06:13:47,471 [INFO] [src.federated.client] - Client client_9 - Epoch 5/5 completed. Average Loss: 0.0069
2025-06-24 06:13:47,472 [INFO] [src.federated.client] - Client client_9: Local training finished. Processed 750 samples.
2025-06-24 06:13:47,473 [INFO] [src.federated.client] - Client client_1: Starting local training for 5 epochs. Proximal term mu=0.0.
2025-06-24 06:13:47,484 [INFO] [src.federated.client] - Client client_1 - Epoch 1/5 completed. Average Loss: 0.0155
2025-06-24 06:13:47,495 [INFO] [src.federated.client] - Client client_1 - Epoch 2/5 completed. Average Loss: 0.0115
2025-06-24 06:13:47,506 [INFO] [src.federated.client] - Client client_1 - Epoch 3/5 completed. Average Loss: 0.0077
2025-06-24 06:13:47,516 [INFO] [src.federated.client] - Client client_1 - Epoch 4/5 completed. Average Loss: 0.0064
2025-06-24 06:13:47,527 [INFO] [src.federated.client] - Client client_1 - Epoch 5/5 completed. Average Loss: 0.0056
2025-06-24 06:13:47,528 [INFO] [src.federated.client] - Client client_1: Local training finished. Processed 715 samples.
2025-06-24 06:13:47,528 [INFO] [src.federated.client] - Client client_2: Starting local training for 5 epochs. Proximal term mu=0.0.
2025-06-24 06:13:47,540 [INFO] [src.federated.client] - Client client_2 - Epoch 1/5 completed. Average Loss: 0.0151
2025-06-24 06:13:47,551 [INFO] [src.federated.client] - Client client_2 - Epoch 2/5 completed. Average Loss: 0.0104
2025-06-24 06:13:47,562 [INFO] [src.federated.client] - Client client_2 - Epoch 3/5 completed. Average Loss: 0.0081
2025-06-24 06:13:47,574 [INFO] [src.federated.client] - Client client_2 - Epoch 4/5 completed. Average Loss: 0.0069
2025-06-24 06:13:47,585 [INFO] [src.federated.client] - Client client_2 - Epoch 5/5 completed. Average Loss: 0.0060
2025-06-24 06:13:47,586 [INFO] [src.federated.client] - Client client_2: Local training finished. Processed 715 samples.
2025-06-24 06:13:47,586 [INFO] [src.federated.client] - Client client_0: Starting local training for 5 epochs. Proximal term mu=0.0.
2025-06-24 06:13:47,598 [INFO] [src.federated.client] - Client client_0 - Epoch 1/5 completed. Average Loss: 0.0174
2025-06-24 06:13:47,609 [INFO] [src.federated.client] - Client client_0 - Epoch 2/5 completed. Average Loss: 0.0099
2025-06-24 06:13:47,619 [INFO] [src.federated.client] - Client client_0 - Epoch 3/5 completed. Average Loss: 0.0072
2025-06-24 06:13:47,630 [INFO] [src.federated.client] - Client client_0 - Epoch 4/5 completed. Average Loss: 0.0058
2025-06-24 06:13:47,641 [INFO] [src.federated.client] - Client client_0 - Epoch 5/5 completed. Average Loss: 0.0052
2025-06-24 06:13:47,641 [INFO] [src.federated.client] - Client client_0: Local training finished. Processed 715 samples.
2025-06-24 06:13:47,642 [INFO] [src.federated.client] - Client client_4: Starting local training for 5 epochs. Proximal term mu=0.0.
2025-06-24 06:13:47,651 [INFO] [src.federated.client] - Client client_4 - Epoch 1/5 completed. Average Loss: 0.0128
2025-06-24 06:13:47,661 [INFO] [src.federated.client] - Client client_4 - Epoch 2/5 completed. Average Loss: 0.0104
2025-06-24 06:13:47,671 [INFO] [src.federated.client] - Client client_4 - Epoch 3/5 completed. Average Loss: 0.0082
2025-06-24 06:13:47,680 [INFO] [src.federated.client] - Client client_4 - Epoch 4/5 completed. Average Loss: 0.0071
2025-06-24 06:13:47,691 [INFO] [src.federated.client] - Client client_4 - Epoch 5/5 completed. Average Loss: 0.0063
2025-06-24 06:13:47,692 [INFO] [src.federated.client] - Client client_4: Local training finished. Processed 715 samples.
2025-06-24 06:13:47,692 [INFO] [src.federated.client] - Client client_7: Starting local training for 5 epochs. Proximal term mu=0.0.
2025-06-24 06:13:47,702 [INFO] [src.federated.client] - Client client_7 - Epoch 1/5 completed. Average Loss: 0.1907
2025-06-24 06:13:47,711 [INFO] [src.federated.client] - Client client_7 - Epoch 2/5 completed. Average Loss: 0.1257
2025-06-24 06:13:47,722 [INFO] [src.federated.client] - Client client_7 - Epoch 3/5 completed. Average Loss: 0.0767
2025-06-24 06:13:47,733 [INFO] [src.federated.client] - Client client_7 - Epoch 4/5 completed. Average Loss: 0.0413
2025-06-24 06:13:47,742 [INFO] [src.federated.client] - Client client_7 - Epoch 5/5 completed. Average Loss: 0.0263
2025-06-24 06:13:47,743 [INFO] [src.federated.client] - Client client_7: Local training finished. Processed 715 samples.
2025-06-24 06:13:47,743 [INFO] [src.federated.client] - Client client_6: Starting local training for 5 epochs. Proximal term mu=0.0.
2025-06-24 06:13:47,755 [INFO] [src.federated.client] - Client client_6 - Epoch 1/5 completed. Average Loss: 0.0176
2025-06-24 06:13:47,764 [INFO] [src.federated.client] - Client client_6 - Epoch 2/5 completed. Average Loss: 0.0127
2025-06-24 06:13:47,774 [INFO] [src.federated.client] - Client client_6 - Epoch 3/5 completed. Average Loss: 0.0094
2025-06-24 06:13:47,785 [INFO] [src.federated.client] - Client client_6 - Epoch 4/5 completed. Average Loss: 0.0076
2025-06-24 06:13:47,795 [INFO] [src.federated.client] - Client client_6 - Epoch 5/5 completed. Average Loss: 0.0064
2025-06-24 06:13:47,795 [INFO] [src.federated.client] - Client client_6: Local training finished. Processed 715 samples.
2025-06-24 06:13:47,796 [INFO] [src.federated.client] - Client client_5: Starting local training for 5 epochs. Proximal term mu=0.0.
2025-06-24 06:13:47,806 [INFO] [src.federated.client] - Client client_5 - Epoch 1/5 completed. Average Loss: 0.0496
2025-06-24 06:13:47,817 [INFO] [src.federated.client] - Client client_5 - Epoch 2/5 completed. Average Loss: 0.0282
2025-06-24 06:13:47,828 [INFO] [src.federated.client] - Client client_5 - Epoch 3/5 completed. Average Loss: 0.0135
2025-06-24 06:13:47,837 [INFO] [src.federated.client] - Client client_5 - Epoch 4/5 completed. Average Loss: 0.0089
2025-06-24 06:13:47,848 [INFO] [src.federated.client] - Client client_5 - Epoch 5/5 completed. Average Loss: 0.0078
2025-06-24 06:13:47,849 [INFO] [src.federated.client] - Client client_5: Local training finished. Processed 715 samples.
2025-06-24 06:13:47,850 [INFO] [src.federated.client] - Client client_8: Starting local training for 5 epochs. Proximal term mu=0.0.
2025-06-24 06:13:47,859 [INFO] [src.federated.client] - Client client_8 - Epoch 1/5 completed. Average Loss: 0.0111
2025-06-24 06:13:47,870 [INFO] [src.federated.client] - Client client_8 - Epoch 2/5 completed. Average Loss: 0.0090
2025-06-24 06:13:47,880 [INFO] [src.federated.client] - Client client_8 - Epoch 3/5 completed. Average Loss: 0.0072
2025-06-24 06:13:47,890 [INFO] [src.federated.client] - Client client_8 - Epoch 4/5 completed. Average Loss: 0.0062
2025-06-24 06:13:47,900 [INFO] [src.federated.client] - Client client_8 - Epoch 5/5 completed. Average Loss: 0.0055
2025-06-24 06:13:47,900 [INFO] [src.federated.client] - Client client_8: Local training finished. Processed 715 samples.
2025-06-24 06:13:47,901 [INFO] [src.federated.server] - Aggregating updates from 10 clients using FedDive.
2025-06-24 06:13:47,901 [INFO] [src.federated.aggregation] - FedDive: Aggregating updates from 10 clients (momentum=0.9).
2025-06-24 06:13:47,902 [INFO] [src.federated.aggregation] - FedDive: Aggregation complete.
2025-06-24 06:13:47,903 [INFO] [src.federated.server] - Global model updated with aggregated parameters.
2025-06-24 06:13:47,903 [INFO] [src.federated.server] - Evaluating updated global model...
2025-06-24 06:13:47,908 [INFO] [src.federated.server] - Round 19 completed in 0.54s. Eval Metrics: {'loss': 0.10105620639191734, 'accuracy': 0.9666666666666667}
2025-06-24 06:13:47,908 [INFO] [src.federated.server] - ===== Starting Round 20/30 =====
2025-06-24 06:13:47,908 [INFO] [src.federated.server] - Starting federated training round...
2025-06-24 06:13:47,908 [INFO] [src.federated.server] - Selected 10 clients out of 10 available (fraction=1.0, min_clients=1): ['client_1', 'client_0', 'client_3', 'client_8', 'client_6', 'client_2', 'client_5', 'client_4', 'client_7', 'client_9']
2025-06-24 06:13:47,909 [INFO] [src.federated.client] - Client client_1: Starting local training for 5 epochs. Proximal term mu=0.0.
2025-06-24 06:13:47,919 [INFO] [src.federated.client] - Client client_1 - Epoch 1/5 completed. Average Loss: 0.0136
2025-06-24 06:13:47,928 [INFO] [src.federated.client] - Client client_1 - Epoch 2/5 completed. Average Loss: 0.0095
2025-06-24 06:13:47,939 [INFO] [src.federated.client] - Client client_1 - Epoch 3/5 completed. Average Loss: 0.0073
2025-06-24 06:13:47,948 [INFO] [src.federated.client] - Client client_1 - Epoch 4/5 completed. Average Loss: 0.0060
2025-06-24 06:13:47,958 [INFO] [src.federated.client] - Client client_1 - Epoch 5/5 completed. Average Loss: 0.0053
2025-06-24 06:13:47,958 [INFO] [src.federated.client] - Client client_1: Local training finished. Processed 715 samples.
2025-06-24 06:13:47,959 [INFO] [src.federated.client] - Client client_0: Starting local training for 5 epochs. Proximal term mu=0.0.
2025-06-24 06:13:47,969 [INFO] [src.federated.client] - Client client_0 - Epoch 1/5 completed. Average Loss: 0.0161
2025-06-24 06:13:47,979 [INFO] [src.federated.client] - Client client_0 - Epoch 2/5 completed. Average Loss: 0.0083
2025-06-24 06:13:47,990 [INFO] [src.federated.client] - Client client_0 - Epoch 3/5 completed. Average Loss: 0.0067
2025-06-24 06:13:48,000 [INFO] [src.federated.client] - Client client_0 - Epoch 4/5 completed. Average Loss: 0.0056
2025-06-24 06:13:48,012 [INFO] [src.federated.client] - Client client_0 - Epoch 5/5 completed. Average Loss: 0.0049
2025-06-24 06:13:48,012 [INFO] [src.federated.client] - Client client_0: Local training finished. Processed 715 samples.
2025-06-24 06:13:48,013 [INFO] [src.federated.client] - Client client_3: Starting local training for 5 epochs. Proximal term mu=0.0.
2025-06-24 06:13:48,022 [INFO] [src.federated.client] - Client client_3 - Epoch 1/5 completed. Average Loss: 0.1972
2025-06-24 06:13:48,032 [INFO] [src.federated.client] - Client client_3 - Epoch 2/5 completed. Average Loss: 0.1346
2025-06-24 06:13:48,043 [INFO] [src.federated.client] - Client client_3 - Epoch 3/5 completed. Average Loss: 0.0966
2025-06-24 06:13:48,053 [INFO] [src.federated.client] - Client client_3 - Epoch 4/5 completed. Average Loss: 0.0654
2025-06-24 06:13:48,063 [INFO] [src.federated.client] - Client client_3 - Epoch 5/5 completed. Average Loss: 0.0454
2025-06-24 06:13:48,064 [INFO] [src.federated.client] - Client client_3: Local training finished. Processed 715 samples.
2025-06-24 06:13:48,065 [INFO] [src.federated.client] - Client client_8: Starting local training for 5 epochs. Proximal term mu=0.0.
2025-06-24 06:13:48,075 [INFO] [src.federated.client] - Client client_8 - Epoch 1/5 completed. Average Loss: 0.0101
2025-06-24 06:13:48,086 [INFO] [src.federated.client] - Client client_8 - Epoch 2/5 completed. Average Loss: 0.0081
2025-06-24 06:13:48,097 [INFO] [src.federated.client] - Client client_8 - Epoch 3/5 completed. Average Loss: 0.0065
2025-06-24 06:13:48,108 [INFO] [src.federated.client] - Client client_8 - Epoch 4/5 completed. Average Loss: 0.0055
2025-06-24 06:13:48,120 [INFO] [src.federated.client] - Client client_8 - Epoch 5/5 completed. Average Loss: 0.0050
2025-06-24 06:13:48,120 [INFO] [src.federated.client] - Client client_8: Local training finished. Processed 715 samples.
2025-06-24 06:13:48,121 [INFO] [src.federated.client] - Client client_6: Starting local training for 5 epochs. Proximal term mu=0.0.
2025-06-24 06:13:48,132 [INFO] [src.federated.client] - Client client_6 - Epoch 1/5 completed. Average Loss: 0.0163
2025-06-24 06:13:48,141 [INFO] [src.federated.client] - Client client_6 - Epoch 2/5 completed. Average Loss: 0.0109
2025-06-24 06:13:48,151 [INFO] [src.federated.client] - Client client_6 - Epoch 3/5 completed. Average Loss: 0.0083
2025-06-24 06:13:48,163 [INFO] [src.federated.client] - Client client_6 - Epoch 4/5 completed. Average Loss: 0.0067
2025-06-24 06:13:48,178 [INFO] [src.federated.client] - Client client_6 - Epoch 5/5 completed. Average Loss: 0.0058
2025-06-24 06:13:48,178 [INFO] [src.federated.client] - Client client_6: Local training finished. Processed 715 samples.
2025-06-24 06:13:48,179 [INFO] [src.federated.client] - Client client_2: Starting local training for 5 epochs. Proximal term mu=0.0.
2025-06-24 06:13:48,189 [INFO] [src.federated.client] - Client client_2 - Epoch 1/5 completed. Average Loss: 0.0132
2025-06-24 06:13:48,198 [INFO] [src.federated.client] - Client client_2 - Epoch 2/5 completed. Average Loss: 0.0098
2025-06-24 06:13:48,210 [INFO] [src.federated.client] - Client client_2 - Epoch 3/5 completed. Average Loss: 0.0071
2025-06-24 06:13:48,220 [INFO] [src.federated.client] - Client client_2 - Epoch 4/5 completed. Average Loss: 0.0061
2025-06-24 06:13:48,229 [INFO] [src.federated.client] - Client client_2 - Epoch 5/5 completed. Average Loss: 0.0054
2025-06-24 06:13:48,229 [INFO] [src.federated.client] - Client client_2: Local training finished. Processed 715 samples.
2025-06-24 06:13:48,230 [INFO] [src.federated.client] - Client client_5: Starting local training for 5 epochs. Proximal term mu=0.0.
2025-06-24 06:13:48,241 [INFO] [src.federated.client] - Client client_5 - Epoch 1/5 completed. Average Loss: 0.0467
2025-06-24 06:13:48,251 [INFO] [src.federated.client] - Client client_5 - Epoch 2/5 completed. Average Loss: 0.0200
2025-06-24 06:13:48,262 [INFO] [src.federated.client] - Client client_5 - Epoch 3/5 completed. Average Loss: 0.0107
2025-06-24 06:13:48,273 [INFO] [src.federated.client] - Client client_5 - Epoch 4/5 completed. Average Loss: 0.0078
2025-06-24 06:13:48,283 [INFO] [src.federated.client] - Client client_5 - Epoch 5/5 completed. Average Loss: 0.0067
2025-06-24 06:13:48,284 [INFO] [src.federated.client] - Client client_5: Local training finished. Processed 715 samples.
2025-06-24 06:13:48,284 [INFO] [src.federated.client] - Client client_4: Starting local training for 5 epochs. Proximal term mu=0.0.
2025-06-24 06:13:48,295 [INFO] [src.federated.client] - Client client_4 - Epoch 1/5 completed. Average Loss: 0.0115
2025-06-24 06:13:48,305 [INFO] [src.federated.client] - Client client_4 - Epoch 2/5 completed. Average Loss: 0.0091
2025-06-24 06:13:48,314 [INFO] [src.federated.client] - Client client_4 - Epoch 3/5 completed. Average Loss: 0.0074
2025-06-24 06:13:48,330 [INFO] [src.federated.client] - Client client_4 - Epoch 4/5 completed. Average Loss: 0.0062
2025-06-24 06:13:48,341 [INFO] [src.federated.client] - Client client_4 - Epoch 5/5 completed. Average Loss: 0.0057
2025-06-24 06:13:48,342 [INFO] [src.federated.client] - Client client_4: Local training finished. Processed 715 samples.
2025-06-24 06:13:48,343 [INFO] [src.federated.client] - Client client_7: Starting local training for 5 epochs. Proximal term mu=0.0.
2025-06-24 06:13:48,354 [INFO] [src.federated.client] - Client client_7 - Epoch 1/5 completed. Average Loss: 0.1928
2025-06-24 06:13:48,368 [INFO] [src.federated.client] - Client client_7 - Epoch 2/5 completed. Average Loss: 0.1242
2025-06-24 06:13:48,385 [INFO] [src.federated.client] - Client client_7 - Epoch 3/5 completed. Average Loss: 0.0801
2025-06-24 06:13:48,403 [INFO] [src.federated.client] - Client client_7 - Epoch 4/5 completed. Average Loss: 0.0438
2025-06-24 06:13:48,421 [INFO] [src.federated.client] - Client client_7 - Epoch 5/5 completed. Average Loss: 0.0322
2025-06-24 06:13:48,422 [INFO] [src.federated.client] - Client client_7: Local training finished. Processed 715 samples.
2025-06-24 06:13:48,424 [INFO] [src.federated.client] - Client client_9: Starting local training for 5 epochs. Proximal term mu=0.0.
2025-06-24 06:13:48,442 [INFO] [src.federated.client] - Client client_9 - Epoch 1/5 completed. Average Loss: 0.0225
2025-06-24 06:13:48,460 [INFO] [src.federated.client] - Client client_9 - Epoch 2/5 completed. Average Loss: 0.0117
2025-06-24 06:13:48,478 [INFO] [src.federated.client] - Client client_9 - Epoch 3/5 completed. Average Loss: 0.0076
2025-06-24 06:13:48,495 [INFO] [src.federated.client] - Client client_9 - Epoch 4/5 completed. Average Loss: 0.0062
2025-06-24 06:13:48,512 [INFO] [src.federated.client] - Client client_9 - Epoch 5/5 completed. Average Loss: 0.0052
2025-06-24 06:13:48,513 [INFO] [src.federated.client] - Client client_9: Local training finished. Processed 750 samples.
2025-06-24 06:13:48,513 [INFO] [src.federated.server] - Aggregating updates from 10 clients using FedDive.
2025-06-24 06:13:48,514 [INFO] [src.federated.aggregation] - FedDive: Aggregating updates from 10 clients (momentum=0.9).
2025-06-24 06:13:48,516 [INFO] [src.federated.aggregation] - FedDive: Aggregation complete.
2025-06-24 06:13:48,518 [INFO] [src.federated.server] - Global model updated with aggregated parameters.
2025-06-24 06:13:48,518 [INFO] [src.federated.server] - Evaluating updated global model...
2025-06-24 06:13:48,524 [INFO] [src.federated.server] - Round 20 completed in 0.62s. Eval Metrics: {'loss': 0.09923522757987181, 'accuracy': 0.9666666666666667}
2025-06-24 06:13:48,525 [INFO] [src.federated.server] - ===== Starting Round 21/30 =====
2025-06-24 06:13:48,525 [INFO] [src.federated.server] - Starting federated training round...
2025-06-24 06:13:48,525 [INFO] [src.federated.server] - Selected 10 clients out of 10 available (fraction=1.0, min_clients=1): ['client_7', 'client_3', 'client_2', 'client_5', 'client_4', 'client_6', 'client_8', 'client_0', 'client_1', 'client_9']
2025-06-24 06:13:48,527 [INFO] [src.federated.client] - Client client_7: Starting local training for 5 epochs. Proximal term mu=0.0.
2025-06-24 06:13:48,543 [INFO] [src.federated.client] - Client client_7 - Epoch 1/5 completed. Average Loss: 0.1944
2025-06-24 06:13:48,558 [INFO] [src.federated.client] - Client client_7 - Epoch 2/5 completed. Average Loss: 0.1250
2025-06-24 06:13:48,574 [INFO] [src.federated.client] - Client client_7 - Epoch 3/5 completed. Average Loss: 0.0763
2025-06-24 06:13:48,588 [INFO] [src.federated.client] - Client client_7 - Epoch 4/5 completed. Average Loss: 0.0372
2025-06-24 06:13:48,602 [INFO] [src.federated.client] - Client client_7 - Epoch 5/5 completed. Average Loss: 0.0258
2025-06-24 06:13:48,603 [INFO] [src.federated.client] - Client client_7: Local training finished. Processed 715 samples.
2025-06-24 06:13:48,604 [INFO] [src.federated.client] - Client client_3: Starting local training for 5 epochs. Proximal term mu=0.0.
2025-06-24 06:13:48,621 [INFO] [src.federated.client] - Client client_3 - Epoch 1/5 completed. Average Loss: 0.1841
2025-06-24 06:13:48,636 [INFO] [src.federated.client] - Client client_3 - Epoch 2/5 completed. Average Loss: 0.1234
2025-06-24 06:13:48,653 [INFO] [src.federated.client] - Client client_3 - Epoch 3/5 completed. Average Loss: 0.0769
2025-06-24 06:13:48,669 [INFO] [src.federated.client] - Client client_3 - Epoch 4/5 completed. Average Loss: 0.0517
2025-06-24 06:13:48,683 [INFO] [src.federated.client] - Client client_3 - Epoch 5/5 completed. Average Loss: 0.0387
2025-06-24 06:13:48,684 [INFO] [src.federated.client] - Client client_3: Local training finished. Processed 715 samples.
2025-06-24 06:13:48,685 [INFO] [src.federated.client] - Client client_2: Starting local training for 5 epochs. Proximal term mu=0.0.
2025-06-24 06:13:48,699 [INFO] [src.federated.client] - Client client_2 - Epoch 1/5 completed. Average Loss: 0.0112
2025-06-24 06:13:48,713 [INFO] [src.federated.client] - Client client_2 - Epoch 2/5 completed. Average Loss: 0.0087
2025-06-24 06:13:48,727 [INFO] [src.federated.client] - Client client_2 - Epoch 3/5 completed. Average Loss: 0.0066
2025-06-24 06:13:48,742 [INFO] [src.federated.client] - Client client_2 - Epoch 4/5 completed. Average Loss: 0.0056
2025-06-24 06:13:48,757 [INFO] [src.federated.client] - Client client_2 - Epoch 5/5 completed. Average Loss: 0.0051
2025-06-24 06:13:48,758 [INFO] [src.federated.client] - Client client_2: Local training finished. Processed 715 samples.
2025-06-24 06:13:48,759 [INFO] [src.federated.client] - Client client_5: Starting local training for 5 epochs. Proximal term mu=0.0.
2025-06-24 06:13:48,773 [INFO] [src.federated.client] - Client client_5 - Epoch 1/5 completed. Average Loss: 0.0446
2025-06-24 06:13:48,788 [INFO] [src.federated.client] - Client client_5 - Epoch 2/5 completed. Average Loss: 0.0193
2025-06-24 06:13:48,801 [INFO] [src.federated.client] - Client client_5 - Epoch 3/5 completed. Average Loss: 0.0114
2025-06-24 06:13:48,815 [INFO] [src.federated.client] - Client client_5 - Epoch 4/5 completed. Average Loss: 0.0073
2025-06-24 06:13:48,829 [INFO] [src.federated.client] - Client client_5 - Epoch 5/5 completed. Average Loss: 0.0062
2025-06-24 06:13:48,830 [INFO] [src.federated.client] - Client client_5: Local training finished. Processed 715 samples.
2025-06-24 06:13:48,831 [INFO] [src.federated.client] - Client client_4: Starting local training for 5 epochs. Proximal term mu=0.0.
2025-06-24 06:13:48,845 [INFO] [src.federated.client] - Client client_4 - Epoch 1/5 completed. Average Loss: 0.0102
2025-06-24 06:13:48,861 [INFO] [src.federated.client] - Client client_4 - Epoch 2/5 completed. Average Loss: 0.0080
2025-06-24 06:13:48,875 [INFO] [src.federated.client] - Client client_4 - Epoch 3/5 completed. Average Loss: 0.0065
2025-06-24 06:13:48,890 [INFO] [src.federated.client] - Client client_4 - Epoch 4/5 completed. Average Loss: 0.0058
2025-06-24 06:13:48,904 [INFO] [src.federated.client] - Client client_4 - Epoch 5/5 completed. Average Loss: 0.0051
2025-06-24 06:13:48,904 [INFO] [src.federated.client] - Client client_4: Local training finished. Processed 715 samples.
2025-06-24 06:13:48,905 [INFO] [src.federated.client] - Client client_6: Starting local training for 5 epochs. Proximal term mu=0.0.
2025-06-24 06:13:48,920 [INFO] [src.federated.client] - Client client_6 - Epoch 1/5 completed. Average Loss: 0.0143
2025-06-24 06:13:48,934 [INFO] [src.federated.client] - Client client_6 - Epoch 2/5 completed. Average Loss: 0.0103
2025-06-24 06:13:48,947 [INFO] [src.federated.client] - Client client_6 - Epoch 3/5 completed. Average Loss: 0.0077
2025-06-24 06:13:48,961 [INFO] [src.federated.client] - Client client_6 - Epoch 4/5 completed. Average Loss: 0.0062
2025-06-24 06:13:48,975 [INFO] [src.federated.client] - Client client_6 - Epoch 5/5 completed. Average Loss: 0.0052
2025-06-24 06:13:48,976 [INFO] [src.federated.client] - Client client_6: Local training finished. Processed 715 samples.
2025-06-24 06:13:48,977 [INFO] [src.federated.client] - Client client_8: Starting local training for 5 epochs. Proximal term mu=0.0.
2025-06-24 06:13:48,990 [INFO] [src.federated.client] - Client client_8 - Epoch 1/5 completed. Average Loss: 0.0092
2025-06-24 06:13:49,006 [INFO] [src.federated.client] - Client client_8 - Epoch 2/5 completed. Average Loss: 0.0074
2025-06-24 06:13:49,021 [INFO] [src.federated.client] - Client client_8 - Epoch 3/5 completed. Average Loss: 0.0059
2025-06-24 06:13:49,037 [INFO] [src.federated.client] - Client client_8 - Epoch 4/5 completed. Average Loss: 0.0051
2025-06-24 06:13:49,050 [INFO] [src.federated.client] - Client client_8 - Epoch 5/5 completed. Average Loss: 0.0045
2025-06-24 06:13:49,051 [INFO] [src.federated.client] - Client client_8: Local training finished. Processed 715 samples.
2025-06-24 06:13:49,052 [INFO] [src.federated.client] - Client client_0: Starting local training for 5 epochs. Proximal term mu=0.0.
2025-06-24 06:13:49,067 [INFO] [src.federated.client] - Client client_0 - Epoch 1/5 completed. Average Loss: 0.0139
2025-06-24 06:13:49,083 [INFO] [src.federated.client] - Client client_0 - Epoch 2/5 completed. Average Loss: 0.0101
2025-06-24 06:13:49,097 [INFO] [src.federated.client] - Client client_0 - Epoch 3/5 completed. Average Loss: 0.0060
2025-06-24 06:13:49,113 [INFO] [src.federated.client] - Client client_0 - Epoch 4/5 completed. Average Loss: 0.0049
2025-06-24 06:13:49,127 [INFO] [src.federated.client] - Client client_0 - Epoch 5/5 completed. Average Loss: 0.0043
2025-06-24 06:13:49,128 [INFO] [src.federated.client] - Client client_0: Local training finished. Processed 715 samples.
2025-06-24 06:13:49,129 [INFO] [src.federated.client] - Client client_1: Starting local training for 5 epochs. Proximal term mu=0.0.
2025-06-24 06:13:49,142 [INFO] [src.federated.client] - Client client_1 - Epoch 1/5 completed. Average Loss: 0.0123
2025-06-24 06:13:49,157 [INFO] [src.federated.client] - Client client_1 - Epoch 2/5 completed. Average Loss: 0.0089
2025-06-24 06:13:49,171 [INFO] [src.federated.client] - Client client_1 - Epoch 3/5 completed. Average Loss: 0.0066
2025-06-24 06:13:49,186 [INFO] [src.federated.client] - Client client_1 - Epoch 4/5 completed. Average Loss: 0.0054
2025-06-24 06:13:49,200 [INFO] [src.federated.client] - Client client_1 - Epoch 5/5 completed. Average Loss: 0.0048
2025-06-24 06:13:49,201 [INFO] [src.federated.client] - Client client_1: Local training finished. Processed 715 samples.
2025-06-24 06:13:49,201 [INFO] [src.federated.client] - Client client_9: Starting local training for 5 epochs. Proximal term mu=0.0.
2025-06-24 06:13:49,216 [INFO] [src.federated.client] - Client client_9 - Epoch 1/5 completed. Average Loss: 0.0203
2025-06-24 06:13:49,231 [INFO] [src.federated.client] - Client client_9 - Epoch 2/5 completed. Average Loss: 0.0106
2025-06-24 06:13:49,245 [INFO] [src.federated.client] - Client client_9 - Epoch 3/5 completed. Average Loss: 0.0069
2025-06-24 06:13:49,258 [INFO] [src.federated.client] - Client client_9 - Epoch 4/5 completed. Average Loss: 0.0059
2025-06-24 06:13:49,271 [INFO] [src.federated.client] - Client client_9 - Epoch 5/5 completed. Average Loss: 0.0049
2025-06-24 06:13:49,272 [INFO] [src.federated.client] - Client client_9: Local training finished. Processed 750 samples.
2025-06-24 06:13:49,272 [INFO] [src.federated.server] - Aggregating updates from 10 clients using FedDive.
2025-06-24 06:13:49,272 [INFO] [src.federated.aggregation] - FedDive: Aggregating updates from 10 clients (momentum=0.9).
2025-06-24 06:13:49,274 [INFO] [src.federated.aggregation] - FedDive: Aggregation complete.
2025-06-24 06:13:49,275 [INFO] [src.federated.server] - Global model updated with aggregated parameters.
2025-06-24 06:13:49,275 [INFO] [src.federated.server] - Evaluating updated global model...
2025-06-24 06:13:49,281 [INFO] [src.federated.server] - Round 21 completed in 0.76s. Eval Metrics: {'loss': 0.09826600816514756, 'accuracy': 0.9694444444444444}
2025-06-24 06:13:49,281 [INFO] [src.federated.server] - ===== Starting Round 22/30 =====
2025-06-24 06:13:49,282 [INFO] [src.federated.server] - Starting federated training round...
2025-06-24 06:13:49,282 [INFO] [src.federated.server] - Selected 10 clients out of 10 available (fraction=1.0, min_clients=1): ['client_3', 'client_1', 'client_8', 'client_5', 'client_9', 'client_2', 'client_6', 'client_7', 'client_4', 'client_0']
2025-06-24 06:13:49,283 [INFO] [src.federated.client] - Client client_3: Starting local training for 5 epochs. Proximal term mu=0.0.
2025-06-24 06:13:49,298 [INFO] [src.federated.client] - Client client_3 - Epoch 1/5 completed. Average Loss: 0.1890
2025-06-24 06:13:49,312 [INFO] [src.federated.client] - Client client_3 - Epoch 2/5 completed. Average Loss: 0.1218
2025-06-24 06:13:49,326 [INFO] [src.federated.client] - Client client_3 - Epoch 3/5 completed. Average Loss: 0.0840
2025-06-24 06:13:49,342 [INFO] [src.federated.client] - Client client_3 - Epoch 4/5 completed. Average Loss: 0.0514
2025-06-24 06:13:49,356 [INFO] [src.federated.client] - Client client_3 - Epoch 5/5 completed. Average Loss: 0.0366
2025-06-24 06:13:49,356 [INFO] [src.federated.client] - Client client_3: Local training finished. Processed 715 samples.
2025-06-24 06:13:49,357 [INFO] [src.federated.client] - Client client_1: Starting local training for 5 epochs. Proximal term mu=0.0.
2025-06-24 06:13:49,372 [INFO] [src.federated.client] - Client client_1 - Epoch 1/5 completed. Average Loss: 0.0111
2025-06-24 06:13:49,386 [INFO] [src.federated.client] - Client client_1 - Epoch 2/5 completed. Average Loss: 0.0083
2025-06-24 06:13:49,401 [INFO] [src.federated.client] - Client client_1 - Epoch 3/5 completed. Average Loss: 0.0060
2025-06-24 06:13:49,416 [INFO] [src.federated.client] - Client client_1 - Epoch 4/5 completed. Average Loss: 0.0049
2025-06-24 06:13:49,428 [INFO] [src.federated.client] - Client client_1 - Epoch 5/5 completed. Average Loss: 0.0044
2025-06-24 06:13:49,429 [INFO] [src.federated.client] - Client client_1: Local training finished. Processed 715 samples.
2025-06-24 06:13:49,430 [INFO] [src.federated.client] - Client client_8: Starting local training for 5 epochs. Proximal term mu=0.0.
2025-06-24 06:13:49,443 [INFO] [src.federated.client] - Client client_8 - Epoch 1/5 completed. Average Loss: 0.0083
2025-06-24 06:13:49,456 [INFO] [src.federated.client] - Client client_8 - Epoch 2/5 completed. Average Loss: 0.0068
2025-06-24 06:13:49,470 [INFO] [src.federated.client] - Client client_8 - Epoch 3/5 completed. Average Loss: 0.0055
2025-06-24 06:13:49,485 [INFO] [src.federated.client] - Client client_8 - Epoch 4/5 completed. Average Loss: 0.0046
2025-06-24 06:13:49,500 [INFO] [src.federated.client] - Client client_8 - Epoch 5/5 completed. Average Loss: 0.0041
2025-06-24 06:13:49,501 [INFO] [src.federated.client] - Client client_8: Local training finished. Processed 715 samples.
2025-06-24 06:13:49,501 [INFO] [src.federated.client] - Client client_5: Starting local training for 5 epochs. Proximal term mu=0.0.
2025-06-24 06:13:49,516 [INFO] [src.federated.client] - Client client_5 - Epoch 1/5 completed. Average Loss: 0.0437
2025-06-24 06:13:49,529 [INFO] [src.federated.client] - Client client_5 - Epoch 2/5 completed. Average Loss: 0.0156
2025-06-24 06:13:49,544 [INFO] [src.federated.client] - Client client_5 - Epoch 3/5 completed. Average Loss: 0.0085
2025-06-24 06:13:49,558 [INFO] [src.federated.client] - Client client_5 - Epoch 4/5 completed. Average Loss: 0.0066
2025-06-24 06:13:49,573 [INFO] [src.federated.client] - Client client_5 - Epoch 5/5 completed. Average Loss: 0.0058
2025-06-24 06:13:49,574 [INFO] [src.federated.client] - Client client_5: Local training finished. Processed 715 samples.
2025-06-24 06:13:49,575 [INFO] [src.federated.client] - Client client_9: Starting local training for 5 epochs. Proximal term mu=0.0.
2025-06-24 06:13:49,591 [INFO] [src.federated.client] - Client client_9 - Epoch 1/5 completed. Average Loss: 0.0191
2025-06-24 06:13:49,606 [INFO] [src.federated.client] - Client client_9 - Epoch 2/5 completed. Average Loss: 0.0110
2025-06-24 06:13:49,622 [INFO] [src.federated.client] - Client client_9 - Epoch 3/5 completed. Average Loss: 0.0062
2025-06-24 06:13:49,638 [INFO] [src.federated.client] - Client client_9 - Epoch 4/5 completed. Average Loss: 0.0054
2025-06-24 06:13:49,654 [INFO] [src.federated.client] - Client client_9 - Epoch 5/5 completed. Average Loss: 0.0047
2025-06-24 06:13:49,655 [INFO] [src.federated.client] - Client client_9: Local training finished. Processed 750 samples.
2025-06-24 06:13:49,656 [INFO] [src.federated.client] - Client client_2: Starting local training for 5 epochs. Proximal term mu=0.0.
2025-06-24 06:13:49,674 [INFO] [src.federated.client] - Client client_2 - Epoch 1/5 completed. Average Loss: 0.0105
2025-06-24 06:13:49,689 [INFO] [src.federated.client] - Client client_2 - Epoch 2/5 completed. Average Loss: 0.0076
2025-06-24 06:13:49,705 [INFO] [src.federated.client] - Client client_2 - Epoch 3/5 completed. Average Loss: 0.0062
2025-06-24 06:13:49,719 [INFO] [src.federated.client] - Client client_2 - Epoch 4/5 completed. Average Loss: 0.0053
2025-06-24 06:13:49,734 [INFO] [src.federated.client] - Client client_2 - Epoch 5/5 completed. Average Loss: 0.0046
2025-06-24 06:13:49,734 [INFO] [src.federated.client] - Client client_2: Local training finished. Processed 715 samples.
2025-06-24 06:13:49,735 [INFO] [src.federated.client] - Client client_6: Starting local training for 5 epochs. Proximal term mu=0.0.
2025-06-24 06:13:49,750 [INFO] [src.federated.client] - Client client_6 - Epoch 1/5 completed. Average Loss: 0.0120
2025-06-24 06:13:49,764 [INFO] [src.federated.client] - Client client_6 - Epoch 2/5 completed. Average Loss: 0.0090
2025-06-24 06:13:49,780 [INFO] [src.federated.client] - Client client_6 - Epoch 3/5 completed. Average Loss: 0.0069
2025-06-24 06:13:49,793 [INFO] [src.federated.client] - Client client_6 - Epoch 4/5 completed. Average Loss: 0.0054
2025-06-24 06:13:49,810 [INFO] [src.federated.client] - Client client_6 - Epoch 5/5 completed. Average Loss: 0.0048
2025-06-24 06:13:49,811 [INFO] [src.federated.client] - Client client_6: Local training finished. Processed 715 samples.
2025-06-24 06:13:49,812 [INFO] [src.federated.client] - Client client_7: Starting local training for 5 epochs. Proximal term mu=0.0.
2025-06-24 06:13:49,831 [INFO] [src.federated.client] - Client client_7 - Epoch 1/5 completed. Average Loss: 0.1876
2025-06-24 06:13:49,846 [INFO] [src.federated.client] - Client client_7 - Epoch 2/5 completed. Average Loss: 0.1317
2025-06-24 06:13:49,860 [INFO] [src.federated.client] - Client client_7 - Epoch 3/5 completed. Average Loss: 0.0740
2025-06-24 06:13:49,874 [INFO] [src.federated.client] - Client client_7 - Epoch 4/5 completed. Average Loss: 0.0386
2025-06-24 06:13:49,887 [INFO] [src.federated.client] - Client client_7 - Epoch 5/5 completed. Average Loss: 0.0264
2025-06-24 06:13:49,888 [INFO] [src.federated.client] - Client client_7: Local training finished. Processed 715 samples.
2025-06-24 06:13:49,888 [INFO] [src.federated.client] - Client client_4: Starting local training for 5 epochs. Proximal term mu=0.0.
2025-06-24 06:13:49,902 [INFO] [src.federated.client] - Client client_4 - Epoch 1/5 completed. Average Loss: 0.0091
2025-06-24 06:13:49,916 [INFO] [src.federated.client] - Client client_4 - Epoch 2/5 completed. Average Loss: 0.0073
2025-06-24 06:13:49,930 [INFO] [src.federated.client] - Client client_4 - Epoch 3/5 completed. Average Loss: 0.0059
2025-06-24 06:13:49,943 [INFO] [src.federated.client] - Client client_4 - Epoch 4/5 completed. Average Loss: 0.0053
2025-06-24 06:13:49,957 [INFO] [src.federated.client] - Client client_4 - Epoch 5/5 completed. Average Loss: 0.0047
2025-06-24 06:13:49,957 [INFO] [src.federated.client] - Client client_4: Local training finished. Processed 715 samples.
2025-06-24 06:13:49,958 [INFO] [src.federated.client] - Client client_0: Starting local training for 5 epochs. Proximal term mu=0.0.
2025-06-24 06:13:49,973 [INFO] [src.federated.client] - Client client_0 - Epoch 1/5 completed. Average Loss: 0.0127
2025-06-24 06:13:49,987 [INFO] [src.federated.client] - Client client_0 - Epoch 2/5 completed. Average Loss: 0.0083
2025-06-24 06:13:50,000 [INFO] [src.federated.client] - Client client_0 - Epoch 3/5 completed. Average Loss: 0.0051
2025-06-24 06:13:50,015 [INFO] [src.federated.client] - Client client_0 - Epoch 4/5 completed. Average Loss: 0.0044
2025-06-24 06:13:50,029 [INFO] [src.federated.client] - Client client_0 - Epoch 5/5 completed. Average Loss: 0.0039
2025-06-24 06:13:50,029 [INFO] [src.federated.client] - Client client_0: Local training finished. Processed 715 samples.
2025-06-24 06:13:50,030 [INFO] [src.federated.server] - Aggregating updates from 10 clients using FedDive.
2025-06-24 06:13:50,030 [INFO] [src.federated.aggregation] - FedDive: Aggregating updates from 10 clients (momentum=0.9).
2025-06-24 06:13:50,032 [INFO] [src.federated.aggregation] - FedDive: Aggregation complete.
2025-06-24 06:13:50,033 [INFO] [src.federated.server] - Global model updated with aggregated parameters.
2025-06-24 06:13:50,033 [INFO] [src.federated.server] - Evaluating updated global model...
2025-06-24 06:13:50,039 [INFO] [src.federated.server] - Round 22 completed in 0.76s. Eval Metrics: {'loss': 0.09669270068407058, 'accuracy': 0.9694444444444444}
2025-06-24 06:13:50,039 [INFO] [src.federated.server] - ===== Starting Round 23/30 =====
2025-06-24 06:13:50,039 [INFO] [src.federated.server] - Starting federated training round...
2025-06-24 06:13:50,040 [INFO] [src.federated.server] - Selected 10 clients out of 10 available (fraction=1.0, min_clients=1): ['client_1', 'client_0', 'client_6', 'client_5', 'client_2', 'client_8', 'client_9', 'client_4', 'client_7', 'client_3']
2025-06-24 06:13:50,041 [INFO] [src.federated.client] - Client client_1: Starting local training for 5 epochs. Proximal term mu=0.0.
2025-06-24 06:13:50,057 [INFO] [src.federated.client] - Client client_1 - Epoch 1/5 completed. Average Loss: 0.0102
2025-06-24 06:13:50,072 [INFO] [src.federated.client] - Client client_1 - Epoch 2/5 completed. Average Loss: 0.0073
2025-06-24 06:13:50,087 [INFO] [src.federated.client] - Client client_1 - Epoch 3/5 completed. Average Loss: 0.0055
2025-06-24 06:13:50,100 [INFO] [src.federated.client] - Client client_1 - Epoch 4/5 completed. Average Loss: 0.0045
2025-06-24 06:13:50,118 [INFO] [src.federated.client] - Client client_1 - Epoch 5/5 completed. Average Loss: 0.0039
2025-06-24 06:13:50,119 [INFO] [src.federated.client] - Client client_1: Local training finished. Processed 715 samples.
2025-06-24 06:13:50,119 [INFO] [src.federated.client] - Client client_0: Starting local training for 5 epochs. Proximal term mu=0.0.
2025-06-24 06:13:50,134 [INFO] [src.federated.client] - Client client_0 - Epoch 1/5 completed. Average Loss: 0.0115
2025-06-24 06:13:50,148 [INFO] [src.federated.client] - Client client_0 - Epoch 2/5 completed. Average Loss: 0.0071
2025-06-24 06:13:50,162 [INFO] [src.federated.client] - Client client_0 - Epoch 3/5 completed. Average Loss: 0.0052
2025-06-24 06:13:50,177 [INFO] [src.federated.client] - Client client_0 - Epoch 4/5 completed. Average Loss: 0.0043
2025-06-24 06:13:50,191 [INFO] [src.federated.client] - Client client_0 - Epoch 5/5 completed. Average Loss: 0.0037
2025-06-24 06:13:50,192 [INFO] [src.federated.client] - Client client_0: Local training finished. Processed 715 samples.
2025-06-24 06:13:50,193 [INFO] [src.federated.client] - Client client_6: Starting local training for 5 epochs. Proximal term mu=0.0.
2025-06-24 06:13:50,207 [INFO] [src.federated.client] - Client client_6 - Epoch 1/5 completed. Average Loss: 0.0106
2025-06-24 06:13:50,220 [INFO] [src.federated.client] - Client client_6 - Epoch 2/5 completed. Average Loss: 0.0081
2025-06-24 06:13:50,234 [INFO] [src.federated.client] - Client client_6 - Epoch 3/5 completed. Average Loss: 0.0061
2025-06-24 06:13:50,246 [INFO] [src.federated.client] - Client client_6 - Epoch 4/5 completed. Average Loss: 0.0052
2025-06-24 06:13:50,260 [INFO] [src.federated.client] - Client client_6 - Epoch 5/5 completed. Average Loss: 0.0045
2025-06-24 06:13:50,261 [INFO] [src.federated.client] - Client client_6: Local training finished. Processed 715 samples.
2025-06-24 06:13:50,262 [INFO] [src.federated.client] - Client client_5: Starting local training for 5 epochs. Proximal term mu=0.0.
2025-06-24 06:13:50,275 [INFO] [src.federated.client] - Client client_5 - Epoch 1/5 completed. Average Loss: 0.0409
2025-06-24 06:13:50,288 [INFO] [src.federated.client] - Client client_5 - Epoch 2/5 completed. Average Loss: 0.0179
2025-06-24 06:13:50,301 [INFO] [src.federated.client] - Client client_5 - Epoch 3/5 completed. Average Loss: 0.0081
2025-06-24 06:13:50,314 [INFO] [src.federated.client] - Client client_5 - Epoch 4/5 completed. Average Loss: 0.0062
2025-06-24 06:13:50,329 [INFO] [src.federated.client] - Client client_5 - Epoch 5/5 completed. Average Loss: 0.0053
2025-06-24 06:13:50,329 [INFO] [src.federated.client] - Client client_5: Local training finished. Processed 715 samples.
2025-06-24 06:13:50,330 [INFO] [src.federated.client] - Client client_2: Starting local training for 5 epochs. Proximal term mu=0.0.
2025-06-24 06:13:50,345 [INFO] [src.federated.client] - Client client_2 - Epoch 1/5 completed. Average Loss: 0.0095
2025-06-24 06:13:50,359 [INFO] [src.federated.client] - Client client_2 - Epoch 2/5 completed. Average Loss: 0.0071
2025-06-24 06:13:50,375 [INFO] [src.federated.client] - Client client_2 - Epoch 3/5 completed. Average Loss: 0.0057
2025-06-24 06:13:50,390 [INFO] [src.federated.client] - Client client_2 - Epoch 4/5 completed. Average Loss: 0.0047
2025-06-24 06:13:50,402 [INFO] [src.federated.client] - Client client_2 - Epoch 5/5 completed. Average Loss: 0.0042
2025-06-24 06:13:50,403 [INFO] [src.federated.client] - Client client_2: Local training finished. Processed 715 samples.
2025-06-24 06:13:50,404 [INFO] [src.federated.client] - Client client_8: Starting local training for 5 epochs. Proximal term mu=0.0.
2025-06-24 06:13:50,417 [INFO] [src.federated.client] - Client client_8 - Epoch 1/5 completed. Average Loss: 0.0077
2025-06-24 06:13:50,431 [INFO] [src.federated.client] - Client client_8 - Epoch 2/5 completed. Average Loss: 0.0063
2025-06-24 06:13:50,447 [INFO] [src.federated.client] - Client client_8 - Epoch 3/5 completed. Average Loss: 0.0051
2025-06-24 06:13:50,461 [INFO] [src.federated.client] - Client client_8 - Epoch 4/5 completed. Average Loss: 0.0044
2025-06-24 06:13:50,475 [INFO] [src.federated.client] - Client client_8 - Epoch 5/5 completed. Average Loss: 0.0038
2025-06-24 06:13:50,476 [INFO] [src.federated.client] - Client client_8: Local training finished. Processed 715 samples.
2025-06-24 06:13:50,477 [INFO] [src.federated.client] - Client client_9: Starting local training for 5 epochs. Proximal term mu=0.0.
2025-06-24 06:13:50,492 [INFO] [src.federated.client] - Client client_9 - Epoch 1/5 completed. Average Loss: 0.0172
2025-06-24 06:13:50,507 [INFO] [src.federated.client] - Client client_9 - Epoch 2/5 completed. Average Loss: 0.0079
2025-06-24 06:13:50,522 [INFO] [src.federated.client] - Client client_9 - Epoch 3/5 completed. Average Loss: 0.0060
2025-06-24 06:13:50,539 [INFO] [src.federated.client] - Client client_9 - Epoch 4/5 completed. Average Loss: 0.0050
2025-06-24 06:13:50,555 [INFO] [src.federated.client] - Client client_9 - Epoch 5/5 completed. Average Loss: 0.0042
2025-06-24 06:13:50,556 [INFO] [src.federated.client] - Client client_9: Local training finished. Processed 750 samples.
2025-06-24 06:13:50,557 [INFO] [src.federated.client] - Client client_4: Starting local training for 5 epochs. Proximal term mu=0.0.
2025-06-24 06:13:50,574 [INFO] [src.federated.client] - Client client_4 - Epoch 1/5 completed. Average Loss: 0.0085
2025-06-24 06:13:50,591 [INFO] [src.federated.client] - Client client_4 - Epoch 2/5 completed. Average Loss: 0.0069
2025-06-24 06:13:50,606 [INFO] [src.federated.client] - Client client_4 - Epoch 3/5 completed. Average Loss: 0.0056
2025-06-24 06:13:50,621 [INFO] [src.federated.client] - Client client_4 - Epoch 4/5 completed. Average Loss: 0.0048
2025-06-24 06:13:50,636 [INFO] [src.federated.client] - Client client_4 - Epoch 5/5 completed. Average Loss: 0.0044
2025-06-24 06:13:50,637 [INFO] [src.federated.client] - Client client_4: Local training finished. Processed 715 samples.
2025-06-24 06:13:50,638 [INFO] [src.federated.client] - Client client_7: Starting local training for 5 epochs. Proximal term mu=0.0.
2025-06-24 06:13:50,652 [INFO] [src.federated.client] - Client client_7 - Epoch 1/5 completed. Average Loss: 0.1885
2025-06-24 06:13:50,665 [INFO] [src.federated.client] - Client client_7 - Epoch 2/5 completed. Average Loss: 0.1352
2025-06-24 06:13:50,678 [INFO] [src.federated.client] - Client client_7 - Epoch 3/5 completed. Average Loss: 0.0693
2025-06-24 06:13:50,692 [INFO] [src.federated.client] - Client client_7 - Epoch 4/5 completed. Average Loss: 0.0425
2025-06-24 06:13:50,707 [INFO] [src.federated.client] - Client client_7 - Epoch 5/5 completed. Average Loss: 0.0248
2025-06-24 06:13:50,708 [INFO] [src.federated.client] - Client client_7: Local training finished. Processed 715 samples.
2025-06-24 06:13:50,709 [INFO] [src.federated.client] - Client client_3: Starting local training for 5 epochs. Proximal term mu=0.0.
2025-06-24 06:13:50,725 [INFO] [src.federated.client] - Client client_3 - Epoch 1/5 completed. Average Loss: 0.1886
2025-06-24 06:13:50,740 [INFO] [src.federated.client] - Client client_3 - Epoch 2/5 completed. Average Loss: 0.1150
2025-06-24 06:13:50,754 [INFO] [src.federated.client] - Client client_3 - Epoch 3/5 completed. Average Loss: 0.0749
2025-06-24 06:13:50,768 [INFO] [src.federated.client] - Client client_3 - Epoch 4/5 completed. Average Loss: 0.0528
2025-06-24 06:13:50,783 [INFO] [src.federated.client] - Client client_3 - Epoch 5/5 completed. Average Loss: 0.0352
2025-06-24 06:13:50,784 [INFO] [src.federated.client] - Client client_3: Local training finished. Processed 715 samples.
2025-06-24 06:13:50,784 [INFO] [src.federated.server] - Aggregating updates from 10 clients using FedDive.
2025-06-24 06:13:50,784 [INFO] [src.federated.aggregation] - FedDive: Aggregating updates from 10 clients (momentum=0.9).
2025-06-24 06:13:50,787 [INFO] [src.federated.aggregation] - FedDive: Aggregation complete.
2025-06-24 06:13:50,788 [INFO] [src.federated.server] - Global model updated with aggregated parameters.
2025-06-24 06:13:50,788 [INFO] [src.federated.server] - Evaluating updated global model...
2025-06-24 06:13:50,794 [INFO] [src.federated.server] - Round 23 completed in 0.75s. Eval Metrics: {'loss': 0.09591451295548015, 'accuracy': 0.9694444444444444}
2025-06-24 06:13:50,794 [INFO] [src.federated.server] - ===== Starting Round 24/30 =====
2025-06-24 06:13:50,794 [INFO] [src.federated.server] - Starting federated training round...
2025-06-24 06:13:50,794 [INFO] [src.federated.server] - Selected 10 clients out of 10 available (fraction=1.0, min_clients=1): ['client_2', 'client_6', 'client_9', 'client_7', 'client_3', 'client_1', 'client_0', 'client_4', 'client_5', 'client_8']
2025-06-24 06:13:50,796 [INFO] [src.federated.client] - Client client_2: Starting local training for 5 epochs. Proximal term mu=0.0.
2025-06-24 06:13:50,813 [INFO] [src.federated.client] - Client client_2 - Epoch 1/5 completed. Average Loss: 0.0087
2025-06-24 06:13:50,828 [INFO] [src.federated.client] - Client client_2 - Epoch 2/5 completed. Average Loss: 0.0065
2025-06-24 06:13:50,845 [INFO] [src.federated.client] - Client client_2 - Epoch 3/5 completed. Average Loss: 0.0052
2025-06-24 06:13:50,860 [INFO] [src.federated.client] - Client client_2 - Epoch 4/5 completed. Average Loss: 0.0044
2025-06-24 06:13:50,874 [INFO] [src.federated.client] - Client client_2 - Epoch 5/5 completed. Average Loss: 0.0038
2025-06-24 06:13:50,874 [INFO] [src.federated.client] - Client client_2: Local training finished. Processed 715 samples.
2025-06-24 06:13:50,875 [INFO] [src.federated.client] - Client client_6: Starting local training for 5 epochs. Proximal term mu=0.0.
2025-06-24 06:13:50,889 [INFO] [src.federated.client] - Client client_6 - Epoch 1/5 completed. Average Loss: 0.0099
2025-06-24 06:13:50,903 [INFO] [src.federated.client] - Client client_6 - Epoch 2/5 completed. Average Loss: 0.0076
2025-06-24 06:13:50,918 [INFO] [src.federated.client] - Client client_6 - Epoch 3/5 completed. Average Loss: 0.0059
2025-06-24 06:13:50,932 [INFO] [src.federated.client] - Client client_6 - Epoch 4/5 completed. Average Loss: 0.0048
2025-06-24 06:13:50,946 [INFO] [src.federated.client] - Client client_6 - Epoch 5/5 completed. Average Loss: 0.0041
2025-06-24 06:13:50,947 [INFO] [src.federated.client] - Client client_6: Local training finished. Processed 715 samples.
2025-06-24 06:13:50,948 [INFO] [src.federated.client] - Client client_9: Starting local training for 5 epochs. Proximal term mu=0.0.
2025-06-24 06:13:50,962 [INFO] [src.federated.client] - Client client_9 - Epoch 1/5 completed. Average Loss: 0.0149
2025-06-24 06:13:50,976 [INFO] [src.federated.client] - Client client_9 - Epoch 2/5 completed. Average Loss: 0.0067
2025-06-24 06:13:50,991 [INFO] [src.federated.client] - Client client_9 - Epoch 3/5 completed. Average Loss: 0.0053
2025-06-24 06:13:51,006 [INFO] [src.federated.client] - Client client_9 - Epoch 4/5 completed. Average Loss: 0.0047
2025-06-24 06:13:51,019 [INFO] [src.federated.client] - Client client_9 - Epoch 5/5 completed. Average Loss: 0.0042
2025-06-24 06:13:51,020 [INFO] [src.federated.client] - Client client_9: Local training finished. Processed 750 samples.
2025-06-24 06:13:51,020 [INFO] [src.federated.client] - Client client_7: Starting local training for 5 epochs. Proximal term mu=0.0.
2025-06-24 06:13:51,034 [INFO] [src.federated.client] - Client client_7 - Epoch 1/5 completed. Average Loss: 0.1876
2025-06-24 06:13:51,049 [INFO] [src.federated.client] - Client client_7 - Epoch 2/5 completed. Average Loss: 0.1312
2025-06-24 06:13:51,063 [INFO] [src.federated.client] - Client client_7 - Epoch 3/5 completed. Average Loss: 0.0765
2025-06-24 06:13:51,076 [INFO] [src.federated.client] - Client client_7 - Epoch 4/5 completed. Average Loss: 0.0397
2025-06-24 06:13:51,089 [INFO] [src.federated.client] - Client client_7 - Epoch 5/5 completed. Average Loss: 0.0248
2025-06-24 06:13:51,090 [INFO] [src.federated.client] - Client client_7: Local training finished. Processed 715 samples.
2025-06-24 06:13:51,091 [INFO] [src.federated.client] - Client client_3: Starting local training for 5 epochs. Proximal term mu=0.0.
2025-06-24 06:13:51,105 [INFO] [src.federated.client] - Client client_3 - Epoch 1/5 completed. Average Loss: 0.1870
2025-06-24 06:13:51,120 [INFO] [src.federated.client] - Client client_3 - Epoch 2/5 completed. Average Loss: 0.1237
2025-06-24 06:13:51,133 [INFO] [src.federated.client] - Client client_3 - Epoch 3/5 completed. Average Loss: 0.0747
2025-06-24 06:13:51,148 [INFO] [src.federated.client] - Client client_3 - Epoch 4/5 completed. Average Loss: 0.0478
2025-06-24 06:13:51,163 [INFO] [src.federated.client] - Client client_3 - Epoch 5/5 completed. Average Loss: 0.0337
2025-06-24 06:13:51,164 [INFO] [src.federated.client] - Client client_3: Local training finished. Processed 715 samples.
2025-06-24 06:13:51,165 [INFO] [src.federated.client] - Client client_1: Starting local training for 5 epochs. Proximal term mu=0.0.
2025-06-24 06:13:51,182 [INFO] [src.federated.client] - Client client_1 - Epoch 1/5 completed. Average Loss: 0.0094
2025-06-24 06:13:51,197 [INFO] [src.federated.client] - Client client_1 - Epoch 2/5 completed. Average Loss: 0.0067
2025-06-24 06:13:51,213 [INFO] [src.federated.client] - Client client_1 - Epoch 3/5 completed. Average Loss: 0.0050
2025-06-24 06:13:51,230 [INFO] [src.federated.client] - Client client_1 - Epoch 4/5 completed. Average Loss: 0.0042
2025-06-24 06:13:51,246 [INFO] [src.federated.client] - Client client_1 - Epoch 5/5 completed. Average Loss: 0.0038
2025-06-24 06:13:51,247 [INFO] [src.federated.client] - Client client_1: Local training finished. Processed 715 samples.
2025-06-24 06:13:51,248 [INFO] [src.federated.client] - Client client_0: Starting local training for 5 epochs. Proximal term mu=0.0.
2025-06-24 06:13:51,264 [INFO] [src.federated.client] - Client client_0 - Epoch 1/5 completed. Average Loss: 0.0110
2025-06-24 06:13:51,280 [INFO] [src.federated.client] - Client client_0 - Epoch 2/5 completed. Average Loss: 0.0061
2025-06-24 06:13:51,295 [INFO] [src.federated.client] - Client client_0 - Epoch 3/5 completed. Average Loss: 0.0044
2025-06-24 06:13:51,312 [INFO] [src.federated.client] - Client client_0 - Epoch 4/5 completed. Average Loss: 0.0038
2025-06-24 06:13:51,327 [INFO] [src.federated.client] - Client client_0 - Epoch 5/5 completed. Average Loss: 0.0034
2025-06-24 06:13:51,328 [INFO] [src.federated.client] - Client client_0: Local training finished. Processed 715 samples.
2025-06-24 06:13:51,329 [INFO] [src.federated.client] - Client client_4: Starting local training for 5 epochs. Proximal term mu=0.0.
2025-06-24 06:13:51,344 [INFO] [src.federated.client] - Client client_4 - Epoch 1/5 completed. Average Loss: 0.0076
2025-06-24 06:13:51,361 [INFO] [src.federated.client] - Client client_4 - Epoch 2/5 completed. Average Loss: 0.0061
2025-06-24 06:13:51,377 [INFO] [src.federated.client] - Client client_4 - Epoch 3/5 completed. Average Loss: 0.0051
2025-06-24 06:13:51,392 [INFO] [src.federated.client] - Client client_4 - Epoch 4/5 completed. Average Loss: 0.0044
2025-06-24 06:13:51,409 [INFO] [src.federated.client] - Client client_4 - Epoch 5/5 completed. Average Loss: 0.0040
2025-06-24 06:13:51,410 [INFO] [src.federated.client] - Client client_4: Local training finished. Processed 715 samples.
2025-06-24 06:13:51,411 [INFO] [src.federated.client] - Client client_5: Starting local training for 5 epochs. Proximal term mu=0.0.
2025-06-24 06:13:51,427 [INFO] [src.federated.client] - Client client_5 - Epoch 1/5 completed. Average Loss: 0.0392
2025-06-24 06:13:51,442 [INFO] [src.federated.client] - Client client_5 - Epoch 2/5 completed. Average Loss: 0.0137
2025-06-24 06:13:51,460 [INFO] [src.federated.client] - Client client_5 - Epoch 3/5 completed. Average Loss: 0.0080
2025-06-24 06:13:51,475 [INFO] [src.federated.client] - Client client_5 - Epoch 4/5 completed. Average Loss: 0.0057
2025-06-24 06:13:51,491 [INFO] [src.federated.client] - Client client_5 - Epoch 5/5 completed. Average Loss: 0.0046
2025-06-24 06:13:51,492 [INFO] [src.federated.client] - Client client_5: Local training finished. Processed 715 samples.
2025-06-24 06:13:51,493 [INFO] [src.federated.client] - Client client_8: Starting local training for 5 epochs. Proximal term mu=0.0.
2025-06-24 06:13:51,510 [INFO] [src.federated.client] - Client client_8 - Epoch 1/5 completed. Average Loss: 0.0070
2025-06-24 06:13:51,526 [INFO] [src.federated.client] - Client client_8 - Epoch 2/5 completed. Average Loss: 0.0058
2025-06-24 06:13:51,542 [INFO] [src.federated.client] - Client client_8 - Epoch 3/5 completed. Average Loss: 0.0046
2025-06-24 06:13:51,557 [INFO] [src.federated.client] - Client client_8 - Epoch 4/5 completed. Average Loss: 0.0040
2025-06-24 06:13:51,571 [INFO] [src.federated.client] - Client client_8 - Epoch 5/5 completed. Average Loss: 0.0036
2025-06-24 06:13:51,572 [INFO] [src.federated.client] - Client client_8: Local training finished. Processed 715 samples.
2025-06-24 06:13:51,572 [INFO] [src.federated.server] - Aggregating updates from 10 clients using FedDive.
2025-06-24 06:13:51,572 [INFO] [src.federated.aggregation] - FedDive: Aggregating updates from 10 clients (momentum=0.9).
2025-06-24 06:13:51,575 [INFO] [src.federated.aggregation] - FedDive: Aggregation complete.
2025-06-24 06:13:51,576 [INFO] [src.federated.server] - Global model updated with aggregated parameters.
2025-06-24 06:13:51,576 [INFO] [src.federated.server] - Evaluating updated global model...
2025-06-24 06:13:51,581 [INFO] [src.federated.server] - Round 24 completed in 0.79s. Eval Metrics: {'loss': 0.09543217176364528, 'accuracy': 0.9694444444444444}
2025-06-24 06:13:51,581 [INFO] [src.federated.server] - ===== Starting Round 25/30 =====
2025-06-24 06:13:51,582 [INFO] [src.federated.server] - Starting federated training round...
2025-06-24 06:13:51,582 [INFO] [src.federated.server] - Selected 10 clients out of 10 available (fraction=1.0, min_clients=1): ['client_8', 'client_0', 'client_1', 'client_6', 'client_7', 'client_5', 'client_3', 'client_4', 'client_2', 'client_9']
2025-06-24 06:13:51,583 [INFO] [src.federated.client] - Client client_8: Starting local training for 5 epochs. Proximal term mu=0.0.
2025-06-24 06:13:51,598 [INFO] [src.federated.client] - Client client_8 - Epoch 1/5 completed. Average Loss: 0.0064
2025-06-24 06:13:51,612 [INFO] [src.federated.client] - Client client_8 - Epoch 2/5 completed. Average Loss: 0.0053
2025-06-24 06:13:51,626 [INFO] [src.federated.client] - Client client_8 - Epoch 3/5 completed. Average Loss: 0.0043
2025-06-24 06:13:51,640 [INFO] [src.federated.client] - Client client_8 - Epoch 4/5 completed. Average Loss: 0.0038
2025-06-24 06:13:51,654 [INFO] [src.federated.client] - Client client_8 - Epoch 5/5 completed. Average Loss: 0.0034
2025-06-24 06:13:51,655 [INFO] [src.federated.client] - Client client_8: Local training finished. Processed 715 samples.
2025-06-24 06:13:51,656 [INFO] [src.federated.client] - Client client_0: Starting local training for 5 epochs. Proximal term mu=0.0.
2025-06-24 06:13:51,672 [INFO] [src.federated.client] - Client client_0 - Epoch 1/5 completed. Average Loss: 0.0104
2025-06-24 06:13:51,687 [INFO] [src.federated.client] - Client client_0 - Epoch 2/5 completed. Average Loss: 0.0063
2025-06-24 06:13:51,703 [INFO] [src.federated.client] - Client client_0 - Epoch 3/5 completed. Average Loss: 0.0042
2025-06-24 06:13:51,718 [INFO] [src.federated.client] - Client client_0 - Epoch 4/5 completed. Average Loss: 0.0035
2025-06-24 06:13:51,733 [INFO] [src.federated.client] - Client client_0 - Epoch 5/5 completed. Average Loss: 0.0031
2025-06-24 06:13:51,734 [INFO] [src.federated.client] - Client client_0: Local training finished. Processed 715 samples.
2025-06-24 06:13:51,735 [INFO] [src.federated.client] - Client client_1: Starting local training for 5 epochs. Proximal term mu=0.0.
2025-06-24 06:13:51,752 [INFO] [src.federated.client] - Client client_1 - Epoch 1/5 completed. Average Loss: 0.0083
2025-06-24 06:13:51,767 [INFO] [src.federated.client] - Client client_1 - Epoch 2/5 completed. Average Loss: 0.0060
2025-06-24 06:13:51,783 [INFO] [src.federated.client] - Client client_1 - Epoch 3/5 completed. Average Loss: 0.0044
2025-06-24 06:13:51,799 [INFO] [src.federated.client] - Client client_1 - Epoch 4/5 completed. Average Loss: 0.0039
2025-06-24 06:13:51,813 [INFO] [src.federated.client] - Client client_1 - Epoch 5/5 completed. Average Loss: 0.0034
2025-06-24 06:13:51,814 [INFO] [src.federated.client] - Client client_1: Local training finished. Processed 715 samples.
2025-06-24 06:13:51,815 [INFO] [src.federated.client] - Client client_6: Starting local training for 5 epochs. Proximal term mu=0.0.
2025-06-24 06:13:51,830 [INFO] [src.federated.client] - Client client_6 - Epoch 1/5 completed. Average Loss: 0.0091
2025-06-24 06:13:51,843 [INFO] [src.federated.client] - Client client_6 - Epoch 2/5 completed. Average Loss: 0.0066
2025-06-24 06:13:51,858 [INFO] [src.federated.client] - Client client_6 - Epoch 3/5 completed. Average Loss: 0.0051
2025-06-24 06:13:51,872 [INFO] [src.federated.client] - Client client_6 - Epoch 4/5 completed. Average Loss: 0.0042
2025-06-24 06:13:51,887 [INFO] [src.federated.client] - Client client_6 - Epoch 5/5 completed. Average Loss: 0.0036
2025-06-24 06:13:51,887 [INFO] [src.federated.client] - Client client_6: Local training finished. Processed 715 samples.
2025-06-24 06:13:51,888 [INFO] [src.federated.client] - Client client_7: Starting local training for 5 epochs. Proximal term mu=0.0.
2025-06-24 06:13:51,904 [INFO] [src.federated.client] - Client client_7 - Epoch 1/5 completed. Average Loss: 0.1861
2025-06-24 06:13:51,918 [INFO] [src.federated.client] - Client client_7 - Epoch 2/5 completed. Average Loss: 0.1224
2025-06-24 06:13:51,931 [INFO] [src.federated.client] - Client client_7 - Epoch 3/5 completed. Average Loss: 0.0624
2025-06-24 06:13:51,944 [INFO] [src.federated.client] - Client client_7 - Epoch 4/5 completed. Average Loss: 0.0308
2025-06-24 06:13:51,959 [INFO] [src.federated.client] - Client client_7 - Epoch 5/5 completed. Average Loss: 0.0237
2025-06-24 06:13:51,960 [INFO] [src.federated.client] - Client client_7: Local training finished. Processed 715 samples.
2025-06-24 06:13:51,960 [INFO] [src.federated.client] - Client client_5: Starting local training for 5 epochs. Proximal term mu=0.0.
2025-06-24 06:13:51,976 [INFO] [src.federated.client] - Client client_5 - Epoch 1/5 completed. Average Loss: 0.0349
2025-06-24 06:13:51,989 [INFO] [src.federated.client] - Client client_5 - Epoch 2/5 completed. Average Loss: 0.0157
2025-06-24 06:13:52,001 [INFO] [src.federated.client] - Client client_5 - Epoch 3/5 completed. Average Loss: 0.0073
2025-06-24 06:13:52,014 [INFO] [src.federated.client] - Client client_5 - Epoch 4/5 completed. Average Loss: 0.0052
2025-06-24 06:13:52,028 [INFO] [src.federated.client] - Client client_5 - Epoch 5/5 completed. Average Loss: 0.0042
2025-06-24 06:13:52,028 [INFO] [src.federated.client] - Client client_5: Local training finished. Processed 715 samples.
2025-06-24 06:13:52,029 [INFO] [src.federated.client] - Client client_3: Starting local training for 5 epochs. Proximal term mu=0.0.
2025-06-24 06:13:52,045 [INFO] [src.federated.client] - Client client_3 - Epoch 1/5 completed. Average Loss: 0.1783
2025-06-24 06:13:52,057 [INFO] [src.federated.client] - Client client_3 - Epoch 2/5 completed. Average Loss: 0.1094
2025-06-24 06:13:52,071 [INFO] [src.federated.client] - Client client_3 - Epoch 3/5 completed. Average Loss: 0.0743
2025-06-24 06:13:52,084 [INFO] [src.federated.client] - Client client_3 - Epoch 4/5 completed. Average Loss: 0.0461
2025-06-24 06:13:52,099 [INFO] [src.federated.client] - Client client_3 - Epoch 5/5 completed. Average Loss: 0.0290
2025-06-24 06:13:52,099 [INFO] [src.federated.client] - Client client_3: Local training finished. Processed 715 samples.
2025-06-24 06:13:52,101 [INFO] [src.federated.client] - Client client_4: Starting local training for 5 epochs. Proximal term mu=0.0.
2025-06-24 06:13:52,116 [INFO] [src.federated.client] - Client client_4 - Epoch 1/5 completed. Average Loss: 0.0072
2025-06-24 06:13:52,130 [INFO] [src.federated.client] - Client client_4 - Epoch 2/5 completed. Average Loss: 0.0057
2025-06-24 06:13:52,144 [INFO] [src.federated.client] - Client client_4 - Epoch 3/5 completed. Average Loss: 0.0048
2025-06-24 06:13:52,158 [INFO] [src.federated.client] - Client client_4 - Epoch 4/5 completed. Average Loss: 0.0042
2025-06-24 06:13:52,172 [INFO] [src.federated.client] - Client client_4 - Epoch 5/5 completed. Average Loss: 0.0038
2025-06-24 06:13:52,173 [INFO] [src.federated.client] - Client client_4: Local training finished. Processed 715 samples.
2025-06-24 06:13:52,174 [INFO] [src.federated.client] - Client client_2: Starting local training for 5 epochs. Proximal term mu=0.0.
2025-06-24 06:13:52,188 [INFO] [src.federated.client] - Client client_2 - Epoch 1/5 completed. Average Loss: 0.0077
2025-06-24 06:13:52,202 [INFO] [src.federated.client] - Client client_2 - Epoch 2/5 completed. Average Loss: 0.0061
2025-06-24 06:13:52,216 [INFO] [src.federated.client] - Client client_2 - Epoch 3/5 completed. Average Loss: 0.0048
2025-06-24 06:13:52,229 [INFO] [src.federated.client] - Client client_2 - Epoch 4/5 completed. Average Loss: 0.0041
2025-06-24 06:13:52,243 [INFO] [src.federated.client] - Client client_2 - Epoch 5/5 completed. Average Loss: 0.0035
2025-06-24 06:13:52,243 [INFO] [src.federated.client] - Client client_2: Local training finished. Processed 715 samples.
2025-06-24 06:13:52,244 [INFO] [src.federated.client] - Client client_9: Starting local training for 5 epochs. Proximal term mu=0.0.
2025-06-24 06:13:52,258 [INFO] [src.federated.client] - Client client_9 - Epoch 1/5 completed. Average Loss: 0.0129
2025-06-24 06:13:52,271 [INFO] [src.federated.client] - Client client_9 - Epoch 2/5 completed. Average Loss: 0.0062
2025-06-24 06:13:52,285 [INFO] [src.federated.client] - Client client_9 - Epoch 3/5 completed. Average Loss: 0.0048
2025-06-24 06:13:52,299 [INFO] [src.federated.client] - Client client_9 - Epoch 4/5 completed. Average Loss: 0.0041
2025-06-24 06:13:52,314 [INFO] [src.federated.client] - Client client_9 - Epoch 5/5 completed. Average Loss: 0.0034
2025-06-24 06:13:52,315 [INFO] [src.federated.client] - Client client_9: Local training finished. Processed 750 samples.
2025-06-24 06:13:52,315 [INFO] [src.federated.server] - Aggregating updates from 10 clients using FedDive.
2025-06-24 06:13:52,315 [INFO] [src.federated.aggregation] - FedDive: Aggregating updates from 10 clients (momentum=0.9).
2025-06-24 06:13:52,318 [INFO] [src.federated.aggregation] - FedDive: Aggregation complete.
2025-06-24 06:13:52,318 [INFO] [src.federated.server] - Global model updated with aggregated parameters.
2025-06-24 06:13:52,319 [INFO] [src.federated.server] - Evaluating updated global model...
2025-06-24 06:13:52,323 [INFO] [src.federated.server] - Round 25 completed in 0.74s. Eval Metrics: {'loss': 0.09428699235949252, 'accuracy': 0.9694444444444444}
2025-06-24 06:13:52,324 [INFO] [src.federated.server] - ===== Starting Round 26/30 =====
2025-06-24 06:13:52,324 [INFO] [src.federated.server] - Starting federated training round...
2025-06-24 06:13:52,324 [INFO] [src.federated.server] - Selected 10 clients out of 10 available (fraction=1.0, min_clients=1): ['client_6', 'client_0', 'client_2', 'client_3', 'client_8', 'client_9', 'client_7', 'client_1', 'client_4', 'client_5']
2025-06-24 06:13:52,325 [INFO] [src.federated.client] - Client client_6: Starting local training for 5 epochs. Proximal term mu=0.0.
2025-06-24 06:13:52,339 [INFO] [src.federated.client] - Client client_6 - Epoch 1/5 completed. Average Loss: 0.0078
2025-06-24 06:13:52,352 [INFO] [src.federated.client] - Client client_6 - Epoch 2/5 completed. Average Loss: 0.0057
2025-06-24 06:13:52,367 [INFO] [src.federated.client] - Client client_6 - Epoch 3/5 completed. Average Loss: 0.0046
2025-06-24 06:13:52,380 [INFO] [src.federated.client] - Client client_6 - Epoch 4/5 completed. Average Loss: 0.0039
2025-06-24 06:13:52,395 [INFO] [src.federated.client] - Client client_6 - Epoch 5/5 completed. Average Loss: 0.0034
2025-06-24 06:13:52,396 [INFO] [src.federated.client] - Client client_6: Local training finished. Processed 715 samples.
2025-06-24 06:13:52,397 [INFO] [src.federated.client] - Client client_0: Starting local training for 5 epochs. Proximal term mu=0.0.
2025-06-24 06:13:52,411 [INFO] [src.federated.client] - Client client_0 - Epoch 1/5 completed. Average Loss: 0.0089
2025-06-24 06:13:52,424 [INFO] [src.federated.client] - Client client_0 - Epoch 2/5 completed. Average Loss: 0.0063
2025-06-24 06:13:52,437 [INFO] [src.federated.client] - Client client_0 - Epoch 3/5 completed. Average Loss: 0.0040
2025-06-24 06:13:52,451 [INFO] [src.federated.client] - Client client_0 - Epoch 4/5 completed. Average Loss: 0.0033
2025-06-24 06:13:52,464 [INFO] [src.federated.client] - Client client_0 - Epoch 5/5 completed. Average Loss: 0.0029
2025-06-24 06:13:52,465 [INFO] [src.federated.client] - Client client_0: Local training finished. Processed 715 samples.
2025-06-24 06:13:52,466 [INFO] [src.federated.client] - Client client_2: Starting local training for 5 epochs. Proximal term mu=0.0.
2025-06-24 06:13:52,479 [INFO] [src.federated.client] - Client client_2 - Epoch 1/5 completed. Average Loss: 0.0071
2025-06-24 06:13:52,494 [INFO] [src.federated.client] - Client client_2 - Epoch 2/5 completed. Average Loss: 0.0053
2025-06-24 06:13:52,508 [INFO] [src.federated.client] - Client client_2 - Epoch 3/5 completed. Average Loss: 0.0042
2025-06-24 06:13:52,522 [INFO] [src.federated.client] - Client client_2 - Epoch 4/5 completed. Average Loss: 0.0037
2025-06-24 06:13:52,535 [INFO] [src.federated.client] - Client client_2 - Epoch 5/5 completed. Average Loss: 0.0033
2025-06-24 06:13:52,536 [INFO] [src.federated.client] - Client client_2: Local training finished. Processed 715 samples.
2025-06-24 06:13:52,537 [INFO] [src.federated.client] - Client client_3: Starting local training for 5 epochs. Proximal term mu=0.0.
2025-06-24 06:13:52,550 [INFO] [src.federated.client] - Client client_3 - Epoch 1/5 completed. Average Loss: 0.1732
2025-06-24 06:13:52,563 [INFO] [src.federated.client] - Client client_3 - Epoch 2/5 completed. Average Loss: 0.1171
2025-06-24 06:13:52,577 [INFO] [src.federated.client] - Client client_3 - Epoch 3/5 completed. Average Loss: 0.0632
2025-06-24 06:13:52,592 [INFO] [src.federated.client] - Client client_3 - Epoch 4/5 completed. Average Loss: 0.0367
2025-06-24 06:13:52,607 [INFO] [src.federated.client] - Client client_3 - Epoch 5/5 completed. Average Loss: 0.0249
2025-06-24 06:13:52,608 [INFO] [src.federated.client] - Client client_3: Local training finished. Processed 715 samples.
2025-06-24 06:13:52,610 [INFO] [src.federated.client] - Client client_8: Starting local training for 5 epochs. Proximal term mu=0.0.
2025-06-24 06:13:52,627 [INFO] [src.federated.client] - Client client_8 - Epoch 1/5 completed. Average Loss: 0.0060
2025-06-24 06:13:52,644 [INFO] [src.federated.client] - Client client_8 - Epoch 2/5 completed. Average Loss: 0.0049
2025-06-24 06:13:52,659 [INFO] [src.federated.client] - Client client_8 - Epoch 3/5 completed. Average Loss: 0.0040
2025-06-24 06:13:52,675 [INFO] [src.federated.client] - Client client_8 - Epoch 4/5 completed. Average Loss: 0.0034
2025-06-24 06:13:52,691 [INFO] [src.federated.client] - Client client_8 - Epoch 5/5 completed. Average Loss: 0.0031
2025-06-24 06:13:52,692 [INFO] [src.federated.client] - Client client_8: Local training finished. Processed 715 samples.
2025-06-24 06:13:52,693 [INFO] [src.federated.client] - Client client_9: Starting local training for 5 epochs. Proximal term mu=0.0.
2025-06-24 06:13:52,709 [INFO] [src.federated.client] - Client client_9 - Epoch 1/5 completed. Average Loss: 0.0120
2025-06-24 06:13:52,725 [INFO] [src.federated.client] - Client client_9 - Epoch 2/5 completed. Average Loss: 0.0060
2025-06-24 06:13:52,740 [INFO] [src.federated.client] - Client client_9 - Epoch 3/5 completed. Average Loss: 0.0045
2025-06-24 06:13:52,757 [INFO] [src.federated.client] - Client client_9 - Epoch 4/5 completed. Average Loss: 0.0038
2025-06-24 06:13:52,776 [INFO] [src.federated.client] - Client client_9 - Epoch 5/5 completed. Average Loss: 0.0033
2025-06-24 06:13:52,777 [INFO] [src.federated.client] - Client client_9: Local training finished. Processed 750 samples.
2025-06-24 06:13:52,778 [INFO] [src.federated.client] - Client client_7: Starting local training for 5 epochs. Proximal term mu=0.0.
2025-06-24 06:13:52,793 [INFO] [src.federated.client] - Client client_7 - Epoch 1/5 completed. Average Loss: 0.1814
2025-06-24 06:13:52,808 [INFO] [src.federated.client] - Client client_7 - Epoch 2/5 completed. Average Loss: 0.1258
2025-06-24 06:13:52,823 [INFO] [src.federated.client] - Client client_7 - Epoch 3/5 completed. Average Loss: 0.0644
2025-06-24 06:13:52,838 [INFO] [src.federated.client] - Client client_7 - Epoch 4/5 completed. Average Loss: 0.0371
2025-06-24 06:13:52,853 [INFO] [src.federated.client] - Client client_7 - Epoch 5/5 completed. Average Loss: 0.0235
2025-06-24 06:13:52,854 [INFO] [src.federated.client] - Client client_7: Local training finished. Processed 715 samples.
2025-06-24 06:13:52,855 [INFO] [src.federated.client] - Client client_1: Starting local training for 5 epochs. Proximal term mu=0.0.
2025-06-24 06:13:52,871 [INFO] [src.federated.client] - Client client_1 - Epoch 1/5 completed. Average Loss: 0.0075
2025-06-24 06:13:52,885 [INFO] [src.federated.client] - Client client_1 - Epoch 2/5 completed. Average Loss: 0.0058
2025-06-24 06:13:52,901 [INFO] [src.federated.client] - Client client_1 - Epoch 3/5 completed. Average Loss: 0.0043
2025-06-24 06:13:52,916 [INFO] [src.federated.client] - Client client_1 - Epoch 4/5 completed. Average Loss: 0.0037
2025-06-24 06:13:52,930 [INFO] [src.federated.client] - Client client_1 - Epoch 5/5 completed. Average Loss: 0.0032
2025-06-24 06:13:52,931 [INFO] [src.federated.client] - Client client_1: Local training finished. Processed 715 samples.
2025-06-24 06:13:52,932 [INFO] [src.federated.client] - Client client_4: Starting local training for 5 epochs. Proximal term mu=0.0.
2025-06-24 06:13:52,945 [INFO] [src.federated.client] - Client client_4 - Epoch 1/5 completed. Average Loss: 0.0068
2025-06-24 06:13:52,959 [INFO] [src.federated.client] - Client client_4 - Epoch 2/5 completed. Average Loss: 0.0054
2025-06-24 06:13:52,973 [INFO] [src.federated.client] - Client client_4 - Epoch 3/5 completed. Average Loss: 0.0046
2025-06-24 06:13:52,989 [INFO] [src.federated.client] - Client client_4 - Epoch 4/5 completed. Average Loss: 0.0039
2025-06-24 06:13:53,003 [INFO] [src.federated.client] - Client client_4 - Epoch 5/5 completed. Average Loss: 0.0035
2025-06-24 06:13:53,004 [INFO] [src.federated.client] - Client client_4: Local training finished. Processed 715 samples.
2025-06-24 06:13:53,005 [INFO] [src.federated.client] - Client client_5: Starting local training for 5 epochs. Proximal term mu=0.0.
2025-06-24 06:13:53,020 [INFO] [src.federated.client] - Client client_5 - Epoch 1/5 completed. Average Loss: 0.0322
2025-06-24 06:13:53,034 [INFO] [src.federated.client] - Client client_5 - Epoch 2/5 completed. Average Loss: 0.0132
2025-06-24 06:13:53,050 [INFO] [src.federated.client] - Client client_5 - Epoch 3/5 completed. Average Loss: 0.0063
2025-06-24 06:13:53,063 [INFO] [src.federated.client] - Client client_5 - Epoch 4/5 completed. Average Loss: 0.0050
2025-06-24 06:13:53,075 [INFO] [src.federated.client] - Client client_5 - Epoch 5/5 completed. Average Loss: 0.0041
2025-06-24 06:13:53,076 [INFO] [src.federated.client] - Client client_5: Local training finished. Processed 715 samples.
2025-06-24 06:13:53,076 [INFO] [src.federated.server] - Aggregating updates from 10 clients using FedDive.
2025-06-24 06:13:53,077 [INFO] [src.federated.aggregation] - FedDive: Aggregating updates from 10 clients (momentum=0.9).
2025-06-24 06:13:53,079 [INFO] [src.federated.aggregation] - FedDive: Aggregation complete.
2025-06-24 06:13:53,080 [INFO] [src.federated.server] - Global model updated with aggregated parameters.
2025-06-24 06:13:53,080 [INFO] [src.federated.server] - Evaluating updated global model...
2025-06-24 06:13:53,085 [INFO] [src.federated.server] - Round 26 completed in 0.76s. Eval Metrics: {'loss': 0.09309619458185302, 'accuracy': 0.9694444444444444}
2025-06-24 06:13:53,085 [INFO] [src.federated.server] - ===== Starting Round 27/30 =====
2025-06-24 06:13:53,085 [INFO] [src.federated.server] - Starting federated training round...
2025-06-24 06:13:53,085 [INFO] [src.federated.server] - Selected 10 clients out of 10 available (fraction=1.0, min_clients=1): ['client_8', 'client_7', 'client_2', 'client_1', 'client_9', 'client_6', 'client_0', 'client_5', 'client_3', 'client_4']
2025-06-24 06:13:53,087 [INFO] [src.federated.client] - Client client_8: Starting local training for 5 epochs. Proximal term mu=0.0.
2025-06-24 06:13:53,102 [INFO] [src.federated.client] - Client client_8 - Epoch 1/5 completed. Average Loss: 0.0053
2025-06-24 06:13:53,114 [INFO] [src.federated.client] - Client client_8 - Epoch 2/5 completed. Average Loss: 0.0044
2025-06-24 06:13:53,128 [INFO] [src.federated.client] - Client client_8 - Epoch 3/5 completed. Average Loss: 0.0037
2025-06-24 06:13:53,144 [INFO] [src.federated.client] - Client client_8 - Epoch 4/5 completed. Average Loss: 0.0032
2025-06-24 06:13:53,158 [INFO] [src.federated.client] - Client client_8 - Epoch 5/5 completed. Average Loss: 0.0029
2025-06-24 06:13:53,159 [INFO] [src.federated.client] - Client client_8: Local training finished. Processed 715 samples.
2025-06-24 06:13:53,160 [INFO] [src.federated.client] - Client client_7: Starting local training for 5 epochs. Proximal term mu=0.0.
2025-06-24 06:13:53,173 [INFO] [src.federated.client] - Client client_7 - Epoch 1/5 completed. Average Loss: 0.1873
2025-06-24 06:13:53,187 [INFO] [src.federated.client] - Client client_7 - Epoch 2/5 completed. Average Loss: 0.1240
2025-06-24 06:13:53,202 [INFO] [src.federated.client] - Client client_7 - Epoch 3/5 completed. Average Loss: 0.0652
2025-06-24 06:13:53,218 [INFO] [src.federated.client] - Client client_7 - Epoch 4/5 completed. Average Loss: 0.0314
2025-06-24 06:13:53,233 [INFO] [src.federated.client] - Client client_7 - Epoch 5/5 completed. Average Loss: 0.0198
2025-06-24 06:13:53,234 [INFO] [src.federated.client] - Client client_7: Local training finished. Processed 715 samples.
2025-06-24 06:13:53,234 [INFO] [src.federated.client] - Client client_2: Starting local training for 5 epochs. Proximal term mu=0.0.
2025-06-24 06:13:53,249 [INFO] [src.federated.client] - Client client_2 - Epoch 1/5 completed. Average Loss: 0.0065
2025-06-24 06:13:53,265 [INFO] [src.federated.client] - Client client_2 - Epoch 2/5 completed. Average Loss: 0.0049
2025-06-24 06:13:53,280 [INFO] [src.federated.client] - Client client_2 - Epoch 3/5 completed. Average Loss: 0.0038
2025-06-24 06:13:53,294 [INFO] [src.federated.client] - Client client_2 - Epoch 4/5 completed. Average Loss: 0.0033
2025-06-24 06:13:53,309 [INFO] [src.federated.client] - Client client_2 - Epoch 5/5 completed. Average Loss: 0.0030
2025-06-24 06:13:53,310 [INFO] [src.federated.client] - Client client_2: Local training finished. Processed 715 samples.
2025-06-24 06:13:53,311 [INFO] [src.federated.client] - Client client_1: Starting local training for 5 epochs. Proximal term mu=0.0.
2025-06-24 06:13:53,327 [INFO] [src.federated.client] - Client client_1 - Epoch 1/5 completed. Average Loss: 0.0070
2025-06-24 06:13:53,338 [INFO] [src.federated.client] - Client client_1 - Epoch 2/5 completed. Average Loss: 0.0055
2025-06-24 06:13:53,352 [INFO] [src.federated.client] - Client client_1 - Epoch 3/5 completed. Average Loss: 0.0042
2025-06-24 06:13:53,366 [INFO] [src.federated.client] - Client client_1 - Epoch 4/5 completed. Average Loss: 0.0034
2025-06-24 06:13:53,382 [INFO] [src.federated.client] - Client client_1 - Epoch 5/5 completed. Average Loss: 0.0030
2025-06-24 06:13:53,382 [INFO] [src.federated.client] - Client client_1: Local training finished. Processed 715 samples.
2025-06-24 06:13:53,383 [INFO] [src.federated.client] - Client client_9: Starting local training for 5 epochs. Proximal term mu=0.0.
2025-06-24 06:13:53,397 [INFO] [src.federated.client] - Client client_9 - Epoch 1/5 completed. Average Loss: 0.0105
2025-06-24 06:13:53,411 [INFO] [src.federated.client] - Client client_9 - Epoch 2/5 completed. Average Loss: 0.0049
2025-06-24 06:13:53,426 [INFO] [src.federated.client] - Client client_9 - Epoch 3/5 completed. Average Loss: 0.0040
2025-06-24 06:13:53,439 [INFO] [src.federated.client] - Client client_9 - Epoch 4/5 completed. Average Loss: 0.0034
2025-06-24 06:13:53,452 [INFO] [src.federated.client] - Client client_9 - Epoch 5/5 completed. Average Loss: 0.0030
2025-06-24 06:13:53,453 [INFO] [src.federated.client] - Client client_9: Local training finished. Processed 750 samples.
2025-06-24 06:13:53,453 [INFO] [src.federated.client] - Client client_6: Starting local training for 5 epochs. Proximal term mu=0.0.
2025-06-24 06:13:53,469 [INFO] [src.federated.client] - Client client_6 - Epoch 1/5 completed. Average Loss: 0.0072
2025-06-24 06:13:53,482 [INFO] [src.federated.client] - Client client_6 - Epoch 2/5 completed. Average Loss: 0.0058
2025-06-24 06:13:53,495 [INFO] [src.federated.client] - Client client_6 - Epoch 3/5 completed. Average Loss: 0.0045
2025-06-24 06:13:53,509 [INFO] [src.federated.client] - Client client_6 - Epoch 4/5 completed. Average Loss: 0.0036
2025-06-24 06:13:53,523 [INFO] [src.federated.client] - Client client_6 - Epoch 5/5 completed. Average Loss: 0.0032
2025-06-24 06:13:53,523 [INFO] [src.federated.client] - Client client_6: Local training finished. Processed 715 samples.
2025-06-24 06:13:53,524 [INFO] [src.federated.client] - Client client_0: Starting local training for 5 epochs. Proximal term mu=0.0.
2025-06-24 06:13:53,537 [INFO] [src.federated.client] - Client client_0 - Epoch 1/5 completed. Average Loss: 0.0093
2025-06-24 06:13:53,549 [INFO] [src.federated.client] - Client client_0 - Epoch 2/5 completed. Average Loss: 0.0049
2025-06-24 06:13:53,563 [INFO] [src.federated.client] - Client client_0 - Epoch 3/5 completed. Average Loss: 0.0037
2025-06-24 06:13:53,576 [INFO] [src.federated.client] - Client client_0 - Epoch 4/5 completed. Average Loss: 0.0031
2025-06-24 06:13:53,589 [INFO] [src.federated.client] - Client client_0 - Epoch 5/5 completed. Average Loss: 0.0027
2025-06-24 06:13:53,590 [INFO] [src.federated.client] - Client client_0: Local training finished. Processed 715 samples.
2025-06-24 06:13:53,591 [INFO] [src.federated.client] - Client client_5: Starting local training for 5 epochs. Proximal term mu=0.0.
2025-06-24 06:13:53,605 [INFO] [src.federated.client] - Client client_5 - Epoch 1/5 completed. Average Loss: 0.0306
2025-06-24 06:13:53,620 [INFO] [src.federated.client] - Client client_5 - Epoch 2/5 completed. Average Loss: 0.0154
2025-06-24 06:13:53,636 [INFO] [src.federated.client] - Client client_5 - Epoch 3/5 completed. Average Loss: 0.0063
2025-06-24 06:13:53,650 [INFO] [src.federated.client] - Client client_5 - Epoch 4/5 completed. Average Loss: 0.0047
2025-06-24 06:13:53,665 [INFO] [src.federated.client] - Client client_5 - Epoch 5/5 completed. Average Loss: 0.0037
2025-06-24 06:13:53,666 [INFO] [src.federated.client] - Client client_5: Local training finished. Processed 715 samples.
2025-06-24 06:13:53,667 [INFO] [src.federated.client] - Client client_3: Starting local training for 5 epochs. Proximal term mu=0.0.
2025-06-24 06:13:53,681 [INFO] [src.federated.client] - Client client_3 - Epoch 1/5 completed. Average Loss: 0.1751
2025-06-24 06:13:53,696 [INFO] [src.federated.client] - Client client_3 - Epoch 2/5 completed. Average Loss: 0.1122
2025-06-24 06:13:53,711 [INFO] [src.federated.client] - Client client_3 - Epoch 3/5 completed. Average Loss: 0.0654
2025-06-24 06:13:53,723 [INFO] [src.federated.client] - Client client_3 - Epoch 4/5 completed. Average Loss: 0.0477
2025-06-24 06:13:53,735 [INFO] [src.federated.client] - Client client_3 - Epoch 5/5 completed. Average Loss: 0.0266
2025-06-24 06:13:53,736 [INFO] [src.federated.client] - Client client_3: Local training finished. Processed 715 samples.
2025-06-24 06:13:53,737 [INFO] [src.federated.client] - Client client_4: Starting local training for 5 epochs. Proximal term mu=0.0.
2025-06-24 06:13:53,752 [INFO] [src.federated.client] - Client client_4 - Epoch 1/5 completed. Average Loss: 0.0063
2025-06-24 06:13:53,768 [INFO] [src.federated.client] - Client client_4 - Epoch 2/5 completed. Average Loss: 0.0050
2025-06-24 06:13:53,786 [INFO] [src.federated.client] - Client client_4 - Epoch 3/5 completed. Average Loss: 0.0041
2025-06-24 06:13:53,800 [INFO] [src.federated.client] - Client client_4 - Epoch 4/5 completed. Average Loss: 0.0036
2025-06-24 06:13:53,814 [INFO] [src.federated.client] - Client client_4 - Epoch 5/5 completed. Average Loss: 0.0032
2025-06-24 06:13:53,815 [INFO] [src.federated.client] - Client client_4: Local training finished. Processed 715 samples.
2025-06-24 06:13:53,815 [INFO] [src.federated.server] - Aggregating updates from 10 clients using FedDive.
2025-06-24 06:13:53,815 [INFO] [src.federated.aggregation] - FedDive: Aggregating updates from 10 clients (momentum=0.9).
2025-06-24 06:13:53,818 [INFO] [src.federated.aggregation] - FedDive: Aggregation complete.
2025-06-24 06:13:53,819 [INFO] [src.federated.server] - Global model updated with aggregated parameters.
2025-06-24 06:13:53,819 [INFO] [src.federated.server] - Evaluating updated global model...
2025-06-24 06:13:53,825 [INFO] [src.federated.server] - Round 27 completed in 0.74s. Eval Metrics: {'loss': 0.092487505533629, 'accuracy': 0.9666666666666667}
2025-06-24 06:13:53,825 [INFO] [src.federated.server] - ===== Starting Round 28/30 =====
2025-06-24 06:13:53,825 [INFO] [src.federated.server] - Starting federated training round...
2025-06-24 06:13:53,826 [INFO] [src.federated.server] - Selected 10 clients out of 10 available (fraction=1.0, min_clients=1): ['client_0', 'client_9', 'client_7', 'client_4', 'client_6', 'client_1', 'client_8', 'client_2', 'client_3', 'client_5']
2025-06-24 06:13:53,827 [INFO] [src.federated.client] - Client client_0: Starting local training for 5 epochs. Proximal term mu=0.0.
2025-06-24 06:13:53,844 [INFO] [src.federated.client] - Client client_0 - Epoch 1/5 completed. Average Loss: 0.0085
2025-06-24 06:13:53,860 [INFO] [src.federated.client] - Client client_0 - Epoch 2/5 completed. Average Loss: 0.0047
2025-06-24 06:13:53,877 [INFO] [src.federated.client] - Client client_0 - Epoch 3/5 completed. Average Loss: 0.0033
2025-06-24 06:13:53,892 [INFO] [src.federated.client] - Client client_0 - Epoch 4/5 completed. Average Loss: 0.0028
2025-06-24 06:13:53,907 [INFO] [src.federated.client] - Client client_0 - Epoch 5/5 completed. Average Loss: 0.0025
2025-06-24 06:13:53,909 [INFO] [src.federated.client] - Client client_0: Local training finished. Processed 715 samples.
2025-06-24 06:13:53,910 [INFO] [src.federated.client] - Client client_9: Starting local training for 5 epochs. Proximal term mu=0.0.
2025-06-24 06:13:53,924 [INFO] [src.federated.client] - Client client_9 - Epoch 1/5 completed. Average Loss: 0.0091
2025-06-24 06:13:53,939 [INFO] [src.federated.client] - Client client_9 - Epoch 2/5 completed. Average Loss: 0.0050
2025-06-24 06:13:53,953 [INFO] [src.federated.client] - Client client_9 - Epoch 3/5 completed. Average Loss: 0.0036
2025-06-24 06:13:53,968 [INFO] [src.federated.client] - Client client_9 - Epoch 4/5 completed. Average Loss: 0.0032
2025-06-24 06:13:53,981 [INFO] [src.federated.client] - Client client_9 - Epoch 5/5 completed. Average Loss: 0.0028
2025-06-24 06:13:53,982 [INFO] [src.federated.client] - Client client_9: Local training finished. Processed 750 samples.
2025-06-24 06:13:53,983 [INFO] [src.federated.client] - Client client_7: Starting local training for 5 epochs. Proximal term mu=0.0.
2025-06-24 06:13:53,997 [INFO] [src.federated.client] - Client client_7 - Epoch 1/5 completed. Average Loss: 0.1831
2025-06-24 06:13:54,013 [INFO] [src.federated.client] - Client client_7 - Epoch 2/5 completed. Average Loss: 0.1267
2025-06-24 06:13:54,026 [INFO] [src.federated.client] - Client client_7 - Epoch 3/5 completed. Average Loss: 0.0622
2025-06-24 06:13:54,039 [INFO] [src.federated.client] - Client client_7 - Epoch 4/5 completed. Average Loss: 0.0325
2025-06-24 06:13:54,053 [INFO] [src.federated.client] - Client client_7 - Epoch 5/5 completed. Average Loss: 0.0213
2025-06-24 06:13:54,054 [INFO] [src.federated.client] - Client client_7: Local training finished. Processed 715 samples.
2025-06-24 06:13:54,055 [INFO] [src.federated.client] - Client client_4: Starting local training for 5 epochs. Proximal term mu=0.0.
2025-06-24 06:13:54,069 [INFO] [src.federated.client] - Client client_4 - Epoch 1/5 completed. Average Loss: 0.0057
2025-06-24 06:13:54,082 [INFO] [src.federated.client] - Client client_4 - Epoch 2/5 completed. Average Loss: 0.0046
2025-06-24 06:13:54,094 [INFO] [src.federated.client] - Client client_4 - Epoch 3/5 completed. Average Loss: 0.0038
2025-06-24 06:13:54,107 [INFO] [src.federated.client] - Client client_4 - Epoch 4/5 completed. Average Loss: 0.0034
2025-06-24 06:13:54,122 [INFO] [src.federated.client] - Client client_4 - Epoch 5/5 completed. Average Loss: 0.0030
2025-06-24 06:13:54,123 [INFO] [src.federated.client] - Client client_4: Local training finished. Processed 715 samples.
2025-06-24 06:13:54,124 [INFO] [src.federated.client] - Client client_6: Starting local training for 5 epochs. Proximal term mu=0.0.
2025-06-24 06:13:54,138 [INFO] [src.federated.client] - Client client_6 - Epoch 1/5 completed. Average Loss: 0.0066
2025-06-24 06:13:54,152 [INFO] [src.federated.client] - Client client_6 - Epoch 2/5 completed. Average Loss: 0.0051
2025-06-24 06:13:54,165 [INFO] [src.federated.client] - Client client_6 - Epoch 3/5 completed. Average Loss: 0.0040
2025-06-24 06:13:54,180 [INFO] [src.federated.client] - Client client_6 - Epoch 4/5 completed. Average Loss: 0.0034
2025-06-24 06:13:54,193 [INFO] [src.federated.client] - Client client_6 - Epoch 5/5 completed. Average Loss: 0.0029
2025-06-24 06:13:54,193 [INFO] [src.federated.client] - Client client_6: Local training finished. Processed 715 samples.
2025-06-24 06:13:54,194 [INFO] [src.federated.client] - Client client_1: Starting local training for 5 epochs. Proximal term mu=0.0.
2025-06-24 06:13:54,209 [INFO] [src.federated.client] - Client client_1 - Epoch 1/5 completed. Average Loss: 0.0065
2025-06-24 06:13:54,224 [INFO] [src.federated.client] - Client client_1 - Epoch 2/5 completed. Average Loss: 0.0048
2025-06-24 06:13:54,238 [INFO] [src.federated.client] - Client client_1 - Epoch 3/5 completed. Average Loss: 0.0037
2025-06-24 06:13:54,251 [INFO] [src.federated.client] - Client client_1 - Epoch 4/5 completed. Average Loss: 0.0031
2025-06-24 06:13:54,265 [INFO] [src.federated.client] - Client client_1 - Epoch 5/5 completed. Average Loss: 0.0028
2025-06-24 06:13:54,265 [INFO] [src.federated.client] - Client client_1: Local training finished. Processed 715 samples.
2025-06-24 06:13:54,266 [INFO] [src.federated.client] - Client client_8: Starting local training for 5 epochs. Proximal term mu=0.0.
2025-06-24 06:13:54,281 [INFO] [src.federated.client] - Client client_8 - Epoch 1/5 completed. Average Loss: 0.0050
2025-06-24 06:13:54,294 [INFO] [src.federated.client] - Client client_8 - Epoch 2/5 completed. Average Loss: 0.0041
2025-06-24 06:13:54,310 [INFO] [src.federated.client] - Client client_8 - Epoch 3/5 completed. Average Loss: 0.0034
2025-06-24 06:13:54,324 [INFO] [src.federated.client] - Client client_8 - Epoch 4/5 completed. Average Loss: 0.0030
2025-06-24 06:13:54,339 [INFO] [src.federated.client] - Client client_8 - Epoch 5/5 completed. Average Loss: 0.0026
2025-06-24 06:13:54,340 [INFO] [src.federated.client] - Client client_8: Local training finished. Processed 715 samples.
2025-06-24 06:13:54,341 [INFO] [src.federated.client] - Client client_2: Starting local training for 5 epochs. Proximal term mu=0.0.
2025-06-24 06:13:54,355 [INFO] [src.federated.client] - Client client_2 - Epoch 1/5 completed. Average Loss: 0.0058
2025-06-24 06:13:54,368 [INFO] [src.federated.client] - Client client_2 - Epoch 2/5 completed. Average Loss: 0.0044
2025-06-24 06:13:54,382 [INFO] [src.federated.client] - Client client_2 - Epoch 3/5 completed. Average Loss: 0.0036
2025-06-24 06:13:54,395 [INFO] [src.federated.client] - Client client_2 - Epoch 4/5 completed. Average Loss: 0.0031
2025-06-24 06:13:54,408 [INFO] [src.federated.client] - Client client_2 - Epoch 5/5 completed. Average Loss: 0.0028
2025-06-24 06:13:54,409 [INFO] [src.federated.client] - Client client_2: Local training finished. Processed 715 samples.
2025-06-24 06:13:54,410 [INFO] [src.federated.client] - Client client_3: Starting local training for 5 epochs. Proximal term mu=0.0.
2025-06-24 06:13:54,423 [INFO] [src.federated.client] - Client client_3 - Epoch 1/5 completed. Average Loss: 0.1727
2025-06-24 06:13:54,436 [INFO] [src.federated.client] - Client client_3 - Epoch 2/5 completed. Average Loss: 0.1101
2025-06-24 06:13:54,451 [INFO] [src.federated.client] - Client client_3 - Epoch 3/5 completed. Average Loss: 0.0578
2025-06-24 06:13:54,465 [INFO] [src.federated.client] - Client client_3 - Epoch 4/5 completed. Average Loss: 0.0443
2025-06-24 06:13:54,479 [INFO] [src.federated.client] - Client client_3 - Epoch 5/5 completed. Average Loss: 0.0237
2025-06-24 06:13:54,480 [INFO] [src.federated.client] - Client client_3: Local training finished. Processed 715 samples.
2025-06-24 06:13:54,481 [INFO] [src.federated.client] - Client client_5: Starting local training for 5 epochs. Proximal term mu=0.0.
2025-06-24 06:13:54,494 [INFO] [src.federated.client] - Client client_5 - Epoch 1/5 completed. Average Loss: 0.0289
2025-06-24 06:13:54,506 [INFO] [src.federated.client] - Client client_5 - Epoch 2/5 completed. Average Loss: 0.0128
2025-06-24 06:13:54,520 [INFO] [src.federated.client] - Client client_5 - Epoch 3/5 completed. Average Loss: 0.0054
2025-06-24 06:13:54,534 [INFO] [src.federated.client] - Client client_5 - Epoch 4/5 completed. Average Loss: 0.0041
2025-06-24 06:13:54,547 [INFO] [src.federated.client] - Client client_5 - Epoch 5/5 completed. Average Loss: 0.0033
2025-06-24 06:13:54,547 [INFO] [src.federated.client] - Client client_5: Local training finished. Processed 715 samples.
2025-06-24 06:13:54,548 [INFO] [src.federated.server] - Aggregating updates from 10 clients using FedDive.
2025-06-24 06:13:54,548 [INFO] [src.federated.aggregation] - FedDive: Aggregating updates from 10 clients (momentum=0.9).
2025-06-24 06:13:54,550 [INFO] [src.federated.aggregation] - FedDive: Aggregation complete.
2025-06-24 06:13:54,551 [INFO] [src.federated.server] - Global model updated with aggregated parameters.
2025-06-24 06:13:54,551 [INFO] [src.federated.server] - Evaluating updated global model...
2025-06-24 06:13:54,556 [INFO] [src.federated.server] - Round 28 completed in 0.73s. Eval Metrics: {'loss': 0.09188427130381266, 'accuracy': 0.9666666666666667}
2025-06-24 06:13:54,556 [INFO] [src.federated.server] - ===== Starting Round 29/30 =====
2025-06-24 06:13:54,557 [INFO] [src.federated.server] - Starting federated training round...
2025-06-24 06:13:54,557 [INFO] [src.federated.server] - Selected 10 clients out of 10 available (fraction=1.0, min_clients=1): ['client_1', 'client_9', 'client_3', 'client_7', 'client_0', 'client_4', 'client_8', 'client_2', 'client_5', 'client_6']
2025-06-24 06:13:54,558 [INFO] [src.federated.client] - Client client_1: Starting local training for 5 epochs. Proximal term mu=0.0.
2025-06-24 06:13:54,574 [INFO] [src.federated.client] - Client client_1 - Epoch 1/5 completed. Average Loss: 0.0060
2025-06-24 06:13:54,594 [INFO] [src.federated.client] - Client client_1 - Epoch 2/5 completed. Average Loss: 0.0048
2025-06-24 06:13:54,610 [INFO] [src.federated.client] - Client client_1 - Epoch 3/5 completed. Average Loss: 0.0036
2025-06-24 06:13:54,626 [INFO] [src.federated.client] - Client client_1 - Epoch 4/5 completed. Average Loss: 0.0030
2025-06-24 06:13:54,642 [INFO] [src.federated.client] - Client client_1 - Epoch 5/5 completed. Average Loss: 0.0026
2025-06-24 06:13:54,643 [INFO] [src.federated.client] - Client client_1: Local training finished. Processed 715 samples.
2025-06-24 06:13:54,644 [INFO] [src.federated.client] - Client client_9: Starting local training for 5 epochs. Proximal term mu=0.0.
2025-06-24 06:13:54,660 [INFO] [src.federated.client] - Client client_9 - Epoch 1/5 completed. Average Loss: 0.0084
2025-06-24 06:13:54,676 [INFO] [src.federated.client] - Client client_9 - Epoch 2/5 completed. Average Loss: 0.0046
2025-06-24 06:13:54,694 [INFO] [src.federated.client] - Client client_9 - Epoch 3/5 completed. Average Loss: 0.0032
2025-06-24 06:13:54,711 [INFO] [src.federated.client] - Client client_9 - Epoch 4/5 completed. Average Loss: 0.0028
2025-06-24 06:13:54,729 [INFO] [src.federated.client] - Client client_9 - Epoch 5/5 completed. Average Loss: 0.0025
2025-06-24 06:13:54,730 [INFO] [src.federated.client] - Client client_9: Local training finished. Processed 750 samples.
2025-06-24 06:13:54,731 [INFO] [src.federated.client] - Client client_3: Starting local training for 5 epochs. Proximal term mu=0.0.
2025-06-24 06:13:54,746 [INFO] [src.federated.client] - Client client_3 - Epoch 1/5 completed. Average Loss: 0.1695
2025-06-24 06:13:54,765 [INFO] [src.federated.client] - Client client_3 - Epoch 2/5 completed. Average Loss: 0.1037
2025-06-24 06:13:54,781 [INFO] [src.federated.client] - Client client_3 - Epoch 3/5 completed. Average Loss: 0.0563
2025-06-24 06:13:54,801 [INFO] [src.federated.client] - Client client_3 - Epoch 4/5 completed. Average Loss: 0.0327
2025-06-24 06:13:54,818 [INFO] [src.federated.client] - Client client_3 - Epoch 5/5 completed. Average Loss: 0.0254
2025-06-24 06:13:54,820 [INFO] [src.federated.client] - Client client_3: Local training finished. Processed 715 samples.
2025-06-24 06:13:54,821 [INFO] [src.federated.client] - Client client_7: Starting local training for 5 epochs. Proximal term mu=0.0.
2025-06-24 06:13:54,839 [INFO] [src.federated.client] - Client client_7 - Epoch 1/5 completed. Average Loss: 0.1781
2025-06-24 06:13:54,853 [INFO] [src.federated.client] - Client client_7 - Epoch 2/5 completed. Average Loss: 0.1145
2025-06-24 06:13:54,870 [INFO] [src.federated.client] - Client client_7 - Epoch 3/5 completed. Average Loss: 0.0639
2025-06-24 06:13:54,886 [INFO] [src.federated.client] - Client client_7 - Epoch 4/5 completed. Average Loss: 0.0287
2025-06-24 06:13:54,901 [INFO] [src.federated.client] - Client client_7 - Epoch 5/5 completed. Average Loss: 0.0191
2025-06-24 06:13:54,901 [INFO] [src.federated.client] - Client client_7: Local training finished. Processed 715 samples.
2025-06-24 06:13:54,902 [INFO] [src.federated.client] - Client client_0: Starting local training for 5 epochs. Proximal term mu=0.0.
2025-06-24 06:13:54,918 [INFO] [src.federated.client] - Client client_0 - Epoch 1/5 completed. Average Loss: 0.0082
2025-06-24 06:13:54,934 [INFO] [src.federated.client] - Client client_0 - Epoch 2/5 completed. Average Loss: 0.0048
2025-06-24 06:13:54,949 [INFO] [src.federated.client] - Client client_0 - Epoch 3/5 completed. Average Loss: 0.0032
2025-06-24 06:13:54,963 [INFO] [src.federated.client] - Client client_0 - Epoch 4/5 completed. Average Loss: 0.0027
2025-06-24 06:13:54,979 [INFO] [src.federated.client] - Client client_0 - Epoch 5/5 completed. Average Loss: 0.0024
2025-06-24 06:13:54,980 [INFO] [src.federated.client] - Client client_0: Local training finished. Processed 715 samples.
2025-06-24 06:13:54,981 [INFO] [src.federated.client] - Client client_4: Starting local training for 5 epochs. Proximal term mu=0.0.
2025-06-24 06:13:54,996 [INFO] [src.federated.client] - Client client_4 - Epoch 1/5 completed. Average Loss: 0.0050
2025-06-24 06:13:55,011 [INFO] [src.federated.client] - Client client_4 - Epoch 2/5 completed. Average Loss: 0.0043
2025-06-24 06:13:55,026 [INFO] [src.federated.client] - Client client_4 - Epoch 3/5 completed. Average Loss: 0.0034
2025-06-24 06:13:55,040 [INFO] [src.federated.client] - Client client_4 - Epoch 4/5 completed. Average Loss: 0.0030
2025-06-24 06:13:55,057 [INFO] [src.federated.client] - Client client_4 - Epoch 5/5 completed. Average Loss: 0.0028
2025-06-24 06:13:55,058 [INFO] [src.federated.client] - Client client_4: Local training finished. Processed 715 samples.
2025-06-24 06:13:55,059 [INFO] [src.federated.client] - Client client_8: Starting local training for 5 epochs. Proximal term mu=0.0.
2025-06-24 06:13:55,074 [INFO] [src.federated.client] - Client client_8 - Epoch 1/5 completed. Average Loss: 0.0046
2025-06-24 06:13:55,094 [INFO] [src.federated.client] - Client client_8 - Epoch 2/5 completed. Average Loss: 0.0038
2025-06-24 06:13:55,111 [INFO] [src.federated.client] - Client client_8 - Epoch 3/5 completed. Average Loss: 0.0032
2025-06-24 06:13:55,127 [INFO] [src.federated.client] - Client client_8 - Epoch 4/5 completed. Average Loss: 0.0027
2025-06-24 06:13:55,141 [INFO] [src.federated.client] - Client client_8 - Epoch 5/5 completed. Average Loss: 0.0025
2025-06-24 06:13:55,142 [INFO] [src.federated.client] - Client client_8: Local training finished. Processed 715 samples.
2025-06-24 06:13:55,143 [INFO] [src.federated.client] - Client client_2: Starting local training for 5 epochs. Proximal term mu=0.0.
2025-06-24 06:13:55,159 [INFO] [src.federated.client] - Client client_2 - Epoch 1/5 completed. Average Loss: 0.0052
2025-06-24 06:13:55,172 [INFO] [src.federated.client] - Client client_2 - Epoch 2/5 completed. Average Loss: 0.0041
2025-06-24 06:13:55,185 [INFO] [src.federated.client] - Client client_2 - Epoch 3/5 completed. Average Loss: 0.0033
2025-06-24 06:13:55,199 [INFO] [src.federated.client] - Client client_2 - Epoch 4/5 completed. Average Loss: 0.0028
2025-06-24 06:13:55,213 [INFO] [src.federated.client] - Client client_2 - Epoch 5/5 completed. Average Loss: 0.0026
2025-06-24 06:13:55,213 [INFO] [src.federated.client] - Client client_2: Local training finished. Processed 715 samples.
2025-06-24 06:13:55,214 [INFO] [src.federated.client] - Client client_5: Starting local training for 5 epochs. Proximal term mu=0.0.
2025-06-24 06:13:55,228 [INFO] [src.federated.client] - Client client_5 - Epoch 1/5 completed. Average Loss: 0.0288
2025-06-24 06:13:55,242 [INFO] [src.federated.client] - Client client_5 - Epoch 2/5 completed. Average Loss: 0.0091
2025-06-24 06:13:55,256 [INFO] [src.federated.client] - Client client_5 - Epoch 3/5 completed. Average Loss: 0.0052
2025-06-24 06:13:55,269 [INFO] [src.federated.client] - Client client_5 - Epoch 4/5 completed. Average Loss: 0.0039
2025-06-24 06:13:55,284 [INFO] [src.federated.client] - Client client_5 - Epoch 5/5 completed. Average Loss: 0.0033
2025-06-24 06:13:55,285 [INFO] [src.federated.client] - Client client_5: Local training finished. Processed 715 samples.
2025-06-24 06:13:55,286 [INFO] [src.federated.client] - Client client_6: Starting local training for 5 epochs. Proximal term mu=0.0.
2025-06-24 06:13:55,299 [INFO] [src.federated.client] - Client client_6 - Epoch 1/5 completed. Average Loss: 0.0062
2025-06-24 06:13:55,311 [INFO] [src.federated.client] - Client client_6 - Epoch 2/5 completed. Average Loss: 0.0047
2025-06-24 06:13:55,324 [INFO] [src.federated.client] - Client client_6 - Epoch 3/5 completed. Average Loss: 0.0037
2025-06-24 06:13:55,338 [INFO] [src.federated.client] - Client client_6 - Epoch 4/5 completed. Average Loss: 0.0032
2025-06-24 06:13:55,352 [INFO] [src.federated.client] - Client client_6 - Epoch 5/5 completed. Average Loss: 0.0027
2025-06-24 06:13:55,353 [INFO] [src.federated.client] - Client client_6: Local training finished. Processed 715 samples.
2025-06-24 06:13:55,353 [INFO] [src.federated.server] - Aggregating updates from 10 clients using FedDive.
2025-06-24 06:13:55,353 [INFO] [src.federated.aggregation] - FedDive: Aggregating updates from 10 clients (momentum=0.9).
2025-06-24 06:13:55,356 [INFO] [src.federated.aggregation] - FedDive: Aggregation complete.
2025-06-24 06:13:55,356 [INFO] [src.federated.server] - Global model updated with aggregated parameters.
2025-06-24 06:13:55,356 [INFO] [src.federated.server] - Evaluating updated global model...
2025-06-24 06:13:55,362 [INFO] [src.federated.server] - Round 29 completed in 0.81s. Eval Metrics: {'loss': 0.09100803426570363, 'accuracy': 0.9666666666666667}
2025-06-24 06:13:55,362 [INFO] [src.federated.server] - ===== Starting Round 30/30 =====
2025-06-24 06:13:55,362 [INFO] [src.federated.server] - Starting federated training round...
2025-06-24 06:13:55,362 [INFO] [src.federated.server] - Selected 10 clients out of 10 available (fraction=1.0, min_clients=1): ['client_6', 'client_8', 'client_5', 'client_2', 'client_1', 'client_9', 'client_7', 'client_3', 'client_4', 'client_0']
2025-06-24 06:13:55,364 [INFO] [src.federated.client] - Client client_6: Starting local training for 5 epochs. Proximal term mu=0.0.
2025-06-24 06:13:55,377 [INFO] [src.federated.client] - Client client_6 - Epoch 1/5 completed. Average Loss: 0.0056
2025-06-24 06:13:55,392 [INFO] [src.federated.client] - Client client_6 - Epoch 2/5 completed. Average Loss: 0.0046
2025-06-24 06:13:55,406 [INFO] [src.federated.client] - Client client_6 - Epoch 3/5 completed. Average Loss: 0.0036
2025-06-24 06:13:55,421 [INFO] [src.federated.client] - Client client_6 - Epoch 4/5 completed. Average Loss: 0.0029
2025-06-24 06:13:55,436 [INFO] [src.federated.client] - Client client_6 - Epoch 5/5 completed. Average Loss: 0.0026
2025-06-24 06:13:55,437 [INFO] [src.federated.client] - Client client_6: Local training finished. Processed 715 samples.
2025-06-24 06:13:55,438 [INFO] [src.federated.client] - Client client_8: Starting local training for 5 epochs. Proximal term mu=0.0.
2025-06-24 06:13:55,454 [INFO] [src.federated.client] - Client client_8 - Epoch 1/5 completed. Average Loss: 0.0042
2025-06-24 06:13:55,468 [INFO] [src.federated.client] - Client client_8 - Epoch 2/5 completed. Average Loss: 0.0035
2025-06-24 06:13:55,481 [INFO] [src.federated.client] - Client client_8 - Epoch 3/5 completed. Average Loss: 0.0030
2025-06-24 06:13:55,495 [INFO] [src.federated.client] - Client client_8 - Epoch 4/5 completed. Average Loss: 0.0025
2025-06-24 06:13:55,509 [INFO] [src.federated.client] - Client client_8 - Epoch 5/5 completed. Average Loss: 0.0023
2025-06-24 06:13:55,510 [INFO] [src.federated.client] - Client client_8: Local training finished. Processed 715 samples.
2025-06-24 06:13:55,510 [INFO] [src.federated.client] - Client client_5: Starting local training for 5 epochs. Proximal term mu=0.0.
2025-06-24 06:13:55,524 [INFO] [src.federated.client] - Client client_5 - Epoch 1/5 completed. Average Loss: 0.0274
2025-06-24 06:13:55,538 [INFO] [src.federated.client] - Client client_5 - Epoch 2/5 completed. Average Loss: 0.0085
2025-06-24 06:13:55,554 [INFO] [src.federated.client] - Client client_5 - Epoch 3/5 completed. Average Loss: 0.0050
2025-06-24 06:13:55,567 [INFO] [src.federated.client] - Client client_5 - Epoch 4/5 completed. Average Loss: 0.0036
2025-06-24 06:13:55,581 [INFO] [src.federated.client] - Client client_5 - Epoch 5/5 completed. Average Loss: 0.0029
2025-06-24 06:13:55,582 [INFO] [src.federated.client] - Client client_5: Local training finished. Processed 715 samples.
2025-06-24 06:13:55,583 [INFO] [src.federated.client] - Client client_2: Starting local training for 5 epochs. Proximal term mu=0.0.
2025-06-24 06:13:55,598 [INFO] [src.federated.client] - Client client_2 - Epoch 1/5 completed. Average Loss: 0.0049
2025-06-24 06:13:55,613 [INFO] [src.federated.client] - Client client_2 - Epoch 2/5 completed. Average Loss: 0.0038
2025-06-24 06:13:55,627 [INFO] [src.federated.client] - Client client_2 - Epoch 3/5 completed. Average Loss: 0.0031
2025-06-24 06:13:55,644 [INFO] [src.federated.client] - Client client_2 - Epoch 4/5 completed. Average Loss: 0.0027
2025-06-24 06:13:55,658 [INFO] [src.federated.client] - Client client_2 - Epoch 5/5 completed. Average Loss: 0.0024
2025-06-24 06:13:55,659 [INFO] [src.federated.client] - Client client_2: Local training finished. Processed 715 samples.
2025-06-24 06:13:55,660 [INFO] [src.federated.client] - Client client_1: Starting local training for 5 epochs. Proximal term mu=0.0.
2025-06-24 06:13:55,675 [INFO] [src.federated.client] - Client client_1 - Epoch 1/5 completed. Average Loss: 0.0057
2025-06-24 06:13:55,690 [INFO] [src.federated.client] - Client client_1 - Epoch 2/5 completed. Average Loss: 0.0045
2025-06-24 06:13:55,704 [INFO] [src.federated.client] - Client client_1 - Epoch 3/5 completed. Average Loss: 0.0034
2025-06-24 06:13:55,718 [INFO] [src.federated.client] - Client client_1 - Epoch 4/5 completed. Average Loss: 0.0028
2025-06-24 06:13:55,732 [INFO] [src.federated.client] - Client client_1 - Epoch 5/5 completed. Average Loss: 0.0025
2025-06-24 06:13:55,733 [INFO] [src.federated.client] - Client client_1: Local training finished. Processed 715 samples.
2025-06-24 06:13:55,734 [INFO] [src.federated.client] - Client client_9: Starting local training for 5 epochs. Proximal term mu=0.0.
2025-06-24 06:13:55,747 [INFO] [src.federated.client] - Client client_9 - Epoch 1/5 completed. Average Loss: 0.0074
2025-06-24 06:13:55,760 [INFO] [src.federated.client] - Client client_9 - Epoch 2/5 completed. Average Loss: 0.0040
2025-06-24 06:13:55,772 [INFO] [src.federated.client] - Client client_9 - Epoch 3/5 completed. Average Loss: 0.0034
2025-06-24 06:13:55,786 [INFO] [src.federated.client] - Client client_9 - Epoch 4/5 completed. Average Loss: 0.0027
2025-06-24 06:13:55,799 [INFO] [src.federated.client] - Client client_9 - Epoch 5/5 completed. Average Loss: 0.0024
2025-06-24 06:13:55,800 [INFO] [src.federated.client] - Client client_9: Local training finished. Processed 750 samples.
2025-06-24 06:13:55,801 [INFO] [src.federated.client] - Client client_7: Starting local training for 5 epochs. Proximal term mu=0.0.
2025-06-24 06:13:55,815 [INFO] [src.federated.client] - Client client_7 - Epoch 1/5 completed. Average Loss: 0.1761
2025-06-24 06:13:55,830 [INFO] [src.federated.client] - Client client_7 - Epoch 2/5 completed. Average Loss: 0.1228
2025-06-24 06:13:55,844 [INFO] [src.federated.client] - Client client_7 - Epoch 3/5 completed. Average Loss: 0.0708
2025-06-24 06:13:55,859 [INFO] [src.federated.client] - Client client_7 - Epoch 4/5 completed. Average Loss: 0.0302
2025-06-24 06:13:55,874 [INFO] [src.federated.client] - Client client_7 - Epoch 5/5 completed. Average Loss: 0.0177
2025-06-24 06:13:55,874 [INFO] [src.federated.client] - Client client_7: Local training finished. Processed 715 samples.
2025-06-24 06:13:55,875 [INFO] [src.federated.client] - Client client_3: Starting local training for 5 epochs. Proximal term mu=0.0.
2025-06-24 06:13:55,891 [INFO] [src.federated.client] - Client client_3 - Epoch 1/5 completed. Average Loss: 0.1699
2025-06-24 06:13:55,908 [INFO] [src.federated.client] - Client client_3 - Epoch 2/5 completed. Average Loss: 0.1112
2025-06-24 06:13:55,924 [INFO] [src.federated.client] - Client client_3 - Epoch 3/5 completed. Average Loss: 0.0653
2025-06-24 06:13:55,942 [INFO] [src.federated.client] - Client client_3 - Epoch 4/5 completed. Average Loss: 0.0420
2025-06-24 06:13:55,957 [INFO] [src.federated.client] - Client client_3 - Epoch 5/5 completed. Average Loss: 0.0307
2025-06-24 06:13:55,958 [INFO] [src.federated.client] - Client client_3: Local training finished. Processed 715 samples.
2025-06-24 06:13:55,959 [INFO] [src.federated.client] - Client client_4: Starting local training for 5 epochs. Proximal term mu=0.0.
2025-06-24 06:13:55,975 [INFO] [src.federated.client] - Client client_4 - Epoch 1/5 completed. Average Loss: 0.0045
2025-06-24 06:13:55,989 [INFO] [src.federated.client] - Client client_4 - Epoch 2/5 completed. Average Loss: 0.0038
2025-06-24 06:13:56,006 [INFO] [src.federated.client] - Client client_4 - Epoch 3/5 completed. Average Loss: 0.0032
2025-06-24 06:13:56,020 [INFO] [src.federated.client] - Client client_4 - Epoch 4/5 completed. Average Loss: 0.0029
2025-06-24 06:13:56,034 [INFO] [src.federated.client] - Client client_4 - Epoch 5/5 completed. Average Loss: 0.0026
2025-06-24 06:13:56,035 [INFO] [src.federated.client] - Client client_4: Local training finished. Processed 715 samples.
2025-06-24 06:13:56,036 [INFO] [src.federated.client] - Client client_0: Starting local training for 5 epochs. Proximal term mu=0.0.
2025-06-24 06:13:56,051 [INFO] [src.federated.client] - Client client_0 - Epoch 1/5 completed. Average Loss: 0.0074
2025-06-24 06:13:56,065 [INFO] [src.federated.client] - Client client_0 - Epoch 2/5 completed. Average Loss: 0.0040
2025-06-24 06:13:56,080 [INFO] [src.federated.client] - Client client_0 - Epoch 3/5 completed. Average Loss: 0.0030
2025-06-24 06:13:56,094 [INFO] [src.federated.client] - Client client_0 - Epoch 4/5 completed. Average Loss: 0.0024
2025-06-24 06:13:56,109 [INFO] [src.federated.client] - Client client_0 - Epoch 5/5 completed. Average Loss: 0.0021
2025-06-24 06:13:56,110 [INFO] [src.federated.client] - Client client_0: Local training finished. Processed 715 samples.
2025-06-24 06:13:56,110 [INFO] [src.federated.server] - Aggregating updates from 10 clients using FedDive.
2025-06-24 06:13:56,110 [INFO] [src.federated.aggregation] - FedDive: Aggregating updates from 10 clients (momentum=0.9).
2025-06-24 06:13:56,113 [INFO] [src.federated.aggregation] - FedDive: Aggregation complete.
2025-06-24 06:13:56,113 [INFO] [src.federated.server] - Global model updated with aggregated parameters.
2025-06-24 06:13:56,114 [INFO] [src.federated.server] - Evaluating updated global model...
2025-06-24 06:13:56,119 [INFO] [src.federated.server] - Round 30 completed in 0.76s. Eval Metrics: {'loss': 0.09102382337053617, 'accuracy': 0.9666666666666667}
2025-06-24 06:13:56,119 [INFO] [src.federated.server] - Federated training process completed after 30 rounds.
2025-06-24 06:13:56,119 [INFO] [PaperExperimentRunner] - Finished 'Digits_IID_FEDDIVE'. Final Accuracy: 0.9667
2025-06-24 06:13:56,122 [INFO] [PaperExperimentRunner] - Full results saved to /home/dhanraj/quantum_federated_simulator/experiments_paper/results/results_iid_20250624-061356.json
2025-06-24 06:13:56,128 [INFO] [PaperExperimentRunner] - Summary CSV saved to /home/dhanraj/quantum_federated_simulator/experiments_paper/results/summary_iid_20250624-061356.csv
2025-06-24 06:13:56,128 [INFO] [PaperExperimentRunner] - Plotting can be done using the saved JSON/CSV files.
