2025-06-09 06:11:34,374 [INFO] BC_ExperimentRunner: Starting All Breast Cancer Experiments...
2025-06-09 06:11:34,374 [INFO] BC_ExperimentRunner: ========== Starting BC_MLP_FedAvg_IID_FullFeat ==========
2025-06-09 06:11:34,375 [INFO] BC_ExperimentRunner: --- Setting up experiment: BC_MLP_FedAvg_IID_FullFeat for dataset breast_cancer ---
2025-06-09 06:11:36,975 [INFO] src.utils.data_utils: Set all random seeds to 42
2025-06-09 06:11:36,976 [INFO] BC_ExperimentRunner: Experiment 'BC_MLP_FedAvg_IID_FullFeat' will use tensor_dtype: torch.float32
2025-06-09 06:11:36,976 [INFO] src.utils.data_utils: Loading dataset: breast_cancer, PCA features=None, Scaling=standard, Subset size=None, Dtype=torch.float32
2025-06-09 06:11:36,976 [INFO] src.utils.data_utils: Set all random seeds to 42
2025-06-09 06:11:37,022 [INFO] src.utils.data_utils: Data preparation complete for 'breast_cancer'. Train size: 455, Test size: 114, Features: 30, Classes: 2
2025-06-09 06:11:37,029 [INFO] BC_ExperimentRunner: Successfully loaded configuration from /home/dhanraj/quantum_federated_simulator/configs/federated/server_config.yaml
2025-06-09 06:11:37,037 [INFO] BC_ExperimentRunner: Successfully loaded configuration from /home/dhanraj/quantum_federated_simulator/configs/federated/client_config.yaml
2025-06-09 06:11:37,043 [INFO] BC_ExperimentRunner: Successfully loaded configuration from /home/dhanraj/quantum_federated_simulator/configs/federated/default_aggregation.yaml
2025-06-09 06:11:37,054 [INFO] BC_ExperimentRunner: Creating model of type: classical_mlp with n_features=30, n_classes=2, initial_dtype_request=torch.float32
2025-06-09 06:11:37,067 [INFO] BC_ExperimentRunner: Model 'classical_mlp' parameters set to dtype: torch.float32
2025-06-09 06:11:37,068 [INFO] src.federated.aggregation: Creating aggregation strategy of type: fedavg
2025-06-09 06:11:37,068 [INFO] BC_ExperimentRunner: Using aggregation strategy: FedAvg (base: FedAvg)
2025-06-09 06:11:38,154 [INFO] src.federated.server: Federated server initialized on device 'cuda' with aggregation strategy: FedAvg
2025-06-09 06:11:38,154 [INFO] BC_ExperimentRunner: Creating model of type: classical_mlp with n_features=30, n_classes=2, initial_dtype_request=torch.float32
2025-06-09 06:11:38,156 [INFO] BC_ExperimentRunner: Model 'classical_mlp' parameters set to dtype: torch.float32
2025-06-09 06:11:40,399 [INFO] src.federated.client: Client classical_mlp_client_0 initialized on device 'cuda' with 91 samples.
2025-06-09 06:11:40,401 [INFO] BC_ExperimentRunner: Creating model of type: classical_mlp with n_features=30, n_classes=2, initial_dtype_request=torch.float32
2025-06-09 06:11:40,402 [INFO] BC_ExperimentRunner: Model 'classical_mlp' parameters set to dtype: torch.float32
2025-06-09 06:11:40,404 [INFO] src.federated.client: Client classical_mlp_client_1 initialized on device 'cuda' with 91 samples.
2025-06-09 06:11:40,404 [INFO] BC_ExperimentRunner: Creating model of type: classical_mlp with n_features=30, n_classes=2, initial_dtype_request=torch.float32
2025-06-09 06:11:40,405 [INFO] BC_ExperimentRunner: Model 'classical_mlp' parameters set to dtype: torch.float32
2025-06-09 06:11:40,407 [INFO] src.federated.client: Client classical_mlp_client_2 initialized on device 'cuda' with 91 samples.
2025-06-09 06:11:40,407 [INFO] BC_ExperimentRunner: Creating model of type: classical_mlp with n_features=30, n_classes=2, initial_dtype_request=torch.float32
2025-06-09 06:11:40,408 [INFO] BC_ExperimentRunner: Model 'classical_mlp' parameters set to dtype: torch.float32
2025-06-09 06:11:40,409 [INFO] src.federated.client: Client classical_mlp_client_3 initialized on device 'cuda' with 91 samples.
2025-06-09 06:11:40,409 [INFO] BC_ExperimentRunner: Creating model of type: classical_mlp with n_features=30, n_classes=2, initial_dtype_request=torch.float32
2025-06-09 06:11:40,410 [INFO] BC_ExperimentRunner: Model 'classical_mlp' parameters set to dtype: torch.float32
2025-06-09 06:11:40,411 [INFO] src.federated.client: Client classical_mlp_client_4 initialized on device 'cuda' with 91 samples.
2025-06-09 06:11:40,412 [INFO] src.federated.server: Registered client 'classical_mlp_client_0'. Total clients: 1.
2025-06-09 06:11:40,412 [INFO] src.federated.server: Registered client 'classical_mlp_client_1'. Total clients: 2.
2025-06-09 06:11:40,412 [INFO] src.federated.server: Registered client 'classical_mlp_client_2'. Total clients: 3.
2025-06-09 06:11:40,412 [INFO] src.federated.server: Registered client 'classical_mlp_client_3'. Total clients: 4.
2025-06-09 06:11:40,412 [INFO] src.federated.server: Registered client 'classical_mlp_client_4'. Total clients: 5.
2025-06-09 06:11:40,412 [INFO] BC_ExperimentRunner: --- Scenario setup complete for BC_MLP_FedAvg_IID_FullFeat ---
2025-06-09 06:11:40,413 [INFO] src.federated.server: Starting federated training process for 5 rounds.
2025-06-09 06:11:40,413 [INFO] src.federated.server: Config: local_epochs=3, client_fraction=0.1, min_clients=3, FedProx mu=0.0
2025-06-09 06:11:40,413 [INFO] src.federated.server: Performing initial evaluation of global model...
2025-06-09 06:11:40,944 [INFO] src.federated.server: Initial Evaluation Metrics: {'loss': 0.7119773626327515, 'accuracy': 0.3684210526315789}
2025-06-09 06:11:40,945 [INFO] src.federated.server: ===== Starting Round 1/5 =====
2025-06-09 06:11:40,945 [INFO] src.federated.server: Starting federated training round...
2025-06-09 06:11:40,945 [INFO] src.federated.server: Selected 3 clients out of 5 available (fraction=0.1, min_clients=3): ['classical_mlp_client_0', 'classical_mlp_client_4', 'classical_mlp_client_2']
2025-06-09 06:11:40,948 [INFO] src.federated.client: Client classical_mlp_client_0: Starting local training for 3 epochs. Proximal term mu=0.0.
2025-06-09 06:11:41,782 [INFO] src.federated.client: Client classical_mlp_client_0 - Epoch 1/3 completed. Average Loss: 0.7019
2025-06-09 06:11:41,812 [INFO] src.federated.client: Client classical_mlp_client_0 - Epoch 2/3 completed. Average Loss: 0.6574
2025-06-09 06:11:41,837 [INFO] src.federated.client: Client classical_mlp_client_0 - Epoch 3/3 completed. Average Loss: 0.6177
2025-06-09 06:11:41,840 [INFO] src.federated.client: Client classical_mlp_client_0: Local training finished. Processed 273 samples.
2025-06-09 06:11:41,844 [INFO] src.federated.client: Client classical_mlp_client_4: Starting local training for 3 epochs. Proximal term mu=0.0.
2025-06-09 06:11:41,871 [INFO] src.federated.client: Client classical_mlp_client_4 - Epoch 1/3 completed. Average Loss: 0.7091
2025-06-09 06:11:41,894 [INFO] src.federated.client: Client classical_mlp_client_4 - Epoch 2/3 completed. Average Loss: 0.6556
2025-06-09 06:11:41,914 [INFO] src.federated.client: Client classical_mlp_client_4 - Epoch 3/3 completed. Average Loss: 0.6103
2025-06-09 06:11:41,916 [INFO] src.federated.client: Client classical_mlp_client_4: Local training finished. Processed 273 samples.
2025-06-09 06:11:41,918 [INFO] src.federated.client: Client classical_mlp_client_2: Starting local training for 3 epochs. Proximal term mu=0.0.
2025-06-09 06:11:41,938 [INFO] src.federated.client: Client classical_mlp_client_2 - Epoch 1/3 completed. Average Loss: 0.7050
2025-06-09 06:11:41,960 [INFO] src.federated.client: Client classical_mlp_client_2 - Epoch 2/3 completed. Average Loss: 0.6537
2025-06-09 06:11:41,977 [INFO] src.federated.client: Client classical_mlp_client_2 - Epoch 3/3 completed. Average Loss: 0.6103
2025-06-09 06:11:41,979 [INFO] src.federated.client: Client classical_mlp_client_2: Local training finished. Processed 273 samples.
2025-06-09 06:11:41,980 [INFO] src.federated.server: Aggregating updates from 3 clients using FedAvg.
2025-06-09 06:11:41,980 [INFO] src.federated.aggregation: FedAvg: Aggregating updates from 3 clients.
2025-06-09 06:11:41,982 [INFO] src.federated.aggregation: FedAvg: Aggregation complete.
2025-06-09 06:11:41,984 [INFO] src.federated.server: Global model updated with aggregated parameters.
2025-06-09 06:11:41,984 [INFO] src.federated.server: Evaluating updated global model...
2025-06-09 06:11:41,989 [INFO] src.federated.server: Round 1 completed in 1.04s. Eval Metrics: {'loss': 0.5987380743026733, 'accuracy': 0.8596491228070176}
2025-06-09 06:11:41,990 [INFO] src.federated.server: ===== Starting Round 2/5 =====
2025-06-09 06:11:41,990 [INFO] src.federated.server: Starting federated training round...
2025-06-09 06:11:41,990 [INFO] src.federated.server: Selected 3 clients out of 5 available (fraction=0.1, min_clients=3): ['classical_mlp_client_2', 'classical_mlp_client_1', 'classical_mlp_client_0']
2025-06-09 06:11:41,992 [INFO] src.federated.client: Client classical_mlp_client_2: Starting local training for 3 epochs. Proximal term mu=0.0.
2025-06-09 06:11:42,013 [INFO] src.federated.client: Client classical_mlp_client_2 - Epoch 1/3 completed. Average Loss: 0.5683
2025-06-09 06:11:42,033 [INFO] src.federated.client: Client classical_mlp_client_2 - Epoch 2/3 completed. Average Loss: 0.5224
2025-06-09 06:11:42,055 [INFO] src.federated.client: Client classical_mlp_client_2 - Epoch 3/3 completed. Average Loss: 0.4750
2025-06-09 06:11:42,056 [INFO] src.federated.client: Client classical_mlp_client_2: Local training finished. Processed 273 samples.
2025-06-09 06:11:42,058 [INFO] src.federated.client: Client classical_mlp_client_1: Starting local training for 3 epochs. Proximal term mu=0.0.
2025-06-09 06:11:42,090 [INFO] src.federated.client: Client classical_mlp_client_1 - Epoch 1/3 completed. Average Loss: 0.5870
2025-06-09 06:11:42,106 [INFO] src.federated.client: Client classical_mlp_client_1 - Epoch 2/3 completed. Average Loss: 0.5385
2025-06-09 06:11:42,121 [INFO] src.federated.client: Client classical_mlp_client_1 - Epoch 3/3 completed. Average Loss: 0.4919
2025-06-09 06:11:42,122 [INFO] src.federated.client: Client classical_mlp_client_1: Local training finished. Processed 273 samples.
2025-06-09 06:11:42,123 [INFO] src.federated.client: Client classical_mlp_client_0: Starting local training for 3 epochs. Proximal term mu=0.0.
2025-06-09 06:11:42,137 [INFO] src.federated.client: Client classical_mlp_client_0 - Epoch 1/3 completed. Average Loss: 0.5817
2025-06-09 06:11:42,153 [INFO] src.federated.client: Client classical_mlp_client_0 - Epoch 2/3 completed. Average Loss: 0.5398
2025-06-09 06:11:42,169 [INFO] src.federated.client: Client classical_mlp_client_0 - Epoch 3/3 completed. Average Loss: 0.4949
2025-06-09 06:11:42,170 [INFO] src.federated.client: Client classical_mlp_client_0: Local training finished. Processed 273 samples.
2025-06-09 06:11:42,171 [INFO] src.federated.server: Aggregating updates from 3 clients using FedAvg.
2025-06-09 06:11:42,171 [INFO] src.federated.aggregation: FedAvg: Aggregating updates from 3 clients.
2025-06-09 06:11:42,172 [INFO] src.federated.aggregation: FedAvg: Aggregation complete.
2025-06-09 06:11:42,173 [INFO] src.federated.server: Global model updated with aggregated parameters.
2025-06-09 06:11:42,174 [INFO] src.federated.server: Evaluating updated global model...
2025-06-09 06:11:42,178 [INFO] src.federated.server: Round 2 completed in 0.19s. Eval Metrics: {'loss': 0.4760989546775818, 'accuracy': 0.9385964912280702}
2025-06-09 06:11:42,179 [INFO] src.federated.server: ===== Starting Round 3/5 =====
2025-06-09 06:11:42,179 [INFO] src.federated.server: Starting federated training round...
2025-06-09 06:11:42,179 [INFO] src.federated.server: Selected 3 clients out of 5 available (fraction=0.1, min_clients=3): ['classical_mlp_client_1', 'classical_mlp_client_0', 'classical_mlp_client_2']
2025-06-09 06:11:42,181 [INFO] src.federated.client: Client classical_mlp_client_1: Starting local training for 3 epochs. Proximal term mu=0.0.
2025-06-09 06:11:42,199 [INFO] src.federated.client: Client classical_mlp_client_1 - Epoch 1/3 completed. Average Loss: 0.4500
2025-06-09 06:11:42,218 [INFO] src.federated.client: Client classical_mlp_client_1 - Epoch 2/3 completed. Average Loss: 0.4017
2025-06-09 06:11:42,235 [INFO] src.federated.client: Client classical_mlp_client_1 - Epoch 3/3 completed. Average Loss: 0.3535
2025-06-09 06:11:42,236 [INFO] src.federated.client: Client classical_mlp_client_1: Local training finished. Processed 273 samples.
2025-06-09 06:11:42,238 [INFO] src.federated.client: Client classical_mlp_client_0: Starting local training for 3 epochs. Proximal term mu=0.0.
2025-06-09 06:11:42,255 [INFO] src.federated.client: Client classical_mlp_client_0 - Epoch 1/3 completed. Average Loss: 0.4523
2025-06-09 06:11:42,273 [INFO] src.federated.client: Client classical_mlp_client_0 - Epoch 2/3 completed. Average Loss: 0.4039
2025-06-09 06:11:42,289 [INFO] src.federated.client: Client classical_mlp_client_0 - Epoch 3/3 completed. Average Loss: 0.3564
2025-06-09 06:11:42,290 [INFO] src.federated.client: Client classical_mlp_client_0: Local training finished. Processed 273 samples.
2025-06-09 06:11:42,292 [INFO] src.federated.client: Client classical_mlp_client_2: Starting local training for 3 epochs. Proximal term mu=0.0.
2025-06-09 06:11:42,312 [INFO] src.federated.client: Client classical_mlp_client_2 - Epoch 1/3 completed. Average Loss: 0.4239
2025-06-09 06:11:42,331 [INFO] src.federated.client: Client classical_mlp_client_2 - Epoch 2/3 completed. Average Loss: 0.3727
2025-06-09 06:11:42,346 [INFO] src.federated.client: Client classical_mlp_client_2 - Epoch 3/3 completed. Average Loss: 0.3231
2025-06-09 06:11:42,347 [INFO] src.federated.client: Client classical_mlp_client_2: Local training finished. Processed 273 samples.
2025-06-09 06:11:42,348 [INFO] src.federated.server: Aggregating updates from 3 clients using FedAvg.
2025-06-09 06:11:42,348 [INFO] src.federated.aggregation: FedAvg: Aggregating updates from 3 clients.
2025-06-09 06:11:42,349 [INFO] src.federated.aggregation: FedAvg: Aggregation complete.
2025-06-09 06:11:42,350 [INFO] src.federated.server: Global model updated with aggregated parameters.
2025-06-09 06:11:42,350 [INFO] src.federated.server: Evaluating updated global model...
2025-06-09 06:11:42,354 [INFO] src.federated.server: Round 3 completed in 0.17s. Eval Metrics: {'loss': 0.34171128273010254, 'accuracy': 0.956140350877193}
2025-06-09 06:11:42,354 [INFO] src.federated.server: ===== Starting Round 4/5 =====
2025-06-09 06:11:42,354 [INFO] src.federated.server: Starting federated training round...
2025-06-09 06:11:42,355 [INFO] src.federated.server: Selected 3 clients out of 5 available (fraction=0.1, min_clients=3): ['classical_mlp_client_4', 'classical_mlp_client_0', 'classical_mlp_client_2']
2025-06-09 06:11:42,357 [INFO] src.federated.client: Client classical_mlp_client_4: Starting local training for 3 epochs. Proximal term mu=0.0.
2025-06-09 06:11:42,374 [INFO] src.federated.client: Client classical_mlp_client_4 - Epoch 1/3 completed. Average Loss: 0.2831
2025-06-09 06:11:42,393 [INFO] src.federated.client: Client classical_mlp_client_4 - Epoch 2/3 completed. Average Loss: 0.2416
2025-06-09 06:11:42,410 [INFO] src.federated.client: Client classical_mlp_client_4 - Epoch 3/3 completed. Average Loss: 0.2029
2025-06-09 06:11:42,411 [INFO] src.federated.client: Client classical_mlp_client_4: Local training finished. Processed 273 samples.
2025-06-09 06:11:42,412 [INFO] src.federated.client: Client classical_mlp_client_0: Starting local training for 3 epochs. Proximal term mu=0.0.
2025-06-09 06:11:42,429 [INFO] src.federated.client: Client classical_mlp_client_0 - Epoch 1/3 completed. Average Loss: 0.3158
2025-06-09 06:11:42,445 [INFO] src.federated.client: Client classical_mlp_client_0 - Epoch 2/3 completed. Average Loss: 0.2729
2025-06-09 06:11:42,464 [INFO] src.federated.client: Client classical_mlp_client_0 - Epoch 3/3 completed. Average Loss: 0.2354
2025-06-09 06:11:42,466 [INFO] src.federated.client: Client classical_mlp_client_0: Local training finished. Processed 273 samples.
2025-06-09 06:11:42,467 [INFO] src.federated.client: Client classical_mlp_client_2: Starting local training for 3 epochs. Proximal term mu=0.0.
2025-06-09 06:11:42,489 [INFO] src.federated.client: Client classical_mlp_client_2 - Epoch 1/3 completed. Average Loss: 0.2782
2025-06-09 06:11:42,506 [INFO] src.federated.client: Client classical_mlp_client_2 - Epoch 2/3 completed. Average Loss: 0.2342
2025-06-09 06:11:42,523 [INFO] src.federated.client: Client classical_mlp_client_2 - Epoch 3/3 completed. Average Loss: 0.1974
2025-06-09 06:11:42,525 [INFO] src.federated.client: Client classical_mlp_client_2: Local training finished. Processed 273 samples.
2025-06-09 06:11:42,526 [INFO] src.federated.server: Aggregating updates from 3 clients using FedAvg.
2025-06-09 06:11:42,526 [INFO] src.federated.aggregation: FedAvg: Aggregating updates from 3 clients.
2025-06-09 06:11:42,528 [INFO] src.federated.aggregation: FedAvg: Aggregation complete.
2025-06-09 06:11:42,530 [INFO] src.federated.server: Global model updated with aggregated parameters.
2025-06-09 06:11:42,530 [INFO] src.federated.server: Evaluating updated global model...
2025-06-09 06:11:42,536 [INFO] src.federated.server: Round 4 completed in 0.18s. Eval Metrics: {'loss': 0.23601482808589935, 'accuracy': 0.956140350877193}
2025-06-09 06:11:42,536 [INFO] src.federated.server: ===== Starting Round 5/5 =====
2025-06-09 06:11:42,536 [INFO] src.federated.server: Starting federated training round...
2025-06-09 06:11:42,536 [INFO] src.federated.server: Selected 3 clients out of 5 available (fraction=0.1, min_clients=3): ['classical_mlp_client_3', 'classical_mlp_client_0', 'classical_mlp_client_4']
2025-06-09 06:11:42,539 [INFO] src.federated.client: Client classical_mlp_client_3: Starting local training for 3 epochs. Proximal term mu=0.0.
2025-06-09 06:11:42,560 [INFO] src.federated.client: Client classical_mlp_client_3 - Epoch 1/3 completed. Average Loss: 0.2553
2025-06-09 06:11:42,582 [INFO] src.federated.client: Client classical_mlp_client_3 - Epoch 2/3 completed. Average Loss: 0.2230
2025-06-09 06:11:42,603 [INFO] src.federated.client: Client classical_mlp_client_3 - Epoch 3/3 completed. Average Loss: 0.2000
2025-06-09 06:11:42,605 [INFO] src.federated.client: Client classical_mlp_client_3: Local training finished. Processed 273 samples.
2025-06-09 06:11:42,606 [INFO] src.federated.client: Client classical_mlp_client_0: Starting local training for 3 epochs. Proximal term mu=0.0.
2025-06-09 06:11:42,624 [INFO] src.federated.client: Client classical_mlp_client_0 - Epoch 1/3 completed. Average Loss: 0.2127
2025-06-09 06:11:42,643 [INFO] src.federated.client: Client classical_mlp_client_0 - Epoch 2/3 completed. Average Loss: 0.1849
2025-06-09 06:11:42,665 [INFO] src.federated.client: Client classical_mlp_client_0 - Epoch 3/3 completed. Average Loss: 0.1611
2025-06-09 06:11:42,666 [INFO] src.federated.client: Client classical_mlp_client_0: Local training finished. Processed 273 samples.
2025-06-09 06:11:42,667 [INFO] src.federated.client: Client classical_mlp_client_4: Starting local training for 3 epochs. Proximal term mu=0.0.
2025-06-09 06:11:42,688 [INFO] src.federated.client: Client classical_mlp_client_4 - Epoch 1/3 completed. Average Loss: 0.1644
2025-06-09 06:11:42,707 [INFO] src.federated.client: Client classical_mlp_client_4 - Epoch 2/3 completed. Average Loss: 0.1357
2025-06-09 06:11:42,726 [INFO] src.federated.client: Client classical_mlp_client_4 - Epoch 3/3 completed. Average Loss: 0.1104
2025-06-09 06:11:42,728 [INFO] src.federated.client: Client classical_mlp_client_4: Local training finished. Processed 273 samples.
2025-06-09 06:11:42,728 [INFO] src.federated.server: Aggregating updates from 3 clients using FedAvg.
2025-06-09 06:11:42,729 [INFO] src.federated.aggregation: FedAvg: Aggregating updates from 3 clients.
2025-06-09 06:11:42,730 [INFO] src.federated.aggregation: FedAvg: Aggregation complete.
2025-06-09 06:11:42,732 [INFO] src.federated.server: Global model updated with aggregated parameters.
2025-06-09 06:11:42,733 [INFO] src.federated.server: Evaluating updated global model...
2025-06-09 06:11:42,738 [INFO] src.federated.server: Round 5 completed in 0.20s. Eval Metrics: {'loss': 0.17213810980319977, 'accuracy': 0.9649122807017544}
2025-06-09 06:11:42,739 [INFO] src.federated.server: Federated training process completed after 5 rounds.
2025-06-09 06:11:42,739 [INFO] BC_ExperimentRunner: ========== Finished BC_MLP_FedAvg_IID_FullFeat ==========

2025-06-09 06:11:42,739 [INFO] BC_ExperimentRunner: ========== Starting BC_MLP_FedAvg_NonIID_a0.3_FullFeat ==========
2025-06-09 06:11:42,739 [INFO] BC_ExperimentRunner: --- Setting up experiment: BC_MLP_FedAvg_NonIID_a0.3_FullFeat for dataset breast_cancer ---
2025-06-09 06:11:42,744 [INFO] src.utils.data_utils: Set all random seeds to 42
2025-06-09 06:11:42,744 [INFO] BC_ExperimentRunner: Experiment 'BC_MLP_FedAvg_NonIID_a0.3_FullFeat' will use tensor_dtype: torch.float32
2025-06-09 06:11:42,745 [INFO] src.utils.data_utils: Loading dataset: breast_cancer, PCA features=None, Scaling=standard, Subset size=None, Dtype=torch.float32
2025-06-09 06:11:42,745 [INFO] src.utils.data_utils: Set all random seeds to 42
2025-06-09 06:11:42,766 [INFO] src.utils.data_utils: Data preparation complete for 'breast_cancer'. Train size: 455, Test size: 114, Features: 30, Classes: 2
2025-06-09 06:11:42,775 [INFO] BC_ExperimentRunner: Successfully loaded configuration from /home/dhanraj/quantum_federated_simulator/configs/federated/server_config.yaml
2025-06-09 06:11:42,782 [INFO] BC_ExperimentRunner: Successfully loaded configuration from /home/dhanraj/quantum_federated_simulator/configs/federated/client_config.yaml
2025-06-09 06:11:42,789 [INFO] BC_ExperimentRunner: Successfully loaded configuration from /home/dhanraj/quantum_federated_simulator/configs/federated/default_aggregation.yaml
2025-06-09 06:11:42,792 [INFO] BC_ExperimentRunner: Creating model of type: classical_mlp with n_features=30, n_classes=2, initial_dtype_request=torch.float32
2025-06-09 06:11:42,793 [INFO] BC_ExperimentRunner: Model 'classical_mlp' parameters set to dtype: torch.float32
2025-06-09 06:11:42,793 [INFO] src.federated.aggregation: Creating aggregation strategy of type: fedavg
2025-06-09 06:11:42,793 [INFO] BC_ExperimentRunner: Using aggregation strategy: FedAvg (base: FedAvg)
2025-06-09 06:11:42,795 [INFO] src.federated.server: Federated server initialized on device 'cuda' with aggregation strategy: FedAvg
2025-06-09 06:11:42,796 [INFO] BC_ExperimentRunner: Creating model of type: classical_mlp with n_features=30, n_classes=2, initial_dtype_request=torch.float32
2025-06-09 06:11:42,797 [INFO] BC_ExperimentRunner: Model 'classical_mlp' parameters set to dtype: torch.float32
2025-06-09 06:11:42,799 [INFO] src.federated.client: Client classical_mlp_client_0 initialized on device 'cuda' with 11 samples.
2025-06-09 06:11:42,799 [INFO] BC_ExperimentRunner: Creating model of type: classical_mlp with n_features=30, n_classes=2, initial_dtype_request=torch.float32
2025-06-09 06:11:42,800 [INFO] BC_ExperimentRunner: Model 'classical_mlp' parameters set to dtype: torch.float32
2025-06-09 06:11:42,802 [INFO] src.federated.client: Client classical_mlp_client_1 initialized on device 'cuda' with 357 samples.
2025-06-09 06:11:42,802 [INFO] BC_ExperimentRunner: Creating model of type: classical_mlp with n_features=30, n_classes=2, initial_dtype_request=torch.float32
2025-06-09 06:11:42,803 [INFO] BC_ExperimentRunner: Model 'classical_mlp' parameters set to dtype: torch.float32
2025-06-09 06:11:42,805 [INFO] src.federated.client: Client classical_mlp_client_2 initialized on device 'cuda' with 2 samples.
2025-06-09 06:11:42,805 [INFO] BC_ExperimentRunner: Creating model of type: classical_mlp with n_features=30, n_classes=2, initial_dtype_request=torch.float32
2025-06-09 06:11:42,807 [INFO] BC_ExperimentRunner: Model 'classical_mlp' parameters set to dtype: torch.float32
2025-06-09 06:11:42,809 [INFO] src.federated.client: Client classical_mlp_client_3 initialized on device 'cuda' with 7 samples.
2025-06-09 06:11:42,810 [INFO] BC_ExperimentRunner: Creating model of type: classical_mlp with n_features=30, n_classes=2, initial_dtype_request=torch.float32
2025-06-09 06:11:42,811 [INFO] BC_ExperimentRunner: Model 'classical_mlp' parameters set to dtype: torch.float32
2025-06-09 06:11:42,813 [INFO] src.federated.client: Client classical_mlp_client_4 initialized on device 'cuda' with 78 samples.
2025-06-09 06:11:42,813 [INFO] src.federated.server: Registered client 'classical_mlp_client_0'. Total clients: 1.
2025-06-09 06:11:42,814 [INFO] src.federated.server: Registered client 'classical_mlp_client_1'. Total clients: 2.
2025-06-09 06:11:42,814 [INFO] src.federated.server: Registered client 'classical_mlp_client_2'. Total clients: 3.
2025-06-09 06:11:42,814 [INFO] src.federated.server: Registered client 'classical_mlp_client_3'. Total clients: 4.
2025-06-09 06:11:42,814 [INFO] src.federated.server: Registered client 'classical_mlp_client_4'. Total clients: 5.
2025-06-09 06:11:42,814 [INFO] BC_ExperimentRunner: --- Scenario setup complete for BC_MLP_FedAvg_NonIID_a0.3_FullFeat ---
2025-06-09 06:11:42,815 [INFO] src.federated.server: Starting federated training process for 5 rounds.
2025-06-09 06:11:42,816 [INFO] src.federated.server: Config: local_epochs=3, client_fraction=0.1, min_clients=3, FedProx mu=0.0
2025-06-09 06:11:42,816 [INFO] src.federated.server: Performing initial evaluation of global model...
2025-06-09 06:11:42,821 [INFO] src.federated.server: Initial Evaluation Metrics: {'loss': 0.7107932567596436, 'accuracy': 0.40350877192982454}
2025-06-09 06:11:42,822 [INFO] src.federated.server: ===== Starting Round 1/5 =====
2025-06-09 06:11:42,822 [INFO] src.federated.server: Starting federated training round...
2025-06-09 06:11:42,823 [INFO] src.federated.server: Selected 3 clients out of 5 available (fraction=0.1, min_clients=3): ['classical_mlp_client_1', 'classical_mlp_client_4', 'classical_mlp_client_3']
2025-06-09 06:11:42,826 [INFO] src.federated.client: Client classical_mlp_client_1: Starting local training for 3 epochs. Proximal term mu=0.0.
2025-06-09 06:11:42,947 [INFO] src.federated.client: Client classical_mlp_client_1 - Epoch 1/3 completed. Average Loss: 0.6472
2025-06-09 06:11:43,015 [INFO] src.federated.client: Client classical_mlp_client_1 - Epoch 2/3 completed. Average Loss: 0.5018
2025-06-09 06:11:43,078 [INFO] src.federated.client: Client classical_mlp_client_1 - Epoch 3/3 completed. Average Loss: 0.3288
2025-06-09 06:11:43,079 [INFO] src.federated.client: Client classical_mlp_client_1: Local training finished. Processed 1071 samples.
2025-06-09 06:11:43,081 [INFO] src.federated.client: Client classical_mlp_client_4: Starting local training for 3 epochs. Proximal term mu=0.0.
2025-06-09 06:11:43,101 [INFO] src.federated.client: Client classical_mlp_client_4 - Epoch 1/3 completed. Average Loss: 0.7094
2025-06-09 06:11:43,121 [INFO] src.federated.client: Client classical_mlp_client_4 - Epoch 2/3 completed. Average Loss: 0.6597
2025-06-09 06:11:43,137 [INFO] src.federated.client: Client classical_mlp_client_4 - Epoch 3/3 completed. Average Loss: 0.6198
2025-06-09 06:11:43,140 [INFO] src.federated.client: Client classical_mlp_client_4: Local training finished. Processed 234 samples.
2025-06-09 06:11:43,141 [INFO] src.federated.client: Client classical_mlp_client_3: Starting local training for 3 epochs. Proximal term mu=0.0.
2025-06-09 06:11:43,150 [INFO] src.federated.client: Client classical_mlp_client_3 - Epoch 1/3 completed. Average Loss: 0.6567
2025-06-09 06:11:43,160 [INFO] src.federated.client: Client classical_mlp_client_3 - Epoch 2/3 completed. Average Loss: 0.6351
2025-06-09 06:11:43,166 [INFO] src.federated.client: Client classical_mlp_client_3 - Epoch 3/3 completed. Average Loss: 0.6149
2025-06-09 06:11:43,168 [INFO] src.federated.client: Client classical_mlp_client_3: Local training finished. Processed 21 samples.
2025-06-09 06:11:43,169 [INFO] src.federated.server: Aggregating updates from 3 clients using FedAvg.
2025-06-09 06:11:43,169 [INFO] src.federated.aggregation: FedAvg: Aggregating updates from 3 clients.
2025-06-09 06:11:43,171 [INFO] src.federated.aggregation: FedAvg: Aggregation complete.
2025-06-09 06:11:43,172 [INFO] src.federated.server: Global model updated with aggregated parameters.
2025-06-09 06:11:43,172 [INFO] src.federated.server: Evaluating updated global model...
2025-06-09 06:11:43,178 [INFO] src.federated.server: Round 1 completed in 0.36s. Eval Metrics: {'loss': 0.3359237015247345, 'accuracy': 0.9385964912280702}
2025-06-09 06:11:43,179 [INFO] src.federated.server: ===== Starting Round 2/5 =====
2025-06-09 06:11:43,179 [INFO] src.federated.server: Starting federated training round...
2025-06-09 06:11:43,179 [INFO] src.federated.server: Selected 3 clients out of 5 available (fraction=0.1, min_clients=3): ['classical_mlp_client_2', 'classical_mlp_client_4', 'classical_mlp_client_0']
2025-06-09 06:11:43,182 [INFO] src.federated.client: Client classical_mlp_client_2: Starting local training for 3 epochs. Proximal term mu=0.0.
2025-06-09 06:11:43,190 [INFO] src.federated.client: Client classical_mlp_client_2 - Epoch 1/3 completed. Average Loss: 0.6679
2025-06-09 06:11:43,197 [INFO] src.federated.client: Client classical_mlp_client_2 - Epoch 2/3 completed. Average Loss: 0.6453
2025-06-09 06:11:43,203 [INFO] src.federated.client: Client classical_mlp_client_2 - Epoch 3/3 completed. Average Loss: 0.6238
2025-06-09 06:11:43,204 [INFO] src.federated.client: Client classical_mlp_client_2: Local training finished. Processed 6 samples.
2025-06-09 06:11:43,206 [INFO] src.federated.client: Client classical_mlp_client_4: Starting local training for 3 epochs. Proximal term mu=0.0.
2025-06-09 06:11:43,223 [INFO] src.federated.client: Client classical_mlp_client_4 - Epoch 1/3 completed. Average Loss: 0.3650
2025-06-09 06:11:43,239 [INFO] src.federated.client: Client classical_mlp_client_4 - Epoch 2/3 completed. Average Loss: 0.3298
2025-06-09 06:11:43,254 [INFO] src.federated.client: Client classical_mlp_client_4 - Epoch 3/3 completed. Average Loss: 0.2937
2025-06-09 06:11:43,255 [INFO] src.federated.client: Client classical_mlp_client_4: Local training finished. Processed 234 samples.
2025-06-09 06:11:43,257 [INFO] src.federated.client: Client classical_mlp_client_0: Starting local training for 3 epochs. Proximal term mu=0.0.
2025-06-09 06:11:43,263 [INFO] src.federated.client: Client classical_mlp_client_0 - Epoch 1/3 completed. Average Loss: 0.3234
2025-06-09 06:11:43,268 [INFO] src.federated.client: Client classical_mlp_client_0 - Epoch 2/3 completed. Average Loss: 0.2965
2025-06-09 06:11:43,275 [INFO] src.federated.client: Client classical_mlp_client_0 - Epoch 3/3 completed. Average Loss: 0.2723
2025-06-09 06:11:43,276 [INFO] src.federated.client: Client classical_mlp_client_0: Local training finished. Processed 33 samples.
2025-06-09 06:11:43,277 [INFO] src.federated.server: Aggregating updates from 3 clients using FedAvg.
2025-06-09 06:11:43,277 [INFO] src.federated.aggregation: FedAvg: Aggregating updates from 3 clients.
2025-06-09 06:11:43,278 [INFO] src.federated.aggregation: FedAvg: Aggregation complete.
2025-06-09 06:11:43,279 [INFO] src.federated.server: Global model updated with aggregated parameters.
2025-06-09 06:11:43,280 [INFO] src.federated.server: Evaluating updated global model...
2025-06-09 06:11:43,285 [INFO] src.federated.server: Round 2 completed in 0.11s. Eval Metrics: {'loss': 0.2865592837333679, 'accuracy': 0.9210526315789473}
2025-06-09 06:11:43,286 [INFO] src.federated.server: ===== Starting Round 3/5 =====
2025-06-09 06:11:43,286 [INFO] src.federated.server: Starting federated training round...
2025-06-09 06:11:43,286 [INFO] src.federated.server: Selected 3 clients out of 5 available (fraction=0.1, min_clients=3): ['classical_mlp_client_1', 'classical_mlp_client_0', 'classical_mlp_client_2']
2025-06-09 06:11:43,288 [INFO] src.federated.client: Client classical_mlp_client_1: Starting local training for 3 epochs. Proximal term mu=0.0.
2025-06-09 06:11:43,374 [INFO] src.federated.client: Client classical_mlp_client_1 - Epoch 1/3 completed. Average Loss: 0.2064
2025-06-09 06:11:43,452 [INFO] src.federated.client: Client classical_mlp_client_1 - Epoch 2/3 completed. Average Loss: 0.1251
2025-06-09 06:11:43,515 [INFO] src.federated.client: Client classical_mlp_client_1 - Epoch 3/3 completed. Average Loss: 0.0925
2025-06-09 06:11:43,516 [INFO] src.federated.client: Client classical_mlp_client_1: Local training finished. Processed 1071 samples.
2025-06-09 06:11:43,517 [INFO] src.federated.client: Client classical_mlp_client_0: Starting local training for 3 epochs. Proximal term mu=0.0.
2025-06-09 06:11:43,523 [INFO] src.federated.client: Client classical_mlp_client_0 - Epoch 1/3 completed. Average Loss: 0.1903
2025-06-09 06:11:43,528 [INFO] src.federated.client: Client classical_mlp_client_0 - Epoch 2/3 completed. Average Loss: 0.1741
2025-06-09 06:11:43,534 [INFO] src.federated.client: Client classical_mlp_client_0 - Epoch 3/3 completed. Average Loss: 0.1596
2025-06-09 06:11:43,535 [INFO] src.federated.client: Client classical_mlp_client_0: Local training finished. Processed 33 samples.
2025-06-09 06:11:43,537 [INFO] src.federated.client: Client classical_mlp_client_2: Starting local training for 3 epochs. Proximal term mu=0.0.
2025-06-09 06:11:43,543 [INFO] src.federated.client: Client classical_mlp_client_2 - Epoch 1/3 completed. Average Loss: 0.7245
2025-06-09 06:11:43,550 [INFO] src.federated.client: Client classical_mlp_client_2 - Epoch 2/3 completed. Average Loss: 0.7003
2025-06-09 06:11:43,557 [INFO] src.federated.client: Client classical_mlp_client_2 - Epoch 3/3 completed. Average Loss: 0.6749
2025-06-09 06:11:43,558 [INFO] src.federated.client: Client classical_mlp_client_2: Local training finished. Processed 6 samples.
2025-06-09 06:11:43,559 [INFO] src.federated.server: Aggregating updates from 3 clients using FedAvg.
2025-06-09 06:11:43,559 [INFO] src.federated.aggregation: FedAvg: Aggregating updates from 3 clients.
2025-06-09 06:11:43,560 [INFO] src.federated.aggregation: FedAvg: Aggregation complete.
2025-06-09 06:11:43,562 [INFO] src.federated.server: Global model updated with aggregated parameters.
2025-06-09 06:11:43,562 [INFO] src.federated.server: Evaluating updated global model...
2025-06-09 06:11:43,567 [INFO] src.federated.server: Round 3 completed in 0.28s. Eval Metrics: {'loss': 0.11201547086238861, 'accuracy': 0.956140350877193}
2025-06-09 06:11:43,568 [INFO] src.federated.server: ===== Starting Round 4/5 =====
2025-06-09 06:11:43,568 [INFO] src.federated.server: Starting federated training round...
2025-06-09 06:11:43,568 [INFO] src.federated.server: Selected 3 clients out of 5 available (fraction=0.1, min_clients=3): ['classical_mlp_client_1', 'classical_mlp_client_3', 'classical_mlp_client_4']
2025-06-09 06:11:43,571 [INFO] src.federated.client: Client classical_mlp_client_1: Starting local training for 3 epochs. Proximal term mu=0.0.
2025-06-09 06:11:43,642 [INFO] src.federated.client: Client classical_mlp_client_1 - Epoch 1/3 completed. Average Loss: 0.0788
2025-06-09 06:11:43,732 [INFO] src.federated.client: Client classical_mlp_client_1 - Epoch 2/3 completed. Average Loss: 0.0673
2025-06-09 06:11:43,806 [INFO] src.federated.client: Client classical_mlp_client_1 - Epoch 3/3 completed. Average Loss: 0.0598
2025-06-09 06:11:43,807 [INFO] src.federated.client: Client classical_mlp_client_1: Local training finished. Processed 1071 samples.
2025-06-09 06:11:43,808 [INFO] src.federated.client: Client classical_mlp_client_3: Starting local training for 3 epochs. Proximal term mu=0.0.
2025-06-09 06:11:43,814 [INFO] src.federated.client: Client classical_mlp_client_3 - Epoch 1/3 completed. Average Loss: 0.0215
2025-06-09 06:11:43,819 [INFO] src.federated.client: Client classical_mlp_client_3 - Epoch 2/3 completed. Average Loss: 0.0176
2025-06-09 06:11:43,827 [INFO] src.federated.client: Client classical_mlp_client_3 - Epoch 3/3 completed. Average Loss: 0.0145
2025-06-09 06:11:43,828 [INFO] src.federated.client: Client classical_mlp_client_3: Local training finished. Processed 21 samples.
2025-06-09 06:11:43,830 [INFO] src.federated.client: Client classical_mlp_client_4: Starting local training for 3 epochs. Proximal term mu=0.0.
2025-06-09 06:11:43,855 [INFO] src.federated.client: Client classical_mlp_client_4 - Epoch 1/3 completed. Average Loss: 0.1790
2025-06-09 06:11:43,879 [INFO] src.federated.client: Client classical_mlp_client_4 - Epoch 2/3 completed. Average Loss: 0.1561
2025-06-09 06:11:43,897 [INFO] src.federated.client: Client classical_mlp_client_4 - Epoch 3/3 completed. Average Loss: 0.1338
2025-06-09 06:11:43,899 [INFO] src.federated.client: Client classical_mlp_client_4: Local training finished. Processed 234 samples.
2025-06-09 06:11:43,899 [INFO] src.federated.server: Aggregating updates from 3 clients using FedAvg.
2025-06-09 06:11:43,899 [INFO] src.federated.aggregation: FedAvg: Aggregating updates from 3 clients.
2025-06-09 06:11:43,901 [INFO] src.federated.aggregation: FedAvg: Aggregation complete.
2025-06-09 06:11:43,902 [INFO] src.federated.server: Global model updated with aggregated parameters.
2025-06-09 06:11:43,903 [INFO] src.federated.server: Evaluating updated global model...
2025-06-09 06:11:43,907 [INFO] src.federated.server: Round 4 completed in 0.34s. Eval Metrics: {'loss': 0.09110914915800095, 'accuracy': 0.9649122807017544}
2025-06-09 06:11:43,907 [INFO] src.federated.server: ===== Starting Round 5/5 =====
2025-06-09 06:11:43,908 [INFO] src.federated.server: Starting federated training round...
2025-06-09 06:11:43,908 [INFO] src.federated.server: Selected 3 clients out of 5 available (fraction=0.1, min_clients=3): ['classical_mlp_client_2', 'classical_mlp_client_0', 'classical_mlp_client_1']
2025-06-09 06:11:43,910 [INFO] src.federated.client: Client classical_mlp_client_2: Starting local training for 3 epochs. Proximal term mu=0.0.
2025-06-09 06:11:43,915 [INFO] src.federated.client: Client classical_mlp_client_2 - Epoch 1/3 completed. Average Loss: 0.5259
2025-06-09 06:11:43,920 [INFO] src.federated.client: Client classical_mlp_client_2 - Epoch 2/3 completed. Average Loss: 0.4709
2025-06-09 06:11:43,927 [INFO] src.federated.client: Client classical_mlp_client_2 - Epoch 3/3 completed. Average Loss: 0.4168
2025-06-09 06:11:43,929 [INFO] src.federated.client: Client classical_mlp_client_2: Local training finished. Processed 6 samples.
2025-06-09 06:11:43,930 [INFO] src.federated.client: Client classical_mlp_client_0: Starting local training for 3 epochs. Proximal term mu=0.0.
2025-06-09 06:11:43,938 [INFO] src.federated.client: Client classical_mlp_client_0 - Epoch 1/3 completed. Average Loss: 0.0662
2025-06-09 06:11:43,943 [INFO] src.federated.client: Client classical_mlp_client_0 - Epoch 2/3 completed. Average Loss: 0.0524
2025-06-09 06:11:43,949 [INFO] src.federated.client: Client classical_mlp_client_0 - Epoch 3/3 completed. Average Loss: 0.0411
2025-06-09 06:11:43,951 [INFO] src.federated.client: Client classical_mlp_client_0: Local training finished. Processed 33 samples.
2025-06-09 06:11:43,953 [INFO] src.federated.client: Client classical_mlp_client_1: Starting local training for 3 epochs. Proximal term mu=0.0.
2025-06-09 06:11:44,045 [INFO] src.federated.client: Client classical_mlp_client_1 - Epoch 1/3 completed. Average Loss: 0.0566
2025-06-09 06:11:44,117 [INFO] src.federated.client: Client classical_mlp_client_1 - Epoch 2/3 completed. Average Loss: 0.0528
2025-06-09 06:11:44,183 [INFO] src.federated.client: Client classical_mlp_client_1 - Epoch 3/3 completed. Average Loss: 0.0473
2025-06-09 06:11:44,184 [INFO] src.federated.client: Client classical_mlp_client_1: Local training finished. Processed 1071 samples.
2025-06-09 06:11:44,185 [INFO] src.federated.server: Aggregating updates from 3 clients using FedAvg.
2025-06-09 06:11:44,185 [INFO] src.federated.aggregation: FedAvg: Aggregating updates from 3 clients.
2025-06-09 06:11:44,186 [INFO] src.federated.aggregation: FedAvg: Aggregation complete.
2025-06-09 06:11:44,187 [INFO] src.federated.server: Global model updated with aggregated parameters.
2025-06-09 06:11:44,187 [INFO] src.federated.server: Evaluating updated global model...
2025-06-09 06:11:44,191 [INFO] src.federated.server: Round 5 completed in 0.28s. Eval Metrics: {'loss': 0.08188345283269882, 'accuracy': 0.956140350877193}
2025-06-09 06:11:44,191 [INFO] src.federated.server: Federated training process completed after 5 rounds.
2025-06-09 06:11:44,192 [INFO] BC_ExperimentRunner: ========== Finished BC_MLP_FedAvg_NonIID_a0.3_FullFeat ==========

2025-06-09 06:11:44,192 [INFO] BC_ExperimentRunner: ========== Starting BC_MLP_FedProx_NonIID_a0.3_FullFeat ==========
2025-06-09 06:11:44,192 [INFO] BC_ExperimentRunner: --- Setting up experiment: BC_MLP_FedProx_NonIID_a0.3_FullFeat for dataset breast_cancer ---
2025-06-09 06:11:44,192 [INFO] src.utils.data_utils: Set all random seeds to 42
2025-06-09 06:11:44,193 [INFO] BC_ExperimentRunner: Experiment 'BC_MLP_FedProx_NonIID_a0.3_FullFeat' will use tensor_dtype: torch.float32
2025-06-09 06:11:44,193 [INFO] src.utils.data_utils: Loading dataset: breast_cancer, PCA features=None, Scaling=standard, Subset size=None, Dtype=torch.float32
2025-06-09 06:11:44,194 [INFO] src.utils.data_utils: Set all random seeds to 42
2025-06-09 06:11:44,207 [INFO] src.utils.data_utils: Data preparation complete for 'breast_cancer'. Train size: 455, Test size: 114, Features: 30, Classes: 2
2025-06-09 06:11:44,222 [INFO] BC_ExperimentRunner: Successfully loaded configuration from /home/dhanraj/quantum_federated_simulator/configs/federated/server_config.yaml
2025-06-09 06:11:44,236 [INFO] BC_ExperimentRunner: Successfully loaded configuration from /home/dhanraj/quantum_federated_simulator/configs/federated/client_config.yaml
2025-06-09 06:11:44,243 [INFO] BC_ExperimentRunner: Successfully loaded configuration from /home/dhanraj/quantum_federated_simulator/configs/federated/default_aggregation.yaml
2025-06-09 06:11:44,247 [INFO] BC_ExperimentRunner: Creating model of type: classical_mlp with n_features=30, n_classes=2, initial_dtype_request=torch.float32
2025-06-09 06:11:44,249 [INFO] BC_ExperimentRunner: Model 'classical_mlp' parameters set to dtype: torch.float32
2025-06-09 06:11:44,249 [INFO] src.federated.aggregation: Creating aggregation strategy of type: fedavg
2025-06-09 06:11:44,249 [INFO] BC_ExperimentRunner: Using aggregation strategy: FedAvg (base: FedAvg)
2025-06-09 06:11:44,251 [INFO] src.federated.server: Federated server initialized on device 'cuda' with aggregation strategy: FedAvg
2025-06-09 06:11:44,252 [INFO] BC_ExperimentRunner: Creating model of type: classical_mlp with n_features=30, n_classes=2, initial_dtype_request=torch.float32
2025-06-09 06:11:44,254 [INFO] BC_ExperimentRunner: Model 'classical_mlp' parameters set to dtype: torch.float32
2025-06-09 06:11:44,257 [INFO] src.federated.client: Client classical_mlp_client_0 initialized on device 'cuda' with 11 samples.
2025-06-09 06:11:44,257 [INFO] BC_ExperimentRunner: Creating model of type: classical_mlp with n_features=30, n_classes=2, initial_dtype_request=torch.float32
2025-06-09 06:11:44,258 [INFO] BC_ExperimentRunner: Model 'classical_mlp' parameters set to dtype: torch.float32
2025-06-09 06:11:44,260 [INFO] src.federated.client: Client classical_mlp_client_1 initialized on device 'cuda' with 357 samples.
2025-06-09 06:11:44,261 [INFO] BC_ExperimentRunner: Creating model of type: classical_mlp with n_features=30, n_classes=2, initial_dtype_request=torch.float32
2025-06-09 06:11:44,261 [INFO] BC_ExperimentRunner: Model 'classical_mlp' parameters set to dtype: torch.float32
2025-06-09 06:11:44,263 [INFO] src.federated.client: Client classical_mlp_client_2 initialized on device 'cuda' with 2 samples.
2025-06-09 06:11:44,264 [INFO] BC_ExperimentRunner: Creating model of type: classical_mlp with n_features=30, n_classes=2, initial_dtype_request=torch.float32
2025-06-09 06:11:44,264 [INFO] BC_ExperimentRunner: Model 'classical_mlp' parameters set to dtype: torch.float32
2025-06-09 06:11:44,267 [INFO] src.federated.client: Client classical_mlp_client_3 initialized on device 'cuda' with 7 samples.
2025-06-09 06:11:44,267 [INFO] BC_ExperimentRunner: Creating model of type: classical_mlp with n_features=30, n_classes=2, initial_dtype_request=torch.float32
2025-06-09 06:11:44,268 [INFO] BC_ExperimentRunner: Model 'classical_mlp' parameters set to dtype: torch.float32
2025-06-09 06:11:44,270 [INFO] src.federated.client: Client classical_mlp_client_4 initialized on device 'cuda' with 78 samples.
2025-06-09 06:11:44,270 [INFO] src.federated.server: Registered client 'classical_mlp_client_0'. Total clients: 1.
2025-06-09 06:11:44,270 [INFO] src.federated.server: Registered client 'classical_mlp_client_1'. Total clients: 2.
2025-06-09 06:11:44,271 [INFO] src.federated.server: Registered client 'classical_mlp_client_2'. Total clients: 3.
2025-06-09 06:11:44,271 [INFO] src.federated.server: Registered client 'classical_mlp_client_3'. Total clients: 4.
2025-06-09 06:11:44,271 [INFO] src.federated.server: Registered client 'classical_mlp_client_4'. Total clients: 5.
2025-06-09 06:11:44,271 [INFO] BC_ExperimentRunner: --- Scenario setup complete for BC_MLP_FedProx_NonIID_a0.3_FullFeat ---
2025-06-09 06:11:44,272 [INFO] src.federated.server: Starting federated training process for 5 rounds.
2025-06-09 06:11:44,272 [INFO] src.federated.server: Config: local_epochs=3, client_fraction=0.1, min_clients=3, FedProx mu=0.01
2025-06-09 06:11:44,272 [INFO] src.federated.server: Performing initial evaluation of global model...
2025-06-09 06:11:44,277 [INFO] src.federated.server: Initial Evaluation Metrics: {'loss': 0.7107932567596436, 'accuracy': 0.40350877192982454}
2025-06-09 06:11:44,277 [INFO] src.federated.server: ===== Starting Round 1/5 =====
2025-06-09 06:11:44,277 [INFO] src.federated.server: Starting federated training round...
2025-06-09 06:11:44,278 [INFO] src.federated.server: Selected 3 clients out of 5 available (fraction=0.1, min_clients=3): ['classical_mlp_client_1', 'classical_mlp_client_4', 'classical_mlp_client_3']
2025-06-09 06:11:44,280 [INFO] src.federated.client: Client classical_mlp_client_1: Starting local training for 3 epochs. Proximal term mu=0.01.
2025-06-09 06:11:44,736 [INFO] src.federated.client: Client classical_mlp_client_1 - Epoch 1/3 completed. Average Loss: 0.6477
2025-06-09 06:11:44,863 [INFO] src.federated.client: Client classical_mlp_client_1 - Epoch 2/3 completed. Average Loss: 0.5052
2025-06-09 06:11:44,989 [INFO] src.federated.client: Client classical_mlp_client_1 - Epoch 3/3 completed. Average Loss: 0.3377
2025-06-09 06:11:44,991 [INFO] src.federated.client: Client classical_mlp_client_1: Local training finished. Processed 1071 samples.
2025-06-09 06:11:44,993 [INFO] src.federated.client: Client classical_mlp_client_4: Starting local training for 3 epochs. Proximal term mu=0.01.
2025-06-09 06:11:45,031 [INFO] src.federated.client: Client classical_mlp_client_4 - Epoch 1/3 completed. Average Loss: 0.7094
2025-06-09 06:11:45,064 [INFO] src.federated.client: Client classical_mlp_client_4 - Epoch 2/3 completed. Average Loss: 0.6599
2025-06-09 06:11:45,100 [INFO] src.federated.client: Client classical_mlp_client_4 - Epoch 3/3 completed. Average Loss: 0.6204
2025-06-09 06:11:45,102 [INFO] src.federated.client: Client classical_mlp_client_4: Local training finished. Processed 234 samples.
2025-06-09 06:11:45,105 [INFO] src.federated.client: Client classical_mlp_client_3: Starting local training for 3 epochs. Proximal term mu=0.01.
2025-06-09 06:11:45,118 [INFO] src.federated.client: Client classical_mlp_client_3 - Epoch 1/3 completed. Average Loss: 0.6567
2025-06-09 06:11:45,129 [INFO] src.federated.client: Client classical_mlp_client_3 - Epoch 2/3 completed. Average Loss: 0.6351
2025-06-09 06:11:45,142 [INFO] src.federated.client: Client classical_mlp_client_3 - Epoch 3/3 completed. Average Loss: 0.6149
2025-06-09 06:11:45,145 [INFO] src.federated.client: Client classical_mlp_client_3: Local training finished. Processed 21 samples.
2025-06-09 06:11:45,145 [INFO] src.federated.server: Aggregating updates from 3 clients using FedAvg.
2025-06-09 06:11:45,146 [INFO] src.federated.aggregation: FedAvg: Aggregating updates from 3 clients.
2025-06-09 06:11:45,147 [INFO] src.federated.aggregation: FedAvg: Aggregation complete.
2025-06-09 06:11:45,150 [INFO] src.federated.server: Global model updated with aggregated parameters.
2025-06-09 06:11:45,151 [INFO] src.federated.server: Evaluating updated global model...
2025-06-09 06:11:45,162 [INFO] src.federated.server: Round 1 completed in 0.88s. Eval Metrics: {'loss': 0.3380158543586731, 'accuracy': 0.9385964912280702}
2025-06-09 06:11:45,163 [INFO] src.federated.server: ===== Starting Round 2/5 =====
2025-06-09 06:11:45,163 [INFO] src.federated.server: Starting federated training round...
2025-06-09 06:11:45,163 [INFO] src.federated.server: Selected 3 clients out of 5 available (fraction=0.1, min_clients=3): ['classical_mlp_client_2', 'classical_mlp_client_4', 'classical_mlp_client_0']
2025-06-09 06:11:45,168 [INFO] src.federated.client: Client classical_mlp_client_2: Starting local training for 3 epochs. Proximal term mu=0.01.
2025-06-09 06:11:45,185 [INFO] src.federated.client: Client classical_mlp_client_2 - Epoch 1/3 completed. Average Loss: 0.6666
2025-06-09 06:11:45,196 [INFO] src.federated.client: Client classical_mlp_client_2 - Epoch 2/3 completed. Average Loss: 0.6441
2025-06-09 06:11:45,220 [INFO] src.federated.client: Client classical_mlp_client_2 - Epoch 3/3 completed. Average Loss: 0.6225
2025-06-09 06:11:45,222 [INFO] src.federated.client: Client classical_mlp_client_2: Local training finished. Processed 6 samples.
2025-06-09 06:11:45,225 [INFO] src.federated.client: Client classical_mlp_client_4: Starting local training for 3 epochs. Proximal term mu=0.01.
2025-06-09 06:11:45,284 [INFO] src.federated.client: Client classical_mlp_client_4 - Epoch 1/3 completed. Average Loss: 0.3671
2025-06-09 06:11:45,316 [INFO] src.federated.client: Client classical_mlp_client_4 - Epoch 2/3 completed. Average Loss: 0.3317
2025-06-09 06:11:45,350 [INFO] src.federated.client: Client classical_mlp_client_4 - Epoch 3/3 completed. Average Loss: 0.2956
2025-06-09 06:11:45,352 [INFO] src.federated.client: Client classical_mlp_client_4: Local training finished. Processed 234 samples.
2025-06-09 06:11:45,355 [INFO] src.federated.client: Client classical_mlp_client_0: Starting local training for 3 epochs. Proximal term mu=0.01.
2025-06-09 06:11:45,393 [INFO] src.federated.client: Client classical_mlp_client_0 - Epoch 1/3 completed. Average Loss: 0.3264
2025-06-09 06:11:45,402 [INFO] src.federated.client: Client classical_mlp_client_0 - Epoch 2/3 completed. Average Loss: 0.2994
2025-06-09 06:11:45,413 [INFO] src.federated.client: Client classical_mlp_client_0 - Epoch 3/3 completed. Average Loss: 0.2750
2025-06-09 06:11:45,415 [INFO] src.federated.client: Client classical_mlp_client_0: Local training finished. Processed 33 samples.
2025-06-09 06:11:45,416 [INFO] src.federated.server: Aggregating updates from 3 clients using FedAvg.
2025-06-09 06:11:45,416 [INFO] src.federated.aggregation: FedAvg: Aggregating updates from 3 clients.
2025-06-09 06:11:45,417 [INFO] src.federated.aggregation: FedAvg: Aggregation complete.
2025-06-09 06:11:45,420 [INFO] src.federated.server: Global model updated with aggregated parameters.
2025-06-09 06:11:45,420 [INFO] src.federated.server: Evaluating updated global model...
2025-06-09 06:11:45,426 [INFO] src.federated.server: Round 2 completed in 0.26s. Eval Metrics: {'loss': 0.28787994384765625, 'accuracy': 0.9210526315789473}
2025-06-09 06:11:45,426 [INFO] src.federated.server: ===== Starting Round 3/5 =====
2025-06-09 06:11:45,426 [INFO] src.federated.server: Starting federated training round...
2025-06-09 06:11:45,426 [INFO] src.federated.server: Selected 3 clients out of 5 available (fraction=0.1, min_clients=3): ['classical_mlp_client_1', 'classical_mlp_client_0', 'classical_mlp_client_2']
2025-06-09 06:11:45,431 [INFO] src.federated.client: Client classical_mlp_client_1: Starting local training for 3 epochs. Proximal term mu=0.01.
2025-06-09 06:11:45,562 [INFO] src.federated.client: Client classical_mlp_client_1 - Epoch 1/3 completed. Average Loss: 0.2082
2025-06-09 06:11:45,690 [INFO] src.federated.client: Client classical_mlp_client_1 - Epoch 2/3 completed. Average Loss: 0.1284
2025-06-09 06:11:45,827 [INFO] src.federated.client: Client classical_mlp_client_1 - Epoch 3/3 completed. Average Loss: 0.0983
2025-06-09 06:11:45,828 [INFO] src.federated.client: Client classical_mlp_client_1: Local training finished. Processed 1071 samples.
2025-06-09 06:11:45,830 [INFO] src.federated.client: Client classical_mlp_client_0: Starting local training for 3 epochs. Proximal term mu=0.01.
2025-06-09 06:11:45,842 [INFO] src.federated.client: Client classical_mlp_client_0 - Epoch 1/3 completed. Average Loss: 0.1922
2025-06-09 06:11:45,853 [INFO] src.federated.client: Client classical_mlp_client_0 - Epoch 2/3 completed. Average Loss: 0.1759
2025-06-09 06:11:45,862 [INFO] src.federated.client: Client classical_mlp_client_0 - Epoch 3/3 completed. Average Loss: 0.1613
2025-06-09 06:11:45,864 [INFO] src.federated.client: Client classical_mlp_client_0: Local training finished. Processed 33 samples.
2025-06-09 06:11:45,866 [INFO] src.federated.client: Client classical_mlp_client_2: Starting local training for 3 epochs. Proximal term mu=0.01.
2025-06-09 06:11:45,878 [INFO] src.federated.client: Client classical_mlp_client_2 - Epoch 1/3 completed. Average Loss: 0.7224
2025-06-09 06:11:45,891 [INFO] src.federated.client: Client classical_mlp_client_2 - Epoch 2/3 completed. Average Loss: 0.6985
2025-06-09 06:11:45,900 [INFO] src.federated.client: Client classical_mlp_client_2 - Epoch 3/3 completed. Average Loss: 0.6734
2025-06-09 06:11:45,902 [INFO] src.federated.client: Client classical_mlp_client_2: Local training finished. Processed 6 samples.
2025-06-09 06:11:45,902 [INFO] src.federated.server: Aggregating updates from 3 clients using FedAvg.
2025-06-09 06:11:45,902 [INFO] src.federated.aggregation: FedAvg: Aggregating updates from 3 clients.
2025-06-09 06:11:45,903 [INFO] src.federated.aggregation: FedAvg: Aggregation complete.
2025-06-09 06:11:45,906 [INFO] src.federated.server: Global model updated with aggregated parameters.
2025-06-09 06:11:45,906 [INFO] src.federated.server: Evaluating updated global model...
2025-06-09 06:11:45,911 [INFO] src.federated.server: Round 3 completed in 0.48s. Eval Metrics: {'loss': 0.11337793618440628, 'accuracy': 0.956140350877193}
2025-06-09 06:11:45,911 [INFO] src.federated.server: ===== Starting Round 4/5 =====
2025-06-09 06:11:45,912 [INFO] src.federated.server: Starting federated training round...
2025-06-09 06:11:45,912 [INFO] src.federated.server: Selected 3 clients out of 5 available (fraction=0.1, min_clients=3): ['classical_mlp_client_1', 'classical_mlp_client_3', 'classical_mlp_client_4']
2025-06-09 06:11:45,917 [INFO] src.federated.client: Client classical_mlp_client_1: Starting local training for 3 epochs. Proximal term mu=0.01.
2025-06-09 06:11:46,050 [INFO] src.federated.client: Client classical_mlp_client_1 - Epoch 1/3 completed. Average Loss: 0.0803
2025-06-09 06:11:46,190 [INFO] src.federated.client: Client classical_mlp_client_1 - Epoch 2/3 completed. Average Loss: 0.0691
2025-06-09 06:11:46,324 [INFO] src.federated.client: Client classical_mlp_client_1 - Epoch 3/3 completed. Average Loss: 0.0622
2025-06-09 06:11:46,326 [INFO] src.federated.client: Client classical_mlp_client_1: Local training finished. Processed 1071 samples.
2025-06-09 06:11:46,330 [INFO] src.federated.client: Client classical_mlp_client_3: Starting local training for 3 epochs. Proximal term mu=0.01.
2025-06-09 06:11:46,344 [INFO] src.federated.client: Client classical_mlp_client_3 - Epoch 1/3 completed. Average Loss: 0.0232
2025-06-09 06:11:46,359 [INFO] src.federated.client: Client classical_mlp_client_3 - Epoch 2/3 completed. Average Loss: 0.0190
2025-06-09 06:11:46,370 [INFO] src.federated.client: Client classical_mlp_client_3 - Epoch 3/3 completed. Average Loss: 0.0157
2025-06-09 06:11:46,372 [INFO] src.federated.client: Client classical_mlp_client_3: Local training finished. Processed 21 samples.
2025-06-09 06:11:46,376 [INFO] src.federated.client: Client classical_mlp_client_4: Starting local training for 3 epochs. Proximal term mu=0.01.
2025-06-09 06:11:46,414 [INFO] src.federated.client: Client classical_mlp_client_4 - Epoch 1/3 completed. Average Loss: 0.1790
2025-06-09 06:11:46,453 [INFO] src.federated.client: Client classical_mlp_client_4 - Epoch 2/3 completed. Average Loss: 0.1560
2025-06-09 06:11:46,486 [INFO] src.federated.client: Client classical_mlp_client_4 - Epoch 3/3 completed. Average Loss: 0.1340
2025-06-09 06:11:46,487 [INFO] src.federated.client: Client classical_mlp_client_4: Local training finished. Processed 234 samples.
2025-06-09 06:11:46,487 [INFO] src.federated.server: Aggregating updates from 3 clients using FedAvg.
2025-06-09 06:11:46,488 [INFO] src.federated.aggregation: FedAvg: Aggregating updates from 3 clients.
2025-06-09 06:11:46,489 [INFO] src.federated.aggregation: FedAvg: Aggregation complete.
2025-06-09 06:11:46,494 [INFO] src.federated.server: Global model updated with aggregated parameters.
2025-06-09 06:11:46,495 [INFO] src.federated.server: Evaluating updated global model...
2025-06-09 06:11:46,501 [INFO] src.federated.server: Round 4 completed in 0.59s. Eval Metrics: {'loss': 0.0924500972032547, 'accuracy': 0.9649122807017544}
2025-06-09 06:11:46,501 [INFO] src.federated.server: ===== Starting Round 5/5 =====
2025-06-09 06:11:46,501 [INFO] src.federated.server: Starting federated training round...
2025-06-09 06:11:46,502 [INFO] src.federated.server: Selected 3 clients out of 5 available (fraction=0.1, min_clients=3): ['classical_mlp_client_2', 'classical_mlp_client_0', 'classical_mlp_client_1']
2025-06-09 06:11:46,506 [INFO] src.federated.client: Client classical_mlp_client_2: Starting local training for 3 epochs. Proximal term mu=0.01.
2025-06-09 06:11:46,518 [INFO] src.federated.client: Client classical_mlp_client_2 - Epoch 1/3 completed. Average Loss: 0.5276
2025-06-09 06:11:46,547 [INFO] src.federated.client: Client classical_mlp_client_2 - Epoch 2/3 completed. Average Loss: 0.4741
2025-06-09 06:11:46,556 [INFO] src.federated.client: Client classical_mlp_client_2 - Epoch 3/3 completed. Average Loss: 0.4214
2025-06-09 06:11:46,558 [INFO] src.federated.client: Client classical_mlp_client_2: Local training finished. Processed 6 samples.
2025-06-09 06:11:46,565 [INFO] src.federated.client: Client classical_mlp_client_0: Starting local training for 3 epochs. Proximal term mu=0.01.
2025-06-09 06:11:46,589 [INFO] src.federated.client: Client classical_mlp_client_0 - Epoch 1/3 completed. Average Loss: 0.0682
2025-06-09 06:11:46,604 [INFO] src.federated.client: Client classical_mlp_client_0 - Epoch 2/3 completed. Average Loss: 0.0547
2025-06-09 06:11:46,616 [INFO] src.federated.client: Client classical_mlp_client_0 - Epoch 3/3 completed. Average Loss: 0.0434
2025-06-09 06:11:46,618 [INFO] src.federated.client: Client classical_mlp_client_0: Local training finished. Processed 33 samples.
2025-06-09 06:11:46,620 [INFO] src.federated.client: Client classical_mlp_client_1: Starting local training for 3 epochs. Proximal term mu=0.01.
2025-06-09 06:11:46,739 [INFO] src.federated.client: Client classical_mlp_client_1 - Epoch 1/3 completed. Average Loss: 0.0581
2025-06-09 06:11:46,866 [INFO] src.federated.client: Client classical_mlp_client_1 - Epoch 2/3 completed. Average Loss: 0.0544
2025-06-09 06:11:47,001 [INFO] src.federated.client: Client classical_mlp_client_1 - Epoch 3/3 completed. Average Loss: 0.0493
2025-06-09 06:11:47,003 [INFO] src.federated.client: Client classical_mlp_client_1: Local training finished. Processed 1071 samples.
2025-06-09 06:11:47,003 [INFO] src.federated.server: Aggregating updates from 3 clients using FedAvg.
2025-06-09 06:11:47,003 [INFO] src.federated.aggregation: FedAvg: Aggregating updates from 3 clients.
2025-06-09 06:11:47,005 [INFO] src.federated.aggregation: FedAvg: Aggregation complete.
2025-06-09 06:11:47,007 [INFO] src.federated.server: Global model updated with aggregated parameters.
2025-06-09 06:11:47,007 [INFO] src.federated.server: Evaluating updated global model...
2025-06-09 06:11:47,013 [INFO] src.federated.server: Round 5 completed in 0.51s. Eval Metrics: {'loss': 0.08309243619441986, 'accuracy': 0.956140350877193}
2025-06-09 06:11:47,014 [INFO] src.federated.server: Federated training process completed after 5 rounds.
2025-06-09 06:11:47,014 [INFO] BC_ExperimentRunner: ========== Finished BC_MLP_FedProx_NonIID_a0.3_FullFeat ==========

2025-06-09 06:11:47,014 [INFO] BC_ExperimentRunner: ========== Starting BC_MLP_FedDive_IID_FullFeat ==========
2025-06-09 06:11:47,015 [INFO] BC_ExperimentRunner: --- Setting up experiment: BC_MLP_FedDive_IID_FullFeat for dataset breast_cancer ---
2025-06-09 06:11:47,015 [INFO] src.utils.data_utils: Set all random seeds to 42
2025-06-09 06:11:47,016 [INFO] BC_ExperimentRunner: Experiment 'BC_MLP_FedDive_IID_FullFeat' will use tensor_dtype: torch.float32
2025-06-09 06:11:47,016 [INFO] src.utils.data_utils: Loading dataset: breast_cancer, PCA features=None, Scaling=standard, Subset size=None, Dtype=torch.float32
2025-06-09 06:11:47,016 [INFO] src.utils.data_utils: Set all random seeds to 42
2025-06-09 06:11:47,030 [INFO] src.utils.data_utils: Data preparation complete for 'breast_cancer'. Train size: 455, Test size: 114, Features: 30, Classes: 2
2025-06-09 06:11:47,037 [INFO] BC_ExperimentRunner: Successfully loaded configuration from /home/dhanraj/quantum_federated_simulator/configs/federated/server_config.yaml
2025-06-09 06:11:47,043 [INFO] BC_ExperimentRunner: Successfully loaded configuration from /home/dhanraj/quantum_federated_simulator/configs/federated/client_config.yaml
2025-06-09 06:11:47,049 [INFO] BC_ExperimentRunner: Successfully loaded configuration from /home/dhanraj/quantum_federated_simulator/configs/federated/default_aggregation.yaml
2025-06-09 06:11:47,050 [INFO] BC_ExperimentRunner: Creating model of type: classical_mlp with n_features=30, n_classes=2, initial_dtype_request=torch.float32
2025-06-09 06:11:47,051 [INFO] BC_ExperimentRunner: Model 'classical_mlp' parameters set to dtype: torch.float32
2025-06-09 06:11:47,051 [INFO] src.federated.aggregation: Creating aggregation strategy of type: feddive
2025-06-09 06:11:47,052 [INFO] src.federated.aggregation: FedDive parameters: momentum=0.9, epsilon=1e-08, temperature=1.0, normalize_distances=True
2025-06-09 06:11:47,052 [INFO] BC_ExperimentRunner: Using aggregation strategy: FedDive (base: FedDive)
2025-06-09 06:11:47,054 [INFO] src.federated.server: Federated server initialized on device 'cuda' with aggregation strategy: FedDive
2025-06-09 06:11:47,055 [INFO] BC_ExperimentRunner: Creating model of type: classical_mlp with n_features=30, n_classes=2, initial_dtype_request=torch.float32
2025-06-09 06:11:47,056 [INFO] BC_ExperimentRunner: Model 'classical_mlp' parameters set to dtype: torch.float32
2025-06-09 06:11:47,059 [INFO] src.federated.client: Client classical_mlp_client_0 initialized on device 'cuda' with 91 samples.
2025-06-09 06:11:47,060 [INFO] BC_ExperimentRunner: Creating model of type: classical_mlp with n_features=30, n_classes=2, initial_dtype_request=torch.float32
2025-06-09 06:11:47,061 [INFO] BC_ExperimentRunner: Model 'classical_mlp' parameters set to dtype: torch.float32
2025-06-09 06:11:47,063 [INFO] src.federated.client: Client classical_mlp_client_1 initialized on device 'cuda' with 91 samples.
2025-06-09 06:11:47,064 [INFO] BC_ExperimentRunner: Creating model of type: classical_mlp with n_features=30, n_classes=2, initial_dtype_request=torch.float32
2025-06-09 06:11:47,065 [INFO] BC_ExperimentRunner: Model 'classical_mlp' parameters set to dtype: torch.float32
2025-06-09 06:11:47,068 [INFO] src.federated.client: Client classical_mlp_client_2 initialized on device 'cuda' with 91 samples.
2025-06-09 06:11:47,068 [INFO] BC_ExperimentRunner: Creating model of type: classical_mlp with n_features=30, n_classes=2, initial_dtype_request=torch.float32
2025-06-09 06:11:47,070 [INFO] BC_ExperimentRunner: Model 'classical_mlp' parameters set to dtype: torch.float32
2025-06-09 06:11:47,073 [INFO] src.federated.client: Client classical_mlp_client_3 initialized on device 'cuda' with 91 samples.
2025-06-09 06:11:47,073 [INFO] BC_ExperimentRunner: Creating model of type: classical_mlp with n_features=30, n_classes=2, initial_dtype_request=torch.float32
2025-06-09 06:11:47,074 [INFO] BC_ExperimentRunner: Model 'classical_mlp' parameters set to dtype: torch.float32
2025-06-09 06:11:47,077 [INFO] src.federated.client: Client classical_mlp_client_4 initialized on device 'cuda' with 91 samples.
2025-06-09 06:11:47,077 [INFO] src.federated.server: Registered client 'classical_mlp_client_0'. Total clients: 1.
2025-06-09 06:11:47,077 [INFO] src.federated.server: Registered client 'classical_mlp_client_1'. Total clients: 2.
2025-06-09 06:11:47,077 [INFO] src.federated.server: Registered client 'classical_mlp_client_2'. Total clients: 3.
2025-06-09 06:11:47,077 [INFO] src.federated.server: Registered client 'classical_mlp_client_3'. Total clients: 4.
2025-06-09 06:11:47,078 [INFO] src.federated.server: Registered client 'classical_mlp_client_4'. Total clients: 5.
2025-06-09 06:11:47,078 [INFO] BC_ExperimentRunner: --- Scenario setup complete for BC_MLP_FedDive_IID_FullFeat ---
2025-06-09 06:11:47,079 [INFO] src.federated.server: Starting federated training process for 5 rounds.
2025-06-09 06:11:47,079 [INFO] src.federated.server: Config: local_epochs=3, client_fraction=0.1, min_clients=3, FedProx mu=0.0
2025-06-09 06:11:47,079 [INFO] src.federated.server: Performing initial evaluation of global model...
2025-06-09 06:11:47,085 [INFO] src.federated.server: Initial Evaluation Metrics: {'loss': 0.7119773626327515, 'accuracy': 0.3684210526315789}
2025-06-09 06:11:47,086 [INFO] src.federated.server: ===== Starting Round 1/5 =====
2025-06-09 06:11:47,086 [INFO] src.federated.server: Starting federated training round...
2025-06-09 06:11:47,086 [INFO] src.federated.server: Selected 3 clients out of 5 available (fraction=0.1, min_clients=3): ['classical_mlp_client_0', 'classical_mlp_client_4', 'classical_mlp_client_2']
2025-06-09 06:11:47,089 [INFO] src.federated.client: Client classical_mlp_client_0: Starting local training for 3 epochs. Proximal term mu=0.0.
2025-06-09 06:11:47,108 [INFO] src.federated.client: Client classical_mlp_client_0 - Epoch 1/3 completed. Average Loss: 0.7019
2025-06-09 06:11:47,126 [INFO] src.federated.client: Client classical_mlp_client_0 - Epoch 2/3 completed. Average Loss: 0.6574
2025-06-09 06:11:47,148 [INFO] src.federated.client: Client classical_mlp_client_0 - Epoch 3/3 completed. Average Loss: 0.6177
2025-06-09 06:11:47,149 [INFO] src.federated.client: Client classical_mlp_client_0: Local training finished. Processed 273 samples.
2025-06-09 06:11:47,151 [INFO] src.federated.client: Client classical_mlp_client_4: Starting local training for 3 epochs. Proximal term mu=0.0.
2025-06-09 06:11:47,170 [INFO] src.federated.client: Client classical_mlp_client_4 - Epoch 1/3 completed. Average Loss: 0.7091
2025-06-09 06:11:47,189 [INFO] src.federated.client: Client classical_mlp_client_4 - Epoch 2/3 completed. Average Loss: 0.6556
2025-06-09 06:11:47,206 [INFO] src.federated.client: Client classical_mlp_client_4 - Epoch 3/3 completed. Average Loss: 0.6103
2025-06-09 06:11:47,209 [INFO] src.federated.client: Client classical_mlp_client_4: Local training finished. Processed 273 samples.
2025-06-09 06:11:47,212 [INFO] src.federated.client: Client classical_mlp_client_2: Starting local training for 3 epochs. Proximal term mu=0.0.
2025-06-09 06:11:47,233 [INFO] src.federated.client: Client classical_mlp_client_2 - Epoch 1/3 completed. Average Loss: 0.7050
2025-06-09 06:11:47,250 [INFO] src.federated.client: Client classical_mlp_client_2 - Epoch 2/3 completed. Average Loss: 0.6537
2025-06-09 06:11:47,269 [INFO] src.federated.client: Client classical_mlp_client_2 - Epoch 3/3 completed. Average Loss: 0.6103
2025-06-09 06:11:47,271 [INFO] src.federated.client: Client classical_mlp_client_2: Local training finished. Processed 273 samples.
2025-06-09 06:11:47,272 [INFO] src.federated.server: Aggregating updates from 3 clients using FedDive.
2025-06-09 06:11:47,272 [INFO] src.federated.aggregation: FedDive: Aggregating updates from 3 clients (momentum=0.9).
2025-06-09 06:11:47,272 [INFO] src.federated.aggregation: FedDive: Initializing velocity and previous parameters.
2025-06-09 06:11:47,277 [INFO] src.federated.aggregation: FedDive: Aggregation complete.
2025-06-09 06:11:47,280 [INFO] src.federated.server: Global model updated with aggregated parameters.
2025-06-09 06:11:47,280 [INFO] src.federated.server: Evaluating updated global model...
2025-06-09 06:11:47,285 [INFO] src.federated.server: Round 1 completed in 0.20s. Eval Metrics: {'loss': 0.5971572995185852, 'accuracy': 0.8596491228070176}
2025-06-09 06:11:47,286 [INFO] src.federated.server: ===== Starting Round 2/5 =====
2025-06-09 06:11:47,286 [INFO] src.federated.server: Starting federated training round...
2025-06-09 06:11:47,287 [INFO] src.federated.server: Selected 3 clients out of 5 available (fraction=0.1, min_clients=3): ['classical_mlp_client_2', 'classical_mlp_client_1', 'classical_mlp_client_0']
2025-06-09 06:11:47,291 [INFO] src.federated.client: Client classical_mlp_client_2: Starting local training for 3 epochs. Proximal term mu=0.0.
2025-06-09 06:11:47,311 [INFO] src.federated.client: Client classical_mlp_client_2 - Epoch 1/3 completed. Average Loss: 0.5685
2025-06-09 06:11:47,327 [INFO] src.federated.client: Client classical_mlp_client_2 - Epoch 2/3 completed. Average Loss: 0.5221
2025-06-09 06:11:47,346 [INFO] src.federated.client: Client classical_mlp_client_2 - Epoch 3/3 completed. Average Loss: 0.4743
2025-06-09 06:11:47,347 [INFO] src.federated.client: Client classical_mlp_client_2: Local training finished. Processed 273 samples.
2025-06-09 06:11:47,349 [INFO] src.federated.client: Client classical_mlp_client_1: Starting local training for 3 epochs. Proximal term mu=0.0.
2025-06-09 06:11:47,370 [INFO] src.federated.client: Client classical_mlp_client_1 - Epoch 1/3 completed. Average Loss: 0.5848
2025-06-09 06:11:47,389 [INFO] src.federated.client: Client classical_mlp_client_1 - Epoch 2/3 completed. Average Loss: 0.5365
2025-06-09 06:11:47,411 [INFO] src.federated.client: Client classical_mlp_client_1 - Epoch 3/3 completed. Average Loss: 0.4899
2025-06-09 06:11:47,412 [INFO] src.federated.client: Client classical_mlp_client_1: Local training finished. Processed 273 samples.
2025-06-09 06:11:47,414 [INFO] src.federated.client: Client classical_mlp_client_0: Starting local training for 3 epochs. Proximal term mu=0.0.
2025-06-09 06:11:47,434 [INFO] src.federated.client: Client classical_mlp_client_0 - Epoch 1/3 completed. Average Loss: 0.5786
2025-06-09 06:11:47,451 [INFO] src.federated.client: Client classical_mlp_client_0 - Epoch 2/3 completed. Average Loss: 0.5364
2025-06-09 06:11:47,470 [INFO] src.federated.client: Client classical_mlp_client_0 - Epoch 3/3 completed. Average Loss: 0.4914
2025-06-09 06:11:47,471 [INFO] src.federated.client: Client classical_mlp_client_0: Local training finished. Processed 273 samples.
2025-06-09 06:11:47,472 [INFO] src.federated.server: Aggregating updates from 3 clients using FedDive.
2025-06-09 06:11:47,472 [INFO] src.federated.aggregation: FedDive: Aggregating updates from 3 clients (momentum=0.9).
2025-06-09 06:11:47,475 [INFO] src.federated.aggregation: FedDive: Aggregation complete.
2025-06-09 06:11:47,477 [INFO] src.federated.server: Global model updated with aggregated parameters.
2025-06-09 06:11:47,477 [INFO] src.federated.server: Evaluating updated global model...
2025-06-09 06:11:47,483 [INFO] src.federated.server: Round 2 completed in 0.20s. Eval Metrics: {'loss': 0.47280073165893555, 'accuracy': 0.9385964912280702}
2025-06-09 06:11:47,483 [INFO] src.federated.server: ===== Starting Round 3/5 =====
2025-06-09 06:11:47,483 [INFO] src.federated.server: Starting federated training round...
2025-06-09 06:11:47,483 [INFO] src.federated.server: Selected 3 clients out of 5 available (fraction=0.1, min_clients=3): ['classical_mlp_client_1', 'classical_mlp_client_0', 'classical_mlp_client_2']
2025-06-09 06:11:47,487 [INFO] src.federated.client: Client classical_mlp_client_1: Starting local training for 3 epochs. Proximal term mu=0.0.
2025-06-09 06:11:47,507 [INFO] src.federated.client: Client classical_mlp_client_1 - Epoch 1/3 completed. Average Loss: 0.4466
2025-06-09 06:11:47,523 [INFO] src.federated.client: Client classical_mlp_client_1 - Epoch 2/3 completed. Average Loss: 0.3979
2025-06-09 06:11:47,543 [INFO] src.federated.client: Client classical_mlp_client_1 - Epoch 3/3 completed. Average Loss: 0.3495
2025-06-09 06:11:47,544 [INFO] src.federated.client: Client classical_mlp_client_1: Local training finished. Processed 273 samples.
2025-06-09 06:11:47,546 [INFO] src.federated.client: Client classical_mlp_client_0: Starting local training for 3 epochs. Proximal term mu=0.0.
2025-06-09 06:11:47,563 [INFO] src.federated.client: Client classical_mlp_client_0 - Epoch 1/3 completed. Average Loss: 0.4463
2025-06-09 06:11:47,584 [INFO] src.federated.client: Client classical_mlp_client_0 - Epoch 2/3 completed. Average Loss: 0.3978
2025-06-09 06:11:47,603 [INFO] src.federated.client: Client classical_mlp_client_0 - Epoch 3/3 completed. Average Loss: 0.3504
2025-06-09 06:11:47,605 [INFO] src.federated.client: Client classical_mlp_client_0: Local training finished. Processed 273 samples.
2025-06-09 06:11:47,607 [INFO] src.federated.client: Client classical_mlp_client_2: Starting local training for 3 epochs. Proximal term mu=0.0.
2025-06-09 06:11:47,624 [INFO] src.federated.client: Client classical_mlp_client_2 - Epoch 1/3 completed. Average Loss: 0.4221
2025-06-09 06:11:47,642 [INFO] src.federated.client: Client classical_mlp_client_2 - Epoch 2/3 completed. Average Loss: 0.3700
2025-06-09 06:11:47,662 [INFO] src.federated.client: Client classical_mlp_client_2 - Epoch 3/3 completed. Average Loss: 0.3200
2025-06-09 06:11:47,664 [INFO] src.federated.client: Client classical_mlp_client_2: Local training finished. Processed 273 samples.
2025-06-09 06:11:47,664 [INFO] src.federated.server: Aggregating updates from 3 clients using FedDive.
2025-06-09 06:11:47,665 [INFO] src.federated.aggregation: FedDive: Aggregating updates from 3 clients (momentum=0.9).
2025-06-09 06:11:47,667 [INFO] src.federated.aggregation: FedDive: Aggregation complete.
2025-06-09 06:11:47,668 [INFO] src.federated.server: Global model updated with aggregated parameters.
2025-06-09 06:11:47,669 [INFO] src.federated.server: Evaluating updated global model...
2025-06-09 06:11:47,674 [INFO] src.federated.server: Round 3 completed in 0.19s. Eval Metrics: {'loss': 0.3371048867702484, 'accuracy': 0.9473684210526315}
2025-06-09 06:11:47,674 [INFO] src.federated.server: ===== Starting Round 4/5 =====
2025-06-09 06:11:47,674 [INFO] src.federated.server: Starting federated training round...
2025-06-09 06:11:47,675 [INFO] src.federated.server: Selected 3 clients out of 5 available (fraction=0.1, min_clients=3): ['classical_mlp_client_4', 'classical_mlp_client_0', 'classical_mlp_client_2']
2025-06-09 06:11:47,678 [INFO] src.federated.client: Client classical_mlp_client_4: Starting local training for 3 epochs. Proximal term mu=0.0.
2025-06-09 06:11:47,697 [INFO] src.federated.client: Client classical_mlp_client_4 - Epoch 1/3 completed. Average Loss: 0.2796
2025-06-09 06:11:47,713 [INFO] src.federated.client: Client classical_mlp_client_4 - Epoch 2/3 completed. Average Loss: 0.2381
2025-06-09 06:11:47,729 [INFO] src.federated.client: Client classical_mlp_client_4 - Epoch 3/3 completed. Average Loss: 0.1997
2025-06-09 06:11:47,731 [INFO] src.federated.client: Client classical_mlp_client_4: Local training finished. Processed 273 samples.
2025-06-09 06:11:47,733 [INFO] src.federated.client: Client classical_mlp_client_0: Starting local training for 3 epochs. Proximal term mu=0.0.
2025-06-09 06:11:47,750 [INFO] src.federated.client: Client classical_mlp_client_0 - Epoch 1/3 completed. Average Loss: 0.3068
2025-06-09 06:11:47,767 [INFO] src.federated.client: Client classical_mlp_client_0 - Epoch 2/3 completed. Average Loss: 0.2645
2025-06-09 06:11:47,786 [INFO] src.federated.client: Client classical_mlp_client_0 - Epoch 3/3 completed. Average Loss: 0.2277
2025-06-09 06:11:47,788 [INFO] src.federated.client: Client classical_mlp_client_0: Local training finished. Processed 273 samples.
2025-06-09 06:11:47,789 [INFO] src.federated.client: Client classical_mlp_client_2: Starting local training for 3 epochs. Proximal term mu=0.0.
2025-06-09 06:11:47,806 [INFO] src.federated.client: Client classical_mlp_client_2 - Epoch 1/3 completed. Average Loss: 0.2742
2025-06-09 06:11:47,824 [INFO] src.federated.client: Client classical_mlp_client_2 - Epoch 2/3 completed. Average Loss: 0.2302
2025-06-09 06:11:47,841 [INFO] src.federated.client: Client classical_mlp_client_2 - Epoch 3/3 completed. Average Loss: 0.1936
2025-06-09 06:11:47,842 [INFO] src.federated.client: Client classical_mlp_client_2: Local training finished. Processed 273 samples.
2025-06-09 06:11:47,842 [INFO] src.federated.server: Aggregating updates from 3 clients using FedDive.
2025-06-09 06:11:47,843 [INFO] src.federated.aggregation: FedDive: Aggregating updates from 3 clients (momentum=0.9).
2025-06-09 06:11:47,845 [INFO] src.federated.aggregation: FedDive: Aggregation complete.
2025-06-09 06:11:47,846 [INFO] src.federated.server: Global model updated with aggregated parameters.
2025-06-09 06:11:47,847 [INFO] src.federated.server: Evaluating updated global model...
2025-06-09 06:11:47,851 [INFO] src.federated.server: Round 4 completed in 0.18s. Eval Metrics: {'loss': 0.22923533618450165, 'accuracy': 0.956140350877193}
2025-06-09 06:11:47,851 [INFO] src.federated.server: ===== Starting Round 5/5 =====
2025-06-09 06:11:47,852 [INFO] src.federated.server: Starting federated training round...
2025-06-09 06:11:47,852 [INFO] src.federated.server: Selected 3 clients out of 5 available (fraction=0.1, min_clients=3): ['classical_mlp_client_3', 'classical_mlp_client_0', 'classical_mlp_client_4']
2025-06-09 06:11:47,854 [INFO] src.federated.client: Client classical_mlp_client_3: Starting local training for 3 epochs. Proximal term mu=0.0.
2025-06-09 06:11:47,874 [INFO] src.federated.client: Client classical_mlp_client_3 - Epoch 1/3 completed. Average Loss: 0.2414
2025-06-09 06:11:47,895 [INFO] src.federated.client: Client classical_mlp_client_3 - Epoch 2/3 completed. Average Loss: 0.2099
2025-06-09 06:11:47,914 [INFO] src.federated.client: Client classical_mlp_client_3 - Epoch 3/3 completed. Average Loss: 0.1876
2025-06-09 06:11:47,916 [INFO] src.federated.client: Client classical_mlp_client_3: Local training finished. Processed 273 samples.
2025-06-09 06:11:47,917 [INFO] src.federated.client: Client classical_mlp_client_0: Starting local training for 3 epochs. Proximal term mu=0.0.
2025-06-09 06:11:47,936 [INFO] src.federated.client: Client classical_mlp_client_0 - Epoch 1/3 completed. Average Loss: 0.1990
2025-06-09 06:11:47,955 [INFO] src.federated.client: Client classical_mlp_client_0 - Epoch 2/3 completed. Average Loss: 0.1722
2025-06-09 06:11:47,973 [INFO] src.federated.client: Client classical_mlp_client_0 - Epoch 3/3 completed. Average Loss: 0.1490
2025-06-09 06:11:47,974 [INFO] src.federated.client: Client classical_mlp_client_0: Local training finished. Processed 273 samples.
2025-06-09 06:11:47,976 [INFO] src.federated.client: Client classical_mlp_client_4: Starting local training for 3 epochs. Proximal term mu=0.0.
2025-06-09 06:11:47,992 [INFO] src.federated.client: Client classical_mlp_client_4 - Epoch 1/3 completed. Average Loss: 0.1605
2025-06-09 06:11:48,008 [INFO] src.federated.client: Client classical_mlp_client_4 - Epoch 2/3 completed. Average Loss: 0.1323
2025-06-09 06:11:48,026 [INFO] src.federated.client: Client classical_mlp_client_4 - Epoch 3/3 completed. Average Loss: 0.1074
2025-06-09 06:11:48,027 [INFO] src.federated.client: Client classical_mlp_client_4: Local training finished. Processed 273 samples.
2025-06-09 06:11:48,028 [INFO] src.federated.server: Aggregating updates from 3 clients using FedDive.
2025-06-09 06:11:48,028 [INFO] src.federated.aggregation: FedDive: Aggregating updates from 3 clients (momentum=0.9).
2025-06-09 06:11:48,030 [INFO] src.federated.aggregation: FedDive: Aggregation complete.
2025-06-09 06:11:48,032 [INFO] src.federated.server: Global model updated with aggregated parameters.
2025-06-09 06:11:48,032 [INFO] src.federated.server: Evaluating updated global model...
2025-06-09 06:11:48,038 [INFO] src.federated.server: Round 5 completed in 0.19s. Eval Metrics: {'loss': 0.16557800769805908, 'accuracy': 0.956140350877193}
2025-06-09 06:11:48,039 [INFO] src.federated.server: Federated training process completed after 5 rounds.
2025-06-09 06:11:48,039 [INFO] BC_ExperimentRunner: ========== Finished BC_MLP_FedDive_IID_FullFeat ==========

2025-06-09 06:11:48,039 [INFO] BC_ExperimentRunner: ========== Starting BC_MLP_FedDive_NonIID_a0.3_FullFeat ==========
2025-06-09 06:11:48,039 [INFO] BC_ExperimentRunner: --- Setting up experiment: BC_MLP_FedDive_NonIID_a0.3_FullFeat for dataset breast_cancer ---
2025-06-09 06:11:48,040 [INFO] src.utils.data_utils: Set all random seeds to 42
2025-06-09 06:11:48,040 [INFO] BC_ExperimentRunner: Experiment 'BC_MLP_FedDive_NonIID_a0.3_FullFeat' will use tensor_dtype: torch.float32
2025-06-09 06:11:48,041 [INFO] src.utils.data_utils: Loading dataset: breast_cancer, PCA features=None, Scaling=standard, Subset size=None, Dtype=torch.float32
2025-06-09 06:11:48,042 [INFO] src.utils.data_utils: Set all random seeds to 42
2025-06-09 06:11:48,065 [INFO] src.utils.data_utils: Data preparation complete for 'breast_cancer'. Train size: 455, Test size: 114, Features: 30, Classes: 2
2025-06-09 06:11:48,079 [INFO] BC_ExperimentRunner: Successfully loaded configuration from /home/dhanraj/quantum_federated_simulator/configs/federated/server_config.yaml
2025-06-09 06:11:48,089 [INFO] BC_ExperimentRunner: Successfully loaded configuration from /home/dhanraj/quantum_federated_simulator/configs/federated/client_config.yaml
2025-06-09 06:11:48,097 [INFO] BC_ExperimentRunner: Successfully loaded configuration from /home/dhanraj/quantum_federated_simulator/configs/federated/default_aggregation.yaml
2025-06-09 06:11:48,100 [INFO] BC_ExperimentRunner: Creating model of type: classical_mlp with n_features=30, n_classes=2, initial_dtype_request=torch.float32
2025-06-09 06:11:48,102 [INFO] BC_ExperimentRunner: Model 'classical_mlp' parameters set to dtype: torch.float32
2025-06-09 06:11:48,102 [INFO] src.federated.aggregation: Creating aggregation strategy of type: feddive
2025-06-09 06:11:48,102 [INFO] src.federated.aggregation: FedDive parameters: momentum=0.9, epsilon=1e-08, temperature=1.0, normalize_distances=True
2025-06-09 06:11:48,103 [INFO] BC_ExperimentRunner: Using aggregation strategy: FedDive (base: FedDive)
2025-06-09 06:11:48,106 [INFO] src.federated.server: Federated server initialized on device 'cuda' with aggregation strategy: FedDive
2025-06-09 06:11:48,106 [INFO] BC_ExperimentRunner: Creating model of type: classical_mlp with n_features=30, n_classes=2, initial_dtype_request=torch.float32
2025-06-09 06:11:48,108 [INFO] BC_ExperimentRunner: Model 'classical_mlp' parameters set to dtype: torch.float32
2025-06-09 06:11:48,110 [INFO] src.federated.client: Client classical_mlp_client_0 initialized on device 'cuda' with 11 samples.
2025-06-09 06:11:48,110 [INFO] BC_ExperimentRunner: Creating model of type: classical_mlp with n_features=30, n_classes=2, initial_dtype_request=torch.float32
2025-06-09 06:11:48,111 [INFO] BC_ExperimentRunner: Model 'classical_mlp' parameters set to dtype: torch.float32
2025-06-09 06:11:48,113 [INFO] src.federated.client: Client classical_mlp_client_1 initialized on device 'cuda' with 357 samples.
2025-06-09 06:11:48,113 [INFO] BC_ExperimentRunner: Creating model of type: classical_mlp with n_features=30, n_classes=2, initial_dtype_request=torch.float32
2025-06-09 06:11:48,114 [INFO] BC_ExperimentRunner: Model 'classical_mlp' parameters set to dtype: torch.float32
2025-06-09 06:11:48,116 [INFO] src.federated.client: Client classical_mlp_client_2 initialized on device 'cuda' with 2 samples.
2025-06-09 06:11:48,116 [INFO] BC_ExperimentRunner: Creating model of type: classical_mlp with n_features=30, n_classes=2, initial_dtype_request=torch.float32
2025-06-09 06:11:48,117 [INFO] BC_ExperimentRunner: Model 'classical_mlp' parameters set to dtype: torch.float32
2025-06-09 06:11:48,119 [INFO] src.federated.client: Client classical_mlp_client_3 initialized on device 'cuda' with 7 samples.
2025-06-09 06:11:48,119 [INFO] BC_ExperimentRunner: Creating model of type: classical_mlp with n_features=30, n_classes=2, initial_dtype_request=torch.float32
2025-06-09 06:11:48,120 [INFO] BC_ExperimentRunner: Model 'classical_mlp' parameters set to dtype: torch.float32
2025-06-09 06:11:48,122 [INFO] src.federated.client: Client classical_mlp_client_4 initialized on device 'cuda' with 78 samples.
2025-06-09 06:11:48,122 [INFO] src.federated.server: Registered client 'classical_mlp_client_0'. Total clients: 1.
2025-06-09 06:11:48,122 [INFO] src.federated.server: Registered client 'classical_mlp_client_1'. Total clients: 2.
2025-06-09 06:11:48,123 [INFO] src.federated.server: Registered client 'classical_mlp_client_2'. Total clients: 3.
2025-06-09 06:11:48,123 [INFO] src.federated.server: Registered client 'classical_mlp_client_3'. Total clients: 4.
2025-06-09 06:11:48,123 [INFO] src.federated.server: Registered client 'classical_mlp_client_4'. Total clients: 5.
2025-06-09 06:11:48,123 [INFO] BC_ExperimentRunner: --- Scenario setup complete for BC_MLP_FedDive_NonIID_a0.3_FullFeat ---
2025-06-09 06:11:48,124 [INFO] src.federated.server: Starting federated training process for 5 rounds.
2025-06-09 06:11:48,124 [INFO] src.federated.server: Config: local_epochs=3, client_fraction=0.1, min_clients=3, FedProx mu=0.0
2025-06-09 06:11:48,125 [INFO] src.federated.server: Performing initial evaluation of global model...
2025-06-09 06:11:48,129 [INFO] src.federated.server: Initial Evaluation Metrics: {'loss': 0.7107932567596436, 'accuracy': 0.40350877192982454}
2025-06-09 06:11:48,129 [INFO] src.federated.server: ===== Starting Round 1/5 =====
2025-06-09 06:11:48,129 [INFO] src.federated.server: Starting federated training round...
2025-06-09 06:11:48,130 [INFO] src.federated.server: Selected 3 clients out of 5 available (fraction=0.1, min_clients=3): ['classical_mlp_client_1', 'classical_mlp_client_4', 'classical_mlp_client_3']
2025-06-09 06:11:48,132 [INFO] src.federated.client: Client classical_mlp_client_1: Starting local training for 3 epochs. Proximal term mu=0.0.
2025-06-09 06:11:48,204 [INFO] src.federated.client: Client classical_mlp_client_1 - Epoch 1/3 completed. Average Loss: 0.6472
2025-06-09 06:11:48,269 [INFO] src.federated.client: Client classical_mlp_client_1 - Epoch 2/3 completed. Average Loss: 0.5018
2025-06-09 06:11:48,333 [INFO] src.federated.client: Client classical_mlp_client_1 - Epoch 3/3 completed. Average Loss: 0.3288
2025-06-09 06:11:48,334 [INFO] src.federated.client: Client classical_mlp_client_1: Local training finished. Processed 1071 samples.
2025-06-09 06:11:48,335 [INFO] src.federated.client: Client classical_mlp_client_4: Starting local training for 3 epochs. Proximal term mu=0.0.
2025-06-09 06:11:48,355 [INFO] src.federated.client: Client classical_mlp_client_4 - Epoch 1/3 completed. Average Loss: 0.7094
2025-06-09 06:11:48,372 [INFO] src.federated.client: Client classical_mlp_client_4 - Epoch 2/3 completed. Average Loss: 0.6597
2025-06-09 06:11:48,388 [INFO] src.federated.client: Client classical_mlp_client_4 - Epoch 3/3 completed. Average Loss: 0.6198
2025-06-09 06:11:48,390 [INFO] src.federated.client: Client classical_mlp_client_4: Local training finished. Processed 234 samples.
2025-06-09 06:11:48,392 [INFO] src.federated.client: Client classical_mlp_client_3: Starting local training for 3 epochs. Proximal term mu=0.0.
2025-06-09 06:11:48,398 [INFO] src.federated.client: Client classical_mlp_client_3 - Epoch 1/3 completed. Average Loss: 0.6567
2025-06-09 06:11:48,405 [INFO] src.federated.client: Client classical_mlp_client_3 - Epoch 2/3 completed. Average Loss: 0.6351
2025-06-09 06:11:48,411 [INFO] src.federated.client: Client classical_mlp_client_3 - Epoch 3/3 completed. Average Loss: 0.6149
2025-06-09 06:11:48,412 [INFO] src.federated.client: Client classical_mlp_client_3: Local training finished. Processed 21 samples.
2025-06-09 06:11:48,413 [INFO] src.federated.server: Aggregating updates from 3 clients using FedDive.
2025-06-09 06:11:48,413 [INFO] src.federated.aggregation: FedDive: Aggregating updates from 3 clients (momentum=0.9).
2025-06-09 06:11:48,413 [INFO] src.federated.aggregation: FedDive: Initializing velocity and previous parameters.
2025-06-09 06:11:48,416 [INFO] src.federated.aggregation: FedDive: Aggregation complete.
2025-06-09 06:11:48,418 [INFO] src.federated.server: Global model updated with aggregated parameters.
2025-06-09 06:11:48,418 [INFO] src.federated.server: Evaluating updated global model...
2025-06-09 06:11:48,422 [INFO] src.federated.server: Round 1 completed in 0.29s. Eval Metrics: {'loss': 0.33950769901275635, 'accuracy': 0.9385964912280702}
2025-06-09 06:11:48,423 [INFO] src.federated.server: ===== Starting Round 2/5 =====
2025-06-09 06:11:48,423 [INFO] src.federated.server: Starting federated training round...
2025-06-09 06:11:48,423 [INFO] src.federated.server: Selected 3 clients out of 5 available (fraction=0.1, min_clients=3): ['classical_mlp_client_2', 'classical_mlp_client_4', 'classical_mlp_client_0']
2025-06-09 06:11:48,425 [INFO] src.federated.client: Client classical_mlp_client_2: Starting local training for 3 epochs. Proximal term mu=0.0.
2025-06-09 06:11:48,433 [INFO] src.federated.client: Client classical_mlp_client_2 - Epoch 1/3 completed. Average Loss: 0.6618
2025-06-09 06:11:48,441 [INFO] src.federated.client: Client classical_mlp_client_2 - Epoch 2/3 completed. Average Loss: 0.6395
2025-06-09 06:11:48,447 [INFO] src.federated.client: Client classical_mlp_client_2 - Epoch 3/3 completed. Average Loss: 0.6180
2025-06-09 06:11:48,448 [INFO] src.federated.client: Client classical_mlp_client_2: Local training finished. Processed 6 samples.
2025-06-09 06:11:48,450 [INFO] src.federated.client: Client classical_mlp_client_4: Starting local training for 3 epochs. Proximal term mu=0.0.
2025-06-09 06:11:48,469 [INFO] src.federated.client: Client classical_mlp_client_4 - Epoch 1/3 completed. Average Loss: 0.3739
2025-06-09 06:11:48,484 [INFO] src.federated.client: Client classical_mlp_client_4 - Epoch 2/3 completed. Average Loss: 0.3373
2025-06-09 06:11:48,506 [INFO] src.federated.client: Client classical_mlp_client_4 - Epoch 3/3 completed. Average Loss: 0.3001
2025-06-09 06:11:48,508 [INFO] src.federated.client: Client classical_mlp_client_4: Local training finished. Processed 234 samples.
2025-06-09 06:11:48,509 [INFO] src.federated.client: Client classical_mlp_client_0: Starting local training for 3 epochs. Proximal term mu=0.0.
2025-06-09 06:11:48,517 [INFO] src.federated.client: Client classical_mlp_client_0 - Epoch 1/3 completed. Average Loss: 0.3387
2025-06-09 06:11:48,523 [INFO] src.federated.client: Client classical_mlp_client_0 - Epoch 2/3 completed. Average Loss: 0.3106
2025-06-09 06:11:48,531 [INFO] src.federated.client: Client classical_mlp_client_0 - Epoch 3/3 completed. Average Loss: 0.2853
2025-06-09 06:11:48,533 [INFO] src.federated.client: Client classical_mlp_client_0: Local training finished. Processed 33 samples.
2025-06-09 06:11:48,533 [INFO] src.federated.server: Aggregating updates from 3 clients using FedDive.
2025-06-09 06:11:48,533 [INFO] src.federated.aggregation: FedDive: Aggregating updates from 3 clients (momentum=0.9).
2025-06-09 06:11:48,535 [INFO] src.federated.aggregation: FedDive: Aggregation complete.
2025-06-09 06:11:48,537 [INFO] src.federated.server: Global model updated with aggregated parameters.
2025-06-09 06:11:48,537 [INFO] src.federated.server: Evaluating updated global model...
2025-06-09 06:11:48,540 [INFO] src.federated.server: Round 2 completed in 0.12s. Eval Metrics: {'loss': 0.29483333230018616, 'accuracy': 0.9210526315789473}
2025-06-09 06:11:48,541 [INFO] src.federated.server: ===== Starting Round 3/5 =====
2025-06-09 06:11:48,541 [INFO] src.federated.server: Starting federated training round...
2025-06-09 06:11:48,541 [INFO] src.federated.server: Selected 3 clients out of 5 available (fraction=0.1, min_clients=3): ['classical_mlp_client_1', 'classical_mlp_client_0', 'classical_mlp_client_2']
2025-06-09 06:11:48,544 [INFO] src.federated.client: Client classical_mlp_client_1: Starting local training for 3 epochs. Proximal term mu=0.0.
2025-06-09 06:11:48,607 [INFO] src.federated.client: Client classical_mlp_client_1 - Epoch 1/3 completed. Average Loss: 0.2129
2025-06-09 06:11:48,679 [INFO] src.federated.client: Client classical_mlp_client_1 - Epoch 2/3 completed. Average Loss: 0.1282
2025-06-09 06:11:48,740 [INFO] src.federated.client: Client classical_mlp_client_1 - Epoch 3/3 completed. Average Loss: 0.0938
2025-06-09 06:11:48,741 [INFO] src.federated.client: Client classical_mlp_client_1: Local training finished. Processed 1071 samples.
2025-06-09 06:11:48,742 [INFO] src.federated.client: Client classical_mlp_client_0: Starting local training for 3 epochs. Proximal term mu=0.0.
2025-06-09 06:11:48,747 [INFO] src.federated.client: Client classical_mlp_client_0 - Epoch 1/3 completed. Average Loss: 0.2097
2025-06-09 06:11:48,753 [INFO] src.federated.client: Client classical_mlp_client_0 - Epoch 2/3 completed. Average Loss: 0.1919
2025-06-09 06:11:48,759 [INFO] src.federated.client: Client classical_mlp_client_0 - Epoch 3/3 completed. Average Loss: 0.1761
2025-06-09 06:11:48,760 [INFO] src.federated.client: Client classical_mlp_client_0: Local training finished. Processed 33 samples.
2025-06-09 06:11:48,761 [INFO] src.federated.client: Client classical_mlp_client_2: Starting local training for 3 epochs. Proximal term mu=0.0.
2025-06-09 06:11:48,767 [INFO] src.federated.client: Client classical_mlp_client_2 - Epoch 1/3 completed. Average Loss: 0.7098
2025-06-09 06:11:48,773 [INFO] src.federated.client: Client classical_mlp_client_2 - Epoch 2/3 completed. Average Loss: 0.6856
2025-06-09 06:11:48,780 [INFO] src.federated.client: Client classical_mlp_client_2 - Epoch 3/3 completed. Average Loss: 0.6612
2025-06-09 06:11:48,781 [INFO] src.federated.client: Client classical_mlp_client_2: Local training finished. Processed 6 samples.
2025-06-09 06:11:48,781 [INFO] src.federated.server: Aggregating updates from 3 clients using FedDive.
2025-06-09 06:11:48,781 [INFO] src.federated.aggregation: FedDive: Aggregating updates from 3 clients (momentum=0.9).
2025-06-09 06:11:48,785 [INFO] src.federated.aggregation: FedDive: Aggregation complete.
2025-06-09 06:11:48,787 [INFO] src.federated.server: Global model updated with aggregated parameters.
2025-06-09 06:11:48,788 [INFO] src.federated.server: Evaluating updated global model...
2025-06-09 06:11:48,792 [INFO] src.federated.server: Round 3 completed in 0.25s. Eval Metrics: {'loss': 0.12787452340126038, 'accuracy': 0.956140350877193}
2025-06-09 06:11:48,792 [INFO] src.federated.server: ===== Starting Round 4/5 =====
2025-06-09 06:11:48,792 [INFO] src.federated.server: Starting federated training round...
2025-06-09 06:11:48,793 [INFO] src.federated.server: Selected 3 clients out of 5 available (fraction=0.1, min_clients=3): ['classical_mlp_client_1', 'classical_mlp_client_3', 'classical_mlp_client_4']
2025-06-09 06:11:48,795 [INFO] src.federated.client: Client classical_mlp_client_1: Starting local training for 3 epochs. Proximal term mu=0.0.
2025-06-09 06:11:48,862 [INFO] src.federated.client: Client classical_mlp_client_1 - Epoch 1/3 completed. Average Loss: 0.0909
2025-06-09 06:11:48,933 [INFO] src.federated.client: Client classical_mlp_client_1 - Epoch 2/3 completed. Average Loss: 0.0746
2025-06-09 06:11:49,006 [INFO] src.federated.client: Client classical_mlp_client_1 - Epoch 3/3 completed. Average Loss: 0.0646
2025-06-09 06:11:49,007 [INFO] src.federated.client: Client classical_mlp_client_1: Local training finished. Processed 1071 samples.
2025-06-09 06:11:49,009 [INFO] src.federated.client: Client classical_mlp_client_3: Starting local training for 3 epochs. Proximal term mu=0.0.
2025-06-09 06:11:49,014 [INFO] src.federated.client: Client classical_mlp_client_3 - Epoch 1/3 completed. Average Loss: 0.0430
2025-06-09 06:11:49,021 [INFO] src.federated.client: Client classical_mlp_client_3 - Epoch 2/3 completed. Average Loss: 0.0354
2025-06-09 06:11:49,028 [INFO] src.federated.client: Client classical_mlp_client_3 - Epoch 3/3 completed. Average Loss: 0.0290
2025-06-09 06:11:49,029 [INFO] src.federated.client: Client classical_mlp_client_3: Local training finished. Processed 21 samples.
2025-06-09 06:11:49,031 [INFO] src.federated.client: Client classical_mlp_client_4: Starting local training for 3 epochs. Proximal term mu=0.0.
2025-06-09 06:11:49,049 [INFO] src.federated.client: Client classical_mlp_client_4 - Epoch 1/3 completed. Average Loss: 0.1803
2025-06-09 06:11:49,068 [INFO] src.federated.client: Client classical_mlp_client_4 - Epoch 2/3 completed. Average Loss: 0.1572
2025-06-09 06:11:49,086 [INFO] src.federated.client: Client classical_mlp_client_4 - Epoch 3/3 completed. Average Loss: 0.1356
2025-06-09 06:11:49,087 [INFO] src.federated.client: Client classical_mlp_client_4: Local training finished. Processed 234 samples.
2025-06-09 06:11:49,088 [INFO] src.federated.server: Aggregating updates from 3 clients using FedDive.
2025-06-09 06:11:49,088 [INFO] src.federated.aggregation: FedDive: Aggregating updates from 3 clients (momentum=0.9).
2025-06-09 06:11:49,090 [INFO] src.federated.aggregation: FedDive: Aggregation complete.
2025-06-09 06:11:49,092 [INFO] src.federated.server: Global model updated with aggregated parameters.
2025-06-09 06:11:49,092 [INFO] src.federated.server: Evaluating updated global model...
2025-06-09 06:11:49,097 [INFO] src.federated.server: Round 4 completed in 0.30s. Eval Metrics: {'loss': 0.09547439217567444, 'accuracy': 0.9649122807017544}
2025-06-09 06:11:49,097 [INFO] src.federated.server: ===== Starting Round 5/5 =====
2025-06-09 06:11:49,097 [INFO] src.federated.server: Starting federated training round...
2025-06-09 06:11:49,097 [INFO] src.federated.server: Selected 3 clients out of 5 available (fraction=0.1, min_clients=3): ['classical_mlp_client_2', 'classical_mlp_client_0', 'classical_mlp_client_1']
2025-06-09 06:11:49,099 [INFO] src.federated.client: Client classical_mlp_client_2: Starting local training for 3 epochs. Proximal term mu=0.0.
2025-06-09 06:11:49,105 [INFO] src.federated.client: Client classical_mlp_client_2 - Epoch 1/3 completed. Average Loss: 0.5212
2025-06-09 06:11:49,111 [INFO] src.federated.client: Client classical_mlp_client_2 - Epoch 2/3 completed. Average Loss: 0.4685
2025-06-09 06:11:49,118 [INFO] src.federated.client: Client classical_mlp_client_2 - Epoch 3/3 completed. Average Loss: 0.4172
2025-06-09 06:11:49,119 [INFO] src.federated.client: Client classical_mlp_client_2: Local training finished. Processed 6 samples.
2025-06-09 06:11:49,120 [INFO] src.federated.client: Client classical_mlp_client_0: Starting local training for 3 epochs. Proximal term mu=0.0.
2025-06-09 06:11:49,126 [INFO] src.federated.client: Client classical_mlp_client_0 - Epoch 1/3 completed. Average Loss: 0.0737
2025-06-09 06:11:49,132 [INFO] src.federated.client: Client classical_mlp_client_0 - Epoch 2/3 completed. Average Loss: 0.0595
2025-06-09 06:11:49,138 [INFO] src.federated.client: Client classical_mlp_client_0 - Epoch 3/3 completed. Average Loss: 0.0476
2025-06-09 06:11:49,139 [INFO] src.federated.client: Client classical_mlp_client_0: Local training finished. Processed 33 samples.
2025-06-09 06:11:49,141 [INFO] src.federated.client: Client classical_mlp_client_1: Starting local training for 3 epochs. Proximal term mu=0.0.
2025-06-09 06:11:49,201 [INFO] src.federated.client: Client classical_mlp_client_1 - Epoch 1/3 completed. Average Loss: 0.0611
2025-06-09 06:11:49,265 [INFO] src.federated.client: Client classical_mlp_client_1 - Epoch 2/3 completed. Average Loss: 0.0560
2025-06-09 06:11:49,328 [INFO] src.federated.client: Client classical_mlp_client_1 - Epoch 3/3 completed. Average Loss: 0.0498
2025-06-09 06:11:49,329 [INFO] src.federated.client: Client classical_mlp_client_1: Local training finished. Processed 1071 samples.
2025-06-09 06:11:49,330 [INFO] src.federated.server: Aggregating updates from 3 clients using FedDive.
2025-06-09 06:11:49,330 [INFO] src.federated.aggregation: FedDive: Aggregating updates from 3 clients (momentum=0.9).
2025-06-09 06:11:49,332 [INFO] src.federated.aggregation: FedDive: Aggregation complete.
2025-06-09 06:11:49,334 [INFO] src.federated.server: Global model updated with aggregated parameters.
2025-06-09 06:11:49,334 [INFO] src.federated.server: Evaluating updated global model...
2025-06-09 06:11:49,339 [INFO] src.federated.server: Round 5 completed in 0.24s. Eval Metrics: {'loss': 0.08516411483287811, 'accuracy': 0.956140350877193}
2025-06-09 06:11:49,340 [INFO] src.federated.server: Federated training process completed after 5 rounds.
2025-06-09 06:11:49,340 [INFO] BC_ExperimentRunner: ========== Finished BC_MLP_FedDive_NonIID_a0.3_FullFeat ==========

2025-06-09 06:11:49,340 [INFO] BC_ExperimentRunner: ========== Starting BC_VQC_FedAvg_IID_PCA4_L2_Basic ==========
2025-06-09 06:11:49,340 [INFO] BC_ExperimentRunner: --- Setting up experiment: BC_VQC_FedAvg_IID_PCA4_L2_Basic for dataset breast_cancer ---
2025-06-09 06:11:49,341 [INFO] src.utils.data_utils: Set all random seeds to 42
2025-06-09 06:11:49,341 [INFO] BC_ExperimentRunner: Experiment 'BC_VQC_FedAvg_IID_PCA4_L2_Basic' will use tensor_dtype: torch.float32
2025-06-09 06:11:49,341 [INFO] src.utils.data_utils: Loading dataset: breast_cancer, PCA features=4, Scaling=minmax, Subset size=None, Dtype=torch.float32
2025-06-09 06:11:49,342 [INFO] src.utils.data_utils: Set all random seeds to 42
2025-06-09 06:11:49,353 [INFO] src.utils.data_utils: Applying PCA to reduce features to 4
2025-06-09 06:11:49,363 [INFO] src.utils.data_utils: PCA applied. New feature count: 4. Explained variance: 0.8393
2025-06-09 06:11:49,364 [INFO] src.utils.data_utils: Data preparation complete for 'breast_cancer'. Train size: 455, Test size: 114, Features: 4, Classes: 2
2025-06-09 06:11:49,371 [INFO] BC_ExperimentRunner: Successfully loaded configuration from /home/dhanraj/quantum_federated_simulator/configs/federated/server_config.yaml
2025-06-09 06:11:49,376 [INFO] BC_ExperimentRunner: Successfully loaded configuration from /home/dhanraj/quantum_federated_simulator/configs/federated/client_config.yaml
2025-06-09 06:11:49,383 [INFO] BC_ExperimentRunner: Successfully loaded configuration from /home/dhanraj/quantum_federated_simulator/configs/federated/default_aggregation.yaml
2025-06-09 06:11:49,383 [INFO] BC_ExperimentRunner: Creating model of type: vqc with n_features=4, n_classes=2, initial_dtype_request=torch.float32
2025-06-09 06:11:49,383 [INFO] src.quantum.models: Initializing VQC (TorchLayer): qubits=4, layers=2, circuit='basic', device='lightning.qubit', shots=None, diff_method='best'
2025-06-09 06:11:49,632 [INFO] src.quantum.circuits: Creating basic circuit with 4 qubits, 2 layers.
2025-06-09 06:11:49,632 [INFO] src.quantum.circuits: Basic circuit expects 24 trainable parameters.
2025-06-09 06:11:49,632 [INFO] src.quantum.models: VQC circuit requires 24 parameters.
2025-06-09 06:11:49,633 [INFO] src.quantum.models: VariationalQuantumClassifier: Using 'lightning.qubit' with no shots. Defaulting to 'adjoint'.
2025-06-09 06:11:49,633 [INFO] src.quantum.models: VariationalQuantumClassifier attempting to use differentiation method: adjoint
2025-06-09 06:11:49,676 [INFO] src.quantum.models: VQC raw circuit output dimension: 4
2025-06-09 06:11:49,677 [INFO] src.quantum.models: VQC: Added Linear head: 4 -> 2 logits for CrossEntropyLoss.
2025-06-09 06:11:49,677 [INFO] src.federated.aggregation: Creating aggregation strategy of type: fedavg
2025-06-09 06:11:49,677 [INFO] BC_ExperimentRunner: Using aggregation strategy: QuantumAggregationStrategy (base: FedAvg)
2025-06-09 06:11:49,677 [INFO] src.core.quantum_manager: QuantumServer: Initializing with global model type 'vqc'.
2025-06-09 06:11:49,679 [INFO] src.federated.server: Federated server initialized on device 'cuda' with aggregation strategy: QuantumAggregationStrategy
2025-06-09 06:11:49,680 [INFO] BC_ExperimentRunner: Creating model of type: vqc with n_features=4, n_classes=2, initial_dtype_request=torch.float32
2025-06-09 06:11:49,680 [INFO] src.quantum.models: Initializing VQC (TorchLayer): qubits=4, layers=2, circuit='basic', device='lightning.qubit', shots=None, diff_method='best'
2025-06-09 06:11:49,681 [INFO] src.quantum.circuits: Creating basic circuit with 4 qubits, 2 layers.
2025-06-09 06:11:49,681 [INFO] src.quantum.circuits: Basic circuit expects 24 trainable parameters.
2025-06-09 06:11:49,681 [INFO] src.quantum.models: VQC circuit requires 24 parameters.
2025-06-09 06:11:49,681 [INFO] src.quantum.models: VariationalQuantumClassifier: Using 'lightning.qubit' with no shots. Defaulting to 'adjoint'.
2025-06-09 06:11:49,681 [INFO] src.quantum.models: VariationalQuantumClassifier attempting to use differentiation method: adjoint
2025-06-09 06:11:49,692 [INFO] src.quantum.models: VQC raw circuit output dimension: 4
2025-06-09 06:11:49,693 [INFO] src.quantum.models: VQC: Added Linear head: 4 -> 2 logits for CrossEntropyLoss.
2025-06-09 06:11:49,694 [INFO] src.core.quantum_client: QuantumClient vqc_client_0: Initializing with model type 'vqc'.
2025-06-09 06:11:49,695 [INFO] src.federated.client: Client vqc_client_0 initialized on device 'cuda' with 151 samples.
2025-06-09 06:11:49,696 [INFO] BC_ExperimentRunner: Creating model of type: vqc with n_features=4, n_classes=2, initial_dtype_request=torch.float32
2025-06-09 06:11:49,696 [INFO] src.quantum.models: Initializing VQC (TorchLayer): qubits=4, layers=2, circuit='basic', device='lightning.qubit', shots=None, diff_method='best'
2025-06-09 06:11:49,697 [INFO] src.quantum.circuits: Creating basic circuit with 4 qubits, 2 layers.
2025-06-09 06:11:49,697 [INFO] src.quantum.circuits: Basic circuit expects 24 trainable parameters.
2025-06-09 06:11:49,697 [INFO] src.quantum.models: VQC circuit requires 24 parameters.
2025-06-09 06:11:49,698 [INFO] src.quantum.models: VariationalQuantumClassifier: Using 'lightning.qubit' with no shots. Defaulting to 'adjoint'.
2025-06-09 06:11:49,698 [INFO] src.quantum.models: VariationalQuantumClassifier attempting to use differentiation method: adjoint
2025-06-09 06:11:49,713 [INFO] src.quantum.models: VQC raw circuit output dimension: 4
2025-06-09 06:11:49,714 [INFO] src.quantum.models: VQC: Added Linear head: 4 -> 2 logits for CrossEntropyLoss.
2025-06-09 06:11:49,714 [INFO] src.core.quantum_client: QuantumClient vqc_client_1: Initializing with model type 'vqc'.
2025-06-09 06:11:49,716 [INFO] src.federated.client: Client vqc_client_1 initialized on device 'cuda' with 151 samples.
2025-06-09 06:11:49,716 [INFO] BC_ExperimentRunner: Creating model of type: vqc with n_features=4, n_classes=2, initial_dtype_request=torch.float32
2025-06-09 06:11:49,716 [INFO] src.quantum.models: Initializing VQC (TorchLayer): qubits=4, layers=2, circuit='basic', device='lightning.qubit', shots=None, diff_method='best'
2025-06-09 06:11:49,717 [INFO] src.quantum.circuits: Creating basic circuit with 4 qubits, 2 layers.
2025-06-09 06:11:49,717 [INFO] src.quantum.circuits: Basic circuit expects 24 trainable parameters.
2025-06-09 06:11:49,717 [INFO] src.quantum.models: VQC circuit requires 24 parameters.
2025-06-09 06:11:49,718 [INFO] src.quantum.models: VariationalQuantumClassifier: Using 'lightning.qubit' with no shots. Defaulting to 'adjoint'.
2025-06-09 06:11:49,719 [INFO] src.quantum.models: VariationalQuantumClassifier attempting to use differentiation method: adjoint
2025-06-09 06:11:49,742 [INFO] src.quantum.models: VQC raw circuit output dimension: 4
2025-06-09 06:11:49,743 [INFO] src.quantum.models: VQC: Added Linear head: 4 -> 2 logits for CrossEntropyLoss.
2025-06-09 06:11:49,744 [INFO] src.core.quantum_client: QuantumClient vqc_client_2: Initializing with model type 'vqc'.
2025-06-09 06:11:49,745 [INFO] src.federated.client: Client vqc_client_2 initialized on device 'cuda' with 153 samples.
2025-06-09 06:11:49,745 [INFO] src.federated.server: Registered client 'vqc_client_0'. Total clients: 1.
2025-06-09 06:11:49,746 [INFO] src.federated.server: Registered client 'vqc_client_1'. Total clients: 2.
2025-06-09 06:11:49,746 [INFO] src.federated.server: Registered client 'vqc_client_2'. Total clients: 3.
2025-06-09 06:11:49,746 [INFO] BC_ExperimentRunner: --- Scenario setup complete for BC_VQC_FedAvg_IID_PCA4_L2_Basic ---
2025-06-09 06:11:49,747 [INFO] src.federated.server: Starting federated training process for 5 rounds.
2025-06-09 06:11:49,747 [INFO] src.federated.server: Config: local_epochs=3, client_fraction=0.1, min_clients=3, FedProx mu=0.0
2025-06-09 06:11:49,747 [INFO] src.federated.server: Performing initial evaluation of global model...
2025-06-09 06:11:49,747 [INFO] src.core.quantum_manager: Server: Starting evaluation of global model (type: vqc).
2025-06-09 06:11:51,514 [INFO] src.core.quantum_manager: Evaluation results: Loss=0.6952, Accuracy=0.4298
2025-06-09 06:11:51,515 [INFO] src.federated.server: Initial Evaluation Metrics: {'loss': 0.6951935155349865, 'accuracy': 0.4298245614035088}
2025-06-09 06:11:51,515 [INFO] src.federated.server: ===== Starting Round 1/5 =====
2025-06-09 06:11:51,516 [INFO] src.federated.server: Starting federated training round...
2025-06-09 06:11:51,516 [INFO] src.federated.server: Selected 3 clients out of 3 available (fraction=0.1, min_clients=3): ['vqc_client_2', 'vqc_client_0', 'vqc_client_1']
2025-06-09 06:11:51,519 [INFO] src.core.quantum_client: Client vqc_client_2: Starting local training for 3 epochs (model type: vqc). Proximal term mu=0.0.
2025-06-09 06:11:51,520 [INFO] src.federated.client: Client vqc_client_2: Starting local training for 3 epochs. Proximal term mu=0.0.
2025-06-09 06:12:07,401 [INFO] src.federated.client: Client vqc_client_2 - Epoch 1/3 completed. Average Loss: 0.6858
2025-06-09 06:12:24,291 [INFO] src.federated.client: Client vqc_client_2 - Epoch 2/3 completed. Average Loss: 0.6605
2025-06-09 06:12:40,585 [INFO] src.federated.client: Client vqc_client_2 - Epoch 3/3 completed. Average Loss: 0.6349
2025-06-09 06:12:40,587 [INFO] src.federated.client: Client vqc_client_2: Local training finished. Processed 459 samples.
2025-06-09 06:12:40,591 [INFO] src.core.quantum_client: Client vqc_client_0: Starting local training for 3 epochs (model type: vqc). Proximal term mu=0.0.
2025-06-09 06:12:40,592 [INFO] src.federated.client: Client vqc_client_0: Starting local training for 3 epochs. Proximal term mu=0.0.
2025-06-09 06:12:56,661 [INFO] src.federated.client: Client vqc_client_0 - Epoch 1/3 completed. Average Loss: 0.6855
2025-06-09 06:13:12,763 [INFO] src.federated.client: Client vqc_client_0 - Epoch 2/3 completed. Average Loss: 0.6584
2025-06-09 06:13:28,345 [INFO] src.federated.client: Client vqc_client_0 - Epoch 3/3 completed. Average Loss: 0.6362
2025-06-09 06:13:28,346 [INFO] src.federated.client: Client vqc_client_0: Local training finished. Processed 453 samples.
2025-06-09 06:13:28,351 [INFO] src.core.quantum_client: Client vqc_client_1: Starting local training for 3 epochs (model type: vqc). Proximal term mu=0.0.
2025-06-09 06:13:28,351 [INFO] src.federated.client: Client vqc_client_1: Starting local training for 3 epochs. Proximal term mu=0.0.
2025-06-09 06:13:44,123 [INFO] src.federated.client: Client vqc_client_1 - Epoch 1/3 completed. Average Loss: 0.6850
2025-06-09 06:14:00,243 [INFO] src.federated.client: Client vqc_client_1 - Epoch 2/3 completed. Average Loss: 0.6633
2025-06-09 06:14:21,126 [INFO] src.federated.client: Client vqc_client_1 - Epoch 3/3 completed. Average Loss: 0.6450
2025-06-09 06:14:21,127 [INFO] src.federated.client: Client vqc_client_1: Local training finished. Processed 453 samples.
2025-06-09 06:14:21,130 [INFO] src.federated.server: Aggregating updates from 3 clients using QuantumAggregationStrategy.
2025-06-09 06:14:21,130 [INFO] src.core.quantum_manager: QuantumAggregationStrategy: Detected nn.Module (QNN/VQC/Hybrid) state_dict. Delegating to base strategy: FedAvg
2025-06-09 06:14:21,130 [INFO] src.federated.aggregation: FedAvg: Aggregating updates from 3 clients.
2025-06-09 06:14:21,132 [INFO] src.federated.aggregation: FedAvg: Aggregation complete.
2025-06-09 06:14:21,132 [INFO] src.federated.server: Global model updated with aggregated parameters.
2025-06-09 06:14:21,133 [INFO] src.federated.server: Evaluating updated global model...
2025-06-09 06:14:21,133 [INFO] src.core.quantum_manager: Server: Starting evaluation of global model (type: vqc).
2025-06-09 06:14:22,855 [INFO] src.core.quantum_manager: Evaluation results: Loss=0.6235, Accuracy=0.6404
2025-06-09 06:14:22,855 [INFO] src.federated.server: Round 1 completed in 151.34s. Eval Metrics: {'loss': 0.6234722628928068, 'accuracy': 0.6403508771929824}
2025-06-09 06:14:22,855 [INFO] src.federated.server: ===== Starting Round 2/5 =====
2025-06-09 06:14:22,856 [INFO] src.federated.server: Starting federated training round...
2025-06-09 06:14:22,856 [INFO] src.federated.server: Selected 3 clients out of 3 available (fraction=0.1, min_clients=3): ['vqc_client_2', 'vqc_client_1', 'vqc_client_0']
2025-06-09 06:14:22,859 [INFO] src.core.quantum_client: Client vqc_client_2: Starting local training for 3 epochs (model type: vqc). Proximal term mu=0.0.
2025-06-09 06:14:22,859 [INFO] src.federated.client: Client vqc_client_2: Starting local training for 3 epochs. Proximal term mu=0.0.
2025-06-09 06:14:38,553 [INFO] src.federated.client: Client vqc_client_2 - Epoch 1/3 completed. Average Loss: 0.6202
2025-06-09 06:14:53,464 [INFO] src.federated.client: Client vqc_client_2 - Epoch 2/3 completed. Average Loss: 0.6043
2025-06-09 06:15:10,136 [INFO] src.federated.client: Client vqc_client_2 - Epoch 3/3 completed. Average Loss: 0.5865
2025-06-09 06:15:10,137 [INFO] src.federated.client: Client vqc_client_2: Local training finished. Processed 459 samples.
2025-06-09 06:15:10,141 [INFO] src.core.quantum_client: Client vqc_client_1: Starting local training for 3 epochs (model type: vqc). Proximal term mu=0.0.
2025-06-09 06:15:10,142 [INFO] src.federated.client: Client vqc_client_1: Starting local training for 3 epochs. Proximal term mu=0.0.
2025-06-09 06:15:25,330 [INFO] src.federated.client: Client vqc_client_1 - Epoch 1/3 completed. Average Loss: 0.6268
2025-06-09 06:15:39,609 [INFO] src.federated.client: Client vqc_client_1 - Epoch 2/3 completed. Average Loss: 0.6117
2025-06-09 06:15:58,201 [INFO] src.federated.client: Client vqc_client_1 - Epoch 3/3 completed. Average Loss: 0.5970
2025-06-09 06:15:58,203 [INFO] src.federated.client: Client vqc_client_1: Local training finished. Processed 453 samples.
2025-06-09 06:15:58,208 [INFO] src.core.quantum_client: Client vqc_client_0: Starting local training for 3 epochs (model type: vqc). Proximal term mu=0.0.
2025-06-09 06:15:58,208 [INFO] src.federated.client: Client vqc_client_0: Starting local training for 3 epochs. Proximal term mu=0.0.
2025-06-09 06:16:12,478 [INFO] src.federated.client: Client vqc_client_0 - Epoch 1/3 completed. Average Loss: 0.6201
2025-06-09 06:16:29,358 [INFO] src.federated.client: Client vqc_client_0 - Epoch 2/3 completed. Average Loss: 0.6029
2025-06-09 06:16:43,577 [INFO] src.federated.client: Client vqc_client_0 - Epoch 3/3 completed. Average Loss: 0.5858
2025-06-09 06:16:43,579 [INFO] src.federated.client: Client vqc_client_0: Local training finished. Processed 453 samples.
2025-06-09 06:16:43,582 [INFO] src.federated.server: Aggregating updates from 3 clients using QuantumAggregationStrategy.
2025-06-09 06:16:43,582 [INFO] src.core.quantum_manager: QuantumAggregationStrategy: Detected nn.Module (QNN/VQC/Hybrid) state_dict. Delegating to base strategy: FedAvg
2025-06-09 06:16:43,582 [INFO] src.federated.aggregation: FedAvg: Aggregating updates from 3 clients.
2025-06-09 06:16:43,583 [INFO] src.federated.aggregation: FedAvg: Aggregation complete.
2025-06-09 06:16:43,584 [INFO] src.federated.server: Global model updated with aggregated parameters.
2025-06-09 06:16:43,585 [INFO] src.federated.server: Evaluating updated global model...
2025-06-09 06:16:43,585 [INFO] src.core.quantum_manager: Server: Starting evaluation of global model (type: vqc).
2025-06-09 06:16:45,128 [INFO] src.core.quantum_manager: Evaluation results: Loss=0.5722, Accuracy=0.6491
2025-06-09 06:16:45,128 [INFO] src.federated.server: Round 2 completed in 142.27s. Eval Metrics: {'loss': 0.5721591292766103, 'accuracy': 0.6491228070175439}
2025-06-09 06:16:45,128 [INFO] src.federated.server: ===== Starting Round 3/5 =====
2025-06-09 06:16:45,129 [INFO] src.federated.server: Starting federated training round...
2025-06-09 06:16:45,129 [INFO] src.federated.server: Selected 3 clients out of 3 available (fraction=0.1, min_clients=3): ['vqc_client_0', 'vqc_client_2', 'vqc_client_1']
2025-06-09 06:16:45,131 [INFO] src.core.quantum_client: Client vqc_client_0: Starting local training for 3 epochs (model type: vqc). Proximal term mu=0.0.
2025-06-09 06:16:45,131 [INFO] src.federated.client: Client vqc_client_0: Starting local training for 3 epochs. Proximal term mu=0.0.
2025-06-09 06:17:03,145 [INFO] src.federated.client: Client vqc_client_0 - Epoch 1/3 completed. Average Loss: 0.5714
2025-06-09 06:17:18,075 [INFO] src.federated.client: Client vqc_client_0 - Epoch 2/3 completed. Average Loss: 0.5563
2025-06-09 06:17:35,915 [INFO] src.federated.client: Client vqc_client_0 - Epoch 3/3 completed. Average Loss: 0.5405
2025-06-09 06:17:35,916 [INFO] src.federated.client: Client vqc_client_0: Local training finished. Processed 453 samples.
2025-06-09 06:17:35,920 [INFO] src.core.quantum_client: Client vqc_client_2: Starting local training for 3 epochs (model type: vqc). Proximal term mu=0.0.
2025-06-09 06:17:35,920 [INFO] src.federated.client: Client vqc_client_2: Starting local training for 3 epochs. Proximal term mu=0.0.
2025-06-09 06:17:49,950 [INFO] src.federated.client: Client vqc_client_2 - Epoch 1/3 completed. Average Loss: 0.5723
2025-06-09 06:18:04,365 [INFO] src.federated.client: Client vqc_client_2 - Epoch 2/3 completed. Average Loss: 0.5586
2025-06-09 06:18:21,241 [INFO] src.federated.client: Client vqc_client_2 - Epoch 3/3 completed. Average Loss: 0.5433
2025-06-09 06:18:21,242 [INFO] src.federated.client: Client vqc_client_2: Local training finished. Processed 459 samples.
2025-06-09 06:18:21,246 [INFO] src.core.quantum_client: Client vqc_client_1: Starting local training for 3 epochs (model type: vqc). Proximal term mu=0.0.
2025-06-09 06:18:21,247 [INFO] src.federated.client: Client vqc_client_1: Starting local training for 3 epochs. Proximal term mu=0.0.
2025-06-09 06:18:35,297 [INFO] src.federated.client: Client vqc_client_1 - Epoch 1/3 completed. Average Loss: 0.5831
2025-06-09 06:18:52,531 [INFO] src.federated.client: Client vqc_client_1 - Epoch 2/3 completed. Average Loss: 0.5658
2025-06-09 06:19:06,421 [INFO] src.federated.client: Client vqc_client_1 - Epoch 3/3 completed. Average Loss: 0.5465
2025-06-09 06:19:06,422 [INFO] src.federated.client: Client vqc_client_1: Local training finished. Processed 453 samples.
2025-06-09 06:19:06,425 [INFO] src.federated.server: Aggregating updates from 3 clients using QuantumAggregationStrategy.
2025-06-09 06:19:06,426 [INFO] src.core.quantum_manager: QuantumAggregationStrategy: Detected nn.Module (QNN/VQC/Hybrid) state_dict. Delegating to base strategy: FedAvg
2025-06-09 06:19:06,426 [INFO] src.federated.aggregation: FedAvg: Aggregating updates from 3 clients.
2025-06-09 06:19:06,427 [INFO] src.federated.aggregation: FedAvg: Aggregation complete.
2025-06-09 06:19:06,428 [INFO] src.federated.server: Global model updated with aggregated parameters.
2025-06-09 06:19:06,428 [INFO] src.federated.server: Evaluating updated global model...
2025-06-09 06:19:06,428 [INFO] src.core.quantum_manager: Server: Starting evaluation of global model (type: vqc).
2025-06-09 06:19:08,011 [INFO] src.core.quantum_manager: Evaluation results: Loss=0.5221, Accuracy=0.7105
2025-06-09 06:19:08,011 [INFO] src.federated.server: Round 3 completed in 142.88s. Eval Metrics: {'loss': 0.5221387513896876, 'accuracy': 0.7105263157894737}
2025-06-09 06:19:08,011 [INFO] src.federated.server: ===== Starting Round 4/5 =====
2025-06-09 06:19:08,011 [INFO] src.federated.server: Starting federated training round...
2025-06-09 06:19:08,012 [INFO] src.federated.server: Selected 3 clients out of 3 available (fraction=0.1, min_clients=3): ['vqc_client_2', 'vqc_client_0', 'vqc_client_1']
2025-06-09 06:19:08,015 [INFO] src.core.quantum_client: Client vqc_client_2: Starting local training for 3 epochs (model type: vqc). Proximal term mu=0.0.
2025-06-09 06:19:08,015 [INFO] src.federated.client: Client vqc_client_2: Starting local training for 3 epochs. Proximal term mu=0.0.
2025-06-09 06:19:22,648 [INFO] src.federated.client: Client vqc_client_2 - Epoch 1/3 completed. Average Loss: 0.5265
2025-06-09 06:19:41,768 [INFO] src.federated.client: Client vqc_client_2 - Epoch 2/3 completed. Average Loss: 0.5095
2025-06-09 06:19:56,897 [INFO] src.federated.client: Client vqc_client_2 - Epoch 3/3 completed. Average Loss: 0.4915
2025-06-09 06:19:56,898 [INFO] src.federated.client: Client vqc_client_2: Local training finished. Processed 459 samples.
2025-06-09 06:19:56,902 [INFO] src.core.quantum_client: Client vqc_client_0: Starting local training for 3 epochs (model type: vqc). Proximal term mu=0.0.
2025-06-09 06:19:56,903 [INFO] src.federated.client: Client vqc_client_0: Starting local training for 3 epochs. Proximal term mu=0.0.
2025-06-09 06:20:11,819 [INFO] src.federated.client: Client vqc_client_0 - Epoch 1/3 completed. Average Loss: 0.5237
2025-06-09 06:20:26,565 [INFO] src.federated.client: Client vqc_client_0 - Epoch 2/3 completed. Average Loss: 0.5060
2025-06-09 06:20:41,889 [INFO] src.federated.client: Client vqc_client_0 - Epoch 3/3 completed. Average Loss: 0.4869
2025-06-09 06:20:41,890 [INFO] src.federated.client: Client vqc_client_0: Local training finished. Processed 453 samples.
2025-06-09 06:20:41,894 [INFO] src.core.quantum_client: Client vqc_client_1: Starting local training for 3 epochs (model type: vqc). Proximal term mu=0.0.
2025-06-09 06:20:41,894 [INFO] src.federated.client: Client vqc_client_1: Starting local training for 3 epochs. Proximal term mu=0.0.
2025-06-09 06:20:57,602 [INFO] src.federated.client: Client vqc_client_1 - Epoch 1/3 completed. Average Loss: 0.5316
2025-06-09 06:21:14,294 [INFO] src.federated.client: Client vqc_client_1 - Epoch 2/3 completed. Average Loss: 0.5100
2025-06-09 06:21:29,053 [INFO] src.federated.client: Client vqc_client_1 - Epoch 3/3 completed. Average Loss: 0.4880
2025-06-09 06:21:29,054 [INFO] src.federated.client: Client vqc_client_1: Local training finished. Processed 453 samples.
2025-06-09 06:21:29,057 [INFO] src.federated.server: Aggregating updates from 3 clients using QuantumAggregationStrategy.
2025-06-09 06:21:29,057 [INFO] src.core.quantum_manager: QuantumAggregationStrategy: Detected nn.Module (QNN/VQC/Hybrid) state_dict. Delegating to base strategy: FedAvg
2025-06-09 06:21:29,057 [INFO] src.federated.aggregation: FedAvg: Aggregating updates from 3 clients.
2025-06-09 06:21:29,058 [INFO] src.federated.aggregation: FedAvg: Aggregation complete.
2025-06-09 06:21:29,059 [INFO] src.federated.server: Global model updated with aggregated parameters.
2025-06-09 06:21:29,059 [INFO] src.federated.server: Evaluating updated global model...
2025-06-09 06:21:29,060 [INFO] src.core.quantum_manager: Server: Starting evaluation of global model (type: vqc).
2025-06-09 06:21:30,832 [INFO] src.core.quantum_manager: Evaluation results: Loss=0.4638, Accuracy=0.8421
2025-06-09 06:21:30,833 [INFO] src.federated.server: Round 4 completed in 142.82s. Eval Metrics: {'loss': 0.46382435372001246, 'accuracy': 0.8421052631578947}
2025-06-09 06:21:30,833 [INFO] src.federated.server: ===== Starting Round 5/5 =====
2025-06-09 06:21:30,833 [INFO] src.federated.server: Starting federated training round...
2025-06-09 06:21:30,834 [INFO] src.federated.server: Selected 3 clients out of 3 available (fraction=0.1, min_clients=3): ['vqc_client_0', 'vqc_client_2', 'vqc_client_1']
2025-06-09 06:21:30,837 [INFO] src.core.quantum_client: Client vqc_client_0: Starting local training for 3 epochs (model type: vqc). Proximal term mu=0.0.
2025-06-09 06:21:30,838 [INFO] src.federated.client: Client vqc_client_0: Starting local training for 3 epochs. Proximal term mu=0.0.
2025-06-09 06:21:46,833 [INFO] src.federated.client: Client vqc_client_0 - Epoch 1/3 completed. Average Loss: 0.4651
2025-06-09 06:22:01,848 [INFO] src.federated.client: Client vqc_client_0 - Epoch 2/3 completed. Average Loss: 0.4438
2025-06-09 06:22:21,052 [INFO] src.federated.client: Client vqc_client_0 - Epoch 3/3 completed. Average Loss: 0.4209
2025-06-09 06:22:21,052 [INFO] src.federated.client: Client vqc_client_0: Local training finished. Processed 453 samples.
2025-06-09 06:22:21,056 [INFO] src.core.quantum_client: Client vqc_client_2: Starting local training for 3 epochs (model type: vqc). Proximal term mu=0.0.
2025-06-09 06:22:21,057 [INFO] src.federated.client: Client vqc_client_2: Starting local training for 3 epochs. Proximal term mu=0.0.
2025-06-09 06:22:36,766 [INFO] src.federated.client: Client vqc_client_2 - Epoch 1/3 completed. Average Loss: 0.4708
2025-06-09 06:22:52,101 [INFO] src.federated.client: Client vqc_client_2 - Epoch 2/3 completed. Average Loss: 0.4516
2025-06-09 06:23:06,674 [INFO] src.federated.client: Client vqc_client_2 - Epoch 3/3 completed. Average Loss: 0.4304
2025-06-09 06:23:06,676 [INFO] src.federated.client: Client vqc_client_2: Local training finished. Processed 459 samples.
2025-06-09 06:23:06,683 [INFO] src.core.quantum_client: Client vqc_client_1: Starting local training for 3 epochs (model type: vqc). Proximal term mu=0.0.
2025-06-09 06:23:06,684 [INFO] src.federated.client: Client vqc_client_1: Starting local training for 3 epochs. Proximal term mu=0.0.
2025-06-09 06:23:23,585 [INFO] src.federated.client: Client vqc_client_1 - Epoch 1/3 completed. Average Loss: 0.4696
2025-06-09 06:23:37,385 [INFO] src.federated.client: Client vqc_client_1 - Epoch 2/3 completed. Average Loss: 0.4443
2025-06-09 06:23:54,058 [INFO] src.federated.client: Client vqc_client_1 - Epoch 3/3 completed. Average Loss: 0.4207
2025-06-09 06:23:54,059 [INFO] src.federated.client: Client vqc_client_1: Local training finished. Processed 453 samples.
2025-06-09 06:23:54,062 [INFO] src.federated.server: Aggregating updates from 3 clients using QuantumAggregationStrategy.
2025-06-09 06:23:54,062 [INFO] src.core.quantum_manager: QuantumAggregationStrategy: Detected nn.Module (QNN/VQC/Hybrid) state_dict. Delegating to base strategy: FedAvg
2025-06-09 06:23:54,062 [INFO] src.federated.aggregation: FedAvg: Aggregating updates from 3 clients.
2025-06-09 06:23:54,063 [INFO] src.federated.aggregation: FedAvg: Aggregation complete.
2025-06-09 06:23:54,064 [INFO] src.federated.server: Global model updated with aggregated parameters.
2025-06-09 06:23:54,064 [INFO] src.federated.server: Evaluating updated global model...
2025-06-09 06:23:54,064 [INFO] src.core.quantum_manager: Server: Starting evaluation of global model (type: vqc).
2025-06-09 06:23:55,527 [INFO] src.core.quantum_manager: Evaluation results: Loss=0.3988, Accuracy=0.8860
2025-06-09 06:23:55,527 [INFO] src.federated.server: Round 5 completed in 144.69s. Eval Metrics: {'loss': 0.3988393409210339, 'accuracy': 0.8859649122807017}
2025-06-09 06:23:55,527 [INFO] src.federated.server: Federated training process completed after 5 rounds.
2025-06-09 06:23:55,527 [INFO] BC_ExperimentRunner: ========== Finished BC_VQC_FedAvg_IID_PCA4_L2_Basic ==========

2025-06-09 06:23:55,528 [INFO] BC_ExperimentRunner: ========== Starting BC_VQC_FedAvg_NonIID_a0.5_PCA4_L2_Complex ==========
2025-06-09 06:23:55,528 [INFO] BC_ExperimentRunner: --- Setting up experiment: BC_VQC_FedAvg_NonIID_a0.5_PCA4_L2_Complex for dataset breast_cancer ---
2025-06-09 06:23:55,529 [INFO] src.utils.data_utils: Set all random seeds to 42
2025-06-09 06:23:55,529 [INFO] BC_ExperimentRunner: Experiment 'BC_VQC_FedAvg_NonIID_a0.5_PCA4_L2_Complex' will use tensor_dtype: torch.float32
2025-06-09 06:23:55,529 [INFO] src.utils.data_utils: Loading dataset: breast_cancer, PCA features=4, Scaling=minmax, Subset size=None, Dtype=torch.float32
2025-06-09 06:23:55,530 [INFO] src.utils.data_utils: Set all random seeds to 42
2025-06-09 06:23:55,541 [INFO] src.utils.data_utils: Applying PCA to reduce features to 4
2025-06-09 06:23:55,543 [INFO] src.utils.data_utils: PCA applied. New feature count: 4. Explained variance: 0.8393
2025-06-09 06:23:55,544 [INFO] src.utils.data_utils: Data preparation complete for 'breast_cancer'. Train size: 455, Test size: 114, Features: 4, Classes: 2
2025-06-09 06:23:55,551 [INFO] BC_ExperimentRunner: Successfully loaded configuration from /home/dhanraj/quantum_federated_simulator/configs/federated/server_config.yaml
2025-06-09 06:23:55,556 [INFO] BC_ExperimentRunner: Successfully loaded configuration from /home/dhanraj/quantum_federated_simulator/configs/federated/client_config.yaml
2025-06-09 06:23:55,562 [INFO] BC_ExperimentRunner: Successfully loaded configuration from /home/dhanraj/quantum_federated_simulator/configs/federated/default_aggregation.yaml
2025-06-09 06:23:55,565 [INFO] BC_ExperimentRunner: Creating model of type: vqc with n_features=4, n_classes=2, initial_dtype_request=torch.float32
2025-06-09 06:23:55,565 [INFO] src.quantum.models: Initializing VQC (TorchLayer): qubits=4, layers=2, circuit='complex', device='lightning.qubit', shots=None, diff_method='best'
2025-06-09 06:23:55,566 [INFO] src.quantum.circuits: Creating complex circuit with 4 qubits, 2 layers.
2025-06-09 06:23:55,566 [INFO] src.quantum.circuits: Complex circuit expects 48 trainable parameters.
2025-06-09 06:23:55,566 [INFO] src.quantum.models: VQC circuit requires 48 parameters.
2025-06-09 06:23:55,567 [INFO] src.quantum.models: VariationalQuantumClassifier: Using 'lightning.qubit' with no shots. Defaulting to 'adjoint'.
2025-06-09 06:23:55,567 [INFO] src.quantum.models: VariationalQuantumClassifier attempting to use differentiation method: adjoint
2025-06-09 06:23:55,584 [INFO] src.quantum.models: VQC raw circuit output dimension: 6
2025-06-09 06:23:55,586 [INFO] src.quantum.models: VQC: Added Linear head: 6 -> 2 logits for CrossEntropyLoss.
2025-06-09 06:23:55,587 [INFO] src.federated.aggregation: Creating aggregation strategy of type: fedavg
2025-06-09 06:23:55,587 [INFO] BC_ExperimentRunner: Using aggregation strategy: QuantumAggregationStrategy (base: FedAvg)
2025-06-09 06:23:55,587 [INFO] src.core.quantum_manager: QuantumServer: Initializing with global model type 'vqc'.
2025-06-09 06:23:55,589 [INFO] src.federated.server: Federated server initialized on device 'cuda' with aggregation strategy: QuantumAggregationStrategy
2025-06-09 06:23:55,590 [INFO] BC_ExperimentRunner: Creating model of type: vqc with n_features=4, n_classes=2, initial_dtype_request=torch.float32
2025-06-09 06:23:55,590 [INFO] src.quantum.models: Initializing VQC (TorchLayer): qubits=4, layers=2, circuit='complex', device='lightning.qubit', shots=None, diff_method='best'
2025-06-09 06:23:55,590 [INFO] src.quantum.circuits: Creating complex circuit with 4 qubits, 2 layers.
2025-06-09 06:23:55,591 [INFO] src.quantum.circuits: Complex circuit expects 48 trainable parameters.
2025-06-09 06:23:55,591 [INFO] src.quantum.models: VQC circuit requires 48 parameters.
2025-06-09 06:23:55,591 [INFO] src.quantum.models: VariationalQuantumClassifier: Using 'lightning.qubit' with no shots. Defaulting to 'adjoint'.
2025-06-09 06:23:55,591 [INFO] src.quantum.models: VariationalQuantumClassifier attempting to use differentiation method: adjoint
2025-06-09 06:23:55,617 [INFO] src.quantum.models: VQC raw circuit output dimension: 6
2025-06-09 06:23:55,618 [INFO] src.quantum.models: VQC: Added Linear head: 6 -> 2 logits for CrossEntropyLoss.
2025-06-09 06:23:55,618 [INFO] src.core.quantum_client: QuantumClient vqc_client_0: Initializing with model type 'vqc'.
2025-06-09 06:23:55,620 [INFO] src.federated.client: Client vqc_client_0 initialized on device 'cuda' with 32 samples.
2025-06-09 06:23:55,620 [INFO] BC_ExperimentRunner: Creating model of type: vqc with n_features=4, n_classes=2, initial_dtype_request=torch.float32
2025-06-09 06:23:55,620 [INFO] src.quantum.models: Initializing VQC (TorchLayer): qubits=4, layers=2, circuit='complex', device='lightning.qubit', shots=None, diff_method='best'
2025-06-09 06:23:55,621 [INFO] src.quantum.circuits: Creating complex circuit with 4 qubits, 2 layers.
2025-06-09 06:23:55,621 [INFO] src.quantum.circuits: Complex circuit expects 48 trainable parameters.
2025-06-09 06:23:55,621 [INFO] src.quantum.models: VQC circuit requires 48 parameters.
2025-06-09 06:23:55,621 [INFO] src.quantum.models: VariationalQuantumClassifier: Using 'lightning.qubit' with no shots. Defaulting to 'adjoint'.
2025-06-09 06:23:55,621 [INFO] src.quantum.models: VariationalQuantumClassifier attempting to use differentiation method: adjoint
2025-06-09 06:23:55,640 [INFO] src.quantum.models: VQC raw circuit output dimension: 6
2025-06-09 06:23:55,641 [INFO] src.quantum.models: VQC: Added Linear head: 6 -> 2 logits for CrossEntropyLoss.
2025-06-09 06:23:55,641 [INFO] src.core.quantum_client: QuantumClient vqc_client_1: Initializing with model type 'vqc'.
2025-06-09 06:23:55,644 [INFO] src.federated.client: Client vqc_client_1 initialized on device 'cuda' with 418 samples.
2025-06-09 06:23:55,644 [INFO] BC_ExperimentRunner: Creating model of type: vqc with n_features=4, n_classes=2, initial_dtype_request=torch.float32
2025-06-09 06:23:55,644 [INFO] src.quantum.models: Initializing VQC (TorchLayer): qubits=4, layers=2, circuit='complex', device='lightning.qubit', shots=None, diff_method='best'
2025-06-09 06:23:55,645 [INFO] src.quantum.circuits: Creating complex circuit with 4 qubits, 2 layers.
2025-06-09 06:23:55,645 [INFO] src.quantum.circuits: Complex circuit expects 48 trainable parameters.
2025-06-09 06:23:55,645 [INFO] src.quantum.models: VQC circuit requires 48 parameters.
2025-06-09 06:23:55,645 [INFO] src.quantum.models: VariationalQuantumClassifier: Using 'lightning.qubit' with no shots. Defaulting to 'adjoint'.
2025-06-09 06:23:55,645 [INFO] src.quantum.models: VariationalQuantumClassifier attempting to use differentiation method: adjoint
2025-06-09 06:23:55,662 [INFO] src.quantum.models: VQC raw circuit output dimension: 6
2025-06-09 06:23:55,662 [INFO] src.quantum.models: VQC: Added Linear head: 6 -> 2 logits for CrossEntropyLoss.
2025-06-09 06:23:55,663 [INFO] src.core.quantum_client: QuantumClient vqc_client_2: Initializing with model type 'vqc'.
2025-06-09 06:23:55,665 [INFO] src.federated.client: Client vqc_client_2 initialized on device 'cuda' with 5 samples.
2025-06-09 06:23:55,665 [INFO] src.federated.server: Registered client 'vqc_client_0'. Total clients: 1.
2025-06-09 06:23:55,665 [INFO] src.federated.server: Registered client 'vqc_client_1'. Total clients: 2.
2025-06-09 06:23:55,665 [INFO] src.federated.server: Registered client 'vqc_client_2'. Total clients: 3.
2025-06-09 06:23:55,666 [INFO] BC_ExperimentRunner: --- Scenario setup complete for BC_VQC_FedAvg_NonIID_a0.5_PCA4_L2_Complex ---
2025-06-09 06:23:55,666 [INFO] src.federated.server: Starting federated training process for 5 rounds.
2025-06-09 06:23:55,666 [INFO] src.federated.server: Config: local_epochs=3, client_fraction=0.1, min_clients=3, FedProx mu=0.0
2025-06-09 06:23:55,666 [INFO] src.federated.server: Performing initial evaluation of global model...
2025-06-09 06:23:55,667 [INFO] src.core.quantum_manager: Server: Starting evaluation of global model (type: vqc).
2025-06-09 06:23:59,005 [INFO] src.core.quantum_manager: Evaluation results: Loss=0.8873, Accuracy=0.2895
2025-06-09 06:23:59,006 [INFO] src.federated.server: Initial Evaluation Metrics: {'loss': 0.8872619344477068, 'accuracy': 0.2894736842105263}
2025-06-09 06:23:59,006 [INFO] src.federated.server: ===== Starting Round 1/5 =====
2025-06-09 06:23:59,006 [INFO] src.federated.server: Starting federated training round...
2025-06-09 06:23:59,007 [INFO] src.federated.server: Selected 3 clients out of 3 available (fraction=0.1, min_clients=3): ['vqc_client_0', 'vqc_client_2', 'vqc_client_1']
2025-06-09 06:23:59,009 [INFO] src.core.quantum_client: Client vqc_client_0: Starting local training for 3 epochs (model type: vqc). Proximal term mu=0.0.
2025-06-09 06:23:59,009 [INFO] src.federated.client: Client vqc_client_0: Starting local training for 3 epochs. Proximal term mu=0.0.
2025-06-09 06:24:06,924 [INFO] src.federated.client: Client vqc_client_0 - Epoch 1/3 completed. Average Loss: 0.6286
2025-06-09 06:24:15,173 [INFO] src.federated.client: Client vqc_client_0 - Epoch 2/3 completed. Average Loss: 0.6156
2025-06-09 06:24:24,779 [INFO] src.federated.client: Client vqc_client_0 - Epoch 3/3 completed. Average Loss: 0.6031
2025-06-09 06:24:24,780 [INFO] src.federated.client: Client vqc_client_0: Local training finished. Processed 96 samples.
2025-06-09 06:24:24,789 [INFO] src.core.quantum_client: Client vqc_client_2: Starting local training for 3 epochs (model type: vqc). Proximal term mu=0.0.
2025-06-09 06:24:24,790 [INFO] src.federated.client: Client vqc_client_2: Starting local training for 3 epochs. Proximal term mu=0.0.
2025-06-09 06:24:26,230 [INFO] src.federated.client: Client vqc_client_2 - Epoch 1/3 completed. Average Loss: 0.5583
2025-06-09 06:24:27,573 [INFO] src.federated.client: Client vqc_client_2 - Epoch 2/3 completed. Average Loss: 0.5433
2025-06-09 06:24:29,254 [INFO] src.federated.client: Client vqc_client_2 - Epoch 3/3 completed. Average Loss: 0.5287
2025-06-09 06:24:29,255 [INFO] src.federated.client: Client vqc_client_2: Local training finished. Processed 15 samples.
2025-06-09 06:24:29,258 [INFO] src.core.quantum_client: Client vqc_client_1: Starting local training for 3 epochs (model type: vqc). Proximal term mu=0.0.
2025-06-09 06:24:29,259 [INFO] src.federated.client: Client vqc_client_1: Starting local training for 3 epochs. Proximal term mu=0.0.
2025-06-09 06:26:23,951 [INFO] src.federated.client: Client vqc_client_1 - Epoch 1/3 completed. Average Loss: 0.8360
2025-06-09 06:28:05,153 [INFO] src.federated.client: Client vqc_client_1 - Epoch 2/3 completed. Average Loss: 0.7132
2025-06-09 06:29:01,414 [INFO] src.federated.client: Client vqc_client_1 - Epoch 3/3 completed. Average Loss: 0.6443
2025-06-09 06:29:01,415 [INFO] src.federated.client: Client vqc_client_1: Local training finished. Processed 1254 samples.
2025-06-09 06:29:01,416 [INFO] src.federated.server: Aggregating updates from 3 clients using QuantumAggregationStrategy.
2025-06-09 06:29:01,416 [INFO] src.core.quantum_manager: QuantumAggregationStrategy: Detected nn.Module (QNN/VQC/Hybrid) state_dict. Delegating to base strategy: FedAvg
2025-06-09 06:29:01,416 [INFO] src.federated.aggregation: FedAvg: Aggregating updates from 3 clients.
2025-06-09 06:29:01,416 [INFO] src.federated.aggregation: FedAvg: Aggregation complete.
2025-06-09 06:29:01,417 [INFO] src.federated.server: Global model updated with aggregated parameters.
2025-06-09 06:29:01,417 [INFO] src.federated.server: Evaluating updated global model...
2025-06-09 06:29:01,417 [INFO] src.core.quantum_manager: Server: Starting evaluation of global model (type: vqc).
2025-06-09 06:29:06,007 [INFO] src.core.quantum_manager: Evaluation results: Loss=0.6354, Accuracy=0.6579
2025-06-09 06:29:06,007 [INFO] src.federated.server: Round 1 completed in 307.00s. Eval Metrics: {'loss': 0.6354403485331619, 'accuracy': 0.6578947368421053}
2025-06-09 06:29:06,007 [INFO] src.federated.server: ===== Starting Round 2/5 =====
2025-06-09 06:29:06,008 [INFO] src.federated.server: Starting federated training round...
2025-06-09 06:29:06,008 [INFO] src.federated.server: Selected 3 clients out of 3 available (fraction=0.1, min_clients=3): ['vqc_client_1', 'vqc_client_2', 'vqc_client_0']
2025-06-09 06:29:06,009 [INFO] src.core.quantum_client: Client vqc_client_1: Starting local training for 3 epochs (model type: vqc). Proximal term mu=0.0.
2025-06-09 06:29:06,009 [INFO] src.federated.client: Client vqc_client_1: Starting local training for 3 epochs. Proximal term mu=0.0.
2025-06-09 06:30:01,454 [INFO] src.federated.client: Client vqc_client_1 - Epoch 1/3 completed. Average Loss: 0.6018
2025-06-09 06:31:01,412 [INFO] src.federated.client: Client vqc_client_1 - Epoch 2/3 completed. Average Loss: 0.5412
2025-06-09 06:31:52,626 [INFO] src.federated.client: Client vqc_client_1 - Epoch 3/3 completed. Average Loss: 0.4790
2025-06-09 06:31:52,627 [INFO] src.federated.client: Client vqc_client_1: Local training finished. Processed 1254 samples.
2025-06-09 06:31:52,628 [INFO] src.core.quantum_client: Client vqc_client_2: Starting local training for 3 epochs (model type: vqc). Proximal term mu=0.0.
2025-06-09 06:31:52,629 [INFO] src.federated.client: Client vqc_client_2: Starting local training for 3 epochs. Proximal term mu=0.0.
2025-06-09 06:31:53,345 [INFO] src.federated.client: Client vqc_client_2 - Epoch 1/3 completed. Average Loss: 0.7649
2025-06-09 06:31:54,006 [INFO] src.federated.client: Client vqc_client_2 - Epoch 2/3 completed. Average Loss: 0.7488
2025-06-09 06:31:54,895 [INFO] src.federated.client: Client vqc_client_2 - Epoch 3/3 completed. Average Loss: 0.7325
2025-06-09 06:31:54,896 [INFO] src.federated.client: Client vqc_client_2: Local training finished. Processed 15 samples.
2025-06-09 06:31:54,898 [INFO] src.core.quantum_client: Client vqc_client_0: Starting local training for 3 epochs (model type: vqc). Proximal term mu=0.0.
2025-06-09 06:31:54,898 [INFO] src.federated.client: Client vqc_client_0: Starting local training for 3 epochs. Proximal term mu=0.0.
2025-06-09 06:32:04,148 [INFO] src.federated.client: Client vqc_client_0 - Epoch 1/3 completed. Average Loss: 0.7709
2025-06-09 06:32:08,032 [INFO] src.federated.client: Client vqc_client_0 - Epoch 2/3 completed. Average Loss: 0.7571
2025-06-09 06:32:13,467 [INFO] src.federated.client: Client vqc_client_0 - Epoch 3/3 completed. Average Loss: 0.7432
2025-06-09 06:32:13,468 [INFO] src.federated.client: Client vqc_client_0: Local training finished. Processed 96 samples.
2025-06-09 06:32:13,473 [INFO] src.federated.server: Aggregating updates from 3 clients using QuantumAggregationStrategy.
2025-06-09 06:32:13,474 [INFO] src.core.quantum_manager: QuantumAggregationStrategy: Detected nn.Module (QNN/VQC/Hybrid) state_dict. Delegating to base strategy: FedAvg
2025-06-09 06:32:13,474 [INFO] src.federated.aggregation: FedAvg: Aggregating updates from 3 clients.
2025-06-09 06:32:13,475 [INFO] src.federated.aggregation: FedAvg: Aggregation complete.
2025-06-09 06:32:13,475 [INFO] src.federated.server: Global model updated with aggregated parameters.
2025-06-09 06:32:13,475 [INFO] src.federated.server: Evaluating updated global model...
2025-06-09 06:32:13,476 [INFO] src.core.quantum_manager: Server: Starting evaluation of global model (type: vqc).
2025-06-09 06:32:14,850 [INFO] src.core.quantum_manager: Evaluation results: Loss=0.4723, Accuracy=0.9035
2025-06-09 06:32:14,851 [INFO] src.federated.server: Round 2 completed in 188.84s. Eval Metrics: {'loss': 0.472258096201378, 'accuracy': 0.9035087719298246}
2025-06-09 06:32:14,851 [INFO] src.federated.server: ===== Starting Round 3/5 =====
2025-06-09 06:32:14,851 [INFO] src.federated.server: Starting federated training round...
2025-06-09 06:32:14,851 [INFO] src.federated.server: Selected 3 clients out of 3 available (fraction=0.1, min_clients=3): ['vqc_client_0', 'vqc_client_2', 'vqc_client_1']
2025-06-09 06:32:14,853 [INFO] src.core.quantum_client: Client vqc_client_0: Starting local training for 3 epochs (model type: vqc). Proximal term mu=0.0.
2025-06-09 06:32:14,853 [INFO] src.federated.client: Client vqc_client_0: Starting local training for 3 epochs. Proximal term mu=0.0.
2025-06-09 06:32:19,097 [INFO] src.federated.client: Client vqc_client_0 - Epoch 1/3 completed. Average Loss: 0.7222
2025-06-09 06:32:23,207 [INFO] src.federated.client: Client vqc_client_0 - Epoch 2/3 completed. Average Loss: 0.7077
2025-06-09 06:32:27,479 [INFO] src.federated.client: Client vqc_client_0 - Epoch 3/3 completed. Average Loss: 0.6930
2025-06-09 06:32:27,479 [INFO] src.federated.client: Client vqc_client_0: Local training finished. Processed 96 samples.
2025-06-09 06:32:27,485 [INFO] src.core.quantum_client: Client vqc_client_2: Starting local training for 3 epochs (model type: vqc). Proximal term mu=0.0.
2025-06-09 06:32:27,486 [INFO] src.federated.client: Client vqc_client_2: Starting local training for 3 epochs. Proximal term mu=0.0.
2025-06-09 06:32:28,058 [INFO] src.federated.client: Client vqc_client_2 - Epoch 1/3 completed. Average Loss: 0.8155
2025-06-09 06:32:28,643 [INFO] src.federated.client: Client vqc_client_2 - Epoch 2/3 completed. Average Loss: 0.7966
2025-06-09 06:32:29,216 [INFO] src.federated.client: Client vqc_client_2 - Epoch 3/3 completed. Average Loss: 0.7770
2025-06-09 06:32:29,217 [INFO] src.federated.client: Client vqc_client_2: Local training finished. Processed 15 samples.
2025-06-09 06:32:29,218 [INFO] src.core.quantum_client: Client vqc_client_1: Starting local training for 3 epochs (model type: vqc). Proximal term mu=0.0.
2025-06-09 06:32:29,218 [INFO] src.federated.client: Client vqc_client_1: Starting local training for 3 epochs. Proximal term mu=0.0.
2025-06-09 06:33:24,723 [INFO] src.federated.client: Client vqc_client_1 - Epoch 1/3 completed. Average Loss: 0.4272
2025-06-09 06:34:22,477 [INFO] src.federated.client: Client vqc_client_1 - Epoch 2/3 completed. Average Loss: 0.3703
2025-06-09 06:35:34,033 [INFO] src.federated.client: Client vqc_client_1 - Epoch 3/3 completed. Average Loss: 0.3228
2025-06-09 06:35:34,033 [INFO] src.federated.client: Client vqc_client_1: Local training finished. Processed 1254 samples.
2025-06-09 06:35:34,034 [INFO] src.federated.server: Aggregating updates from 3 clients using QuantumAggregationStrategy.
2025-06-09 06:35:34,034 [INFO] src.core.quantum_manager: QuantumAggregationStrategy: Detected nn.Module (QNN/VQC/Hybrid) state_dict. Delegating to base strategy: FedAvg
2025-06-09 06:35:34,034 [INFO] src.federated.aggregation: FedAvg: Aggregating updates from 3 clients.
2025-06-09 06:35:34,035 [INFO] src.federated.aggregation: FedAvg: Aggregation complete.
2025-06-09 06:35:34,035 [INFO] src.federated.server: Global model updated with aggregated parameters.
2025-06-09 06:35:34,036 [INFO] src.federated.server: Evaluating updated global model...
2025-06-09 06:35:34,036 [INFO] src.core.quantum_manager: Server: Starting evaluation of global model (type: vqc).
2025-06-09 06:35:35,530 [INFO] src.core.quantum_manager: Evaluation results: Loss=0.3295, Accuracy=0.9211
2025-06-09 06:35:35,531 [INFO] src.federated.server: Round 3 completed in 200.68s. Eval Metrics: {'loss': 0.3295052950842339, 'accuracy': 0.9210526315789473}
2025-06-09 06:35:35,531 [INFO] src.federated.server: ===== Starting Round 4/5 =====
2025-06-09 06:35:35,531 [INFO] src.federated.server: Starting federated training round...
2025-06-09 06:35:35,531 [INFO] src.federated.server: Selected 3 clients out of 3 available (fraction=0.1, min_clients=3): ['vqc_client_1', 'vqc_client_2', 'vqc_client_0']
2025-06-09 06:35:35,533 [INFO] src.core.quantum_client: Client vqc_client_1: Starting local training for 3 epochs (model type: vqc). Proximal term mu=0.0.
2025-06-09 06:35:35,533 [INFO] src.federated.client: Client vqc_client_1: Starting local training for 3 epochs. Proximal term mu=0.0.
2025-06-09 06:36:30,297 [INFO] src.federated.client: Client vqc_client_1 - Epoch 1/3 completed. Average Loss: 0.2976
2025-06-09 06:37:24,317 [INFO] src.federated.client: Client vqc_client_1 - Epoch 2/3 completed. Average Loss: 0.2710
2025-06-09 06:38:15,375 [INFO] src.federated.client: Client vqc_client_1 - Epoch 3/3 completed. Average Loss: 0.2532
2025-06-09 06:38:15,376 [INFO] src.federated.client: Client vqc_client_1: Local training finished. Processed 1254 samples.
2025-06-09 06:38:15,377 [INFO] src.core.quantum_client: Client vqc_client_2: Starting local training for 3 epochs (model type: vqc). Proximal term mu=0.0.
2025-06-09 06:38:15,377 [INFO] src.federated.client: Client vqc_client_2: Starting local training for 3 epochs. Proximal term mu=0.0.
2025-06-09 06:38:16,004 [INFO] src.federated.client: Client vqc_client_2 - Epoch 1/3 completed. Average Loss: 0.8991
2025-06-09 06:38:16,606 [INFO] src.federated.client: Client vqc_client_2 - Epoch 2/3 completed. Average Loss: 0.8754
2025-06-09 06:38:17,140 [INFO] src.federated.client: Client vqc_client_2 - Epoch 3/3 completed. Average Loss: 0.8507
2025-06-09 06:38:17,140 [INFO] src.federated.client: Client vqc_client_2: Local training finished. Processed 15 samples.
2025-06-09 06:38:17,141 [INFO] src.core.quantum_client: Client vqc_client_0: Starting local training for 3 epochs (model type: vqc). Proximal term mu=0.0.
2025-06-09 06:38:17,141 [INFO] src.federated.client: Client vqc_client_0: Starting local training for 3 epochs. Proximal term mu=0.0.
2025-06-09 06:38:20,822 [INFO] src.federated.client: Client vqc_client_0 - Epoch 1/3 completed. Average Loss: 0.5539
2025-06-09 06:38:24,528 [INFO] src.federated.client: Client vqc_client_0 - Epoch 2/3 completed. Average Loss: 0.5437
2025-06-09 06:38:31,564 [INFO] src.federated.client: Client vqc_client_0 - Epoch 3/3 completed. Average Loss: 0.5337
2025-06-09 06:38:31,564 [INFO] src.federated.client: Client vqc_client_0: Local training finished. Processed 96 samples.
2025-06-09 06:38:31,568 [INFO] src.federated.server: Aggregating updates from 3 clients using QuantumAggregationStrategy.
2025-06-09 06:38:31,569 [INFO] src.core.quantum_manager: QuantumAggregationStrategy: Detected nn.Module (QNN/VQC/Hybrid) state_dict. Delegating to base strategy: FedAvg
2025-06-09 06:38:31,569 [INFO] src.federated.aggregation: FedAvg: Aggregating updates from 3 clients.
2025-06-09 06:38:31,570 [INFO] src.federated.aggregation: FedAvg: Aggregation complete.
2025-06-09 06:38:31,570 [INFO] src.federated.server: Global model updated with aggregated parameters.
2025-06-09 06:38:31,570 [INFO] src.federated.server: Evaluating updated global model...
2025-06-09 06:38:31,571 [INFO] src.core.quantum_manager: Server: Starting evaluation of global model (type: vqc).
2025-06-09 06:38:32,846 [INFO] src.core.quantum_manager: Evaluation results: Loss=0.2629, Accuracy=0.9298
2025-06-09 06:38:32,846 [INFO] src.federated.server: Round 4 completed in 177.31s. Eval Metrics: {'loss': 0.26286514809257105, 'accuracy': 0.9298245614035088}
2025-06-09 06:38:32,846 [INFO] src.federated.server: ===== Starting Round 5/5 =====
2025-06-09 06:38:32,846 [INFO] src.federated.server: Starting federated training round...
2025-06-09 06:38:32,846 [INFO] src.federated.server: Selected 3 clients out of 3 available (fraction=0.1, min_clients=3): ['vqc_client_0', 'vqc_client_1', 'vqc_client_2']
2025-06-09 06:38:32,848 [INFO] src.core.quantum_client: Client vqc_client_0: Starting local training for 3 epochs (model type: vqc). Proximal term mu=0.0.
2025-06-09 06:38:32,848 [INFO] src.federated.client: Client vqc_client_0: Starting local training for 3 epochs. Proximal term mu=0.0.
2025-06-09 06:38:36,571 [INFO] src.federated.client: Client vqc_client_0 - Epoch 1/3 completed. Average Loss: 0.4515
2025-06-09 06:38:40,179 [INFO] src.federated.client: Client vqc_client_0 - Epoch 2/3 completed. Average Loss: 0.4435
2025-06-09 06:38:43,845 [INFO] src.federated.client: Client vqc_client_0 - Epoch 3/3 completed. Average Loss: 0.4353
2025-06-09 06:38:43,846 [INFO] src.federated.client: Client vqc_client_0: Local training finished. Processed 96 samples.
2025-06-09 06:38:43,850 [INFO] src.core.quantum_client: Client vqc_client_1: Starting local training for 3 epochs (model type: vqc). Proximal term mu=0.0.
2025-06-09 06:38:43,851 [INFO] src.federated.client: Client vqc_client_1: Starting local training for 3 epochs. Proximal term mu=0.0.
2025-06-09 06:39:36,309 [INFO] src.federated.client: Client vqc_client_1 - Epoch 1/3 completed. Average Loss: 0.2407
2025-06-09 06:40:38,500 [INFO] src.federated.client: Client vqc_client_1 - Epoch 2/3 completed. Average Loss: 0.2283
2025-06-09 06:41:35,538 [INFO] src.federated.client: Client vqc_client_1 - Epoch 3/3 completed. Average Loss: 0.2150
2025-06-09 06:41:35,539 [INFO] src.federated.client: Client vqc_client_1: Local training finished. Processed 1254 samples.
2025-06-09 06:41:35,540 [INFO] src.core.quantum_client: Client vqc_client_2: Starting local training for 3 epochs (model type: vqc). Proximal term mu=0.0.
2025-06-09 06:41:35,540 [INFO] src.federated.client: Client vqc_client_2: Starting local training for 3 epochs. Proximal term mu=0.0.
2025-06-09 06:41:36,373 [INFO] src.federated.client: Client vqc_client_2 - Epoch 1/3 completed. Average Loss: 0.9585
2025-06-09 06:41:36,993 [INFO] src.federated.client: Client vqc_client_2 - Epoch 2/3 completed. Average Loss: 0.9267
2025-06-09 06:41:37,564 [INFO] src.federated.client: Client vqc_client_2 - Epoch 3/3 completed. Average Loss: 0.8937
2025-06-09 06:41:37,565 [INFO] src.federated.client: Client vqc_client_2: Local training finished. Processed 15 samples.
2025-06-09 06:41:37,565 [INFO] src.federated.server: Aggregating updates from 3 clients using QuantumAggregationStrategy.
2025-06-09 06:41:37,566 [INFO] src.core.quantum_manager: QuantumAggregationStrategy: Detected nn.Module (QNN/VQC/Hybrid) state_dict. Delegating to base strategy: FedAvg
2025-06-09 06:41:37,566 [INFO] src.federated.aggregation: FedAvg: Aggregating updates from 3 clients.
2025-06-09 06:41:37,566 [INFO] src.federated.aggregation: FedAvg: Aggregation complete.
2025-06-09 06:41:37,567 [INFO] src.federated.server: Global model updated with aggregated parameters.
2025-06-09 06:41:37,567 [INFO] src.federated.server: Evaluating updated global model...
2025-06-09 06:41:37,567 [INFO] src.core.quantum_manager: Server: Starting evaluation of global model (type: vqc).
2025-06-09 06:41:38,654 [INFO] src.core.quantum_manager: Evaluation results: Loss=0.2273, Accuracy=0.9123
2025-06-09 06:41:38,655 [INFO] src.federated.server: Round 5 completed in 185.81s. Eval Metrics: {'loss': 0.22725117363427816, 'accuracy': 0.9122807017543859}
2025-06-09 06:41:38,655 [INFO] src.federated.server: Federated training process completed after 5 rounds.
2025-06-09 06:41:38,655 [INFO] BC_ExperimentRunner: ========== Finished BC_VQC_FedAvg_NonIID_a0.5_PCA4_L2_Complex ==========

2025-06-09 06:41:38,655 [INFO] BC_ExperimentRunner: ========== Starting BC_VQC_FedProx_IID_PCA4_L2_Basic ==========
2025-06-09 06:41:38,655 [INFO] BC_ExperimentRunner: --- Setting up experiment: BC_VQC_FedProx_IID_PCA4_L2_Basic for dataset breast_cancer ---
2025-06-09 06:41:38,656 [INFO] src.utils.data_utils: Set all random seeds to 42
2025-06-09 06:41:38,656 [INFO] BC_ExperimentRunner: Experiment 'BC_VQC_FedProx_IID_PCA4_L2_Basic' will use tensor_dtype: torch.float32
2025-06-09 06:41:38,656 [INFO] src.utils.data_utils: Loading dataset: breast_cancer, PCA features=4, Scaling=minmax, Subset size=None, Dtype=torch.float32
2025-06-09 06:41:38,656 [INFO] src.utils.data_utils: Set all random seeds to 42
2025-06-09 06:41:38,662 [INFO] src.utils.data_utils: Applying PCA to reduce features to 4
2025-06-09 06:41:38,664 [INFO] src.utils.data_utils: PCA applied. New feature count: 4. Explained variance: 0.8393
2025-06-09 06:41:38,664 [INFO] src.utils.data_utils: Data preparation complete for 'breast_cancer'. Train size: 455, Test size: 114, Features: 4, Classes: 2
2025-06-09 06:41:38,668 [INFO] BC_ExperimentRunner: Successfully loaded configuration from /home/dhanraj/quantum_federated_simulator/configs/federated/server_config.yaml
2025-06-09 06:41:38,670 [INFO] BC_ExperimentRunner: Successfully loaded configuration from /home/dhanraj/quantum_federated_simulator/configs/federated/client_config.yaml
2025-06-09 06:41:38,673 [INFO] BC_ExperimentRunner: Successfully loaded configuration from /home/dhanraj/quantum_federated_simulator/configs/federated/default_aggregation.yaml
2025-06-09 06:41:38,673 [INFO] BC_ExperimentRunner: Creating model of type: vqc with n_features=4, n_classes=2, initial_dtype_request=torch.float32
2025-06-09 06:41:38,673 [INFO] src.quantum.models: Initializing VQC (TorchLayer): qubits=4, layers=2, circuit='basic', device='lightning.qubit', shots=None, diff_method='best'
2025-06-09 06:41:38,674 [INFO] src.quantum.circuits: Creating basic circuit with 4 qubits, 2 layers.
2025-06-09 06:41:38,674 [INFO] src.quantum.circuits: Basic circuit expects 24 trainable parameters.
2025-06-09 06:41:38,674 [INFO] src.quantum.models: VQC circuit requires 24 parameters.
2025-06-09 06:41:38,674 [INFO] src.quantum.models: VariationalQuantumClassifier: Using 'lightning.qubit' with no shots. Defaulting to 'adjoint'.
2025-06-09 06:41:38,674 [INFO] src.quantum.models: VariationalQuantumClassifier attempting to use differentiation method: adjoint
2025-06-09 06:41:38,680 [INFO] src.quantum.models: VQC raw circuit output dimension: 4
2025-06-09 06:41:38,680 [INFO] src.quantum.models: VQC: Added Linear head: 4 -> 2 logits for CrossEntropyLoss.
2025-06-09 06:41:38,680 [INFO] src.federated.aggregation: Creating aggregation strategy of type: fedavg
2025-06-09 06:41:38,681 [INFO] BC_ExperimentRunner: Using aggregation strategy: QuantumAggregationStrategy (base: FedAvg)
2025-06-09 06:41:38,681 [INFO] src.core.quantum_manager: QuantumServer: Initializing with global model type 'vqc'.
2025-06-09 06:41:38,682 [INFO] src.federated.server: Federated server initialized on device 'cuda' with aggregation strategy: QuantumAggregationStrategy
2025-06-09 06:41:38,682 [INFO] BC_ExperimentRunner: Creating model of type: vqc with n_features=4, n_classes=2, initial_dtype_request=torch.float32
2025-06-09 06:41:38,683 [INFO] src.quantum.models: Initializing VQC (TorchLayer): qubits=4, layers=2, circuit='basic', device='lightning.qubit', shots=None, diff_method='best'
2025-06-09 06:41:38,683 [INFO] src.quantum.circuits: Creating basic circuit with 4 qubits, 2 layers.
2025-06-09 06:41:38,683 [INFO] src.quantum.circuits: Basic circuit expects 24 trainable parameters.
2025-06-09 06:41:38,683 [INFO] src.quantum.models: VQC circuit requires 24 parameters.
2025-06-09 06:41:38,683 [INFO] src.quantum.models: VariationalQuantumClassifier: Using 'lightning.qubit' with no shots. Defaulting to 'adjoint'.
2025-06-09 06:41:38,684 [INFO] src.quantum.models: VariationalQuantumClassifier attempting to use differentiation method: adjoint
2025-06-09 06:41:38,690 [INFO] src.quantum.models: VQC raw circuit output dimension: 4
2025-06-09 06:41:38,690 [INFO] src.quantum.models: VQC: Added Linear head: 4 -> 2 logits for CrossEntropyLoss.
2025-06-09 06:41:38,691 [INFO] src.core.quantum_client: QuantumClient vqc_client_0: Initializing with model type 'vqc'.
2025-06-09 06:41:38,692 [INFO] src.federated.client: Client vqc_client_0 initialized on device 'cuda' with 151 samples.
2025-06-09 06:41:38,692 [INFO] BC_ExperimentRunner: Creating model of type: vqc with n_features=4, n_classes=2, initial_dtype_request=torch.float32
2025-06-09 06:41:38,692 [INFO] src.quantum.models: Initializing VQC (TorchLayer): qubits=4, layers=2, circuit='basic', device='lightning.qubit', shots=None, diff_method='best'
2025-06-09 06:41:38,693 [INFO] src.quantum.circuits: Creating basic circuit with 4 qubits, 2 layers.
2025-06-09 06:41:38,693 [INFO] src.quantum.circuits: Basic circuit expects 24 trainable parameters.
2025-06-09 06:41:38,693 [INFO] src.quantum.models: VQC circuit requires 24 parameters.
2025-06-09 06:41:38,693 [INFO] src.quantum.models: VariationalQuantumClassifier: Using 'lightning.qubit' with no shots. Defaulting to 'adjoint'.
2025-06-09 06:41:38,693 [INFO] src.quantum.models: VariationalQuantumClassifier attempting to use differentiation method: adjoint
2025-06-09 06:41:38,700 [INFO] src.quantum.models: VQC raw circuit output dimension: 4
2025-06-09 06:41:38,700 [INFO] src.quantum.models: VQC: Added Linear head: 4 -> 2 logits for CrossEntropyLoss.
2025-06-09 06:41:38,701 [INFO] src.core.quantum_client: QuantumClient vqc_client_1: Initializing with model type 'vqc'.
2025-06-09 06:41:38,703 [INFO] src.federated.client: Client vqc_client_1 initialized on device 'cuda' with 151 samples.
2025-06-09 06:41:38,703 [INFO] BC_ExperimentRunner: Creating model of type: vqc with n_features=4, n_classes=2, initial_dtype_request=torch.float32
2025-06-09 06:41:38,703 [INFO] src.quantum.models: Initializing VQC (TorchLayer): qubits=4, layers=2, circuit='basic', device='lightning.qubit', shots=None, diff_method='best'
2025-06-09 06:41:38,704 [INFO] src.quantum.circuits: Creating basic circuit with 4 qubits, 2 layers.
2025-06-09 06:41:38,704 [INFO] src.quantum.circuits: Basic circuit expects 24 trainable parameters.
2025-06-09 06:41:38,704 [INFO] src.quantum.models: VQC circuit requires 24 parameters.
2025-06-09 06:41:38,704 [INFO] src.quantum.models: VariationalQuantumClassifier: Using 'lightning.qubit' with no shots. Defaulting to 'adjoint'.
2025-06-09 06:41:38,704 [INFO] src.quantum.models: VariationalQuantumClassifier attempting to use differentiation method: adjoint
2025-06-09 06:41:38,711 [INFO] src.quantum.models: VQC raw circuit output dimension: 4
2025-06-09 06:41:38,712 [INFO] src.quantum.models: VQC: Added Linear head: 4 -> 2 logits for CrossEntropyLoss.
2025-06-09 06:41:38,712 [INFO] src.core.quantum_client: QuantumClient vqc_client_2: Initializing with model type 'vqc'.
2025-06-09 06:41:38,714 [INFO] src.federated.client: Client vqc_client_2 initialized on device 'cuda' with 153 samples.
2025-06-09 06:41:38,714 [INFO] src.federated.server: Registered client 'vqc_client_0'. Total clients: 1.
2025-06-09 06:41:38,714 [INFO] src.federated.server: Registered client 'vqc_client_1'. Total clients: 2.
2025-06-09 06:41:38,714 [INFO] src.federated.server: Registered client 'vqc_client_2'. Total clients: 3.
2025-06-09 06:41:38,714 [INFO] BC_ExperimentRunner: --- Scenario setup complete for BC_VQC_FedProx_IID_PCA4_L2_Basic ---
2025-06-09 06:41:38,714 [INFO] src.federated.server: Starting federated training process for 5 rounds.
2025-06-09 06:41:38,715 [INFO] src.federated.server: Config: local_epochs=3, client_fraction=0.1, min_clients=3, FedProx mu=0.01
2025-06-09 06:41:38,715 [INFO] src.federated.server: Performing initial evaluation of global model...
2025-06-09 06:41:38,715 [INFO] src.core.quantum_manager: Server: Starting evaluation of global model (type: vqc).
2025-06-09 06:41:39,320 [INFO] src.core.quantum_manager: Evaluation results: Loss=0.6952, Accuracy=0.4298
2025-06-09 06:41:39,321 [INFO] src.federated.server: Initial Evaluation Metrics: {'loss': 0.6951935155349865, 'accuracy': 0.4298245614035088}
2025-06-09 06:41:39,321 [INFO] src.federated.server: ===== Starting Round 1/5 =====
2025-06-09 06:41:39,321 [INFO] src.federated.server: Starting federated training round...
2025-06-09 06:41:39,321 [INFO] src.federated.server: Selected 3 clients out of 3 available (fraction=0.1, min_clients=3): ['vqc_client_2', 'vqc_client_0', 'vqc_client_1']
2025-06-09 06:41:39,322 [INFO] src.core.quantum_client: Client vqc_client_2: Starting local training for 3 epochs (model type: vqc). Proximal term mu=0.01.
2025-06-09 06:41:39,322 [INFO] src.federated.client: Client vqc_client_2: Starting local training for 3 epochs. Proximal term mu=0.01.
2025-06-09 06:41:46,153 [INFO] src.federated.client: Client vqc_client_2 - Epoch 1/3 completed. Average Loss: 0.6859
2025-06-09 06:41:53,239 [INFO] src.federated.client: Client vqc_client_2 - Epoch 2/3 completed. Average Loss: 0.6607
2025-06-09 06:42:03,522 [INFO] src.federated.client: Client vqc_client_2 - Epoch 3/3 completed. Average Loss: 0.6355
2025-06-09 06:42:03,522 [INFO] src.federated.client: Client vqc_client_2: Local training finished. Processed 459 samples.
2025-06-09 06:42:03,525 [INFO] src.core.quantum_client: Client vqc_client_0: Starting local training for 3 epochs (model type: vqc). Proximal term mu=0.01.
2025-06-09 06:42:03,525 [INFO] src.federated.client: Client vqc_client_0: Starting local training for 3 epochs. Proximal term mu=0.01.
2025-06-09 06:42:10,834 [INFO] src.federated.client: Client vqc_client_0 - Epoch 1/3 completed. Average Loss: 0.6855
2025-06-09 06:42:17,530 [INFO] src.federated.client: Client vqc_client_0 - Epoch 2/3 completed. Average Loss: 0.6586
2025-06-09 06:42:24,401 [INFO] src.federated.client: Client vqc_client_0 - Epoch 3/3 completed. Average Loss: 0.6367
2025-06-09 06:42:24,402 [INFO] src.federated.client: Client vqc_client_0: Local training finished. Processed 453 samples.
2025-06-09 06:42:24,405 [INFO] src.core.quantum_client: Client vqc_client_1: Starting local training for 3 epochs (model type: vqc). Proximal term mu=0.01.
2025-06-09 06:42:24,405 [INFO] src.federated.client: Client vqc_client_1: Starting local training for 3 epochs. Proximal term mu=0.01.
2025-06-09 06:42:31,659 [INFO] src.federated.client: Client vqc_client_1 - Epoch 1/3 completed. Average Loss: 0.6850
2025-06-09 06:42:43,392 [INFO] src.federated.client: Client vqc_client_1 - Epoch 2/3 completed. Average Loss: 0.6635
2025-06-09 06:42:52,034 [INFO] src.federated.client: Client vqc_client_1 - Epoch 3/3 completed. Average Loss: 0.6454
2025-06-09 06:42:52,035 [INFO] src.federated.client: Client vqc_client_1: Local training finished. Processed 453 samples.
2025-06-09 06:42:52,037 [INFO] src.federated.server: Aggregating updates from 3 clients using QuantumAggregationStrategy.
2025-06-09 06:42:52,037 [INFO] src.core.quantum_manager: QuantumAggregationStrategy: Detected nn.Module (QNN/VQC/Hybrid) state_dict. Delegating to base strategy: FedAvg
2025-06-09 06:42:52,038 [INFO] src.federated.aggregation: FedAvg: Aggregating updates from 3 clients.
2025-06-09 06:42:52,038 [INFO] src.federated.aggregation: FedAvg: Aggregation complete.
2025-06-09 06:42:52,040 [INFO] src.federated.server: Global model updated with aggregated parameters.
2025-06-09 06:42:52,040 [INFO] src.federated.server: Evaluating updated global model...
2025-06-09 06:42:52,040 [INFO] src.core.quantum_manager: Server: Starting evaluation of global model (type: vqc).
2025-06-09 06:42:52,698 [INFO] src.core.quantum_manager: Evaluation results: Loss=0.6235, Accuracy=0.6404
2025-06-09 06:42:52,698 [INFO] src.federated.server: Round 1 completed in 73.38s. Eval Metrics: {'loss': 0.6235448205680177, 'accuracy': 0.6403508771929824}
2025-06-09 06:42:52,698 [INFO] src.federated.server: ===== Starting Round 2/5 =====
2025-06-09 06:42:52,698 [INFO] src.federated.server: Starting federated training round...
2025-06-09 06:42:52,699 [INFO] src.federated.server: Selected 3 clients out of 3 available (fraction=0.1, min_clients=3): ['vqc_client_2', 'vqc_client_1', 'vqc_client_0']
2025-06-09 06:42:52,699 [INFO] src.core.quantum_client: Client vqc_client_2: Starting local training for 3 epochs (model type: vqc). Proximal term mu=0.01.
2025-06-09 06:42:52,699 [INFO] src.federated.client: Client vqc_client_2: Starting local training for 3 epochs. Proximal term mu=0.01.
2025-06-09 06:43:01,436 [INFO] src.federated.client: Client vqc_client_2 - Epoch 1/3 completed. Average Loss: 0.6203
2025-06-09 06:43:12,137 [INFO] src.federated.client: Client vqc_client_2 - Epoch 2/3 completed. Average Loss: 0.6045
2025-06-09 06:43:19,882 [INFO] src.federated.client: Client vqc_client_2 - Epoch 3/3 completed. Average Loss: 0.5869
2025-06-09 06:43:19,883 [INFO] src.federated.client: Client vqc_client_2: Local training finished. Processed 459 samples.
2025-06-09 06:43:19,885 [INFO] src.core.quantum_client: Client vqc_client_1: Starting local training for 3 epochs (model type: vqc). Proximal term mu=0.01.
2025-06-09 06:43:19,886 [INFO] src.federated.client: Client vqc_client_1: Starting local training for 3 epochs. Proximal term mu=0.01.
2025-06-09 06:43:29,105 [INFO] src.federated.client: Client vqc_client_1 - Epoch 1/3 completed. Average Loss: 0.6268
2025-06-09 06:43:36,937 [INFO] src.federated.client: Client vqc_client_1 - Epoch 2/3 completed. Average Loss: 0.6118
2025-06-09 06:43:47,297 [INFO] src.federated.client: Client vqc_client_1 - Epoch 3/3 completed. Average Loss: 0.5973
2025-06-09 06:43:47,298 [INFO] src.federated.client: Client vqc_client_1: Local training finished. Processed 453 samples.
2025-06-09 06:43:47,301 [INFO] src.core.quantum_client: Client vqc_client_0: Starting local training for 3 epochs (model type: vqc). Proximal term mu=0.01.
2025-06-09 06:43:47,302 [INFO] src.federated.client: Client vqc_client_0: Starting local training for 3 epochs. Proximal term mu=0.01.
2025-06-09 06:43:53,993 [INFO] src.federated.client: Client vqc_client_0 - Epoch 1/3 completed. Average Loss: 0.6202
2025-06-09 06:44:01,090 [INFO] src.federated.client: Client vqc_client_0 - Epoch 2/3 completed. Average Loss: 0.6031
2025-06-09 06:44:08,496 [INFO] src.federated.client: Client vqc_client_0 - Epoch 3/3 completed. Average Loss: 0.5862
2025-06-09 06:44:08,497 [INFO] src.federated.client: Client vqc_client_0: Local training finished. Processed 453 samples.
2025-06-09 06:44:08,499 [INFO] src.federated.server: Aggregating updates from 3 clients using QuantumAggregationStrategy.
2025-06-09 06:44:08,499 [INFO] src.core.quantum_manager: QuantumAggregationStrategy: Detected nn.Module (QNN/VQC/Hybrid) state_dict. Delegating to base strategy: FedAvg
2025-06-09 06:44:08,500 [INFO] src.federated.aggregation: FedAvg: Aggregating updates from 3 clients.
2025-06-09 06:44:08,500 [INFO] src.federated.aggregation: FedAvg: Aggregation complete.
2025-06-09 06:44:08,502 [INFO] src.federated.server: Global model updated with aggregated parameters.
2025-06-09 06:44:08,502 [INFO] src.federated.server: Evaluating updated global model...
2025-06-09 06:44:08,502 [INFO] src.core.quantum_manager: Server: Starting evaluation of global model (type: vqc).
2025-06-09 06:44:09,345 [INFO] src.core.quantum_manager: Evaluation results: Loss=0.5722, Accuracy=0.6491
2025-06-09 06:44:09,345 [INFO] src.federated.server: Round 2 completed in 76.65s. Eval Metrics: {'loss': 0.5721953584436785, 'accuracy': 0.6491228070175439}
2025-06-09 06:44:09,345 [INFO] src.federated.server: ===== Starting Round 3/5 =====
2025-06-09 06:44:09,345 [INFO] src.federated.server: Starting federated training round...
2025-06-09 06:44:09,346 [INFO] src.federated.server: Selected 3 clients out of 3 available (fraction=0.1, min_clients=3): ['vqc_client_0', 'vqc_client_2', 'vqc_client_1']
2025-06-09 06:44:09,347 [INFO] src.core.quantum_client: Client vqc_client_0: Starting local training for 3 epochs (model type: vqc). Proximal term mu=0.01.
2025-06-09 06:44:09,348 [INFO] src.federated.client: Client vqc_client_0: Starting local training for 3 epochs. Proximal term mu=0.01.
2025-06-09 06:44:18,185 [INFO] src.federated.client: Client vqc_client_0 - Epoch 1/3 completed. Average Loss: 0.5714
2025-06-09 06:44:29,091 [INFO] src.federated.client: Client vqc_client_0 - Epoch 2/3 completed. Average Loss: 0.5564
2025-06-09 06:44:35,652 [INFO] src.federated.client: Client vqc_client_0 - Epoch 3/3 completed. Average Loss: 0.5407
2025-06-09 06:44:35,652 [INFO] src.federated.client: Client vqc_client_0: Local training finished. Processed 453 samples.
2025-06-09 06:44:35,655 [INFO] src.core.quantum_client: Client vqc_client_2: Starting local training for 3 epochs (model type: vqc). Proximal term mu=0.01.
2025-06-09 06:44:35,655 [INFO] src.federated.client: Client vqc_client_2: Starting local training for 3 epochs. Proximal term mu=0.01.
2025-06-09 06:44:42,967 [INFO] src.federated.client: Client vqc_client_2 - Epoch 1/3 completed. Average Loss: 0.5723
2025-06-09 06:44:51,378 [INFO] src.federated.client: Client vqc_client_2 - Epoch 2/3 completed. Average Loss: 0.5586
2025-06-09 06:45:01,631 [INFO] src.federated.client: Client vqc_client_2 - Epoch 3/3 completed. Average Loss: 0.5435
2025-06-09 06:45:01,631 [INFO] src.federated.client: Client vqc_client_2: Local training finished. Processed 459 samples.
2025-06-09 06:45:01,634 [INFO] src.core.quantum_client: Client vqc_client_1: Starting local training for 3 epochs (model type: vqc). Proximal term mu=0.01.
2025-06-09 06:45:01,635 [INFO] src.federated.client: Client vqc_client_1: Starting local training for 3 epochs. Proximal term mu=0.01.
2025-06-09 06:45:08,387 [INFO] src.federated.client: Client vqc_client_1 - Epoch 1/3 completed. Average Loss: 0.5830
2025-06-09 06:45:16,058 [INFO] src.federated.client: Client vqc_client_1 - Epoch 2/3 completed. Average Loss: 0.5658
2025-06-09 06:45:23,932 [INFO] src.federated.client: Client vqc_client_1 - Epoch 3/3 completed. Average Loss: 0.5467
2025-06-09 06:45:23,933 [INFO] src.federated.client: Client vqc_client_1: Local training finished. Processed 453 samples.
2025-06-09 06:45:23,935 [INFO] src.federated.server: Aggregating updates from 3 clients using QuantumAggregationStrategy.
2025-06-09 06:45:23,936 [INFO] src.core.quantum_manager: QuantumAggregationStrategy: Detected nn.Module (QNN/VQC/Hybrid) state_dict. Delegating to base strategy: FedAvg
2025-06-09 06:45:23,936 [INFO] src.federated.aggregation: FedAvg: Aggregating updates from 3 clients.
2025-06-09 06:45:23,936 [INFO] src.federated.aggregation: FedAvg: Aggregation complete.
2025-06-09 06:45:23,937 [INFO] src.federated.server: Global model updated with aggregated parameters.
2025-06-09 06:45:23,937 [INFO] src.federated.server: Evaluating updated global model...
2025-06-09 06:45:23,937 [INFO] src.core.quantum_manager: Server: Starting evaluation of global model (type: vqc).
2025-06-09 06:45:24,558 [INFO] src.core.quantum_manager: Evaluation results: Loss=0.5220, Accuracy=0.7193
2025-06-09 06:45:24,559 [INFO] src.federated.server: Round 3 completed in 75.21s. Eval Metrics: {'loss': 0.5220318206569605, 'accuracy': 0.7192982456140351}
2025-06-09 06:45:24,559 [INFO] src.federated.server: ===== Starting Round 4/5 =====
2025-06-09 06:45:24,559 [INFO] src.federated.server: Starting federated training round...
2025-06-09 06:45:24,559 [INFO] src.federated.server: Selected 3 clients out of 3 available (fraction=0.1, min_clients=3): ['vqc_client_2', 'vqc_client_0', 'vqc_client_1']
2025-06-09 06:45:24,560 [INFO] src.core.quantum_client: Client vqc_client_2: Starting local training for 3 epochs (model type: vqc). Proximal term mu=0.01.
2025-06-09 06:45:24,560 [INFO] src.federated.client: Client vqc_client_2: Starting local training for 3 epochs. Proximal term mu=0.01.
2025-06-09 06:45:35,671 [INFO] src.federated.client: Client vqc_client_2 - Epoch 1/3 completed. Average Loss: 0.5263
2025-06-09 06:45:42,725 [INFO] src.federated.client: Client vqc_client_2 - Epoch 2/3 completed. Average Loss: 0.5094
2025-06-09 06:45:49,898 [INFO] src.federated.client: Client vqc_client_2 - Epoch 3/3 completed. Average Loss: 0.4916
2025-06-09 06:45:49,899 [INFO] src.federated.client: Client vqc_client_2: Local training finished. Processed 459 samples.
2025-06-09 06:45:49,901 [INFO] src.core.quantum_client: Client vqc_client_0: Starting local training for 3 epochs (model type: vqc). Proximal term mu=0.01.
2025-06-09 06:45:49,901 [INFO] src.federated.client: Client vqc_client_0: Starting local training for 3 epochs. Proximal term mu=0.01.
2025-06-09 06:45:57,256 [INFO] src.federated.client: Client vqc_client_0 - Epoch 1/3 completed. Average Loss: 0.5236
2025-06-09 06:46:04,043 [INFO] src.federated.client: Client vqc_client_0 - Epoch 2/3 completed. Average Loss: 0.5059
2025-06-09 06:46:10,694 [INFO] src.federated.client: Client vqc_client_0 - Epoch 3/3 completed. Average Loss: 0.4869
2025-06-09 06:46:10,694 [INFO] src.federated.client: Client vqc_client_0: Local training finished. Processed 453 samples.
2025-06-09 06:46:10,697 [INFO] src.core.quantum_client: Client vqc_client_1: Starting local training for 3 epochs (model type: vqc). Proximal term mu=0.01.
2025-06-09 06:46:10,697 [INFO] src.federated.client: Client vqc_client_1: Starting local training for 3 epochs. Proximal term mu=0.01.
2025-06-09 06:46:18,707 [INFO] src.federated.client: Client vqc_client_1 - Epoch 1/3 completed. Average Loss: 0.5313
2025-06-09 06:46:30,131 [INFO] src.federated.client: Client vqc_client_1 - Epoch 2/3 completed. Average Loss: 0.5098
2025-06-09 06:46:38,116 [INFO] src.federated.client: Client vqc_client_1 - Epoch 3/3 completed. Average Loss: 0.4880
2025-06-09 06:46:38,117 [INFO] src.federated.client: Client vqc_client_1: Local training finished. Processed 453 samples.
2025-06-09 06:46:38,119 [INFO] src.federated.server: Aggregating updates from 3 clients using QuantumAggregationStrategy.
2025-06-09 06:46:38,120 [INFO] src.core.quantum_manager: QuantumAggregationStrategy: Detected nn.Module (QNN/VQC/Hybrid) state_dict. Delegating to base strategy: FedAvg
2025-06-09 06:46:38,120 [INFO] src.federated.aggregation: FedAvg: Aggregating updates from 3 clients.
2025-06-09 06:46:38,120 [INFO] src.federated.aggregation: FedAvg: Aggregation complete.
2025-06-09 06:46:38,122 [INFO] src.federated.server: Global model updated with aggregated parameters.
2025-06-09 06:46:38,122 [INFO] src.federated.server: Evaluating updated global model...
2025-06-09 06:46:38,122 [INFO] src.core.quantum_manager: Server: Starting evaluation of global model (type: vqc).
2025-06-09 06:46:38,734 [INFO] src.core.quantum_manager: Evaluation results: Loss=0.4635, Accuracy=0.8421
2025-06-09 06:46:38,734 [INFO] src.federated.server: Round 4 completed in 74.17s. Eval Metrics: {'loss': 0.46352268415584896, 'accuracy': 0.8421052631578947}
2025-06-09 06:46:38,734 [INFO] src.federated.server: ===== Starting Round 5/5 =====
2025-06-09 06:46:38,734 [INFO] src.federated.server: Starting federated training round...
2025-06-09 06:46:38,734 [INFO] src.federated.server: Selected 3 clients out of 3 available (fraction=0.1, min_clients=3): ['vqc_client_0', 'vqc_client_2', 'vqc_client_1']
2025-06-09 06:46:38,736 [INFO] src.core.quantum_client: Client vqc_client_0: Starting local training for 3 epochs (model type: vqc). Proximal term mu=0.01.
2025-06-09 06:46:38,736 [INFO] src.federated.client: Client vqc_client_0: Starting local training for 3 epochs. Proximal term mu=0.01.
2025-06-09 06:46:45,646 [INFO] src.federated.client: Client vqc_client_0 - Epoch 1/3 completed. Average Loss: 0.4648
2025-06-09 06:46:53,803 [INFO] src.federated.client: Client vqc_client_0 - Epoch 2/3 completed. Average Loss: 0.4435
2025-06-09 06:47:01,323 [INFO] src.federated.client: Client vqc_client_0 - Epoch 3/3 completed. Average Loss: 0.4210
2025-06-09 06:47:01,323 [INFO] src.federated.client: Client vqc_client_0: Local training finished. Processed 453 samples.
2025-06-09 06:47:01,326 [INFO] src.core.quantum_client: Client vqc_client_2: Starting local training for 3 epochs (model type: vqc). Proximal term mu=0.01.
2025-06-09 06:47:01,326 [INFO] src.federated.client: Client vqc_client_2: Starting local training for 3 epochs. Proximal term mu=0.01.
2025-06-09 06:47:09,064 [INFO] src.federated.client: Client vqc_client_2 - Epoch 1/3 completed. Average Loss: 0.4704
2025-06-09 06:47:16,121 [INFO] src.federated.client: Client vqc_client_2 - Epoch 2/3 completed. Average Loss: 0.4513
2025-06-09 06:47:23,950 [INFO] src.federated.client: Client vqc_client_2 - Epoch 3/3 completed. Average Loss: 0.4304
2025-06-09 06:47:23,950 [INFO] src.federated.client: Client vqc_client_2: Local training finished. Processed 459 samples.
2025-06-09 06:47:23,953 [INFO] src.core.quantum_client: Client vqc_client_1: Starting local training for 3 epochs (model type: vqc). Proximal term mu=0.01.
2025-06-09 06:47:23,953 [INFO] src.federated.client: Client vqc_client_1: Starting local training for 3 epochs. Proximal term mu=0.01.
2025-06-09 06:47:33,815 [INFO] src.federated.client: Client vqc_client_1 - Epoch 1/3 completed. Average Loss: 0.4693
2025-06-09 06:47:40,941 [INFO] src.federated.client: Client vqc_client_1 - Epoch 2/3 completed. Average Loss: 0.4440
2025-06-09 06:47:48,994 [INFO] src.federated.client: Client vqc_client_1 - Epoch 3/3 completed. Average Loss: 0.4207
2025-06-09 06:47:48,995 [INFO] src.federated.client: Client vqc_client_1: Local training finished. Processed 453 samples.
2025-06-09 06:47:48,996 [INFO] src.federated.server: Aggregating updates from 3 clients using QuantumAggregationStrategy.
2025-06-09 06:47:48,997 [INFO] src.core.quantum_manager: QuantumAggregationStrategy: Detected nn.Module (QNN/VQC/Hybrid) state_dict. Delegating to base strategy: FedAvg
2025-06-09 06:47:48,997 [INFO] src.federated.aggregation: FedAvg: Aggregating updates from 3 clients.
2025-06-09 06:47:48,997 [INFO] src.federated.aggregation: FedAvg: Aggregation complete.
2025-06-09 06:47:48,998 [INFO] src.federated.server: Global model updated with aggregated parameters.
2025-06-09 06:47:48,998 [INFO] src.federated.server: Evaluating updated global model...
2025-06-09 06:47:48,999 [INFO] src.core.quantum_manager: Server: Starting evaluation of global model (type: vqc).
2025-06-09 06:47:49,650 [INFO] src.core.quantum_manager: Evaluation results: Loss=0.3985, Accuracy=0.8860
2025-06-09 06:47:49,650 [INFO] src.federated.server: Round 5 completed in 70.92s. Eval Metrics: {'loss': 0.3984732204361966, 'accuracy': 0.8859649122807017}
2025-06-09 06:47:49,650 [INFO] src.federated.server: Federated training process completed after 5 rounds.
2025-06-09 06:47:49,650 [INFO] BC_ExperimentRunner: ========== Finished BC_VQC_FedProx_IID_PCA4_L2_Basic ==========

2025-06-09 06:47:49,650 [INFO] BC_ExperimentRunner: ========== Starting BC_VQC_FedDive_IID_PCA4_L2_Basic ==========
2025-06-09 06:47:49,650 [INFO] BC_ExperimentRunner: --- Setting up experiment: BC_VQC_FedDive_IID_PCA4_L2_Basic for dataset breast_cancer ---
2025-06-09 06:47:49,651 [INFO] src.utils.data_utils: Set all random seeds to 42
2025-06-09 06:47:49,651 [INFO] BC_ExperimentRunner: Experiment 'BC_VQC_FedDive_IID_PCA4_L2_Basic' will use tensor_dtype: torch.float32
2025-06-09 06:47:49,651 [INFO] src.utils.data_utils: Loading dataset: breast_cancer, PCA features=4, Scaling=minmax, Subset size=None, Dtype=torch.float32
2025-06-09 06:47:49,651 [INFO] src.utils.data_utils: Set all random seeds to 42
2025-06-09 06:47:49,657 [INFO] src.utils.data_utils: Applying PCA to reduce features to 4
2025-06-09 06:47:49,658 [INFO] src.utils.data_utils: PCA applied. New feature count: 4. Explained variance: 0.8393
2025-06-09 06:47:49,659 [INFO] src.utils.data_utils: Data preparation complete for 'breast_cancer'. Train size: 455, Test size: 114, Features: 4, Classes: 2
2025-06-09 06:47:49,662 [INFO] BC_ExperimentRunner: Successfully loaded configuration from /home/dhanraj/quantum_federated_simulator/configs/federated/server_config.yaml
2025-06-09 06:47:49,665 [INFO] BC_ExperimentRunner: Successfully loaded configuration from /home/dhanraj/quantum_federated_simulator/configs/federated/client_config.yaml
2025-06-09 06:47:49,668 [INFO] BC_ExperimentRunner: Successfully loaded configuration from /home/dhanraj/quantum_federated_simulator/configs/federated/default_aggregation.yaml
2025-06-09 06:47:49,668 [INFO] BC_ExperimentRunner: Creating model of type: vqc with n_features=4, n_classes=2, initial_dtype_request=torch.float32
2025-06-09 06:47:49,669 [INFO] src.quantum.models: Initializing VQC (TorchLayer): qubits=4, layers=2, circuit='basic', device='lightning.qubit', shots=None, diff_method='best'
2025-06-09 06:47:49,669 [INFO] src.quantum.circuits: Creating basic circuit with 4 qubits, 2 layers.
2025-06-09 06:47:49,669 [INFO] src.quantum.circuits: Basic circuit expects 24 trainable parameters.
2025-06-09 06:47:49,669 [INFO] src.quantum.models: VQC circuit requires 24 parameters.
2025-06-09 06:47:49,669 [INFO] src.quantum.models: VariationalQuantumClassifier: Using 'lightning.qubit' with no shots. Defaulting to 'adjoint'.
2025-06-09 06:47:49,669 [INFO] src.quantum.models: VariationalQuantumClassifier attempting to use differentiation method: adjoint
2025-06-09 06:47:49,675 [INFO] src.quantum.models: VQC raw circuit output dimension: 4
2025-06-09 06:47:49,675 [INFO] src.quantum.models: VQC: Added Linear head: 4 -> 2 logits for CrossEntropyLoss.
2025-06-09 06:47:49,675 [INFO] src.federated.aggregation: Creating aggregation strategy of type: feddive
2025-06-09 06:47:49,676 [INFO] src.federated.aggregation: FedDive parameters: momentum=0.9, epsilon=1e-08, temperature=1.0, normalize_distances=True
2025-06-09 06:47:49,676 [INFO] BC_ExperimentRunner: Using aggregation strategy: QuantumAggregationStrategy (base: FedDive)
2025-06-09 06:47:49,676 [INFO] src.core.quantum_manager: QuantumServer: Initializing with global model type 'vqc'.
2025-06-09 06:47:49,677 [INFO] src.federated.server: Federated server initialized on device 'cuda' with aggregation strategy: QuantumAggregationStrategy
2025-06-09 06:47:49,678 [INFO] BC_ExperimentRunner: Creating model of type: vqc with n_features=4, n_classes=2, initial_dtype_request=torch.float32
2025-06-09 06:47:49,678 [INFO] src.quantum.models: Initializing VQC (TorchLayer): qubits=4, layers=2, circuit='basic', device='lightning.qubit', shots=None, diff_method='best'
2025-06-09 06:47:49,678 [INFO] src.quantum.circuits: Creating basic circuit with 4 qubits, 2 layers.
2025-06-09 06:47:49,678 [INFO] src.quantum.circuits: Basic circuit expects 24 trainable parameters.
2025-06-09 06:47:49,679 [INFO] src.quantum.models: VQC circuit requires 24 parameters.
2025-06-09 06:47:49,679 [INFO] src.quantum.models: VariationalQuantumClassifier: Using 'lightning.qubit' with no shots. Defaulting to 'adjoint'.
2025-06-09 06:47:49,679 [INFO] src.quantum.models: VariationalQuantumClassifier attempting to use differentiation method: adjoint
2025-06-09 06:47:49,686 [INFO] src.quantum.models: VQC raw circuit output dimension: 4
2025-06-09 06:47:49,687 [INFO] src.quantum.models: VQC: Added Linear head: 4 -> 2 logits for CrossEntropyLoss.
2025-06-09 06:47:49,687 [INFO] src.core.quantum_client: QuantumClient vqc_client_0: Initializing with model type 'vqc'.
2025-06-09 06:47:49,689 [INFO] src.federated.client: Client vqc_client_0 initialized on device 'cuda' with 151 samples.
2025-06-09 06:47:49,689 [INFO] BC_ExperimentRunner: Creating model of type: vqc with n_features=4, n_classes=2, initial_dtype_request=torch.float32
2025-06-09 06:47:49,689 [INFO] src.quantum.models: Initializing VQC (TorchLayer): qubits=4, layers=2, circuit='basic', device='lightning.qubit', shots=None, diff_method='best'
2025-06-09 06:47:49,689 [INFO] src.quantum.circuits: Creating basic circuit with 4 qubits, 2 layers.
2025-06-09 06:47:49,690 [INFO] src.quantum.circuits: Basic circuit expects 24 trainable parameters.
2025-06-09 06:47:49,690 [INFO] src.quantum.models: VQC circuit requires 24 parameters.
2025-06-09 06:47:49,690 [INFO] src.quantum.models: VariationalQuantumClassifier: Using 'lightning.qubit' with no shots. Defaulting to 'adjoint'.
2025-06-09 06:47:49,690 [INFO] src.quantum.models: VariationalQuantumClassifier attempting to use differentiation method: adjoint
2025-06-09 06:47:49,698 [INFO] src.quantum.models: VQC raw circuit output dimension: 4
2025-06-09 06:47:49,698 [INFO] src.quantum.models: VQC: Added Linear head: 4 -> 2 logits for CrossEntropyLoss.
2025-06-09 06:47:49,699 [INFO] src.core.quantum_client: QuantumClient vqc_client_1: Initializing with model type 'vqc'.
2025-06-09 06:47:49,700 [INFO] src.federated.client: Client vqc_client_1 initialized on device 'cuda' with 151 samples.
2025-06-09 06:47:49,700 [INFO] BC_ExperimentRunner: Creating model of type: vqc with n_features=4, n_classes=2, initial_dtype_request=torch.float32
2025-06-09 06:47:49,701 [INFO] src.quantum.models: Initializing VQC (TorchLayer): qubits=4, layers=2, circuit='basic', device='lightning.qubit', shots=None, diff_method='best'
2025-06-09 06:47:49,701 [INFO] src.quantum.circuits: Creating basic circuit with 4 qubits, 2 layers.
2025-06-09 06:47:49,701 [INFO] src.quantum.circuits: Basic circuit expects 24 trainable parameters.
2025-06-09 06:47:49,702 [INFO] src.quantum.models: VQC circuit requires 24 parameters.
2025-06-09 06:47:49,702 [INFO] src.quantum.models: VariationalQuantumClassifier: Using 'lightning.qubit' with no shots. Defaulting to 'adjoint'.
2025-06-09 06:47:49,702 [INFO] src.quantum.models: VariationalQuantumClassifier attempting to use differentiation method: adjoint
2025-06-09 06:47:49,709 [INFO] src.quantum.models: VQC raw circuit output dimension: 4
2025-06-09 06:47:49,710 [INFO] src.quantum.models: VQC: Added Linear head: 4 -> 2 logits for CrossEntropyLoss.
2025-06-09 06:47:49,710 [INFO] src.core.quantum_client: QuantumClient vqc_client_2: Initializing with model type 'vqc'.
2025-06-09 06:47:49,711 [INFO] src.federated.client: Client vqc_client_2 initialized on device 'cuda' with 153 samples.
2025-06-09 06:47:49,711 [INFO] src.federated.server: Registered client 'vqc_client_0'. Total clients: 1.
2025-06-09 06:47:49,712 [INFO] src.federated.server: Registered client 'vqc_client_1'. Total clients: 2.
2025-06-09 06:47:49,712 [INFO] src.federated.server: Registered client 'vqc_client_2'. Total clients: 3.
2025-06-09 06:47:49,712 [INFO] BC_ExperimentRunner: --- Scenario setup complete for BC_VQC_FedDive_IID_PCA4_L2_Basic ---
2025-06-09 06:47:49,713 [INFO] src.federated.server: Starting federated training process for 5 rounds.
2025-06-09 06:47:49,713 [INFO] src.federated.server: Config: local_epochs=3, client_fraction=0.1, min_clients=3, FedProx mu=0.0
2025-06-09 06:47:49,713 [INFO] src.federated.server: Performing initial evaluation of global model...
2025-06-09 06:47:49,713 [INFO] src.core.quantum_manager: Server: Starting evaluation of global model (type: vqc).
2025-06-09 06:47:50,317 [INFO] src.core.quantum_manager: Evaluation results: Loss=0.6952, Accuracy=0.4298
2025-06-09 06:47:50,317 [INFO] src.federated.server: Initial Evaluation Metrics: {'loss': 0.6951935155349865, 'accuracy': 0.4298245614035088}
2025-06-09 06:47:50,317 [INFO] src.federated.server: ===== Starting Round 1/5 =====
2025-06-09 06:47:50,318 [INFO] src.federated.server: Starting federated training round...
2025-06-09 06:47:50,318 [INFO] src.federated.server: Selected 3 clients out of 3 available (fraction=0.1, min_clients=3): ['vqc_client_2', 'vqc_client_0', 'vqc_client_1']
2025-06-09 06:47:50,319 [INFO] src.core.quantum_client: Client vqc_client_2: Starting local training for 3 epochs (model type: vqc). Proximal term mu=0.0.
2025-06-09 06:47:50,319 [INFO] src.federated.client: Client vqc_client_2: Starting local training for 3 epochs. Proximal term mu=0.0.
2025-06-09 06:47:56,779 [INFO] src.federated.client: Client vqc_client_2 - Epoch 1/3 completed. Average Loss: 0.6858
2025-06-09 06:48:09,485 [INFO] src.federated.client: Client vqc_client_2 - Epoch 2/3 completed. Average Loss: 0.6605
2025-06-09 06:48:16,677 [INFO] src.federated.client: Client vqc_client_2 - Epoch 3/3 completed. Average Loss: 0.6349
2025-06-09 06:48:16,678 [INFO] src.federated.client: Client vqc_client_2: Local training finished. Processed 459 samples.
2025-06-09 06:48:16,681 [INFO] src.core.quantum_client: Client vqc_client_0: Starting local training for 3 epochs (model type: vqc). Proximal term mu=0.0.
2025-06-09 06:48:16,681 [INFO] src.federated.client: Client vqc_client_0: Starting local training for 3 epochs. Proximal term mu=0.0.
2025-06-09 06:48:24,416 [INFO] src.federated.client: Client vqc_client_0 - Epoch 1/3 completed. Average Loss: 0.6855
2025-06-09 06:48:32,899 [INFO] src.federated.client: Client vqc_client_0 - Epoch 2/3 completed. Average Loss: 0.6584
2025-06-09 06:48:41,092 [INFO] src.federated.client: Client vqc_client_0 - Epoch 3/3 completed. Average Loss: 0.6362
2025-06-09 06:48:41,092 [INFO] src.federated.client: Client vqc_client_0: Local training finished. Processed 453 samples.
2025-06-09 06:48:41,094 [INFO] src.core.quantum_client: Client vqc_client_1: Starting local training for 3 epochs (model type: vqc). Proximal term mu=0.0.
2025-06-09 06:48:41,095 [INFO] src.federated.client: Client vqc_client_1: Starting local training for 3 epochs. Proximal term mu=0.0.
2025-06-09 06:48:47,862 [INFO] src.federated.client: Client vqc_client_1 - Epoch 1/3 completed. Average Loss: 0.6850
2025-06-09 06:48:55,621 [INFO] src.federated.client: Client vqc_client_1 - Epoch 2/3 completed. Average Loss: 0.6633
2025-06-09 06:49:02,346 [INFO] src.federated.client: Client vqc_client_1 - Epoch 3/3 completed. Average Loss: 0.6450
2025-06-09 06:49:02,347 [INFO] src.federated.client: Client vqc_client_1: Local training finished. Processed 453 samples.
2025-06-09 06:49:02,349 [INFO] src.federated.server: Aggregating updates from 3 clients using QuantumAggregationStrategy.
2025-06-09 06:49:02,349 [INFO] src.core.quantum_manager: QuantumAggregationStrategy: Detected nn.Module (QNN/VQC/Hybrid) state_dict. Delegating to base strategy: FedDive
2025-06-09 06:49:02,349 [INFO] src.federated.aggregation: FedDive: Aggregating updates from 3 clients (momentum=0.9).
2025-06-09 06:49:02,350 [INFO] src.federated.aggregation: FedDive: Initializing velocity and previous parameters.
2025-06-09 06:49:02,352 [INFO] src.federated.aggregation: FedDive: Aggregation complete.
2025-06-09 06:49:02,352 [INFO] src.federated.server: Global model updated with aggregated parameters.
2025-06-09 06:49:02,352 [INFO] src.federated.server: Evaluating updated global model...
2025-06-09 06:49:02,352 [INFO] src.core.quantum_manager: Server: Starting evaluation of global model (type: vqc).
2025-06-09 06:49:02,924 [INFO] src.core.quantum_manager: Evaluation results: Loss=0.6216, Accuracy=0.6491
2025-06-09 06:49:02,924 [INFO] src.federated.server: Round 1 completed in 72.61s. Eval Metrics: {'loss': 0.6216186933350145, 'accuracy': 0.6491228070175439}
2025-06-09 06:49:02,924 [INFO] src.federated.server: ===== Starting Round 2/5 =====
2025-06-09 06:49:02,924 [INFO] src.federated.server: Starting federated training round...
2025-06-09 06:49:02,924 [INFO] src.federated.server: Selected 3 clients out of 3 available (fraction=0.1, min_clients=3): ['vqc_client_2', 'vqc_client_1', 'vqc_client_0']
2025-06-09 06:49:02,925 [INFO] src.core.quantum_client: Client vqc_client_2: Starting local training for 3 epochs (model type: vqc). Proximal term mu=0.0.
2025-06-09 06:49:02,925 [INFO] src.federated.client: Client vqc_client_2: Starting local training for 3 epochs. Proximal term mu=0.0.
2025-06-09 06:49:10,972 [INFO] src.federated.client: Client vqc_client_2 - Epoch 1/3 completed. Average Loss: 0.6184
2025-06-09 06:49:17,450 [INFO] src.federated.client: Client vqc_client_2 - Epoch 2/3 completed. Average Loss: 0.6031
2025-06-09 06:49:24,885 [INFO] src.federated.client: Client vqc_client_2 - Epoch 3/3 completed. Average Loss: 0.5860
2025-06-09 06:49:24,886 [INFO] src.federated.client: Client vqc_client_2: Local training finished. Processed 459 samples.
2025-06-09 06:49:24,888 [INFO] src.core.quantum_client: Client vqc_client_1: Starting local training for 3 epochs (model type: vqc). Proximal term mu=0.0.
2025-06-09 06:49:24,888 [INFO] src.federated.client: Client vqc_client_1: Starting local training for 3 epochs. Proximal term mu=0.0.
2025-06-09 06:49:32,075 [INFO] src.federated.client: Client vqc_client_1 - Epoch 1/3 completed. Average Loss: 0.6261
2025-06-09 06:49:40,511 [INFO] src.federated.client: Client vqc_client_1 - Epoch 2/3 completed. Average Loss: 0.6113
2025-06-09 06:49:51,012 [INFO] src.federated.client: Client vqc_client_1 - Epoch 3/3 completed. Average Loss: 0.5968
2025-06-09 06:49:51,013 [INFO] src.federated.client: Client vqc_client_1: Local training finished. Processed 453 samples.
2025-06-09 06:49:51,015 [INFO] src.core.quantum_client: Client vqc_client_0: Starting local training for 3 epochs (model type: vqc). Proximal term mu=0.0.
2025-06-09 06:49:51,016 [INFO] src.federated.client: Client vqc_client_0: Starting local training for 3 epochs. Proximal term mu=0.0.
2025-06-09 06:49:59,666 [INFO] src.federated.client: Client vqc_client_0 - Epoch 1/3 completed. Average Loss: 0.6183
2025-06-09 06:50:06,363 [INFO] src.federated.client: Client vqc_client_0 - Epoch 2/3 completed. Average Loss: 0.6017
2025-06-09 06:50:13,349 [INFO] src.federated.client: Client vqc_client_0 - Epoch 3/3 completed. Average Loss: 0.5852
2025-06-09 06:50:13,350 [INFO] src.federated.client: Client vqc_client_0: Local training finished. Processed 453 samples.
2025-06-09 06:50:13,352 [INFO] src.federated.server: Aggregating updates from 3 clients using QuantumAggregationStrategy.
2025-06-09 06:50:13,352 [INFO] src.core.quantum_manager: QuantumAggregationStrategy: Detected nn.Module (QNN/VQC/Hybrid) state_dict. Delegating to base strategy: FedDive
2025-06-09 06:50:13,352 [INFO] src.federated.aggregation: FedDive: Aggregating updates from 3 clients (momentum=0.9).
2025-06-09 06:50:13,353 [INFO] src.federated.aggregation: FedDive: Aggregation complete.
2025-06-09 06:50:13,353 [INFO] src.federated.server: Global model updated with aggregated parameters.
2025-06-09 06:50:13,354 [INFO] src.federated.server: Evaluating updated global model...
2025-06-09 06:50:13,354 [INFO] src.core.quantum_manager: Server: Starting evaluation of global model (type: vqc).
2025-06-09 06:50:13,904 [INFO] src.core.quantum_manager: Evaluation results: Loss=0.5724, Accuracy=0.6491
2025-06-09 06:50:13,904 [INFO] src.federated.server: Round 2 completed in 70.98s. Eval Metrics: {'loss': 0.5724462657644037, 'accuracy': 0.6491228070175439}
2025-06-09 06:50:13,904 [INFO] src.federated.server: ===== Starting Round 3/5 =====
2025-06-09 06:50:13,904 [INFO] src.federated.server: Starting federated training round...
2025-06-09 06:50:13,904 [INFO] src.federated.server: Selected 3 clients out of 3 available (fraction=0.1, min_clients=3): ['vqc_client_0', 'vqc_client_2', 'vqc_client_1']
2025-06-09 06:50:13,905 [INFO] src.core.quantum_client: Client vqc_client_0: Starting local training for 3 epochs (model type: vqc). Proximal term mu=0.0.
2025-06-09 06:50:13,905 [INFO] src.federated.client: Client vqc_client_0: Starting local training for 3 epochs. Proximal term mu=0.0.
2025-06-09 06:50:24,917 [INFO] src.federated.client: Client vqc_client_0 - Epoch 1/3 completed. Average Loss: 0.5716
2025-06-09 06:50:31,654 [INFO] src.federated.client: Client vqc_client_0 - Epoch 2/3 completed. Average Loss: 0.5571
2025-06-09 06:50:38,189 [INFO] src.federated.client: Client vqc_client_0 - Epoch 3/3 completed. Average Loss: 0.5414
2025-06-09 06:50:38,189 [INFO] src.federated.client: Client vqc_client_0: Local training finished. Processed 453 samples.
2025-06-09 06:50:38,191 [INFO] src.core.quantum_client: Client vqc_client_2: Starting local training for 3 epochs (model type: vqc). Proximal term mu=0.0.
2025-06-09 06:50:38,192 [INFO] src.federated.client: Client vqc_client_2: Starting local training for 3 epochs. Proximal term mu=0.0.
2025-06-09 06:50:45,274 [INFO] src.federated.client: Client vqc_client_2 - Epoch 1/3 completed. Average Loss: 0.5722
2025-06-09 06:50:53,283 [INFO] src.federated.client: Client vqc_client_2 - Epoch 2/3 completed. Average Loss: 0.5589
2025-06-09 06:51:02,737 [INFO] src.federated.client: Client vqc_client_2 - Epoch 3/3 completed. Average Loss: 0.5440
2025-06-09 06:51:02,737 [INFO] src.federated.client: Client vqc_client_2: Local training finished. Processed 459 samples.
2025-06-09 06:51:02,740 [INFO] src.core.quantum_client: Client vqc_client_1: Starting local training for 3 epochs (model type: vqc). Proximal term mu=0.0.
2025-06-09 06:51:02,741 [INFO] src.federated.client: Client vqc_client_1: Starting local training for 3 epochs. Proximal term mu=0.0.
2025-06-09 06:51:09,231 [INFO] src.federated.client: Client vqc_client_1 - Epoch 1/3 completed. Average Loss: 0.5850
2025-06-09 06:51:17,243 [INFO] src.federated.client: Client vqc_client_1 - Epoch 2/3 completed. Average Loss: 0.5678
2025-06-09 06:51:24,144 [INFO] src.federated.client: Client vqc_client_1 - Epoch 3/3 completed. Average Loss: 0.5480
2025-06-09 06:51:24,145 [INFO] src.federated.client: Client vqc_client_1: Local training finished. Processed 453 samples.
2025-06-09 06:51:24,147 [INFO] src.federated.server: Aggregating updates from 3 clients using QuantumAggregationStrategy.
2025-06-09 06:51:24,147 [INFO] src.core.quantum_manager: QuantumAggregationStrategy: Detected nn.Module (QNN/VQC/Hybrid) state_dict. Delegating to base strategy: FedDive
2025-06-09 06:51:24,147 [INFO] src.federated.aggregation: FedDive: Aggregating updates from 3 clients (momentum=0.9).
2025-06-09 06:51:24,148 [INFO] src.federated.aggregation: FedDive: Aggregation complete.
2025-06-09 06:51:24,149 [INFO] src.federated.server: Global model updated with aggregated parameters.
2025-06-09 06:51:24,149 [INFO] src.federated.server: Evaluating updated global model...
2025-06-09 06:51:24,149 [INFO] src.core.quantum_manager: Server: Starting evaluation of global model (type: vqc).
2025-06-09 06:51:24,742 [INFO] src.core.quantum_manager: Evaluation results: Loss=0.5249, Accuracy=0.6930
2025-06-09 06:51:24,742 [INFO] src.federated.server: Round 3 completed in 70.84s. Eval Metrics: {'loss': 0.5249170211323521, 'accuracy': 0.6929824561403509}
2025-06-09 06:51:24,742 [INFO] src.federated.server: ===== Starting Round 4/5 =====
2025-06-09 06:51:24,742 [INFO] src.federated.server: Starting federated training round...
2025-06-09 06:51:24,742 [INFO] src.federated.server: Selected 3 clients out of 3 available (fraction=0.1, min_clients=3): ['vqc_client_2', 'vqc_client_0', 'vqc_client_1']
2025-06-09 06:51:24,743 [INFO] src.core.quantum_client: Client vqc_client_2: Starting local training for 3 epochs (model type: vqc). Proximal term mu=0.0.
2025-06-09 06:51:24,743 [INFO] src.federated.client: Client vqc_client_2: Starting local training for 3 epochs. Proximal term mu=0.0.
2025-06-09 06:51:35,211 [INFO] src.federated.client: Client vqc_client_2 - Epoch 1/3 completed. Average Loss: 0.5282
2025-06-09 06:51:44,295 [INFO] src.federated.client: Client vqc_client_2 - Epoch 2/3 completed. Average Loss: 0.5115
2025-06-09 06:51:54,465 [INFO] src.federated.client: Client vqc_client_2 - Epoch 3/3 completed. Average Loss: 0.4936
2025-06-09 06:51:54,466 [INFO] src.federated.client: Client vqc_client_2: Local training finished. Processed 459 samples.
2025-06-09 06:51:54,469 [INFO] src.core.quantum_client: Client vqc_client_0: Starting local training for 3 epochs (model type: vqc). Proximal term mu=0.0.
2025-06-09 06:51:54,470 [INFO] src.federated.client: Client vqc_client_0: Starting local training for 3 epochs. Proximal term mu=0.0.
2025-06-09 06:52:00,957 [INFO] src.federated.client: Client vqc_client_0 - Epoch 1/3 completed. Average Loss: 0.5260
2025-06-09 06:52:12,109 [INFO] src.federated.client: Client vqc_client_0 - Epoch 2/3 completed. Average Loss: 0.5085
2025-06-09 06:52:19,810 [INFO] src.federated.client: Client vqc_client_0 - Epoch 3/3 completed. Average Loss: 0.4893
2025-06-09 06:52:19,811 [INFO] src.federated.client: Client vqc_client_0: Local training finished. Processed 453 samples.
2025-06-09 06:52:19,814 [INFO] src.core.quantum_client: Client vqc_client_1: Starting local training for 3 epochs (model type: vqc). Proximal term mu=0.0.
2025-06-09 06:52:19,814 [INFO] src.federated.client: Client vqc_client_1: Starting local training for 3 epochs. Proximal term mu=0.0.
2025-06-09 06:52:27,425 [INFO] src.federated.client: Client vqc_client_1 - Epoch 1/3 completed. Average Loss: 0.5359
2025-06-09 06:52:36,063 [INFO] src.federated.client: Client vqc_client_1 - Epoch 2/3 completed. Average Loss: 0.5138
2025-06-09 06:52:47,564 [INFO] src.federated.client: Client vqc_client_1 - Epoch 3/3 completed. Average Loss: 0.4915
2025-06-09 06:52:47,564 [INFO] src.federated.client: Client vqc_client_1: Local training finished. Processed 453 samples.
2025-06-09 06:52:47,566 [INFO] src.federated.server: Aggregating updates from 3 clients using QuantumAggregationStrategy.
2025-06-09 06:52:47,566 [INFO] src.core.quantum_manager: QuantumAggregationStrategy: Detected nn.Module (QNN/VQC/Hybrid) state_dict. Delegating to base strategy: FedDive
2025-06-09 06:52:47,566 [INFO] src.federated.aggregation: FedDive: Aggregating updates from 3 clients (momentum=0.9).
2025-06-09 06:52:47,567 [INFO] src.federated.aggregation: FedDive: Aggregation complete.
2025-06-09 06:52:47,568 [INFO] src.federated.server: Global model updated with aggregated parameters.
2025-06-09 06:52:47,568 [INFO] src.federated.server: Evaluating updated global model...
2025-06-09 06:52:47,568 [INFO] src.core.quantum_manager: Server: Starting evaluation of global model (type: vqc).
2025-06-09 06:52:48,164 [INFO] src.core.quantum_manager: Evaluation results: Loss=0.4687, Accuracy=0.8158
2025-06-09 06:52:48,164 [INFO] src.federated.server: Round 4 completed in 83.42s. Eval Metrics: {'loss': 0.46865546703338623, 'accuracy': 0.8157894736842105}
2025-06-09 06:52:48,164 [INFO] src.federated.server: ===== Starting Round 5/5 =====
2025-06-09 06:52:48,164 [INFO] src.federated.server: Starting federated training round...
2025-06-09 06:52:48,164 [INFO] src.federated.server: Selected 3 clients out of 3 available (fraction=0.1, min_clients=3): ['vqc_client_0', 'vqc_client_2', 'vqc_client_1']
2025-06-09 06:52:48,165 [INFO] src.core.quantum_client: Client vqc_client_0: Starting local training for 3 epochs (model type: vqc). Proximal term mu=0.0.
2025-06-09 06:52:48,165 [INFO] src.federated.client: Client vqc_client_0: Starting local training for 3 epochs. Proximal term mu=0.0.
2025-06-09 06:52:57,553 [INFO] src.federated.client: Client vqc_client_0 - Epoch 1/3 completed. Average Loss: 0.4693
2025-06-09 06:53:06,228 [INFO] src.federated.client: Client vqc_client_0 - Epoch 2/3 completed. Average Loss: 0.4480
2025-06-09 06:53:19,150 [INFO] src.federated.client: Client vqc_client_0 - Epoch 3/3 completed. Average Loss: 0.4249
2025-06-09 06:53:19,150 [INFO] src.federated.client: Client vqc_client_0: Local training finished. Processed 453 samples.
2025-06-09 06:53:19,154 [INFO] src.core.quantum_client: Client vqc_client_2: Starting local training for 3 epochs (model type: vqc). Proximal term mu=0.0.
2025-06-09 06:53:19,154 [INFO] src.federated.client: Client vqc_client_2: Starting local training for 3 epochs. Proximal term mu=0.0.
2025-06-09 06:53:28,236 [INFO] src.federated.client: Client vqc_client_2 - Epoch 1/3 completed. Average Loss: 0.4741
2025-06-09 06:53:35,532 [INFO] src.federated.client: Client vqc_client_2 - Epoch 2/3 completed. Average Loss: 0.4551
2025-06-09 06:53:43,713 [INFO] src.federated.client: Client vqc_client_2 - Epoch 3/3 completed. Average Loss: 0.4338
2025-06-09 06:53:43,714 [INFO] src.federated.client: Client vqc_client_2: Local training finished. Processed 459 samples.
2025-06-09 06:53:43,716 [INFO] src.core.quantum_client: Client vqc_client_1: Starting local training for 3 epochs (model type: vqc). Proximal term mu=0.0.
2025-06-09 06:53:43,717 [INFO] src.federated.client: Client vqc_client_1: Starting local training for 3 epochs. Proximal term mu=0.0.
2025-06-09 06:53:53,953 [INFO] src.federated.client: Client vqc_client_1 - Epoch 1/3 completed. Average Loss: 0.4759
2025-06-09 06:54:01,048 [INFO] src.federated.client: Client vqc_client_1 - Epoch 2/3 completed. Average Loss: 0.4500
2025-06-09 06:54:08,362 [INFO] src.federated.client: Client vqc_client_1 - Epoch 3/3 completed. Average Loss: 0.4259
2025-06-09 06:54:08,362 [INFO] src.federated.client: Client vqc_client_1: Local training finished. Processed 453 samples.
2025-06-09 06:54:08,364 [INFO] src.federated.server: Aggregating updates from 3 clients using QuantumAggregationStrategy.
2025-06-09 06:54:08,364 [INFO] src.core.quantum_manager: QuantumAggregationStrategy: Detected nn.Module (QNN/VQC/Hybrid) state_dict. Delegating to base strategy: FedDive
2025-06-09 06:54:08,364 [INFO] src.federated.aggregation: FedDive: Aggregating updates from 3 clients (momentum=0.9).
2025-06-09 06:54:08,365 [INFO] src.federated.aggregation: FedDive: Aggregation complete.
2025-06-09 06:54:08,366 [INFO] src.federated.server: Global model updated with aggregated parameters.
2025-06-09 06:54:08,366 [INFO] src.federated.server: Evaluating updated global model...
2025-06-09 06:54:08,366 [INFO] src.core.quantum_manager: Server: Starting evaluation of global model (type: vqc).
2025-06-09 06:54:08,909 [INFO] src.core.quantum_manager: Evaluation results: Loss=0.4040, Accuracy=0.8684
2025-06-09 06:54:08,909 [INFO] src.federated.server: Round 5 completed in 80.74s. Eval Metrics: {'loss': 0.40399905934668423, 'accuracy': 0.868421052631579}
2025-06-09 06:54:08,909 [INFO] src.federated.server: Federated training process completed after 5 rounds.
2025-06-09 06:54:08,909 [INFO] BC_ExperimentRunner: ========== Finished BC_VQC_FedDive_IID_PCA4_L2_Basic ==========

2025-06-09 06:54:08,909 [INFO] BC_ExperimentRunner: ========== Starting BC_VQC_FedDive_NonIID_a0.5_PCA4_L2_Complex ==========
2025-06-09 06:54:08,910 [INFO] BC_ExperimentRunner: --- Setting up experiment: BC_VQC_FedDive_NonIID_a0.5_PCA4_L2_Complex for dataset breast_cancer ---
2025-06-09 06:54:08,910 [INFO] src.utils.data_utils: Set all random seeds to 42
2025-06-09 06:54:08,910 [INFO] BC_ExperimentRunner: Experiment 'BC_VQC_FedDive_NonIID_a0.5_PCA4_L2_Complex' will use tensor_dtype: torch.float32
2025-06-09 06:54:08,910 [INFO] src.utils.data_utils: Loading dataset: breast_cancer, PCA features=4, Scaling=minmax, Subset size=None, Dtype=torch.float32
2025-06-09 06:54:08,910 [INFO] src.utils.data_utils: Set all random seeds to 42
2025-06-09 06:54:08,916 [INFO] src.utils.data_utils: Applying PCA to reduce features to 4
2025-06-09 06:54:08,917 [INFO] src.utils.data_utils: PCA applied. New feature count: 4. Explained variance: 0.8393
2025-06-09 06:54:08,917 [INFO] src.utils.data_utils: Data preparation complete for 'breast_cancer'. Train size: 455, Test size: 114, Features: 4, Classes: 2
2025-06-09 06:54:08,921 [INFO] BC_ExperimentRunner: Successfully loaded configuration from /home/dhanraj/quantum_federated_simulator/configs/federated/server_config.yaml
2025-06-09 06:54:08,924 [INFO] BC_ExperimentRunner: Successfully loaded configuration from /home/dhanraj/quantum_federated_simulator/configs/federated/client_config.yaml
2025-06-09 06:54:08,926 [INFO] BC_ExperimentRunner: Successfully loaded configuration from /home/dhanraj/quantum_federated_simulator/configs/federated/default_aggregation.yaml
2025-06-09 06:54:08,928 [INFO] BC_ExperimentRunner: Creating model of type: vqc with n_features=4, n_classes=2, initial_dtype_request=torch.float32
2025-06-09 06:54:08,928 [INFO] src.quantum.models: Initializing VQC (TorchLayer): qubits=4, layers=2, circuit='complex', device='lightning.qubit', shots=None, diff_method='best'
2025-06-09 06:54:08,929 [INFO] src.quantum.circuits: Creating complex circuit with 4 qubits, 2 layers.
2025-06-09 06:54:08,929 [INFO] src.quantum.circuits: Complex circuit expects 48 trainable parameters.
2025-06-09 06:54:08,929 [INFO] src.quantum.models: VQC circuit requires 48 parameters.
2025-06-09 06:54:08,929 [INFO] src.quantum.models: VariationalQuantumClassifier: Using 'lightning.qubit' with no shots. Defaulting to 'adjoint'.
2025-06-09 06:54:08,929 [INFO] src.quantum.models: VariationalQuantumClassifier attempting to use differentiation method: adjoint
2025-06-09 06:54:08,939 [INFO] src.quantum.models: VQC raw circuit output dimension: 6
2025-06-09 06:54:08,940 [INFO] src.quantum.models: VQC: Added Linear head: 6 -> 2 logits for CrossEntropyLoss.
2025-06-09 06:54:08,940 [INFO] src.federated.aggregation: Creating aggregation strategy of type: feddive
2025-06-09 06:54:08,941 [INFO] src.federated.aggregation: FedDive parameters: momentum=0.9, epsilon=1e-08, temperature=1.0, normalize_distances=True
2025-06-09 06:54:08,941 [INFO] BC_ExperimentRunner: Using aggregation strategy: QuantumAggregationStrategy (base: FedDive)
2025-06-09 06:54:08,941 [INFO] src.core.quantum_manager: QuantumServer: Initializing with global model type 'vqc'.
2025-06-09 06:54:08,942 [INFO] src.federated.server: Federated server initialized on device 'cuda' with aggregation strategy: QuantumAggregationStrategy
2025-06-09 06:54:08,942 [INFO] BC_ExperimentRunner: Creating model of type: vqc with n_features=4, n_classes=2, initial_dtype_request=torch.float32
2025-06-09 06:54:08,942 [INFO] src.quantum.models: Initializing VQC (TorchLayer): qubits=4, layers=2, circuit='complex', device='lightning.qubit', shots=None, diff_method='best'
2025-06-09 06:54:08,943 [INFO] src.quantum.circuits: Creating complex circuit with 4 qubits, 2 layers.
2025-06-09 06:54:08,943 [INFO] src.quantum.circuits: Complex circuit expects 48 trainable parameters.
2025-06-09 06:54:08,943 [INFO] src.quantum.models: VQC circuit requires 48 parameters.
2025-06-09 06:54:08,943 [INFO] src.quantum.models: VariationalQuantumClassifier: Using 'lightning.qubit' with no shots. Defaulting to 'adjoint'.
2025-06-09 06:54:08,943 [INFO] src.quantum.models: VariationalQuantumClassifier attempting to use differentiation method: adjoint
2025-06-09 06:54:08,953 [INFO] src.quantum.models: VQC raw circuit output dimension: 6
2025-06-09 06:54:08,954 [INFO] src.quantum.models: VQC: Added Linear head: 6 -> 2 logits for CrossEntropyLoss.
2025-06-09 06:54:08,954 [INFO] src.core.quantum_client: QuantumClient vqc_client_0: Initializing with model type 'vqc'.
2025-06-09 06:54:08,955 [INFO] src.federated.client: Client vqc_client_0 initialized on device 'cuda' with 32 samples.
2025-06-09 06:54:08,955 [INFO] BC_ExperimentRunner: Creating model of type: vqc with n_features=4, n_classes=2, initial_dtype_request=torch.float32
2025-06-09 06:54:08,955 [INFO] src.quantum.models: Initializing VQC (TorchLayer): qubits=4, layers=2, circuit='complex', device='lightning.qubit', shots=None, diff_method='best'
2025-06-09 06:54:08,956 [INFO] src.quantum.circuits: Creating complex circuit with 4 qubits, 2 layers.
2025-06-09 06:54:08,956 [INFO] src.quantum.circuits: Complex circuit expects 48 trainable parameters.
2025-06-09 06:54:08,956 [INFO] src.quantum.models: VQC circuit requires 48 parameters.
2025-06-09 06:54:08,956 [INFO] src.quantum.models: VariationalQuantumClassifier: Using 'lightning.qubit' with no shots. Defaulting to 'adjoint'.
2025-06-09 06:54:08,956 [INFO] src.quantum.models: VariationalQuantumClassifier attempting to use differentiation method: adjoint
2025-06-09 06:54:08,968 [INFO] src.quantum.models: VQC raw circuit output dimension: 6
2025-06-09 06:54:08,968 [INFO] src.quantum.models: VQC: Added Linear head: 6 -> 2 logits for CrossEntropyLoss.
2025-06-09 06:54:08,969 [INFO] src.core.quantum_client: QuantumClient vqc_client_1: Initializing with model type 'vqc'.
2025-06-09 06:54:08,970 [INFO] src.federated.client: Client vqc_client_1 initialized on device 'cuda' with 418 samples.
2025-06-09 06:54:08,970 [INFO] BC_ExperimentRunner: Creating model of type: vqc with n_features=4, n_classes=2, initial_dtype_request=torch.float32
2025-06-09 06:54:08,970 [INFO] src.quantum.models: Initializing VQC (TorchLayer): qubits=4, layers=2, circuit='complex', device='lightning.qubit', shots=None, diff_method='best'
2025-06-09 06:54:08,970 [INFO] src.quantum.circuits: Creating complex circuit with 4 qubits, 2 layers.
2025-06-09 06:54:08,971 [INFO] src.quantum.circuits: Complex circuit expects 48 trainable parameters.
2025-06-09 06:54:08,971 [INFO] src.quantum.models: VQC circuit requires 48 parameters.
2025-06-09 06:54:08,971 [INFO] src.quantum.models: VariationalQuantumClassifier: Using 'lightning.qubit' with no shots. Defaulting to 'adjoint'.
2025-06-09 06:54:08,971 [INFO] src.quantum.models: VariationalQuantumClassifier attempting to use differentiation method: adjoint
2025-06-09 06:54:08,984 [INFO] src.quantum.models: VQC raw circuit output dimension: 6
2025-06-09 06:54:08,984 [INFO] src.quantum.models: VQC: Added Linear head: 6 -> 2 logits for CrossEntropyLoss.
2025-06-09 06:54:08,985 [INFO] src.core.quantum_client: QuantumClient vqc_client_2: Initializing with model type 'vqc'.
2025-06-09 06:54:08,986 [INFO] src.federated.client: Client vqc_client_2 initialized on device 'cuda' with 5 samples.
2025-06-09 06:54:08,986 [INFO] src.federated.server: Registered client 'vqc_client_0'. Total clients: 1.
2025-06-09 06:54:08,986 [INFO] src.federated.server: Registered client 'vqc_client_1'. Total clients: 2.
2025-06-09 06:54:08,986 [INFO] src.federated.server: Registered client 'vqc_client_2'. Total clients: 3.
2025-06-09 06:54:08,986 [INFO] BC_ExperimentRunner: --- Scenario setup complete for BC_VQC_FedDive_NonIID_a0.5_PCA4_L2_Complex ---
2025-06-09 06:54:08,987 [INFO] src.federated.server: Starting federated training process for 5 rounds.
2025-06-09 06:54:08,987 [INFO] src.federated.server: Config: local_epochs=3, client_fraction=0.1, min_clients=3, FedProx mu=0.0
2025-06-09 06:54:08,987 [INFO] src.federated.server: Performing initial evaluation of global model...
2025-06-09 06:54:08,987 [INFO] src.core.quantum_manager: Server: Starting evaluation of global model (type: vqc).
2025-06-09 06:54:10,122 [INFO] src.core.quantum_manager: Evaluation results: Loss=0.8873, Accuracy=0.2895
2025-06-09 06:54:10,122 [INFO] src.federated.server: Initial Evaluation Metrics: {'loss': 0.8872619344477068, 'accuracy': 0.2894736842105263}
2025-06-09 06:54:10,122 [INFO] src.federated.server: ===== Starting Round 1/5 =====
2025-06-09 06:54:10,122 [INFO] src.federated.server: Starting federated training round...
2025-06-09 06:54:10,122 [INFO] src.federated.server: Selected 3 clients out of 3 available (fraction=0.1, min_clients=3): ['vqc_client_0', 'vqc_client_2', 'vqc_client_1']
2025-06-09 06:54:10,124 [INFO] src.core.quantum_client: Client vqc_client_0: Starting local training for 3 epochs (model type: vqc). Proximal term mu=0.0.
2025-06-09 06:54:10,124 [INFO] src.federated.client: Client vqc_client_0: Starting local training for 3 epochs. Proximal term mu=0.0.
2025-06-09 06:54:13,625 [INFO] src.federated.client: Client vqc_client_0 - Epoch 1/3 completed. Average Loss: 0.6286
2025-06-09 06:54:17,313 [INFO] src.federated.client: Client vqc_client_0 - Epoch 2/3 completed. Average Loss: 0.6156
2025-06-09 06:54:20,739 [INFO] src.federated.client: Client vqc_client_0 - Epoch 3/3 completed. Average Loss: 0.6031
2025-06-09 06:54:20,740 [INFO] src.federated.client: Client vqc_client_0: Local training finished. Processed 96 samples.
2025-06-09 06:54:20,745 [INFO] src.core.quantum_client: Client vqc_client_2: Starting local training for 3 epochs (model type: vqc). Proximal term mu=0.0.
2025-06-09 06:54:20,745 [INFO] src.federated.client: Client vqc_client_2: Starting local training for 3 epochs. Proximal term mu=0.0.
2025-06-09 06:54:21,280 [INFO] src.federated.client: Client vqc_client_2 - Epoch 1/3 completed. Average Loss: 0.5583
2025-06-09 06:54:21,818 [INFO] src.federated.client: Client vqc_client_2 - Epoch 2/3 completed. Average Loss: 0.5433
2025-06-09 06:54:22,391 [INFO] src.federated.client: Client vqc_client_2 - Epoch 3/3 completed. Average Loss: 0.5287
2025-06-09 06:54:22,391 [INFO] src.federated.client: Client vqc_client_2: Local training finished. Processed 15 samples.
2025-06-09 06:54:22,393 [INFO] src.core.quantum_client: Client vqc_client_1: Starting local training for 3 epochs (model type: vqc). Proximal term mu=0.0.
2025-06-09 06:54:22,394 [INFO] src.federated.client: Client vqc_client_1: Starting local training for 3 epochs. Proximal term mu=0.0.
2025-06-09 06:55:16,158 [INFO] src.federated.client: Client vqc_client_1 - Epoch 1/3 completed. Average Loss: 0.8360
2025-06-09 06:56:05,977 [INFO] src.federated.client: Client vqc_client_1 - Epoch 2/3 completed. Average Loss: 0.7132
2025-06-09 06:56:57,010 [INFO] src.federated.client: Client vqc_client_1 - Epoch 3/3 completed. Average Loss: 0.6443
2025-06-09 06:56:57,011 [INFO] src.federated.client: Client vqc_client_1: Local training finished. Processed 1254 samples.
2025-06-09 06:56:57,011 [INFO] src.federated.server: Aggregating updates from 3 clients using QuantumAggregationStrategy.
2025-06-09 06:56:57,011 [INFO] src.core.quantum_manager: QuantumAggregationStrategy: Detected nn.Module (QNN/VQC/Hybrid) state_dict. Delegating to base strategy: FedDive
2025-06-09 06:56:57,012 [INFO] src.federated.aggregation: FedDive: Aggregating updates from 3 clients (momentum=0.9).
2025-06-09 06:56:57,012 [INFO] src.federated.aggregation: FedDive: Initializing velocity and previous parameters.
2025-06-09 06:56:57,013 [INFO] src.federated.aggregation: FedDive: Aggregation complete.
2025-06-09 06:56:57,013 [INFO] src.federated.server: Global model updated with aggregated parameters.
2025-06-09 06:56:57,013 [INFO] src.federated.server: Evaluating updated global model...
2025-06-09 06:56:57,013 [INFO] src.core.quantum_manager: Server: Starting evaluation of global model (type: vqc).
2025-06-09 06:56:58,066 [INFO] src.core.quantum_manager: Evaluation results: Loss=0.8307, Accuracy=0.3070
2025-06-09 06:56:58,066 [INFO] src.federated.server: Round 1 completed in 167.94s. Eval Metrics: {'loss': 0.8307373711937353, 'accuracy': 0.30701754385964913}
2025-06-09 06:56:58,066 [INFO] src.federated.server: ===== Starting Round 2/5 =====
2025-06-09 06:56:58,066 [INFO] src.federated.server: Starting federated training round...
2025-06-09 06:56:58,066 [INFO] src.federated.server: Selected 3 clients out of 3 available (fraction=0.1, min_clients=3): ['vqc_client_1', 'vqc_client_2', 'vqc_client_0']
2025-06-09 06:56:58,067 [INFO] src.core.quantum_client: Client vqc_client_1: Starting local training for 3 epochs (model type: vqc). Proximal term mu=0.0.
2025-06-09 06:56:58,068 [INFO] src.federated.client: Client vqc_client_1: Starting local training for 3 epochs. Proximal term mu=0.0.
2025-06-09 06:57:50,094 [INFO] src.federated.client: Client vqc_client_1 - Epoch 1/3 completed. Average Loss: 0.7916
2025-06-09 06:58:47,419 [INFO] src.federated.client: Client vqc_client_1 - Epoch 2/3 completed. Average Loss: 0.6616
2025-06-09 06:59:37,693 [INFO] src.federated.client: Client vqc_client_1 - Epoch 3/3 completed. Average Loss: 0.5762
2025-06-09 06:59:37,694 [INFO] src.federated.client: Client vqc_client_1: Local training finished. Processed 1254 samples.
2025-06-09 06:59:37,695 [INFO] src.core.quantum_client: Client vqc_client_2: Starting local training for 3 epochs (model type: vqc). Proximal term mu=0.0.
2025-06-09 06:59:37,695 [INFO] src.federated.client: Client vqc_client_2: Starting local training for 3 epochs. Proximal term mu=0.0.
2025-06-09 06:59:38,270 [INFO] src.federated.client: Client vqc_client_2 - Epoch 1/3 completed. Average Loss: 0.5745
2025-06-09 06:59:38,801 [INFO] src.federated.client: Client vqc_client_2 - Epoch 2/3 completed. Average Loss: 0.5598
2025-06-09 06:59:39,496 [INFO] src.federated.client: Client vqc_client_2 - Epoch 3/3 completed. Average Loss: 0.5455
2025-06-09 06:59:39,497 [INFO] src.federated.client: Client vqc_client_2: Local training finished. Processed 15 samples.
2025-06-09 06:59:39,498 [INFO] src.core.quantum_client: Client vqc_client_0: Starting local training for 3 epochs (model type: vqc). Proximal term mu=0.0.
2025-06-09 06:59:39,498 [INFO] src.federated.client: Client vqc_client_0: Starting local training for 3 epochs. Proximal term mu=0.0.
2025-06-09 06:59:45,925 [INFO] src.federated.client: Client vqc_client_0 - Epoch 1/3 completed. Average Loss: 0.6320
2025-06-09 06:59:49,363 [INFO] src.federated.client: Client vqc_client_0 - Epoch 2/3 completed. Average Loss: 0.6195
2025-06-09 06:59:52,773 [INFO] src.federated.client: Client vqc_client_0 - Epoch 3/3 completed. Average Loss: 0.6074
2025-06-09 06:59:52,774 [INFO] src.federated.client: Client vqc_client_0: Local training finished. Processed 96 samples.
2025-06-09 06:59:52,778 [INFO] src.federated.server: Aggregating updates from 3 clients using QuantumAggregationStrategy.
2025-06-09 06:59:52,779 [INFO] src.core.quantum_manager: QuantumAggregationStrategy: Detected nn.Module (QNN/VQC/Hybrid) state_dict. Delegating to base strategy: FedDive
2025-06-09 06:59:52,779 [INFO] src.federated.aggregation: FedDive: Aggregating updates from 3 clients (momentum=0.9).
2025-06-09 06:59:52,780 [INFO] src.federated.aggregation: FedDive: Aggregation complete.
2025-06-09 06:59:52,780 [INFO] src.federated.server: Global model updated with aggregated parameters.
2025-06-09 06:59:52,781 [INFO] src.federated.server: Evaluating updated global model...
2025-06-09 06:59:52,781 [INFO] src.core.quantum_manager: Server: Starting evaluation of global model (type: vqc).
2025-06-09 06:59:53,863 [INFO] src.core.quantum_manager: Evaluation results: Loss=0.5814, Accuracy=0.8684
2025-06-09 06:59:53,863 [INFO] src.federated.server: Round 2 completed in 175.80s. Eval Metrics: {'loss': 0.5813966257530346, 'accuracy': 0.868421052631579}
2025-06-09 06:59:53,863 [INFO] src.federated.server: ===== Starting Round 3/5 =====
2025-06-09 06:59:53,863 [INFO] src.federated.server: Starting federated training round...
2025-06-09 06:59:53,863 [INFO] src.federated.server: Selected 3 clients out of 3 available (fraction=0.1, min_clients=3): ['vqc_client_0', 'vqc_client_2', 'vqc_client_1']
2025-06-09 06:59:53,865 [INFO] src.core.quantum_client: Client vqc_client_0: Starting local training for 3 epochs (model type: vqc). Proximal term mu=0.0.
2025-06-09 06:59:53,865 [INFO] src.federated.client: Client vqc_client_0: Starting local training for 3 epochs. Proximal term mu=0.0.
2025-06-09 06:59:57,292 [INFO] src.federated.client: Client vqc_client_0 - Epoch 1/3 completed. Average Loss: 0.7047
2025-06-09 07:00:00,721 [INFO] src.federated.client: Client vqc_client_0 - Epoch 2/3 completed. Average Loss: 0.6914
2025-06-09 07:00:04,322 [INFO] src.federated.client: Client vqc_client_0 - Epoch 3/3 completed. Average Loss: 0.6781
2025-06-09 07:00:04,322 [INFO] src.federated.client: Client vqc_client_0: Local training finished. Processed 96 samples.
2025-06-09 07:00:04,327 [INFO] src.core.quantum_client: Client vqc_client_2: Starting local training for 3 epochs (model type: vqc). Proximal term mu=0.0.
2025-06-09 07:00:04,328 [INFO] src.federated.client: Client vqc_client_2: Starting local training for 3 epochs. Proximal term mu=0.0.
2025-06-09 07:00:04,914 [INFO] src.federated.client: Client vqc_client_2 - Epoch 1/3 completed. Average Loss: 0.7375
2025-06-09 07:00:05,441 [INFO] src.federated.client: Client vqc_client_2 - Epoch 2/3 completed. Average Loss: 0.7223
2025-06-09 07:00:05,967 [INFO] src.federated.client: Client vqc_client_2 - Epoch 3/3 completed. Average Loss: 0.7067
2025-06-09 07:00:05,967 [INFO] src.federated.client: Client vqc_client_2: Local training finished. Processed 15 samples.
2025-06-09 07:00:05,969 [INFO] src.core.quantum_client: Client vqc_client_1: Starting local training for 3 epochs (model type: vqc). Proximal term mu=0.0.
2025-06-09 07:00:05,969 [INFO] src.federated.client: Client vqc_client_1: Starting local training for 3 epochs. Proximal term mu=0.0.
2025-06-09 07:00:59,682 [INFO] src.federated.client: Client vqc_client_1 - Epoch 1/3 completed. Average Loss: 0.5361
2025-06-09 07:01:50,795 [INFO] src.federated.client: Client vqc_client_1 - Epoch 2/3 completed. Average Loss: 0.4582
2025-06-09 07:02:44,321 [INFO] src.federated.client: Client vqc_client_1 - Epoch 3/3 completed. Average Loss: 0.3926
2025-06-09 07:02:44,322 [INFO] src.federated.client: Client vqc_client_1: Local training finished. Processed 1254 samples.
2025-06-09 07:02:44,322 [INFO] src.federated.server: Aggregating updates from 3 clients using QuantumAggregationStrategy.
2025-06-09 07:02:44,322 [INFO] src.core.quantum_manager: QuantumAggregationStrategy: Detected nn.Module (QNN/VQC/Hybrid) state_dict. Delegating to base strategy: FedDive
2025-06-09 07:02:44,322 [INFO] src.federated.aggregation: FedDive: Aggregating updates from 3 clients (momentum=0.9).
2025-06-09 07:02:44,323 [INFO] src.federated.aggregation: FedDive: Aggregation complete.
2025-06-09 07:02:44,324 [INFO] src.federated.server: Global model updated with aggregated parameters.
2025-06-09 07:02:44,324 [INFO] src.federated.server: Evaluating updated global model...
2025-06-09 07:02:44,324 [INFO] src.core.quantum_manager: Server: Starting evaluation of global model (type: vqc).
2025-06-09 07:02:45,408 [INFO] src.core.quantum_manager: Evaluation results: Loss=0.4121, Accuracy=0.9123
2025-06-09 07:02:45,408 [INFO] src.federated.server: Round 3 completed in 171.54s. Eval Metrics: {'loss': 0.412094535534842, 'accuracy': 0.9122807017543859}
2025-06-09 07:02:45,408 [INFO] src.federated.server: ===== Starting Round 4/5 =====
2025-06-09 07:02:45,408 [INFO] src.federated.server: Starting federated training round...
2025-06-09 07:02:45,408 [INFO] src.federated.server: Selected 3 clients out of 3 available (fraction=0.1, min_clients=3): ['vqc_client_1', 'vqc_client_2', 'vqc_client_0']
2025-06-09 07:02:45,410 [INFO] src.core.quantum_client: Client vqc_client_1: Starting local training for 3 epochs (model type: vqc). Proximal term mu=0.0.
2025-06-09 07:02:45,410 [INFO] src.federated.client: Client vqc_client_1: Starting local training for 3 epochs. Proximal term mu=0.0.
2025-06-09 07:03:36,708 [INFO] src.federated.client: Client vqc_client_1 - Epoch 1/3 completed. Average Loss: 0.3722
2025-06-09 07:04:30,773 [INFO] src.federated.client: Client vqc_client_1 - Epoch 2/3 completed. Average Loss: 0.3288
2025-06-09 07:05:19,629 [INFO] src.federated.client: Client vqc_client_1 - Epoch 3/3 completed. Average Loss: 0.2998
2025-06-09 07:05:19,629 [INFO] src.federated.client: Client vqc_client_1: Local training finished. Processed 1254 samples.
2025-06-09 07:05:19,630 [INFO] src.core.quantum_client: Client vqc_client_2: Starting local training for 3 epochs (model type: vqc). Proximal term mu=0.0.
2025-06-09 07:05:19,630 [INFO] src.federated.client: Client vqc_client_2: Starting local training for 3 epochs. Proximal term mu=0.0.
2025-06-09 07:05:20,459 [INFO] src.federated.client: Client vqc_client_2 - Epoch 1/3 completed. Average Loss: 0.8526
2025-06-09 07:05:21,051 [INFO] src.federated.client: Client vqc_client_2 - Epoch 2/3 completed. Average Loss: 0.8344
2025-06-09 07:05:21,607 [INFO] src.federated.client: Client vqc_client_2 - Epoch 3/3 completed. Average Loss: 0.8149
2025-06-09 07:05:21,608 [INFO] src.federated.client: Client vqc_client_2: Local training finished. Processed 15 samples.
2025-06-09 07:05:21,610 [INFO] src.core.quantum_client: Client vqc_client_0: Starting local training for 3 epochs (model type: vqc). Proximal term mu=0.0.
2025-06-09 07:05:21,610 [INFO] src.federated.client: Client vqc_client_0: Starting local training for 3 epochs. Proximal term mu=0.0.
2025-06-09 07:05:25,097 [INFO] src.federated.client: Client vqc_client_0 - Epoch 1/3 completed. Average Loss: 0.6198
2025-06-09 07:05:28,706 [INFO] src.federated.client: Client vqc_client_0 - Epoch 2/3 completed. Average Loss: 0.6081
2025-06-09 07:05:32,532 [INFO] src.federated.client: Client vqc_client_0 - Epoch 3/3 completed. Average Loss: 0.5963
2025-06-09 07:05:32,532 [INFO] src.federated.client: Client vqc_client_0: Local training finished. Processed 96 samples.
2025-06-09 07:05:32,537 [INFO] src.federated.server: Aggregating updates from 3 clients using QuantumAggregationStrategy.
2025-06-09 07:05:32,537 [INFO] src.core.quantum_manager: QuantumAggregationStrategy: Detected nn.Module (QNN/VQC/Hybrid) state_dict. Delegating to base strategy: FedDive
2025-06-09 07:05:32,537 [INFO] src.federated.aggregation: FedDive: Aggregating updates from 3 clients (momentum=0.9).
2025-06-09 07:05:32,539 [INFO] src.federated.aggregation: FedDive: Aggregation complete.
2025-06-09 07:05:32,539 [INFO] src.federated.server: Global model updated with aggregated parameters.
2025-06-09 07:05:32,539 [INFO] src.federated.server: Evaluating updated global model...
2025-06-09 07:05:32,540 [INFO] src.core.quantum_manager: Server: Starting evaluation of global model (type: vqc).
2025-06-09 07:05:36,553 [INFO] src.core.quantum_manager: Evaluation results: Loss=0.3185, Accuracy=0.9211
2025-06-09 07:05:36,554 [INFO] src.federated.server: Round 4 completed in 171.15s. Eval Metrics: {'loss': 0.3184608048514316, 'accuracy': 0.9210526315789473}
2025-06-09 07:05:36,554 [INFO] src.federated.server: ===== Starting Round 5/5 =====
2025-06-09 07:05:36,554 [INFO] src.federated.server: Starting federated training round...
2025-06-09 07:05:36,554 [INFO] src.federated.server: Selected 3 clients out of 3 available (fraction=0.1, min_clients=3): ['vqc_client_0', 'vqc_client_1', 'vqc_client_2']
2025-06-09 07:05:36,555 [INFO] src.core.quantum_client: Client vqc_client_0: Starting local training for 3 epochs (model type: vqc). Proximal term mu=0.0.
2025-06-09 07:05:36,556 [INFO] src.federated.client: Client vqc_client_0: Starting local training for 3 epochs. Proximal term mu=0.0.
2025-06-09 07:05:40,147 [INFO] src.federated.client: Client vqc_client_0 - Epoch 1/3 completed. Average Loss: 0.5133
2025-06-09 07:05:43,610 [INFO] src.federated.client: Client vqc_client_0 - Epoch 2/3 completed. Average Loss: 0.5041
2025-06-09 07:05:47,692 [INFO] src.federated.client: Client vqc_client_0 - Epoch 3/3 completed. Average Loss: 0.4949
2025-06-09 07:05:47,693 [INFO] src.federated.client: Client vqc_client_0: Local training finished. Processed 96 samples.
2025-06-09 07:05:47,698 [INFO] src.core.quantum_client: Client vqc_client_1: Starting local training for 3 epochs (model type: vqc). Proximal term mu=0.0.
2025-06-09 07:05:47,698 [INFO] src.federated.client: Client vqc_client_1: Starting local training for 3 epochs. Proximal term mu=0.0.
2025-06-09 07:06:38,264 [INFO] src.federated.client: Client vqc_client_1 - Epoch 1/3 completed. Average Loss: 0.2913
2025-06-09 07:07:32,009 [INFO] src.federated.client: Client vqc_client_1 - Epoch 2/3 completed. Average Loss: 0.2713
2025-06-09 07:08:21,276 [INFO] src.federated.client: Client vqc_client_1 - Epoch 3/3 completed. Average Loss: 0.2533
2025-06-09 07:08:21,276 [INFO] src.federated.client: Client vqc_client_1: Local training finished. Processed 1254 samples.
2025-06-09 07:08:21,277 [INFO] src.core.quantum_client: Client vqc_client_2: Starting local training for 3 epochs (model type: vqc). Proximal term mu=0.0.
2025-06-09 07:08:21,277 [INFO] src.federated.client: Client vqc_client_2: Starting local training for 3 epochs. Proximal term mu=0.0.
2025-06-09 07:08:21,847 [INFO] src.federated.client: Client vqc_client_2 - Epoch 1/3 completed. Average Loss: 0.9409
2025-06-09 07:08:22,487 [INFO] src.federated.client: Client vqc_client_2 - Epoch 2/3 completed. Average Loss: 0.9161
2025-06-09 07:08:23,067 [INFO] src.federated.client: Client vqc_client_2 - Epoch 3/3 completed. Average Loss: 0.8902
2025-06-09 07:08:23,068 [INFO] src.federated.client: Client vqc_client_2: Local training finished. Processed 15 samples.
2025-06-09 07:08:23,069 [INFO] src.federated.server: Aggregating updates from 3 clients using QuantumAggregationStrategy.
2025-06-09 07:08:23,069 [INFO] src.core.quantum_manager: QuantumAggregationStrategy: Detected nn.Module (QNN/VQC/Hybrid) state_dict. Delegating to base strategy: FedDive
2025-06-09 07:08:23,069 [INFO] src.federated.aggregation: FedDive: Aggregating updates from 3 clients (momentum=0.9).
2025-06-09 07:08:23,070 [INFO] src.federated.aggregation: FedDive: Aggregation complete.
2025-06-09 07:08:23,070 [INFO] src.federated.server: Global model updated with aggregated parameters.
2025-06-09 07:08:23,070 [INFO] src.federated.server: Evaluating updated global model...
2025-06-09 07:08:23,071 [INFO] src.core.quantum_manager: Server: Starting evaluation of global model (type: vqc).
2025-06-09 07:08:24,673 [INFO] src.core.quantum_manager: Evaluation results: Loss=0.2717, Accuracy=0.9298
2025-06-09 07:08:24,673 [INFO] src.federated.server: Round 5 completed in 168.12s. Eval Metrics: {'loss': 0.2717387738980745, 'accuracy': 0.9298245614035088}
2025-06-09 07:08:24,673 [INFO] src.federated.server: Federated training process completed after 5 rounds.
2025-06-09 07:08:24,673 [INFO] BC_ExperimentRunner: ========== Finished BC_VQC_FedDive_NonIID_a0.5_PCA4_L2_Complex ==========

2025-06-09 07:08:24,674 [INFO] BC_ExperimentRunner: ========== Starting BC_Hybrid_FedAvg_IID_PCA8_Q4L2_Basic ==========
2025-06-09 07:08:24,674 [INFO] BC_ExperimentRunner: --- Setting up experiment: BC_Hybrid_FedAvg_IID_PCA8_Q4L2_Basic for dataset breast_cancer ---
2025-06-09 07:08:24,674 [INFO] src.utils.data_utils: Set all random seeds to 42
2025-06-09 07:08:24,674 [INFO] BC_ExperimentRunner: Experiment 'BC_Hybrid_FedAvg_IID_PCA8_Q4L2_Basic' will use tensor_dtype: torch.float64
2025-06-09 07:08:24,674 [INFO] src.utils.data_utils: Loading dataset: breast_cancer, PCA features=8, Scaling=standard, Subset size=None, Dtype=torch.float64
2025-06-09 07:08:24,674 [INFO] src.utils.data_utils: Set all random seeds to 42
2025-06-09 07:08:24,682 [INFO] src.utils.data_utils: Applying PCA to reduce features to 8
2025-06-09 07:08:24,683 [INFO] src.utils.data_utils: PCA applied. New feature count: 8. Explained variance: 0.9284
2025-06-09 07:08:24,684 [INFO] src.utils.data_utils: Data preparation complete for 'breast_cancer'. Train size: 455, Test size: 114, Features: 8, Classes: 2
2025-06-09 07:08:24,687 [INFO] BC_ExperimentRunner: Successfully loaded configuration from /home/dhanraj/quantum_federated_simulator/configs/federated/server_config.yaml
2025-06-09 07:08:24,689 [INFO] BC_ExperimentRunner: Successfully loaded configuration from /home/dhanraj/quantum_federated_simulator/configs/federated/client_config.yaml
2025-06-09 07:08:24,691 [INFO] BC_ExperimentRunner: Successfully loaded configuration from /home/dhanraj/quantum_federated_simulator/configs/federated/default_aggregation.yaml
2025-06-09 07:08:24,692 [INFO] BC_ExperimentRunner: Creating model of type: hybrid with n_features=8, n_classes=2, initial_dtype_request=torch.float64
2025-06-09 07:08:24,692 [INFO] src.quantum.models: Initializing HybridQuantumModel: Input=8, Hidden=16, FinalOutput=2, Qubits=4, QCircuit='basic', QDiff='best'
2025-06-09 07:08:24,692 [INFO] src.quantum.models: Initializing QNN Layer: qubits=4, layers=2, circuit='basic', device='lightning.qubit', shots=None, diff_method='best'
2025-06-09 07:08:24,692 [INFO] src.quantum.circuits: Creating basic circuit with 4 qubits, 2 layers.
2025-06-09 07:08:24,693 [INFO] src.quantum.circuits: Basic circuit expects 24 trainable parameters.
2025-06-09 07:08:24,693 [INFO] src.quantum.models: QNN circuit requires 24 parameters.
2025-06-09 07:08:24,693 [INFO] src.quantum.models: QuantumNeuralNetwork: Using 'lightning.qubit' with no shots. Defaulting to 'adjoint'.
2025-06-09 07:08:24,693 [INFO] src.quantum.models: QuantumNeuralNetwork attempting to use differentiation method: adjoint
2025-06-09 07:08:24,697 [INFO] src.quantum.models: QNN raw circuit output dimension: 4
2025-06-09 07:08:24,697 [INFO] src.quantum.models: QNN module's final output dimension (after head): 4
2025-06-09 07:08:24,698 [INFO] src.federated.aggregation: Creating aggregation strategy of type: fedavg
2025-06-09 07:08:24,698 [INFO] BC_ExperimentRunner: Using aggregation strategy: FedAvg (base: FedAvg)
2025-06-09 07:08:24,698 [INFO] src.core.quantum_manager: QuantumServer: Initializing with global model type 'hybrid'.
2025-06-09 07:08:24,700 [INFO] src.federated.server: Federated server initialized on device 'cuda' with aggregation strategy: FedAvg
2025-06-09 07:08:24,700 [INFO] BC_ExperimentRunner: Creating model of type: hybrid with n_features=8, n_classes=2, initial_dtype_request=torch.float64
2025-06-09 07:08:24,700 [INFO] src.quantum.models: Initializing HybridQuantumModel: Input=8, Hidden=16, FinalOutput=2, Qubits=4, QCircuit='basic', QDiff='best'
2025-06-09 07:08:24,701 [INFO] src.quantum.models: Initializing QNN Layer: qubits=4, layers=2, circuit='basic', device='lightning.qubit', shots=None, diff_method='best'
2025-06-09 07:08:24,701 [INFO] src.quantum.circuits: Creating basic circuit with 4 qubits, 2 layers.
2025-06-09 07:08:24,701 [INFO] src.quantum.circuits: Basic circuit expects 24 trainable parameters.
2025-06-09 07:08:24,701 [INFO] src.quantum.models: QNN circuit requires 24 parameters.
2025-06-09 07:08:24,701 [INFO] src.quantum.models: QuantumNeuralNetwork: Using 'lightning.qubit' with no shots. Defaulting to 'adjoint'.
2025-06-09 07:08:24,701 [INFO] src.quantum.models: QuantumNeuralNetwork attempting to use differentiation method: adjoint
2025-06-09 07:08:24,706 [INFO] src.quantum.models: QNN raw circuit output dimension: 4
2025-06-09 07:08:24,706 [INFO] src.quantum.models: QNN module's final output dimension (after head): 4
2025-06-09 07:08:24,707 [INFO] src.core.quantum_client: QuantumClient hybrid_client_0: Initializing with model type 'hybrid'.
2025-06-09 07:08:24,708 [INFO] src.federated.client: Client hybrid_client_0 initialized on device 'cuda' with 151 samples.
2025-06-09 07:08:24,709 [INFO] BC_ExperimentRunner: Creating model of type: hybrid with n_features=8, n_classes=2, initial_dtype_request=torch.float64
2025-06-09 07:08:24,709 [INFO] src.quantum.models: Initializing HybridQuantumModel: Input=8, Hidden=16, FinalOutput=2, Qubits=4, QCircuit='basic', QDiff='best'
2025-06-09 07:08:24,709 [INFO] src.quantum.models: Initializing QNN Layer: qubits=4, layers=2, circuit='basic', device='lightning.qubit', shots=None, diff_method='best'
2025-06-09 07:08:24,709 [INFO] src.quantum.circuits: Creating basic circuit with 4 qubits, 2 layers.
2025-06-09 07:08:24,709 [INFO] src.quantum.circuits: Basic circuit expects 24 trainable parameters.
2025-06-09 07:08:24,709 [INFO] src.quantum.models: QNN circuit requires 24 parameters.
2025-06-09 07:08:24,709 [INFO] src.quantum.models: QuantumNeuralNetwork: Using 'lightning.qubit' with no shots. Defaulting to 'adjoint'.
2025-06-09 07:08:24,710 [INFO] src.quantum.models: QuantumNeuralNetwork attempting to use differentiation method: adjoint
2025-06-09 07:08:24,715 [INFO] src.quantum.models: QNN raw circuit output dimension: 4
2025-06-09 07:08:24,715 [INFO] src.quantum.models: QNN module's final output dimension (after head): 4
2025-06-09 07:08:24,715 [INFO] src.core.quantum_client: QuantumClient hybrid_client_1: Initializing with model type 'hybrid'.
2025-06-09 07:08:24,717 [INFO] src.federated.client: Client hybrid_client_1 initialized on device 'cuda' with 151 samples.
2025-06-09 07:08:24,717 [INFO] BC_ExperimentRunner: Creating model of type: hybrid with n_features=8, n_classes=2, initial_dtype_request=torch.float64
2025-06-09 07:08:24,717 [INFO] src.quantum.models: Initializing HybridQuantumModel: Input=8, Hidden=16, FinalOutput=2, Qubits=4, QCircuit='basic', QDiff='best'
2025-06-09 07:08:24,718 [INFO] src.quantum.models: Initializing QNN Layer: qubits=4, layers=2, circuit='basic', device='lightning.qubit', shots=None, diff_method='best'
2025-06-09 07:08:24,718 [INFO] src.quantum.circuits: Creating basic circuit with 4 qubits, 2 layers.
2025-06-09 07:08:24,718 [INFO] src.quantum.circuits: Basic circuit expects 24 trainable parameters.
2025-06-09 07:08:24,718 [INFO] src.quantum.models: QNN circuit requires 24 parameters.
2025-06-09 07:08:24,718 [INFO] src.quantum.models: QuantumNeuralNetwork: Using 'lightning.qubit' with no shots. Defaulting to 'adjoint'.
2025-06-09 07:08:24,718 [INFO] src.quantum.models: QuantumNeuralNetwork attempting to use differentiation method: adjoint
2025-06-09 07:08:24,722 [INFO] src.quantum.models: QNN raw circuit output dimension: 4
2025-06-09 07:08:24,723 [INFO] src.quantum.models: QNN module's final output dimension (after head): 4
2025-06-09 07:08:24,723 [INFO] src.core.quantum_client: QuantumClient hybrid_client_2: Initializing with model type 'hybrid'.
2025-06-09 07:08:24,725 [INFO] src.federated.client: Client hybrid_client_2 initialized on device 'cuda' with 153 samples.
2025-06-09 07:08:24,725 [INFO] src.federated.server: Registered client 'hybrid_client_0'. Total clients: 1.
2025-06-09 07:08:24,725 [INFO] src.federated.server: Registered client 'hybrid_client_1'. Total clients: 2.
2025-06-09 07:08:24,725 [INFO] src.federated.server: Registered client 'hybrid_client_2'. Total clients: 3.
2025-06-09 07:08:24,725 [INFO] BC_ExperimentRunner: --- Scenario setup complete for BC_Hybrid_FedAvg_IID_PCA8_Q4L2_Basic ---
2025-06-09 07:08:24,726 [INFO] src.federated.server: Starting federated training process for 5 rounds.
2025-06-09 07:08:24,726 [INFO] src.federated.server: Config: local_epochs=3, client_fraction=0.1, min_clients=3, FedProx mu=0.0
2025-06-09 07:08:24,726 [INFO] src.federated.server: Performing initial evaluation of global model...
2025-06-09 07:08:24,726 [INFO] src.core.quantum_manager: Server: Starting evaluation of global model (type: hybrid).
2025-06-09 07:08:25,319 [INFO] src.core.quantum_manager: Evaluation results: Loss=0.6530, Accuracy=0.6316
2025-06-09 07:08:25,319 [INFO] src.federated.server: Initial Evaluation Metrics: {'loss': 0.6529945762533891, 'accuracy': 0.631578947368421}
2025-06-09 07:08:25,319 [INFO] src.federated.server: ===== Starting Round 1/5 =====
2025-06-09 07:08:25,319 [INFO] src.federated.server: Starting federated training round...
2025-06-09 07:08:25,319 [INFO] src.federated.server: Selected 3 clients out of 3 available (fraction=0.1, min_clients=3): ['hybrid_client_2', 'hybrid_client_0', 'hybrid_client_1']
2025-06-09 07:08:25,321 [INFO] src.core.quantum_client: Client hybrid_client_2: Starting local training for 3 epochs (model type: hybrid). Proximal term mu=0.0.
2025-06-09 07:08:25,322 [INFO] src.federated.client: Client hybrid_client_2: Starting local training for 3 epochs. Proximal term mu=0.0.
2025-06-09 07:08:35,955 [INFO] src.federated.client: Client hybrid_client_2 - Epoch 1/3 completed. Average Loss: 0.6388
2025-06-09 07:08:44,984 [INFO] src.federated.client: Client hybrid_client_2 - Epoch 2/3 completed. Average Loss: 0.6371
2025-06-09 07:08:52,220 [INFO] src.federated.client: Client hybrid_client_2 - Epoch 3/3 completed. Average Loss: 0.6355
2025-06-09 07:08:52,221 [INFO] src.federated.client: Client hybrid_client_2: Local training finished. Processed 459 samples.
2025-06-09 07:08:52,225 [INFO] src.core.quantum_client: Client hybrid_client_0: Starting local training for 3 epochs (model type: hybrid). Proximal term mu=0.0.
2025-06-09 07:08:52,225 [INFO] src.federated.client: Client hybrid_client_0: Starting local training for 3 epochs. Proximal term mu=0.0.
2025-06-09 07:09:00,854 [INFO] src.federated.client: Client hybrid_client_0 - Epoch 1/3 completed. Average Loss: 0.6446
2025-06-09 07:09:13,837 [INFO] src.federated.client: Client hybrid_client_0 - Epoch 2/3 completed. Average Loss: 0.6429
2025-06-09 07:09:22,328 [INFO] src.federated.client: Client hybrid_client_0 - Epoch 3/3 completed. Average Loss: 0.6408
2025-06-09 07:09:22,330 [INFO] src.federated.client: Client hybrid_client_0: Local training finished. Processed 453 samples.
2025-06-09 07:09:22,333 [INFO] src.core.quantum_client: Client hybrid_client_1: Starting local training for 3 epochs (model type: hybrid). Proximal term mu=0.0.
2025-06-09 07:09:22,333 [INFO] src.federated.client: Client hybrid_client_1: Starting local training for 3 epochs. Proximal term mu=0.0.
2025-06-09 07:09:29,991 [INFO] src.federated.client: Client hybrid_client_1 - Epoch 1/3 completed. Average Loss: 0.6823
2025-06-09 07:09:38,653 [INFO] src.federated.client: Client hybrid_client_1 - Epoch 2/3 completed. Average Loss: 0.6782
2025-06-09 07:09:49,520 [INFO] src.federated.client: Client hybrid_client_1 - Epoch 3/3 completed. Average Loss: 0.6751
2025-06-09 07:09:49,522 [INFO] src.federated.client: Client hybrid_client_1: Local training finished. Processed 453 samples.
2025-06-09 07:09:49,524 [INFO] src.federated.server: Aggregating updates from 3 clients using FedAvg.
2025-06-09 07:09:49,524 [INFO] src.federated.aggregation: FedAvg: Aggregating updates from 3 clients.
2025-06-09 07:09:49,525 [INFO] src.federated.aggregation: FedAvg: Aggregation complete.
2025-06-09 07:09:49,526 [INFO] src.federated.server: Global model updated with aggregated parameters.
2025-06-09 07:09:49,526 [INFO] src.federated.server: Evaluating updated global model...
2025-06-09 07:09:49,526 [INFO] src.core.quantum_manager: Server: Starting evaluation of global model (type: hybrid).
2025-06-09 07:09:50,311 [INFO] src.core.quantum_manager: Evaluation results: Loss=0.6477, Accuracy=0.6316
2025-06-09 07:09:50,312 [INFO] src.federated.server: Round 1 completed in 84.99s. Eval Metrics: {'loss': 0.6476856741988868, 'accuracy': 0.631578947368421}
2025-06-09 07:09:50,312 [INFO] src.federated.server: ===== Starting Round 2/5 =====
2025-06-09 07:09:50,312 [INFO] src.federated.server: Starting federated training round...
2025-06-09 07:09:50,312 [INFO] src.federated.server: Selected 3 clients out of 3 available (fraction=0.1, min_clients=3): ['hybrid_client_2', 'hybrid_client_1', 'hybrid_client_0']
2025-06-09 07:09:50,315 [INFO] src.core.quantum_client: Client hybrid_client_2: Starting local training for 3 epochs (model type: hybrid). Proximal term mu=0.0.
2025-06-09 07:09:50,315 [INFO] src.federated.client: Client hybrid_client_2: Starting local training for 3 epochs. Proximal term mu=0.0.
2025-06-09 07:09:58,233 [INFO] src.federated.client: Client hybrid_client_2 - Epoch 1/3 completed. Average Loss: 0.6340
2025-06-09 07:10:07,816 [INFO] src.federated.client: Client hybrid_client_2 - Epoch 2/3 completed. Average Loss: 0.6320
2025-06-09 07:10:19,429 [INFO] src.federated.client: Client hybrid_client_2 - Epoch 3/3 completed. Average Loss: 0.6294
2025-06-09 07:10:19,430 [INFO] src.federated.client: Client hybrid_client_2: Local training finished. Processed 459 samples.
2025-06-09 07:10:19,433 [INFO] src.core.quantum_client: Client hybrid_client_1: Starting local training for 3 epochs (model type: hybrid). Proximal term mu=0.0.
2025-06-09 07:10:19,433 [INFO] src.federated.client: Client hybrid_client_1: Starting local training for 3 epochs. Proximal term mu=0.0.
2025-06-09 07:10:28,156 [INFO] src.federated.client: Client hybrid_client_1 - Epoch 1/3 completed. Average Loss: 0.6746
2025-06-09 07:10:36,011 [INFO] src.federated.client: Client hybrid_client_1 - Epoch 2/3 completed. Average Loss: 0.6707
2025-06-09 07:10:45,552 [INFO] src.federated.client: Client hybrid_client_1 - Epoch 3/3 completed. Average Loss: 0.6669
2025-06-09 07:10:45,553 [INFO] src.federated.client: Client hybrid_client_1: Local training finished. Processed 453 samples.
2025-06-09 07:10:45,556 [INFO] src.core.quantum_client: Client hybrid_client_0: Starting local training for 3 epochs (model type: hybrid). Proximal term mu=0.0.
2025-06-09 07:10:45,556 [INFO] src.federated.client: Client hybrid_client_0: Starting local training for 3 epochs. Proximal term mu=0.0.
2025-06-09 07:10:57,561 [INFO] src.federated.client: Client hybrid_client_0 - Epoch 1/3 completed. Average Loss: 0.6396
2025-06-09 07:11:06,172 [INFO] src.federated.client: Client hybrid_client_0 - Epoch 2/3 completed. Average Loss: 0.6370
2025-06-09 07:11:13,935 [INFO] src.federated.client: Client hybrid_client_0 - Epoch 3/3 completed. Average Loss: 0.6341
2025-06-09 07:11:13,936 [INFO] src.federated.client: Client hybrid_client_0: Local training finished. Processed 453 samples.
2025-06-09 07:11:13,938 [INFO] src.federated.server: Aggregating updates from 3 clients using FedAvg.
2025-06-09 07:11:13,938 [INFO] src.federated.aggregation: FedAvg: Aggregating updates from 3 clients.
2025-06-09 07:11:13,939 [INFO] src.federated.aggregation: FedAvg: Aggregation complete.
2025-06-09 07:11:13,940 [INFO] src.federated.server: Global model updated with aggregated parameters.
2025-06-09 07:11:13,940 [INFO] src.federated.server: Evaluating updated global model...
2025-06-09 07:11:13,940 [INFO] src.core.quantum_manager: Server: Starting evaluation of global model (type: hybrid).
2025-06-09 07:11:14,489 [INFO] src.core.quantum_manager: Evaluation results: Loss=0.6406, Accuracy=0.6316
2025-06-09 07:11:14,489 [INFO] src.federated.server: Round 2 completed in 84.18s. Eval Metrics: {'loss': 0.6405517730796546, 'accuracy': 0.631578947368421}
2025-06-09 07:11:14,489 [INFO] src.federated.server: ===== Starting Round 3/5 =====
2025-06-09 07:11:14,490 [INFO] src.federated.server: Starting federated training round...
2025-06-09 07:11:14,490 [INFO] src.federated.server: Selected 3 clients out of 3 available (fraction=0.1, min_clients=3): ['hybrid_client_0', 'hybrid_client_2', 'hybrid_client_1']
2025-06-09 07:11:14,491 [INFO] src.core.quantum_client: Client hybrid_client_0: Starting local training for 3 epochs (model type: hybrid). Proximal term mu=0.0.
2025-06-09 07:11:14,491 [INFO] src.federated.client: Client hybrid_client_0: Starting local training for 3 epochs. Proximal term mu=0.0.
2025-06-09 07:11:22,824 [INFO] src.federated.client: Client hybrid_client_0 - Epoch 1/3 completed. Average Loss: 0.6317
2025-06-09 07:11:33,427 [INFO] src.federated.client: Client hybrid_client_0 - Epoch 2/3 completed. Average Loss: 0.6267
2025-06-09 07:11:41,563 [INFO] src.federated.client: Client hybrid_client_0 - Epoch 3/3 completed. Average Loss: 0.6209
2025-06-09 07:11:41,564 [INFO] src.federated.client: Client hybrid_client_0: Local training finished. Processed 453 samples.
2025-06-09 07:11:41,567 [INFO] src.core.quantum_client: Client hybrid_client_2: Starting local training for 3 epochs (model type: hybrid). Proximal term mu=0.0.
2025-06-09 07:11:41,567 [INFO] src.federated.client: Client hybrid_client_2: Starting local training for 3 epochs. Proximal term mu=0.0.
2025-06-09 07:11:49,662 [INFO] src.federated.client: Client hybrid_client_2 - Epoch 1/3 completed. Average Loss: 0.6266
2025-06-09 07:11:57,321 [INFO] src.federated.client: Client hybrid_client_2 - Epoch 2/3 completed. Average Loss: 0.6224
2025-06-09 07:12:07,757 [INFO] src.federated.client: Client hybrid_client_2 - Epoch 3/3 completed. Average Loss: 0.6172
2025-06-09 07:12:07,758 [INFO] src.federated.client: Client hybrid_client_2: Local training finished. Processed 459 samples.
2025-06-09 07:12:07,761 [INFO] src.core.quantum_client: Client hybrid_client_1: Starting local training for 3 epochs (model type: hybrid). Proximal term mu=0.0.
2025-06-09 07:12:07,761 [INFO] src.federated.client: Client hybrid_client_1: Starting local training for 3 epochs. Proximal term mu=0.0.
2025-06-09 07:12:15,413 [INFO] src.federated.client: Client hybrid_client_1 - Epoch 1/3 completed. Average Loss: 0.6639
2025-06-09 07:12:23,324 [INFO] src.federated.client: Client hybrid_client_1 - Epoch 2/3 completed. Average Loss: 0.6578
2025-06-09 07:12:31,065 [INFO] src.federated.client: Client hybrid_client_1 - Epoch 3/3 completed. Average Loss: 0.6507
2025-06-09 07:12:31,066 [INFO] src.federated.client: Client hybrid_client_1: Local training finished. Processed 453 samples.
2025-06-09 07:12:31,068 [INFO] src.federated.server: Aggregating updates from 3 clients using FedAvg.
2025-06-09 07:12:31,068 [INFO] src.federated.aggregation: FedAvg: Aggregating updates from 3 clients.
2025-06-09 07:12:31,069 [INFO] src.federated.aggregation: FedAvg: Aggregation complete.
2025-06-09 07:12:31,069 [INFO] src.federated.server: Global model updated with aggregated parameters.
2025-06-09 07:12:31,069 [INFO] src.federated.server: Evaluating updated global model...
2025-06-09 07:12:31,069 [INFO] src.core.quantum_manager: Server: Starting evaluation of global model (type: hybrid).
2025-06-09 07:12:31,712 [INFO] src.core.quantum_manager: Evaluation results: Loss=0.6263, Accuracy=0.6316
2025-06-09 07:12:31,712 [INFO] src.federated.server: Round 3 completed in 77.22s. Eval Metrics: {'loss': 0.6262509916958056, 'accuracy': 0.631578947368421}
2025-06-09 07:12:31,712 [INFO] src.federated.server: ===== Starting Round 4/5 =====
2025-06-09 07:12:31,712 [INFO] src.federated.server: Starting federated training round...
2025-06-09 07:12:31,712 [INFO] src.federated.server: Selected 3 clients out of 3 available (fraction=0.1, min_clients=3): ['hybrid_client_2', 'hybrid_client_0', 'hybrid_client_1']
2025-06-09 07:12:31,716 [INFO] src.core.quantum_client: Client hybrid_client_2: Starting local training for 3 epochs (model type: hybrid). Proximal term mu=0.0.
2025-06-09 07:12:31,716 [INFO] src.federated.client: Client hybrid_client_2: Starting local training for 3 epochs. Proximal term mu=0.0.
2025-06-09 07:12:44,792 [INFO] src.federated.client: Client hybrid_client_2 - Epoch 1/3 completed. Average Loss: 0.6110
2025-06-09 07:12:53,099 [INFO] src.federated.client: Client hybrid_client_2 - Epoch 2/3 completed. Average Loss: 0.6037
2025-06-09 07:13:01,548 [INFO] src.federated.client: Client hybrid_client_2 - Epoch 3/3 completed. Average Loss: 0.5948
2025-06-09 07:13:01,548 [INFO] src.federated.client: Client hybrid_client_2: Local training finished. Processed 459 samples.
2025-06-09 07:13:01,551 [INFO] src.core.quantum_client: Client hybrid_client_0: Starting local training for 3 epochs (model type: hybrid). Proximal term mu=0.0.
2025-06-09 07:13:01,552 [INFO] src.federated.client: Client hybrid_client_0: Starting local training for 3 epochs. Proximal term mu=0.0.
2025-06-09 07:13:09,750 [INFO] src.federated.client: Client hybrid_client_0 - Epoch 1/3 completed. Average Loss: 0.6156
2025-06-09 07:13:22,032 [INFO] src.federated.client: Client hybrid_client_0 - Epoch 2/3 completed. Average Loss: 0.6079
2025-06-09 07:13:29,704 [INFO] src.federated.client: Client hybrid_client_0 - Epoch 3/3 completed. Average Loss: 0.5992
2025-06-09 07:13:29,705 [INFO] src.federated.client: Client hybrid_client_0: Local training finished. Processed 453 samples.
2025-06-09 07:13:29,708 [INFO] src.core.quantum_client: Client hybrid_client_1: Starting local training for 3 epochs (model type: hybrid). Proximal term mu=0.0.
2025-06-09 07:13:29,709 [INFO] src.federated.client: Client hybrid_client_1: Starting local training for 3 epochs. Proximal term mu=0.0.
2025-06-09 07:13:38,577 [INFO] src.federated.client: Client hybrid_client_1 - Epoch 1/3 completed. Average Loss: 0.6446
2025-06-09 07:13:49,255 [INFO] src.federated.client: Client hybrid_client_1 - Epoch 2/3 completed. Average Loss: 0.6354
2025-06-09 07:13:57,048 [INFO] src.federated.client: Client hybrid_client_1 - Epoch 3/3 completed. Average Loss: 0.6246
2025-06-09 07:13:57,049 [INFO] src.federated.client: Client hybrid_client_1: Local training finished. Processed 453 samples.
2025-06-09 07:13:57,051 [INFO] src.federated.server: Aggregating updates from 3 clients using FedAvg.
2025-06-09 07:13:57,051 [INFO] src.federated.aggregation: FedAvg: Aggregating updates from 3 clients.
2025-06-09 07:13:57,052 [INFO] src.federated.aggregation: FedAvg: Aggregation complete.
2025-06-09 07:13:57,053 [INFO] src.federated.server: Global model updated with aggregated parameters.
2025-06-09 07:13:57,053 [INFO] src.federated.server: Evaluating updated global model...
2025-06-09 07:13:57,053 [INFO] src.core.quantum_manager: Server: Starting evaluation of global model (type: hybrid).
2025-06-09 07:13:57,673 [INFO] src.core.quantum_manager: Evaluation results: Loss=0.6034, Accuracy=0.6316
2025-06-09 07:13:57,673 [INFO] src.federated.server: Round 4 completed in 85.96s. Eval Metrics: {'loss': 0.6034006152236671, 'accuracy': 0.631578947368421}
2025-06-09 07:13:57,673 [INFO] src.federated.server: ===== Starting Round 5/5 =====
2025-06-09 07:13:57,674 [INFO] src.federated.server: Starting federated training round...
2025-06-09 07:13:57,674 [INFO] src.federated.server: Selected 3 clients out of 3 available (fraction=0.1, min_clients=3): ['hybrid_client_0', 'hybrid_client_2', 'hybrid_client_1']
2025-06-09 07:13:57,675 [INFO] src.core.quantum_client: Client hybrid_client_0: Starting local training for 3 epochs (model type: hybrid). Proximal term mu=0.0.
2025-06-09 07:13:57,675 [INFO] src.federated.client: Client hybrid_client_0: Starting local training for 3 epochs. Proximal term mu=0.0.
2025-06-09 07:14:07,134 [INFO] src.federated.client: Client hybrid_client_0 - Epoch 1/3 completed. Average Loss: 0.5899
2025-06-09 07:14:15,356 [INFO] src.federated.client: Client hybrid_client_0 - Epoch 2/3 completed. Average Loss: 0.5788
2025-06-09 07:14:27,558 [INFO] src.federated.client: Client hybrid_client_0 - Epoch 3/3 completed. Average Loss: 0.5661
2025-06-09 07:14:27,559 [INFO] src.federated.client: Client hybrid_client_0: Local training finished. Processed 453 samples.
2025-06-09 07:14:27,562 [INFO] src.core.quantum_client: Client hybrid_client_2: Starting local training for 3 epochs (model type: hybrid). Proximal term mu=0.0.
2025-06-09 07:14:27,562 [INFO] src.federated.client: Client hybrid_client_2: Starting local training for 3 epochs. Proximal term mu=0.0.
2025-06-09 07:14:36,523 [INFO] src.federated.client: Client hybrid_client_2 - Epoch 1/3 completed. Average Loss: 0.5859
2025-06-09 07:14:44,834 [INFO] src.federated.client: Client hybrid_client_2 - Epoch 2/3 completed. Average Loss: 0.5743
2025-06-09 07:14:53,023 [INFO] src.federated.client: Client hybrid_client_2 - Epoch 3/3 completed. Average Loss: 0.5619
2025-06-09 07:14:53,024 [INFO] src.federated.client: Client hybrid_client_2: Local training finished. Processed 459 samples.
2025-06-09 07:14:53,027 [INFO] src.core.quantum_client: Client hybrid_client_1: Starting local training for 3 epochs (model type: hybrid). Proximal term mu=0.0.
2025-06-09 07:14:53,027 [INFO] src.federated.client: Client hybrid_client_1: Starting local training for 3 epochs. Proximal term mu=0.0.
2025-06-09 07:15:03,585 [INFO] src.federated.client: Client hybrid_client_1 - Epoch 1/3 completed. Average Loss: 0.6158
2025-06-09 07:15:12,134 [INFO] src.federated.client: Client hybrid_client_1 - Epoch 2/3 completed. Average Loss: 0.6032
2025-06-09 07:15:20,168 [INFO] src.federated.client: Client hybrid_client_1 - Epoch 3/3 completed. Average Loss: 0.5891
2025-06-09 07:15:20,169 [INFO] src.federated.client: Client hybrid_client_1: Local training finished. Processed 453 samples.
2025-06-09 07:15:20,171 [INFO] src.federated.server: Aggregating updates from 3 clients using FedAvg.
2025-06-09 07:15:20,172 [INFO] src.federated.aggregation: FedAvg: Aggregating updates from 3 clients.
2025-06-09 07:15:20,173 [INFO] src.federated.aggregation: FedAvg: Aggregation complete.
2025-06-09 07:15:20,173 [INFO] src.federated.server: Global model updated with aggregated parameters.
2025-06-09 07:15:20,174 [INFO] src.federated.server: Evaluating updated global model...
2025-06-09 07:15:20,174 [INFO] src.core.quantum_manager: Server: Starting evaluation of global model (type: hybrid).
2025-06-09 07:15:20,808 [INFO] src.core.quantum_manager: Evaluation results: Loss=0.5709, Accuracy=0.6316
2025-06-09 07:15:20,808 [INFO] src.federated.server: Round 5 completed in 83.13s. Eval Metrics: {'loss': 0.5708661539512768, 'accuracy': 0.631578947368421}
2025-06-09 07:15:20,808 [INFO] src.federated.server: Federated training process completed after 5 rounds.
2025-06-09 07:15:20,809 [INFO] BC_ExperimentRunner: ========== Finished BC_Hybrid_FedAvg_IID_PCA8_Q4L2_Basic ==========

2025-06-09 07:15:20,809 [INFO] BC_ExperimentRunner: ========== Starting BC_QNN_FedAvg_IID_PCA4_L2_Basic ==========
2025-06-09 07:15:20,809 [INFO] BC_ExperimentRunner: --- Setting up experiment: BC_QNN_FedAvg_IID_PCA4_L2_Basic for dataset breast_cancer ---
2025-06-09 07:15:20,809 [INFO] src.utils.data_utils: Set all random seeds to 42
2025-06-09 07:15:20,809 [INFO] BC_ExperimentRunner: Experiment 'BC_QNN_FedAvg_IID_PCA4_L2_Basic' will use tensor_dtype: torch.float64
2025-06-09 07:15:20,809 [INFO] src.utils.data_utils: Loading dataset: breast_cancer, PCA features=4, Scaling=minmax, Subset size=None, Dtype=torch.float64
2025-06-09 07:15:20,810 [INFO] src.utils.data_utils: Set all random seeds to 42
2025-06-09 07:15:20,816 [INFO] src.utils.data_utils: Applying PCA to reduce features to 4
2025-06-09 07:15:20,817 [INFO] src.utils.data_utils: PCA applied. New feature count: 4. Explained variance: 0.8393
2025-06-09 07:15:20,818 [INFO] src.utils.data_utils: Data preparation complete for 'breast_cancer'. Train size: 455, Test size: 114, Features: 4, Classes: 2
2025-06-09 07:15:20,821 [INFO] BC_ExperimentRunner: Successfully loaded configuration from /home/dhanraj/quantum_federated_simulator/configs/federated/server_config.yaml
2025-06-09 07:15:20,824 [INFO] BC_ExperimentRunner: Successfully loaded configuration from /home/dhanraj/quantum_federated_simulator/configs/federated/client_config.yaml
2025-06-09 07:15:20,827 [INFO] BC_ExperimentRunner: Successfully loaded configuration from /home/dhanraj/quantum_federated_simulator/configs/federated/default_aggregation.yaml
2025-06-09 07:15:20,827 [INFO] BC_ExperimentRunner: Creating model of type: qnn with n_features=4, n_classes=2, initial_dtype_request=torch.float64
2025-06-09 07:15:20,827 [INFO] src.quantum.models: Initializing QNN Layer: qubits=4, layers=2, circuit='basic', device='lightning.qubit', shots=None, diff_method='best'
2025-06-09 07:15:20,828 [INFO] src.quantum.circuits: Creating basic circuit with 4 qubits, 2 layers.
2025-06-09 07:15:20,828 [INFO] src.quantum.circuits: Basic circuit expects 24 trainable parameters.
2025-06-09 07:15:20,828 [INFO] src.quantum.models: QNN circuit requires 24 parameters.
2025-06-09 07:15:20,828 [INFO] src.quantum.models: QuantumNeuralNetwork: Using 'lightning.qubit' with no shots. Defaulting to 'adjoint'.
2025-06-09 07:15:20,828 [INFO] src.quantum.models: QuantumNeuralNetwork attempting to use differentiation method: adjoint
2025-06-09 07:15:20,834 [INFO] src.quantum.models: QNN raw circuit output dimension: 4
2025-06-09 07:15:20,834 [INFO] src.quantum.models: QNN: Added Linear head: 4 -> 2
2025-06-09 07:15:20,835 [INFO] src.quantum.models: QNN module's final output dimension (after head): 2
2025-06-09 07:15:20,835 [INFO] src.federated.aggregation: Creating aggregation strategy of type: fedavg
2025-06-09 07:15:20,835 [INFO] BC_ExperimentRunner: Using aggregation strategy: FedAvg (base: FedAvg)
2025-06-09 07:15:20,835 [INFO] src.core.quantum_manager: QuantumServer: Initializing with global model type 'qnn'.
2025-06-09 07:15:20,836 [INFO] src.federated.server: Federated server initialized on device 'cuda' with aggregation strategy: FedAvg
2025-06-09 07:15:20,836 [INFO] BC_ExperimentRunner: Creating model of type: qnn with n_features=4, n_classes=2, initial_dtype_request=torch.float64
2025-06-09 07:15:20,836 [INFO] src.quantum.models: Initializing QNN Layer: qubits=4, layers=2, circuit='basic', device='lightning.qubit', shots=None, diff_method='best'
2025-06-09 07:15:20,836 [INFO] src.quantum.circuits: Creating basic circuit with 4 qubits, 2 layers.
2025-06-09 07:15:20,836 [INFO] src.quantum.circuits: Basic circuit expects 24 trainable parameters.
2025-06-09 07:15:20,837 [INFO] src.quantum.models: QNN circuit requires 24 parameters.
2025-06-09 07:15:20,837 [INFO] src.quantum.models: QuantumNeuralNetwork: Using 'lightning.qubit' with no shots. Defaulting to 'adjoint'.
2025-06-09 07:15:20,837 [INFO] src.quantum.models: QuantumNeuralNetwork attempting to use differentiation method: adjoint
2025-06-09 07:15:20,844 [INFO] src.quantum.models: QNN raw circuit output dimension: 4
2025-06-09 07:15:20,844 [INFO] src.quantum.models: QNN: Added Linear head: 4 -> 2
2025-06-09 07:15:20,844 [INFO] src.quantum.models: QNN module's final output dimension (after head): 2
2025-06-09 07:15:20,844 [INFO] src.core.quantum_client: QuantumClient qnn_client_0: Initializing with model type 'qnn'.
2025-06-09 07:15:20,845 [INFO] src.federated.client: Client qnn_client_0 initialized on device 'cuda' with 151 samples.
2025-06-09 07:15:20,845 [INFO] BC_ExperimentRunner: Creating model of type: qnn with n_features=4, n_classes=2, initial_dtype_request=torch.float64
2025-06-09 07:15:20,845 [INFO] src.quantum.models: Initializing QNN Layer: qubits=4, layers=2, circuit='basic', device='lightning.qubit', shots=None, diff_method='best'
2025-06-09 07:15:20,846 [INFO] src.quantum.circuits: Creating basic circuit with 4 qubits, 2 layers.
2025-06-09 07:15:20,846 [INFO] src.quantum.circuits: Basic circuit expects 24 trainable parameters.
2025-06-09 07:15:20,846 [INFO] src.quantum.models: QNN circuit requires 24 parameters.
2025-06-09 07:15:20,846 [INFO] src.quantum.models: QuantumNeuralNetwork: Using 'lightning.qubit' with no shots. Defaulting to 'adjoint'.
2025-06-09 07:15:20,846 [INFO] src.quantum.models: QuantumNeuralNetwork attempting to use differentiation method: adjoint
2025-06-09 07:15:20,853 [INFO] src.quantum.models: QNN raw circuit output dimension: 4
2025-06-09 07:15:20,854 [INFO] src.quantum.models: QNN: Added Linear head: 4 -> 2
2025-06-09 07:15:20,854 [INFO] src.quantum.models: QNN module's final output dimension (after head): 2
2025-06-09 07:15:20,854 [INFO] src.core.quantum_client: QuantumClient qnn_client_1: Initializing with model type 'qnn'.
2025-06-09 07:15:20,855 [INFO] src.federated.client: Client qnn_client_1 initialized on device 'cuda' with 151 samples.
2025-06-09 07:15:20,855 [INFO] BC_ExperimentRunner: Creating model of type: qnn with n_features=4, n_classes=2, initial_dtype_request=torch.float64
2025-06-09 07:15:20,855 [INFO] src.quantum.models: Initializing QNN Layer: qubits=4, layers=2, circuit='basic', device='lightning.qubit', shots=None, diff_method='best'
2025-06-09 07:15:20,856 [INFO] src.quantum.circuits: Creating basic circuit with 4 qubits, 2 layers.
2025-06-09 07:15:20,856 [INFO] src.quantum.circuits: Basic circuit expects 24 trainable parameters.
2025-06-09 07:15:20,856 [INFO] src.quantum.models: QNN circuit requires 24 parameters.
2025-06-09 07:15:20,856 [INFO] src.quantum.models: QuantumNeuralNetwork: Using 'lightning.qubit' with no shots. Defaulting to 'adjoint'.
2025-06-09 07:15:20,856 [INFO] src.quantum.models: QuantumNeuralNetwork attempting to use differentiation method: adjoint
2025-06-09 07:15:20,863 [INFO] src.quantum.models: QNN raw circuit output dimension: 4
2025-06-09 07:15:20,863 [INFO] src.quantum.models: QNN: Added Linear head: 4 -> 2
2025-06-09 07:15:20,863 [INFO] src.quantum.models: QNN module's final output dimension (after head): 2
2025-06-09 07:15:20,863 [INFO] src.core.quantum_client: QuantumClient qnn_client_2: Initializing with model type 'qnn'.
2025-06-09 07:15:20,864 [INFO] src.federated.client: Client qnn_client_2 initialized on device 'cuda' with 153 samples.
2025-06-09 07:15:20,864 [INFO] src.federated.server: Registered client 'qnn_client_0'. Total clients: 1.
2025-06-09 07:15:20,864 [INFO] src.federated.server: Registered client 'qnn_client_1'. Total clients: 2.
2025-06-09 07:15:20,865 [INFO] src.federated.server: Registered client 'qnn_client_2'. Total clients: 3.
2025-06-09 07:15:20,865 [INFO] BC_ExperimentRunner: --- Scenario setup complete for BC_QNN_FedAvg_IID_PCA4_L2_Basic ---
2025-06-09 07:15:20,865 [INFO] src.federated.server: Starting federated training process for 5 rounds.
2025-06-09 07:15:20,865 [INFO] src.federated.server: Config: local_epochs=3, client_fraction=0.1, min_clients=3, FedProx mu=0.0
2025-06-09 07:15:20,866 [INFO] src.federated.server: Performing initial evaluation of global model...
2025-06-09 07:15:20,866 [INFO] src.core.quantum_manager: Server: Starting evaluation of global model (type: qnn).
2025-06-09 07:15:21,453 [INFO] src.core.quantum_manager: Evaluation results: Loss=0.6952, Accuracy=0.4298
2025-06-09 07:15:21,454 [INFO] src.federated.server: Initial Evaluation Metrics: {'loss': 0.6951935155349865, 'accuracy': 0.4298245614035088}
2025-06-09 07:15:21,454 [INFO] src.federated.server: ===== Starting Round 1/5 =====
2025-06-09 07:15:21,454 [INFO] src.federated.server: Starting federated training round...
2025-06-09 07:15:21,454 [INFO] src.federated.server: Selected 3 clients out of 3 available (fraction=0.1, min_clients=3): ['qnn_client_2', 'qnn_client_0', 'qnn_client_1']
2025-06-09 07:15:21,455 [INFO] src.core.quantum_client: Client qnn_client_2: Starting local training for 3 epochs (model type: qnn). Proximal term mu=0.0.
2025-06-09 07:15:21,455 [INFO] src.federated.client: Client qnn_client_2: Starting local training for 3 epochs. Proximal term mu=0.0.
2025-06-09 07:15:29,129 [INFO] src.federated.client: Client qnn_client_2 - Epoch 1/3 completed. Average Loss: 0.6858
2025-06-09 07:15:39,454 [INFO] src.federated.client: Client qnn_client_2 - Epoch 2/3 completed. Average Loss: 0.6605
2025-06-09 07:15:46,888 [INFO] src.federated.client: Client qnn_client_2 - Epoch 3/3 completed. Average Loss: 0.6349
2025-06-09 07:15:46,889 [INFO] src.federated.client: Client qnn_client_2: Local training finished. Processed 459 samples.
2025-06-09 07:15:46,891 [INFO] src.core.quantum_client: Client qnn_client_0: Starting local training for 3 epochs (model type: qnn). Proximal term mu=0.0.
2025-06-09 07:15:46,891 [INFO] src.federated.client: Client qnn_client_0: Starting local training for 3 epochs. Proximal term mu=0.0.
2025-06-09 07:15:53,763 [INFO] src.federated.client: Client qnn_client_0 - Epoch 1/3 completed. Average Loss: 0.6855
2025-06-09 07:16:01,398 [INFO] src.federated.client: Client qnn_client_0 - Epoch 2/3 completed. Average Loss: 0.6584
2025-06-09 07:16:12,383 [INFO] src.federated.client: Client qnn_client_0 - Epoch 3/3 completed. Average Loss: 0.6362
2025-06-09 07:16:12,383 [INFO] src.federated.client: Client qnn_client_0: Local training finished. Processed 453 samples.
2025-06-09 07:16:12,386 [INFO] src.core.quantum_client: Client qnn_client_1: Starting local training for 3 epochs (model type: qnn). Proximal term mu=0.0.
2025-06-09 07:16:12,387 [INFO] src.federated.client: Client qnn_client_1: Starting local training for 3 epochs. Proximal term mu=0.0.
2025-06-09 07:16:21,100 [INFO] src.federated.client: Client qnn_client_1 - Epoch 1/3 completed. Average Loss: 0.6850
2025-06-09 07:16:28,914 [INFO] src.federated.client: Client qnn_client_1 - Epoch 2/3 completed. Average Loss: 0.6633
2025-06-09 07:16:36,588 [INFO] src.federated.client: Client qnn_client_1 - Epoch 3/3 completed. Average Loss: 0.6450
2025-06-09 07:16:36,588 [INFO] src.federated.client: Client qnn_client_1: Local training finished. Processed 453 samples.
2025-06-09 07:16:36,590 [INFO] src.federated.server: Aggregating updates from 3 clients using FedAvg.
2025-06-09 07:16:36,590 [INFO] src.federated.aggregation: FedAvg: Aggregating updates from 3 clients.
2025-06-09 07:16:36,591 [INFO] src.federated.aggregation: FedAvg: Aggregation complete.
2025-06-09 07:16:36,591 [INFO] src.federated.server: Global model updated with aggregated parameters.
2025-06-09 07:16:36,591 [INFO] src.federated.server: Evaluating updated global model...
2025-06-09 07:16:36,592 [INFO] src.core.quantum_manager: Server: Starting evaluation of global model (type: qnn).
2025-06-09 07:16:37,152 [INFO] src.core.quantum_manager: Evaluation results: Loss=0.6235, Accuracy=0.6404
2025-06-09 07:16:37,152 [INFO] src.federated.server: Round 1 completed in 75.70s. Eval Metrics: {'loss': 0.6234722628928068, 'accuracy': 0.6403508771929824}
2025-06-09 07:16:37,152 [INFO] src.federated.server: ===== Starting Round 2/5 =====
2025-06-09 07:16:37,153 [INFO] src.federated.server: Starting federated training round...
2025-06-09 07:16:37,153 [INFO] src.federated.server: Selected 3 clients out of 3 available (fraction=0.1, min_clients=3): ['qnn_client_2', 'qnn_client_1', 'qnn_client_0']
2025-06-09 07:16:37,153 [INFO] src.core.quantum_client: Client qnn_client_2: Starting local training for 3 epochs (model type: qnn). Proximal term mu=0.0.
2025-06-09 07:16:37,153 [INFO] src.federated.client: Client qnn_client_2: Starting local training for 3 epochs. Proximal term mu=0.0.
2025-06-09 07:16:46,641 [INFO] src.federated.client: Client qnn_client_2 - Epoch 1/3 completed. Average Loss: 0.6202
2025-06-09 07:16:53,980 [INFO] src.federated.client: Client qnn_client_2 - Epoch 2/3 completed. Average Loss: 0.6043
2025-06-09 07:17:01,233 [INFO] src.federated.client: Client qnn_client_2 - Epoch 3/3 completed. Average Loss: 0.5865
2025-06-09 07:17:01,233 [INFO] src.federated.client: Client qnn_client_2: Local training finished. Processed 459 samples.
2025-06-09 07:17:01,236 [INFO] src.core.quantum_client: Client qnn_client_1: Starting local training for 3 epochs (model type: qnn). Proximal term mu=0.0.
2025-06-09 07:17:01,236 [INFO] src.federated.client: Client qnn_client_1: Starting local training for 3 epochs. Proximal term mu=0.0.
2025-06-09 07:17:08,012 [INFO] src.federated.client: Client qnn_client_1 - Epoch 1/3 completed. Average Loss: 0.6268
2025-06-09 07:17:14,653 [INFO] src.federated.client: Client qnn_client_1 - Epoch 2/3 completed. Average Loss: 0.6117
2025-06-09 07:17:24,245 [INFO] src.federated.client: Client qnn_client_1 - Epoch 3/3 completed. Average Loss: 0.5970
2025-06-09 07:17:24,246 [INFO] src.federated.client: Client qnn_client_1: Local training finished. Processed 453 samples.
2025-06-09 07:17:24,248 [INFO] src.core.quantum_client: Client qnn_client_0: Starting local training for 3 epochs (model type: qnn). Proximal term mu=0.0.
2025-06-09 07:17:24,248 [INFO] src.federated.client: Client qnn_client_0: Starting local training for 3 epochs. Proximal term mu=0.0.
2025-06-09 07:17:31,110 [INFO] src.federated.client: Client qnn_client_0 - Epoch 1/3 completed. Average Loss: 0.6201
2025-06-09 07:17:38,286 [INFO] src.federated.client: Client qnn_client_0 - Epoch 2/3 completed. Average Loss: 0.6029
2025-06-09 07:17:45,753 [INFO] src.federated.client: Client qnn_client_0 - Epoch 3/3 completed. Average Loss: 0.5858
2025-06-09 07:17:45,754 [INFO] src.federated.client: Client qnn_client_0: Local training finished. Processed 453 samples.
2025-06-09 07:17:45,756 [INFO] src.federated.server: Aggregating updates from 3 clients using FedAvg.
2025-06-09 07:17:45,756 [INFO] src.federated.aggregation: FedAvg: Aggregating updates from 3 clients.
2025-06-09 07:17:45,757 [INFO] src.federated.aggregation: FedAvg: Aggregation complete.
2025-06-09 07:17:45,757 [INFO] src.federated.server: Global model updated with aggregated parameters.
2025-06-09 07:17:45,757 [INFO] src.federated.server: Evaluating updated global model...
2025-06-09 07:17:45,757 [INFO] src.core.quantum_manager: Server: Starting evaluation of global model (type: qnn).
2025-06-09 07:17:46,373 [INFO] src.core.quantum_manager: Evaluation results: Loss=0.5722, Accuracy=0.6491
2025-06-09 07:17:46,373 [INFO] src.federated.server: Round 2 completed in 69.22s. Eval Metrics: {'loss': 0.5721591292766103, 'accuracy': 0.6491228070175439}
2025-06-09 07:17:46,374 [INFO] src.federated.server: ===== Starting Round 3/5 =====
2025-06-09 07:17:46,374 [INFO] src.federated.server: Starting federated training round...
2025-06-09 07:17:46,374 [INFO] src.federated.server: Selected 3 clients out of 3 available (fraction=0.1, min_clients=3): ['qnn_client_0', 'qnn_client_2', 'qnn_client_1']
2025-06-09 07:17:46,375 [INFO] src.core.quantum_client: Client qnn_client_0: Starting local training for 3 epochs (model type: qnn). Proximal term mu=0.0.
2025-06-09 07:17:46,375 [INFO] src.federated.client: Client qnn_client_0: Starting local training for 3 epochs. Proximal term mu=0.0.
2025-06-09 07:17:58,062 [INFO] src.federated.client: Client qnn_client_0 - Epoch 1/3 completed. Average Loss: 0.5714
2025-06-09 07:18:04,984 [INFO] src.federated.client: Client qnn_client_0 - Epoch 2/3 completed. Average Loss: 0.5563
2025-06-09 07:18:13,034 [INFO] src.federated.client: Client qnn_client_0 - Epoch 3/3 completed. Average Loss: 0.5405
2025-06-09 07:18:13,034 [INFO] src.federated.client: Client qnn_client_0: Local training finished. Processed 453 samples.
2025-06-09 07:18:13,037 [INFO] src.core.quantum_client: Client qnn_client_2: Starting local training for 3 epochs (model type: qnn). Proximal term mu=0.0.
2025-06-09 07:18:13,038 [INFO] src.federated.client: Client qnn_client_2: Starting local training for 3 epochs. Proximal term mu=0.0.
2025-06-09 07:18:21,265 [INFO] src.federated.client: Client qnn_client_2 - Epoch 1/3 completed. Average Loss: 0.5723
2025-06-09 07:18:32,868 [INFO] src.federated.client: Client qnn_client_2 - Epoch 2/3 completed. Average Loss: 0.5586
2025-06-09 07:18:41,312 [INFO] src.federated.client: Client qnn_client_2 - Epoch 3/3 completed. Average Loss: 0.5433
2025-06-09 07:18:41,313 [INFO] src.federated.client: Client qnn_client_2: Local training finished. Processed 459 samples.
2025-06-09 07:18:41,315 [INFO] src.core.quantum_client: Client qnn_client_1: Starting local training for 3 epochs (model type: qnn). Proximal term mu=0.0.
2025-06-09 07:18:41,315 [INFO] src.federated.client: Client qnn_client_1: Starting local training for 3 epochs. Proximal term mu=0.0.
2025-06-09 07:18:48,317 [INFO] src.federated.client: Client qnn_client_1 - Epoch 1/3 completed. Average Loss: 0.5831
2025-06-09 07:18:55,568 [INFO] src.federated.client: Client qnn_client_1 - Epoch 2/3 completed. Average Loss: 0.5658
2025-06-09 07:19:06,534 [INFO] src.federated.client: Client qnn_client_1 - Epoch 3/3 completed. Average Loss: 0.5465
2025-06-09 07:19:06,534 [INFO] src.federated.client: Client qnn_client_1: Local training finished. Processed 453 samples.
2025-06-09 07:19:06,536 [INFO] src.federated.server: Aggregating updates from 3 clients using FedAvg.
2025-06-09 07:19:06,537 [INFO] src.federated.aggregation: FedAvg: Aggregating updates from 3 clients.
2025-06-09 07:19:06,537 [INFO] src.federated.aggregation: FedAvg: Aggregation complete.
2025-06-09 07:19:06,538 [INFO] src.federated.server: Global model updated with aggregated parameters.
2025-06-09 07:19:06,538 [INFO] src.federated.server: Evaluating updated global model...
2025-06-09 07:19:06,538 [INFO] src.core.quantum_manager: Server: Starting evaluation of global model (type: qnn).
2025-06-09 07:19:07,271 [INFO] src.core.quantum_manager: Evaluation results: Loss=0.5221, Accuracy=0.7105
2025-06-09 07:19:07,271 [INFO] src.federated.server: Round 3 completed in 80.90s. Eval Metrics: {'loss': 0.522138794263204, 'accuracy': 0.7105263157894737}
2025-06-09 07:19:07,271 [INFO] src.federated.server: ===== Starting Round 4/5 =====
2025-06-09 07:19:07,271 [INFO] src.federated.server: Starting federated training round...
2025-06-09 07:19:07,271 [INFO] src.federated.server: Selected 3 clients out of 3 available (fraction=0.1, min_clients=3): ['qnn_client_2', 'qnn_client_0', 'qnn_client_1']
2025-06-09 07:19:07,273 [INFO] src.core.quantum_client: Client qnn_client_2: Starting local training for 3 epochs (model type: qnn). Proximal term mu=0.0.
2025-06-09 07:19:07,273 [INFO] src.federated.client: Client qnn_client_2: Starting local training for 3 epochs. Proximal term mu=0.0.
2025-06-09 07:19:15,541 [INFO] src.federated.client: Client qnn_client_2 - Epoch 1/3 completed. Average Loss: 0.5265
2025-06-09 07:19:23,344 [INFO] src.federated.client: Client qnn_client_2 - Epoch 2/3 completed. Average Loss: 0.5095
2025-06-09 07:19:31,430 [INFO] src.federated.client: Client qnn_client_2 - Epoch 3/3 completed. Average Loss: 0.4915
2025-06-09 07:19:31,430 [INFO] src.federated.client: Client qnn_client_2: Local training finished. Processed 459 samples.
2025-06-09 07:19:31,433 [INFO] src.core.quantum_client: Client qnn_client_0: Starting local training for 3 epochs (model type: qnn). Proximal term mu=0.0.
2025-06-09 07:19:31,433 [INFO] src.federated.client: Client qnn_client_0: Starting local training for 3 epochs. Proximal term mu=0.0.
2025-06-09 07:19:41,763 [INFO] src.federated.client: Client qnn_client_0 - Epoch 1/3 completed. Average Loss: 0.5237
2025-06-09 07:19:48,406 [INFO] src.federated.client: Client qnn_client_0 - Epoch 2/3 completed. Average Loss: 0.5060
2025-06-09 07:19:55,786 [INFO] src.federated.client: Client qnn_client_0 - Epoch 3/3 completed. Average Loss: 0.4869
2025-06-09 07:19:55,787 [INFO] src.federated.client: Client qnn_client_0: Local training finished. Processed 453 samples.
2025-06-09 07:19:55,789 [INFO] src.core.quantum_client: Client qnn_client_1: Starting local training for 3 epochs (model type: qnn). Proximal term mu=0.0.
2025-06-09 07:19:55,789 [INFO] src.federated.client: Client qnn_client_1: Starting local training for 3 epochs. Proximal term mu=0.0.
2025-06-09 07:20:02,489 [INFO] src.federated.client: Client qnn_client_1 - Epoch 1/3 completed. Average Loss: 0.5316
2025-06-09 07:20:09,550 [INFO] src.federated.client: Client qnn_client_1 - Epoch 2/3 completed. Average Loss: 0.5100
2025-06-09 07:20:18,981 [INFO] src.federated.client: Client qnn_client_1 - Epoch 3/3 completed. Average Loss: 0.4880
2025-06-09 07:20:18,981 [INFO] src.federated.client: Client qnn_client_1: Local training finished. Processed 453 samples.
2025-06-09 07:20:18,983 [INFO] src.federated.server: Aggregating updates from 3 clients using FedAvg.
2025-06-09 07:20:18,983 [INFO] src.federated.aggregation: FedAvg: Aggregating updates from 3 clients.
2025-06-09 07:20:18,984 [INFO] src.federated.aggregation: FedAvg: Aggregation complete.
2025-06-09 07:20:18,984 [INFO] src.federated.server: Global model updated with aggregated parameters.
2025-06-09 07:20:18,984 [INFO] src.federated.server: Evaluating updated global model...
2025-06-09 07:20:18,985 [INFO] src.core.quantum_manager: Server: Starting evaluation of global model (type: qnn).
2025-06-09 07:20:19,574 [INFO] src.core.quantum_manager: Evaluation results: Loss=0.4638, Accuracy=0.8421
2025-06-09 07:20:19,574 [INFO] src.federated.server: Round 4 completed in 72.30s. Eval Metrics: {'loss': 0.46382435372001246, 'accuracy': 0.8421052631578947}
2025-06-09 07:20:19,575 [INFO] src.federated.server: ===== Starting Round 5/5 =====
2025-06-09 07:20:19,575 [INFO] src.federated.server: Starting federated training round...
2025-06-09 07:20:19,575 [INFO] src.federated.server: Selected 3 clients out of 3 available (fraction=0.1, min_clients=3): ['qnn_client_0', 'qnn_client_2', 'qnn_client_1']
2025-06-09 07:20:19,576 [INFO] src.core.quantum_client: Client qnn_client_0: Starting local training for 3 epochs (model type: qnn). Proximal term mu=0.0.
2025-06-09 07:20:19,576 [INFO] src.federated.client: Client qnn_client_0: Starting local training for 3 epochs. Proximal term mu=0.0.
2025-06-09 07:20:26,278 [INFO] src.federated.client: Client qnn_client_0 - Epoch 1/3 completed. Average Loss: 0.4651
2025-06-09 07:20:33,731 [INFO] src.federated.client: Client qnn_client_0 - Epoch 2/3 completed. Average Loss: 0.4438
2025-06-09 07:20:41,071 [INFO] src.federated.client: Client qnn_client_0 - Epoch 3/3 completed. Average Loss: 0.4209
2025-06-09 07:20:41,071 [INFO] src.federated.client: Client qnn_client_0: Local training finished. Processed 453 samples.
2025-06-09 07:20:41,073 [INFO] src.core.quantum_client: Client qnn_client_2: Starting local training for 3 epochs (model type: qnn). Proximal term mu=0.0.
2025-06-09 07:20:41,074 [INFO] src.federated.client: Client qnn_client_2: Starting local training for 3 epochs. Proximal term mu=0.0.
2025-06-09 07:20:51,010 [INFO] src.federated.client: Client qnn_client_2 - Epoch 1/3 completed. Average Loss: 0.4708
2025-06-09 07:20:57,516 [INFO] src.federated.client: Client qnn_client_2 - Epoch 2/3 completed. Average Loss: 0.4516
2025-06-09 07:21:04,373 [INFO] src.federated.client: Client qnn_client_2 - Epoch 3/3 completed. Average Loss: 0.4304
2025-06-09 07:21:04,374 [INFO] src.federated.client: Client qnn_client_2: Local training finished. Processed 459 samples.
2025-06-09 07:21:04,376 [INFO] src.core.quantum_client: Client qnn_client_1: Starting local training for 3 epochs (model type: qnn). Proximal term mu=0.0.
2025-06-09 07:21:04,376 [INFO] src.federated.client: Client qnn_client_1: Starting local training for 3 epochs. Proximal term mu=0.0.
2025-06-09 07:21:11,799 [INFO] src.federated.client: Client qnn_client_1 - Epoch 1/3 completed. Average Loss: 0.4696
2025-06-09 07:21:18,382 [INFO] src.federated.client: Client qnn_client_1 - Epoch 2/3 completed. Average Loss: 0.4443
2025-06-09 07:21:27,662 [INFO] src.federated.client: Client qnn_client_1 - Epoch 3/3 completed. Average Loss: 0.4207
2025-06-09 07:21:27,663 [INFO] src.federated.client: Client qnn_client_1: Local training finished. Processed 453 samples.
2025-06-09 07:21:27,665 [INFO] src.federated.server: Aggregating updates from 3 clients using FedAvg.
2025-06-09 07:21:27,665 [INFO] src.federated.aggregation: FedAvg: Aggregating updates from 3 clients.
2025-06-09 07:21:27,665 [INFO] src.federated.aggregation: FedAvg: Aggregation complete.
2025-06-09 07:21:27,666 [INFO] src.federated.server: Global model updated with aggregated parameters.
2025-06-09 07:21:27,666 [INFO] src.federated.server: Evaluating updated global model...
2025-06-09 07:21:27,666 [INFO] src.core.quantum_manager: Server: Starting evaluation of global model (type: qnn).
2025-06-09 07:21:28,230 [INFO] src.core.quantum_manager: Evaluation results: Loss=0.3988, Accuracy=0.8860
2025-06-09 07:21:28,230 [INFO] src.federated.server: Round 5 completed in 68.66s. Eval Metrics: {'loss': 0.3988393409210339, 'accuracy': 0.8859649122807017}
2025-06-09 07:21:28,230 [INFO] src.federated.server: Federated training process completed after 5 rounds.
2025-06-09 07:21:28,230 [INFO] BC_ExperimentRunner: ========== Finished BC_QNN_FedAvg_IID_PCA4_L2_Basic ==========

2025-06-09 07:21:28,259 [INFO] BC_ExperimentRunner: All BC experiment results saved to /home/dhanraj/quantum_federated_simulator/experiments/results_bc/bc_experiment_results_20250609-072128.csv
2025-06-09 07:21:28,259 [INFO] BC_ExperimentRunner: All Breast Cancer Experiments Finished.
2025-06-09 07:21:28,259 [INFO] VisualizationIntegration: Generating advanced visualizations for BC experiments...
2025-06-09 07:21:28,260 [INFO] AdvancedVisualization: Advanced visualization initialized with output directory: /home/dhanraj/quantum_federated_simulator/experiments/advanced_vis_bc
2025-06-09 07:21:28,260 [INFO] AdvancedVisualization: Generating all visualizations...
2025-06-09 07:21:28,260 [INFO] AdvancedVisualization: Generating advanced accuracy curves...
2025-06-09 07:21:28,261 [INFO] AdvancedVisualization: Preparing round-by-round data for visualization...
2025-06-09 07:21:28,791 [INFO] AdvancedVisualization: Figure saved to: /home/dhanraj/quantum_federated_simulator/experiments/advanced_vis_bc/learning_curves/advanced_accuracy_vs_round.png
2025-06-09 07:21:29,727 [INFO] AdvancedVisualization: Figure saved to: /home/dhanraj/quantum_federated_simulator/experiments/advanced_vis_bc/learning_curves/advanced_accuracy_vs_round_detailed.png
2025-06-09 07:21:30,199 [INFO] AdvancedVisualization: Generating advanced loss curves...
2025-06-09 07:21:30,199 [INFO] AdvancedVisualization: Preparing round-by-round data for visualization...
2025-06-09 07:21:30,778 [INFO] AdvancedVisualization: Figure saved to: /home/dhanraj/quantum_federated_simulator/experiments/advanced_vis_bc/learning_curves/advanced_loss_vs_round.png
2025-06-09 07:21:30,934 [INFO] AdvancedVisualization: Generating accuracy vs resources plots...
2025-06-09 07:21:30,934 [INFO] AdvancedVisualization: Preparing round-by-round data for visualization...
2025-06-09 07:21:31,543 [INFO] AdvancedVisualization: Figure saved to: /home/dhanraj/quantum_federated_simulator/experiments/advanced_vis_bc/resource_analysis/advanced_accuracy_vs_time.png
2025-06-09 07:21:32,263 [INFO] AdvancedVisualization: Figure saved to: /home/dhanraj/quantum_federated_simulator/experiments/advanced_vis_bc/resource_analysis/advanced_accuracy_vs_communication.png
2025-06-09 07:21:32,446 [INFO] AdvancedVisualization: Generating comparative bar plots...
2025-06-09 07:21:32,446 [INFO] AdvancedVisualization: Preparing experiment metadata for visualization...
2025-06-09 07:21:32,984 [INFO] AdvancedVisualization: Figure saved to: /home/dhanraj/quantum_federated_simulator/experiments/advanced_vis_bc/comparative_analysis/advanced_accuracy_comparison.png
2025-06-09 07:21:33,605 [INFO] AdvancedVisualization: Figure saved to: /home/dhanraj/quantum_federated_simulator/experiments/advanced_vis_bc/comparative_analysis/advanced_time_comparison.png
2025-06-09 07:21:34,530 [INFO] AdvancedVisualization: Figure saved to: /home/dhanraj/quantum_federated_simulator/experiments/advanced_vis_bc/comparative_analysis/advanced_communication_comparison.png
2025-06-09 07:21:34,649 [INFO] AdvancedVisualization: Generating model comparison matrix...
2025-06-09 07:21:34,649 [INFO] AdvancedVisualization: Preparing experiment metadata for visualization...
2025-06-09 07:21:35,716 [INFO] AdvancedVisualization: Figure saved to: /home/dhanraj/quantum_federated_simulator/experiments/advanced_vis_bc/comparative_analysis/model_comparison_matrix.png
2025-06-09 07:21:35,944 [INFO] AdvancedVisualization: Generating heatmap analysis...
2025-06-09 07:21:35,944 [INFO] AdvancedVisualization: Preparing experiment metadata for visualization...
2025-06-09 07:21:36,321 [INFO] AdvancedVisualization: Figure saved to: /home/dhanraj/quantum_federated_simulator/experiments/advanced_vis_bc/heatmap_analysis/accuracy_heatmap_by_model_agg.png
2025-06-09 07:21:36,866 [INFO] AdvancedVisualization: Figure saved to: /home/dhanraj/quantum_federated_simulator/experiments/advanced_vis_bc/heatmap_analysis/accuracy_heatmap_by_model_data.png
2025-06-09 07:21:37,410 [INFO] AdvancedVisualization: Figure saved to: /home/dhanraj/quantum_federated_simulator/experiments/advanced_vis_bc/heatmap_analysis/time_heatmap_by_model_agg.png
2025-06-09 07:21:37,535 [INFO] AdvancedVisualization: Generating statistical analysis...
2025-06-09 07:21:37,535 [INFO] AdvancedVisualization: Preparing experiment metadata for visualization...
2025-06-09 07:21:38,761 [INFO] AdvancedVisualization: Figure saved to: /home/dhanraj/quantum_federated_simulator/experiments/advanced_vis_bc/statistical/statistical_analysis.png
2025-06-09 07:21:39,093 [INFO] AdvancedVisualization: Statistical test results saved to /home/dhanraj/quantum_federated_simulator/experiments/advanced_vis_bc/statistical/statistical_tests.txt
2025-06-09 07:21:39,093 [INFO] AdvancedVisualization: Generating combined visualization dashboard...
2025-06-09 07:21:39,093 [INFO] AdvancedVisualization: Preparing experiment metadata for visualization...
2025-06-09 07:21:39,094 [INFO] AdvancedVisualization: Preparing round-by-round data for visualization...
2025-06-09 07:21:41,809 [INFO] AdvancedVisualization: Figure saved to: /home/dhanraj/quantum_federated_simulator/experiments/advanced_vis_bc/dashboard/experiment_dashboard.png
2025-06-09 07:21:42,412 [INFO] AdvancedVisualization: All visualizations generated successfully!
2025-06-09 07:21:42,412 [INFO] VisualizationIntegration: All advanced visualizations generated successfully in /home/dhanraj/quantum_federated_simulator/experiments/advanced_vis_bc
2025-06-09 07:21:42,412 [INFO] BC_ExperimentRunner: Script for Breast Cancer experiments finished.
